# Blender 5.0.1
# www.blender.org
mtllib blucifer0019.mtl
o blucifer
v 0.771922 4.048992 -0.616709
v 0.277843 3.824389 -0.251858
v 0.305296 4.213586 -0.133250
v 1.073571 4.218198 0.013104
v 1.564541 4.361193 -0.517313
v 1.262795 5.246442 -0.214638
v 1.867935 5.673418 -0.464765
v 2.986907 3.769936 -0.945009
v 2.661223 6.434119 -1.496768
v 0.898858 3.660219 -0.845204
v 0.182248 3.613868 -0.598429
v 1.748949 3.980055 -0.722866
v 3.488610 5.330852 -1.667700
v 2.867852 4.838748 -1.031469
v 2.739291 5.962461 -1.074480
v 1.399558 5.341548 -0.277882
v 0.586583 4.192650 0.055709
v 0.335490 3.942549 -0.093931
v 0.749032 3.962942 0.007194
v 0.865479 4.157808 -0.346076
v 0.535744 3.829217 -0.437515
v 1.444178 4.666634 -0.362679
v 1.029027 4.746120 0.015038
v 1.112157 4.307290 -0.619681
v 1.509718 5.468941 -0.312104
v 2.876829 4.327301 -0.946441
v 2.174223 4.175320 -0.659669
v 2.261176 6.045340 -0.860673
v 0.508965 3.562690 -0.684606
v 1.182072 3.903563 -0.855640
v 2.426539 3.870470 -0.724394
v 1.598811 4.146583 -0.636859
v 0.879616 3.838092 -0.735425
v 0.243277 3.707239 -0.435655
v 3.027854 5.503579 -1.423617
v 2.614717 5.288287 -1.086445
v 2.328441 4.342437 -0.764425
v 3.164158 5.204589 -1.428235
v 2.175857 4.950211 -0.686075
v 2.619718 6.290121 -1.140401
v 1.399257 5.296509 -0.343220
v 2.056031 5.555901 -0.730791
v 0.353746 4.325642 -0.079659
v 0.905093 3.939407 0.096570
v 0.599237 3.932753 -0.202269
v 1.105308 4.498713 -0.353661
v 2.357897 5.438733 -0.924575
v 0.597286 3.651714 -0.580245
v 1.125877 4.107892 -0.756452
v 2.501772 4.463037 -0.821178
v 2.105058 4.071951 -0.624704
v 2.054215 4.373879 -0.663894
v 2.750534 5.174790 -1.132417
v 2.182673 5.778110 -0.674129
v 0.730099 3.996257 0.102023
v 2.874744 4.591657 -0.980931
v 1.851343 4.300082 -0.549179
v 2.148692 3.902936 -0.636055
v 1.724705 4.771109 -0.616334
v 2.313474 4.695913 -0.736673
v 1.916016 4.106484 -0.612986
v 1.719759 4.547156 -0.562403
v 2.113536 5.847120 -0.630796
v 1.714384 5.217939 -0.604080
v 2.992515 5.005929 -1.193368
v 1.741357 5.435532 -0.441397
v 1.734661 5.325708 -0.490607
v 2.419904 5.056828 -0.840393
v 1.874124 5.603168 -0.480825
v 0.041394 2.845365 0.820813
v 0.132418 4.211369 -0.481966
v 0.207680 2.251348 -1.065574
v 0.143769 2.814377 -1.263830
v 0.542432 3.244693 0.516796
v 0.391351 4.222989 -0.338095
v 0.153975 2.583528 -0.725478
v 0.575512 2.766663 -1.069519
v 0.088431 2.834199 1.061795
v 0.106478 4.149416 0.955729
v 0.744005 3.941897 0.771372
v 0.545739 4.322460 0.584251
v -0.068648 5.471865 0.256952
v 0.180639 5.609638 0.906620
v -0.221147 5.165411 1.034654
v -0.034745 5.383311 1.111235
v -0.120421 1.837984 -0.540075
v 0.060270 2.088878 -1.420407
v 0.529950 2.461178 -0.478812
v 0.732293 2.437838 -1.024924
v -0.282237 5.959029 0.869551
v -0.071788 5.865467 1.364522
v -0.538577 5.899945 1.534839
v -0.255361 5.773207 1.653150
v -0.789797 4.785621 1.510147
v -0.743826 4.817238 1.792972
v -1.021680 4.928492 1.838878
v -0.825976 4.961031 1.856698
v 0.339065 3.245436 0.863477
v 0.699362 3.873008 -0.125549
v 1.082482 3.659574 0.459858
v 0.718173 4.105756 0.134068
v 0.426202 4.165741 1.075255
v 1.115247 3.766714 0.772404
v 0.421468 3.992045 1.413016
v 0.987886 3.306812 1.247907
v 0.693622 4.415491 1.740074
v 0.685033 4.502092 1.820709
v 0.756009 4.450221 1.746274
v 0.743700 4.529277 1.817626
v -0.933200 4.768199 1.681702
v -0.871249 4.757605 1.763140
v -0.975602 4.815930 1.748296
v -0.847911 4.797408 1.835224
v -0.341132 5.235475 1.092039
v -0.546449 5.692307 1.782742
v -0.251371 5.402311 1.511592
v -0.715417 5.733852 1.703009
v 0.704954 4.119238 2.041090
v 0.719841 4.151695 2.300315
v 0.843947 4.111611 2.112392
v 0.847292 4.169962 2.385368
v 0.686818 3.909684 2.102762
v 0.692149 3.893458 2.438052
v 0.800909 3.919651 2.229138
v 0.872696 3.933797 2.511060
v 0.976951 4.233122 0.941429
v 1.079418 4.186379 1.235684
v 0.684618 4.331270 1.395740
v 0.543077 4.345292 1.113354
v 0.562744 4.508669 1.000816
v 0.864918 4.595637 1.052170
v 0.848690 4.730769 1.151331
v 0.593629 4.620456 1.180686
v -0.053429 2.591818 0.217832
v 0.202652 3.633117 -0.598523
v 0.495936 2.912927 -0.081186
v 0.696315 3.483460 -0.396097
v 0.074792 1.640669 -0.600327
v 0.104427 1.745133 -1.003790
v 0.491165 1.853452 -0.551810
v 0.449998 1.837258 -0.984625
v 0.041488 1.656359 -0.116316
v 0.219967 1.799285 -0.083254
v 0.151697 1.530065 -0.261145
v 0.329551 1.634919 -0.153147
v -0.210774 1.893960 -1.142741
v -0.178870 2.272688 -1.413344
v -0.112620 2.661306 -1.080993
v -0.131618 3.645669 -0.627142
v -0.147887 4.282941 -0.497023
v -0.220743 1.028491 -0.320102
v -0.086529 1.210987 -0.122854
v 0.054410 1.010142 -0.486614
v 0.194300 1.104737 -0.126679
v -0.135474 0.670341 0.130808
v -0.097288 0.725442 0.196411
v -0.034901 0.632775 0.095747
v -0.007537 0.680432 0.182151
v -0.185128 0.302756 0.528860
v -0.160488 0.323071 0.679518
v -0.110600 0.273631 0.491723
v -0.096380 0.308373 0.608644
v -0.164999 0.020204 0.591798
v -0.157492 0.032834 0.876514
v -0.024995 0.013375 0.553046
v -0.003856 0.019028 0.778025
v -0.730381 5.321349 1.789107
v -0.846377 5.429194 1.773025
v -0.622287 5.009538 1.370839
v -0.565619 4.995277 1.707003
v 0.168456 2.430321 -1.049497
v 0.903171 3.383776 0.955243
v -0.177389 1.935345 -0.950483
v 0.214113 2.582323 0.036823
v 0.431719 2.814634 0.523828
v 0.284134 2.461290 -0.953810
v -0.040263 2.454875 0.337760
v 1.029425 3.251667 0.655665
v 0.209200 3.190691 -0.938558
v 0.205313 2.406019 -0.853071
v 0.163659 2.362085 -1.088630
v 0.355338 2.852012 -1.216917
v 0.432678 2.621439 -0.684077
v 0.270673 2.536864 -0.526099
v 0.719134 3.713891 -0.305959
v 0.719229 3.626061 0.019459
v 0.594011 2.933360 0.384558
v 0.230858 4.240873 -0.454906
v 0.107488 3.514850 1.066978
v 0.690556 4.139570 0.675308
v 0.826480 3.714774 0.757958
v 0.401899 4.299193 0.842949
v 0.017357 2.685528 0.787332
v 0.296376 4.974695 0.736983
v 0.341661 4.599187 -0.219370
v 0.202953 5.588593 0.412521
v -0.154552 5.300351 1.110825
v -0.204804 5.744520 0.643895
v 0.132859 5.474715 0.996725
v 0.007266 4.827523 0.968220
v 0.197764 4.819994 -0.257297
v 0.571875 4.845867 0.140270
v -0.161326 1.852713 -1.040294
v 0.045850 2.156796 -0.517829
v 0.395489 2.141168 -1.290339
v 0.676576 2.488840 -0.700797
v 0.633318 2.521597 -1.169190
v 0.205439 2.511516 -1.489879
v -0.070004 5.946026 0.824459
v -0.396943 5.848816 1.647263
v -0.361924 6.037486 1.229135
v -0.114858 5.834086 1.566735
v -0.030496 5.773408 1.313102
v -0.170677 5.585899 1.530482
v -0.302980 5.279555 1.073910
v -0.750785 4.785891 1.670299
v -0.987318 4.912413 1.903090
v -0.767572 4.916762 1.811292
v -1.019745 4.847611 1.812221
v -0.820862 5.056460 1.856825
v -0.064651 5.479345 1.449571
v -0.951134 5.138736 1.815001
v 0.601830 2.959049 0.851429
v 0.742992 3.586940 0.053886
v 0.850244 3.969654 0.259130
v 0.689186 4.017312 -0.031289
v 0.408023 3.282752 0.536660
v 0.923126 3.777335 0.648827
v 0.648239 4.227920 0.256558
v 0.649586 3.962049 -0.196394
v 0.750374 3.919955 0.770264
v 0.593266 3.607296 1.387897
v 0.413841 4.080857 1.245646
v 1.186906 3.469136 1.044606
v 1.066147 3.193023 0.949070
v 0.262566 3.627485 1.254100
v 0.322015 3.849063 0.784619
v 1.012208 3.603094 0.784351
v 0.674819 4.451506 1.779411
v 0.760511 4.494713 1.780786
v 0.728751 4.417166 1.728071
v 0.714799 4.533889 1.837440
v 0.586192 4.616465 1.501396
v 1.041586 3.755112 1.323295
v 0.616861 4.181496 1.385492
v 0.572412 4.247731 1.033381
v -0.894435 4.755109 1.728894
v -0.889765 4.790991 1.813870
v -0.864932 4.783429 1.793309
v -0.949900 4.795139 1.710372
v -0.883397 4.863253 1.893838
v -0.786731 4.787297 1.796370
v -0.866774 4.770998 1.600654
v -0.458954 5.147482 1.210881
v -0.421102 5.698753 1.742488
v -0.384896 5.298323 1.572985
v -0.631522 5.833014 1.629335
v -0.281151 5.253350 1.245085
v -0.601120 5.710597 1.771414
v -0.346812 5.508302 1.656853
v 0.703027 4.115761 2.133192
v 0.883268 4.141182 2.257931
v 0.765397 4.112754 2.042769
v 0.760515 4.180924 2.419274
v 0.730520 4.325658 2.126748
v 0.806866 4.328456 2.150104
v 0.784976 4.326011 2.031374
v 0.715335 4.311517 2.014422
v 0.665663 3.901819 2.271872
v 0.841209 3.912591 2.388897
v 0.747663 3.901494 2.159473
v 0.784737 3.910656 2.518826
v 0.707421 3.972539 2.362809
v 0.882505 3.990219 2.442867
v 0.811022 3.975800 2.158373
v 0.669014 3.990191 1.998114
v 1.030863 3.913396 0.852614
v 0.998121 4.404216 1.139596
v 0.767493 4.521862 1.377817
v 0.519184 4.476694 1.244540
v 0.766356 4.360636 0.959478
v 0.551682 4.356948 1.299247
v 0.855508 4.249298 1.375031
v 1.132038 4.153999 1.056347
v 0.809727 4.387883 0.914040
v 0.722887 4.676183 1.479967
v 0.794471 4.564850 1.397975
v 0.661523 4.501789 1.416064
v 0.506156 4.569356 1.144059
v 0.725582 4.675626 1.166635
v 0.905059 4.701827 1.128988
v 0.737763 4.519128 0.981140
v -0.029327 2.440812 -0.797357
v 0.274223 3.875184 -0.501309
v 0.633969 3.066138 0.128340
v 0.605483 3.019470 -0.751533
v 0.469229 3.592999 -0.522908
v 0.101295 2.568249 0.124305
v 0.674995 3.284820 -0.069248
v 0.065761 1.675491 -0.827366
v 0.260688 1.672916 -0.618150
v 0.267797 1.767415 -1.021366
v 0.479625 1.824677 -0.792827
v 0.574794 2.031884 -1.056301
v 0.042212 1.854117 -1.157240
v -0.067332 1.697901 -0.545742
v 0.712998 2.277134 -0.339503
v 0.113190 1.744770 -0.081757
v 0.256469 1.555974 -0.226766
v 0.061105 1.578091 -0.201442
v 0.315708 1.745057 -0.101944
v 0.118430 1.614912 -0.437573
v -0.012307 1.778911 -0.297797
v 0.288413 2.145018 -0.313313
v 0.438349 1.813183 -0.345270
v -0.205506 1.852164 -1.040633
v -0.178210 1.849915 -1.112301
v -0.065079 2.192328 -1.475026
v -0.194247 2.048711 -1.265614
v -0.035926 2.746816 -1.198521
v -0.231357 2.520149 -1.359153
v 0.059194 3.663633 -0.670167
v 0.003216 3.210764 -0.917048
v 0.015973 4.168704 -0.509792
v -0.135838 3.831318 -0.441474
v 0.010488 4.813695 -0.610584
v -0.208504 1.151579 -0.196659
v 0.181000 0.978838 -0.328964
v -0.094311 0.999809 -0.467424
v 0.080580 1.196821 -0.070720
v 0.081334 1.326674 -0.156498
v 0.034370 1.420583 -0.270684
v -0.179255 1.428767 -0.220621
v -0.081682 1.444932 -0.061676
v -0.135060 0.707666 0.169092
v -0.001894 0.647101 0.137632
v -0.093476 0.640229 0.096991
v -0.045775 0.713019 0.203269
v 0.024178 0.823405 -0.235580
v -0.192509 0.887205 -0.124459
v -0.104602 0.961010 -0.024849
v 0.076099 0.904004 -0.042024
v -0.182385 0.317602 0.607341
v -0.089254 0.299927 0.535454
v -0.150377 0.273748 0.490105
v -0.125327 0.318174 0.679381
v -0.110536 0.565926 0.417164
v -0.040396 0.525989 0.406653
v -0.064498 0.462144 0.357871
v -0.138328 0.499664 0.375313
v -0.173480 0.006806 0.734342
v -0.000021 0.004240 0.640133
v -0.091039 0.000124 0.556619
v -0.074378 0.006852 0.875846
v -0.060175 0.112851 0.813432
v -0.062891 0.127370 0.602467
v -0.172498 0.117027 0.632374
v -0.164907 0.137581 0.867440
v -0.642365 5.531791 1.815583
v -0.790065 5.588057 1.751282
v -0.710496 4.866825 1.436755
v -0.652325 4.917191 1.772067
v -0.554492 4.959016 1.565974
v -0.785310 5.373522 1.790499
v -0.604328 5.172260 1.746899
v 0.263097 2.442494 -0.951471
v 0.590862 2.998598 1.081854
v -0.117013 2.035293 -0.902461
v 0.365809 2.651907 -0.052712
v 0.267776 2.814004 0.737826
v -0.008010 2.589616 -0.892656
v 0.167196 2.078656 -1.027145
v 0.512634 3.940101 0.990467
v 0.712868 3.497931 1.021048
v 0.277304 2.583763 0.261532
v 0.150158 2.590369 -0.934912
v 0.224841 2.610547 -0.767016
v -0.017512 1.990961 -1.052389
v 0.431061 2.529061 -1.362784
v 0.823089 3.307528 -0.202969
v 0.582799 3.489053 0.964384
v 0.146842 2.484763 0.292051
v 0.515756 3.858167 -0.441450
v 0.595780 4.109190 0.828919
v 0.109868 4.956222 0.921656
v 0.506524 3.205567 1.172835
v 0.005826 5.776365 0.625063
v 0.371930 4.891525 -0.111142
v 0.464384 4.902821 0.563590
v 0.319449 1.928962 -1.191840
v 0.333841 2.604637 -0.720011
v -0.179853 6.064322 1.389195
v -0.071216 5.650702 1.445584
v -0.720025 4.954866 1.806938
v -0.820312 4.819281 1.816402
v -0.920866 5.083390 1.833294
v -0.671598 4.843034 1.652526
v 0.843336 3.720589 0.085311
v 0.819112 4.079308 0.517675
v 0.673924 3.649018 -0.044733
v 0.706823 4.158453 -0.041197
v 0.626512 4.671619 1.511478
v 0.573172 3.588946 0.771862
v 1.126487 3.408958 0.842996
v 0.336470 3.610973 1.004966
v 0.772547 4.328953 2.165509
v 0.797052 4.627065 1.430834
v 0.737636 4.511343 1.392918
v 0.602056 4.548687 1.458913
v -0.905356 4.778000 1.759467
v -0.833480 4.764243 1.665041
v -0.954343 4.846482 1.878600
v -0.213339 5.281993 1.153726
v -0.492386 5.802973 1.729970
v -0.264512 5.611824 1.599053
v 0.797964 3.982932 2.483252
v 0.808944 4.327295 2.091204
v 0.747951 4.306736 2.007687
v 0.707932 4.328475 2.060513
v 0.744729 3.881612 2.369044
v 0.855137 3.993865 2.316450
v 0.764860 3.961375 2.032802
v 0.665298 3.970355 2.176405
v 0.753988 4.139112 0.892578
v 0.530812 4.279015 1.209274
v 0.796065 3.959838 1.429298
v 1.157658 3.747060 1.086396
v 0.557937 4.403394 1.063480
v 0.627639 4.533134 1.341508
v 0.885960 4.442792 1.327737
v 1.008729 4.396613 0.942270
v 0.365761 3.111110 -0.841569
v 0.012400 2.566162 -0.961396
v 0.574413 2.716263 -0.570877
v 0.262369 1.686450 -0.804346
v -0.079690 1.742103 -0.889971
v 0.755629 2.226208 -0.684287
v 0.004254 1.661658 -0.369034
v 0.092717 1.359603 -0.237711
v 0.092871 1.962286 -0.276150
v 0.492166 2.051496 -0.248598
v 0.270722 1.659527 -0.432783
v 0.168736 2.100178 -1.029822
v -0.201634 1.965618 -1.244283
v 0.014365 2.518958 -1.497098
v 0.106572 3.214618 -0.953685
v 0.109054 3.872771 -0.542727
v 0.084296 4.625884 -0.401003
v -0.108746 0.839723 -0.211240
v -0.081881 1.448501 -0.279097
v -0.154505 1.451978 -0.122490
v -0.017712 1.360006 -0.080922
v -0.069612 0.558872 0.420872
v -0.184789 0.937274 -0.061781
v -0.001249 0.941774 -0.012542
v 0.091998 0.870770 -0.126783
v -0.044378 0.109178 0.680679
v -0.038372 0.485950 0.380397
v -0.106798 0.466404 0.356657
v -0.139253 0.541974 0.399886
v -0.075702 -0.026418 0.684225
v -0.114656 0.122806 0.587306
v -0.194471 0.119740 0.775004
v -0.107624 0.124957 0.881149
v -0.350416 5.172439 1.499129
v -0.702222 5.552781 1.807569
v -0.474193 5.385913 1.706439
v 0.076676 2.544375 -0.728610
v 0.246379 2.205216 -0.667316
v 0.452959 3.536258 1.161844
v 0.451606 2.795560 0.301059
v 0.259201 2.547850 -0.821330
v 0.022274 2.040758 -1.021963
v -0.434772 5.627123 1.724002
v -0.298118 5.579983 1.624424
v -0.394536 5.649094 1.690000
v -0.140307 5.797057 1.549734
v -0.336653 5.675186 1.669234
v -0.245929 5.735165 1.614613
v -0.085122 5.810268 1.436061
v -0.235603 5.516143 1.538402
v -0.027212 5.659891 1.375482
v -0.144241 5.539106 1.457968
v 0.814164 3.738694 0.570740
v 0.457744 4.419864 0.276767
v 0.045992 5.400998 1.057204
v -0.425360 6.013705 1.312452
v -0.184473 5.807409 1.607142
v 1.010580 3.356605 0.490495
v 0.694263 4.052376 0.054822
v 0.899770 3.866522 0.767991
v 0.734482 3.420965 1.326694
v 0.679365 4.475615 1.798484
v 0.751608 4.511211 1.797963
v 0.728534 4.128022 2.204269
v 0.865037 4.156502 2.325845
v 0.676151 3.895749 2.356704
v 0.860932 3.917408 2.450761
v 0.865764 4.305458 0.933623
v 0.964337 4.226270 1.317281
v 0.514001 4.535765 1.079584
v 0.889235 4.656823 1.096093
v 0.766509 3.109207 1.087576
v 0.401051 4.969847 0.631174
v -0.298190 5.936022 1.532786
v -0.097415 5.609525 1.473484
v 0.845477 3.833499 0.172904
v 0.663018 4.259287 0.051521
v 0.720174 3.694973 0.798494
v 0.768024 4.650488 1.456089
v 0.592876 4.580598 1.479963
v 0.808225 4.328410 2.119455
v 0.718673 4.326531 2.093075
v 0.768618 3.882389 2.446098
v 0.873129 3.992379 2.382806
v 0.681223 3.976607 2.267815
v 0.878126 4.051888 0.849481
v 0.909907 3.856767 1.395538
v 0.664038 4.387862 0.986144
v 0.936302 4.420104 1.244423
v -0.195028 5.764333 1.579883
v -0.053683 5.590939 1.414176
v -0.140366 5.748664 1.417784
v -0.221927 5.632300 1.506895
v -0.151426 5.695611 1.469431
v -0.272862 5.662354 1.537134
v -0.203936 5.758933 1.508997
v -0.312503 5.708333 1.563577
v -0.265304 5.738526 1.539751
v -0.161880 5.770085 1.458402
v -0.185389 5.646314 1.491219
v -0.236231 5.750814 1.520991
v -0.576103 5.486809 1.785175
v -0.667953 5.267252 1.796902
v -0.776619 4.970272 1.805584
v -0.766934 5.017457 1.826429
v -0.891284 4.787328 1.635768
v -0.820690 4.784455 1.733298
v -0.852385 4.774718 1.702672
v -0.711121 4.907177 1.701916
v -0.584094 4.963706 1.641224
v -0.776163 4.820775 1.730479
v -0.839868 4.776216 1.726567
v -0.466667 5.124830 1.557472
v -0.022021 5.459654 1.253372
v -0.082368 5.342772 1.243356
v 0.035974 5.534474 1.209595
v 0.095490 5.597867 1.111200
v -0.170060 5.281636 1.391222
v -0.109297 5.319884 1.313425
v 0.017572 5.655776 1.309045
v -0.001845 5.565711 1.366031
v -0.810298 4.783689 1.726012
v -0.763991 4.815727 1.715354
v -0.691908 4.868927 1.693213
v -0.841754 4.773882 1.691656
v -0.829324 4.775381 1.717807
v -0.879808 4.786177 1.621275
v -0.726450 5.121591 1.831523
v -0.782302 5.162900 1.829380
v -0.587646 4.983888 1.754174
v -0.657055 5.064019 1.777590
v -0.896154 5.283817 1.790761
v -0.656323 4.943531 1.686541
v -0.855528 5.213870 1.803211
v -0.624329 4.885685 1.620156
v -0.668168 4.938884 1.406197
v -0.660405 4.893216 1.685839
v -0.871794 4.824508 1.622900
v -0.798198 4.818500 1.716106
v -0.824573 4.810397 1.690619
v -0.707019 4.920621 1.689993
v -0.601313 4.967664 1.639487
v -0.761144 4.848724 1.713761
v -0.814157 4.811643 1.710504
v -0.789551 4.817863 1.710044
v -0.751015 4.844522 1.701174
v -0.691031 4.888793 1.682751
v -0.815727 4.809701 1.681453
v -0.805383 4.810949 1.703216
v -0.862245 4.823549 1.610840
v -0.661418 4.950875 1.677198
v -0.664815 4.909004 1.676614
v -0.846495 4.860569 1.602533
v -0.774149 4.863372 1.677551
v -0.824018 4.852355 1.648645
v -0.639065 5.014654 1.638871
v -0.482438 5.084324 1.564075
v -0.719255 4.908146 1.674078
v -0.797792 4.853215 1.669251
v -0.761339 4.862429 1.668570
v -0.704249 4.901922 1.655434
v -0.615379 4.967500 1.628147
v -0.800117 4.850338 1.626214
v -0.784794 4.852187 1.658454
v -0.816222 4.857990 1.564439
v -0.571498 5.059463 1.619920
v -0.576538 4.997439 1.619059
v -0.852732 4.873655 1.614148
v -0.809857 4.880867 1.698564
v -0.848933 4.868864 1.660809
v -0.674775 5.032149 1.659876
v -0.518155 5.101820 1.585068
v -0.754964 4.925641 1.695089
v -0.833500 4.870709 1.690267
v -0.607211 5.076957 1.640921
v -0.475067 5.085375 1.514735
v -0.753976 4.863482 1.619213
v -0.696884 4.902973 1.606079
v -0.608012 4.968551 1.578797
v -0.788642 4.853720 1.582717
v -0.769381 4.853629 1.614723
v -0.799539 4.867215 1.546641
v -0.569170 4.998490 1.569713
v -0.510786 5.102873 1.535727
v 0.273148 2.593719 -0.662805
v 0.671839 3.295034 0.070123
v 0.103344 3.153426 1.121430
v 0.719257 4.051248 0.722030
v -0.149971 1.825735 -0.775360
v 0.598907 2.469290 -0.598468
v 0.591651 3.352924 0.450482
v 0.964852 3.827273 0.353679
v 0.589721 3.139371 0.022850
v 0.068835 1.656147 -0.693446
v 0.483336 1.842061 -0.666909
v -0.177997 1.987688 -1.108765
v 0.672603 3.565747 0.991850
v 0.216549 2.635714 -0.963099
v 0.706298 3.178084 -0.046795
v 0.717105 3.946453 0.785493
v 0.096785 2.660337 -0.836338
v 0.919314 3.421092 0.271580
v 0.856525 3.984716 0.591362
v 0.511309 3.391502 0.359200
v 0.478140 2.601406 -0.512397
v 0.260367 1.679283 -0.704130
v -0.077415 1.711685 -0.723449
v 0.732244 2.251363 -0.508707
v -0.181286 1.936404 -0.993840
v 0.514989 3.248255 1.162142
v 0.253136 2.488078 -0.845033
v 0.966943 3.619173 0.293613
v -0.437827 4.250145 -0.413792
v -0.229865 2.810153 -1.204556
v -0.754963 3.066287 0.188505
v -0.664724 4.171750 -0.192233
v -0.384139 2.653119 -0.831595
v -0.692434 2.929071 -0.951633
v -0.518821 3.679675 0.885102
v -0.459283 4.114757 0.855808
v -0.494343 5.483508 0.716586
v -0.378304 5.429039 0.908015
v -0.084308 1.710615 -1.010952
v -0.455407 2.211638 -1.450690
v -0.593709 2.343142 -0.309756
v -0.883504 2.594693 -0.829168
v -0.529852 5.942975 1.053500
v -0.742322 5.883502 1.267942
v -1.055595 4.893129 1.540068
v -1.061510 5.018366 1.665635
v -0.403253 3.133296 -0.011543
v -0.835114 3.989226 0.081929
v -1.016468 3.733659 0.457079
v -0.748179 3.998854 0.632909
v -0.493909 3.140059 0.601507
v -1.286294 3.510630 0.042967
v -0.637762 2.756589 0.574152
v -1.088048 2.916210 -0.073903
v -0.838257 2.900832 1.454135
v -0.835242 2.914531 1.570584
v -0.902033 2.924014 1.478295
v -0.894628 2.938907 1.582621
v -1.023340 4.794627 1.639765
v -1.083998 4.854877 1.643712
v -0.830340 5.761416 1.552452
v -0.704975 5.512729 1.143633
v -0.859586 2.418238 1.628383
v -0.874303 2.457011 1.896489
v -0.998409 2.416925 1.708566
v -1.001754 2.475275 1.981542
v -0.841280 2.215001 1.698936
v -0.846611 2.198775 2.034226
v -0.955371 2.224965 1.825312
v -1.027158 2.239110 2.107234
v -1.026091 3.481105 0.463668
v -1.252895 3.252684 0.573446
v -0.916477 3.051346 0.817705
v -0.686663 3.228842 0.747987
v -0.673472 3.482255 0.969431
v -0.943467 3.517770 1.012607
v -0.964275 3.488492 1.180115
v -0.732827 3.369512 1.123824
v -0.445853 3.534600 -0.610664
v -0.617226 2.787828 -0.089104
v -0.873971 3.278186 -0.433446
v -0.416523 1.580812 -1.133403
v -0.489995 1.852318 -1.315434
v -0.768618 1.795328 -0.756051
v -0.784013 1.995581 -1.136508
v -0.196718 1.360594 -0.727196
v -0.280245 1.506518 -0.492890
v -0.442142 1.331504 -0.836158
v -0.512225 1.403344 -0.560258
v -0.267047 1.302668 -1.287149
v -0.305303 1.346895 -1.054308
v -0.552896 1.372603 -1.315706
v -0.548323 1.274038 -1.028529
v -0.289944 0.772481 -1.062439
v -0.309682 0.785649 -0.981408
v -0.387214 0.761477 -1.089608
v -0.395005 0.757519 -0.997505
v -0.212037 0.253463 -0.900328
v -0.231532 0.266872 -0.735872
v -0.283575 0.235568 -0.946926
v -0.295432 0.254988 -0.809256
v -0.227006 -0.031019 -0.827027
v -0.234514 -0.018389 -0.542310
v -0.367011 -0.037848 -0.865778
v -0.388150 -0.032195 -0.640800
v -0.911242 5.365376 1.642394
v -0.953245 5.089634 1.392566
v 0.000433 2.385558 -0.977869
v -0.731848 3.263719 0.919794
v -0.320715 2.587948 0.082653
v -0.443385 2.727098 0.548009
v -0.202399 2.433314 -0.865714
v -0.983702 3.662421 0.059005
v -0.212612 3.192860 -0.922497
v -0.268716 2.477547 -0.834733
v 0.072042 2.330312 -1.024093
v 0.397659 2.833950 -1.186526
v -0.603332 2.790835 -0.750377
v -0.458822 2.713637 -0.717319
v -0.923406 3.672634 -0.158442
v -0.826011 3.606922 -0.011203
v -0.648661 2.879817 0.487911
v -0.520751 4.248936 -0.345057
v -0.527699 3.877461 0.901609
v -0.620094 3.565974 0.873969
v -0.204228 4.079561 1.009281
v -0.358917 4.850405 0.767596
v -0.646841 4.511802 -0.035272
v -0.393230 5.447496 0.347533
v -0.343312 5.337093 0.971502
v -0.426968 5.430151 0.822579
v -0.192082 4.845444 -0.196191
v -0.565562 4.713851 0.247190
v -0.203239 1.871392 -1.253507
v -0.228723 1.993837 -0.783644
v -0.718129 2.385707 -1.271401
v -0.752652 2.453157 -0.572091
v -0.801592 2.738980 -0.966597
v -0.513310 2.579270 -1.360842
v -0.393995 5.890043 0.723752
v -0.682600 5.918351 1.415541
v -0.694561 5.945784 1.132492
v -0.476984 5.870405 0.983289
v -0.684060 5.710868 1.114031
v -0.947446 4.833760 1.510772
v -1.092559 4.938030 1.817720
v -1.040779 4.983267 1.589669
v -1.035419 5.108688 1.682779
v -0.655285 5.623118 0.970455
v -0.887797 3.688533 -0.033463
v -0.814986 3.896662 0.113494
v -0.815163 3.860472 0.728604
v -0.754505 4.097795 0.485344
v -0.714658 3.125393 0.091080
v -0.750566 3.583100 0.647555
v -0.709359 4.130179 0.514132
v -0.826479 3.973332 -0.085772
v -0.783443 3.454306 0.227081
v -0.758300 2.758567 0.236842
v -0.542263 2.955739 0.648532
v -1.292399 3.118884 0.119328
v -1.138933 3.337674 0.078897
v -0.362144 2.816752 0.266032
v -0.348823 3.318380 0.236154
v -0.985236 3.346732 0.125735
v -0.821979 2.902127 1.509058
v -0.909204 2.935967 1.533639
v -0.873064 2.910430 1.444101
v -0.866520 2.929682 1.599709
v -0.713989 3.216944 1.415172
v -1.240157 2.915937 0.306644
v -0.846229 2.921246 0.694723
v -0.645742 3.233602 0.580808
v -0.987877 4.777855 1.653095
v -1.058753 4.832127 1.676788
v -1.045561 4.827399 1.646784
v -1.114864 4.919598 1.706074
v -1.060231 4.853873 1.574510
v -0.811124 5.793694 1.426106
v -0.770473 5.392181 1.260209
v -0.490527 5.304316 1.075243
v -0.805453 5.760338 1.605662
v -0.796444 5.617754 1.292115
v -0.857490 2.421077 1.729366
v -1.037730 2.446495 1.854104
v -0.920065 2.411216 1.629268
v -0.914977 2.486240 2.015448
v -0.884981 2.630973 1.722922
v -0.961327 2.633770 1.746279
v -0.939498 2.630781 1.627147
v -0.868523 2.629354 1.601885
v -0.820125 2.207136 1.868046
v -0.995671 2.217905 1.985071
v -0.902125 2.206810 1.755647
v -0.939199 2.215971 2.115000
v -0.861883 2.277856 1.958983
v -1.036967 2.295532 2.039041
v -0.965484 2.281115 1.754547
v -0.823522 2.292081 1.588084
v -1.126989 3.487736 0.215466
v -1.093544 3.370449 0.750934
v -0.953703 3.196525 1.008431
v -0.706244 3.242301 0.977665
v -0.773398 3.408032 0.594397
v -0.762467 3.110751 0.836280
v -1.081710 3.063850 0.707033
v -1.244453 3.410625 0.450705
v -0.851777 3.495544 0.684356
v -0.859660 3.284448 1.436612
v -0.934989 3.232350 1.282034
v -0.791048 3.165012 1.253663
v -0.650250 3.387866 1.088983
v -0.856165 3.419721 1.147380
v -0.996736 3.508938 1.139724
v -0.820735 3.519619 0.932105
v -0.584936 3.819157 -0.386192
v -0.770592 2.954263 0.154413
v -0.627431 3.065772 -0.683906
v -0.680903 3.433534 -0.551862
v -0.205913 2.592320 0.174892
v -0.774924 3.044149 -0.142030
v -0.437183 1.705526 -1.267145
v -0.610491 1.638151 -1.030172
v -0.644667 1.913486 -1.258945
v -0.779224 1.895658 -0.992004
v -0.857285 2.222166 -1.067569
v -0.441170 1.978986 -1.371143
v -0.215703 1.594574 -1.127498
v -0.785140 2.083991 -0.307034
v -0.191958 1.435637 -0.603868
v -0.523056 1.353094 -0.717610
v -0.301759 1.334183 -0.821709
v -0.415625 1.478940 -0.469876
v -0.431305 1.484020 -0.978446
v -0.147739 1.555922 -0.846275
v -0.365899 1.935245 -0.460136
v -0.651237 1.663380 -0.585245
v -0.205837 1.857192 -1.119367
v -0.323263 2.240727 -1.458354
v -0.163701 2.733883 -1.189213
v -0.318131 3.606174 -0.674909
v -0.346679 4.210132 -0.486139
v -0.233310 1.331902 -1.156550
v -0.601959 1.271969 -1.219693
v -0.415413 1.381428 -1.333253
v -0.431507 1.315464 -0.981583
v -0.525944 1.315012 -0.926994
v -0.481879 1.452222 -0.875091
v -0.273268 1.429971 -0.936944
v -0.310944 1.283890 -0.853971
v -0.281630 0.783965 -1.016477
v -0.409027 0.752731 -1.045562
v -0.334617 0.765661 -1.095004
v -0.355463 0.772973 -0.973094
v -0.475035 1.093995 -1.244073
v -0.271080 1.077910 -1.185233
v -0.315329 1.090402 -1.066764
v -0.470852 1.061112 -1.063331
v -0.210446 0.262027 -0.809531
v -0.302485 0.248472 -0.892367
v -0.246110 0.236303 -0.949385
v -0.266407 0.262527 -0.736477
v -0.286078 0.540661 -0.874932
v -0.351658 0.513237 -0.893375
v -0.337579 0.485391 -0.962028
v -0.268417 0.507263 -0.939359
v -0.218526 -0.044417 -0.684483
v -0.391985 -0.046983 -0.778692
v -0.300967 -0.051099 -0.862206
v -0.317628 -0.044371 -0.542979
v -0.331830 0.061628 -0.605393
v -0.328112 0.069232 -0.818417
v -0.219507 0.065804 -0.786451
v -0.227099 0.086358 -0.551384
v -0.891081 5.592337 1.613827
v -1.022575 5.007318 1.471725
v -0.832122 5.026596 1.340765
v -0.888723 5.398696 1.706612
v -0.934387 5.252604 1.479159
v -0.074857 2.392886 -0.871136
v -0.403618 3.004875 1.158509
v -0.466278 2.605700 -0.028693
v -0.197537 2.813654 0.806023
v -0.142055 2.608721 -0.946949
v -0.140526 2.095725 -0.881259
v -0.224016 3.736463 1.043151
v -0.872111 2.931365 0.144833
v -0.381409 2.555651 0.312287
v -0.208058 2.562328 -0.890660
v -0.528635 2.667278 -0.767630
v -0.297636 2.064390 -0.969857
v -0.672356 2.684007 -1.244777
v -1.008601 3.304960 -0.095080
v -0.617028 2.771629 0.695707
v -0.236870 2.478063 0.346377
v -0.800407 3.780325 -0.275703
v -0.370386 3.827839 0.964933
v -0.163516 4.909865 0.902071
v -0.721565 3.085663 -0.111581
v -0.363552 5.686063 0.542033
v -0.348790 4.839850 -0.048279
v -0.505704 4.706794 0.693115
v -0.684182 2.135718 -1.291443
v -0.611821 2.736789 -0.742515
v -0.611870 6.075877 1.150156
v -0.601858 5.779873 1.015133
v -1.033692 5.031219 1.552495
v -1.064560 4.878736 1.618270
v -0.989089 5.099997 1.777952
v -0.927492 4.905321 1.444950
v -0.853141 4.066215 0.504898
v -0.714009 3.863503 0.801280
v -0.803560 3.675729 -0.015692
v -0.832119 4.105115 0.164361
v -0.758024 3.260680 1.462497
v -0.602089 3.476593 0.159823
v -1.066985 3.331728 0.300221
v -0.334507 2.970800 0.593561
v -0.927008 2.634268 1.761683
v -0.937816 3.269336 1.356507
v -0.873528 3.187682 1.238049
v -0.728560 3.181645 1.329425
v -1.008473 4.803101 1.675819
v -0.935000 4.788954 1.582690
v -1.093542 4.880366 1.765683
v -0.407261 5.329197 0.996421
v -0.758017 5.867635 1.514492
v -0.726041 5.724170 1.224665
v -0.952426 2.288247 2.079425
v -0.963606 2.630496 1.688329
v -0.900847 2.629241 1.591745
v -0.862553 2.631753 1.657532
v -0.899191 2.186928 1.965218
v -1.009599 2.299177 1.912624
v -0.919322 2.266690 1.628976
v -0.819760 2.275673 1.772579
v -0.779537 3.414357 0.420103
v -0.689230 3.068630 0.697414
v -1.025526 2.857921 0.529935
v -1.335052 3.128733 0.172908
v -0.693033 3.346375 0.837332
v -0.821466 3.208267 1.038948
v -1.048353 3.217269 0.884380
v -1.036331 3.532815 0.654931
v -0.383664 3.103662 -0.805113
v -0.051434 2.559346 -0.974979
v -0.647267 2.870708 -0.633877
v -0.635195 1.739991 -1.177964
v -0.261104 1.756637 -1.288255
v -0.897629 2.224124 -0.630834
v -0.257135 1.480600 -0.968048
v -0.547099 1.397614 -0.909050
v -0.179429 1.731729 -0.641261
v -0.585741 1.841524 -0.343537
v -0.572687 1.541650 -0.853238
v 0.003557 2.102279 -0.904601
v -0.372316 2.541161 -1.398492
v -0.103319 3.219347 -0.942997
v -0.414040 3.813913 -0.457815
v -0.165670 4.677125 -0.352704
v -0.361338 1.088004 -1.249214
v -0.372198 1.475746 -0.905382
v -0.257974 1.350927 -0.894099
v -0.419721 1.270506 -0.891694
v -0.322622 0.533071 -0.870833
v -0.260188 1.086535 -1.119103
v -0.398906 1.073038 -1.043573
v -0.502659 1.079169 -1.133536
v -0.347628 0.057955 -0.738146
v -0.357748 0.493582 -0.931321
v -0.299752 0.489432 -0.965327
v -0.263301 0.529616 -0.901839
v -0.316304 -0.077641 -0.734600
v -0.276766 0.065271 -0.833856
v -0.197534 0.068517 -0.643821
v -0.284382 0.073735 -0.537676
v -0.742065 5.267774 1.181428
v -0.867704 5.593065 1.673331
v -0.857017 5.479103 1.395896
v -0.264618 2.627646 -0.848759
v -0.435764 2.140684 -0.753140
v -0.186843 3.501941 1.207955
v -0.551170 2.711181 0.346392
v -0.482786 2.582150 -0.744546
v -0.220907 2.111588 -0.948616
v -0.811714 5.718882 1.418231
v -0.753503 5.690835 1.255019
v -0.779988 5.742923 1.377325
v -0.671260 5.906929 1.143402
v -0.762503 5.778849 1.323788
v -0.717495 5.841565 1.242044
v -0.571018 5.913773 1.071420
v -0.700629 5.629341 1.161178
v -0.549235 5.780615 0.964781
v -0.633172 5.658122 1.061352
v -0.722722 3.664137 0.449476
v -0.532972 4.320535 0.547232
v -0.406181 5.409770 0.888965
v -0.716712 5.915989 1.200493
v -0.986028 3.741419 0.185915
v -0.736128 4.045811 0.588978
v -0.973802 3.509053 0.139496
v -0.866570 2.787137 0.085937
v -0.828009 2.907956 1.539324
v -0.901388 2.937260 1.557724
v -0.882997 2.433338 1.800443
v -1.019500 2.461815 1.922019
v -0.830613 2.201067 1.952879
v -1.015394 2.222721 2.046935
v -0.884295 3.480558 0.533160
v -1.167835 3.150065 0.650675
v -0.646466 3.427730 1.037091
v -0.974431 3.514332 1.086911
v -0.954350 3.201198 -0.099998
v -0.503015 4.786174 0.734540
v -0.620185 5.986723 1.304530
v -0.635576 5.740524 1.036933
v -0.834233 3.967456 0.621361
v -0.799366 4.177745 0.295820
v -0.710452 3.399384 0.280239
v -0.907420 3.275385 1.395306
v -0.719891 3.197619 1.370763
v -0.962864 2.631837 1.716591
v -0.873232 2.630686 1.689798
v -0.923080 2.187704 2.042272
v -1.027591 2.297692 1.978980
v -0.835685 2.281924 1.863989
v -0.916307 3.475390 0.334195
v -1.120323 2.873576 0.430855
v -0.757084 3.408953 0.759983
v -1.069386 3.280916 0.821853
v -0.692881 5.870524 1.194147
v -0.592015 5.721981 0.977486
v -0.536438 5.845077 1.096494
v -0.640184 5.734113 1.167609
v -0.598450 5.804426 1.106810
v -0.651845 5.754607 1.229706
v -0.623337 5.849024 1.183730
v -0.662469 5.788125 1.285988
v -0.644429 5.821107 1.243749
v -0.576412 5.862597 1.133644
v -0.627417 5.753913 1.132650
v -0.633334 5.833367 1.215912
v -0.886016 5.562252 1.533777
v -0.944221 5.334502 1.572796
v -1.018727 5.029206 1.609188
v -1.026638 5.080675 1.615760
v -0.995860 4.827095 1.591202
v -0.964468 4.802002 1.611751
v -0.949460 4.965194 1.508578
v -0.897010 5.039876 1.387391
v -0.990231 4.872884 1.556829
v -0.988679 4.812440 1.605853
v -0.791541 5.203911 1.293939
v -0.484071 5.564278 0.887146
v -0.496279 5.443516 0.907603
v -0.457383 5.632806 0.859601
v -0.458702 5.650220 0.842771
v -0.638858 5.395751 1.010939
v -0.564524 5.430692 0.944151
v -0.509277 5.771738 0.913574
v -0.562985 5.702126 0.912103
v -0.990905 4.827652 1.579507
v -0.979378 4.868155 1.540637
v -0.955247 4.933027 1.479598
v -0.956049 4.801702 1.598942
v -0.982377 4.812636 1.593653
v -1.008594 5.190270 1.602651
v -0.985663 5.212403 1.664416
v -0.997411 5.083633 1.421778
v -0.985388 5.143943 1.511250
v -0.933650 5.011038 1.461577
v -0.934434 5.233078 1.739203
v -0.892601 4.950986 1.402538
v -0.946580 4.962875 1.453699
v -0.973669 4.861213 1.573765
v -0.947546 4.840332 1.590865
v -0.935060 4.976131 1.505009
v -0.891412 5.038280 1.404163
v -0.968985 4.899317 1.545162
v -0.967693 4.849017 1.585957
v -0.969547 4.861676 1.564034
v -0.959954 4.895381 1.531687
v -0.939875 4.949365 1.480894
v -0.940541 4.840082 1.580206
v -0.962450 4.849181 1.575806
v -0.921903 5.014282 1.465896
v -0.932663 4.974202 1.459341
v -0.928482 4.900940 1.552357
v -0.896088 4.869898 1.590182
v -0.871293 5.071183 1.450491
v -0.806666 5.163248 1.301066
v -0.921546 4.957388 1.509981
v -0.919629 4.882873 1.570418
v -0.922376 4.901627 1.537940
v -0.908169 4.951559 1.490017
v -0.878430 5.031531 1.414765
v -0.879404 4.869637 1.561898
v -0.911861 4.883117 1.555380
v -0.851811 5.127696 1.392535
v -0.867751 5.068326 1.382831
v -0.937496 4.911937 1.595024
v -0.898797 4.881002 1.620359
v -0.880298 5.082178 1.493158
v -0.815658 5.174239 1.343737
v -0.930558 4.968385 1.552649
v -0.928645 4.893869 1.613086
v -0.860811 5.138689 1.435204
v -0.760968 5.154969 1.282816
v -0.876660 4.893344 1.519694
v -0.862456 4.943276 1.471771
v -0.832723 5.023249 1.396516
v -0.839241 4.866036 1.541672
v -0.872676 4.878772 1.530932
v -0.822047 5.060045 1.364583
v -0.769959 5.165961 1.325490
v -0.494025 2.712188 -0.793340
v -0.801541 3.304344 0.079506
v -0.522060 3.774476 0.888590
v -0.133362 1.781029 -1.146133
v -0.683698 2.403778 -0.435322
v -0.688262 3.558767 -0.014857
v -0.912669 3.783995 0.608683
v -0.675452 2.922396 -0.042825
v -0.420573 1.637158 -1.199062
v -0.761509 1.844570 -0.876452
v -0.431382 3.503783 1.084015
v -0.225432 2.575289 -0.878899
v -0.867146 3.131260 0.007679
v -0.490013 3.689183 0.891289
v -0.438413 2.626067 -0.807061
v -0.900861 3.955360 0.255378
v -0.701910 3.734469 0.805281
v -0.588084 3.380484 0.064446
v -0.565956 2.803640 -0.688671
v -0.622627 1.686147 -1.105084
v -0.237625 1.671539 -1.213913
v -0.841130 2.150968 -0.472095
v -0.166974 1.926763 -1.101009
v -0.269709 3.248317 1.244330
v -0.342010 2.557871 -0.806607
v -0.932421 3.897944 0.437937
v 0.559103 4.135825 0.152485
v 0.342202 4.083899 0.024324
v 0.190801 3.887982 -0.065695
v 0.126034 3.532114 -0.316282
v 0.483080 3.571328 -0.048782
v 0.674789 3.780391 0.086558
v 0.683895 4.003043 0.144339
v 0.628311 3.787507 0.018590
v 0.452002 3.601357 -0.121722
v 0.633506 4.050700 0.099996
v 0.648581 3.937906 0.111622
v 0.634952 3.774335 -0.010303
v 0.478149 3.633851 -0.165924
v 0.653260 4.028146 0.071055
v 0.699988 3.765837 -0.008574
v 0.527398 3.691631 -0.182743
v 0.740168 3.968170 0.087036
v 0.801211 3.789635 -0.003725
v 0.931234 3.856818 -0.018498
v 0.860947 3.954566 0.096369
v 0.612429 3.739241 -0.186654
v 0.762992 3.763156 -0.170256
v 0.451817 3.652375 -0.374969
v 0.299960 3.747687 -0.469369
v 0.363199 3.588538 -0.382857
v 0.580493 3.755136 -0.361702
v 0.460105 3.822748 -0.383107
v 0.745509 3.858567 -0.349403
v 0.897896 3.882955 -0.201607
v 0.653298 3.936293 -0.322262
v 0.866016 3.976902 -0.400260
v 0.771361 4.033381 -0.389295
v 0.976127 3.996941 -0.292961
v 0.938195 4.081372 -0.492112
v 0.981766 4.187906 -0.548635
v 0.832097 4.133492 -0.508213
v 1.036409 4.096573 -0.373270
v 1.092413 4.166403 -0.395210
v 1.064371 4.150378 -0.267147
v 1.101880 4.216913 -0.251216
v 1.044100 4.052840 -0.178197
v 1.047139 4.211529 -0.199875
v 1.067756 4.115884 -0.092752
v 1.043694 4.286803 -0.173455
v 1.001555 4.250812 -0.174126
v 0.975881 4.337151 -0.156084
v 1.046373 4.174930 -0.052102
v 0.920281 4.277362 -0.196989
v 0.878991 4.382531 -0.189824
v 0.971206 4.227293 -0.058466
v 0.830595 4.264746 -0.288082
v 0.811648 4.385025 -0.315468
v 0.860224 4.207782 -0.108211
v 0.784864 4.203266 -0.397929
v 0.768277 4.140994 -0.245241
v 0.802663 4.354532 -0.449177
v 0.861771 4.271600 -0.569003
v 0.824149 4.529445 -0.429785
v 0.831268 4.564825 -0.305710
v 0.894269 4.428312 -0.540835
v 0.999722 4.811382 -0.329238
v 0.972460 4.851106 -0.249682
v 1.059903 4.735425 -0.363945
v 1.145606 5.086895 -0.292441
v 1.301514 5.045749 -0.332254
v 1.188976 5.024016 -0.290077
v 1.110295 5.131620 -0.251483
v 1.075817 5.153066 -0.187740
v 1.264484 5.186989 -0.325720
v 1.247462 5.284926 -0.258576
v 1.319115 5.177637 -0.381875
v 1.424240 5.195467 -0.442351
v 1.355834 5.072090 -0.392820
v 1.314524 5.307067 -0.315695
v 1.331468 5.370548 -0.267037
v 1.420492 5.324393 -0.355905
v 1.458603 5.303931 -0.282560
v 1.465286 5.305263 -0.393661
v 1.396030 5.406906 -0.291686
v 1.633551 5.564944 -0.428189
v 1.573507 5.597581 -0.374134
v 2.616241 6.427539 -1.520848
v 1.684179 5.549953 -0.386867
v 2.614236 6.436728 -1.519810
v 1.632118 5.577949 -0.340447
v 2.606729 6.434300 -1.523531
v 1.434909 5.371016 -0.245271
v 1.366803 5.336064 -0.217245
v 1.312887 5.313620 -0.198830
v 1.370880 5.269696 -0.216045
v 1.282300 5.251354 -0.184515
v 1.394032 5.175550 -0.238801
v 1.412594 5.083919 -0.258790
v 1.315234 5.151604 -0.199253
v 1.466868 5.204414 -0.341447
v 1.487982 5.087873 -0.321774
v 1.506877 5.159076 -0.368845
v 1.493933 5.231682 -0.366956
v 1.492700 5.293607 -0.331910
v 1.455896 5.215839 -0.462230
v 1.655817 5.223317 -0.492495
v 1.613504 5.198425 -0.562675
v 1.786625 5.205044 -0.577389
v 1.684008 5.297715 -0.487739
v 1.831858 5.286515 -0.594654
v 1.654150 5.305383 -0.547414
v 1.811897 5.292619 -0.652035
v 1.991277 5.283604 -0.763292
v 1.744149 5.180412 -0.638256
v 1.903908 5.168391 -0.728950
v 2.119583 5.179550 -0.850969
v 1.939502 5.196920 -0.669582
v 2.165092 5.200796 -0.801779
v 1.999434 5.277666 -0.700212
v 2.231483 5.279996 -0.835588
v 2.415073 5.294422 -0.962300
v 2.205781 5.282151 -0.892385
v 2.380900 5.289990 -1.006656
v 3.519131 5.355181 -1.691653
v 2.317670 5.202173 -0.965987
v 3.515971 5.346473 -1.688898
v 3.484776 5.340454 -1.654315
v 3.521774 5.348093 -1.683016
v 3.524765 5.356524 -1.685852
v 1.473317 5.171809 -0.451880
v 1.523854 5.075833 -0.361028
v 1.836902 4.962934 -0.526936
v 1.854663 4.878694 -0.520361
v 2.249963 4.739810 -0.712283
v 1.799629 4.984982 -0.598892
v 2.216449 4.765584 -0.777489
v 1.812127 4.830565 -0.600327
v 1.484398 5.024791 -0.456751
v 2.224044 4.613003 -0.773182
v 2.242540 4.626588 -0.749017
v 1.833815 4.829996 -0.575021
v 2.678374 4.276267 -0.883634
v 2.239605 4.617373 -0.698511
v 1.528578 5.002572 -0.385395
v 2.273164 4.608040 -0.720560
v 2.263597 4.656863 -0.705708
v 2.690583 4.232182 -0.852935
v 2.703720 4.236449 -0.897317
v 2.882438 3.912015 -0.930278
v 2.718720 4.262239 -0.847476
v 2.907913 3.922608 -0.927657
v 2.776285 4.301981 -0.870372
v 2.965517 3.933065 -0.942635
v 2.799383 4.322455 -0.945464
v 2.967471 3.936478 -0.992064
v 2.666980 4.244875 -0.918837
v 2.877321 3.914470 -0.978737
v 3.015250 3.741821 -0.961140
v 2.901262 3.932795 -0.961877
v 2.988313 3.737837 -0.951764
v 2.996004 3.740450 -0.948247
v 3.020809 3.743547 -0.953758
v 3.042628 3.748661 -0.958923
v 3.036372 3.747950 -0.965801
v 1.499897 5.001777 -0.347682
v 1.417709 5.004375 -0.300305
v 1.484917 5.018095 -0.428557
v 1.384789 4.997597 -0.377951
v 1.455850 5.047150 -0.437633
v 1.343255 5.016116 -0.251637
v 1.211265 4.988226 -0.217712
v 1.333660 5.063524 -0.221868
v 1.182044 5.004324 -0.154364
v 1.144613 4.668472 -0.180605
v 1.133397 5.055713 -0.123180
v 1.101320 4.717394 -0.086519
v 1.092777 5.104571 -0.127125
v 1.079907 5.127992 -0.143551
v 1.040944 4.777878 -0.059604
v 1.022260 4.441997 -0.096914
v 0.998657 4.821947 -0.079646
v 0.954971 4.502629 -0.097566
v 0.970100 4.855482 -0.145723
v 0.883944 4.557965 -0.166434
v 1.104138 4.356538 -0.168189
v 1.123830 4.297360 -0.332964
v 1.026342 4.330824 -0.504156
v 1.125902 4.673332 -0.303655
v 1.286690 5.340778 -0.241064
v 2.608493 6.425008 -1.525445
v 0.711739 4.094004 -0.066928
v 0.492628 4.070783 -0.149281
v 0.835413 4.272021 -0.030977
v 0.574790 4.429010 -0.264813
v 0.975993 4.228773 0.055247
v 0.798560 4.339336 -0.014776
v 1.061660 4.120566 0.061863
v 0.966882 4.094236 0.096039
v 1.075861 4.038326 0.017157
v 0.994857 3.968230 0.069590
v 1.028048 3.946470 -0.065654
v 0.782068 4.142769 0.074579
v 0.635546 4.150227 0.038659
v 0.484934 4.448221 -0.225185
v 0.304785 4.371136 -0.311229
v 0.292628 4.265344 -0.410391
v 0.170397 4.149896 -0.349394
v 0.250167 3.975886 -0.358322
v 0.125935 3.847717 -0.363863
v 0.070144 3.790003 -0.314677
v 0.168407 3.674627 -0.481303
v 0.110520 3.617388 -0.455128
v 0.102269 3.569186 -0.398475
v 0.305912 3.548166 -0.374006
v 0.268638 3.513922 -0.349011
v 0.262895 3.472377 -0.294941
v 0.121914 3.696928 -0.176874
v 0.072917 3.742799 -0.249733
v 0.146360 3.959232 -0.137573
v 0.131507 4.051245 -0.231227
v 0.316752 4.139006 -0.051888
v 0.272583 4.277248 -0.218014
v 0.528843 4.160461 0.057329
v 0.666785 4.123807 0.175719
v 0.542101 4.185248 0.010213
v 2.247647 6.023667 -0.832048
v 2.260370 6.057194 -0.820083
v 2.228963 6.057964 -0.802539
v 2.212734 6.025452 -0.807703
v 2.013877 5.739980 -0.561616
v 2.054399 5.728413 -0.529840
v 2.012094 5.750590 -0.493506
v 1.966548 5.766397 -0.520228
v 2.391730 6.214259 -1.184084
v 2.417280 6.225731 -1.181555
v 2.411942 6.249054 -1.181505
v 2.389321 6.238911 -1.183446
v 2.949672 5.322248 -1.349363
v 2.919760 5.271905 -1.321929
v 3.503275 5.344273 -1.668666
v 2.969697 5.325545 -1.324380
v 2.621802 5.234964 -1.138936
v 3.494025 5.342363 -1.661490
v 2.665759 5.305670 -1.177163
v 2.692347 5.309980 -1.143364
v 2.481874 4.420111 -0.786747
v 2.491160 4.459551 -0.776592
v 2.513124 4.520896 -0.791328
v 2.507917 4.544020 -0.861477
v 2.445513 4.428940 -0.846009
v 2.691047 4.256358 -0.890475
v 2.043432 4.851372 -0.619610
v 2.008039 4.875283 -0.688190
v 2.018085 4.721784 -0.686754
v 2.460457 4.451427 -0.816325
v 2.256384 4.612706 -0.709536
v 2.058802 4.767730 -0.613722
v 1.825505 0.995062 -2.108311
v 1.623954 0.708809 -2.072338
v 2.037018 0.675732 -1.642336
v 1.773116 0.846109 -1.928438
v 1.778038 0.825535 -2.011139
v 1.892997 0.864509 -1.923008
v 1.790292 0.726889 -1.908055
v 1.832443 0.807285 -1.868878
v 1.918027 0.717930 -1.784813
v 1.900048 0.763367 -1.792581
v 1.949506 0.759683 -1.789078
v 1.842185 0.787012 -1.999920
v 1.880847 0.765397 -1.921708
v 1.933258 0.734627 -1.828828
v 1.967283 0.707564 -1.731466
v 1.972210 0.716425 -1.718578
v 1.978400 0.722309 -1.732972
v 1.983643 0.706531 -1.731057
v -0.108811 2.870551 -1.203864
v 0.021471 2.738749 -1.199991
v -0.107062 2.610594 -1.237621
v -0.237343 2.742397 -1.241493
v -0.069496 2.869805 -1.449099
v 0.048678 2.745243 -1.416024
v -0.077289 2.624122 -1.422099
v -0.195463 2.748684 -1.455174
v -0.039403 2.810047 -1.642018
v 0.065806 2.704065 -1.573396
v -0.059934 2.602602 -1.540472
v -0.163662 2.707300 -1.610192
v -0.015209 2.684506 -1.775575
v 0.063486 2.607930 -1.668752
v -0.067474 2.553303 -1.611366
v -0.146989 2.632522 -1.716784
v 0.008258 2.558977 -1.840410
v 0.058791 2.495776 -1.722691
v -0.069669 2.451572 -1.684993
v -0.122184 2.503152 -1.813323
v 0.056351 2.429488 -1.910256
v 0.098930 2.383410 -1.793072
v -0.015224 2.317116 -1.776692
v -0.058116 2.363100 -1.893857
v 0.127775 2.282560 -1.979142
v 0.163664 2.248781 -1.867206
v 0.056476 2.192523 -1.849847
v 0.020489 2.226569 -1.961679
v 0.188250 2.107265 -2.035626
v 0.210598 2.074531 -1.931193
v 0.104971 2.040544 -1.919042
v 0.082415 2.073255 -2.023593
v 0.242319 1.929067 -2.085967
v 0.247205 1.898385 -1.989660
v 0.151847 1.864865 -1.995324
v 0.146887 1.895468 -2.091781
v 0.324948 1.765406 -2.125944
v 0.319834 1.737422 -2.039745
v 0.245561 1.689353 -2.059690
v 0.250825 1.717000 -2.146028
v 0.442776 1.626210 -2.158049
v 0.439577 1.599967 -2.082250
v 0.384433 1.545598 -2.103401
v 0.387623 1.571851 -2.179196
v 0.573394 1.510869 -2.194066
v 0.576343 1.483079 -2.130118
v 0.532030 1.432971 -2.149898
v 0.529300 1.460627 -2.213878
v 0.698817 1.442624 -2.250096
v 0.712626 1.403456 -2.207884
v 0.682943 1.361302 -2.237027
v 0.668929 1.400504 -2.279318
v 0.831570 1.400998 -2.310025
v 0.830212 1.362693 -2.270910
v 0.802342 1.329617 -2.305006
v 0.805889 1.367239 -2.344447
v 0.928771 1.343019 -2.326235
v 0.911979 1.311521 -2.290773
v 0.893339 1.281202 -2.326729
v 0.907472 1.314272 -2.362218
v 0.996285 1.306205 -2.326839
v 0.983571 1.275707 -2.294664
v 0.973458 1.245211 -2.328069
v 0.985599 1.275906 -2.360252
v 1.068159 1.282712 -2.321310
v 1.058338 1.254106 -2.291704
v 1.054250 1.224677 -2.321561
v 1.064206 1.252991 -2.351015
v 1.149833 1.264942 -2.311068
v 1.141173 1.239478 -2.284440
v 1.139564 1.212419 -2.310869
v 1.148348 1.237857 -2.337492
v 1.238237 1.244667 -2.297211
v 1.229195 1.222410 -2.274143
v 1.226784 1.198545 -2.297469
v 1.235900 1.220786 -2.321150
v 1.328812 1.215191 -2.284676
v 1.319133 1.196326 -2.264201
v 1.314310 1.176331 -2.285463
v 1.323896 1.195218 -2.305366
v 1.422102 1.167993 -2.276778
v 1.411750 1.152676 -2.259899
v 1.401790 1.138741 -2.278273
v 1.412327 1.153787 -2.295287
v 1.504743 1.079187 -2.285012
v 1.493476 1.069576 -2.270457
v 1.481426 1.061330 -2.285222
v 1.492702 1.070930 -2.299777
v 1.585548 0.965240 -2.270831
v 1.574195 0.960514 -2.259861
v 1.568755 0.949358 -2.270328
v 1.580314 0.953871 -2.281211
v 1.697922 0.880010 -2.144794
v 1.687711 0.877491 -2.138594
v 1.687675 0.866205 -2.143236
v 1.697890 0.868723 -2.149432
v 1.822724 0.801890 -1.935055
v 1.815734 0.800492 -1.931586
v 1.815319 0.793439 -1.935190
v 1.822310 0.794825 -1.938665
v -0.055610 5.325723 0.275656
v -0.170219 5.684399 0.671340
v -0.153469 4.215670 -0.482015
v 0.001430 2.730223 -0.945250
v -0.087645 3.468147 -0.573151
v -0.223727 5.682766 0.016347
v -0.328623 6.055830 0.394503
v -0.206385 4.651196 -0.851620
v 0.054751 3.175707 -1.328245
v -0.246345 3.824527 -1.131781
v 0.013574 4.798568 -0.249178
v -0.102834 5.180502 -0.570438
v -0.113883 3.763652 -0.385240
v -0.272739 4.225353 -1.033018
v 0.002791 3.194723 -0.736760
v -0.140744 3.610508 -1.176629
v -0.099327 5.509916 0.480626
v -0.108970 5.891622 0.217615
v -0.051229 2.738386 -1.099494
v 0.036156 5.074944 -0.074179
v -0.035159 5.468935 -0.225595
v -0.056445 4.517599 -0.299887
v -0.008795 4.871918 -0.841156
v -0.121821 3.927816 -0.310127
v -0.107685 4.486686 -1.000949
v -0.122848 3.636404 -0.511112
v -0.115245 3.958116 -1.123546
v -0.053475 3.322528 -0.591176
v -0.054590 3.707389 -1.140460
v 0.051709 3.022898 -0.924907
v 0.050960 3.479289 -1.261087
v -0.249931 5.810969 0.803964
v -0.334357 6.364718 0.718215
v -0.324538 6.027568 1.063596
v -0.408725 6.386487 1.147613
v -0.580608 5.871314 1.614404
v -0.106723 3.544915 -0.554600
v -0.066500 5.418861 0.376061
v 0.067660 2.873472 -0.941368
v -0.113249 4.362175 -0.385181
v -0.167576 3.863258 -1.145524
v -0.154607 5.794050 0.098308
v -0.010729 3.380490 -1.329626
v -0.117473 4.760971 -0.870061
v 0.036287 4.937516 -0.190012
v -0.064218 5.323560 -0.407159
v -0.107165 3.803578 -0.333009
v -0.192232 4.380876 -1.036146
v -0.029158 3.281099 -0.670127
v -0.098625 3.643819 -1.158981
v -0.134617 5.602138 0.576191
v -0.206063 5.963125 0.307370
v -0.089957 2.677403 -1.060326
v 0.045609 2.844965 -1.155908
v 0.000912 5.209798 0.098946
v -0.140574 5.585849 -0.084038
v -0.014002 4.661449 -0.252273
v -0.041196 5.026854 -0.735102
v -0.161261 4.079410 -0.428189
v -0.160291 4.546269 -0.942858
v -0.123616 3.710601 -0.450083
v -0.206714 4.092688 -1.079597
v -0.070678 3.401028 -0.576750
v -0.154747 3.773967 -1.134009
v 0.026542 3.142389 -0.849724
v -0.040111 3.559136 -1.203754
v -0.266337 6.008959 0.354211
v -0.350024 6.215127 0.533000
v -0.271490 5.929192 0.943427
v -0.359156 6.416683 0.930070
v -0.393498 6.084339 1.251851
v -0.046832 6.345689 1.596602
v -0.325358 5.940520 1.394092
v 0.130722 6.258115 1.659836
v -0.186826 5.856694 1.414196
v -0.294006 5.784877 1.568993
v 0.049366 6.207199 1.786373
v -0.413774 5.882723 1.531332
v -0.122046 6.299745 1.716413
v 0.472961 6.388878 1.388630
v 0.528859 6.360611 1.413688
v 0.517535 6.366735 1.449759
v 0.463168 6.396247 1.423018
v 0.679671 6.576727 1.267955
v 0.687231 6.568804 1.279153
v 0.696508 6.577359 1.282962
v 0.688949 6.585282 1.271764
v 0.056614 6.310986 1.605133
v -0.238408 5.910286 1.377378
v -0.218380 5.802106 1.499053
v -0.305170 6.127800 1.674486
v -0.051025 6.244393 1.774496
v -0.370389 5.823037 1.575816
v -0.141155 6.025727 1.736718
v -0.217524 6.184943 1.538238
v 0.122767 6.215768 1.735582
v -0.392452 5.929643 1.456043
v -0.040857 6.092594 1.587950
v -0.117147 6.339600 1.644013
v 0.502889 6.373479 1.394555
v 0.488372 6.382755 1.442995
v 0.533535 6.358255 1.436578
v 0.457728 6.397980 1.400966
v 0.292972 6.296294 1.648907
v 0.340921 6.318113 1.565608
v 0.172271 6.358492 1.597327
v 0.215813 6.376732 1.518865
v 0.690181 6.592089 1.267354
v 0.702125 6.601460 1.271128
v 0.700158 6.592093 1.276138
v 0.692148 6.601457 1.262345
v 0.623500 6.484514 1.301664
v 0.630961 6.497626 1.312403
v 0.649214 6.484395 1.327812
v 0.641946 6.471439 1.316863
v -0.292489 6.175189 1.595116
v -0.113741 6.148775 1.538416
v -0.240002 6.065734 1.731590
v 0.339996 6.295876 1.616469
v -0.060924 6.039525 1.674574
v 0.624708 6.495456 1.303529
v 0.224040 6.323638 1.638287
v 0.286939 6.351179 1.527077
v 0.171001 6.378938 1.548873
v 0.713080 6.638180 1.256192
v 0.642337 6.495291 1.321438
v 0.649691 6.477423 1.324616
v 0.632062 6.477587 1.306708
v -0.551517 6.468540 1.187207
v -0.429208 5.965800 1.309850
v -0.665314 6.451889 1.014099
v -0.494774 5.931656 1.164392
v -0.643729 5.870008 1.285301
v -0.785898 6.410522 1.108815
v -0.560692 5.918486 1.412153
v -0.665348 6.431997 1.275692
v -0.428371 6.608282 0.657478
v -0.469260 6.603577 0.604023
v -0.499737 6.614362 0.624557
v -0.457157 6.620275 0.676459
v -0.295143 6.814019 0.477196
v -0.309213 6.811361 0.470848
v -0.311913 6.822832 0.464941
v -0.297843 6.825490 0.471288
v -0.586446 6.467521 1.083490
v -0.436304 5.958458 1.216846
v -0.585220 5.891403 1.201476
v -0.644336 6.210361 1.399359
v -0.747605 6.413957 1.209436
v -0.626781 5.885448 1.367833
v -0.759068 6.176142 1.235472
v -0.513847 6.257075 1.297863
v -0.747569 6.427628 1.029573
v -0.479774 5.950899 1.385209
v -0.616078 6.232616 1.121336
v -0.586457 6.453840 1.263313
v -0.443261 6.603794 0.627047
v -0.484005 6.619453 0.654213
v -0.492323 6.607973 0.604411
v -0.434937 6.615274 0.676845
v -0.670877 6.530916 0.867042
v -0.593891 6.545668 0.807297
v -0.584644 6.542742 0.983325
v -0.512516 6.554024 0.928052
v -0.291951 6.831161 0.470658
v -0.294825 6.844141 0.462411
v -0.301890 6.836015 0.463286
v -0.284886 6.839290 0.469784
v -0.343883 6.719997 0.516933
v -0.351539 6.736789 0.515408
v -0.372853 6.733190 0.498721
v -0.364985 6.716549 0.500050
v -0.558006 6.239822 1.379731
v -0.541356 6.252866 1.191539
v -0.726608 6.184185 1.336860
v -0.648093 6.536399 0.814941
v -0.709656 6.197441 1.148329
v -0.342741 6.730954 0.518743
v -0.641744 6.534389 0.935971
v -0.539228 6.552287 0.856898
v -0.532862 6.550274 0.977905
v -0.272108 6.877997 0.457016
v -0.362610 6.739918 0.506234
v -0.371889 6.726099 0.495920
v -0.352022 6.717135 0.508429
v -0.552370 5.006350 1.594561
v -0.582857 5.069129 1.650983
v -0.635628 4.918613 1.647207
v -0.666114 4.981392 1.703628
v -0.728565 4.849675 1.673702
v -0.759052 4.912454 1.730124
v -0.817035 4.810031 1.670014
v -0.847522 4.872810 1.726436
v -0.887567 4.805717 1.636705
v -0.918054 4.868496 1.693127
v -0.929425 4.837389 1.578845
v -0.959911 4.900168 1.635267
v -0.936235 4.900227 1.505243
v -0.966721 4.963005 1.561665
v -0.906960 4.984662 1.427104
v -0.937447 5.047441 1.483526
v -0.846059 5.077841 1.356324
v -0.876546 5.140620 1.412746
v -0.228220 5.711210 1.476602
v -0.245460 5.659820 1.495265
v -0.247632 5.636746 1.521655
v -0.211256 5.705111 1.540310
v -0.247340 5.693174 1.491905
v -0.262256 5.677421 1.509729
v -0.270701 5.666347 1.527359
v -0.271386 5.661639 1.542110
v -0.264209 5.664013 1.551739
v -0.250261 5.673108 1.554778
v -0.231667 5.687540 1.550764
v -0.251134 5.707471 1.496282
v -0.269267 5.703837 1.517816
v -0.279861 5.700861 1.537925
v -0.281301 5.698996 1.553548
v -0.273369 5.698527 1.562305
v -0.257272 5.699524 1.562865
v -0.235461 5.701836 1.555141
v -0.248615 5.722707 1.496035
v -0.264614 5.731989 1.517360
v -0.273781 5.737644 1.537330
v -0.274720 5.738810 1.552903
v -0.267289 5.735310 1.561710
v -0.252619 5.727676 1.562409
v -0.232943 5.717072 1.554894
v -0.240459 5.734799 1.491231
v -0.249544 5.754334 1.508483
v -0.254091 5.766839 1.525731
v -0.253407 5.770411 1.540348
v -0.247598 5.764504 1.550111
v -0.237548 5.750021 1.553531
v -0.224786 5.729165 1.550090
v -0.228851 5.740510 1.483156
v -0.228094 5.764884 1.493563
v -0.226065 5.780624 1.506237
v -0.223073 5.785332 1.519248
v -0.219573 5.778290 1.530616
v -0.216098 5.760571 1.538611
v -0.213178 5.734875 1.542015
v -0.216900 5.738307 1.473975
v -0.206012 5.760814 1.476598
v -0.197214 5.775306 1.484071
v -0.191845 5.779574 1.495256
v -0.190722 5.772970 1.508450
v -0.194017 5.756501 1.521646
v -0.201227 5.732672 1.532834
v -0.207810 5.728781 1.466147
v -0.189216 5.743213 1.462134
v -0.175268 5.752307 1.465172
v -0.168091 5.754682 1.474801
v -0.168776 5.749973 1.489552
v -0.177220 5.738899 1.507182
v -0.192137 5.723145 1.525005
v -0.204016 5.714485 1.461770
v -0.182205 5.716796 1.454046
v -0.166108 5.717793 1.454605
v -0.158175 5.717324 1.463363
v -0.159616 5.715459 1.478985
v -0.170209 5.712483 1.499094
v -0.188343 5.708849 1.520629
v -0.206534 5.699248 1.462017
v -0.186858 5.688644 1.454502
v -0.172187 5.681010 1.455201
v -0.164756 5.677511 1.464008
v -0.165695 5.678677 1.479581
v -0.174863 5.684331 1.499551
v -0.190861 5.693614 1.520875
v -0.214690 5.687156 1.466821
v -0.201928 5.666299 1.463380
v -0.191878 5.651815 1.466800
v -0.186069 5.645911 1.476563
v -0.185387 5.649482 1.491181
v -0.189933 5.661987 1.508428
v -0.199018 5.681520 1.525681
v -0.226299 5.681446 1.474896
v -0.223379 5.655748 1.478300
v -0.219904 5.638031 1.486294
v -0.216404 5.630989 1.497663
v -0.213412 5.635696 1.510675
v -0.211383 5.651436 1.523349
v -0.210626 5.675811 1.533755
v -0.238249 5.683649 1.484077
v -0.248755 5.643350 1.508460
v -0.242263 5.641015 1.532840
v -0.233465 5.655507 1.540314
v -0.222577 5.678014 1.542937
v -0.588159 5.798823 1.184622
v -0.617522 5.750383 1.193451
v -0.648637 5.734355 1.196362
v -0.652868 5.812604 1.182077
v -0.604582 5.780131 1.202112
v -0.623431 5.765335 1.216747
v -0.641835 5.756685 1.226296
v -0.656994 5.755500 1.229308
v -0.666598 5.761959 1.225322
v -0.669187 5.775079 1.214947
v -0.664366 5.792864 1.199762
v -0.604040 5.793372 1.210007
v -0.622428 5.789800 1.231334
v -0.640525 5.788651 1.245356
v -0.655576 5.790099 1.249938
v -0.665289 5.793924 1.244383
v -0.668185 5.799544 1.229535
v -0.663823 5.806105 1.207657
v -0.599902 5.808214 1.211074
v -0.614783 5.817224 1.233306
v -0.630536 5.824482 1.247932
v -0.644763 5.828882 1.252726
v -0.655299 5.829755 1.246958
v -0.660539 5.826968 1.231507
v -0.659685 5.820945 1.208724
v -0.593277 5.820679 1.205027
v -0.602542 5.840258 1.222133
v -0.614543 5.854577 1.233334
v -0.627453 5.861458 1.236925
v -0.639306 5.859851 1.232360
v -0.648298 5.850002 1.220333
v -0.653061 5.833412 1.202677
v -0.585941 5.827430 1.193486
v -0.588987 5.852730 1.200809
v -0.596832 5.870872 1.205472
v -0.608283 5.879096 1.206768
v -0.621595 5.876146 1.204498
v -0.634743 5.862473 1.199009
v -0.645725 5.840161 1.191136
v -0.579859 5.826655 1.179544
v -0.577749 5.851298 1.175047
v -0.582149 5.869002 1.171813
v -0.592390 5.877071 1.170336
v -0.606912 5.874276 1.170839
v -0.623505 5.861043 1.173248
v -0.639643 5.839387 1.177194
v -0.576661 5.818563 1.166937
v -0.571840 5.836348 1.151752
v -0.574428 5.849468 1.141376
v -0.584033 5.855927 1.137391
v -0.599191 5.854741 1.140402
v -0.617596 5.846091 1.149952
v -0.636444 5.831295 1.164587
v -0.577204 5.805323 1.159042
v -0.572842 5.811882 1.137163
v -0.575738 5.817502 1.122316
v -0.585450 5.821326 1.116760
v -0.600501 5.822775 1.121342
v -0.618598 5.821626 1.135364
v -0.636987 5.818055 1.156692
v -0.581342 5.790481 1.157975
v -0.580488 5.784458 1.135192
v -0.585728 5.781671 1.119740
v -0.596263 5.782544 1.113972
v -0.610491 5.786945 1.118766
v -0.626244 5.794203 1.133393
v -0.641125 5.803213 1.155624
v -0.587966 5.778015 1.164022
v -0.592728 5.761424 1.146365
v -0.601721 5.751575 1.134339
v -0.613574 5.749969 1.129774
v -0.626484 5.756849 1.133365
v -0.638485 5.771169 1.144566
v -0.647750 5.790747 1.161672
v -0.595302 5.771265 1.175563
v -0.606284 5.748952 1.167690
v -0.619432 5.735280 1.162200
v -0.632744 5.732331 1.159931
v -0.644195 5.740553 1.161227
v -0.652040 5.758697 1.165891
v -0.655086 5.783998 1.173213
v -0.601384 5.772039 1.189505
v -0.634115 5.737150 1.195859
v -0.658878 5.742424 1.194885
v -0.663278 5.760128 1.191652
v -0.661168 5.784772 1.187155
v 0.169888 6.011259 1.416215
v -0.158170 5.918124 1.380455
v 0.267653 5.950080 1.284594
v -0.116775 5.923483 1.297826
v 0.307678 5.818979 1.217979
v -0.002673 5.842853 1.238251
v 0.344362 6.005372 1.374651
v 0.556094 5.955999 1.326362
v 0.047395 5.949685 1.398445
v -0.148989 5.852870 1.413889
v 0.012615 5.986542 1.376236
v 0.224161 5.991633 1.327899
v -0.140174 5.935580 1.339346
v 0.076714 5.961724 1.307027
v 0.134751 5.783997 1.220646
v -0.072818 5.891521 1.271325
v 0.287032 5.894334 1.258793
v 0.473684 5.977731 1.358691
v -0.053849 5.893761 1.405689
v 0.468010 5.900266 1.287883
v 0.412340 5.953083 1.313313
v 0.241265 6.021365 1.405338
v 0.115120 5.979170 1.413185
v -0.174080 5.876428 1.406610
v 0.044824 5.989840 1.341504
v 0.108350 5.886206 1.274374
v 0.402775 5.924489 1.302365
v 0.357855 5.988038 1.331181
v -0.022116 5.951110 1.395685
v -0.100771 5.867237 1.374174
v 0.030300 5.901744 1.349057
v 0.208943 5.961769 1.395010
v 0.203936 5.933428 1.326651
v 0.210828 5.857576 1.274594
v -0.068809 5.871890 1.311376
v -0.086175 5.881558 1.342251
v 0.064338 5.858842 1.306412
v 0.000262 5.792563 1.291289
v 0.115550 5.746871 1.277618
v 0.248964 5.767909 1.268591
v -0.045352 5.844227 1.297752
v 0.233495 5.803988 1.256515
v 0.340625 5.971167 1.361276
v 0.461679 5.951878 1.348075
v 0.465204 5.930370 1.337303
v -0.097165 5.815476 1.402535
v -0.032381 5.848876 1.402446
v 0.041760 5.879236 1.392389
v 0.383759 5.841407 1.312174
v 0.336481 5.888789 1.287520
v 0.263462 5.977962 1.384218
v 0.132344 5.904276 1.386484
v -0.114803 5.834247 1.395811
v 0.041562 5.896515 1.327678
v 0.090730 5.779694 1.272173
v 0.336348 5.841442 1.279120
v 0.312618 5.934752 1.318791
v -0.012777 5.892661 1.378242
v -0.153192 5.816720 1.384476
v -0.018598 5.863091 1.381666
v -0.123211 5.792493 1.340879
v -0.145335 5.800901 1.372069
v 0.019463 5.822650 1.349247
v -0.087868 5.792195 1.313912
v 0.001509 5.858237 1.369287
v 0.003309 5.801693 1.336859
v -0.511590 6.177146 0.863408
v -0.450199 5.989211 1.143563
v -0.420682 6.117637 0.726223
v -0.377433 5.986934 1.086382
v -0.401506 5.991611 0.642697
v -0.362795 5.930514 0.946124
v -0.502716 6.211571 0.687510
v -0.505952 6.214524 0.464841
v -0.492090 6.081009 0.960819
v -0.501797 5.938751 1.127695
v -0.454935 6.100354 0.996964
v -0.442654 6.153951 0.786986
v -0.409377 6.001111 1.120971
v -0.407140 6.079505 0.914530
v -0.385473 5.910631 0.798646
v -0.368695 5.963545 1.031312
v -0.415301 6.065298 0.689066
v -0.516765 6.218828 0.555248
v -0.498120 6.001906 1.045300
v -0.470897 6.128817 0.526251
v -0.470784 6.168054 0.596933
v -0.510199 6.204289 0.795757
v -0.508807 6.131048 0.907061
v -0.484110 5.951897 1.155116
v -0.426489 6.104568 0.959178
v -0.402908 6.010658 0.859646
v -0.466972 6.136205 0.596835
v -0.468784 6.189261 0.660620
v -0.477636 6.061994 1.026172
v -0.468142 5.956663 1.076166
v -0.456209 6.020171 0.954405
v -0.512016 6.137267 0.810175
v -0.454645 6.093742 0.792415
v -0.428105 6.013106 0.756298
v -0.412757 5.955615 1.032368
v -0.436326 5.966793 1.058212
v -0.433688 5.980073 0.902418
v -0.427641 5.896725 0.944178
v -0.446660 5.883726 0.821558
v -0.454132 5.939059 0.698246
v -0.411590 5.933378 1.000663
v -0.429948 5.965486 0.718336
v -0.499161 6.175590 0.680049
v -0.512088 6.188914 0.558164
v -0.508590 6.167414 0.547371
v -0.510203 5.916019 1.067483
v -0.511316 5.965460 1.013939
v -0.505414 6.012431 0.948527
v -0.496662 6.055721 0.597985
v -0.452154 6.080761 0.647787
v -0.506206 6.165316 0.759871
v -0.507650 6.060065 0.867327
v -0.495625 5.926949 1.086891
v -0.439349 6.013579 0.937568
v -0.428124 5.905994 0.851284
v -0.457619 6.034712 0.635061
v -0.464738 6.123978 0.688207
v -0.479264 6.006214 0.999832
v -0.483566 5.897140 1.116480
v -0.489923 5.977821 0.999331
v -0.454182 5.873059 1.072398
v -0.477622 5.881786 1.102520
v -0.477027 5.943506 0.946499
v -0.434609 5.876599 1.032638
v -0.482915 5.976156 0.976327
v -0.468606 5.916567 0.954046
v -0.756097 4.255162 -0.525836
v -0.420577 3.824956 -0.250395
v -0.516124 4.139567 -0.078579
v -1.129201 4.229906 0.106130
v -1.505697 4.504747 -0.391847
v -1.295639 5.349452 0.022834
v -2.001095 5.705503 -0.009126
v -2.677840 3.918596 -1.171078
v -3.354666 6.113289 -0.605464
v -0.813797 3.904459 -0.824282
v -0.328946 3.656460 -0.629574
v -1.591269 4.197432 -0.715778
v -3.776782 4.937379 -0.820339
v -2.951383 4.714424 -0.469611
v -3.066060 5.570168 -0.516757
v -1.454634 5.425063 0.004602
v -0.719336 4.107398 0.127432
v -0.463015 3.904916 -0.088292
v -0.783769 3.961771 0.044666
v -0.906250 4.279151 -0.247995
v -0.614121 3.946278 -0.404509
v -1.411270 4.782093 -0.205403
v -1.065872 4.805733 0.188810
v -1.056138 4.504848 -0.509077
v -1.589689 5.530694 0.018415
v -2.776248 4.343163 -0.790468
v -2.054083 4.296708 -0.576955
v -2.618210 5.910000 -0.224080
v -0.562205 3.702390 -0.679674
v -1.016540 4.182902 -0.826525
v -2.180942 4.055839 -0.849259
v -1.492598 4.330722 -0.566161
v -0.817520 4.079460 -0.684728
v -0.397469 3.748578 -0.425913
v -3.310002 5.216963 -0.745138
v -2.811530 5.148617 -0.463753
v -2.254994 4.444174 -0.597545
v -3.396144 4.918540 -0.637815
v -2.241134 4.962177 -0.305736
v -3.106560 5.847967 -0.477093
v -1.460797 5.392738 -0.067163
v -2.235892 5.564505 -0.229883
v -0.570245 4.241293 -0.010759
v -0.949436 3.928184 0.158635
v -0.658512 3.991190 -0.177928
v -1.106476 4.638047 -0.226052
v -2.547171 5.351638 -0.375529
v -0.657676 3.803068 -0.546598
v -1.010997 4.348176 -0.681578
v -2.450376 4.519917 -0.606540
v -1.951254 4.219380 -0.600816
v -2.008282 4.463770 -0.460745
v -2.923986 5.021180 -0.495661
v -2.368764 5.712052 -0.143459
v -0.777380 3.949857 0.146443
v -2.879216 4.514789 -0.571252
v -1.778844 4.406974 -0.409246
v -1.930835 4.093501 -0.718394
v -1.758910 4.873139 -0.356705
v -2.341100 4.717960 -0.396619
v -1.791252 4.256647 -0.553563
v -1.700555 4.656102 -0.369472
v -2.322806 5.805991 -0.090649
v -1.821058 5.270731 -0.241750
v -3.149113 4.813720 -0.479402
v -1.826375 5.480957 -0.059365
v -1.820894 5.364120 -0.115614
v -2.511695 5.037523 -0.408288
v -1.994509 5.634007 -0.034555
v -0.430996 4.258407 -0.406906
v -0.304326 2.862829 -1.239355
v -0.576772 3.098547 0.271540
v -0.660246 4.174664 -0.193342
v -0.373363 2.657340 -0.845670
v -0.676469 2.938090 -0.925194
v -0.518821 3.679675 0.885102
v -0.459288 4.114777 0.855788
v -0.494730 5.482582 0.716673
v -0.383726 5.425850 0.911694
v -0.092967 1.712139 -1.005090
v -0.452984 2.207699 -1.448205
v -0.590826 2.331704 -0.331283
v -0.883855 2.594203 -0.828678
v -0.531320 5.939043 1.050229
v -0.742322 5.883503 1.267940
v -1.055595 4.893129 1.540068
v -1.061510 5.018366 1.665635
v -0.360445 3.076875 -0.000761
v -0.833288 3.986617 0.060088
v -1.016633 3.734703 0.456842
v -0.748265 3.998988 0.632736
v -0.497061 3.134987 0.586903
v -1.273372 3.427416 0.119014
v -0.626234 2.757475 0.584684
v -1.078950 2.900784 -0.080581
v -0.838257 2.900832 1.454135
v -0.835242 2.914531 1.570584
v -0.902033 2.924014 1.478295
v -0.894628 2.938907 1.582621
v -1.023340 4.794627 1.639765
v -1.083998 4.854877 1.643712
v -0.830340 5.761416 1.552452
v -0.704975 5.512729 1.143633
v -0.859586 2.418238 1.628383
v -0.874303 2.457011 1.896489
v -0.998409 2.416925 1.708566
v -1.001754 2.475275 1.981542
v -0.841280 2.215001 1.698936
v -0.846611 2.198775 2.034226
v -0.955371 2.224965 1.825312
v -1.027158 2.239110 2.107234
v -1.030085 3.484789 0.464974
v -1.256087 3.249715 0.574587
v -0.912050 3.050305 0.814913
v -0.689917 3.245984 0.743407
v -0.673472 3.482255 0.969431
v -0.943467 3.517769 1.012607
v -0.964275 3.488492 1.180115
v -0.732827 3.369513 1.123824
v -0.441199 3.529343 -0.606282
v -0.603333 2.761418 -0.115029
v -0.832084 3.278978 -0.401540
v -0.416523 1.580812 -1.133403
v -0.487011 1.849515 -1.312513
v -0.768617 1.795328 -0.756051
v -0.784013 1.995582 -1.136509
v -0.196741 1.360593 -0.727184
v -0.281586 1.505910 -0.494319
v -0.442142 1.331504 -0.836158
v -0.512193 1.403344 -0.560268
v -0.267047 1.302669 -1.287148
v -0.305303 1.346893 -1.054311
v -0.552896 1.372602 -1.315706
v -0.548323 1.274037 -1.028530
v -0.289944 0.772481 -1.062439
v -0.309682 0.785649 -0.981408
v -0.387214 0.761477 -1.089608
v -0.395005 0.757519 -0.997504
v -0.212037 0.253463 -0.900328
v -0.231532 0.266872 -0.735872
v -0.283575 0.235568 -0.946926
v -0.295432 0.254988 -0.809256
v -0.227006 -0.031019 -0.827027
v -0.234514 -0.018389 -0.542310
v -0.367011 -0.037848 -0.865778
v -0.388150 -0.032195 -0.640800
v -0.911242 5.365376 1.642395
v -0.953245 5.089634 1.392566
v -0.061390 2.365360 -0.939155
v -0.713296 3.261837 0.944170
v -0.308994 2.542750 0.041578
v -0.429371 2.816176 0.641339
v -0.328616 2.408722 -0.845255
v -0.981456 3.657979 0.059971
v -0.207148 3.209979 -0.932954
v -0.301390 2.431258 -0.827970
v 0.012820 2.307797 -0.986323
v -0.465445 2.981008 -1.149912
v -0.580972 2.770416 -0.768918
v -0.493889 2.627355 -0.628361
v -0.900511 3.661055 -0.155691
v -0.822262 3.605890 -0.009530
v -0.648818 2.878777 0.486753
v -0.512352 4.256765 -0.339883
v -0.527699 3.877461 0.901609
v -0.620094 3.565974 0.873968
v -0.204232 4.079577 1.009266
v -0.358924 4.850420 0.767570
v -0.646835 4.511798 -0.035271
v -0.393230 5.447496 0.347533
v -0.343281 5.337020 0.971715
v -0.441654 5.397287 0.838215
v -0.192456 4.844865 -0.196225
v -0.565231 4.714124 0.247434
v -0.215385 1.873872 -1.267693
v -0.229436 2.008760 -0.752019
v -0.716081 2.374235 -1.266339
v -0.802474 2.524782 -0.459588
v -0.808307 2.729350 -0.973740
v -0.512772 2.613986 -1.384137
v -0.393995 5.890044 0.723752
v -0.682600 5.918351 1.415541
v -0.694761 5.945289 1.131979
v -0.480273 5.863732 0.982618
v -0.684060 5.710868 1.114031
v -0.947446 4.833760 1.510773
v -1.092559 4.938030 1.817720
v -1.040779 4.983267 1.589669
v -1.035419 5.108688 1.682779
v -0.655285 5.623118 0.970455
v -0.601702 3.143107 -0.255663
v -0.808094 3.897856 0.108046
v -0.815164 3.860472 0.728603
v -0.754734 4.097898 0.484937
v -0.453543 3.151996 0.136891
v -0.750570 3.583096 0.647540
v -0.709392 4.130288 0.514015
v -0.822740 3.973769 -0.091036
v -0.804202 3.488217 0.237523
v -0.735166 2.725497 0.274311
v -0.525445 2.984627 0.693320
v -1.324674 3.093428 -0.011782
v -1.067797 3.163821 -0.069677
v -0.341173 2.840796 0.269643
v -0.347542 3.342479 0.253842
v -1.041663 3.350227 0.159639
v -0.821978 2.902126 1.509058
v -0.909204 2.935967 1.533639
v -0.873064 2.910430 1.444101
v -0.866520 2.929682 1.599709
v -0.713989 3.216944 1.415172
v -1.240447 2.916495 0.307369
v -0.844821 2.919237 0.695117
v -0.644102 3.245192 0.579314
v -0.987877 4.777855 1.653095
v -1.058753 4.832127 1.676788
v -1.045561 4.827399 1.646784
v -1.114864 4.919598 1.706074
v -1.060231 4.853873 1.574510
v -0.811124 5.793694 1.426106
v -0.770473 5.392181 1.260209
v -0.490528 5.304316 1.075243
v -0.805453 5.760338 1.605662
v -0.796444 5.617756 1.292116
v -0.857490 2.421077 1.729366
v -1.037730 2.446495 1.854104
v -0.920065 2.411216 1.629268
v -0.914977 2.486240 2.015448
v -0.884981 2.630973 1.722922
v -0.961327 2.633770 1.746279
v -0.939498 2.630781 1.627147
v -0.868523 2.629354 1.601885
v -0.820125 2.207136 1.868046
v -0.995671 2.217905 1.985071
v -0.902125 2.206810 1.755647
v -0.939199 2.215971 2.115000
v -0.861883 2.277856 1.958983
v -1.036967 2.295532 2.039041
v -0.965484 2.281115 1.754547
v -0.823522 2.292081 1.588084
v -1.151108 3.432934 0.228678
v -1.095469 3.368407 0.751699
v -0.953703 3.196525 1.008431
v -0.706244 3.242301 0.977665
v -0.809000 3.446393 0.600656
v -0.760494 3.113564 0.834123
v -1.081628 3.062908 0.706879
v -1.252531 3.406592 0.453766
v -0.869811 3.499351 0.688978
v -0.859660 3.284448 1.436612
v -0.934989 3.232350 1.282034
v -0.791048 3.165012 1.253663
v -0.650250 3.387867 1.088983
v -0.856165 3.419721 1.147380
v -0.996736 3.508939 1.139724
v -0.820735 3.519619 0.932105
v -0.566569 3.803369 -0.394992
v -0.773914 2.965591 0.168924
v -0.607970 3.076237 -0.697790
v -0.654706 3.430703 -0.527794
v -0.196890 2.544621 0.127262
v -0.780809 3.014802 -0.173706
v -0.436897 1.705341 -1.266946
v -0.610491 1.638151 -1.030172
v -0.644665 1.913484 -1.258942
v -0.779223 1.895658 -0.992004
v -0.857188 2.222127 -1.067470
v -0.435820 1.973767 -1.365964
v -0.215802 1.594623 -1.127318
v -0.785140 2.083991 -0.307034
v -0.192949 1.435541 -0.603945
v -0.523056 1.353094 -0.717610
v -0.301759 1.334183 -0.821709
v -0.415547 1.478723 -0.470564
v -0.431305 1.484020 -0.978446
v -0.148433 1.555990 -0.845843
v -0.365942 1.935189 -0.460293
v -0.651237 1.663380 -0.585245
v -0.242937 1.857395 -1.114375
v -0.323101 2.240586 -1.457662
v -0.169867 2.738899 -1.198238
v -0.318086 3.605110 -0.673856
v -0.337705 4.205544 -0.480081
v -0.233311 1.331902 -1.156551
v -0.601959 1.271966 -1.219693
v -0.415412 1.381418 -1.333260
v -0.431507 1.315461 -0.981588
v -0.525944 1.315012 -0.926994
v -0.481879 1.452222 -0.875091
v -0.273268 1.429971 -0.936943
v -0.310944 1.283890 -0.853971
v -0.281630 0.783965 -1.016477
v -0.409027 0.752731 -1.045561
v -0.334617 0.765661 -1.095004
v -0.355463 0.772973 -0.973094
v -0.475035 1.093995 -1.244073
v -0.271090 1.077911 -1.185225
v -0.315329 1.090402 -1.066764
v -0.470852 1.061112 -1.063331
v -0.210446 0.262027 -0.809531
v -0.302485 0.248472 -0.892367
v -0.246110 0.236303 -0.949385
v -0.266407 0.262527 -0.736476
v -0.286078 0.540661 -0.874933
v -0.351658 0.513237 -0.893374
v -0.337579 0.485391 -0.962028
v -0.268417 0.507263 -0.939359
v -0.218526 -0.044417 -0.684483
v -0.391985 -0.046983 -0.778692
v -0.300967 -0.051099 -0.862206
v -0.317628 -0.044371 -0.542979
v -0.331830 0.061628 -0.605392
v -0.328112 0.069232 -0.818417
v -0.219507 0.065804 -0.786451
v -0.227099 0.086358 -0.551384
v -0.891081 5.592337 1.613827
v -1.022575 5.007318 1.471725
v -0.832122 5.026596 1.340766
v -0.888723 5.398696 1.706612
v -0.934387 5.252604 1.479159
v -0.160089 2.361404 -0.821029
v -0.383180 3.005865 1.188861
v -0.457506 2.582129 -0.052284
v -0.198228 2.810086 0.802429
v -0.151951 2.592696 -0.918545
v -0.173798 2.073283 -0.906620
v -0.224016 3.736463 1.043151
v -0.871386 2.939080 0.146850
v -0.379521 2.578915 0.332792
v -0.194976 2.543706 -0.904806
v -0.403113 2.698909 -0.869224
v -0.326832 2.041508 -1.021825
v -0.667514 2.705611 -1.239231
v -0.996408 3.302721 -0.079831
v -0.798187 2.695952 0.480697
v -0.238312 2.487722 0.340578
v -0.786578 3.775942 -0.288987
v -0.370386 3.827839 0.964933
v -0.163518 4.909867 0.902067
v -0.549056 2.866528 -0.061484
v -0.363552 5.686063 0.542033
v -0.348544 4.840173 -0.047710
v -0.505727 4.706830 0.693021
v -0.683578 2.134531 -1.290308
v -0.511224 2.744603 -0.831956
v -0.611870 6.075877 1.150156
v -0.601858 5.779872 1.015132
v -1.033692 5.031219 1.552495
v -1.064560 4.878736 1.618270
v -0.989089 5.099997 1.777952
v -0.927492 4.905321 1.444950
v -0.853290 4.066117 0.504537
v -0.714009 3.863503 0.801280
v -0.808667 3.661770 -0.044709
v -0.832185 4.105382 0.164135
v -0.758024 3.260680 1.462497
v -0.617005 3.484079 0.151456
v -1.076948 3.256632 0.137137
v -0.329582 2.983327 0.597452
v -0.927008 2.634268 1.761683
v -0.937816 3.269336 1.356507
v -0.873528 3.187682 1.238049
v -0.728560 3.181645 1.329425
v -1.008473 4.803101 1.675819
v -0.935000 4.788954 1.582690
v -1.093542 4.880366 1.765683
v -0.407261 5.329197 0.996421
v -0.758017 5.867635 1.514492
v -0.726041 5.724172 1.224665
v -0.952426 2.288247 2.079425
v -0.963606 2.630496 1.688329
v -0.900847 2.629241 1.591745
v -0.862553 2.631753 1.657532
v -0.899191 2.186928 1.965218
v -1.009599 2.299177 1.912624
v -0.919322 2.266690 1.628976
v -0.819760 2.275673 1.772579
v -0.786121 3.427863 0.425400
v -0.678216 3.082583 0.689707
v -1.021557 2.856582 0.528998
v -1.337915 3.148172 0.178540
v -0.696617 3.349469 0.836766
v -0.821466 3.208268 1.038948
v -1.048302 3.217021 0.884359
v -1.049962 3.529958 0.659874
v -0.366861 3.144418 -0.810972
v -0.054888 2.552742 -0.956459
v -0.640401 2.802725 -0.578017
v -0.635196 1.739992 -1.177964
v -0.272784 1.760984 -1.294490
v -0.897629 2.224124 -0.630833
v -0.257135 1.480600 -0.968048
v -0.547098 1.397612 -0.909047
v -0.178148 1.731961 -0.640961
v -0.585740 1.841523 -0.343539
v -0.572687 1.541650 -0.853238
v -0.069162 2.077431 -0.922509
v -0.360627 2.554641 -1.422016
v -0.104256 3.217688 -0.969418
v -0.411582 3.815519 -0.469796
v -0.163369 4.677905 -0.346042
v -0.361338 1.088004 -1.249214
v -0.372198 1.475746 -0.905382
v -0.257973 1.350926 -0.894098
v -0.419721 1.270506 -0.891694
v -0.322622 0.533071 -0.870833
v -0.260188 1.086535 -1.119103
v -0.398906 1.073038 -1.043573
v -0.502659 1.079169 -1.133536
v -0.347628 0.057955 -0.738146
v -0.357748 0.493582 -0.931321
v -0.299752 0.489432 -0.965327
v -0.263301 0.529616 -0.901839
v -0.316304 -0.077641 -0.734600
v -0.276766 0.065271 -0.833856
v -0.197534 0.068517 -0.643821
v -0.284382 0.073735 -0.537676
v -0.742065 5.267774 1.181428
v -0.867704 5.593065 1.673331
v -0.857017 5.479103 1.395897
v -0.294233 2.585472 -0.794725
v -0.429155 2.142900 -0.746256
v -0.186843 3.501941 1.207954
v -0.548622 2.737326 0.368862
v -0.419074 2.615543 -0.806627
v -0.215477 2.064233 -0.988626
v -0.811714 5.718882 1.418231
v -0.753503 5.690836 1.255020
v -0.779988 5.742924 1.377325
v -0.671536 5.906250 1.142753
v -0.762503 5.778849 1.323789
v -0.717462 5.841636 1.242001
v -0.571713 5.911578 1.069706
v -0.700629 5.629341 1.161178
v -0.551466 5.777449 0.967301
v -0.633172 5.658122 1.061352
v -0.722722 3.664137 0.449476
v -0.532985 4.320573 0.547174
v -0.423075 5.391777 0.910424
v -0.716714 5.915975 1.200380
v -0.974861 3.714528 0.163663
v -0.736261 4.045940 0.588725
v -1.024384 3.431901 0.208784
v -0.841803 2.755235 0.100915
v -0.828009 2.907956 1.539324
v -0.901388 2.937260 1.557724
v -0.882996 2.433338 1.800443
v -1.019500 2.461815 1.922019
v -0.830613 2.201067 1.952879
v -1.015394 2.222721 2.046935
v -0.897385 3.491706 0.536727
v -1.168709 3.149661 0.650865
v -0.646466 3.427730 1.037091
v -0.974431 3.514332 1.086911
v -0.807585 2.969034 -0.159243
v -0.503026 4.786198 0.734491
v -0.620185 5.986723 1.304530
v -0.635576 5.740525 1.036932
v -0.834313 3.967532 0.621169
v -0.799402 4.177905 0.295654
v -0.735828 3.411606 0.258320
v -0.907420 3.275385 1.395305
v -0.719891 3.197619 1.370764
v -0.962864 2.631836 1.716591
v -0.873233 2.630687 1.689798
v -0.923080 2.187704 2.042272
v -1.027591 2.297692 1.978979
v -0.835685 2.281924 1.863989
v -0.930469 3.483704 0.340900
v -1.120323 2.873576 0.430855
v -0.767134 3.414231 0.761121
v -1.069531 3.280412 0.821912
v -0.692882 5.870501 1.193907
v -0.592015 5.721981 0.977486
v -0.536438 5.845077 1.096494
v -0.640184 5.734114 1.167609
v -0.598449 5.804426 1.106811
v -0.651845 5.754609 1.229706
v -0.623404 5.848832 1.183259
v -0.662387 5.788307 1.285940
v -0.644327 5.821320 1.243561
v -0.576792 5.861684 1.133017
v -0.627417 5.753914 1.132650
v -0.633253 5.833517 1.215523
v -0.886016 5.562252 1.533777
v -0.944221 5.334502 1.572796
v -1.018727 5.029206 1.609188
v -1.026638 5.080675 1.615760
v -0.995860 4.827095 1.591202
v -0.964468 4.802002 1.611751
v -0.949460 4.965194 1.508578
v -0.897011 5.039876 1.387391
v -0.990231 4.872884 1.556829
v -0.988679 4.812440 1.605853
v -0.791541 5.203911 1.293939
v -0.485056 5.561936 0.890335
v -0.496268 5.443523 0.907605
v -0.472457 5.614367 0.878469
v -0.485998 5.601942 0.867451
v -0.638858 5.395751 1.010939
v -0.564520 5.430695 0.944153
v -0.517149 5.760302 0.921120
v -0.563867 5.701718 0.913222
v -0.990905 4.827652 1.579507
v -0.979378 4.868155 1.540637
v -0.955247 4.933027 1.479599
v -0.956049 4.801702 1.598942
v -0.982377 4.812636 1.593653
v -1.008594 5.190270 1.602651
v -0.985663 5.212403 1.664416
v -0.997411 5.083633 1.421778
v -0.985388 5.143943 1.511249
v -0.933650 5.011038 1.461577
v -0.934434 5.233078 1.739203
v -0.892601 4.950986 1.402538
v -0.946580 4.962874 1.453699
v -0.973669 4.861213 1.573765
v -0.947546 4.840332 1.590865
v -0.935060 4.976131 1.505009
v -0.891412 5.038279 1.404163
v -0.968985 4.899317 1.545162
v -0.967693 4.849017 1.585956
v -0.969547 4.861676 1.564034
v -0.959954 4.895381 1.531687
v -0.939875 4.949365 1.480894
v -0.940541 4.840082 1.580206
v -0.962450 4.849181 1.575806
v -0.921903 5.014282 1.465896
v -0.932663 4.974202 1.459341
v -0.928483 4.900940 1.552357
v -0.896088 4.869898 1.590182
v -0.871293 5.071182 1.450491
v -0.806666 5.163248 1.301066
v -0.921546 4.957388 1.509981
v -0.919629 4.882873 1.570418
v -0.922376 4.901627 1.537940
v -0.908169 4.951559 1.490018
v -0.878430 5.031531 1.414765
v -0.879404 4.869637 1.561898
v -0.911861 4.883117 1.555380
v -0.851811 5.127696 1.392535
v -0.867751 5.068326 1.382831
v -0.937496 4.911937 1.595024
v -0.898798 4.881002 1.620359
v -0.880298 5.082177 1.493158
v -0.815658 5.174239 1.343737
v -0.930558 4.968385 1.552649
v -0.928645 4.893869 1.613086
v -0.860811 5.138689 1.435204
v -0.760968 5.154969 1.282816
v -0.876660 4.893344 1.519694
v -0.862456 4.943276 1.471770
v -0.832723 5.023249 1.396516
v -0.839241 4.866036 1.541672
v -0.872676 4.878772 1.530932
v -0.822047 5.060045 1.364583
v -0.769959 5.165960 1.325490
v -0.480976 2.711505 -0.798888
v -0.797856 3.303340 0.074627
v -0.522060 3.774476 0.888590
v -0.147455 1.782121 -1.147724
v -0.691758 2.417485 -0.408533
v -0.632309 3.377420 -0.048603
v -0.912674 3.784024 0.608649
v -0.665403 2.880315 -0.097003
v -0.421850 1.637789 -1.200028
v -0.761508 1.844570 -0.876451
v -0.431382 3.503783 1.084015
v -0.249777 2.563473 -0.865305
v -0.869236 3.136725 0.020148
v -0.490013 3.689183 0.891289
v -0.266587 2.691597 -0.932580
v -0.900965 3.955331 0.255448
v -0.701910 3.734469 0.805281
v -0.570857 3.377696 0.052923
v -0.584726 2.679843 -0.546406
v -0.622627 1.686147 -1.105084
v -0.244721 1.673223 -1.217847
v -0.841131 2.150968 -0.472094
v -0.162935 1.925693 -1.110316
v -0.269709 3.248317 1.244330
v -0.356984 2.515509 -0.811554
v -0.932407 3.897898 0.437890
v 0.139437 4.202966 -0.490051
v 0.071753 2.752620 -1.195518
v 0.650434 3.119465 0.199185
v 0.396218 4.223530 -0.337983
v 0.168944 2.575589 -0.723577
v 0.573063 2.740268 -1.139527
v 0.744005 3.941897 0.771372
v 0.545744 4.322444 0.584268
v 0.180760 5.609984 0.907109
v -0.031350 5.386271 1.110298
v -0.123616 1.840863 -0.531701
v 0.062625 2.097934 -1.433676
v 0.535025 2.478079 -0.471376
v 0.730288 2.435187 -1.024524
v -0.073866 5.863806 1.374837
v -0.255364 5.773200 1.653156
v -0.743826 4.817238 1.792971
v -0.825976 4.961031 1.856698
v 0.383093 3.229697 0.832299
v 0.716504 3.883225 -0.112236
v 1.081347 3.660445 0.459576
v 0.718162 4.105605 0.134152
v 0.411205 4.152846 1.075728
v 1.140009 3.705840 0.712338
v 0.417548 3.982148 1.425250
v 1.000945 3.307473 1.245446
v 0.693622 4.415491 1.740074
v 0.685033 4.502092 1.820709
v 0.756009 4.450221 1.746274
v 0.743700 4.529277 1.817626
v -0.871249 4.757605 1.763140
v -0.847911 4.797408 1.835224
v -0.546449 5.692307 1.782742
v -0.251371 5.402311 1.511592
v 0.704954 4.119238 2.041090
v 0.719841 4.151695 2.300315
v 0.843947 4.111611 2.112392
v 0.847292 4.169962 2.385368
v 0.686818 3.909684 2.102762
v 0.692149 3.893458 2.438052
v 0.800909 3.919651 2.229138
v 0.872696 3.933797 2.511060
v 0.985480 4.237082 0.920042
v 1.090099 4.193188 1.233525
v 0.687425 4.327974 1.401728
v 0.524974 4.321054 1.124743
v 0.562744 4.508669 1.000816
v 0.864918 4.595636 1.052170
v 0.848690 4.730769 1.151331
v 0.593629 4.620455 1.180686
v 0.201309 3.640536 -0.601026
v 0.494275 2.941548 -0.066271
v 0.675298 3.581852 -0.372431
v 0.074792 1.640669 -0.600327
v 0.104758 1.748235 -1.019082
v 0.491165 1.853452 -0.551810
v 0.449998 1.837257 -0.984622
v 0.041487 1.656378 -0.116301
v 0.221893 1.799771 -0.082797
v 0.151697 1.530065 -0.261145
v 0.329573 1.634902 -0.153172
v -0.220744 1.028492 -0.320102
v -0.086529 1.210990 -0.122854
v 0.054410 1.010143 -0.486614
v 0.194300 1.104737 -0.126679
v -0.135474 0.670341 0.130808
v -0.097288 0.725442 0.196411
v -0.034901 0.632775 0.095747
v -0.007537 0.680432 0.182151
v -0.185128 0.302756 0.528860
v -0.160488 0.323071 0.679518
v -0.110600 0.273631 0.491723
v -0.096380 0.308373 0.608644
v -0.164999 0.020204 0.591798
v -0.157492 0.032834 0.876514
v -0.024995 0.013375 0.553046
v -0.003856 0.019028 0.778025
v -0.730381 5.321349 1.789107
v -0.565619 4.995277 1.707004
v 0.163959 2.476650 -1.110724
v 0.916460 3.403654 0.957292
v 0.210109 2.633163 0.071964
v 0.403205 2.716369 0.434432
v 0.245590 2.559970 -1.054811
v 1.030420 3.255480 0.655422
v 0.212724 3.194043 -0.919882
v 0.187814 2.479901 -0.881594
v 0.181963 2.404432 -1.149633
v -0.186695 2.548628 -0.584271
v 0.456710 2.632851 -0.726807
v 0.142485 2.614935 -0.534264
v 0.725744 3.722890 -0.321093
v 0.723690 3.621527 0.024392
v 0.594377 2.934733 0.385787
v 0.236470 4.237396 -0.459269
v 0.690556 4.139570 0.675308
v 0.826480 3.714774 0.757958
v 0.401903 4.299180 0.842963
v 0.296382 4.974681 0.737012
v 0.341654 4.599191 -0.219375
v 0.202952 5.588593 0.412521
v -0.154613 5.300370 1.110679
v 0.137242 5.488570 1.004217
v 0.198414 4.820268 -0.257247
v 0.572017 4.845887 0.140185
v -0.162954 1.850476 -0.994987
v 0.028686 2.099890 -0.605976
v 0.398282 2.163471 -1.310526
v 0.630570 2.383093 -0.707113
v 0.631220 2.536782 -1.148748
v 0.168722 2.465875 -1.483582
v -0.070004 5.946026 0.824459
v -0.396943 5.848816 1.647263
v -0.115557 5.832683 1.569039
v -0.032601 5.773352 1.324551
v -0.170677 5.585898 1.530482
v -0.750785 4.785891 1.670299
v -0.987318 4.912413 1.903090
v -0.767572 4.916762 1.811292
v -0.820862 5.056460 1.856825
v -0.064651 5.479345 1.449571
v 0.903784 3.161857 0.538376
v 0.749599 3.594328 0.052102
v 0.850244 3.969654 0.259130
v 0.689118 4.016981 -0.031141
v 0.596452 3.165267 0.154371
v 0.923125 3.777346 0.648827
v 0.648267 4.227800 0.256656
v 0.655829 3.965867 -0.194954
v 0.732301 3.905712 0.790912
v 0.620821 3.565516 1.377795
v 0.384941 4.113808 1.244913
v 1.190687 3.605926 1.132467
v 1.159059 3.313345 0.881390
v 0.258723 3.633444 1.282638
v 0.313077 3.824497 0.806526
v 0.986965 3.503323 0.782954
v 0.674819 4.451506 1.779411
v 0.760511 4.494713 1.780786
v 0.728751 4.417165 1.728071
v 0.714799 4.533889 1.837440
v 0.586192 4.616464 1.501396
v 1.041155 3.754700 1.323465
v 0.605254 4.178941 1.395350
v 0.548223 4.230892 1.028515
v -0.894435 4.755109 1.728894
v -0.889765 4.790991 1.813870
v -0.864932 4.783429 1.793309
v -0.883397 4.863253 1.893838
v -0.786731 4.787297 1.796370
v -0.421102 5.698753 1.742488
v -0.384896 5.298323 1.572985
v -0.281151 5.253350 1.245085
v -0.601120 5.710597 1.771414
v -0.346811 5.508301 1.656852
v 0.703027 4.115761 2.133192
v 0.883268 4.141182 2.257931
v 0.765397 4.112754 2.042769
v 0.760515 4.180924 2.419274
v 0.730520 4.325658 2.126748
v 0.806866 4.328456 2.150104
v 0.784976 4.326011 2.031374
v 0.715335 4.311517 2.014422
v 0.665663 3.901819 2.271872
v 0.841209 3.912591 2.388897
v 0.747663 3.901494 2.159473
v 0.784737 3.910656 2.518826
v 0.707421 3.972539 2.362809
v 0.882505 3.990219 2.442867
v 0.811022 3.975800 2.158373
v 0.669015 3.990191 1.998115
v 1.034158 3.909326 0.813343
v 0.998970 4.402543 1.135860
v 0.767493 4.521861 1.377817
v 0.519184 4.476695 1.244540
v 0.706542 4.290213 0.922603
v 0.550429 4.352375 1.304180
v 0.857274 4.249267 1.377246
v 1.140080 4.161784 1.044227
v 0.793622 4.367588 0.898559
v 0.722887 4.676183 1.479967
v 0.794471 4.564850 1.397975
v 0.661523 4.501789 1.416064
v 0.506156 4.569356 1.144059
v 0.725582 4.675626 1.166635
v 0.905059 4.701827 1.128988
v 0.737763 4.519128 0.981140
v 0.299027 3.885383 -0.499415
v 0.628770 3.051217 0.114082
v 0.614985 3.049668 -0.753597
v 0.452596 3.632387 -0.528028
v 0.097136 2.618767 0.168763
v 0.652013 3.351155 -0.006263
v 0.065780 1.675550 -0.828683
v 0.260688 1.672916 -0.618149
v 0.267797 1.767417 -1.021376
v 0.479625 1.824676 -0.792827
v 0.574787 2.031932 -1.056502
v 0.044044 1.862467 -1.183162
v -0.067399 1.697922 -0.545715
v 0.712998 2.277134 -0.339503
v 0.113781 1.745283 -0.081229
v 0.256469 1.555974 -0.226766
v 0.061105 1.578091 -0.201442
v 0.316532 1.744953 -0.102128
v 0.118430 1.614912 -0.437573
v -0.012416 1.779172 -0.297503
v 0.288453 2.145036 -0.313296
v 0.438349 1.813183 -0.345270
v -0.187611 1.868128 -1.048973
v -0.064361 2.193695 -1.477071
v -0.045752 2.731965 -1.189783
v 0.059323 3.664951 -0.670769
v 0.025414 4.171713 -0.514475
v -0.208504 1.151581 -0.196659
v 0.180999 0.978844 -0.328965
v -0.094309 0.999817 -0.467424
v 0.080580 1.196825 -0.070719
v 0.081334 1.326674 -0.156499
v 0.034370 1.420583 -0.270684
v -0.179255 1.428767 -0.220622
v -0.081682 1.444932 -0.061676
v -0.135060 0.707666 0.169092
v -0.001894 0.647101 0.137632
v -0.093476 0.640229 0.096991
v -0.045775 0.713019 0.203269
v 0.024178 0.823405 -0.235580
v -0.192531 0.887206 -0.124461
v -0.104602 0.961010 -0.024849
v 0.076099 0.904004 -0.042024
v -0.182385 0.317602 0.607341
v -0.089254 0.299927 0.535454
v -0.150377 0.273748 0.490106
v -0.125327 0.318174 0.679381
v -0.110536 0.565926 0.417165
v -0.040396 0.525989 0.406652
v -0.064498 0.462144 0.357871
v -0.138328 0.499664 0.375313
v -0.173480 0.006806 0.734342
v -0.000021 0.004240 0.640133
v -0.091039 0.000124 0.556619
v -0.074378 0.006852 0.875846
v -0.060175 0.112851 0.813432
v -0.062891 0.127370 0.602468
v -0.172498 0.117027 0.632374
v -0.164907 0.137581 0.867441
v -0.642365 5.531791 1.815583
v -0.652325 4.917191 1.772067
v -0.554493 4.959016 1.565974
v -0.785310 5.373522 1.790499
v -0.604328 5.172260 1.746899
v 0.240156 2.522825 -1.028594
v 0.606522 3.025981 1.091995
v 0.364167 2.679654 -0.034974
v 0.268739 2.817744 0.741347
v -0.021822 2.607813 -0.918445
v 0.190699 2.113574 -1.039404
v 0.512634 3.940101 0.990467
v 0.710650 3.487738 1.013781
v 0.277584 2.557124 0.237611
v 0.171984 2.634486 -0.934583
v 0.390399 2.574751 -0.782376
v 0.004781 2.046016 -0.945718
v 0.422523 2.476671 -1.365550
v 0.817941 3.311942 -0.212320
v 0.532163 3.165044 0.882562
v 0.150377 2.474748 0.296969
v 0.537060 3.861649 -0.437783
v 0.595780 4.109189 0.828919
v 0.109869 4.956220 0.921660
v 0.681389 3.145978 1.077231
v 0.005826 5.776364 0.625063
v 0.372340 4.891456 -0.111442
v 0.464406 4.902793 0.563686
v 0.319651 1.930949 -1.195697
v 0.479813 2.612451 -0.791136
v -0.179853 6.064322 1.389195
v -0.071216 5.650702 1.445585
v -0.720025 4.954866 1.806939
v -0.820312 4.819281 1.816402
v -0.920866 5.083390 1.833294
v -0.671598 4.843034 1.652526
v 0.843312 3.720239 0.085354
v 0.819112 4.079308 0.517675
v 0.695394 3.662918 -0.006712
v 0.706943 4.158084 -0.040944
v 0.626512 4.671619 1.511478
v 0.575473 3.589509 0.779371
v 1.157736 3.551939 0.842995
v 0.324733 3.620879 1.018777
v 0.772547 4.328953 2.165509
v 0.797052 4.627065 1.430834
v 0.737636 4.511343 1.392918
v 0.602056 4.548688 1.458913
v -0.905356 4.778000 1.759467
v -0.833480 4.764243 1.665041
v -0.954343 4.846482 1.878600
v -0.213339 5.281992 1.153726
v -0.492386 5.802973 1.729970
v -0.264512 5.611822 1.599052
v 0.797964 3.982932 2.483252
v 0.808944 4.327295 2.091203
v 0.747951 4.306736 2.007687
v 0.707932 4.328475 2.060513
v 0.744729 3.881612 2.369044
v 0.855137 3.993865 2.316450
v 0.764860 3.961375 2.032802
v 0.665298 3.970355 2.176405
v 0.741413 4.140364 0.877864
v 0.509615 4.257379 1.231910
v 0.797963 3.964618 1.433586
v 1.149502 3.748381 1.100141
v 0.552685 4.397157 1.063972
v 0.627639 4.533134 1.341508
v 0.886207 4.442673 1.327603
v 1.003637 4.385692 0.923547
v 0.363846 3.154769 -0.795411
v 0.008830 2.572990 -0.980222
v 0.485350 2.716607 -0.503909
v 0.262369 1.686450 -0.804344
v -0.081300 1.740160 -0.848966
v 0.755629 2.226208 -0.684287
v 0.004254 1.661658 -0.369034
v 0.092719 1.359602 -0.237714
v 0.092615 1.961937 -0.276558
v 0.492167 2.051496 -0.248598
v 0.270722 1.659527 -0.432783
v 0.224859 2.146617 -1.061036
v -0.014233 2.519774 -1.496511
v 0.111884 3.208070 -0.949707
v 0.120240 3.875489 -0.534722
v 0.083252 4.625043 -0.406603
v -0.108746 0.839723 -0.211240
v -0.081881 1.448501 -0.279097
v -0.154505 1.451978 -0.122491
v -0.017711 1.360006 -0.080923
v -0.069612 0.558872 0.420872
v -0.184789 0.937274 -0.061781
v -0.001249 0.941774 -0.012542
v 0.091998 0.870770 -0.126783
v -0.044378 0.109178 0.680679
v -0.038372 0.485950 0.380397
v -0.106798 0.466404 0.356657
v -0.139253 0.541974 0.399886
v -0.075702 -0.026418 0.684225
v -0.114656 0.122806 0.587306
v -0.194471 0.119740 0.775004
v -0.107624 0.124957 0.881149
v -0.350416 5.172439 1.499129
v -0.702222 5.552781 1.807569
v -0.474193 5.385913 1.706439
v 0.028870 2.595979 -0.763546
v 0.241646 2.182387 -0.695255
v 0.452959 3.536258 1.161844
v 0.451728 2.765887 0.274341
v 0.342708 2.504398 -0.781980
v 0.018859 2.084407 -1.001957
v -0.434772 5.627123 1.724002
v -0.298118 5.579982 1.624423
v -0.394536 5.649094 1.689999
v -0.141482 5.794676 1.553269
v -0.336654 5.675186 1.669234
v -0.246135 5.734730 1.615000
v -0.088241 5.807494 1.444859
v -0.235603 5.516143 1.538402
v -0.029577 5.658389 1.380893
v -0.144241 5.539105 1.457968
v 0.814164 3.738694 0.570740
v 0.457754 4.419827 0.276813
v 0.053800 5.411941 1.053819
v -0.184672 5.806998 1.607657
v 1.022941 3.377220 0.474739
v 0.694231 4.052167 0.054926
v 0.895948 3.816844 0.741337
v 0.763118 3.400421 1.318933
v 0.679365 4.475616 1.798484
v 0.751608 4.511211 1.797963
v 0.728534 4.128022 2.204269
v 0.865037 4.156502 2.325845
v 0.676151 3.895749 2.356704
v 0.860932 3.917408 2.450761
v 0.854762 4.286490 0.897268
v 0.969352 4.227553 1.319913
v 0.514001 4.535765 1.079584
v 0.889235 4.656824 1.096093
v 0.928384 3.147273 0.984907
v 0.401061 4.969828 0.631225
v -0.298190 5.936022 1.532786
v -0.097415 5.609524 1.473484
v 0.845478 3.833306 0.172950
v 0.663074 4.259090 0.051666
v 0.717812 3.697870 0.818528
v 0.768024 4.650488 1.456089
v 0.592876 4.580598 1.479962
v 0.808225 4.328411 2.119456
v 0.718673 4.326531 2.093075
v 0.768618 3.882389 2.446098
v 0.873129 3.992379 2.382806
v 0.681223 3.976607 2.267815
v 0.867976 4.056083 0.837710
v 0.909907 3.856767 1.395538
v 0.652114 4.373081 0.982026
v 0.936662 4.419806 1.243894
v -0.195739 5.762854 1.581540
v -0.053683 5.590939 1.414176
v -0.140366 5.748664 1.417784
v -0.221927 5.632299 1.506895
v -0.151427 5.695611 1.469431
v -0.272862 5.662354 1.537133
v -0.204988 5.756764 1.511693
v -0.312758 5.707788 1.563969
v -0.265862 5.737349 1.540847
v -0.162817 5.768218 1.461651
v -0.185389 5.646314 1.491219
v -0.237242 5.748701 1.523230
v -0.576103 5.486808 1.785175
v -0.667953 5.267252 1.796902
v -0.776619 4.970272 1.805584
v -0.766934 5.017457 1.826429
v -0.820690 4.784455 1.733298
v -0.852385 4.774718 1.702672
v -0.711121 4.907177 1.701916
v -0.584094 4.963706 1.641225
v -0.776163 4.820775 1.730479
v -0.839868 4.776216 1.726567
v -0.466667 5.124830 1.557472
v -0.022442 5.459003 1.253063
v -0.082367 5.342762 1.243364
v 0.037400 5.539241 1.215304
v 0.099460 5.612876 1.135586
v -0.170060 5.281636 1.391222
v -0.109295 5.319879 1.313427
v 0.014054 5.655287 1.322567
v -0.002284 5.565659 1.366862
v -0.810298 4.783689 1.726012
v -0.763991 4.815727 1.715354
v -0.691908 4.868927 1.693213
v -0.841754 4.773882 1.691656
v -0.829324 4.775381 1.717807
v -0.726451 5.121591 1.831523
v -0.782302 5.162900 1.829380
v -0.587646 4.983888 1.754174
v -0.657055 5.064019 1.777590
v -0.656323 4.943531 1.686541
v -0.855528 5.213870 1.803211
v -0.624329 4.885685 1.620156
v -0.660405 4.893216 1.685839
v -0.798198 4.818500 1.716106
v -0.824573 4.810397 1.690619
v -0.707019 4.920621 1.689993
v -0.601313 4.967664 1.639487
v -0.761144 4.848724 1.713761
v -0.814157 4.811643 1.710504
v -0.789551 4.817863 1.710044
v -0.751015 4.844522 1.701174
v -0.691031 4.888793 1.682751
v -0.815726 4.809701 1.681454
v -0.805383 4.810949 1.703216
v -0.661418 4.950874 1.677198
v -0.664815 4.909004 1.676614
v -0.774149 4.863372 1.677551
v -0.824018 4.852355 1.648646
v -0.639065 5.014654 1.638871
v -0.482438 5.084324 1.564075
v -0.719255 4.908146 1.674078
v -0.797792 4.853215 1.669251
v -0.761339 4.862429 1.668570
v -0.704249 4.901922 1.655434
v -0.615380 4.967500 1.628148
v -0.800117 4.850338 1.626214
v -0.784794 4.852187 1.658454
v -0.571498 5.059463 1.619920
v -0.576538 4.997439 1.619059
v -0.809857 4.880867 1.698564
v -0.848933 4.868864 1.660809
v -0.674775 5.032149 1.659876
v -0.518155 5.101820 1.585068
v -0.754964 4.925641 1.695089
v -0.833500 4.870709 1.690266
v -0.607211 5.076958 1.640921
v -0.475067 5.085375 1.514735
v -0.753976 4.863482 1.619213
v -0.696884 4.902973 1.606079
v -0.608012 4.968551 1.578798
v -0.788642 4.853720 1.582717
v -0.769381 4.853629 1.614724
v -0.569170 4.998490 1.569713
v -0.510786 5.102873 1.535727
v 0.286795 2.580175 -0.683380
v 0.676800 3.295220 0.069023
v 0.719257 4.051248 0.722030
v -0.152061 1.829194 -0.750779
v 0.592049 2.449694 -0.604244
v 0.656477 3.337604 0.382831
v 0.964820 3.827329 0.353669
v 0.586075 3.203892 0.079717
v 0.068820 1.656401 -0.687668
v 0.483336 1.842061 -0.666909
v 0.672603 3.565747 0.991850
v 0.203377 2.671909 -0.980648
v 0.699721 3.165531 -0.061956
v 0.717105 3.946453 0.785493
v 0.300026 2.560393 -0.802758
v 0.919300 3.420549 0.271642
v 0.856525 3.984716 0.591362
v 0.529016 3.390972 0.344644
v 0.274604 2.646726 -0.467702
v 0.260367 1.679283 -0.704130
v -0.077949 1.713348 -0.699442
v 0.732244 2.251363 -0.508707
v -0.178423 1.932731 -1.022882
v 0.514989 3.248255 1.162142
v 0.245175 2.557151 -0.863337
v 0.966961 3.619212 0.293591
v -0.661873 4.069242 0.234269
v -0.493742 4.018552 0.034860
v -0.338510 3.840409 -0.107958
v -0.314456 3.536367 -0.338706
v -0.592161 3.574025 -0.032935
v -0.747020 3.772742 0.119756
v -0.758203 3.955829 0.230338
v -0.710058 3.774484 0.026347
v -0.576325 3.603336 -0.101111
v -0.726665 3.995148 0.174463
v -0.724978 3.899974 0.166766
v -0.715378 3.768965 -0.012648
v -0.605180 3.639812 -0.147897
v -0.746295 3.974720 0.136807
v -0.763433 3.768279 -0.018030
v -0.650531 3.698635 -0.176325
v -0.803323 3.921256 0.133263
v -0.847071 3.802803 -0.000188
v -0.959833 3.875469 0.017098
v -0.899595 3.918715 0.153583
v -0.716251 3.766104 -0.193894
v -0.810368 3.836267 -0.193035
v -0.613680 3.687693 -0.317255
v -0.513117 3.761950 -0.408037
v -0.556255 3.607166 -0.324320
v -0.688978 3.815300 -0.343597
v -0.588050 3.860278 -0.357448
v -0.794956 3.971964 -0.333345
v -0.926090 3.957697 -0.183642
v -0.708861 4.041265 -0.293227
v -0.894055 4.113817 -0.356039
v -0.805505 4.174334 -0.323968
v -1.006542 4.083459 -0.246455
v -0.959826 4.235455 -0.419003
v -0.997054 4.356090 -0.453406
v -0.856939 4.297477 -0.399607
v -1.072214 4.194819 -0.313851
v -1.144352 4.295806 -0.334743
v -1.121722 4.208532 -0.191803
v -1.190192 4.306335 -0.181382
v -1.079858 4.094965 -0.110450
v -1.115514 4.244836 -0.101220
v -1.101479 4.127192 -0.002782
v -1.151979 4.355564 -0.076334
v -1.076077 4.279501 -0.057753
v -1.089508 4.401413 -0.034545
v -1.082927 4.166715 0.058443
v -0.996597 4.318146 -0.065589
v -0.987221 4.455812 -0.041109
v -1.019403 4.211729 0.068076
v -0.900327 4.345237 -0.150876
v -0.889252 4.484599 -0.147673
v -0.900585 4.231178 0.002902
v -0.838663 4.339243 -0.270605
v -0.810162 4.226012 -0.155112
v -0.847720 4.482875 -0.278688
v -0.874519 4.434053 -0.424535
v -0.861723 4.649812 -0.236001
v -0.895142 4.664591 -0.113742
v -0.908735 4.578485 -0.374699
v -1.040400 4.928640 -0.131877
v -1.023162 4.955050 -0.045373
v -1.097423 4.863163 -0.186244
v -1.174007 5.210011 -0.082902
v -1.324264 5.170306 -0.126881
v -1.220545 5.148370 -0.088385
v -1.136718 5.251215 -0.039858
v -1.104282 5.262343 0.028865
v -1.311750 5.313996 -0.100376
v -1.293747 5.397151 -0.013418
v -1.377160 5.299859 -0.141797
v -1.495483 5.301508 -0.171409
v -1.391580 5.194870 -0.170950
v -1.373240 5.415698 -0.053391
v -1.390201 5.465199 0.009235
v -1.484456 5.421410 -0.075099
v -1.506727 5.381408 -0.003305
v -1.533460 5.400056 -0.107273
v -1.462321 5.493603 0.001254
v -1.739346 5.629869 -0.067327
v -1.676757 5.662031 -0.015942
v -3.341991 6.101226 -0.565003
v -1.779837 5.598853 -0.023806
v -3.348280 6.098759 -0.558378
v -1.725597 5.626532 0.020250
v -3.345807 6.106357 -0.554877
v -1.487379 5.443551 0.043773
v -1.411203 5.416556 0.054821
v -1.352835 5.401862 0.060598
v -1.405918 5.352258 0.042320
v -1.312976 5.344764 0.057878
v -1.416970 5.260263 0.004604
v -1.424847 5.172367 -0.030261
v -1.333966 5.245577 0.027242
v -1.509973 5.284222 -0.064948
v -1.510616 5.173797 -0.077355
v -1.546781 5.248474 -0.110217
v -1.546036 5.316449 -0.089330
v -1.546505 5.374518 -0.048858
v -1.535396 5.315725 -0.177441
v -1.734233 5.273680 -0.150300
v -1.710660 5.271655 -0.232613
v -1.877846 5.235733 -0.201160
v -1.774196 5.336767 -0.122394
v -1.941723 5.304491 -0.187975
v -1.765727 5.360881 -0.184328
v -1.941469 5.324311 -0.245728
v -2.140127 5.286781 -0.307071
v -1.851396 5.232560 -0.274686
v -2.025009 5.194030 -0.322296
v -2.264664 5.169778 -0.379594
v -2.046281 5.202923 -0.251064
v -2.296774 5.173666 -0.316206
v -2.128915 5.273565 -0.245955
v -2.389717 5.245578 -0.312560
v -2.597503 5.211578 -0.388849
v -2.379623 5.253500 -0.373987
v -2.577217 5.221528 -0.439636
v -3.814813 4.950568 -0.842176
v -2.484983 5.158134 -0.431953
v -3.809854 4.943399 -0.838002
v -3.771957 4.950822 -0.811281
v -3.814578 4.946132 -0.831588
v -3.819345 4.953029 -0.835805
v -1.531475 5.280266 -0.190148
v -1.550995 5.162917 -0.113487
v -1.871346 5.026542 -0.243581
v -1.880356 4.936220 -0.240162
v -2.276336 4.769300 -0.400320
v -1.852435 5.067173 -0.314605
v -2.260285 4.811684 -0.463450
v -1.842690 4.915696 -0.345627
v -1.524090 5.137218 -0.221605
v -2.240707 4.668539 -0.478239
v -2.259254 4.669035 -0.456280
v -1.858696 4.906830 -0.317765
v -2.561156 4.364755 -0.793377
v -2.246907 4.649952 -0.408403
v -1.550091 5.095204 -0.149931
v -2.280862 4.640439 -0.427737
v -2.277087 4.684964 -0.406016
v -2.551189 4.310672 -0.796655
v -2.572967 4.334396 -0.830174
v -2.629139 4.052227 -1.065777
v -2.586559 4.317961 -0.776143
v -2.655754 4.048315 -1.059117
v -2.657590 4.337158 -0.774341
v -2.715068 4.041991 -1.068794
v -2.699893 4.386416 -0.823082
v -2.727218 4.072407 -1.106023
v -2.546194 4.367271 -0.839467
v -2.634282 4.084157 -1.102309
v -2.696967 3.896842 -1.202938
v -2.659568 4.078082 -1.079572
v -2.669108 3.899066 -1.195984
v -2.676433 3.895882 -1.192168
v -2.701306 3.891610 -1.196444
v -2.724085 3.889743 -1.199008
v -2.719367 3.895677 -1.204437
v -1.514791 5.092943 -0.118509
v -1.426196 5.101819 -0.085860
v -1.518277 5.125639 -0.195559
v -1.407516 5.114810 -0.167416
v -1.495370 5.160653 -0.203588
v -1.350922 5.120313 -0.048742
v -1.241774 5.103368 -0.023329
v -1.344460 5.162496 -0.010885
v -1.217805 5.110203 0.044007
v -1.215844 4.776180 -0.033186
v -1.169492 5.156329 0.083734
v -1.185002 4.807689 0.074245
v -1.126945 5.204975 0.086470
v -1.111808 5.230535 0.072295
v -1.124398 4.859959 0.119521
v -1.138017 4.517674 0.027682
v -1.075725 4.904056 0.112670
v -1.067723 4.574471 0.051886
v -1.035273 4.944937 0.056733
v -0.979370 4.637440 0.009210
v -1.207292 4.451247 -0.075704
v -1.189990 4.428387 -0.253055
v -1.049704 4.488812 -0.389761
v -1.175734 4.798083 -0.149117
v -1.337691 5.440435 0.021481
v -3.339795 6.109684 -0.561654
v -0.730196 4.126598 -0.010337
v -0.590293 4.065251 -0.115101
v -0.914819 4.209054 0.104309
v -0.822318 4.320819 -0.105037
v -1.018055 4.166091 0.191076
v -0.927506 4.246154 0.134667
v -1.078686 4.080854 0.174808
v -1.002549 4.046799 0.208743
v -1.090028 4.022323 0.105353
v -1.017711 3.949308 0.151544
v -1.042089 3.971174 -0.015772
v -0.864396 4.071193 0.168245
v -0.750702 4.072419 0.111791
v -0.749612 4.342028 -0.083064
v -0.600866 4.282868 -0.200556
v -0.584881 4.194967 -0.311342
v -0.427674 4.100435 -0.307703
v -0.453842 3.913666 -0.333205
v -0.325516 3.798746 -0.364430
v -0.255905 3.764866 -0.347310
v -0.398777 3.663389 -0.483703
v -0.334240 3.593268 -0.489523
v -0.314083 3.551669 -0.437958
v -0.505463 3.556126 -0.345689
v -0.464872 3.518455 -0.340142
v -0.442337 3.489293 -0.284782
v -0.271334 3.679984 -0.230001
v -0.242562 3.727583 -0.300355
v -0.317650 3.913279 -0.171339
v -0.337508 4.008816 -0.237097
v -0.491483 4.072052 -0.027224
v -0.523788 4.205512 -0.147495
v -0.663741 4.089977 0.132528
v -0.746362 4.055947 0.287960
v -0.688419 4.108386 0.090404
v -2.560468 5.876656 -0.236249
v -2.588403 5.866165 -0.212453
v -2.564647 5.887308 -0.187790
v -2.533807 5.901902 -0.204810
v -2.156492 5.757432 -0.110747
v -2.188385 5.732831 -0.076734
v -2.146534 5.754839 -0.042706
v -2.108749 5.783060 -0.071243
v -2.931605 6.009692 -0.384703
v -2.947654 5.991034 -0.398310
v -2.964821 5.986974 -0.382145
v -2.950475 6.003250 -0.369994
v -3.191463 5.073841 -0.645281
v -3.150916 5.043789 -0.612514
v -3.793267 4.948477 -0.821435
v -3.206488 5.082476 -0.618157
v -2.821361 5.103779 -0.511459
v -3.782612 4.949649 -0.816358
v -2.884291 5.145419 -0.540595
v -2.901996 5.147227 -0.503872
v -2.426912 4.472539 -0.587251
v -2.443982 4.498152 -0.564908
v -2.479019 4.553151 -0.562131
v -2.484466 4.610882 -0.608145
v -2.397271 4.523536 -0.637642
v -2.567062 4.349576 -0.811775
v -2.073841 4.897922 -0.321951
v -2.056360 4.939428 -0.389027
v -2.044811 4.788362 -0.412147
v -2.425997 4.510970 -0.585028
v -2.263975 4.645135 -0.417748
v -2.081171 4.808536 -0.317175
v 1.842185 0.787012 -1.999920
v 1.880847 0.765397 -1.921708
v 1.933258 0.734627 -1.828828
v 1.773116 0.846110 -1.928438
v 1.832443 0.807285 -1.868878
v 1.900048 0.763367 -1.792581
v 1.983643 0.706531 -1.731057
v 1.972210 0.716425 -1.718578
v -0.103455 2.870476 -1.203006
v -0.231988 2.742321 -1.240635
v -0.101706 2.610518 -1.236762
v 0.026827 2.738673 -1.199132
v -0.064141 2.869730 -1.448240
v -0.190108 2.748609 -1.454315
v -0.071933 2.624047 -1.421240
v 0.054034 2.745168 -1.415165
v -0.034047 2.809972 -1.641160
v -0.158306 2.707224 -1.609334
v -0.054581 2.602460 -1.539613
v 0.071162 2.703990 -1.572537
v -0.009964 2.683855 -1.774367
v -0.141777 2.631952 -1.715595
v -0.062231 2.552755 -1.610150
v 0.068796 2.607395 -1.667623
v 0.013047 2.558851 -1.837864
v -0.117347 2.502967 -1.810881
v -0.064704 2.451260 -1.682876
v 0.063630 2.495583 -1.720259
v 0.060886 2.430074 -1.907342
v -0.053454 2.363657 -1.891030
v -0.010693 2.317701 -1.773782
v 0.103378 2.383899 -1.790139
v 0.132267 2.283252 -1.976181
v 0.024978 2.227253 -1.958719
v 0.060963 2.193227 -1.846881
v 0.168162 2.249472 -1.864248
v 0.192645 2.107304 -2.032450
v 0.086801 2.073325 -2.020448
v 0.109373 2.040593 -1.915877
v 0.215028 2.074611 -1.928029
v 0.246111 1.929179 -2.082095
v 0.150688 1.895610 -2.087876
v 0.155650 1.864971 -1.991464
v 0.250945 1.898499 -1.985787
v 0.327841 1.766295 -2.121445
v 0.253760 1.717851 -2.141539
v 0.248492 1.690197 -2.055206
v 0.322749 1.738270 -2.035263
v 0.445260 1.627553 -2.153417
v 0.390106 1.573194 -2.174564
v 0.386915 1.546942 -2.098768
v 0.442059 1.601310 -2.077617
v 0.575964 1.512119 -2.189455
v 0.531886 1.461861 -2.209273
v 0.534633 1.434190 -2.145299
v 0.578929 1.484314 -2.125513
v 0.701643 1.442805 -2.245467
v 0.671736 1.400702 -2.274681
v 0.685777 1.361502 -2.232410
v 0.715478 1.403637 -2.203274
v 0.833302 1.400698 -2.305086
v 0.807340 1.366947 -2.339413
v 0.803911 1.329303 -2.300054
v 0.831947 1.362370 -2.266025
v 0.928985 1.342861 -2.321454
v 0.907597 1.314277 -2.357504
v 0.893738 1.280974 -2.322124
v 0.912469 1.311128 -2.286100
v 0.996155 1.306180 -2.322742
v 0.985231 1.276183 -2.356346
v 0.973374 1.245177 -2.324332
v 0.983704 1.275378 -2.290735
v 1.067870 1.282751 -2.318140
v 1.063630 1.253360 -2.348129
v 1.053995 1.224714 -2.318897
v 1.058354 1.253818 -2.288757
v 1.149570 1.264991 -2.309016
v 1.147828 1.238225 -2.335747
v 1.139363 1.212457 -2.309341
v 1.141225 1.239200 -2.282606
v 1.235579 1.221093 -2.320584
v 1.229350 1.222138 -2.273494
v 1.323792 1.195441 -2.305969
v 1.319371 1.196077 -2.264747
v 1.422136 1.168043 -2.278397
v 1.412256 1.154024 -2.296974
v 1.401808 1.138810 -2.280055
v 1.411879 1.152554 -2.261614
v 1.504670 1.079318 -2.287670
v 1.492588 1.071165 -2.302460
v 1.481350 1.061466 -2.287943
v 1.493439 1.069609 -2.273152
v 1.586500 0.964219 -2.273991
v 1.581200 0.952924 -2.284423
v 1.569625 0.948405 -2.273555
v 1.575127 0.959490 -2.263038
v 1.700283 0.877977 -2.147310
v 1.700244 0.866695 -2.151962
v 1.690037 0.864171 -2.145757
v 1.690080 0.875450 -2.141101
v 1.825186 0.799766 -1.937705
v 1.824771 0.792693 -1.941326
v 1.817780 0.791315 -1.937844
v 1.818195 0.798377 -1.934231
v -0.067610 5.323462 0.276553
v -0.196526 5.678321 0.664677
v -0.158500 4.216421 -0.481609
v 0.030128 2.747871 -0.985651
v -0.105742 3.464144 -0.574193
v -0.035203 5.721063 0.017064
v -0.103074 6.106023 0.438612
v -0.051695 4.614504 -0.880198
v 0.214200 3.135526 -1.277156
v -0.058122 3.841259 -1.131574
v 0.006509 4.799584 -0.248010
v 0.084254 5.162626 -0.599773
v -0.124015 3.763548 -0.383615
v -0.140529 4.208091 -1.048647
v -0.030207 3.189133 -0.741194
v 0.026303 3.622520 -1.169065
v -0.115792 5.506177 0.478822
v -0.215521 5.867946 0.205393
v -0.050977 2.738393 -1.099243
v 0.027060 5.075196 -0.072911
v -0.134870 5.456510 -0.216514
v -0.061881 4.518618 -0.298892
v -0.101330 4.892856 -0.824201
v -0.127879 3.926797 -0.309037
v -0.249229 4.491179 -0.984596
v -0.136448 3.634958 -0.510843
v -0.251644 3.946538 -1.113482
v -0.076799 3.317377 -0.593197
v -0.163093 3.697990 -1.141272
v 0.004406 3.039188 -0.941015
v -0.080661 3.486099 -1.261044
v -0.239891 5.812983 0.806533
v -0.339743 6.363585 0.716784
v -0.381431 6.016220 1.048221
v -0.499577 6.367407 1.122944
v -0.636160 5.874615 1.581506
v -0.122264 3.542045 -0.555112
v -0.080509 5.415824 0.375264
v 0.051465 2.904348 -0.986047
v -0.118221 4.363155 -0.384435
v -0.153062 3.858582 -1.141267
v -0.113875 5.802963 0.102183
v -0.000434 3.379971 -1.329495
v -0.071151 4.750894 -0.878520
v 0.028258 4.938377 -0.188749
v -0.018250 5.325057 -0.412568
v -0.114813 3.803129 -0.331893
v -0.198209 4.370182 -1.035372
v -0.058680 3.273833 -0.674501
v -0.068304 3.646615 -1.158126
v -0.154099 5.597476 0.572558
v -0.164354 5.972523 0.313477
v -0.085125 2.672264 -1.066749
v 0.090616 2.827463 -1.112475
v -0.009417 5.208884 0.100133
v -0.096013 5.593652 -0.086756
v -0.020144 4.662463 -0.251188
v 0.004604 5.018328 -0.743278
v -0.166769 4.079046 -0.427807
v -0.157611 4.533519 -0.946085
v -0.135874 3.710230 -0.448851
v -0.207636 4.081592 -1.077202
v -0.092230 3.396445 -0.578024
v -0.115174 3.777330 -1.133900
v -0.017664 3.144595 -0.850190
v -0.022345 3.559160 -1.203463
v -0.132326 6.038954 0.377075
v -0.187809 6.250021 0.571929
v -0.327944 5.918284 0.929059
v -0.444350 6.398792 0.906937
v -0.450839 6.072834 1.235642
v -0.551517 6.468540 1.187207
v -0.429208 5.965800 1.309850
v -0.665314 6.451889 1.014099
v -0.494774 5.931656 1.164392
v -0.643729 5.870008 1.285301
v -0.785898 6.410522 1.108815
v -0.560692 5.918486 1.412153
v -0.665348 6.431997 1.275692
v -0.428371 6.608282 0.657478
v -0.469260 6.603577 0.604023
v -0.499737 6.614362 0.624557
v -0.457157 6.620275 0.676459
v -0.295143 6.814019 0.477196
v -0.309213 6.811361 0.470848
v -0.311913 6.822832 0.464941
v -0.297843 6.825490 0.471288
v -0.586446 6.467521 1.083490
v -0.436304 5.958458 1.216846
v -0.585220 5.891403 1.201476
v -0.644336 6.210361 1.399359
v -0.747605 6.413957 1.209436
v -0.626781 5.885448 1.367833
v -0.759068 6.176142 1.235472
v -0.513847 6.257075 1.297863
v -0.747569 6.427628 1.029573
v -0.479774 5.950899 1.385209
v -0.616078 6.232616 1.121336
v -0.586457 6.453840 1.263313
v -0.443261 6.603794 0.627047
v -0.484005 6.619453 0.654213
v -0.492323 6.607973 0.604411
v -0.434937 6.615274 0.676845
v -0.670877 6.530916 0.867042
v -0.593891 6.545668 0.807297
v -0.584644 6.542742 0.983325
v -0.512516 6.554024 0.928052
v -0.291951 6.831161 0.470658
v -0.294825 6.844141 0.462411
v -0.301890 6.836015 0.463286
v -0.284886 6.839290 0.469784
v -0.343883 6.719997 0.516933
v -0.351539 6.736789 0.515408
v -0.372853 6.733190 0.498721
v -0.364985 6.716549 0.500050
v -0.558006 6.239822 1.379731
v -0.541356 6.252866 1.191539
v -0.726608 6.184185 1.336860
v -0.648093 6.536399 0.814941
v -0.709656 6.197441 1.148329
v -0.342741 6.730954 0.518743
v -0.641744 6.534389 0.935971
v -0.539228 6.552287 0.856898
v -0.532862 6.550274 0.977905
v -0.272108 6.877997 0.457016
v -0.362610 6.739918 0.506234
v -0.371889 6.726099 0.495920
v -0.352022 6.717135 0.508429
v -0.046832 6.345689 1.596602
v -0.325358 5.940520 1.394092
v 0.130722 6.258115 1.659836
v -0.186826 5.856694 1.414196
v -0.294006 5.784877 1.568993
v 0.049366 6.207199 1.786373
v -0.413774 5.882723 1.531332
v -0.122046 6.299745 1.716413
v 0.472961 6.388878 1.388630
v 0.528859 6.360611 1.413688
v 0.517535 6.366735 1.449759
v 0.463168 6.396247 1.423018
v 0.679671 6.576727 1.267955
v 0.687231 6.568804 1.279153
v 0.696508 6.577359 1.282962
v 0.688949 6.585282 1.271764
v 0.056614 6.310986 1.605133
v -0.238408 5.910286 1.377378
v -0.218380 5.802106 1.499053
v -0.305170 6.127800 1.674486
v -0.051025 6.244393 1.774496
v -0.370389 5.823037 1.575816
v -0.141155 6.025727 1.736718
v -0.217524 6.184943 1.538238
v 0.122767 6.215768 1.735582
v -0.392452 5.929643 1.456043
v -0.040857 6.092594 1.587950
v -0.117147 6.339600 1.644013
v 0.502889 6.373479 1.394555
v 0.488372 6.382755 1.442995
v 0.533535 6.358255 1.436578
v 0.457728 6.397980 1.400966
v 0.292972 6.296294 1.648907
v 0.340921 6.318113 1.565608
v 0.172271 6.358492 1.597327
v 0.215813 6.376732 1.518865
v 0.690181 6.592089 1.267354
v 0.702125 6.601460 1.271128
v 0.700158 6.592093 1.276138
v 0.692148 6.601457 1.262345
v 0.623500 6.484514 1.301664
v 0.630961 6.497626 1.312403
v 0.649214 6.484395 1.327812
v 0.641946 6.471439 1.316863
v -0.292489 6.175189 1.595116
v -0.113741 6.148775 1.538416
v -0.240002 6.065734 1.731590
v 0.339996 6.295876 1.616469
v -0.060924 6.039525 1.674574
v 0.624708 6.495456 1.303529
v 0.224040 6.323638 1.638287
v 0.286939 6.351179 1.527077
v 0.171001 6.378938 1.548873
v 0.713080 6.638180 1.256192
v 0.642337 6.495291 1.321438
v 0.649691 6.477423 1.324616
v 0.632062 6.477587 1.306708
v -0.846059 5.077841 1.356324
v -0.876546 5.140620 1.412746
v -0.906960 4.984662 1.427104
v -0.937447 5.047441 1.483526
v -0.936235 4.900227 1.505243
v -0.966721 4.963005 1.561665
v -0.929425 4.837389 1.578845
v -0.959911 4.900168 1.635267
v -0.817035 4.810031 1.670014
v -0.847522 4.872810 1.726436
v -0.728565 4.849675 1.673702
v -0.759052 4.912454 1.730124
v -0.635628 4.918613 1.647207
v -0.666114 4.981392 1.703628
v -0.552370 5.006350 1.594561
v -0.582857 5.069129 1.650983
v -0.588159 5.798827 1.184623
v -0.617522 5.750388 1.193452
v -0.648637 5.734360 1.196364
v -0.652868 5.812610 1.182079
v -0.604582 5.780135 1.202114
v -0.623431 5.765339 1.216748
v -0.641836 5.756690 1.226297
v -0.656994 5.755505 1.229309
v -0.666599 5.761964 1.225324
v -0.669187 5.775084 1.214949
v -0.664366 5.792869 1.199763
v -0.604040 5.793376 1.210008
v -0.622428 5.789804 1.231335
v -0.640526 5.788655 1.245358
v -0.655576 5.790103 1.249939
v -0.665289 5.793930 1.244384
v -0.668185 5.799550 1.229537
v -0.663823 5.806109 1.207658
v -0.599902 5.808218 1.211075
v -0.614783 5.817228 1.233307
v -0.630536 5.824486 1.247933
v -0.644763 5.828886 1.252727
v -0.655299 5.829760 1.246960
v -0.660539 5.826973 1.231508
v -0.659685 5.820951 1.208725
v -0.593277 5.820683 1.205028
v -0.602542 5.840262 1.222134
v -0.614543 5.854581 1.233335
v -0.627453 5.861462 1.236926
v -0.639306 5.859856 1.232361
v -0.648299 5.850007 1.220335
v -0.653061 5.833416 1.202678
v -0.585941 5.827434 1.193488
v -0.588987 5.852734 1.200810
v -0.596832 5.870877 1.205474
v -0.608283 5.879100 1.206769
v -0.621595 5.876151 1.204500
v -0.634743 5.862479 1.199010
v -0.645725 5.840166 1.191137
v -0.579859 5.826659 1.179546
v -0.577749 5.851303 1.175048
v -0.582149 5.869007 1.171815
v -0.592390 5.877076 1.170337
v -0.606912 5.874280 1.170841
v -0.623505 5.861048 1.173249
v -0.639643 5.839392 1.177196
v -0.576661 5.818568 1.166938
v -0.571840 5.836352 1.151753
v -0.574428 5.849472 1.141377
v -0.584033 5.855931 1.137392
v -0.599191 5.854746 1.140404
v -0.617596 5.846097 1.149954
v -0.636445 5.831300 1.164587
v -0.577204 5.805327 1.159044
v -0.572842 5.811886 1.137164
v -0.575738 5.817506 1.122317
v -0.585450 5.821332 1.116761
v -0.600501 5.822781 1.121343
v -0.618598 5.821631 1.135365
v -0.636987 5.818059 1.156693
v -0.581342 5.790485 1.157976
v -0.580488 5.784463 1.135193
v -0.585728 5.781675 1.119741
v -0.596263 5.782550 1.113973
v -0.610491 5.786950 1.118767
v -0.626244 5.794208 1.133394
v -0.641125 5.803218 1.155626
v -0.587966 5.778020 1.164023
v -0.592728 5.761428 1.146366
v -0.601721 5.751580 1.134340
v -0.613574 5.749975 1.129775
v -0.626484 5.756855 1.133367
v -0.638485 5.771174 1.144568
v -0.647750 5.790752 1.161673
v -0.595302 5.771270 1.175564
v -0.606284 5.748956 1.167691
v -0.619432 5.735285 1.162201
v -0.632744 5.732336 1.159932
v -0.644195 5.740559 1.161228
v -0.652040 5.758702 1.165892
v -0.655086 5.784003 1.173214
v -0.601384 5.772044 1.189506
v -0.634115 5.737155 1.195860
v -0.658878 5.742429 1.194886
v -0.663278 5.760133 1.191653
v -0.661168 5.784777 1.187156
v -0.228220 5.711206 1.476600
v -0.245460 5.659815 1.495264
v -0.247632 5.636742 1.521653
v -0.211257 5.705105 1.540308
v -0.247340 5.693171 1.491904
v -0.262257 5.677417 1.509728
v -0.270701 5.666343 1.527357
v -0.271386 5.661634 1.542109
v -0.264209 5.664008 1.551737
v -0.250261 5.673103 1.554776
v -0.231667 5.687535 1.550763
v -0.251134 5.707466 1.496281
v -0.269267 5.703833 1.517815
v -0.279861 5.700857 1.537924
v -0.281301 5.698992 1.553546
v -0.273369 5.698522 1.562304
v -0.257272 5.699519 1.562864
v -0.235461 5.701831 1.555140
v -0.248616 5.722703 1.496034
v -0.264614 5.731985 1.517359
v -0.273781 5.737639 1.537328
v -0.274720 5.738805 1.552902
v -0.267289 5.735305 1.561708
v -0.252619 5.727672 1.562407
v -0.232943 5.717067 1.554893
v -0.240459 5.734796 1.491230
v -0.249544 5.754330 1.508482
v -0.254091 5.766834 1.525729
v -0.253407 5.770406 1.540347
v -0.247599 5.764500 1.550109
v -0.237548 5.750016 1.553530
v -0.224787 5.729160 1.550088
v -0.228851 5.740506 1.483155
v -0.228094 5.764880 1.493561
v -0.226065 5.780620 1.506235
v -0.223073 5.785327 1.519247
v -0.219573 5.778285 1.530615
v -0.216099 5.760566 1.538610
v -0.213178 5.734869 1.542014
v -0.216900 5.738302 1.473973
v -0.206012 5.760809 1.476596
v -0.197214 5.775300 1.484069
v -0.191845 5.779570 1.495255
v -0.190722 5.772965 1.508449
v -0.194017 5.756495 1.521645
v -0.201228 5.732666 1.532832
v -0.207810 5.728776 1.466146
v -0.189216 5.743208 1.462132
v -0.175268 5.752303 1.465171
v -0.168091 5.754677 1.474799
v -0.168776 5.749969 1.489551
v -0.177220 5.738894 1.507180
v -0.192137 5.723140 1.525004
v -0.204016 5.714480 1.461768
v -0.182205 5.716792 1.454045
v -0.166108 5.717788 1.454604
v -0.158176 5.717318 1.463361
v -0.159616 5.715454 1.478984
v -0.170209 5.712478 1.499093
v -0.188343 5.708845 1.520627
v -0.206534 5.699244 1.462015
v -0.186858 5.688640 1.454501
v -0.172188 5.681005 1.455199
v -0.164756 5.677505 1.464006
v -0.165696 5.678672 1.479580
v -0.174863 5.684326 1.499549
v -0.190861 5.693608 1.520874
v -0.214690 5.687151 1.466820
v -0.201928 5.666294 1.463378
v -0.191878 5.651811 1.466799
v -0.186069 5.645905 1.476561
v -0.185387 5.649477 1.491179
v -0.189934 5.661982 1.508427
v -0.199018 5.681516 1.525679
v -0.226299 5.681441 1.474895
v -0.223379 5.655744 1.478298
v -0.219904 5.638026 1.486293
v -0.216404 5.630984 1.497662
v -0.213412 5.635691 1.510673
v -0.211383 5.651431 1.523347
v -0.210626 5.675806 1.533754
v -0.238249 5.683644 1.484076
v -0.248755 5.643344 1.508459
v -0.242263 5.641010 1.532839
v -0.233465 5.655501 1.540312
v -0.222577 5.678009 1.542935
v -0.511590 6.177146 0.863408
v -0.450199 5.989211 1.143563
v -0.420682 6.117637 0.726223
v -0.377433 5.986934 1.086382
v -0.401506 5.991611 0.642697
v -0.362795 5.930514 0.946124
v -0.502716 6.211571 0.687510
v -0.505952 6.214524 0.464841
v -0.492090 6.081009 0.960819
v -0.501797 5.938751 1.127695
v -0.454935 6.100354 0.996964
v -0.442654 6.153951 0.786986
v -0.409377 6.001111 1.120971
v -0.407140 6.079505 0.914530
v -0.385473 5.910631 0.798646
v -0.368695 5.963545 1.031312
v -0.415301 6.065298 0.689066
v -0.516765 6.218828 0.555248
v -0.498120 6.001906 1.045300
v -0.470897 6.128817 0.526251
v -0.470784 6.168054 0.596933
v -0.510199 6.204289 0.795757
v -0.508807 6.131048 0.907061
v -0.484110 5.951897 1.155116
v -0.426489 6.104568 0.959178
v -0.402908 6.010658 0.859646
v -0.466972 6.136205 0.596835
v -0.468784 6.189261 0.660620
v -0.477636 6.061994 1.026172
v -0.468142 5.956663 1.076166
v -0.456209 6.020171 0.954405
v -0.512016 6.137267 0.810175
v -0.454645 6.093742 0.792415
v -0.428105 6.013106 0.756298
v -0.412757 5.955615 1.032368
v -0.436326 5.966793 1.058212
v -0.433688 5.980073 0.902418
v -0.427641 5.896725 0.944178
v -0.446660 5.883726 0.821558
v -0.454132 5.939059 0.698246
v -0.411590 5.933378 1.000663
v -0.429948 5.965486 0.718336
v -0.499161 6.175590 0.680049
v -0.512088 6.188914 0.558164
v -0.508590 6.167414 0.547371
v -0.510203 5.916019 1.067483
v -0.511316 5.965460 1.013939
v -0.505414 6.012431 0.948527
v -0.496662 6.055721 0.597985
v -0.452154 6.080761 0.647787
v -0.506206 6.165316 0.759871
v -0.507650 6.060065 0.867327
v -0.495625 5.926949 1.086891
v -0.439349 6.013579 0.937568
v -0.428124 5.905994 0.851284
v -0.457619 6.034712 0.635061
v -0.464738 6.123978 0.688207
v -0.479264 6.006214 0.999832
v -0.483566 5.897140 1.116480
v -0.489923 5.977821 0.999331
v -0.454182 5.873059 1.072398
v -0.477622 5.881786 1.102520
v -0.477027 5.943506 0.946499
v -0.434609 5.876599 1.032638
v -0.482915 5.976156 0.976327
v -0.468606 5.916567 0.954046
v 0.169888 6.011259 1.416215
v -0.158170 5.918124 1.380455
v 0.267653 5.950080 1.284594
v -0.116775 5.923483 1.297826
v 0.307678 5.818979 1.217979
v -0.002673 5.842853 1.238251
v 0.344362 6.005372 1.374651
v 0.556094 5.955999 1.326362
v 0.047395 5.949685 1.398445
v -0.148989 5.852870 1.413889
v 0.012615 5.986542 1.376236
v 0.224161 5.991633 1.327899
v -0.140174 5.935580 1.339346
v 0.076714 5.961724 1.307027
v 0.134751 5.783997 1.220646
v -0.072818 5.891521 1.271325
v 0.287032 5.894334 1.258793
v 0.473684 5.977731 1.358691
v -0.053849 5.893761 1.405689
v 0.468010 5.900266 1.287883
v 0.412340 5.953083 1.313313
v 0.241265 6.021365 1.405338
v 0.115120 5.979170 1.413185
v -0.174080 5.876428 1.406610
v 0.044824 5.989840 1.341504
v 0.108350 5.886206 1.274374
v 0.402775 5.924489 1.302365
v 0.357855 5.988038 1.331181
v -0.022116 5.951110 1.395685
v -0.100771 5.867237 1.374174
v 0.030300 5.901744 1.349057
v 0.208943 5.961769 1.395010
v 0.203936 5.933428 1.326651
v 0.210828 5.857576 1.274594
v -0.068809 5.871890 1.311376
v -0.086175 5.881558 1.342251
v 0.064338 5.858842 1.306412
v 0.000262 5.792563 1.291289
v 0.115550 5.746871 1.277618
v 0.248964 5.767909 1.268591
v -0.045352 5.844227 1.297752
v 0.233495 5.803988 1.256515
v 0.340625 5.971167 1.361276
v 0.461679 5.951878 1.348075
v 0.465204 5.930370 1.337303
v -0.097165 5.815476 1.402535
v -0.032381 5.848876 1.402446
v 0.041760 5.879236 1.392389
v 0.383759 5.841407 1.312174
v 0.336481 5.888789 1.287520
v 0.263462 5.977962 1.384218
v 0.132344 5.904276 1.386484
v -0.114803 5.834247 1.395811
v 0.041562 5.896515 1.327678
v 0.090730 5.779694 1.272173
v 0.336348 5.841442 1.279120
v 0.312618 5.934752 1.318791
v -0.012777 5.892661 1.378242
v -0.153192 5.816720 1.384476
v -0.018598 5.863091 1.381666
v -0.123211 5.792493 1.340879
v -0.145335 5.800901 1.372069
v 0.019463 5.822650 1.349247
v -0.087868 5.792195 1.313912
v 0.001509 5.858237 1.369287
v 0.003309 5.801693 1.336859
vn 0.4629 0.4899 -0.7387
vn -0.1476 0.9878 -0.0487
vn -0.3691 0.8416 -0.3944
vn -0.0090 0.6939 -0.7200
vn -0.8198 0.5204 0.2390
vn -0.7515 0.6592 -0.0266
vn -0.6465 0.5271 -0.5516
vn -0.5042 0.6783 -0.5344
vn -0.2591 0.8127 -0.5220
vn -0.7031 0.5096 -0.4959
vn -0.2963 0.6371 -0.7115
vn -0.8321 0.2769 -0.4806
vn -0.5701 0.1318 -0.8109
vn -0.5101 0.2301 -0.8287
vn -0.1014 0.3975 -0.9120
vn -0.5461 -0.2173 -0.8091
vn -0.5093 -0.2713 -0.8167
vn -0.5539 0.2126 -0.8050
vn -0.5623 -0.1135 -0.8191
vn -0.5507 -0.1179 -0.8264
vn -0.4775 0.4813 -0.7351
vn -0.5291 0.3509 -0.7726
vn -0.4478 0.4393 -0.7788
vn -0.5328 0.2655 -0.8035
vn -0.6392 0.1987 -0.7429
vn -0.5761 0.0874 -0.8127
vn -0.4387 0.6029 -0.6664
vn -0.1884 0.7691 -0.6108
vn -0.4987 0.4028 -0.7675
vn -0.4895 0.5180 -0.7015
vn -0.2492 0.7754 -0.5803
vn -0.0526 0.8382 -0.5429
vn -0.1447 0.4710 -0.8702
vn 0.1312 0.4856 -0.8643
vn 0.1897 0.4820 -0.8554
vn -0.1664 0.4525 -0.8761
vn -0.3471 -0.0969 -0.9328
vn -0.3294 -0.0858 -0.9403
vn -0.3231 -0.0249 -0.9460
vn -0.3397 -0.0518 -0.9391
vn -0.4357 0.0907 -0.8955
vn -0.3337 0.0243 -0.9424
vn -0.4073 -0.0866 -0.9092
vn -0.1318 0.1032 -0.9859
vn 0.0112 0.3110 -0.9504
vn -0.2470 0.0096 -0.9690
vn -0.3520 -0.0969 -0.9310
vn -0.2263 0.0728 -0.9713
vn -0.3548 -0.1214 -0.9270
vn -0.3861 -0.2224 -0.8953
vn -0.4411 -0.0761 -0.8942
vn -0.4981 -0.4064 -0.7660
vn -0.4609 -0.4057 -0.7893
vn -0.5042 -0.3720 -0.7794
vn -0.5340 -0.2688 -0.8016
vn -0.6047 -0.0346 -0.7957
vn -0.1228 -0.6520 -0.7482
vn -0.4668 0.1624 -0.8693
vn -0.6039 0.2815 -0.7457
vn -0.5310 0.1441 -0.8350
vn -0.6120 -0.1121 -0.7829
vn 0.0148 -0.7686 -0.6396
vn 0.0891 -0.8034 -0.5888
vn 0.4086 0.4916 -0.7690
vn -0.2470 0.8053 0.5390
vn 0.5776 0.4526 -0.6794
vn 0.3017 -0.0044 -0.9534
vn -0.4712 -0.2202 -0.8541
vn -0.4301 -0.1637 -0.8878
vn 0.0097 0.6322 -0.7747
vn 0.4275 0.5971 -0.6787
vn 0.5413 0.1452 -0.8282
vn 0.1943 0.1929 -0.9618
vn 0.9278 0.2062 -0.3110
vn 0.9235 0.1054 -0.3688
vn 0.9574 0.2407 -0.1594
vn 0.5340 -0.3644 -0.7630
vn 0.1410 -0.5569 -0.8185
vn 0.7592 -0.5999 -0.2524
vn 0.4841 -0.5719 -0.6623
vn 0.9250 -0.2506 -0.2856
vn 0.6830 -0.5459 -0.4853
vn 0.7542 -0.0277 -0.6561
vn 0.8645 0.2983 -0.4047
vn 0.7204 0.2654 -0.6408
vn 0.9246 0.2029 0.3223
vn 0.8932 0.0246 0.4490
vn 0.3081 -0.6610 0.6842
vn 0.3791 -0.6634 0.6452
vn 0.5674 -0.8160 -0.1107
vn 0.6993 -0.6953 -0.1658
vn 0.5564 -0.7102 0.4312
vn 0.5401 -0.7521 -0.3776
vn 0.8933 0.1372 0.4281
vn 0.7059 -0.6162 0.3492
vn 0.6586 -0.7525 0.0040
vn 0.0517 -0.9208 -0.3866
vn 0.2809 -0.9353 -0.2150
vn 0.2083 -0.9777 0.0280
vn -0.0105 -0.9988 0.0479
vn 0.3911 -0.9184 -0.0594
vn 0.5638 -0.8217 0.0836
vn 0.4672 0.3381 -0.8169
vn 0.5030 0.2976 -0.8115
vn 0.3704 0.4141 -0.8315
vn 0.2675 0.2221 -0.9376
vn 0.3297 0.2064 -0.9213
vn 0.4702 0.2715 -0.8398
vn 0.7095 0.4479 0.5441
vn 0.6916 0.6221 0.3670
vn 0.5649 0.4870 0.6661
vn 0.6054 0.3154 0.7308
vn 0.8000 0.5287 0.2836
vn 0.5232 0.3411 0.7809
vn 0.1817 0.2389 0.9539
vn 0.3453 0.3320 0.8778
vn 0.5827 0.2506 0.7731
vn 0.4859 -0.0759 0.8707
vn 0.7801 0.0138 0.6255
vn 0.7184 -0.4877 0.4960
vn 0.4407 -0.6628 0.6054
vn 0.3076 -0.0600 0.9496
vn 0.1041 -0.3999 0.9106
vn -0.8747 -0.4636 -0.1413
vn -0.0803 -0.9891 -0.1233
vn -0.3562 -0.6788 0.6421
vn -0.8971 -0.1011 0.4302
vn 0.6353 -0.6746 -0.3760
vn 0.9695 0.0602 -0.2376
vn 0.7506 -0.6567 0.0725
vn 0.3576 -0.8310 0.4262
vn 0.5211 -0.5090 0.6851
vn 0.0980 -0.4444 0.8905
vn -0.1226 -0.2653 0.9564
vn -0.6389 0.2262 0.7353
vn 0.8696 0.4711 0.1478
vn 0.5221 0.7287 -0.4433
vn 0.3525 0.8446 -0.4030
vn 0.8878 0.3165 0.3340
vn 0.1867 0.6973 -0.6921
vn -0.1041 0.7389 -0.6657
vn -0.0347 0.9178 -0.3954
vn 0.4911 0.8055 -0.3316
vn 0.9253 0.3355 0.1768
vn 0.5871 0.4748 -0.6557
vn 0.9652 -0.1807 0.1891
vn 0.5513 0.4534 -0.7004
vn 0.9031 0.4290 0.0181
vn 0.8273 -0.4299 0.3617
vn 0.9775 0.0443 0.2064
vn 0.8621 -0.0455 0.5047
vn 0.8608 -0.0925 0.5004
vn 0.7165 -0.3074 0.6262
vn 0.3793 -0.6218 -0.6852
vn -0.1035 -0.7708 -0.6287
vn 0.7866 -0.4397 -0.4334
vn 0.6107 -0.7089 -0.3529
vn 0.2789 -0.8328 -0.4782
vn -0.0554 -0.8753 -0.4805
vn 0.7184 -0.6956 0.0036
vn 0.6501 -0.7060 0.2809
vn 0.2623 -0.9111 -0.3178
vn 0.7039 -0.6144 -0.3564
vn 0.8926 -0.2563 0.3708
vn 0.6617 -0.7396 -0.1229
vn -0.8146 -0.0811 -0.5743
vn -0.3617 -0.5509 0.7521
vn -0.6435 -0.6089 0.4639
vn 0.3468 0.8958 0.2781
vn 0.7722 0.1632 0.6140
vn -0.1164 0.9926 0.0359
vn 0.0261 0.7908 0.6116
vn -0.2430 0.8892 0.3876
vn -0.1135 0.8841 0.4533
vn 0.1129 0.7347 0.6690
vn 0.5376 0.0674 0.8405
vn 0.5317 0.0836 0.8428
vn 0.6649 -0.6454 0.3759
vn 0.4534 -0.8826 -0.1244
vn 0.5816 -0.7322 0.3545
vn 0.7415 0.1591 0.6518
vn 0.6041 0.0254 0.7965
vn 0.5231 0.4205 0.7413
vn 0.6608 0.3271 0.6756
vn 0.6052 -0.0934 0.7905
vn 0.6674 0.2328 0.7074
vn 0.5577 0.2485 0.7920
vn 0.4078 0.2610 0.8750
vn 0.7472 -0.5040 0.4332
vn 0.6077 -0.0897 0.7891
vn 0.5298 -0.0187 0.8479
vn 0.6854 -0.3984 0.6095
vn 0.3239 -0.0102 0.9461
vn 0.3584 0.0106 0.9335
vn 0.2653 -0.1149 0.9573
vn 0.3942 -0.1172 0.9115
vn 0.2957 -0.1516 0.9432
vn 0.0974 -0.0555 0.9937
vn 0.6889 -0.5685 0.4497
vn 0.6614 -0.6229 0.4177
vn 0.4587 -0.4058 0.7906
vn 0.4412 -0.7687 0.4630
vn 0.2867 -0.2870 0.9140
vn 0.4196 -0.7406 0.5248
vn -0.0163 -0.8648 0.5018
vn -0.0462 -0.9439 0.3270
vn 0.0163 0.0602 0.9981
vn -0.1476 0.0918 0.9848
vn -0.0769 0.2110 0.9745
vn 0.0275 0.1898 0.9814
vn -0.2702 0.1550 0.9503
vn -0.0949 0.1622 0.9822
vn -0.2314 0.3105 0.9220
vn -0.1834 0.2653 0.9466
vn -0.7083 0.0181 0.7057
vn -0.3992 0.0303 0.9164
vn 0.1601 0.1213 0.9796
vn 0.4553 -0.0222 0.8901
vn 0.5947 -0.7506 -0.2879
vn 0.7461 -0.6568 0.1098
vn 0.7612 -0.6434 0.0815
vn 0.6419 -0.6993 -0.3146
vn 0.6917 -0.5738 0.4386
vn 0.4172 -0.0154 0.9087
vn 0.6934 -0.6860 0.2204
vn 0.3472 -0.0518 0.9364
vn 0.2440 -0.1697 0.9548
vn 0.4783 -0.8545 0.2025
vn 0.6564 -0.7199 -0.2257
vn 0.4668 -0.8720 -0.1471
vn -0.0825 -0.8527 -0.5158
vn 0.3035 -0.6877 -0.6595
vn 0.8055 -0.0717 -0.5882
vn 0.3905 -0.6786 -0.6221
vn 0.7861 -0.1530 -0.5988
vn 0.9615 0.1204 -0.2470
vn 0.8505 0.2454 -0.4653
vn 0.9509 0.2536 -0.1774
vn 0.8836 0.4107 -0.2249
vn 0.8420 0.4406 -0.3112
vn 0.8396 -0.0812 -0.5372
vn 0.9069 0.3476 -0.2382
vn 0.7798 0.6189 0.0937
vn 0.7723 0.6352 -0.0031
vn 0.5771 0.3812 0.7222
vn 0.8424 0.4799 0.2451
vn 0.8077 0.4999 0.3125
vn 0.3301 -0.5841 -0.7415
vn 0.8939 -0.4438 0.0638
vn 0.4757 -0.2400 -0.8462
vn 0.9437 0.2712 -0.1896
vn 0.8437 0.5363 0.0235
vn 0.3559 0.8840 -0.3032
vn -0.0136 0.7635 -0.6457
vn -0.3391 0.9330 0.1205
vn 0.1099 0.9936 0.0244
vn -0.5892 0.3413 -0.7324
vn -0.7710 0.6307 0.0882
vn -0.8778 0.3192 0.3571
vn -0.2456 0.8305 0.4999
vn 0.5753 0.7605 0.3012
vn 0.5442 0.7128 -0.4424
vn 0.9320 -0.2718 -0.2398
vn 0.0182 0.3602 -0.9327
vn -0.3439 -0.1195 -0.9314
vn 0.6223 0.6040 -0.4979
vn -0.6889 0.3690 -0.6239
vn -0.7924 0.5251 -0.3105
vn -0.0283 0.2933 -0.9556
vn 0.1384 0.2090 -0.9681
vn 0.9949 -0.0109 -0.1007
vn 0.8184 0.3495 -0.4562
vn 0.6945 0.1781 -0.6971
vn 0.9755 -0.1773 0.1306
vn -0.4340 -0.7761 -0.4575
vn -0.9737 0.1295 -0.1873
vn -0.8717 0.4536 0.1856
vn -0.2480 0.8215 0.5135
vn 0.6572 0.6826 0.3197
vn -0.8952 0.3515 0.2742
vn -0.9355 0.2503 0.2493
vn -0.3356 0.5543 0.7617
vn 0.6971 0.5140 0.4999
vn 0.8960 -0.2867 0.3392
vn 0.6854 0.6303 0.3647
vn 0.8796 0.4755 0.0157
vn 0.7004 -0.6685 -0.2501
vn 0.4249 0.9049 -0.0253
vn 0.2835 0.9564 0.0698
vn 0.8605 0.4845 0.1577
vn 0.9820 0.1811 0.0538
vn 0.8999 -0.4091 -0.1512
vn -0.8010 -0.5985 0.0154
vn 0.6259 -0.3051 0.7178
vn 0.3700 -0.8454 -0.3851
vn -0.1205 -0.9432 -0.3097
vn 0.3681 -0.8830 -0.2913
vn -0.5064 -0.8367 -0.2087
vn -0.7311 0.4746 -0.4901
vn -0.8354 0.5333 -0.1329
vn -0.9564 -0.2720 -0.1065
vn -0.8446 0.5304 0.0728
vn -0.9605 -0.2690 0.0711
vn -0.9772 -0.0062 0.2124
vn -0.2235 -0.9739 -0.0405
vn -0.1712 -0.9823 0.0759
vn -0.4834 -0.7984 0.3590
vn -0.5626 -0.7759 0.2854
vn -0.1912 -0.8953 0.4022
vn -0.4383 -0.8600 0.2614
vn -0.0776 -0.9876 0.1367
vn -0.1053 -0.9943 0.0146
vn -0.1683 -0.2953 0.9404
vn -0.6307 -0.3744 0.6797
vn -0.7264 -0.3962 0.5616
vn -0.8527 -0.2377 0.4651
vn -0.3301 -0.5563 0.7626
vn -0.5881 -0.6966 0.4110
vn 0.3026 -0.9418 0.1466
vn 0.2435 -0.9460 0.2139
vn 0.8104 -0.5248 0.2604
vn 0.6993 -0.7090 0.0911
vn 0.4656 -0.8708 -0.1578
vn 0.0376 0.6522 0.7571
vn 0.4157 0.0012 0.9095
vn -0.2006 0.7956 0.5716
vn -0.3406 0.5665 0.7504
vn -0.1724 0.4721 0.8645
vn 0.2157 0.1710 0.9614
vn 0.7965 0.2086 0.5676
vn 0.8913 0.1342 0.4330
vn 0.6042 -0.7406 0.2939
vn 0.6673 -0.2911 0.6855
vn 0.8733 -0.3109 0.3751
vn 0.5992 -0.6560 0.4590
vn 0.5333 -0.2353 0.8125
vn 0.6354 -0.1567 0.7561
vn 0.6122 -0.2402 0.7533
vn -0.2774 0.5133 0.8122
vn 0.8975 0.1425 0.4174
vn -0.8980 0.2931 0.3281
vn -0.7633 -0.3682 0.5309
vn -0.1887 -0.3182 0.9291
vn 0.6675 -0.1785 0.7229
vn 0.9629 0.2515 -0.0980
vn 0.8927 -0.1961 -0.4057
vn 0.9141 0.3986 0.0753
vn 0.9682 0.2386 0.0758
vn 0.9941 0.0728 -0.0806
vn 0.8896 -0.0999 -0.4456
vn 0.3763 -0.5507 -0.7451
vn -0.7888 -0.4527 -0.4157
vn 0.4758 -0.0697 -0.8768
vn -0.6829 0.1091 -0.7223
vn -0.9895 0.0639 0.1295
vn -0.9663 0.1307 0.2218
vn -0.9718 0.2012 0.1227
vn -0.9750 0.1716 0.1412
vn -0.8457 -0.4963 0.1963
vn -0.8132 -0.5810 0.0335
vn 0.0606 -0.9971 -0.0465
vn 0.0888 -0.9898 0.1116
vn -0.5125 -0.7896 -0.3376
vn 0.2999 -0.9232 -0.2403
vn 0.6808 -0.7066 -0.1929
vn 0.6645 -0.7268 -0.1739
vn 0.6999 -0.7138 -0.0249
vn 0.9501 -0.2691 -0.1581
vn 0.8587 -0.4041 -0.3152
vn 0.9846 -0.1477 -0.0930
vn 0.5072 -0.4744 -0.7195
vn -0.5663 -0.1655 -0.8074
vn -0.9969 0.0692 0.0360
vn -0.9572 0.2515 0.1434
vn -0.2556 0.3819 -0.8882
vn 0.1665 0.3899 -0.9057
vn -0.6272 0.4415 -0.6416
vn -0.9352 -0.0309 -0.3528
vn -0.5533 -0.6150 -0.5619
vn -0.1633 -0.0625 -0.9846
vn -0.9185 0.3466 0.1901
vn -0.3764 0.2139 0.9014
vn -0.2288 0.0916 0.9692
vn -0.8213 0.0195 0.5701
vn 0.1646 0.0070 0.9863
vn 0.6494 -0.0816 0.7560
vn 0.3542 -0.0584 0.9333
vn 0.8278 0.2516 0.5015
vn 0.6168 0.2225 0.7550
vn 0.3541 0.1282 0.9264
vn 0.9846 0.0983 0.1444
vn 0.6539 0.3594 -0.6658
vn 0.4266 0.1031 -0.8985
vn 0.9632 0.2040 -0.1749
vn -0.8509 -0.2381 -0.4683
vn -0.5190 -0.7916 -0.3224
vn -0.9354 0.1448 0.3226
vn -0.5028 0.4764 0.7213
vn 0.0852 0.4441 0.8919
vn 0.6404 0.2473 0.7272
vn 0.8547 0.5121 0.0851
vn 0.8623 0.3140 0.3973
vn 0.6253 0.3775 -0.6830
vn -0.1396 -0.0104 -0.9901
vn 0.4681 0.5706 -0.6748
vn 0.9069 0.1483 -0.3943
vn 0.2469 0.6002 -0.7608
vn 0.6319 0.1906 0.7513
vn -0.2057 0.2231 0.9529
vn 0.3193 -0.6924 0.6471
vn 0.7883 -0.5685 0.2352
vn -0.7003 -0.5628 0.4392
vn 0.0135 -0.9939 0.1098
vn 0.8831 -0.4675 0.0396
vn 0.5822 -0.8015 0.1363
vn -0.1292 -0.9848 -0.1160
vn -0.1263 -0.9586 -0.2551
vn 0.3099 -0.9366 -0.1636
vn 0.3576 -0.9323 -0.0538
vn 0.6893 -0.7222 -0.0568
vn 0.7176 -0.6931 0.0680
vn -0.5160 -0.8471 -0.1267
vn -0.7318 -0.6081 -0.3079
vn -0.5399 -0.7988 -0.2654
vn -0.6497 -0.7589 -0.0443
vn 0.6750 0.6925 0.2547
vn 0.9792 -0.1929 0.0635
vn 0.2994 0.8513 0.4309
vn -0.0512 0.8552 0.5157
vn 0.7190 0.2418 0.6516
vn 0.9774 0.0134 0.2107
vn 0.7623 -0.6394 0.1004
vn -0.9665 0.0998 0.2365
vn -0.7236 -0.6836 0.0957
vn -0.7724 -0.6330 0.0520
vn -0.9145 0.0868 0.3951
vn -0.1240 -0.9875 -0.0975
vn -0.1024 -0.9695 -0.2227
vn 0.0698 -0.5367 -0.8409
vn -0.7654 0.0953 -0.6364
vn -0.8600 0.5090 0.0359
vn 0.6567 -0.6825 -0.3208
vn 0.8531 -0.0523 -0.5191
vn 0.1937 0.2752 -0.9417
vn 0.7760 -0.5144 0.3650
vn 0.8939 0.0181 0.4478
vn 0.9049 0.1013 0.4134
vn 0.9035 -0.2861 -0.3191
vn 0.3799 -0.1822 -0.9069
vn -0.7143 0.6212 0.3222
vn -0.6027 0.5211 0.6043
vn -0.2696 0.5941 0.7579
vn -0.5273 0.4202 0.7385
vn -0.0828 0.3639 0.9277
vn 0.5406 0.0662 0.8387
vn 0.8295 -0.5339 0.1641
vn 0.5249 -0.0451 0.8500
vn 0.4087 -0.9093 -0.0783
vn 0.5175 -0.8321 -0.1994
vn 0.4307 -0.4225 0.7975
vn -0.4921 -0.1415 0.8590
vn -0.4264 0.8115 0.3995
vn -0.5543 0.2770 0.7849
vn -0.5745 -0.0673 -0.8157
vn -0.2588 -0.3130 -0.9138
vn -0.7481 -0.4892 -0.4483
vn -0.7056 -0.3009 -0.6416
vn -0.3024 0.2208 -0.9273
vn 0.0996 0.8919 0.4412
vn -0.9109 0.4066 0.0705
vn 0.9360 -0.2814 0.2117
vn -0.2601 0.3402 -0.9037
vn -0.4705 0.6244 -0.6235
vn -0.5481 0.4948 -0.6743
vn -0.6195 0.6029 -0.5027
vn -0.2975 0.5592 -0.7738
vn 0.0108 0.5382 -0.8427
vn -0.1881 0.5610 -0.8062
vn -0.4816 0.4676 -0.7412
vn 0.2807 -0.1158 -0.9528
vn 0.1176 0.0308 -0.9926
vn 0.0319 0.2846 -0.9581
vn -0.3227 0.2911 -0.9006
vn 0.5827 0.1829 -0.7918
vn 0.7393 0.2671 -0.6181
vn -0.9113 -0.1491 -0.3837
vn -0.3875 -0.2603 -0.8844
vn -0.4421 -0.7557 -0.4832
vn -0.9272 -0.3540 -0.1225
vn 0.2658 -0.8413 -0.4706
vn 0.3357 -0.8239 -0.4567
vn -0.4517 -0.7495 -0.4839
vn -0.9234 -0.3425 -0.1731
vn -0.3336 0.5083 -0.7939
vn -0.8430 0.4160 -0.3409
vn -0.8057 0.3240 0.4959
vn -0.2479 0.0206 0.9686
vn -0.9079 0.1197 0.4018
vn -0.4022 0.0603 0.9136
vn 0.1342 -0.1136 0.9844
vn 0.3230 0.2666 0.9081
vn 0.8933 0.2212 0.3912
vn 0.3931 0.6592 0.6410
vn 0.4842 0.6358 0.6010
vn 0.9315 0.1704 0.3213
vn -0.2891 0.7133 0.6385
vn -0.3469 0.7456 0.5690
vn -0.5220 0.6306 0.5744
vn 0.4622 0.6431 0.6106
vn 0.9269 0.2528 0.2774
vn -0.8718 0.2047 0.4450
vn -0.3441 0.4917 0.7999
vn -0.8943 0.2980 0.3337
vn 0.2405 0.4247 0.8728
vn 0.8289 -0.0039 0.5594
vn 0.8529 -0.5217 -0.0205
vn 0.9173 -0.3935 -0.0608
vn 0.5383 -0.4774 -0.6945
vn 0.9914 -0.0962 -0.0889
vn 0.9397 0.3403 -0.0333
vn 0.7454 0.1156 -0.6566
vn 0.8614 0.3688 0.3493
vn 0.9210 -0.2901 0.2601
vn 0.9015 -0.4143 -0.1252
vn 0.6378 -0.2455 -0.7300
vn 0.9513 -0.3022 -0.0605
vn 0.4613 -0.6989 -0.5466
vn -0.4490 -0.6028 -0.6595
vn -0.9495 -0.1582 -0.2709
vn -0.3901 -0.4953 -0.7762
vn -0.9286 -0.1387 -0.3441
vn -0.9211 0.3415 0.1868
vn -0.9683 0.2224 0.1133
vn -0.5721 -0.4671 0.6742
vn -0.7573 -0.6511 0.0508
vn 0.0213 -0.9998 0.0007
vn 0.3467 -0.5718 0.7435
vn -0.7466 -0.3990 -0.5324
vn -0.1608 -0.5564 -0.8152
vn -0.2846 -0.1559 -0.9459
vn -0.9193 -0.0993 -0.3809
vn -0.9920 0.0133 0.1257
vn -0.5774 0.3284 0.7475
vn 0.3700 0.3623 0.8555
vn 0.5494 -0.8175 -0.1728
vn 0.6398 -0.7380 0.2144
vn 0.7754 -0.4132 0.4775
vn -0.2364 0.2006 0.9507
vn 0.0891 0.0267 0.9957
vn -0.3707 0.3130 0.8744
vn 0.6069 -0.2990 0.7364
vn 0.6161 -0.1993 0.7621
vn 0.5692 -0.2015 0.7971
vn 0.6450 -0.3135 0.6969
vn 0.4817 -0.1537 0.8628
vn 0.3720 -0.1011 0.9227
vn 0.1138 -0.9865 0.1178
vn 0.5536 -0.8324 0.0253
vn -0.8795 -0.4750 -0.0291
vn 0.4858 -0.8741 -0.0049
vn 0.7000 -0.6933 0.1713
vn 0.0724 0.4496 -0.8903
vn 0.6154 -0.7851 -0.0701
vn 0.1852 -0.5354 0.8241
vn 0.1885 0.1934 0.9628
vn 0.1941 0.0066 0.9810
vn -0.1436 0.1660 0.9756
vn -0.0777 -0.1120 0.9907
vn 0.8623 0.3724 0.3430
vn 0.8646 -0.4902 0.1101
vn 0.7941 -0.6056 0.0511
vn 0.9488 -0.3130 -0.0427
vn -0.6447 0.6641 0.3784
vn -0.8478 0.4860 0.2123
vn -0.8095 0.5841 -0.0600
vn -0.7966 0.6044 0.0094
vn 0.5592 -0.2035 0.8037
vn 0.6957 -0.2129 0.6860
vn 0.5596 -0.7799 0.2804
vn 0.6748 -0.6618 0.3266
vn 0.8264 -0.4300 0.3635
vn 0.7039 0.0204 0.7100
vn 0.6426 -0.5930 0.4853
vn 0.7527 -0.4797 0.4509
vn 0.8515 -0.1114 0.5125
vn 0.7208 -0.0197 0.6928
vn 0.5807 -0.6115 0.5375
vn 0.4787 -0.7855 -0.3922
vn 0.5545 -0.6834 -0.4749
vn 0.5822 -0.6732 -0.4560
vn 0.4698 -0.8136 -0.3425
vn 0.4801 -0.8367 -0.2635
vn 0.4535 -0.7658 -0.4559
vn 0.3578 -0.8510 -0.3845
vn 0.8593 -0.3460 0.3768
vn 0.9188 -0.0064 0.3947
vn 0.5619 -0.6548 -0.5054
vn 0.4857 -0.6604 -0.5726
vn -0.2453 0.6296 0.7372
vn -0.3551 0.6342 0.6869
vn 0.5774 -0.6570 -0.4847
vn 0.5725 -0.6939 -0.4367
vn -0.2739 0.6298 0.7268
vn 0.0337 -0.6350 -0.7718
vn -0.8673 0.4562 0.1992
vn -0.6112 0.6531 0.4471
vn -0.6679 0.6511 0.3605
vn 0.6347 -0.6204 -0.4607
vn 0.6237 -0.5950 -0.5070
vn -0.5551 0.7162 0.4230
vn -0.2609 0.6612 0.7034
vn -0.4854 -0.0112 -0.8742
vn -0.9159 -0.1272 -0.3807
vn -0.5230 0.8246 0.2156
vn -0.3253 0.9215 0.2123
vn 0.8232 0.1490 -0.5478
vn 0.5225 0.0260 -0.8522
vn -0.4837 0.8291 0.2805
vn 0.9052 0.0918 -0.4150
vn -0.1396 0.9556 0.2594
vn -0.1832 -0.1810 -0.9663
vn -0.4563 0.7968 0.3961
vn -0.5673 0.8033 0.1813
vn 0.2482 -0.2194 -0.9435
vn 0.3266 -0.4258 -0.8438
vn -0.5131 0.8194 0.2556
vn -0.4548 0.1297 -0.8811
vn -0.4347 0.1736 -0.8837
vn 0.4855 0.8473 -0.2152
vn 0.1639 0.8480 -0.5039
vn -0.4005 0.2435 -0.8834
vn -0.1698 0.5960 -0.7848
vn 0.6539 0.7523 -0.0797
vn -0.5912 -0.3166 -0.7418
vn -0.9851 -0.0861 -0.1490
vn -0.6732 0.7346 -0.0849
vn -0.5120 0.8557 -0.0753
vn -0.2422 0.9700 -0.0202
vn -0.6147 0.7852 -0.0750
vn -0.5956 0.8000 -0.0718
vn -0.4804 -0.8724 -0.0904
vn -0.0128 0.9863 0.1645
vn 0.0139 0.9781 0.2076
vn -0.9678 0.2129 0.1341
vn -0.1332 0.7857 -0.6041
vn -0.3151 0.5310 -0.7866
vn -0.5673 0.5651 -0.5990
vn -0.8537 0.3691 -0.3674
vn -0.8354 0.5478 -0.0445
vn -0.6116 0.7226 -0.3222
vn -0.7325 0.0956 -0.6741
vn -0.8794 0.4006 0.2573
vn -0.1897 -0.0784 -0.9787
vn -0.7949 -0.5825 -0.1698
vn -0.8969 -0.3449 0.2767
vn -0.9664 -0.1310 0.2211
vn -0.8173 -0.5618 -0.1279
vn -0.9442 0.3280 0.0308
vn -0.8498 -0.0505 -0.5247
vn -0.4745 0.2865 0.8323
vn -0.8239 0.3781 -0.4221
vn -0.3378 0.1649 0.9267
vn 0.2544 -0.8033 -0.5386
vn -0.1180 -0.8655 -0.4868
vn -0.5394 -0.7908 0.2891
vn 0.0071 -0.7577 -0.6525
vn -0.3992 -0.3072 -0.8638
vn -0.3496 -0.8916 0.2878
vn -0.3919 -0.4264 0.8152
vn -0.8472 -0.0475 0.5291
vn -0.0459 -0.6531 0.7559
vn -0.2646 -0.8719 -0.4120
vn 0.0124 -0.9998 0.0137
vn -0.1397 -0.9868 0.0819
vn -0.2357 -0.9278 -0.2892
vn -0.3999 -0.9074 0.1296
vn -0.2631 -0.9607 -0.0884
vn -0.6753 0.3467 -0.6510
vn -0.5547 0.3169 -0.7693
vn -0.4805 0.2832 -0.8300
vn -0.4596 0.3945 -0.7957
vn -0.6665 0.3680 -0.6484
vn -0.5510 0.3132 -0.7735
vn -0.4253 -0.1714 0.8887
vn -0.4403 0.1857 0.8784
vn -0.3698 0.1808 0.9113
vn -0.5018 0.1600 0.8500
vn -0.1979 0.1410 0.9700
vn -0.6090 0.2863 0.7397
vn -0.1519 0.2955 0.9432
vn 0.0620 0.1454 0.9874
vn -0.5322 0.3104 0.7877
vn -0.5830 -0.2130 0.7841
vn -0.5258 -0.0783 0.8470
vn -0.7123 -0.6955 0.0944
vn -0.6282 -0.6263 -0.4616
vn -0.4738 -0.1768 0.8627
vn -0.6895 -0.5368 0.4863
vn 0.8139 0.3851 -0.4350
vn 0.8954 -0.3686 -0.2498
vn 0.1079 -0.3733 -0.9214
vn -0.1299 0.3728 -0.9188
vn -0.8147 0.4128 -0.4073
vn -0.3290 0.0036 -0.9443
vn -0.8127 0.3439 -0.4704
vn -0.9449 0.1812 0.2727
vn -0.1659 -0.8221 -0.5446
vn -0.5098 -0.4216 -0.7499
vn 0.1378 -0.8991 0.4156
vn -0.0613 -0.9672 -0.2465
vn -0.9934 0.1148 -0.0035
vn -0.8963 0.2040 -0.3937
vn -0.5129 0.6093 -0.6047
vn -0.6322 0.5025 -0.5897
vn 0.1239 0.7306 -0.6715
vn -0.3557 0.6190 -0.7003
vn -0.4284 0.6270 -0.6507
vn 0.1477 0.9053 -0.3983
vn -0.7392 0.0511 -0.6716
vn -0.8577 0.4350 -0.2740
vn -0.6649 0.4628 -0.5862
vn -0.6587 0.4759 -0.5828
vn -0.8625 0.2922 0.4132
vn -0.8834 0.0268 0.4679
vn -0.9835 0.0505 0.1738
vn -0.8287 0.5425 -0.1380
vn -0.9676 -0.0595 0.2452
vn -0.8613 -0.2333 0.4513
vn -0.0607 -0.2238 -0.9728
vn -0.6656 -0.1128 -0.7377
vn -0.9530 -0.0351 -0.3009
vn -0.6191 -0.3060 -0.7232
vn -0.8685 -0.2621 -0.4207
vn -0.2824 -0.3427 -0.8960
vn -0.2633 0.3557 0.8967
vn -0.7116 -0.2461 0.6580
vn -0.0369 -0.5042 0.8628
vn 0.4781 0.7766 0.4103
vn 0.3889 0.6974 0.6020
vn 0.1735 -0.1825 0.9678
vn 0.6343 0.5565 0.5366
vn 0.4488 0.4525 -0.7706
vn 0.0706 0.9385 0.3379
vn -0.8982 0.0587 -0.4356
vn -0.5487 0.8280 -0.1154
vn 0.0277 0.9989 0.0368
vn -0.4148 0.8559 0.3087
vn -0.4439 0.8643 0.2367
vn -0.1713 0.9003 0.4002
vn -0.0969 0.9069 0.4101
vn -0.9565 0.1913 -0.2201
vn -0.9047 0.3507 -0.2421
vn -0.6475 -0.3259 -0.6888
vn -0.6382 -0.4352 -0.6350
vn -0.2008 -0.7206 -0.6637
vn -0.6903 0.5141 -0.5090
vn -0.6960 0.6059 -0.3854
vn -0.6944 0.6822 -0.2288
vn -0.8448 0.3780 -0.3788
vn -0.8739 0.2653 -0.4073
vn -0.8350 0.5318 -0.1411
vn -0.7720 0.5552 -0.3095
vn -0.7254 0.5563 -0.4054
vn -0.6752 -0.1578 -0.7206
vn -0.8016 -0.0364 -0.5967
vn -0.8936 0.3278 -0.3067
vn -0.8709 0.2702 -0.4104
vn -0.9379 0.3262 -0.1181
vn -0.9500 0.2999 -0.0873
vn -0.9806 0.1883 -0.0534
vn -0.9706 0.2045 0.1274
vn -0.9827 0.1596 -0.0938
vn -0.9593 0.2123 -0.1864
vn -0.6994 -0.2305 -0.6765
vn -0.6801 -0.2964 -0.6705
vn -0.7280 -0.4841 -0.4854
vn -0.9374 -0.0659 -0.3419
vn -0.7749 -0.4498 -0.4441
vn -0.9921 0.0243 -0.1233
vn -0.5689 -0.8166 -0.0970
vn -0.7166 -0.6944 -0.0662
vn -0.9285 0.2902 0.2316
vn -0.8779 0.4102 0.2470
vn -0.8481 0.3987 0.3489
vn -0.8800 0.2701 0.3907
vn -0.8663 0.3500 0.3564
vn -0.8093 0.2862 0.5129
vn -0.7449 0.4355 0.5054
vn -0.7914 0.1257 0.5982
vn -0.5449 -0.0217 0.8382
vn -0.7889 0.4126 0.4555
vn -0.9174 0.3836 0.1056
vn -0.9221 0.3131 -0.2272
vn -0.0387 -0.5964 -0.8017
vn -0.0067 -0.5414 -0.8407
vn -0.3847 -0.3644 -0.8480
vn -0.4127 -0.3747 -0.8302
vn -0.9315 0.3129 -0.1854
vn -0.6909 -0.2373 -0.6829
vn -0.5168 -0.3914 -0.7614
vn -0.5123 -0.6134 -0.6010
vn -0.9903 0.1308 -0.0465
vn -0.9565 0.2655 -0.1211
vn -0.0989 -0.5360 -0.8384
vn -0.1851 -0.7134 -0.6759
vn 0.4829 0.7867 0.3845
vn -0.7891 0.4445 -0.4239
vn -0.7735 0.5995 0.2057
vn -0.9488 0.2316 -0.2146
vn -0.9084 0.3376 0.2468
vn -0.9976 0.0550 0.0417
vn -0.6395 0.5674 0.5187
vn -0.6754 0.2635 0.6888
vn -0.3827 0.6576 0.6490
vn -0.5100 0.6802 0.5265
vn -0.9038 0.4125 0.1141
vn -0.8486 -0.0182 0.5287
vn -0.6709 0.5631 0.4825
vn -0.5914 0.2335 0.7718
vn -0.5487 -0.2828 0.7868
vn -0.2886 -0.7537 0.5904
vn -0.3872 -0.0550 0.9203
vn 0.3099 0.1914 0.9313
vn -0.9276 -0.2619 0.2663
vn -0.8613 -0.0174 -0.5078
vn -0.9770 0.2071 0.0502
vn -0.8816 0.3710 0.2918
vn -0.4565 0.8163 0.3539
vn -0.1983 0.7045 0.6815
vn 0.3135 0.6007 0.7354
vn 0.0710 0.9831 0.1689
vn 0.8287 0.2906 0.4783
vn 0.7312 0.6796 -0.0589
vn 0.2411 0.3690 0.8976
vn 0.8773 0.0072 0.4799
vn -0.6355 0.4097 0.6545
vn 0.3050 0.8007 0.5155
vn 0.7851 -0.4044 -0.4692
vn 0.5849 0.5154 -0.6263
vn -0.5065 0.6584 -0.5567
vn 0.8360 0.4192 -0.3540
vn -0.9151 -0.3887 0.1071
vn 0.5175 0.8411 -0.1574
vn 0.4460 0.5414 0.7128
vn 0.3093 0.7761 -0.5495
vn -0.5175 -0.8306 0.2057
vn 0.5283 -0.4757 -0.7033
vn -0.9164 -0.1439 -0.3734
vn -0.6657 0.4033 -0.6279
vn 0.8526 -0.0219 0.5221
vn 0.6855 0.2977 0.6645
vn 0.4417 -0.1972 0.8752
vn -0.7232 0.5589 0.4056
vn 0.2657 0.6832 0.6802
vn 0.9237 0.1756 0.3406
vn 0.3356 0.5543 0.7617
vn 0.9356 0.2502 0.2492
vn -0.6979 0.5135 0.4993
vn -0.8801 -0.4745 0.0156
vn -0.8258 -0.3188 -0.4653
vn -0.8841 0.2800 0.3741
vn -0.7499 0.2618 0.6075
vn -0.5782 0.6832 0.4460
vn -0.4535 0.6134 0.6466
vn -0.8979 0.2667 0.3503
vn -0.9019 -0.2043 -0.3805
vn -0.9893 0.1004 0.1060
vn 0.4651 -0.8616 -0.2031
vn 0.2387 -0.6080 -0.7572
vn -0.4008 -0.4584 -0.7933
vn -0.4180 -0.9073 0.0450
vn -0.3584 -0.4995 -0.7887
vn 0.5477 -0.5223 -0.6536
vn 0.9582 0.2860 -0.0061
vn 0.9794 -0.0688 0.1896
vn 0.8767 -0.4351 -0.2051
vn 0.9474 -0.3177 -0.0381
vn 0.9622 -0.2646 -0.0650
vn 0.9700 -0.1574 0.1853
vn -0.2010 -0.9793 -0.0223
vn -0.3970 -0.8163 0.4197
vn -0.4860 -0.7978 0.3570
vn -0.3220 -0.9456 -0.0465
vn -0.6024 -0.7953 0.0688
vn -0.4186 -0.8648 0.2774
vn -0.2784 -0.9522 -0.1258
vn -0.3964 -0.9100 -0.1219
vn -0.9445 -0.1064 0.3108
vn -0.5233 -0.4456 0.7264
vn -0.6444 -0.3711 0.6686
vn -0.3664 -0.3561 0.8596
vn -0.8238 -0.4361 0.3621
vn -0.4890 -0.7207 0.4914
vn -0.4392 -0.8031 -0.4027
vn -0.2745 -0.7595 -0.5897
vn -0.2428 -0.4154 -0.8767
vn -0.5703 -0.2587 -0.7796
vn -0.1488 -0.7134 -0.6848
vn -0.9293 0.3258 -0.1741
vn -0.5360 0.7915 0.2937
vn -0.2815 0.8153 0.5061
vn -0.6545 0.5895 0.4735
vn -0.4922 0.6034 0.6274
vn -0.8953 0.4414 0.0601
vn -0.9654 0.1146 -0.2342
vn -0.6368 0.5105 -0.5778
vn -0.5969 -0.5198 -0.6112
vn -0.7233 -0.4088 -0.5565
vn -0.5936 0.0396 -0.8038
vn -0.8457 0.0417 -0.5321
vn -0.8634 0.2081 -0.4597
vn -0.9222 0.1189 -0.3681
vn -0.8806 0.1232 -0.4576
vn -0.8975 0.1425 0.4174
vn 0.2774 0.5133 0.8122
vn 0.8980 0.2931 0.3281
vn 0.1887 -0.3182 0.9291
vn 0.7633 -0.3682 0.5309
vn -0.6675 -0.1785 0.7229
vn -0.8653 -0.0429 -0.4993
vn -0.9747 0.1989 -0.1018
vn -0.9288 0.3505 0.1200
vn -0.9686 0.2374 0.0739
vn -0.8992 -0.0976 -0.4266
vn -0.9940 0.0738 -0.0805
vn 0.7278 -0.2626 -0.6335
vn -0.3287 -0.2763 -0.9031
vn -0.5011 -0.0766 -0.8620
vn 0.6839 0.1002 -0.7226
vn 0.9682 0.0422 0.2466
vn 0.9947 -0.0126 0.1022
vn 0.9722 0.1997 0.1224
vn 0.9751 0.1716 0.1408
vn 0.8457 -0.4963 0.1963
vn -0.0888 -0.9898 0.1116
vn -0.0606 -0.9971 -0.0465
vn 0.8129 -0.5814 0.0340
vn -0.3036 -0.9230 -0.2363
vn 0.5061 -0.7985 -0.3261
vn -0.6645 -0.7268 -0.1739
vn -0.6808 -0.7067 -0.1929
vn -0.6999 -0.7138 -0.0249
vn -0.8594 -0.4078 -0.3083
vn -0.9501 -0.2691 -0.1581
vn -0.9846 -0.1477 -0.0930
vn 0.5556 -0.1933 -0.8087
vn -0.5251 -0.4912 -0.6950
vn 0.9572 0.2515 0.1434
vn 0.9969 0.0699 0.0360
vn 0.1846 0.9806 0.0662
vn 0.5503 0.8266 0.1177
vn 0.7234 0.5745 0.3829
vn 0.7318 0.6814 -0.0081
vn 0.9859 -0.0069 0.1674
vn 0.4224 0.9009 -0.0997
vn 0.5479 -0.2023 0.8117
vn -0.0696 -0.7391 0.6700
vn 0.5571 -0.6556 0.5096
vn -0.1469 -0.7635 0.6288
vn -0.4469 -0.8203 0.3569
vn -0.5747 -0.7830 0.2381
vn -0.7815 -0.6215 0.0543
vn -0.8023 -0.2911 0.5211
vn -0.8974 0.0030 0.4413
vn -0.6487 -0.5354 0.5408
vn -0.9959 -0.0213 0.0878
vn -0.4285 0.8911 0.1493
vn -0.8244 0.5535 0.1181
vn -0.1063 0.9842 -0.1416
vn 0.7825 0.5691 -0.2528
vn 0.9808 0.1286 -0.1469
vn 0.7784 -0.5218 0.3490
vn 0.2137 -0.6723 0.7088
vn -0.3759 -0.6300 0.6795
vn -0.8354 -0.3170 0.4489
vn -0.9293 0.0716 0.3624
vn -0.8177 0.4174 0.3965
vn -0.3491 0.9366 0.0313
vn 0.3662 0.9067 -0.2093
vn -0.8078 0.1386 -0.5730
vn -0.4236 0.4729 -0.7726
vn -0.4504 0.1836 -0.8738
vn 0.3584 -0.4716 0.8056
vn -0.6541 -0.7564 0.0016
vn -0.1000 -0.6929 0.7141
vn -0.0624 -0.4297 0.9008
vn 0.4623 -0.6244 0.6296
vn 0.5020 0.1620 0.8496
vn -0.6215 -0.7584 0.1963
vn -0.8741 -0.4853 0.0185
vn -0.1678 -0.7488 -0.6412
vn -0.6608 -0.6519 -0.3720
vn -0.6407 -0.5577 -0.5277
vn -0.1900 -0.5767 -0.7946
vn -0.9008 -0.4032 -0.1614
vn -0.9040 -0.4224 -0.0658
vn 0.9707 0.0064 -0.2402
vn 0.4523 -0.5634 -0.6914
vn 0.3670 -0.3891 -0.8449
vn 0.7120 -0.1014 -0.6948
vn -0.9794 -0.0150 0.2014
vn -0.5409 0.6291 0.5582
vn -0.2986 0.7203 0.6261
vn -0.9432 0.0631 0.3262
vn -0.5896 -0.0594 0.8055
vn 0.2124 0.4823 0.8498
vn -0.8911 -0.4491 0.0651
vn 0.9917 -0.0967 -0.0843
vn 0.9573 -0.2805 -0.0704
vn 0.4317 -0.7325 -0.5263
vn 0.4855 -0.6892 -0.5379
vn -0.3098 -0.7586 -0.5732
vn -0.2057 -0.8029 -0.5596
vn 0.9691 -0.0721 0.2358
vn -0.9485 -0.0483 0.3131
vn 0.7873 -0.6150 -0.0445
vn -0.1895 0.8813 0.4328
vn -0.9148 0.3214 0.2446
vn -0.9316 -0.3633 0.0095
vn -0.5740 -0.7910 0.2117
vn -0.5758 -0.7284 0.3713
vn -0.9790 -0.0914 -0.1821
vn -0.7589 -0.4534 0.4675
vn -0.5936 0.4512 -0.6664
vn 0.6705 0.1473 0.7271
vn 0.9025 0.1287 0.4110
vn 0.9244 0.2457 0.2917
vn 0.7876 -0.4817 0.3843
vn 0.5376 -0.3641 0.7605
vn -0.8020 -0.5017 0.3242
vn -0.1944 -0.3283 0.9243
vn -0.0836 -0.5968 0.7980
vn -0.7851 -0.5786 -0.2210
vn -0.6880 -0.6573 -0.3075
vn 0.4965 0.0047 0.8680
vn 0.1364 -0.2968 0.9451
vn 0.1517 -0.5477 0.8228
vn 0.2848 -0.2517 0.9249
vn 0.3881 -0.0971 -0.9165
vn 0.4627 -0.4536 -0.7617
vn 0.7992 -0.1561 -0.5804
vn 0.2364 -0.0940 -0.9671
vn 0.6616 0.4116 0.6268
vn 0.7377 0.6497 0.1834
vn 0.9970 0.0307 0.0715
vn -0.8909 0.4437 -0.0970
vn 0.4880 0.3726 -0.7893
vn 0.1691 0.3344 -0.9271
vn 0.4960 0.2930 -0.8174
vn 0.6822 0.2297 -0.6941
vn 0.0660 0.6657 -0.7433
vn 0.4392 0.4062 -0.8014
vn 0.1855 0.4571 -0.8699
vn -0.2024 0.5593 -0.8038
vn -0.4389 0.1241 -0.8899
vn 0.0220 0.3277 -0.9445
vn -0.2879 0.3234 -0.9014
vn -0.3708 0.1301 -0.9195
vn -0.7513 0.3510 -0.5588
vn -0.6691 0.3844 -0.6360
vn 0.7337 0.1926 -0.6516
vn 0.7980 -0.2425 -0.5516
vn 0.1721 -0.3489 -0.9212
vn 0.1309 0.5389 -0.8321
vn -0.4624 -0.4214 -0.7802
vn 0.2782 -0.3920 -0.8769
vn -0.5071 -0.4523 -0.7337
vn 0.8461 -0.2004 -0.4940
vn 0.5859 0.8058 0.0859
vn 0.0466 0.9426 0.3305
vn 0.2283 -0.9567 0.1804
vn 0.5363 -0.8433 0.0352
vn 0.9859 0.1485 0.0766
vn 0.5657 -0.7456 0.3523
vn 0.0459 -0.9951 0.0875
vn 0.1248 -0.9095 0.3966
vn -0.8006 0.0281 0.5985
vn -0.9007 -0.0012 0.4344
vn -0.4167 0.3047 0.8565
vn -0.2199 0.2705 0.9373
vn 0.4665 0.4205 0.7782
vn 0.4621 0.3097 0.8310
vn -0.4878 0.5277 0.6954
vn 0.5802 0.5177 0.6287
vn -0.9486 0.1551 0.2759
vn 0.5669 0.0683 0.8210
vn 0.9679 -0.0331 0.2491
vn 0.9614 0.1017 0.2555
vn -0.7091 -0.1859 0.6802
vn -0.0142 0.0055 0.9999
vn -0.9271 -0.3718 -0.0472
vn -0.9595 -0.2713 -0.0761
vn -0.5396 -0.2827 -0.7930
vn -0.7504 0.1223 -0.6495
vn -0.9393 0.3415 -0.0334
vn -0.9888 -0.0606 -0.1365
vn -0.8604 0.3711 0.3493
vn -0.9027 -0.4091 -0.1329
vn -0.9210 -0.2901 0.2601
vn -0.6377 -0.2393 -0.7322
vn -0.5615 -0.3226 -0.7620
vn -0.9704 -0.2234 -0.0918
vn 0.9045 0.0054 -0.4265
vn 0.3551 -0.1814 -0.9171
vn 0.3541 -0.2827 -0.8914
vn 0.9060 -0.0700 -0.4176
vn 0.9600 0.2169 0.1769
vn 0.9842 0.1569 0.0819
vn 0.5721 -0.4671 0.6742
vn -0.3467 -0.5718 0.7435
vn -0.0213 -0.9998 0.0007
vn 0.7573 -0.6511 0.0508
vn 0.1595 -0.5568 -0.8152
vn 0.7477 -0.4010 -0.5294
vn 0.9242 -0.1019 -0.3680
vn 0.3033 -0.1549 -0.9402
vn 0.5780 0.3302 0.7462
vn 0.9925 0.0139 0.1218
vn -0.3693 0.3642 0.8550
vn -0.1589 -0.6450 -0.7474
vn -0.4937 -0.4472 -0.7458
vn -0.6959 -0.0551 -0.7160
vn -0.9477 0.2791 0.1546
vn -0.8024 0.3384 0.4916
vn -0.6763 0.3874 0.6265
vn -0.8804 0.0631 -0.4700
vn -0.8535 0.0513 -0.5186
vn -0.9039 0.1571 -0.3978
vn -0.8779 0.1644 -0.4498
vn -0.9616 0.2236 -0.1591
vn -0.9379 0.1919 -0.2888
vn -0.4881 -0.8713 -0.0511
vn -0.0224 -0.8131 0.5817
vn 0.4915 0.1241 0.8620
vn -0.6078 -0.7886 0.0931
vn -0.7548 -0.6498 -0.0899
vn -0.7962 -0.2488 0.5515
vn -0.8579 -0.5130 -0.0289
vn -0.5081 0.1780 -0.8427
vn -0.1168 0.0271 0.9928
vn -0.0213 0.2843 0.9585
vn 0.2506 0.2050 0.9461
vn 0.2552 -0.1282 0.9584
vn -0.7468 0.4296 0.5077
vn -0.2296 -0.8334 -0.5028
vn -0.6930 -0.6908 0.2063
vn -0.8934 -0.4392 0.0942
vn 0.1546 0.7102 0.6868
vn 0.4016 0.5652 0.7206
vn 0.7176 0.2718 0.6412
vn 0.9673 0.2471 -0.0572
vn -0.9093 0.1540 -0.3867
vn -0.8184 0.1582 -0.5524
vn -0.5598 -0.5974 -0.5742
vn -0.5416 -0.5109 -0.6675
vn -0.5835 -0.3350 -0.7398
vn -0.7890 0.3777 -0.4846
vn -0.6659 -0.1936 -0.7205
vn -0.7004 -0.3215 -0.6373
vn -0.6491 0.2327 -0.7242
vn -0.8360 0.2149 -0.5049
vn -0.7682 -0.3456 -0.5389
vn 0.0691 -0.6858 -0.7245
vn 0.1636 -0.5882 -0.7920
vn 0.1441 -0.5666 -0.8113
vn 0.0155 -0.7030 -0.7110
vn -0.0673 -0.7035 -0.7075
vn 0.1389 -0.6893 -0.7111
vn 0.0630 -0.7792 -0.6236
vn -0.8660 -0.1336 -0.4819
vn -0.9713 -0.2320 0.0523
vn 0.2738 -0.6088 -0.7445
vn 0.1994 -0.5666 -0.7995
vn -0.4107 0.6477 0.6418
vn -0.4776 0.6861 0.5488
vn 0.1216 -0.5842 -0.8025
vn 0.1766 -0.5595 -0.8098
vn -0.4630 0.6759 0.5734
vn 0.0838 0.2247 0.9708
vn 0.5436 -0.7591 -0.3582
vn -0.0460 0.4997 0.8650
vn -0.1366 0.5376 0.8321
vn 0.1548 -0.5036 -0.8500
vn 0.2076 -0.4937 -0.8445
vn -0.1052 0.6067 0.7880
vn -0.4341 0.7033 0.5629
vn 0.4744 -0.4657 0.7471
vn 0.9027 -0.3491 0.2517
vn 0.1142 0.8145 0.5688
vn 0.1161 0.6690 0.7341
vn 0.7265 -0.0237 -0.6868
vn 0.4242 0.2461 -0.8715
vn 0.0496 0.6993 0.7131
vn 0.2691 0.2466 -0.9310
vn 0.0488 0.9097 0.4123
vn 0.8917 -0.4427 -0.0943
vn -0.0732 0.7035 0.7069
vn 0.1498 0.6287 0.7630
vn 0.6227 -0.4979 -0.6036
vn 0.7883 -0.3508 -0.5054
vn 0.0753 0.6762 0.7329
vn 0.9556 -0.1649 0.2441
vn 0.9440 -0.2109 0.2536
vn 0.6895 0.7201 -0.0776
vn 0.3636 0.8770 -0.3141
vn 0.9695 -0.0900 0.2279
vn 0.9384 0.3263 0.1141
vn 0.1810 0.8675 -0.4634
vn 0.7083 -0.6330 0.3124
vn 0.3993 0.4736 0.7851
vn 0.2785 -0.3937 0.8760
vn 0.3339 0.8298 0.4472
vn 0.3980 0.6342 0.6629
vn 0.3927 0.5594 0.7299
vn 0.3947 0.5394 0.7438
vn -0.0829 -0.9691 0.2322
vn 0.0789 0.9623 0.2603
vn 0.1263 0.9524 0.2773
vn 0.9853 -0.0095 -0.1703
vn 0.7294 -0.6164 -0.2966
vn 0.9415 -0.3031 -0.1476
vn 0.7502 0.0287 -0.6605
vn 0.7688 -0.4002 -0.4988
vn 0.8120 0.1643 -0.5601
vn 0.7257 0.1674 -0.6674
vn 0.6133 -0.7874 -0.0622
vn 0.4728 -0.7615 0.4434
vn 0.3720 0.0992 0.9229
vn 0.8553 0.4780 -0.2000
vn 0.4977 -0.8673 0.0076
vn 0.1562 -0.8350 0.5276
vn -0.1557 -0.1737 0.9724
vn 0.4043 -0.9118 -0.0721
vn 0.2213 -0.8304 0.5113
vn 0.0669 -0.2963 0.9527
vn 0.4501 -0.8771 -0.1677
vn 0.5360 -0.7987 0.2736
vn 0.4847 -0.4421 0.7547
vn 0.5137 -0.6240 -0.5888
vn 0.4063 -0.4731 -0.7817
vn 0.4806 -0.6522 -0.5862
vn 0.2661 0.3418 -0.9013
vn 0.1530 0.1288 -0.9798
vn -0.2244 -0.0323 -0.9740
vn 0.2707 -0.4960 -0.8251
vn 0.6130 -0.7165 -0.3329
vn -0.2628 0.4634 -0.8463
vn 0.1870 -0.6734 -0.7152
vn 0.6944 -0.6408 -0.3273
vn -0.7329 -0.0395 -0.6792
vn -0.6114 -0.3098 -0.7282
vn 0.2362 -0.6479 -0.7241
vn 0.7406 -0.6119 -0.2777
vn 0.4342 -0.2720 -0.8588
vn 0.8830 -0.3687 -0.2906
vn -0.3928 0.0004 -0.9196
vn 0.9092 -0.4062 0.0913
vn 0.8557 -0.3489 0.3822
vn 0.9188 -0.3556 -0.1712
vn 0.8834 -0.0462 0.4664
vn 0.2846 -0.3536 0.8910
vn 0.9953 0.0939 -0.0219
vn 0.8073 0.5772 0.1230
vn 0.4206 0.3590 0.8332
vn -0.3159 -0.3070 0.8978
vn -0.5064 0.4005 0.7636
vn -0.7365 -0.1437 0.6610
vn 0.3353 0.9383 0.0851
vn -0.9570 0.0205 0.2893
vn -0.8964 0.2634 0.3566
vn -0.4585 0.8887 -0.0053
vn -0.9851 0.1153 -0.1278
vn -0.9583 0.1136 -0.2622
vn -0.8548 0.5089 -0.1018
vn -0.9548 0.2888 0.0706
vn -0.7766 0.3990 -0.4876
vn -0.1348 0.3116 -0.9406
vn -0.8747 0.4139 -0.2524
vn -0.4912 0.4497 -0.7460
vn 0.3198 0.2619 -0.9106
vn -0.6756 0.3855 -0.6285
vn -0.4141 0.1789 -0.8925
vn 0.1082 -0.3053 -0.9461
vn -0.6016 0.2258 -0.7662
vn -0.4428 -0.6124 -0.6550
vn -0.9097 0.3133 0.2724
vn -0.7668 0.6378 0.0729
vn -0.7460 0.6479 -0.1541
vn -0.5545 -0.2383 -0.7973
vn -0.6010 0.1116 -0.7915
vn -0.5600 0.4767 -0.6776
vn -0.4418 -0.2917 -0.8484
vn -0.1492 0.1850 -0.9713
vn -0.2014 0.4974 -0.8438
vn -0.6367 0.7474 0.1895
vn -0.4582 0.8884 -0.0275
vn -0.5712 0.8206 -0.0184
vn 0.8346 -0.1470 0.5309
vn 0.7164 0.4703 0.5153
vn -0.2089 0.8905 -0.4042
vn -0.1659 -0.1815 -0.9693
vn 0.6113 -0.7705 0.1805
vn -0.3264 -0.4297 -0.8419
vn -0.6135 0.7894 -0.0208
vn 0.7763 -0.6287 0.0455
vn -0.5865 -0.5404 -0.6033
vn -0.0631 -0.4351 -0.8982
vn 0.9383 -0.1928 -0.2871
vn 0.4103 0.7009 0.5835
vn 0.5268 0.8458 -0.0846
vn 0.2053 0.3360 0.9192
vn 0.2632 0.2739 0.9251
vn -0.7437 0.6641 -0.0771
vn -0.3967 0.6446 -0.6535
vn 0.1981 0.4085 0.8910
vn 0.5069 -0.0651 0.8595
vn -0.1652 0.4293 0.8879
vn -0.0483 0.3460 0.9370
vn 0.6005 -0.0524 0.7979
vn 0.8910 -0.0371 0.4525
vn 0.3986 -0.0530 0.9156
vn 0.5753 -0.1476 0.8045
vn 0.7011 0.0018 0.7130
vn 0.4619 -0.3313 0.8227
vn 0.6181 -0.6606 0.4262
vn 0.7056 0.6152 0.3515
vn 0.1271 0.6279 -0.7679
vn 0.6255 0.0381 0.7793
vn 0.3657 -0.7132 0.5980
vn 0.4925 0.5762 0.6522
vn -0.4888 -0.6558 -0.5753
vn -0.4063 -0.7478 -0.5252
vn 0.3647 -0.6492 0.6675
vn 0.4524 0.6203 0.6407
vn -0.2610 0.8497 -0.4580
vn -0.2682 0.8018 -0.5340
vn 0.4065 0.6450 0.6470
vn -0.3122 0.7708 -0.5553
vn -0.3220 -0.7886 -0.5239
vn 0.4004 -0.6099 0.6839
vn -0.3710 0.7343 -0.5685
vn -0.2671 -0.7932 -0.5473
vn 0.4428 -0.6041 0.6626
vn 0.3838 0.6696 0.6359
vn 0.3449 0.6752 0.6520
vn 0.3482 0.7223 0.5974
vn -0.4094 0.6623 -0.6276
vn -0.2428 -0.7987 -0.5506
vn 0.2493 0.8556 0.4537
vn 0.8180 0.5752 -0.0106
vn 0.2165 0.3830 -0.8980
vn -0.4350 0.6102 -0.6621
vn 0.0168 -0.7142 -0.6997
vn -0.2928 -0.7247 -0.6237
vn -0.3620 0.8206 -0.4422
vn 0.5304 -0.5277 0.6635
vn 0.4974 -0.6080 0.6188
vn 0.8083 -0.5402 0.2339
vn 0.5905 0.6236 0.5123
vn 0.0586 0.6771 -0.7336
vn 0.4068 -0.0196 0.9133
vn 0.5729 0.6100 0.5474
vn 0.4517 0.0770 0.8888
vn 0.3589 -0.0121 0.9333
vn 0.6070 0.5824 0.5407
vn 0.1554 0.6822 -0.7145
vn 0.0680 0.6952 -0.7156
vn -0.5598 -0.5018 -0.6594
vn -0.5681 -0.6809 -0.4621
vn -0.6325 -0.7740 -0.0307
vn -0.5629 -0.5014 -0.6571
vn -0.4148 -0.8981 0.1464
vn -0.2886 -0.7597 0.5827
vn -0.5458 -0.8257 0.1423
vn -0.6454 -0.7588 0.0874
vn 0.1236 -0.6959 0.7074
vn -0.0753 -0.6908 0.7191
vn -0.1717 -0.5779 0.7978
vn -0.1829 -0.6933 0.6971
vn 0.2192 -0.0909 0.9714
vn -0.5693 -0.7352 0.3680
vn -0.5767 -0.6436 0.5032
vn 0.2138 -0.0953 0.9722
vn -0.6393 -0.7586 0.1258
vn -0.7424 -0.6364 0.2095
vn -0.8477 -0.5274 0.0574
vn -0.7110 -0.5300 0.4622
vn 0.1726 -0.0799 0.9818
vn 0.5849 0.4837 0.6511
vn 0.6537 0.3636 0.6637
vn 0.7360 0.2321 0.6359
vn 0.3184 0.6640 -0.6766
vn 0.5599 0.5561 -0.6142
vn 0.6137 0.2353 -0.7537
vn -0.6631 -0.6991 -0.2676
vn -0.6958 -0.6023 -0.3914
vn -0.7360 -0.4633 -0.4937
vn 0.6564 -0.5288 -0.5380
vn -0.1300 -0.9298 -0.3443
vn -0.7515 -0.6535 -0.0906
vn -0.1275 -0.8596 0.4948
vn 0.2748 -0.6813 0.6784
vn 0.8260 -0.2065 0.5245
vn -0.4049 -0.8852 -0.2293
vn 0.4349 -0.7498 0.4987
vn 0.2212 -0.8451 0.4867
vn -0.3362 -0.8361 -0.4335
vn 0.2300 -0.8858 0.4031
vn 0.7781 -0.6272 -0.0327
vn 0.7267 -0.2148 0.6526
vn 0.4207 0.0258 0.9068
vn 0.9796 -0.1064 0.1704
vn 0.8825 0.0006 -0.4703
vn 0.6390 -0.0892 0.7640
vn -0.0308 0.2577 0.9657
vn 0.0452 0.0318 0.9985
vn -0.5178 0.5101 0.6868
vn -0.5642 0.1889 0.8038
vn -0.4754 -0.1221 0.8712
vn 0.0888 -0.2812 0.9555
vn 0.7420 -0.2753 0.6112
vn -0.8523 0.0968 0.5141
vn 0.9855 -0.0818 -0.1487
vn 0.6829 0.0976 -0.7240
vn -0.1630 0.4497 -0.8782
vn 0.4420 0.6154 -0.6527
vn 0.4070 0.2084 -0.8893
vn 0.4573 0.4923 -0.7407
vn 0.3679 0.7417 0.5607
vn 0.3528 0.8690 0.3470
vn 0.7211 0.2780 0.6346
vn 0.1003 0.0905 0.9908
vn 0.9186 -0.2233 0.3261
vn 0.8086 -0.5853 -0.0597
vn -0.2127 0.2681 0.9396
vn -0.2305 0.9305 0.2847
vn -0.2357 0.3745 0.8968
vn -0.5404 0.8384 -0.0712
vn 0.1089 0.2735 -0.9557
vn -0.7349 0.3491 -0.5815
vn 0.1188 0.1802 -0.9764
vn -0.6594 0.3093 -0.6852
vn -0.9707 0.1525 -0.1858
vn -0.9211 0.3506 0.1691
vn -0.5790 -0.3154 -0.7518
vn 0.3748 -0.7328 -0.5679
vn 0.2326 -0.8154 -0.5301
vn -0.6862 -0.6251 -0.3721
vn -0.9668 -0.0730 0.2447
vn 0.4129 -0.7498 -0.5170
vn -0.6585 -0.7362 -0.1558
vn -0.8947 -0.1497 0.4208
vn -0.8411 0.2320 0.4885
vn -0.7943 0.1577 0.5866
vn -0.5594 0.5766 0.5955
vn -0.5749 0.6798 0.4553
vn -0.5601 0.6041 0.5668
vn -0.0460 0.7842 0.6187
vn 0.0844 0.9034 0.4205
vn 0.3388 0.9220 -0.1875
vn 0.6478 0.5467 -0.5306
vn -0.5813 0.8034 -0.1287
vn 0.2453 0.3375 0.9088
vn -0.2391 0.7854 0.5709
vn -0.8926 0.2580 -0.3698
vn 0.7961 -0.5243 0.3022
vn 0.7666 0.3591 0.5324
vn -0.0844 -0.5943 -0.7998
vn 0.3789 -0.8251 -0.4190
vn 0.2406 0.8648 0.4408
vn -0.4278 0.6224 -0.6554
vn 0.0886 0.9081 0.4093
vn -0.5260 0.8174 -0.2347
vn -0.7032 0.0202 0.7107
vn -0.9717 0.2091 -0.1099
vn -0.7188 -0.0352 0.6943
vn -0.1469 0.7763 0.6131
vn -0.7542 -0.2390 0.6116
vn -0.0993 0.7837 0.6131
vn 0.8668 0.2347 -0.4400
vn 0.2603 0.1560 -0.9528
vn 0.3885 -0.8561 -0.3409
vn -0.1269 -0.4663 -0.8755
vn 0.2578 -0.8891 -0.3783
vn 0.8862 -0.1441 -0.4403
vn 0.0722 -0.9542 -0.2905
vn 0.8854 -0.0598 -0.4609
vn -0.0527 -0.9528 -0.2991
vn 0.9030 0.1346 -0.4080
vn -0.7997 -0.3062 0.5164
vn 0.0651 0.8597 0.5066
vn 0.0143 0.9999 -0.0015
vn 0.0371 0.9889 -0.1441
vn -0.9760 0.0717 -0.2056
vn -0.9796 0.0602 -0.1918
vn 0.9917 0.0324 0.1243
vn 0.9932 0.0424 0.1083
vn -0.0030 -0.9976 -0.0687
vn -0.0227 -0.9980 0.0589
vn 0.1111 0.8681 -0.4837
vn -0.9677 0.0994 -0.2315
vn 0.9984 0.0296 0.0486
vn -0.0671 -0.9158 0.3960
vn 0.2267 0.6112 -0.7583
vn -0.9446 0.1168 -0.3066
vn 0.9859 -0.0948 0.1380
vn -0.2663 -0.6888 0.6743
vn 0.3373 0.5092 -0.7918
vn -0.9004 -0.0076 -0.4351
vn 0.9043 -0.0977 0.4156
vn -0.3986 -0.5835 0.7075
vn 0.3803 0.5428 -0.7489
vn -0.8276 -0.1303 -0.5460
vn 0.8629 0.0561 0.5023
vn -0.3884 -0.6209 0.6809
vn 0.4536 0.4823 -0.7494
vn -0.7962 -0.1242 -0.5921
vn 0.8572 0.0886 0.5072
vn -0.3945 -0.5512 0.7352
vn 0.5444 0.3989 -0.7379
vn -0.7844 -0.0578 -0.6176
vn 0.8164 -0.0045 0.5775
vn -0.5143 -0.4692 0.7179
vn 0.6035 0.4249 -0.6747
vn -0.7015 -0.0817 -0.7080
vn 0.6999 -0.0066 0.7143
vn -0.6304 -0.4966 0.5966
vn 0.6081 0.5442 -0.5781
vn -0.5622 -0.2032 -0.8016
vn 0.5562 0.0962 0.8254
vn -0.6155 -0.6171 0.4903
vn 0.5473 0.6701 -0.5014
vn -0.4618 -0.2801 -0.8416
vn 0.4837 0.1837 0.8557
vn -0.5018 -0.7281 0.4671
vn 0.4253 0.8130 -0.3977
vn -0.4705 -0.2715 -0.8396
vn 0.4939 0.1213 0.8610
vn -0.3450 -0.8440 0.4107
vn 0.2957 0.9274 -0.2289
vn -0.4626 -0.1032 -0.8805
vn 0.4898 0.0069 0.8718
vn -0.2400 -0.9529 0.1852
vn 0.3645 0.9213 -0.1352
vn -0.2727 0.0803 -0.9588
vn 0.3547 0.0030 0.9350
vn -0.3577 -0.9338 0.0069
vn 0.4890 0.8710 -0.0480
vn -0.0670 0.0126 -0.9977
vn 0.1135 -0.0628 0.9916
vn -0.4420 -0.8966 -0.0278
vn 0.3981 0.9173 -0.0049
vn 0.0526 -0.0473 -0.9975
vn -0.0156 -0.0538 0.9984
vn -0.3285 -0.9440 -0.0318
vn 0.2637 0.9646 -0.0043
vn 0.1255 -0.0507 -0.9908
vn -0.0682 -0.0147 0.9976
vn -0.1934 -0.9811 -0.0112
vn 0.2182 0.9759 -0.0048
vn 0.1660 -0.0330 -0.9856
vn -0.0981 0.0252 0.9949
vn -0.1497 -0.9887 0.0038
vn 0.2648 0.9642 0.0125
vn 0.1746 -0.0197 -0.9844
vn -0.1022 0.0430 0.9938
vn -0.2027 -0.9792 0.0087
vn 0.3780 0.9252 0.0324
vn 0.1464 0.0027 -0.9892
vn -0.0638 0.0397 0.9972
vn -0.3213 -0.9470 -0.0045
vn 0.5972 0.8000 0.0579
vn 0.0951 0.0757 -0.9926
vn 0.0453 0.0216 0.9987
vn -0.5543 -0.8323 -0.0008
vn 0.7784 0.6275 -0.0213
vn 0.0570 -0.0013 -0.9984
vn 0.0157 0.0106 0.9998
vn -0.7391 -0.6714 -0.0538
vn 0.7660 0.6273 -0.1402
vn 0.2498 -0.3395 -0.9068
vn -0.3146 0.2361 0.9194
vn -0.6671 -0.7386 -0.0968
vn 0.6539 0.7499 -0.1004
vn 0.5585 -0.5129 -0.6519
vn -0.5522 0.4886 0.6755
vn -0.5821 -0.8119 0.0446
vn 0.5859 0.8090 -0.0473
vn 0.6606 -0.4957 -0.5637
vn -0.5879 0.5688 0.5752
vn -0.6174 -0.7794 0.1061
vn 0.9574 0.2359 -0.1662
vn 0.9721 0.0573 -0.2276
vn 0.9678 0.0576 -0.2452
vn 0.9541 0.2754 -0.1178
vn 0.8695 -0.3687 -0.3285
vn 0.8685 -0.3891 -0.3070
vn 0.9679 -0.2157 -0.1293
vn 0.9529 -0.2583 -0.1589
vn 0.9869 -0.1577 0.0329
vn 0.9994 -0.0243 -0.0252
vn 0.9806 -0.0722 -0.1824
vn 0.9960 -0.0259 -0.0853
vn 0.9694 0.2086 0.1296
vn 0.9770 0.1890 0.0991
vn 0.9852 0.0085 -0.1712
vn 0.9330 -0.2643 -0.2441
vn 0.9131 -0.2974 -0.2790
vn 0.9429 0.3313 0.0336
vn 0.9842 0.1530 0.0896
vn 0.9975 0.0430 -0.0554
vn 0.9844 0.1104 -0.1374
vn 0.9779 0.0928 -0.1873
vn 0.9627 0.0843 -0.2571
vn 0.9580 0.0709 -0.2779
vn 0.9910 0.1314 0.0240
vn 0.9934 0.1135 0.0145
vn 0.9688 -0.0623 -0.2399
vn 0.9649 -0.0784 -0.2505
vn 0.9234 -0.2527 -0.2890
vn 0.9097 -0.2659 -0.3189
vn 0.9689 0.2473 0.0117
vn 0.9773 0.2000 -0.0703
vn 0.9568 0.2847 0.0593
vn 0.9621 0.2692 0.0424
vn 0.9884 -0.0178 -0.1511
vn 0.9885 -0.0199 -0.1499
vn 0.9795 0.1605 0.1217
vn 0.9768 -0.1446 -0.1582
vn 0.8843 0.3771 0.2753
vn 0.8841 0.3700 0.2854
vn 0.9314 0.3288 0.1563
vn 0.9542 0.2747 0.1181
vn 0.9555 -0.2948 -0.0008
vn 0.9649 -0.2575 0.0509
vn 0.9081 0.3989 0.1273
vn 0.9164 0.3764 0.1364
vn 0.2929 -0.6414 -0.7091
vn 0.9984 0.0520 -0.0232
vn 0.9995 0.0273 -0.0171
vn 0.9163 0.3110 0.2525
vn 0.8311 0.4216 0.3627
vn 0.9486 0.3103 0.0623
vn 0.9485 0.3106 0.0630
vn 0.9665 -0.1519 -0.2071
vn 0.9979 -0.0073 -0.0636
vn 0.7320 0.6161 0.2909
vn 0.7437 0.5933 0.3081
vn 0.8416 0.4335 0.3223
vn 0.8518 0.4142 0.3209
vn 0.8628 0.4613 0.2067
vn 0.8654 0.4553 0.2091
vn 0.9850 0.1710 -0.0212
vn 0.9834 0.1792 -0.0291
vn 0.9864 0.1474 0.0728
vn 0.9827 0.1486 0.1103
vn 0.9546 0.1625 0.2496
vn 0.9107 0.1842 0.3696
vn 0.8765 0.1959 0.4397
vn 0.9263 0.3692 0.0760
vn 0.9395 0.3388 0.0510
vn -0.3686 0.6909 0.6220
vn -0.4124 0.9110 0.0090
vn -0.7543 0.6334 -0.1727
vn -0.7917 0.3318 0.5129
vn -0.8126 0.5092 -0.2837
vn -0.8946 0.1506 0.4207
vn -0.2633 0.5785 -0.7720
vn -0.2561 0.5782 -0.7747
vn -0.1709 0.6813 -0.7118
vn 0.1041 -0.4292 -0.8972
vn 0.3501 0.2079 -0.9133
vn 0.3956 0.3456 -0.8509
vn 0.7642 -0.3478 -0.5431
vn 0.8659 -0.2062 -0.4558
vn 0.2803 -0.7501 -0.5990
vn -0.4206 -0.0944 0.9023
vn -0.1141 0.3980 0.9103
vn 0.1667 -0.5127 0.8422
vn 0.3292 -0.0387 0.9435
vn -0.4812 -0.2878 0.8280
vn 0.1688 -0.6339 0.7547
vn -0.0559 -0.8957 -0.4412
vn 0.6625 -0.6367 0.3948
vn 0.6409 -0.6794 0.3574
vn 0.4720 0.2781 0.8366
vn 0.6458 -0.7023 0.2996
vn 0.4570 0.4516 0.7663
vn 0.2201 -0.8836 -0.4132
vn 0.7304 -0.6404 0.2374
vn 0.6909 -0.6843 0.2331
vn -0.0428 0.9153 0.4005
vn -0.4249 0.7542 0.5007
vn -0.7591 0.5887 -0.2780
vn -0.4179 0.8360 -0.3555
vn -0.2134 -0.2632 -0.9408
vn -0.4116 -0.3576 -0.8383
vn 0.5681 0.8226 -0.0240
vn -0.2084 -0.1942 -0.9586
vn -0.5591 0.5896 0.5829
vn 0.1608 0.7739 0.6125
vn 0.0773 0.8727 0.4821
vn 0.1273 0.7858 0.6052
vn -0.3704 -0.0300 -0.9284
vn -0.1661 -0.7969 -0.5808
vn -0.0864 -0.7602 -0.6439
vn -0.0799 0.9951 0.0580
vn 0.6615 0.0470 0.7485
vn -0.6118 -0.2169 -0.7607
vn 0.2317 0.8784 -0.4181
vn -0.6538 0.4614 0.5997
vn 0.5948 -0.4589 -0.6600
vn 0.6253 -0.5068 -0.5934
vn 0.6699 0.1528 0.7266
vn -0.1517 0.6315 0.7604
vn 0.5060 -0.6987 -0.5057
vn 0.8802 -0.4655 0.0925
vn 0.2193 -0.5859 -0.7802
vn -0.3311 0.6817 0.6524
vn -0.2602 0.2024 0.9441
vn 0.4669 0.3361 0.8180
vn 0.3176 0.7333 0.6012
vn -0.2075 -0.0166 0.9781
vn 0.5461 0.1784 0.8185
vn 0.9379 0.2875 0.1939
vn 0.9367 0.2864 0.2015
vn 0.8937 0.4221 0.1518
vn 0.8642 0.0828 -0.4963
vn 0.7088 -0.5764 -0.4067
vn 0.8367 0.2382 -0.4931
vn 0.2296 -0.0514 -0.9719
vn 0.2886 -0.2321 -0.9289
vn 0.3071 -0.7566 -0.5773
vn -0.7284 0.5475 0.4120
vn -0.8100 0.0003 0.5865
vn -0.9565 0.2742 -0.0994
vn -0.9685 -0.2364 -0.0787
vn -0.9205 -0.3687 -0.1289
vn -0.7846 -0.2140 0.5819
vn -0.6357 -0.3687 -0.6782
vn -0.6625 -0.3141 -0.6800
vn 0.1721 -0.9512 -0.2563
vn -0.7892 0.5851 -0.1865
vn -0.6711 0.7262 -0.1489
vn -0.5885 -0.4019 -0.7016
vn 0.1036 -0.8553 -0.5077
vn -0.5280 -0.3876 -0.7557
vn -0.5261 -0.3345 -0.7819
vn -0.1118 0.9321 0.3445
vn 0.6416 0.5781 0.5040
vn 0.5545 0.2689 0.7875
vn -0.1892 0.6968 0.6919
vn 0.7583 -0.6424 0.1107
vn 0.8494 -0.5219 -0.0787
vn 0.8848 -0.4603 -0.0717
vn 0.1656 0.9213 -0.3518
vn -0.2915 0.5244 0.8000
vn -0.3857 0.9070 0.1691
vn -0.2208 0.9452 0.2403
vn -0.3700 0.9068 0.2019
vn 0.3502 -0.9226 -0.1620
vn 0.9296 -0.3464 0.1261
vn 0.4070 -0.8803 -0.2437
vn 0.2405 0.9171 0.3179
vn -0.8027 0.4034 -0.4393
vn -0.3279 0.3819 0.8641
vn 0.6064 0.7868 -0.1149
vn 0.7579 -0.5503 0.3503
vn 0.3956 -0.4104 -0.8217
vn 0.3140 -0.4310 -0.8460
vn -0.5143 0.7198 0.4663
vn -0.7534 0.4993 -0.4280
vn -0.3642 -0.1626 -0.9170
vn 0.1964 -0.6233 -0.7569
vn 0.5349 -0.6627 -0.5242
vn 0.6973 -0.2612 0.6675
vn 0.5212 -0.4164 0.7449
vn 0.2303 -0.5862 0.7767
vn -0.2635 -0.7125 0.6503
vn -0.7730 -0.5884 0.2371
vn -0.9379 -0.3018 -0.1709
vn -0.9076 -0.0686 -0.4141
vn -0.8194 0.1080 -0.5629
vn 0.3684 -0.4713 0.8013
vn 0.2073 -0.3459 0.9151
vn -0.2980 -0.5440 0.7844
vn 0.0265 -0.7857 0.6180
vn -0.4312 -0.8995 0.0703
vn -0.7940 -0.5620 0.2316
vn -0.8856 -0.3244 -0.3324
vn -0.6678 -0.5830 -0.4628
vn -0.6855 -0.2717 -0.6755
vn -0.7979 -0.1366 -0.5871
vn -0.7029 -0.0176 -0.7110
vn -0.6503 -0.0770 -0.7557
vn 0.5143 -0.2560 0.8185
vn 0.4508 -0.1990 0.8702
vn -0.5949 0.0858 -0.7992
vn 0.5949 -0.0858 0.7992
vn 0.4232 -0.1072 0.8997
vn 0.1348 -0.1301 0.9823
vn -0.4413 -0.1408 0.8862
vn -0.9408 -0.0884 0.3271
vn -0.9653 -0.0070 -0.2612
vn -0.8408 0.0385 -0.5400
vn -0.7238 0.0646 -0.6870
vn -0.9129 0.3195 -0.2539
vn -0.8122 0.2212 -0.5398
vn -0.7099 0.1513 -0.6878
vn 0.4411 -0.0084 0.8974
vn 0.1811 0.1028 0.9781
vn -0.3511 0.2896 0.8904
vn -0.8474 0.4044 0.3440
vn 0.4985 0.0667 0.8643
vn 0.3275 0.2722 0.9048
vn -0.0595 0.6037 0.7950
vn -0.5291 0.8036 0.2725
vn -0.7264 0.6111 -0.3146
vn -0.7141 0.3796 -0.5881
vn -0.6635 0.2237 -0.7140
vn -0.5562 0.4764 -0.6809
vn -0.5928 0.2634 -0.7611
vn 0.5760 0.0967 0.8117
vn 0.5163 0.3282 0.7911
vn 0.3254 0.7024 0.6331
vn -0.0578 0.9912 0.1189
vn -0.4106 0.7966 -0.4436
vn 0.6503 0.0771 0.7557
vn 0.6855 0.2717 0.6755
vn 0.6678 0.5830 0.4628
vn 0.4312 0.8995 -0.0703
vn -0.0265 0.7857 -0.6180
vn -0.3684 0.4713 -0.8013
vn -0.5143 0.2560 -0.8185
vn -0.4508 0.1990 -0.8702
vn 0.7029 0.0176 0.7110
vn 0.7979 0.1366 0.5871
vn 0.8856 0.3244 0.3324
vn 0.7940 0.5620 -0.2316
vn 0.2980 0.5440 -0.7844
vn -0.2073 0.3459 -0.9151
vn 0.8408 -0.0385 0.5400
vn 0.9653 0.0070 0.2612
vn 0.9408 0.0884 -0.3271
vn 0.4413 0.1408 -0.8862
vn -0.1348 0.1302 -0.9823
vn -0.4232 0.1072 -0.8997
vn 0.7238 -0.0646 0.6870
vn 0.7099 -0.1513 0.6878
vn 0.8122 -0.2212 0.5398
vn 0.9129 -0.3196 0.2539
vn 0.8474 -0.4044 -0.3440
vn 0.3511 -0.2896 -0.8904
vn -0.1811 -0.1028 -0.9781
vn -0.4412 0.0084 -0.8974
vn 0.7264 -0.6111 0.3146
vn 0.5291 -0.8036 -0.2725
vn 0.0595 -0.6037 -0.7950
vn -0.3275 -0.2722 -0.9048
vn -0.4985 -0.0667 -0.8643
vn 0.6635 -0.2237 0.7140
vn 0.7141 -0.3797 0.5881
vn 0.5928 -0.2634 0.7611
vn 0.5562 -0.4764 0.6809
vn 0.4106 -0.7966 0.4436
vn 0.0578 -0.9912 -0.1189
vn -0.3254 -0.7024 -0.6330
vn -0.5163 -0.3282 -0.7911
vn -0.5760 -0.0967 -0.8117
vn -0.9513 -0.1501 -0.2692
vn -0.8110 -0.5818 -0.0613
vn -0.8462 -0.4106 0.3397
vn -0.9967 -0.0528 -0.0616
vn -0.2505 -0.9435 0.2169
vn 0.3818 -0.8385 0.3887
vn 0.3678 -0.6295 0.6844
vn -0.2474 -0.6951 0.6750
vn 0.6740 -0.6026 0.4273
vn 0.7992 -0.4299 0.4201
vn 0.7825 -0.3792 0.4939
vn 0.6473 -0.4884 0.5852
vn -0.9305 0.0957 -0.3535
vn -0.9527 0.1426 -0.2683
vn 0.8773 -0.2725 0.3950
vn -0.8773 0.2725 -0.3950
vn -0.9871 0.1429 0.0722
vn -0.9500 0.2271 -0.2143
vn -0.1792 -0.2738 0.9450
vn -0.8045 -0.0524 0.5916
vn 0.6595 -0.3267 0.6770
vn 0.4037 -0.3402 0.8493
vn 0.7865 -0.3030 0.5382
vn 0.7064 -0.1485 0.6921
vn 0.4807 -0.0197 0.8766
vn 0.8096 -0.2186 0.5448
vn -0.9228 0.3236 -0.2090
vn -0.7013 0.3748 0.6063
vn -0.9247 0.3719 0.0811
vn -0.0708 0.2153 0.9740
vn -0.8797 0.4022 -0.2536
vn -0.5701 0.7280 0.3808
vn -0.8316 0.5543 -0.0354
vn 0.5901 0.2906 0.7532
vn 0.0575 0.6609 0.7483
vn 0.8472 -0.1441 0.5114
vn 0.7808 0.0157 0.6246
vn 0.8913 -0.0979 0.4428
vn 0.8699 0.1292 0.4759
vn -0.7393 0.6338 -0.2274
vn -0.8342 0.4400 -0.3323
vn 0.1782 0.9338 0.3103
vn -0.4525 0.8918 0.0020
vn 0.7126 0.5232 0.4674
vn -0.6740 0.6026 -0.4273
vn -0.7992 0.4299 -0.4201
vn 0.2504 0.9435 -0.2169
vn -0.3819 0.8385 -0.3887
vn 0.9513 0.1501 0.2692
vn 0.8110 0.5818 0.0613
vn 0.9305 -0.0957 0.3535
vn 0.9527 -0.1426 0.2683
vn -0.7825 0.3792 -0.4939
vn -0.3679 0.6295 -0.6844
vn -0.6473 0.4884 -0.5852
vn 0.8462 0.4106 -0.3397
vn 0.2474 0.6951 -0.6750
vn 0.9967 0.0528 0.0616
vn -0.4037 0.3402 -0.8493
vn -0.6595 0.3267 -0.6770
vn 0.8045 0.0524 -0.5916
vn 0.1792 0.2738 -0.9450
vn 0.9500 -0.2271 0.2143
vn 0.9871 -0.1429 -0.0722
vn -0.7865 0.3030 -0.5382
vn -0.7064 0.1485 -0.6921
vn -0.8096 0.2186 -0.5448
vn 0.0708 -0.2154 -0.9740
vn -0.4807 0.0197 -0.8766
vn 0.9247 -0.3719 -0.0810
vn 0.7013 -0.3748 -0.6063
vn 0.9228 -0.3236 0.2090
vn -0.0575 -0.6609 -0.7483
vn -0.5900 -0.2906 -0.7532
vn 0.8316 -0.5543 0.0354
vn 0.5701 -0.7280 -0.3808
vn 0.8797 -0.4021 0.2537
vn -0.8472 0.1441 -0.5114
vn -0.7808 -0.0157 -0.6245
vn -0.8913 0.0979 -0.4428
vn -0.7126 -0.5232 -0.4674
vn -0.8699 -0.1292 -0.4759
vn 0.4525 -0.8918 -0.0020
vn -0.1782 -0.9338 -0.3103
vn 0.8342 -0.4400 0.3323
vn 0.7393 -0.6338 0.2274
vn 0.0570 0.6799 0.7311
vn -0.0296 0.8545 -0.5186
vn -0.1417 0.9218 -0.3609
vn -0.2789 0.8752 0.3952
vn -0.7874 0.3704 -0.4928
vn -0.9202 0.3878 -0.0525
vn -0.0712 0.6222 -0.7796
vn -0.6643 0.0801 -0.7432
vn 0.0362 0.5432 -0.8388
vn 0.0306 0.4586 -0.8881
vn -0.0327 0.4563 -0.8892
vn -0.5054 -0.1025 -0.8568
vn -0.0843 -0.3076 -0.9478
vn -0.3359 -0.1048 -0.9361
vn 0.3327 -0.2852 -0.8989
vn 0.1067 0.6283 -0.7707
vn 0.1240 0.4827 -0.8670
vn 0.6848 -0.3622 -0.6324
vn 0.9852 0.0883 -0.1472
vn 0.2185 0.7315 0.6459
vn 0.0859 0.8383 -0.5384
vn 0.4228 0.6565 0.6247
vn 0.2920 0.6271 0.7222
vn -0.9654 -0.1085 0.2370
vn -0.1540 0.3579 0.9210
vn -0.0811 0.1115 0.9905
vn 0.0453 0.0432 0.9980
vn 0.0096 -0.0914 0.9958
vn -0.5263 -0.5561 0.6433
vn 0.2084 -0.6343 0.7445
vn 0.2457 -0.9374 -0.2467
vn 0.1543 -0.8348 0.5284
vn 0.1513 -0.7469 0.6475
vn -0.1705 -0.7879 -0.5918
vn -0.3482 -0.9293 -0.1232
vn -0.4922 -0.8313 0.2580
vn 0.0896 -0.4802 0.8726
vn 0.0886 -0.4014 0.9116
vn 0.1557 -0.0176 0.9877
vn -0.0678 0.0312 0.9972
vn -0.5522 -0.7549 0.3538
vn -0.4075 -0.7517 0.5186
vn -0.1522 -0.8635 0.4808
vn 0.0918 -0.8554 0.5098
vn -0.3183 0.0818 0.9445
vn -0.1737 -0.3282 0.9285
vn 0.1169 -0.7118 0.6926
vn 0.1783 -0.6073 0.7742
vn 0.0220 -0.6774 0.7353
vn 0.1853 -0.5801 0.7932
vn 0.0748 -0.4777 0.8753
vn 0.0759 -0.5781 0.8124
vn 0.2049 -0.7128 -0.6707
vn -0.3213 -0.6658 -0.6734
vn 0.3127 -0.9168 0.2482
vn 0.2635 -0.9161 0.3021
vn 0.4074 -0.8823 0.2357
vn 0.1385 -0.9781 0.1553
vn 0.2358 -0.5987 0.7654
vn 0.2170 -0.6268 0.7483
vn 0.2034 -0.6463 0.7354
vn 0.1605 -0.7255 0.6692
vn 0.1499 -0.7460 0.6488
vn 0.0786 -0.8606 0.5031
vn -0.5073 0.8173 0.2733
vn -0.0794 0.8266 0.5571
vn 0.6256 0.7350 0.2615
vn 0.7371 0.6679 0.1033
vn 0.3110 0.0881 0.9463
vn 0.7002 0.0083 0.7139
vn 0.8342 -0.2847 0.4724
vn 0.9246 0.3798 0.0282
vn 0.9405 0.3231 -0.1052
vn 0.9748 0.2111 -0.0720
vn 0.9640 0.2313 -0.1310
vn 0.8636 -0.4358 0.2537
vn 0.9099 -0.4080 0.0745
vn 0.8220 -0.5283 -0.2125
vn 0.7136 -0.3779 -0.5899
vn 0.9355 0.2852 -0.2087
vn 0.8886 0.4379 -0.1364
vn 0.3820 -0.2885 -0.8780
vn 0.0019 0.3277 -0.9448
vn 0.7321 0.6810 -0.0141
vn -0.4388 0.8915 0.1127
vn -0.4737 0.8747 -0.1026
vn -0.5525 0.8327 0.0371
vn -0.7432 0.5014 0.4430
vn -0.0957 -0.3203 0.9425
vn -0.8908 0.3085 0.3337
vn -0.9682 0.1466 0.2026
vn -0.9381 0.2825 0.2004
vn -0.6787 -0.5190 0.5196
vn -0.9175 -0.3602 -0.1688
vn -0.8484 -0.5035 -0.1634
vn -0.7613 -0.6120 -0.2143
vn -0.0731 -0.8598 -0.5054
vn -0.0897 -0.9922 0.0864
vn 0.3638 -0.9179 -0.1584
vn -0.9752 -0.2210 0.0088
vn -0.3984 -0.8542 0.3341
vn -0.9896 -0.1389 0.0369
vn -0.9221 0.2392 0.3042
vn -0.9637 0.2549 0.0796
vn -0.4573 -0.7780 0.4307
vn -0.6740 -0.7365 0.0575
vn -0.6360 -0.6960 0.3333
vn -0.7392 -0.6531 -0.1643
vn -0.9416 -0.1412 0.3056
vn -0.8167 0.2031 0.5402
vn -0.8754 -0.4702 -0.1123
vn -0.9329 -0.3368 -0.1272
vn -0.9443 -0.3051 -0.1231
vn -0.8903 -0.4554 -0.0048
vn -0.9747 -0.2222 0.0240
vn -0.9439 -0.3299 -0.0148
vn 0.5003 -0.8658 -0.0069
vn 0.3979 -0.7598 -0.5143
vn -0.5459 -0.7078 -0.4483
vn -0.5399 -0.6517 -0.5327
vn -0.5885 -0.7087 -0.3890
vn -0.4468 -0.8356 -0.3195
vn -0.9317 -0.3145 -0.1817
vn -0.9115 -0.3750 -0.1689
vn -0.9204 -0.3499 -0.1743
vn -0.8492 -0.5028 -0.1616
vn -0.8644 -0.4760 -0.1621
vn -0.7323 -0.6633 -0.1546
vn -0.5152 0.5947 -0.6171
vn 0.2882 0.8611 -0.4187
vn 0.5369 0.8408 -0.0695
vn 0.0609 0.9844 0.1651
vn 0.8051 0.5358 0.2543
vn 0.8151 0.4111 0.4082
vn 0.7536 0.5967 -0.2756
vn 0.7952 0.5527 -0.2495
vn 0.5559 0.7734 -0.3047
vn 0.3463 0.7988 -0.4919
vn 0.7378 0.5866 -0.3341
vn 0.8876 0.3224 -0.3290
vn 0.4048 0.4400 -0.8016
vn 0.4465 0.3445 -0.8258
vn -0.0225 0.6069 -0.7945
vn 0.3996 -0.3141 -0.8612
vn 0.4204 -0.2375 -0.8757
vn 0.3082 0.2859 -0.9073
vn 0.3297 -0.1188 -0.9366
vn 0.3311 0.0661 -0.9413
vn 0.2441 0.4555 -0.8561
vn 0.1964 0.5619 -0.8035
vn 0.2571 0.4414 -0.8597
vn 0.1627 0.5751 -0.8018
vn 0.3597 0.3153 -0.8782
vn 0.3721 0.4044 -0.8355
vn 0.4467 0.7797 -0.4387
vn 0.6876 0.5981 -0.4116
vn 0.7371 0.4395 -0.5133
vn 0.5119 0.7913 -0.3343
vn 0.7665 0.5275 -0.3664
vn 0.3035 0.8831 -0.3578
vn 0.2557 0.6758 -0.6913
vn -0.1856 0.7166 -0.6724
vn 0.3733 0.6323 -0.6789
vn -0.1996 0.7659 -0.6112
vn 0.2445 0.6135 -0.7509
vn 0.0710 0.6932 -0.7172
vn 0.0258 0.6849 -0.7282
vn 0.2355 0.5213 -0.8202
vn 0.2299 0.3611 -0.9038
vn 0.0320 0.5333 -0.8453
vn 0.0162 0.6051 -0.7960
vn 0.0802 0.7256 -0.6835
vn 0.2716 0.6536 -0.7064
vn 0.1998 0.6582 -0.7259
vn -0.0558 0.7217 -0.6899
vn 0.0917 0.4893 -0.8673
vn 0.3230 0.5346 -0.7810
vn 0.3524 0.1912 -0.9161
vn 0.3069 0.2126 -0.9277
vn 0.2620 -0.3027 -0.9164
vn 0.3512 -0.2737 -0.8954
vn 0.3090 -0.2710 -0.9116
vn 0.2290 -0.0544 -0.9719
vn 0.4273 0.1937 -0.8831
vn 0.3918 0.3674 -0.8435
vn 0.3146 0.4663 -0.8268
vn 0.2170 0.3827 -0.8980
vn 0.3869 0.2990 -0.8723
vn 0.2635 0.3447 -0.9010
vn 0.4502 0.0824 -0.8891
vn 0.4450 0.1071 -0.8891
vn 0.3195 0.7387 0.5935
vn -0.5051 0.6474 -0.5708
vn -0.7205 0.4239 -0.5489
vn -0.4457 0.0564 -0.8934
vn 0.1671 0.1134 -0.9794
vn 0.2162 0.1164 -0.9694
vn 0.0494 0.5713 -0.8192
vn -0.2441 0.3084 -0.9194
vn -0.6409 0.3804 -0.6667
vn -0.3840 0.7249 -0.5718
vn -0.9089 0.4094 0.0787
vn -0.8707 0.4847 -0.0831
vn -0.7465 0.0777 -0.6609
vn -0.8474 0.5074 0.1564
vn -0.1990 -0.1041 -0.9745
vn -0.8173 -0.5742 -0.0482
vn -0.8584 -0.2834 0.4275
vn -0.9767 -0.0951 0.1926
vn -0.8784 -0.4600 -0.1294
vn -0.9519 0.3052 -0.0286
vn -0.8412 -0.0068 -0.5406
vn -0.4430 0.3486 0.8260
vn -0.8207 0.3741 -0.4319
vn -0.3693 0.2840 0.8848
vn 0.5270 -0.6957 -0.4881
vn 0.0307 -0.8992 -0.4364
vn -0.4023 -0.9139 -0.0543
vn 0.2363 -0.7475 -0.6208
vn -0.3579 -0.3194 -0.8774
vn -0.0047 -0.9982 -0.0603
vn -0.3649 -0.3950 0.8431
vn -0.8434 0.0182 0.5370
vn -0.0277 -0.6589 0.7517
vn -0.0456 -0.9463 -0.3200
vn 0.0790 -0.9902 0.1148
vn -0.1650 -0.9726 0.1636
vn -0.2218 -0.9654 -0.1371
vn -0.4714 -0.8450 0.2524
vn -0.2981 -0.9544 -0.0165
vn -0.6935 0.3073 -0.6516
vn -0.5912 0.3028 -0.7475
vn -0.4928 0.2700 -0.8272
vn -0.5103 0.3682 -0.7772
vn -0.6644 0.3686 -0.6502
vn -0.5440 0.3229 -0.7745
vn -0.4396 0.1875 0.8784
vn -0.1520 0.2956 0.9432
vn 0.0619 0.1454 0.9874
vn -0.5264 0.3223 0.7868
vn -0.5781 -0.2146 0.7872
vn -0.4845 -0.0939 0.8697
vn -0.7073 -0.6974 0.1159
vn -0.6654 -0.7160 0.2109
vn -0.6892 -0.5368 0.4867
vn 0.9056 0.0981 -0.4126
vn 0.8514 -0.5212 -0.0584
vn 0.3136 -0.7006 -0.6409
vn 0.1922 0.1832 -0.9641
vn -0.6129 0.4159 -0.6719
vn -0.3026 -0.3077 -0.9021
vn -0.5167 0.2820 -0.8084
vn -0.9698 0.1508 0.1918
vn -0.1868 -0.9137 -0.3610
vn -0.4710 -0.5618 -0.6801
vn 0.1442 -0.8581 0.4929
vn -0.0366 -0.9983 -0.0445
vn -0.9885 0.1156 -0.0978
vn -0.8774 0.2217 -0.4254
vn -0.5122 0.6089 -0.6057
vn -0.6323 0.5022 -0.5900
vn -0.3564 0.6183 -0.7005
vn -0.4213 0.6310 -0.6514
vn -0.7419 0.0539 -0.6683
vn -0.8546 0.4359 -0.2822
vn -0.6649 0.4606 -0.5880
vn -0.6582 0.4715 -0.5870
vn -0.8625 0.2923 0.4132
vn -0.8842 0.0111 0.4669
vn -0.9858 0.0494 0.1606
vn -0.8261 0.5451 -0.1430
vn -0.9702 -0.0671 0.2330
vn -0.6164 -0.1675 0.7694
vn -0.0744 -0.2270 -0.9710
vn -0.6584 -0.1100 -0.7446
vn -0.9464 -0.0379 -0.3208
vn -0.6120 -0.3020 -0.7309
vn -0.8682 -0.2609 -0.4220
vn -0.2851 -0.3335 -0.8986
vn -0.7141 -0.4072 0.5694
vn -0.8995 -0.4244 0.1043
vn -0.5581 -0.7206 -0.4114
vn -0.5847 -0.5731 0.5742
vn -0.1842 0.1600 0.9698
vn -0.6785 -0.5660 -0.4683
vn 0.5475 0.2001 0.8125
vn -0.3397 0.6540 -0.6760
vn 0.2556 0.5708 0.7803
vn -0.9002 0.0586 -0.4316
vn -0.5434 0.8315 -0.1157
vn -0.4149 0.8560 0.3084
vn -0.9573 0.1921 -0.2160
vn -0.9048 0.3507 -0.2417
vn -0.2008 -0.7205 -0.6637
vn -0.6905 0.5138 -0.5092
vn -0.6959 0.6059 -0.3855
vn -0.6946 0.6821 -0.2286
vn -0.8730 0.2663 -0.4085
vn -0.8353 0.5313 -0.1411
vn -0.7695 0.5562 -0.3139
vn -0.7177 0.5609 -0.4127
vn -0.9807 0.1883 -0.0534
vn -0.3847 -0.3644 -0.8481
vn 0.7121 0.6917 -0.1203
vn -0.7422 0.3590 -0.5659
vn -0.7849 0.5843 0.2064
vn -0.9675 0.1654 -0.1914
vn -0.9118 0.3285 0.2463
vn -0.9984 0.0182 0.0540
vn -0.6399 0.5674 0.5184
vn -0.3831 0.6576 0.6487
vn -0.5102 0.6804 0.5260
vn -0.8997 0.4358 0.0254
vn -0.8531 -0.0192 0.5214
vn -0.6708 0.5633 0.4825
vn -0.5488 -0.2829 0.7867
vn -0.1986 -0.8241 0.5305
vn -0.3905 -0.0512 0.9192
vn 0.3567 0.5541 0.7521
vn -0.9177 -0.3962 0.0297
vn -0.8114 -0.0369 -0.5833
vn -0.9806 0.1895 0.0494
vn -0.8812 0.3718 0.2918
vn -0.4585 0.8117 0.3619
vn 0.0673 0.9829 0.1711
vn 0.7242 0.6855 -0.0754
vn 0.2495 0.7379 0.6271
vn 0.6856 -0.2982 -0.6641
vn 0.5668 0.4751 -0.6731
vn -0.4818 0.6274 -0.6117
vn 0.7688 0.5772 -0.2752
vn -0.8590 -0.2792 -0.4292
vn 0.1655 0.8496 -0.5009
vn 0.4154 0.6164 0.6690
vn 0.1060 0.7993 -0.5915
vn -0.6168 -0.0349 -0.7863
vn 0.6166 -0.1945 -0.7629
vn -0.8109 -0.0400 -0.5837
vn -0.5534 0.6460 -0.5258
vn 0.8552 -0.0272 0.5177
vn 0.8373 0.5329 0.1224
vn 0.4213 -0.0933 0.9021
vn -0.7499 0.2615 0.6077
vn -0.5784 0.6820 0.4476
vn 0.4674 -0.8593 -0.2077
vn 0.9538 0.2999 -0.0174
vn 0.9490 -0.3119 -0.0458
vn -0.2741 -0.7594 -0.5901
vn -0.2320 -0.4071 -0.8834
vn -0.8249 -0.2367 -0.5134
vn -0.7591 0.3422 -0.5537
vn -0.6113 0.5076 -0.6071
vn -0.5972 -0.5207 -0.6101
vn -0.7234 -0.4103 -0.5552
vn -0.5938 0.0382 -0.8037
vn 0.0216 0.9983 -0.0533
vn 0.5301 0.8421 0.0992
vn 0.7162 0.5995 0.3574
vn 0.6582 0.7525 0.0210
vn 0.9843 0.0731 0.1607
vn 0.3454 0.9341 -0.0903
vn 0.5373 -0.0989 0.8375
vn -0.0929 -0.7187 0.6890
vn 0.5792 -0.6396 0.5053
vn -0.1258 -0.7661 0.6303
vn -0.4526 -0.8083 0.3765
vn -0.5890 -0.7685 0.2499
vn -0.7632 -0.6378 0.1031
vn -0.7959 -0.2990 0.5265
vn -0.8939 -0.0173 0.4480
vn -0.6435 -0.5394 0.5431
vn -0.9940 -0.0463 0.0989
vn -0.4151 0.8996 -0.1357
vn -0.8205 0.5638 0.0942
vn -0.1595 0.9725 -0.1699
vn 0.7456 0.6269 -0.2258
vn 0.9720 0.1594 -0.1726
vn 0.7911 -0.5138 0.3320
vn 0.2222 -0.6729 0.7055
vn -0.3719 -0.6327 0.6793
vn -0.8320 -0.3225 0.4514
vn -0.9278 0.0669 0.3670
vn -0.8199 0.3992 0.4104
vn -0.3806 0.9229 0.0577
vn 0.3214 0.9296 -0.1805
vn -0.8533 0.2439 -0.4609
vn -0.4869 0.5907 -0.6434
vn -0.2749 0.5347 -0.7991
vn 0.0255 -0.2871 0.9575
vn -0.5008 -0.8529 0.1475
vn -0.0240 -0.7063 0.7075
vn 0.0581 -0.2560 0.9649
vn 0.3982 -0.6929 0.6011
vn 0.5177 0.0396 0.8547
vn -0.7515 -0.6573 -0.0556
vn -0.9009 -0.4155 -0.1250
vn -0.1721 -0.7495 -0.6393
vn -0.6612 -0.6517 -0.3716
vn -0.6399 -0.5557 -0.5307
vn -0.1952 -0.5742 -0.7951
vn -0.9008 -0.4031 -0.1615
vn 0.9750 0.0029 -0.2220
vn 0.4602 -0.5583 -0.6903
vn 0.3526 -0.3962 -0.8478
vn 0.6706 -0.1551 -0.7254
vn -0.9737 -0.1196 0.1941
vn -0.4710 0.5827 0.6623
vn -0.1189 0.5555 0.8230
vn -0.9165 -0.0465 0.3973
vn -0.5549 -0.0700 0.8290
vn 0.2777 0.4522 0.8476
vn 0.9928 -0.0734 -0.0948
vn 0.9574 -0.2783 -0.0765
vn 0.4396 -0.7269 -0.5277
vn 0.5078 -0.6710 -0.5402
vn -0.3097 -0.7586 -0.5732
vn -0.2048 -0.8041 -0.5581
vn 0.9693 -0.0689 0.2360
vn 0.7862 -0.6165 -0.0434
vn -0.9148 0.3213 0.2446
vn -0.9316 -0.3635 0.0096
vn -0.5739 -0.7911 0.2117
vn -0.5758 -0.7283 0.3717
vn 0.6549 0.1435 0.7420
vn 0.9032 0.1146 0.4137
vn 0.9156 0.2658 0.3017
vn 0.7853 -0.4836 0.3866
vn 0.5341 -0.3673 0.7614
vn -0.8018 -0.5018 0.3245
vn -0.1894 -0.3159 0.9297
vn -0.0815 -0.5969 0.7981
vn -0.6881 -0.6576 -0.3067
vn 0.3254 0.0454 0.9445
vn -0.1011 -0.0825 0.9915
vn 0.1742 -0.4699 0.8654
vn 0.2659 -0.2598 0.9283
vn 0.4333 -0.1179 -0.8935
vn 0.4606 -0.4540 -0.7627
vn 0.8126 -0.1375 -0.5663
vn 0.2606 -0.1142 -0.9587
vn 0.7482 0.4841 0.4537
vn 0.7919 0.6062 0.0731
vn 0.9841 0.1651 0.0658
vn -0.8936 0.3820 0.2356
vn 0.5782 0.3161 -0.7522
vn 0.2355 0.2673 -0.9344
vn 0.5833 0.2330 -0.7781
vn 0.7449 0.1731 -0.6444
vn 0.0995 0.6701 -0.7355
vn 0.4781 0.4205 -0.7711
vn 0.2849 0.4476 -0.8476
vn -0.2193 0.5581 -0.8003
vn -0.4669 0.1393 -0.8733
vn 0.0386 0.3272 -0.9442
vn -0.3119 0.3144 -0.8966
vn -0.3679 0.1387 -0.9195
vn -0.7614 0.3477 -0.5472
vn -0.6682 0.3805 -0.6392
vn 0.7338 0.1926 -0.6515
vn 0.1309 0.5388 -0.8322
vn 0.5855 0.8061 0.0862
vn 0.2287 -0.9566 0.1807
vn 0.5351 -0.8440 0.0360
vn 0.9860 0.1485 0.0765
vn 0.0461 -0.9951 0.0876
vn 0.1247 -0.9095 0.3966
vn 0.9679 -0.0332 0.2491
vn -0.4916 -0.4448 -0.7487
vn -0.4785 -0.8780 0.0112
vn -0.2819 -0.9539 0.1028
vn 0.3163 0.0285 0.9482
vn -0.6134 -0.7709 -0.1715
vn -0.7085 -0.7053 0.0232
vn -0.7310 -0.1582 0.6637
vn -0.7100 -0.6840 0.1675
vn -0.6269 0.0546 -0.7772
vn -0.1049 0.0546 0.9930
vn 0.2834 -0.1021 0.9535
vn -0.7532 0.4231 0.5037
vn -0.4205 -0.7750 -0.4717
vn -0.7134 -0.6288 0.3093
vn -0.9086 -0.2840 0.3063
vn 0.2951 0.6929 0.6578
vn 0.5510 0.4333 0.7132
vn 0.8323 0.3677 0.4149
vn 0.7958 0.4644 -0.3886
vn -0.9094 0.1540 -0.3864
vn -0.8139 0.1612 -0.5581
vn -0.5631 -0.5998 -0.5684
vn -0.5485 -0.5189 -0.6557
vn -0.5912 -0.3564 -0.7236
vn -0.7814 0.3855 -0.4906
vn -0.6722 -0.2022 -0.7122
vn -0.7040 -0.3282 -0.6299
vn -0.5885 0.2598 -0.7656
vn -0.8435 0.1919 -0.5016
vn -0.7693 -0.3489 -0.5352
vn -0.7440 -0.0553 -0.6658
vn -0.9907 -0.0057 -0.1361
vn -0.4775 0.6861 0.5488
vn 0.1217 -0.5842 -0.8025
vn 0.3339 0.8298 0.4471
vn 0.9840 0.0280 -0.1762
vn 0.6065 0.6090 -0.5111
vn 0.5716 0.4319 -0.6977
vn 0.5418 0.3473 -0.7654
vn 0.4547 0.3194 -0.8314
vn 0.4289 0.7041 -0.5659
vn 0.8150 0.4244 -0.3946
vn 0.9792 0.1822 -0.0890
vn 0.5394 -0.3433 -0.7689
vn 0.1436 -0.5504 -0.8224
vn 0.4045 -0.7520 -0.5204
vn 0.1635 -0.7317 -0.6618
vn 0.7237 -0.4477 -0.5252
vn 0.6303 -0.3273 -0.7040
vn 0.5850 -0.1406 -0.7988
vn 0.8436 0.2613 -0.4691
vn 0.7280 0.2733 -0.6288
vn 0.9102 0.1746 0.3755
vn 0.8870 -0.0715 0.4563
vn 0.3377 -0.8192 0.4635
vn 0.4656 -0.7620 0.4501
vn 0.6882 -0.7219 -0.0722
vn 0.5399 -0.8402 0.0502
vn 0.6299 -0.7154 0.3023
vn 0.7524 -0.5994 -0.2732
vn 0.9008 0.0817 0.4264
vn 0.6111 -0.6160 0.4971
vn 0.4662 -0.8107 0.3540
vn 0.2582 -0.8304 -0.4938
vn 0.2700 -0.8743 -0.4034
vn 0.1698 -0.9839 -0.0565
vn 0.0438 -0.9971 -0.0619
vn 0.3728 -0.9086 -0.1882
vn 0.4439 -0.8904 -0.1011
vn 0.4294 0.3249 -0.8427
vn 0.5132 0.2884 -0.8083
vn 0.3579 0.4104 -0.8387
vn 0.2575 0.2195 -0.9410
vn 0.3240 0.1998 -0.9247
vn 0.4751 0.2795 -0.8343
vn 0.6916 0.6222 0.3669
vn 0.6029 0.3188 0.7314
vn 0.5232 0.3411 0.7810
vn 0.5671 0.2650 0.7799
vn 0.4855 -0.0766 0.8709
vn 0.7803 0.0134 0.6253
vn 0.7192 -0.4836 0.4989
vn 0.4403 -0.6631 0.6053
vn 0.3077 -0.0598 0.9496
vn 0.1045 -0.3996 0.9107
vn -0.7593 -0.6379 -0.1285
vn 0.1725 -0.9414 -0.2898
vn -0.1390 -0.8702 0.4728
vn -0.8631 -0.2601 0.4330
vn 0.7724 -0.4941 -0.3991
vn 0.9544 0.1235 -0.2718
vn 0.8898 -0.4563 -0.0033
vn 0.4308 -0.8780 0.2088
vn 0.5555 -0.5509 0.6228
vn 0.1393 -0.5254 0.8394
vn -0.0866 -0.3457 0.9343
vn -0.6167 0.1557 0.7716
vn 0.8676 0.4786 0.1351
vn 0.5218 0.7290 -0.4431
vn 0.3518 0.8452 -0.4023
vn 0.8810 0.3246 0.3443
vn 0.1865 0.6975 -0.6919
vn 0.4917 0.8056 -0.3305
vn 0.9261 0.3303 0.1822
vn 0.5881 0.4767 -0.6534
vn 0.9663 -0.1778 0.1862
vn 0.5513 0.4566 -0.6983
vn 0.9032 0.4289 0.0180
vn 0.8272 -0.4263 0.3660
vn 0.9785 0.0463 0.2008
vn 0.8550 -0.0631 0.5148
vn 0.8656 -0.1112 0.4883
vn 0.7076 -0.3243 0.6278
vn 0.3974 -0.6183 -0.6781
vn -0.1555 -0.7625 -0.6281
vn 0.7948 -0.4361 -0.4220
vn 0.6112 -0.7093 -0.3513
vn 0.2926 -0.8341 -0.4677
vn -0.0821 -0.8762 -0.4749
vn 0.6789 -0.6902 0.2506
vn 0.9123 0.0360 0.4079
vn 0.1332 -0.9724 0.1916
vn -0.2046 -0.9772 0.0567
vn 0.5017 -0.7955 -0.3399
vn 0.1396 -0.9701 -0.1984
vn -0.3811 -0.3648 -0.8495
vn -0.4878 -0.8729 0.0082
vn 0.6407 0.4938 0.5879
vn 0.3487 0.8950 0.2783
vn 0.7696 0.1621 0.6177
vn 0.0249 0.7908 0.6116
vn 0.1128 0.7347 0.6690
vn 0.5256 0.0744 0.8475
vn 0.5287 0.0854 0.8445
vn 0.7414 0.1599 0.6518
vn 0.6041 0.0253 0.7965
vn 0.5223 0.4161 0.7444
vn 0.6594 0.3226 0.6790
vn 0.6040 -0.0943 0.7914
vn 0.6610 0.2245 0.7160
vn 0.5563 0.2415 0.7951
vn 0.4086 0.2549 0.8764
vn 0.1181 -0.8469 -0.5185
vn 0.2241 -0.6321 -0.7418
vn 0.8187 -0.0473 -0.5722
vn 0.5144 -0.5607 -0.6489
vn 0.7492 -0.1773 -0.6382
vn 0.9633 0.1439 -0.2265
vn 0.8502 0.2453 -0.4657
vn 0.9510 0.2532 -0.1775
vn 0.8836 0.4106 -0.2252
vn 0.8419 0.4407 -0.3115
vn 0.8476 -0.0224 -0.5302
vn 0.9049 0.3526 -0.2385
vn 0.7798 0.6190 0.0936
vn 0.7723 0.6352 -0.0033
vn 0.5341 0.3732 0.7586
vn 0.7284 0.5133 0.4538
vn 0.8079 0.4997 0.3125
vn 0.2488 -0.5686 -0.7841
vn 0.7497 -0.6614 -0.0200
vn 0.5302 -0.2148 -0.8202
vn 0.9425 0.2795 -0.1831
vn 0.8438 0.5361 0.0234
vn 0.3569 0.8827 -0.3056
vn -0.0162 0.7706 -0.6371
vn -0.5919 0.3800 -0.7108
vn 0.5319 0.7444 -0.4036
vn 0.9748 -0.2041 -0.0897
vn 0.0793 0.4979 -0.8636
vn -0.4674 -0.1142 -0.8766
vn 0.9308 -0.2917 -0.2202
vn -0.7141 0.3547 -0.6036
vn -0.7775 0.5202 -0.3533
vn -0.1360 0.2654 -0.9545
vn -0.0432 0.1224 -0.9915
vn 0.9964 0.0831 0.0179
vn 0.8363 0.5347 -0.1212
vn 0.6463 0.0937 -0.7573
vn 0.9480 -0.0472 0.3148
vn 0.2165 -0.5969 0.7726
vn -0.9825 0.0557 -0.1778
vn -0.8495 0.4874 0.2018
vn 0.6852 0.6305 0.3646
vn 0.4249 0.9049 -0.0257
vn -0.8032 -0.5953 0.0207
vn -0.5064 -0.8366 -0.2087
vn -0.7425 0.4830 -0.4641
vn -0.8356 0.5375 -0.1133
vn -0.9564 -0.2720 -0.1066
vn -0.8446 0.5305 0.0728
vn -0.1052 -0.9943 0.0146
vn 0.3030 -0.9417 0.1462
vn 0.2438 -0.9459 0.2139
vn 0.8095 -0.5271 0.2585
vn 0.6989 -0.7094 0.0918
vn 0.4156 0.0013 0.9096
vn 0.7861 0.1859 0.5895
vn 0.8750 0.1524 0.4594
vn 0.6004 -0.7409 0.3011
vn 0.6666 -0.2913 0.6861
vn 0.8727 -0.3103 0.3769
vn 0.5902 -0.6620 0.4620
vn 0.6675 -0.1784 0.7229
vn -0.3160 0.3020 -0.8994
vn 0.0433 0.3340 -0.9416
vn -0.6588 0.4051 -0.6340
vn -0.9661 0.0770 -0.2462
vn -0.4308 0.3135 -0.8462
vn -0.1409 0.0872 -0.9862
vn -0.8569 0.4509 0.2499
vn -0.3321 0.2251 0.9160
vn -0.1872 0.1289 0.9738
vn -0.7953 0.0960 0.5986
vn 0.1793 -0.0010 0.9838
vn 0.6314 -0.0704 0.7723
vn 0.3582 -0.0651 0.9314
vn 0.8322 0.2651 0.4871
vn 0.6137 0.2313 0.7549
vn 0.3663 0.1366 0.9204
vn 0.9726 0.1704 0.1582
vn 0.5964 0.3764 -0.7090
vn 0.4224 0.1093 -0.8998
vn 0.9644 0.2078 -0.1633
vn -0.8859 -0.0655 -0.4591
vn -0.5407 0.0296 -0.8407
vn -0.9252 0.1828 0.3325
vn -0.4958 0.4859 0.7198
vn 0.0891 0.4517 0.8877
vn 0.6420 0.2581 0.7220
vn 0.8419 0.5358 0.0639
vn 0.8578 0.3301 0.3940
vn 0.5976 0.4010 -0.6943
vn -0.1290 0.1008 -0.9865
vn 0.3861 0.3253 -0.8632
vn 0.8294 0.0967 -0.5502
vn 0.6266 0.2161 -0.7488
vn 0.6689 0.2351 0.7052
vn -0.7343 -0.4882 0.4718
vn 0.6439 -0.4409 0.6253
vn 0.8744 -0.4324 0.2203
vn -0.4581 -0.6781 0.5748
vn 0.2002 -0.9702 0.1362
vn 0.7683 -0.5872 0.2548
vn 0.5601 -0.8007 0.2125
vn -0.1388 -0.9830 -0.1199
vn -0.1499 -0.9547 -0.2571
vn 0.3111 -0.9367 -0.1607
vn 0.3562 -0.9329 -0.0540
vn -0.1358 -0.9789 -0.1530
vn -0.7964 -0.5416 -0.2689
vn -0.5825 -0.7788 -0.2329
vn -0.6573 -0.7526 -0.0395
vn 0.8226 0.5683 -0.0182
vn 0.9913 -0.1311 -0.0094
vn 0.5307 0.8470 -0.0308
vn -0.0145 0.8656 0.5005
vn 0.7431 0.2313 0.6279
vn 0.9945 0.0497 0.0919
vn -0.9561 0.1165 0.2689
vn -0.7178 -0.6901 0.0918
vn -0.7688 -0.6373 0.0531
vn -0.9149 0.1127 0.3875
vn -0.1270 -0.9865 -0.1034
vn 0.0697 -0.5367 -0.8409
vn -0.7654 0.0952 -0.6365
vn -0.8599 0.5091 0.0368
vn 0.6567 -0.6825 -0.3209
vn 0.8531 -0.0523 -0.5192
vn 0.7759 -0.5150 0.3645
vn 0.8941 0.0178 0.4476
vn 0.9035 -0.2860 -0.3191
vn -0.7448 0.5969 0.2983
vn -0.6088 0.5641 0.5578
vn -0.3406 0.6200 0.7068
vn -0.5254 0.4197 0.7401
vn -0.0809 0.3636 0.9280
vn 0.5416 0.0559 0.8388
vn 0.8295 -0.5341 0.1632
vn 0.5276 -0.0473 0.8482
vn 0.4080 -0.9095 -0.0798
vn 0.4730 -0.4167 0.7763
vn -0.6281 -0.4805 0.6120
vn -0.4207 0.7507 0.5094
vn -0.6387 -0.0115 0.7694
vn -0.5974 -0.0819 -0.7977
vn -0.2567 -0.3256 -0.9100
vn -0.7281 -0.5357 -0.4277
vn -0.7073 -0.3000 -0.6401
vn -0.0406 -0.9355 -0.3510
vn 0.4250 0.8189 0.3857
vn -0.9836 0.1553 0.0913
vn 0.9378 -0.3355 -0.0893
vn -0.1944 0.4348 -0.8793
vn -0.3333 0.6782 -0.6550
vn -0.5696 0.5058 -0.6478
vn -0.6039 0.6126 -0.5099
vn -0.2803 0.5677 -0.7740
vn 0.0084 0.5405 -0.8413
vn -0.0836 0.5198 -0.8502
vn -0.4450 0.4698 -0.7624
vn 0.2541 -0.1124 -0.9606
vn 0.1201 0.0204 -0.9926
vn 0.0206 0.2746 -0.9613
vn -0.3074 0.2978 -0.9038
vn 0.5763 0.1894 -0.7950
vn 0.7308 0.2765 -0.6241
vn -0.9272 -0.3539 -0.1225
vn -0.4516 -0.7495 -0.4840
vn -0.8431 0.4160 -0.3408
vn -0.8054 0.3235 0.4968
vn -0.2462 0.0187 0.9690
vn -0.9078 0.1197 0.4019
vn 0.1347 -0.1144 0.9843
vn -0.8718 0.2048 0.4450
vn -0.8943 0.2981 0.3338
vn 0.8289 -0.0040 0.5594
vn 0.6400 -0.7379 0.2143
vn 0.4817 -0.1537 0.8627
vn -0.0101 -0.9955 0.0947
vn 0.6299 -0.7583 -0.1683
vn -0.8104 -0.5669 0.1479
vn 0.5256 -0.8497 -0.0421
vn 0.8056 -0.5620 -0.1873
vn -0.3907 0.5364 -0.7481
vn 0.7553 -0.5184 -0.4010
vn 0.7387 -0.6017 -0.3038
vn 0.1750 0.0175 0.9844
vn -0.0808 -0.1089 0.9908
vn 0.8587 0.3800 0.3438
vn 0.7113 -0.6934 0.1150
vn 0.7718 -0.6317 -0.0725
vn 0.8748 -0.3966 -0.2783
vn 0.3179 0.9400 0.1240
vn -0.6138 0.6452 0.4549
vn -0.8400 0.5245 0.1388
vn -0.8332 0.5413 0.1131
vn 0.5587 -0.2034 0.8040
vn 0.6952 -0.2133 0.6865
vn 0.5538 -0.7786 0.2951
vn 0.6673 -0.6621 0.3412
vn 0.8150 -0.4541 0.3599
vn 0.6955 0.0156 0.7184
vn 0.6363 -0.6008 0.4840
vn 0.7483 -0.4867 0.4507
vn 0.8422 -0.1286 0.5237
vn 0.7048 -0.0520 0.7075
vn 0.5723 -0.6176 0.5394
vn 0.8464 -0.3659 0.3870
vn 0.9207 0.0350 0.3886
vn -0.2610 0.6612 0.7034
vn -0.3252 0.9215 0.2123
vn -0.9756 0.1663 0.1431
vn -0.7900 -0.5915 -0.1614
vn -0.8367 -0.4455 -0.3187
vn -0.8766 0.1184 -0.4664
vn -0.9292 -0.3675 -0.0392
vn -0.8947 0.1975 -0.4007
vn -0.9293 0.1752 -0.3250
vn -0.7092 -0.7050 -0.0056
vn -0.5512 -0.7645 0.3343
vn -0.9214 0.3876 -0.0292
vn -0.5068 -0.0367 0.8613
vn -0.6717 -0.7390 -0.0522
vn -0.3035 -0.8928 0.3328
vn 0.1957 -0.4474 0.8727
vn -0.6480 -0.7245 -0.2349
vn -0.3746 -0.9007 0.2199
vn -0.0011 -0.5821 0.8131
vn -0.5957 -0.8031 0.0131
vn -0.6479 -0.6531 -0.3920
vn -0.4751 -0.6465 0.5969
vn -0.6912 -0.4785 -0.5416
vn -0.4898 -0.2980 -0.8193
vn -0.7339 -0.5260 -0.4298
vn -0.1209 0.3989 -0.9090
vn -0.3041 0.1855 -0.9344
vn -0.1602 0.1152 -0.9803
vn -0.6538 -0.5894 -0.4744
vn -0.2801 -0.2357 -0.9306
vn 0.4953 0.5183 -0.6971
vn -0.6328 -0.5934 -0.4974
vn -0.0907 -0.4302 -0.8981
vn 0.7815 0.1713 -0.6000
vn -0.0775 -0.4205 -0.9040
vn 0.7366 -0.0628 -0.6734
vn -0.6296 -0.5684 -0.5296
vn -0.7855 -0.2668 -0.5584
vn -0.2284 -0.0395 -0.9728
vn 0.6009 0.1899 -0.7764
vn -0.8598 -0.5027 -0.0899
vn -0.9253 -0.3727 0.0702
vn -0.8686 -0.4438 -0.2204
vn -0.9017 -0.2218 0.3712
vn -0.5998 -0.4041 0.6906
vn -0.9953 -0.0651 0.0711
vn -0.8361 0.4246 0.3473
vn -0.5520 0.1795 0.8143
vn 0.0256 -0.3567 0.9339
vn 0.2688 0.3616 0.8928
vn 0.5747 -0.2206 0.7881
vn -0.2979 0.8327 0.4668
vn 0.7878 0.2850 0.5461
vn 0.8730 -0.0660 0.4833
vn 0.3997 0.8209 0.4079
vn 0.9790 0.1924 0.0670
vn 0.9949 0.1004 -0.0001
vn 0.8136 0.5694 0.1180
vn 0.8910 0.3926 -0.2281
vn 0.9352 0.1706 0.3102
vn 0.3649 0.4629 -0.8078
vn 0.6274 0.4973 -0.5992
vn 0.9354 0.3458 -0.0730
vn -0.1553 0.4214 -0.8935
vn 0.4560 0.2772 -0.8458
vn 0.6964 0.4693 -0.5430
vn -0.0104 -0.1796 -0.9837
vn 0.4405 -0.3776 -0.8144
vn 0.4542 0.4513 -0.7681
vn 0.7790 0.5993 0.1846
vn 0.8858 0.1700 0.4317
vn 0.6247 0.7705 -0.1269
vn 0.3962 0.0431 -0.9171
vn 0.3676 0.3715 -0.8526
vn 0.3305 0.6766 -0.6581
vn 0.3621 -0.0269 -0.9318
vn -0.1084 0.4206 -0.9008
vn -0.0300 0.6267 -0.7787
vn 0.3066 0.9467 0.0988
vn 0.5382 0.8049 0.2501
vn 0.4355 0.8967 0.0788
vn -0.7059 -0.3543 0.6133
vn -0.0672 0.9342 -0.3503
vn -0.6354 0.3310 0.6976
vn -0.4548 -0.8858 0.0922
vn 0.0315 0.0341 -0.9989
vn 0.1238 -0.2798 -0.9521
vn 0.4796 0.8750 0.0655
vn 0.2431 -0.4274 -0.8708
vn -0.2814 -0.2011 -0.9383
vn -0.0745 0.8808 -0.4676
vn 0.3443 0.9070 -0.2425
vn -0.4093 -0.8506 0.3301
vn -0.8917 -0.4524 -0.0145
vn -0.1465 0.0473 0.9881
vn -0.1005 0.1190 0.9878
vn -0.3024 0.3929 0.8684
vn -0.7216 0.5432 0.4292
vn -0.3320 -0.2971 0.8953
vn -0.1086 0.1945 0.9749
vn 0.1363 0.2047 0.9693
vn 0.2452 0.2831 0.9272
vn -0.7445 -0.2504 0.6189
vn -0.4138 -0.3001 0.8595
vn -0.3150 -0.2527 0.9148
vn -0.5642 -0.2660 0.7816
vn -0.3721 -0.4059 0.8347
vn -0.3623 -0.5254 0.7698
vn -0.3793 -0.8173 0.4338
vn -0.2374 0.7568 -0.6090
vn -0.7280 0.4529 0.5147
vn -0.4911 -0.1945 0.8491
vn -0.3564 0.3190 0.8782
vn 0.0137 -0.8409 0.5411
vn 0.3969 -0.4513 -0.7993
vn -0.0094 -0.8158 0.5782
vn 0.3740 -0.5277 -0.7627
vn -0.3541 0.3821 0.8536
vn -0.0849 0.9408 -0.3283
vn -0.0637 0.9129 -0.4031
vn -0.0023 0.8818 -0.4717
vn -0.3075 0.4446 0.8413
vn 0.2988 -0.5938 -0.7471
vn -0.0503 -0.7891 0.6122
vn 0.2813 -0.5488 -0.7872
vn 0.0222 0.8599 -0.5100
vn -0.0549 -0.8168 0.5742
vn -0.3232 0.4983 0.8045
vn -0.3746 0.5335 0.7583
vn -0.2714 0.9237 0.2704
vn 0.0287 0.7757 -0.6305
vn 0.3084 -0.4746 -0.8244
vn -0.2500 0.9622 0.1081
vn 0.1892 0.4345 -0.8806
vn -0.4497 0.0505 -0.8917
vn -0.8839 0.4669 0.0258
vn 0.8480 -0.0400 0.5284
vn -0.0321 -0.8983 -0.4382
vn 0.0944 0.6983 -0.7096
vn -0.3598 0.6044 0.7108
vn -0.2725 -0.3957 0.8770
vn -0.6505 -0.5255 0.5484
vn -0.2984 0.7712 -0.5624
vn -0.5672 0.4603 0.6829
vn -0.2071 -0.2381 0.9489
vn -0.5584 0.4551 0.6936
vn -0.6322 0.3258 0.7030
vn -0.3691 -0.2479 0.8957
vn -0.2677 -0.1889 0.9448
vn -0.3057 0.7780 -0.5489
vn -0.3830 0.7892 -0.4800
vn 0.5151 -0.2671 -0.8145
vn 0.5522 -0.4825 -0.6799
vn 0.5991 -0.6487 -0.4693
vn 0.6528 -0.2403 -0.7184
vn 0.5576 -0.8231 -0.1077
vn 0.5756 -0.8101 0.1113
vn 0.4661 0.2780 -0.8399
vn 0.7983 -0.5804 -0.1612
vn 0.1562 -0.8387 0.5217
vn 0.3728 -0.8022 0.4663
vn 0.3623 -0.7207 0.5910
vn -0.6292 0.1365 0.7651
vn -0.2904 -0.5219 0.8020
vn -0.0796 -0.7000 0.7097
vn 0.8547 -0.5140 0.0728
vn 0.5768 -0.7782 0.2486
vn 0.9477 -0.2789 -0.1550
vn 0.8837 -0.3785 -0.2753
vn 0.9243 -0.3694 0.0962
vn 0.9739 -0.0787 -0.2130
vn 0.0516 -0.6953 0.7169
vn -0.6890 -0.0108 0.7247
vn -0.6462 -0.3351 0.6857
vn -0.6392 -0.4915 0.5914
vn -0.5267 0.8025 -0.2804
vn -0.8027 0.5585 -0.2091
vn -0.7855 0.3665 -0.4987
vn 0.7733 -0.2081 -0.5990
vn 0.7781 0.0454 -0.6265
vn 0.7467 0.2439 -0.6188
vn 0.3821 -0.4127 -0.8269
vn -0.5164 -0.3209 -0.7940
vn 0.9025 -0.1202 -0.4137
vn 0.5106 -0.8514 -0.1198
vn 0.1128 -0.9881 0.1047
vn -0.5884 -0.7749 0.2309
vn 0.4738 -0.7470 -0.4664
vn -0.2228 -0.8905 0.3966
vn 0.0131 -0.9427 0.3335
vn 0.3692 -0.6778 -0.6358
vn -0.0543 -0.9743 0.2186
vn -0.7724 -0.5913 -0.2321
vn -0.7901 -0.2643 0.5531
vn -0.4832 -0.0733 0.8724
vn -0.9997 -0.0056 -0.0218
vn -0.7870 0.1657 -0.5942
vn -0.7787 -0.1068 0.6183
vn -0.2120 -0.0885 0.9732
vn -0.0085 0.1299 0.9915
vn 0.5111 0.3902 0.7658
vn 0.4486 0.0219 0.8935
vn 0.2808 -0.2823 0.9173
vn -0.3490 -0.3677 0.8620
vn -0.9073 -0.2353 0.3484
vn 0.7384 -0.0719 0.6705
vn -0.9264 0.0389 -0.3746
vn -0.4975 0.2867 -0.8187
vn 0.0299 0.3362 -0.9413
vn -0.6418 0.7297 -0.2358
vn -0.4475 0.1826 -0.8755
vn -0.7139 0.3526 -0.6050
vn -0.3312 0.5546 0.7633
vn -0.4670 0.7223 0.5102
vn -0.7188 0.0851 0.6900
vn -0.0346 -0.1275 0.9912
vn -0.9125 -0.3524 0.2079
vn -0.7930 -0.5727 -0.2076
vn 0.4228 0.1238 0.8977
vn 0.2485 0.9370 0.2453
vn 0.2777 0.3618 0.8900
vn 0.3900 0.9168 -0.0860
vn -0.4368 0.2787 -0.8553
vn 0.4740 0.5510 -0.6868
vn -0.1332 0.3428 -0.9299
vn 0.3967 0.4581 -0.7955
vn 0.8608 0.2822 -0.4234
vn 0.8485 0.5235 -0.0776
vn 0.2487 -0.2550 -0.9344
vn -0.6336 -0.6295 -0.4496
vn -0.3868 -0.8362 -0.3887
vn 0.5123 -0.6890 -0.5126
vn 0.9992 -0.0234 0.0309
vn -0.4730 -0.8323 -0.2889
vn 0.6247 -0.7659 -0.1519
vn 0.9622 -0.1369 0.2353
vn 0.8884 0.3142 0.3348
vn 0.8644 0.2103 0.4567
vn 0.5615 0.7632 0.3198
vn 0.6560 0.5921 0.4681
vn 0.6657 0.6096 0.4304
vn 0.0608 0.7816 0.6209
vn -0.0558 0.9092 0.4125
vn -0.4064 0.9124 -0.0495
vn -0.7892 0.5479 -0.2775
vn 0.2565 0.9661 0.0304
vn 0.2967 0.9512 -0.0854
vn -0.2931 0.2612 0.9197
vn -0.1986 0.0899 0.9760
vn -0.3986 -0.8803 0.2574
vn -0.3640 -0.9166 0.1653
vn 0.2492 -0.3047 -0.9193
vn 0.1639 -0.1585 -0.9737
vn -0.2837 0.9368 0.2047
vn 0.1121 0.5999 -0.7922
vn -0.1469 0.7763 0.6130
vn 0.9932 0.0424 0.1084
vn -0.9760 0.0718 -0.2056
vn -0.0227 -0.9980 0.0590
vn 0.9984 0.0303 0.0480
vn 0.1112 0.8673 -0.4852
vn -0.9675 0.1005 -0.2319
vn -0.0674 -0.9146 0.3987
vn 0.9861 -0.0950 0.1365
vn 0.2269 0.6072 -0.7615
vn -0.9446 0.1166 -0.3069
vn -0.2666 -0.6845 0.6785
vn 0.9035 -0.0991 0.4170
vn 0.3379 0.5058 -0.7937
vn -0.9007 -0.0086 -0.4343
vn -0.3993 -0.5811 0.7091
vn 0.8626 0.0558 0.5029
vn 0.3805 0.5427 -0.7488
vn -0.8274 -0.1301 -0.5464
vn -0.3887 -0.6208 0.6808
vn 0.8574 0.0890 0.5068
vn 0.4541 0.4815 -0.7497
vn -0.7960 -0.1239 -0.5925
vn -0.3951 -0.5500 0.7358
vn 0.8167 -0.0044 0.5771
vn 0.5453 0.3957 -0.7390
vn -0.7842 -0.0577 -0.6178
vn -0.5153 -0.4661 0.7192
vn 0.6995 -0.0070 0.7146
vn 0.6047 0.4215 -0.6758
vn -0.7018 -0.0820 -0.7077
vn -0.6317 -0.4939 0.5976
vn 0.5558 0.0958 0.8258
vn 0.6089 0.5428 -0.5784
vn -0.5625 -0.2036 -0.8014
vn -0.6161 -0.6162 0.4906
vn 0.5474 0.6701 -0.5014
vn -0.4617 -0.2801 -0.8417
vn -0.5018 -0.7280 0.4671
vn 0.4941 0.1223 0.8607
vn 0.4275 0.8114 -0.3986
vn -0.4705 -0.2704 -0.8400
vn -0.3468 -0.8429 0.4115
vn 0.4902 0.0068 0.8716
vn 0.3005 0.9254 -0.2310
vn -0.4636 -0.1030 -0.8801
vn -0.2441 -0.9514 0.1878
vn 0.3578 0.0011 0.9338
vn 0.3692 0.9194 -0.1360
vn -0.2751 0.0809 -0.9580
vn -0.3623 -0.9320 0.0090
vn 0.1180 -0.0692 0.9906
vn 0.4916 0.8696 -0.0452
vn -0.0725 0.0167 -0.9972
vn -0.4444 -0.8954 -0.0286
vn -0.0073 -0.0632 0.9980
vn 0.3981 0.9173 0.0011
vn 0.0444 -0.0385 -0.9983
vn -0.3285 -0.9438 -0.0367
vn -0.0575 -0.0259 0.9980
vn 0.2628 0.9648 0.0040
vn 0.1152 -0.0397 -0.9926
vn -0.1925 -0.9811 -0.0197
vn -0.0850 0.0138 0.9963
vn 0.2171 0.9761 0.0024
vn 0.1532 -0.0217 -0.9880
vn -0.1483 -0.9889 -0.0074
vn -0.0922 0.0344 0.9951
vn 0.2651 0.9642 0.0100
vn 0.1648 -0.0111 -0.9863
vn -0.2008 -0.9796 -0.0052
vn -0.0560 0.0319 0.9979
vn 0.3770 0.9252 0.0431
vn 0.1389 0.0104 -0.9903
vn -0.3213 -0.9470 -0.0016
vn 0.0520 0.0121 0.9986
vn 0.5973 0.7995 0.0634
vn 0.0882 0.0857 -0.9924
vn -0.5541 -0.8324 -0.0038
vn 0.0179 0.0041 0.9998
vn 0.7781 0.6278 -0.0202
vn 0.0540 0.0052 -0.9985
vn -0.7390 -0.6712 -0.0574
vn -0.3127 0.2326 0.9209
vn 0.7650 0.6286 -0.1401
vn 0.2482 -0.3363 -0.9085
vn -0.6671 -0.7385 -0.0983
vn -0.5511 0.4877 0.6771
vn 0.6539 0.7498 -0.1010
vn 0.5575 -0.5120 -0.6535
vn -0.5817 -0.8122 0.0440
vn -0.5874 0.5687 0.5758
vn 0.6603 -0.4955 -0.5644
vn -0.6174 -0.7795 0.1061
vn -0.9806 -0.1316 -0.1454
vn -0.9868 -0.1166 -0.1126
vn -0.9149 -0.2781 -0.2925
vn -0.9106 -0.2907 -0.2936
vn -0.9960 0.0861 -0.0249
vn -0.9690 0.1995 0.1458
vn -0.9578 0.2313 0.1707
vn -0.9969 0.0791 0.0010
vn -0.9091 0.3186 -0.2682
vn -0.7223 -0.3865 -0.5734
vn -0.8430 -0.3614 -0.3983
vn -0.6750 -0.3448 -0.6523
vn -0.9638 -0.2414 -0.1136
vn -0.9720 -0.2195 -0.0843
vn -0.9103 -0.3513 -0.2190
vn -0.9958 -0.0769 -0.0495
vn -0.7417 -0.5990 -0.3018
vn -0.7700 -0.5774 -0.2717
vn -0.9719 -0.2055 -0.1150
vn -0.9932 -0.1164 -0.0047
vn -0.9861 0.1642 0.0262
vn -0.9713 -0.1779 -0.1578
vn -0.9663 -0.2164 -0.1397
vn -0.9948 0.0976 -0.0285
vn -0.9821 -0.1838 0.0409
vn -0.9859 -0.1578 0.0564
vn -0.9987 -0.0116 0.0497
vn -0.9727 -0.2215 -0.0687
vn -0.9717 -0.2279 -0.0623
vn -0.9988 -0.0229 0.0422
vn -0.9611 -0.2756 0.0171
vn -0.9626 -0.2560 0.0887
vn -0.9457 -0.2232 -0.2364
vn -0.7498 -0.5293 -0.3971
vn -0.7492 -0.5281 -0.3998
vn -0.9470 -0.2204 -0.2338
vn -0.9829 -0.1839 -0.0081
vn -0.9707 0.1084 0.2145
vn -0.9992 -0.0266 0.0300
vn -0.9998 -0.0194 0.0104
vn -0.9729 -0.2200 -0.0708
vn -0.9898 -0.1417 -0.0121
vn -0.8448 0.5346 -0.0241
vn -0.7461 0.6060 0.2759
vn -0.9801 -0.1440 0.1366
vn -0.9872 -0.1149 0.1107
vn -0.2580 0.5301 0.8077
vn -0.9144 0.3370 0.2243
vn -0.9230 0.3266 0.2036
vn -0.8274 0.3987 0.3956
vn -0.8399 0.4127 0.3524
vn -0.9508 0.2096 0.2281
vn -0.9510 0.2088 0.2280
vn -0.9272 0.3317 0.1740
vn -0.9708 0.2320 0.0603
vn -0.9558 0.2136 0.2021
vn -0.9480 0.2518 0.1945
vn -0.9823 0.1097 0.1518
vn -0.9821 0.1157 0.1485
vn -0.9893 0.0645 -0.1309
vn -0.9879 0.0712 -0.1377
vn -0.8637 -0.2001 -0.4625
vn -0.8792 -0.2630 -0.3972
vn -0.8696 -0.2567 -0.4218
vn -0.8677 -0.1856 -0.4612
vn -0.8428 -0.3070 -0.4421
vn -0.8796 -0.2866 -0.3796
vn -0.8172 -0.3189 -0.4802
vn -0.9478 -0.0053 -0.3187
vn -0.9374 -0.0318 -0.3468
vn -0.7730 -0.5885 0.2371
vn 0.3819 -0.8385 0.3887
vn 0.3679 -0.6295 0.6844
vn -0.2475 -0.6951 0.6750
vn -0.9247 0.3719 0.0810
vn -0.8797 0.4022 -0.2537
vn 0.5900 0.2906 0.7532
vn 0.2505 0.9435 -0.2169
vn 0.2475 0.6951 -0.6750
vn 0.0708 -0.2153 -0.9740
vn 0.7013 -0.3749 -0.6063
vn -0.7808 -0.0157 -0.6246
vn 0.4525 -0.8918 -0.0021
vn -0.1783 -0.9338 -0.3103
vn -0.6503 -0.0771 -0.7557
vn 0.1348 -0.1302 0.9823
vn -0.9653 -0.0069 -0.2612
vn -0.7141 0.3797 -0.5881
vn -0.4106 0.7966 -0.4437
vn 0.7979 0.1367 0.5871
vn 0.9129 -0.3195 0.2539
vn -0.4411 0.0084 -0.8974
vn 0.7141 -0.3796 0.5881
vt 0.319673 0.052975
vt 0.368581 0.049920
vt 0.378696 0.090318
vt 0.325694 0.087233
vt 0.430361 0.026543
vt 0.434345 0.089745
vt 0.434330 0.142945
vt 0.380560 0.144824
vt 0.327013 0.146042
vt 0.492877 0.091042
vt 0.487294 0.144026
vt 0.496116 0.027026
vt 0.551720 0.024655
vt 0.545520 0.113850
vt 0.536619 0.165655
vt 0.844045 0.274682
vt 0.703373 0.142812
vt 0.693844 0.110628
vt 0.809152 0.201253
vt 0.628447 0.084435
vt 0.577932 0.020845
vt 0.636576 0.066269
vt 0.593648 0.022657
vt 0.645065 0.053528
vt 0.695275 0.083676
vt 0.796944 0.144124
vt 0.372045 0.206043
vt 0.317290 0.223932
vt 0.426509 0.187628
vt 0.413625 0.227162
vt 0.355818 0.265951
vt 0.317176 0.277442
vt 0.479462 0.182461
vt 0.529499 0.200587
vt 0.530184 0.235943
vt 0.471573 0.214041
vt 0.647975 0.349937
vt 0.611213 0.183769
vt 0.645497 0.194771
vt 0.678263 0.276296
vt 0.581467 0.104212
vt 0.653257 0.173523
vt 0.698440 0.254395
vt 0.559536 0.260751
vt 0.549241 0.218947
vt 0.568983 0.237307
vt 0.588888 0.285559
vt 0.559795 0.194971
vt 0.582972 0.224287
vt 0.582601 0.173368
vt 0.564060 0.143609
vt 0.747730 0.235645
vt 0.685946 0.160610
vt 0.710289 0.168749
vt 0.776159 0.238721
vt 0.721965 0.071127
vt 0.822808 0.114015
vt 0.623119 0.028423
vt 0.673129 0.050028
vt 0.678487 0.042356
vt 0.722766 0.055375
vt 0.766006 0.068089
vt 0.871265 0.099970
vt 0.355006 0.032149
vt 0.376732 0.020257
vt 0.322491 0.032417
vt 0.340319 0.019454
vt 0.718617 0.232495
vt 0.661017 0.152276
vt 0.889846 0.514207
vt 0.877329 0.538897
vt 0.849375 0.517401
vt 0.854025 0.489379
vt 0.852586 0.564856
vt 0.834147 0.549801
vt 0.880279 0.125017
vt 0.905674 0.118475
vt 0.917473 0.129851
vt 0.881183 0.146593
vt 0.861476 0.135113
vt 0.860729 0.168315
vt 0.780821 0.639969
vt 0.808603 0.645856
vt 0.818583 0.687342
vt 0.784517 0.681350
vt 0.854809 0.654299
vt 0.871370 0.707396
vt 0.924091 0.792518
vt 0.844073 0.722277
vt 0.794958 0.717653
vt 0.608481 0.716469
vt 0.629253 0.713724
vt 0.637097 0.782240
vt 0.592974 0.765989
vt 0.655287 0.716515
vt 0.663319 0.780284
vt 0.692265 0.849642
vt 0.659308 0.842246
vt 0.598359 0.844199
vt 0.657567 0.628344
vt 0.674351 0.629325
vt 0.650462 0.673692
vt 0.632286 0.672123
vt 0.691544 0.629443
vt 0.669688 0.672860
vt 0.887329 0.656518
vt 0.895425 0.719468
vt 0.919726 0.654061
vt 0.924586 0.716639
vt 0.955505 0.760956
vt 0.947251 0.774740
vt 0.772245 0.893299
vt 0.791802 0.901882
vt 0.765269 0.914745
vt 0.749083 0.891964
vt 0.808690 0.922594
vt 0.766102 0.950179
vt 0.734340 0.978141
vt 0.731747 0.918948
vt 0.711687 0.883735
vt 0.512125 0.369691
vt 0.487782 0.380594
vt 0.476801 0.332054
vt 0.471904 0.398386
vt 0.468551 0.345902
vt 0.445931 0.301839
vt 0.462500 0.295370
vt 0.492102 0.331419
vt 0.479093 0.299812
vt 0.801504 0.741257
vt 0.820359 0.783740
vt 0.790767 0.778864
vt 0.774200 0.753001
vt 0.819074 0.809119
vt 0.811465 0.834501
vt 0.788166 0.822719
vt 0.791402 0.799578
vt 0.493571 0.802129
vt 0.471160 0.817383
vt 0.460102 0.787120
vt 0.479468 0.771550
vt 0.532988 0.762731
vt 0.512023 0.788590
vt 0.495516 0.758205
vt 0.515753 0.734920
vt 0.413326 0.306655
vt 0.395610 0.327096
vt 0.386227 0.299010
vt 0.411423 0.275191
vt 0.373392 0.332856
vt 0.370274 0.297824
vt 0.361383 0.273805
vt 0.380572 0.278791
vt 0.405628 0.265069
vt 0.417055 0.441901
vt 0.399220 0.437748
vt 0.392942 0.392379
vt 0.415673 0.386313
vt 0.390331 0.441449
vt 0.379825 0.397930
vt 0.456383 0.406757
vt 0.440734 0.416124
vt 0.446059 0.365169
vt 0.457399 0.355687
vt 0.425890 0.309669
vt 0.436821 0.307528
vt 0.880514 0.165166
vt 0.868630 0.183059
vt 0.898045 0.156698
vt 0.893475 0.173586
vt 0.884080 0.181458
vt 0.876960 0.189542
vt 0.801256 0.585198
vt 0.794835 0.579401
vt 0.780734 0.585900
vt 0.760864 0.586580
vt 0.755570 0.571080
vt 0.774885 0.575173
vt 0.754704 0.543431
vt 0.772638 0.556492
vt 0.937693 0.118123
vt 0.942168 0.123225
vt 0.572846 0.891887
vt 0.627373 0.925236
vt 0.556879 0.934607
vt 0.541717 0.905534
vt 0.611266 0.965552
vt 0.572133 0.976569
vt 0.535073 0.943530
vt 0.542821 0.978440
vt 0.514562 0.976368
vt 0.515592 0.945988
vt 0.531222 0.913149
vt 0.520645 0.919523
vt 0.306321 0.752338
vt 0.333669 0.783502
vt 0.307221 0.787761
vt 0.495694 0.887342
vt 0.506723 0.866227
vt 0.513346 0.876950
vt 0.510289 0.888346
vt 0.523035 0.856519
vt 0.533662 0.856168
vt 0.528803 0.867844
vt 0.517220 0.872935
vt 0.357832 0.878076
vt 0.387094 0.900424
vt 0.363626 0.903281
vt 0.352384 0.886517
vt 0.396759 0.920948
vt 0.368279 0.922096
vt 0.340559 0.909582
vt 0.348821 0.922207
vt 0.340018 0.919940
vt 0.331515 0.916153
vt 0.336705 0.894297
vt 0.315509 0.908055
vt 0.312358 0.921403
vt 0.308834 0.913861
vt 0.316861 0.938842
vt 0.308005 0.927353
vt 0.300732 0.925405
vt 0.294830 0.922483
vt 0.401587 0.935666
vt 0.405580 0.948781
vt 0.377064 0.950308
vt 0.371924 0.934244
vt 0.409893 0.960995
vt 0.385891 0.961260
vt 0.352169 0.955901
vt 0.360893 0.963603
vt 0.319257 0.969491
vt 0.319869 0.956310
vt 0.352216 0.935558
vt 0.336537 0.931935
vt 0.346500 0.723337
vt 0.319643 0.707183
vt 0.324978 0.691203
vt 0.348948 0.711951
vt 0.311647 0.695741
vt 0.321455 0.680593
vt 0.329441 0.682165
vt 0.324746 0.675831
vt 0.332805 0.666720
vt 0.338423 0.672170
vt 0.353427 0.701073
vt 0.358112 0.682921
vt 0.825441 0.749232
vt 0.850164 0.757469
vt 0.849469 0.800300
vt 0.834678 0.791886
vt 0.874273 0.787808
vt 0.869159 0.819809
vt 0.844072 0.823532
vt 0.862169 0.835522
vt 0.853057 0.850575
vt 0.834695 0.844991
vt 0.831371 0.816209
vt 0.822892 0.839661
vt 0.813844 0.877884
vt 0.847924 0.879299
vt 0.753310 0.884988
vt 0.786007 0.867857
vt 0.799700 0.872790
vt 0.849575 0.736637
vt 0.809036 0.728518
vt 0.885979 0.788763
vt 0.895113 0.880551
vt 0.882415 0.838204
vt 0.855855 0.906630
vt 0.868686 0.860846
vt 0.421911 0.683146
vt 0.404123 0.689624
vt 0.388594 0.653208
vt 0.399176 0.650442
vt 0.389862 0.689976
vt 0.379778 0.654848
vt 0.370836 0.616618
vt 0.375774 0.614733
vt 0.379717 0.614014
vt 0.722396 0.836170
vt 0.695579 0.784655
vt 0.740527 0.794783
vt 0.741968 0.811471
vt 0.747407 0.713177
vt 0.743514 0.762836
vt 0.579291 0.698801
vt 0.548275 0.722586
vt 0.516592 0.704108
vt 0.547152 0.678891
vt 0.391089 0.822694
vt 0.371550 0.826324
vt 0.373893 0.786526
vt 0.389897 0.790552
vt 0.773524 0.841421
vt 0.751579 0.830263
vt 0.446366 0.826888
vt 0.416383 0.817566
vt 0.407253 0.793947
vt 0.434648 0.798992
vt 0.769938 0.720794
vt 0.754581 0.748800
vt 0.539121 0.738864
vt 0.517567 0.717593
vt 0.354570 0.582092
vt 0.358648 0.579620
vt 0.350227 0.587626
vt 0.327151 0.572710
vt 0.331144 0.561469
vt 0.337922 0.555861
vt 0.446417 0.665770
vt 0.437516 0.672733
vt 0.411763 0.645038
vt 0.420893 0.639329
vt 0.430888 0.676986
vt 0.405990 0.647454
vt 0.382438 0.613192
vt 0.385195 0.612434
vt 0.391427 0.609822
vt 0.462784 0.647564
vt 0.455239 0.657411
vt 0.427721 0.632395
vt 0.432205 0.624560
vt 0.396336 0.606842
vt 0.399008 0.603664
vt 0.379714 0.691718
vt 0.371372 0.693887
vt 0.369306 0.657910
vt 0.374347 0.656425
vt 0.469981 0.633782
vt 0.435073 0.614451
vt 0.402552 0.598529
vt 0.364546 0.619992
vt 0.367689 0.618291
vt 0.277461 0.923800
vt 0.288135 0.922919
vt 0.291536 0.929686
vt 0.280160 0.933984
vt 0.300999 0.931872
vt 0.285458 0.945232
vt 0.345943 0.663157
vt 0.355597 0.663935
vt 0.337663 0.663595
vt 0.339174 0.661691
vt 0.342612 0.661270
vt 0.351159 0.655741
vt 0.308929 0.949392
vt 0.298637 0.960514
vt 0.464238 0.287667
vt 0.474641 0.288566
vt 0.439240 0.286969
vt 0.450483 0.285007
vt 0.358112 0.796267
vt 0.340091 0.799439
vt 0.357503 0.787010
vt 0.494425 0.947444
vt 0.489730 0.925564
vt 0.488526 0.971757
vt 0.464227 0.967843
vt 0.469947 0.951322
vt 0.472713 0.940597
vt 0.564927 0.861406
vt 0.545021 0.848313
vt 0.554001 0.839250
vt 0.519008 0.909470
vt 0.499277 0.912159
vt 0.510134 0.898397
vt 0.518175 0.895996
vt 0.486533 0.914203
vt 0.487008 0.890943
vt 0.488371 0.865829
vt 0.318065 0.543947
vt 0.327968 0.538293
vt 0.308520 0.559914
vt 0.301724 0.549713
vt 0.310784 0.538351
vt 0.319914 0.533060
vt 0.365429 0.577853
vt 0.373181 0.576226
vt 0.362122 0.578712
vt 0.343693 0.554549
vt 0.350330 0.552904
vt 0.365137 0.549841
vt 0.379372 0.575069
vt 0.383303 0.573970
vt 0.377256 0.548187
vt 0.384804 0.547421
vt 0.346278 0.594539
vt 0.348126 0.591116
vt 0.389506 0.571673
vt 0.396180 0.546058
vt 0.320709 0.589680
vt 0.323541 0.581966
vt 0.042269 0.708635
vt 0.041097 0.717993
vt 0.034985 0.705395
vt 0.034627 0.696707
vt 0.034257 0.735531
vt 0.029119 0.727726
vt 0.024470 0.718699
vt 0.024509 0.700113
vt 0.024470 0.692554
vt 0.342714 0.536126
vt 0.360203 0.532840
vt 0.334979 0.537050
vt 0.326663 0.529634
vt 0.334161 0.527311
vt 0.353511 0.525673
vt 0.372711 0.531160
vt 0.381621 0.532908
vt 0.365286 0.520538
vt 0.381372 0.520649
vt 0.302544 0.581004
vt 0.305977 0.571032
vt 0.396764 0.524659
vt 0.403166 0.513378
vt 0.297370 0.568553
vt 0.299148 0.558933
vt 0.380869 0.757107
vt 0.391347 0.764566
vt 0.509372 0.688136
vt 0.523746 0.670857
vt 0.492910 0.677995
vt 0.506487 0.664816
vt 0.385475 0.735464
vt 0.395026 0.739283
vt 0.499320 0.702447
vt 0.490895 0.718039
vt 0.474453 0.703248
vt 0.483916 0.689486
vt 0.475505 0.736584
vt 0.450450 0.756995
vt 0.464243 0.745829
vt 0.441642 0.734880
vt 0.452338 0.725872
vt 0.461628 0.718527
vt 0.426548 0.771864
vt 0.403570 0.774975
vt 0.406022 0.743023
vt 0.421896 0.744508
vt 0.381352 0.717207
vt 0.390740 0.717948
vt 0.478666 0.665778
vt 0.490521 0.655766
vt 0.470459 0.675513
vt 0.461686 0.686920
vt 0.451580 0.700135
vt 0.434567 0.714737
vt 0.443994 0.706784
vt 0.416822 0.721934
vt 0.402159 0.719638
vt 0.894520 0.587922
vt 0.857298 0.601530
vt 0.919064 0.575587
vt 0.674560 0.533371
vt 0.696776 0.543327
vt 0.691640 0.579481
vt 0.671098 0.579154
vt 0.708098 0.552302
vt 0.708553 0.582908
vt 0.804862 0.602364
vt 0.779369 0.600660
vt 0.885972 0.206458
vt 0.881729 0.200777
vt 0.891533 0.194205
vt 0.895990 0.199951
vt 0.902267 0.182694
vt 0.909525 0.188978
vt 0.864418 0.211356
vt 0.859759 0.200748
vt 0.870636 0.202433
vt 0.875754 0.209896
vt 0.943543 0.137752
vt 0.925741 0.159575
vt 0.949480 0.147859
vt 0.955227 0.157645
vt 0.941581 0.176136
vt 0.933789 0.167989
vt 0.916551 0.195063
vt 0.868929 0.221628
vt 0.880709 0.217121
vt 0.891307 0.228506
vt 0.881994 0.233726
vt 0.890080 0.211958
vt 0.899773 0.222628
vt 0.910446 0.237311
vt 0.903116 0.242029
vt 0.895902 0.246466
vt 0.919555 0.235004
vt 0.926946 0.263473
vt 0.919208 0.262595
vt 0.929668 0.232217
vt 0.933184 0.264692
vt 0.942668 0.291940
vt 0.932579 0.290683
vt 0.923705 0.288670
vt 0.984029 0.190947
vt 0.966341 0.214658
vt 0.961608 0.195572
vt 0.843822 0.231791
vt 0.867320 0.241944
vt 0.887612 0.248650
vt 0.953192 0.233154
vt 0.946278 0.227861
vt 0.943630 0.198478
vt 0.927091 0.209090
vt 0.938081 0.228048
vt 0.900306 0.205514
vt 0.910526 0.217147
vt 0.687419 0.496824
vt 0.697369 0.518092
vt 0.701090 0.476395
vt 0.704502 0.516552
vt 0.827470 0.428508
vt 0.816786 0.446034
vt 0.774973 0.438168
vt 0.780451 0.426552
vt 0.849882 0.171313
vt 0.850479 0.198947
vt 0.852471 0.207959
vt 0.854400 0.216685
vt 0.758663 0.437115
vt 0.759841 0.444418
vt 0.745191 0.450469
vt 0.737568 0.447341
vt 0.858866 0.468317
vt 0.901661 0.496072
vt 0.848468 0.142880
vt 0.873297 0.446978
vt 0.915899 0.487555
vt 0.962976 0.648185
vt 0.939841 0.652167
vt 0.932439 0.571401
vt 0.946149 0.569847
vt 0.993814 0.740409
vt 0.967890 0.747710
vt 0.946376 0.712697
vt 0.979478 0.703545
vt 0.373115 0.413956
vt 0.363772 0.390402
vt 0.379356 0.444900
vt 0.361383 0.439885
vt 0.910100 0.298067
vt 0.917678 0.292389
vt 0.925256 0.309571
vt 0.921362 0.314965
vt 0.930923 0.305867
vt 0.940892 0.334581
vt 0.937701 0.335749
vt 0.934723 0.337715
vt 0.911611 0.266283
vt 0.904281 0.270107
vt 0.953403 0.258378
vt 0.947046 0.257824
vt 0.898336 0.270110
vt 0.902514 0.300631
vt 0.962963 0.285977
vt 0.955887 0.286319
vt 0.939854 0.261203
vt 0.948738 0.289572
vt 0.947377 0.335843
vt 0.950437 0.335242
vt 0.954812 0.356783
vt 0.952345 0.357780
vt 0.953317 0.334115
vt 0.956988 0.355896
vt 0.967736 0.372560
vt 0.965245 0.374282
vt 0.959356 0.376510
vt 0.957363 0.308271
vt 0.953036 0.308466
vt 0.918787 0.317769
vt 0.932096 0.339342
vt 0.956080 0.333327
vt 0.947790 0.309607
vt 0.943137 0.309732
vt 0.938230 0.307408
vt 0.944142 0.335409
vt 0.949431 0.379332
vt 0.953045 0.378590
vt 0.962188 0.393704
vt 0.954619 0.393873
vt 0.972085 0.393112
vt 0.970230 0.401277
vt 0.961036 0.402807
vt 0.955246 0.403524
vt 0.949664 0.358611
vt 0.947193 0.359100
vt 0.944606 0.359567
vt 0.941593 0.359808
vt 0.947199 0.379703
vt 0.943206 0.380182
vt 0.959231 0.355310
vt 0.938711 0.359735
vt 0.936269 0.380198
vt 0.971941 0.368281
vt 0.074289 0.717818
vt 0.072413 0.701477
vt 0.083744 0.695571
vt 0.084069 0.717189
vt 0.072919 0.684986
vt 0.081854 0.681197
vt 0.089472 0.680495
vt 0.092651 0.690387
vt 0.092651 0.706473
vt 0.949322 0.394583
vt 0.941566 0.395533
vt 0.950973 0.403291
vt 0.945825 0.402060
vt 0.983622 0.382255
vt 0.979796 0.388013
vt 0.930943 0.399595
vt 0.936623 0.406373
vt 0.992755 0.385893
vt 0.984888 0.394147
vt 0.977649 0.391506
vt 0.979440 0.399959
vt 0.351915 0.760072
vt 0.312855 0.802231
vt 0.303089 0.731520
vt 0.437075 0.950526
vt 0.439146 0.938928
vt 0.436618 0.963033
vt 0.470394 0.852166
vt 0.469832 0.891393
vt 0.436001 0.898279
vt 0.434370 0.864089
vt 0.477366 0.917510
vt 0.439537 0.924085
vt 0.729307 0.591474
vt 0.716317 0.630031
vt 0.734696 0.570441
vt 0.754687 0.599010
vt 0.753923 0.634270
vt 0.724579 0.512795
vt 0.716717 0.460118
vt 0.735762 0.481629
vt 0.694051 0.898646
vt 0.676399 0.869990
vt 0.665625 0.930073
vt 0.631448 0.886442
vt 0.733413 0.869908
vt 0.689422 0.713776
vt 0.699236 0.673294
vt 0.751535 0.675549
vt 0.953638 0.130446
vt 0.777064 0.547153
vt 0.786958 0.558895
vt 0.791148 0.569994
vt 0.966041 0.134437
vt 0.751684 0.490039
vt 0.767484 0.535785
vt 0.829341 0.222703
vt 0.978050 0.138301
vt 0.992755 0.173189
vt 0.507930 0.849725
vt 0.510337 0.830867
vt 0.528001 0.904240
vt 0.537248 0.899230
vt 0.556920 0.886499
vt 0.530161 0.843632
vt 0.035054 0.687903
vt 0.025094 0.685417
vt 0.042812 0.699526
vt 0.527630 0.890218
vt 0.537098 0.882879
vt 0.537624 0.831650
vt 0.545455 0.876132
vt 0.522601 0.893150
vt 0.297571 0.910449
vt 0.304983 0.901665
vt 0.321725 0.885334
vt 0.289630 0.912342
vt 0.294176 0.912847
vt 0.276490 0.909732
vt 0.334267 0.877115
vt 0.350429 0.865633
vt 0.395688 0.855131
vt 0.283955 0.753873
vt 0.430884 0.291730
vt 0.421675 0.296188
vt 0.421503 0.280740
vt 0.428645 0.277689
vt 0.436350 0.268716
vt 0.451999 0.278170
vt 0.283452 0.811649
vt 0.280743 0.780530
vt 0.296692 0.903764
vt 0.299977 0.901910
vt 0.328709 0.667096
vt 0.333423 0.662974
vt 0.308393 0.895626
vt 0.322921 0.881931
vt 0.321619 0.675636
vt 0.332938 0.874945
vt 0.345541 0.865454
vt 0.335098 0.660723
vt 0.336899 0.657491
vt 0.292710 0.903046
vt 0.278122 0.901009
vt 0.343545 0.649141
vt 0.319003 0.680435
vt 0.309979 0.691625
vt 0.341402 0.847559
vt 0.353612 0.830516
vt 0.328135 0.657382
vt 0.330350 0.651344
vt 0.288254 0.893193
vt 0.296303 0.892139
vt 0.325420 0.662348
vt 0.277872 0.892754
vt 0.332552 0.642556
vt 0.332743 0.860805
vt 0.289334 0.709114
vt 0.304742 0.695283
vt 0.308442 0.688386
vt 0.303156 0.889979
vt 0.317860 0.881827
vt 0.317861 0.672355
vt 0.324535 0.859034
vt 0.333186 0.848601
vt 0.286561 0.887170
vt 0.292034 0.885010
vt 0.309822 0.878458
vt 0.296936 0.884248
vt 0.278929 0.889828
vt 0.345465 0.834324
vt 0.282715 0.706232
vt 0.298001 0.692892
vt 0.319903 0.657692
vt 0.323943 0.652764
vt 0.301598 0.686626
vt 0.311053 0.670461
vt 0.346138 0.826395
vt 0.351857 0.820844
vt 0.328213 0.645209
vt 0.330454 0.639396
vt 0.439325 0.487106
vt 0.434726 0.530127
vt 0.422591 0.530733
vt 0.429321 0.490067
vt 0.419565 0.543718
vt 0.411629 0.545310
vt 0.446778 0.491065
vt 0.439792 0.529971
vt 0.422646 0.551652
vt 0.417519 0.552602
vt 0.453522 0.502246
vt 0.443072 0.535657
vt 0.426984 0.555064
vt 0.461473 0.516682
vt 0.446686 0.546620
vt 0.432150 0.564120
vt 0.469578 0.533788
vt 0.452790 0.559648
vt 0.441089 0.574891
vt 0.470569 0.480597
vt 0.484651 0.502473
vt 0.463202 0.464888
vt 0.499224 0.491265
vt 0.484115 0.462164
vt 0.478021 0.446255
vt 0.499872 0.526478
vt 0.479609 0.548792
vt 0.517512 0.518646
vt 0.510987 0.544850
vt 0.493789 0.559327
vt 0.527007 0.537830
vt 0.533799 0.553282
vt 0.519909 0.557712
vt 0.505177 0.568637
vt 0.526814 0.567950
vt 0.511502 0.579636
vt 0.540858 0.564807
vt 0.494039 0.580313
vt 0.502180 0.592509
vt 0.480602 0.573370
vt 0.486273 0.588774
vt 0.495832 0.603079
vt 0.471832 0.583331
vt 0.603521 0.526321
vt 0.609693 0.531550
vt 0.605637 0.544497
vt 0.596946 0.543705
vt 0.608733 0.555221
vt 0.600897 0.558294
vt 0.585302 0.544034
vt 0.589072 0.561081
vt 0.593766 0.524299
vt 0.572351 0.562831
vt 0.567792 0.545754
vt 0.576748 0.526648
vt 0.550310 0.549104
vt 0.557271 0.563765
vt 0.552212 0.531771
vt 0.578952 0.582551
vt 0.566562 0.580413
vt 0.550903 0.576884
vt 0.590477 0.616909
vt 0.579505 0.616660
vt 0.567447 0.615764
vt 0.601540 0.647962
vt 0.593997 0.649685
vt 0.584846 0.650840
vt 0.604038 0.666814
vt 0.589487 0.667305
vt 0.602350 0.614788
vt 0.609814 0.644615
vt 0.616088 0.662408
vt 0.300628 0.346474
vt 0.310428 0.344506
vt 0.308963 0.362495
vt 0.301186 0.358535
vt 0.309899 0.377007
vt 0.300851 0.374575
vt 0.289310 0.340270
vt 0.287607 0.356298
vt 0.288267 0.373104
vt 0.304302 0.382481
vt 0.298715 0.383345
vt 0.290268 0.384880
vt 0.249725 0.486020
vt 0.246932 0.492253
vt 0.239608 0.493044
vt 0.240561 0.486203
vt 0.137349 0.301693
vt 0.128079 0.303871
vt 0.116969 0.268156
vt 0.123452 0.264438
vt 0.228128 0.498150
vt 0.226816 0.493581
vt 0.115792 0.304034
vt 0.109946 0.274632
vt 0.093192 0.123920
vt 0.090846 0.126018
vt 0.083484 0.075465
vt 0.084463 0.075110
vt 0.095506 0.122575
vt 0.085369 0.074515
vt 0.211633 0.431229
vt 0.204110 0.469785
vt 0.197146 0.465123
vt 0.202649 0.431939
vt 0.208980 0.612753
vt 0.211343 0.614222
vt 0.211633 0.662941
vt 0.210674 0.662760
vt 0.108283 0.307037
vt 0.102407 0.272837
vt 0.088170 0.125303
vt 0.082399 0.075195
vt 0.293082 0.402149
vt 0.295404 0.393401
vt 0.304318 0.395248
vt 0.305486 0.402391
vt 0.301052 0.390808
vt 0.291879 0.392714
vt 0.310296 0.395758
vt 0.314832 0.401179
vt 0.307020 0.387980
vt 0.305585 0.413516
vt 0.292389 0.415170
vt 0.314505 0.413037
vt 0.305937 0.424054
vt 0.295565 0.427283
vt 0.314832 0.423225
vt 0.251822 0.759210
vt 0.255864 0.754714
vt 0.262826 0.758471
vt 0.263159 0.765264
vt 0.217845 0.497767
vt 0.215707 0.492098
vt 0.227707 0.483139
vt 0.215707 0.485334
vt 0.217848 0.477931
vt 0.227606 0.478121
vt 0.290373 0.430619
vt 0.287607 0.421306
vt 0.259257 0.732323
vt 0.268148 0.732000
vt 0.229464 0.519424
vt 0.219956 0.519792
vt 0.230268 0.536260
vt 0.221565 0.537263
vt 0.261511 0.714860
vt 0.271674 0.711824
vt 0.249625 0.519069
vt 0.242300 0.520560
vt 0.250498 0.539814
vt 0.243983 0.541839
vt 0.251135 0.562929
vt 0.244927 0.565986
vt 0.231484 0.556311
vt 0.223200 0.557014
vt 0.243451 0.595075
vt 0.232979 0.583216
vt 0.225599 0.584944
vt 0.264531 0.695500
vt 0.274314 0.689038
vt 0.265611 0.667223
vt 0.273756 0.657982
vt 0.249712 0.594622
vt 0.251822 0.492305
vt 0.271066 0.632926
vt 0.246178 0.620679
vt 0.240058 0.619222
vt 0.232194 0.609061
vt 0.235476 0.693600
vt 0.223820 0.766454
vt 0.222432 0.765946
vt 0.231996 0.692681
vt 0.220406 0.765299
vt 0.227463 0.687308
vt 0.215707 0.759718
vt 0.230021 0.648186
vt 0.217622 0.761227
vt 0.255046 0.489271
vt 0.255050 0.486625
vt 0.255910 0.486020
vt 0.266227 0.559063
vt 0.220414 0.766574
vt 0.219752 0.430245
vt 0.228801 0.432682
vt 0.184064 0.756636
vt 0.175627 0.752180
vt 0.169689 0.705702
vt 0.178054 0.710388
vt 0.175582 0.682073
vt 0.167237 0.677633
vt 0.165037 0.649547
vt 0.172707 0.654835
vt 0.225554 0.400444
vt 0.232430 0.372537
vt 0.239866 0.376941
vt 0.233995 0.403861
vt 0.241385 0.469361
vt 0.244235 0.425440
vt 0.251410 0.398658
vt 0.255420 0.370667
vt 0.247952 0.425103
vt 0.262548 0.372583
vt 0.267404 0.340066
vt 0.275890 0.308372
vt 0.219174 0.004366
vt 0.232303 0.046924
vt 0.241446 0.100369
vt 0.235807 0.099740
vt 0.253885 0.129474
vt 0.266555 0.159054
vt 0.236458 0.105625
vt 0.237266 0.102823
vt 0.168222 0.747867
vt 0.159772 0.650465
vt 0.160177 0.648114
vt 0.161285 0.645158
vt 0.163988 0.614679
vt 0.160193 0.611889
vt 0.168026 0.579649
vt 0.172345 0.581291
vt 0.249579 0.135231
vt 0.267256 0.161723
vt 0.268273 0.164446
vt 0.263088 0.164446
vt 0.278367 0.204271
vt 0.273844 0.205609
vt 0.173230 0.536957
vt 0.176313 0.537070
vt 0.170743 0.617658
vt 0.180521 0.581680
vt 0.182877 0.535587
vt 0.249057 0.336868
vt 0.240987 0.334891
vt 0.246934 0.296919
vt 0.255807 0.297949
vt 0.264616 0.252741
vt 0.269945 0.254478
vt 0.263546 0.337855
vt 0.271542 0.304706
vt 0.279407 0.259242
vt 0.275818 0.305500
vt 0.276064 0.302634
vt 0.283134 0.260172
vt 0.276896 0.233098
vt 0.279298 0.234027
vt 0.282202 0.235549
vt 0.279473 0.228050
vt 0.278502 0.228250
vt 0.278390 0.230739
vt 0.277334 0.230827
vt 0.178740 0.514244
vt 0.181513 0.513615
vt 0.184064 0.513348
vt 0.276009 0.232544
vt 0.224982 0.000343
vt 0.215707 0.000391
vt 0.296053 0.437414
vt 0.291107 0.439242
vt 0.306051 0.434036
vt 0.304820 0.329994
vt 0.300406 0.337958
vt 0.288409 0.335306
vt 0.293805 0.326978
vt 0.244500 0.470232
vt 0.241121 0.473869
vt 0.314009 0.333632
vt 0.314705 0.429653
vt 0.581159 0.665899
vt 0.574387 0.652745
vt 0.565139 0.657086
vt 0.576675 0.665787
vt 0.558753 0.663302
vt 0.571331 0.672343
vt 0.544579 0.628036
vt 0.555357 0.619409
vt 0.538194 0.638009
vt 0.554786 0.668583
vt 0.535142 0.646267
vt 0.564476 0.681236
vt 0.614282 0.641430
vt 0.616887 0.639633
vt 0.623680 0.655919
vt 0.610271 0.611494
vt 0.615751 0.608193
vt 0.605050 0.576950
vt 0.612446 0.571769
vt 0.508041 0.621762
vt 0.511569 0.608647
vt 0.594313 0.581675
vt 0.519806 0.593858
vt 0.534969 0.581069
vt 0.314009 0.386711
vt 0.557738 0.510754
vt 0.586538 0.504006
vt 0.541830 0.489250
vt 0.579099 0.485520
vt 0.601695 0.503666
vt 0.598851 0.488256
vt 0.611748 0.508097
vt 0.611893 0.490718
vt 0.619921 0.514109
vt 0.623680 0.491912
vt 0.454631 0.581440
vt 0.464232 0.568690
vt 0.605535 0.473753
vt 0.617774 0.471390
vt 0.586360 0.470984
vt 0.598350 0.460100
vt 0.611229 0.458715
vt 0.570946 0.457249
vt 0.551159 0.466715
vt 0.541957 0.452802
vt 0.520299 0.464623
vt 0.510074 0.447004
vt 0.504596 0.436355
vt 0.538414 0.443373
vt 0.473739 0.439808
vt 0.459268 0.455597
vt 0.455223 0.450376
vt 0.468800 0.435018
vt 0.502288 0.425876
vt 0.446416 0.452451
vt 0.463046 0.424572
vt 0.501796 0.413538
vt 0.538003 0.432390
vt 0.540252 0.418725
vt 0.570355 0.440412
vt 0.567980 0.449013
vt 0.575938 0.432451
vt 0.595158 0.452509
vt 0.595823 0.446444
vt 0.600906 0.439821
vt 0.605926 0.449658
vt 0.611406 0.436986
vt 0.402848 0.554044
vt 0.607699 0.453749
vt 0.104348 0.225643
vt 0.098568 0.223521
vt 0.093592 0.174191
vt 0.097825 0.175567
vt 0.202828 0.514338
vt 0.208170 0.518080
vt 0.210399 0.566362
vt 0.206601 0.563694
vt 0.114485 0.217079
vt 0.109438 0.220098
vt 0.101516 0.171737
vt 0.105180 0.169544
vt 0.253843 0.490773
vt 0.267888 0.596117
vt 0.219129 0.762758
vt 0.234728 0.655626
vt 0.239536 0.656839
vt 0.291129 0.593700
vt 0.290337 0.593257
vt 0.290358 0.587455
vt 0.280154 0.618457
vt 0.290382 0.610377
vt 0.290351 0.614768
vt 0.285007 0.606608
vt 0.290370 0.605445
vt 0.300548 0.618457
vt 0.288458 0.597531
vt 0.290340 0.599439
vt 0.295697 0.606607
vt 0.289565 0.593698
vt 0.292241 0.597531
vt 0.042464 0.757242
vt 0.043235 0.750998
vt 0.043256 0.756800
vt 0.053439 0.781999
vt 0.043243 0.778311
vt 0.043211 0.773919
vt 0.048586 0.770151
vt 0.043224 0.768988
vt 0.033045 0.781999
vt 0.045135 0.761074
vt 0.043253 0.762982
vt 0.037896 0.770150
vt 0.044028 0.757240
vt 0.041353 0.761074
vt 0.083338 0.655357
vt 0.081585 0.613751
vt 0.111405 0.609267
vt 0.117231 0.646940
vt 0.048857 0.649821
vt 0.051493 0.611791
vt 0.016677 0.641962
vt 0.021259 0.607372
vt 0.141160 0.602320
vt 0.148635 0.636401
vt 0.080297 0.583187
vt 0.108086 0.580643
vt 0.052391 0.582990
vt 0.023775 0.580813
vt 0.136418 0.576066
vt 0.079219 0.557623
vt 0.105811 0.556734
vt 0.052647 0.558975
vt 0.025107 0.558938
vt 0.133251 0.554381
vt 0.078177 0.532898
vt 0.103409 0.532952
vt 0.053040 0.535074
vt 0.027794 0.535838
vt 0.128630 0.531589
vt 0.077072 0.506652
vt 0.100746 0.506505
vt 0.053468 0.508497
vt 0.030110 0.508868
vt 0.124053 0.504909
vt 0.075846 0.477562
vt 0.097620 0.476860
vt 0.054090 0.478694
vt 0.032577 0.478491
vt 0.119039 0.474848
vt 0.074498 0.445584
vt 0.094269 0.444565
vt 0.054712 0.446231
vt 0.035058 0.445747
vt 0.113812 0.442429
vt 0.073071 0.411701
vt 0.090896 0.410622
vt 0.055218 0.412124
vt 0.037421 0.411575
vt 0.108584 0.408578
vt 0.071620 0.377238
vt 0.087559 0.376206
vt 0.055649 0.377549
vt 0.039705 0.377000
vt 0.103401 0.374318
vt 0.070196 0.343408
vt 0.084278 0.342445
vt 0.056082 0.343631
vt 0.041988 0.343079
vt 0.098276 0.340711
vt 0.068836 0.311079
vt 0.081079 0.310181
vt 0.056561 0.311210
vt 0.044322 0.310648
vt 0.093229 0.308595
vt 0.067547 0.280344
vt 0.077965 0.279592
vt 0.057101 0.280466
vt 0.046686 0.280109
vt 0.088315 0.278364
vt 0.066476 0.254807
vt 0.076099 0.254139
vt 0.056830 0.254948
vt 0.047169 0.254822
vt 0.085716 0.253206
vt 0.065703 0.236437
vt 0.074865 0.235761
vt 0.056519 0.236535
vt 0.047397 0.236237
vt 0.083925 0.234698
vt 0.065079 0.221649
vt 0.073268 0.220878
vt 0.056852 0.221575
vt 0.048716 0.221035
vt 0.081331 0.219651
vt 0.064463 0.207162
vt 0.071766 0.206455
vt 0.057127 0.207081
vt 0.049792 0.206586
vt 0.079033 0.205341
vt 0.063811 0.191823
vt 0.070360 0.191259
vt 0.057236 0.191819
vt 0.050639 0.191492
vt 0.076907 0.190374
vt 0.063127 0.175733
vt 0.068965 0.175297
vt 0.057274 0.175794
vt 0.051401 0.175594
vt 0.074800 0.174601
vt 0.062424 0.159106
vt 0.067540 0.158771
vt 0.057298 0.159203
vt 0.052161 0.159088
vt 0.072649 0.158223
vt 0.061683 0.141531
vt 0.066099 0.141247
vt 0.057259 0.141619
vt 0.052826 0.141529
vt 0.070509 0.140785
vt 0.060835 0.121342
vt 0.064463 0.121099
vt 0.057198 0.121405
vt 0.053562 0.121340
vt 0.068082 0.120730
vt 0.059763 0.095833
vt 0.062650 0.095650
vt 0.056872 0.095893
vt 0.053979 0.095877
vt 0.065531 0.095392
vt 0.058343 0.062043
vt 0.060483 0.061918
vt 0.056200 0.062099
vt 0.054056 0.062112
vt 0.062621 0.061752
vt 0.056451 0.017085
vt 0.057847 0.017069
vt 0.055058 0.017186
vt 0.053665 0.017265
vt 0.059242 0.017030
vt 0.616139 0.416151
vt 0.643590 0.400544
vt 0.666631 0.456362
vt 0.643170 0.471877
vt 0.101671 0.050890
vt 0.199339 0.053900
vt 0.206145 0.082212
vt 0.118977 0.074580
vt 0.259631 0.962129
vt 0.196609 0.958335
vt 0.190374 0.925898
vt 0.257528 0.939382
vt 0.672867 0.387874
vt 0.691955 0.443411
vt 0.839256 0.922062
vt 0.856883 0.916940
vt 0.879322 0.990602
vt 0.866612 0.993993
vt 0.191069 0.900012
vt 0.258950 0.916948
vt 0.144450 0.126662
vt 0.212585 0.147409
vt 0.210438 0.179924
vt 0.150014 0.154408
vt 0.876320 0.909660
vt 0.893981 0.989013
vt 0.926883 0.984988
vt 0.913336 0.891058
vt 0.928809 0.883788
vt 0.947175 0.983593
vt 0.205770 0.211290
vt 0.152024 0.182226
vt 0.273926 0.881795
vt 0.196847 0.854039
vt 0.204399 0.834358
vt 0.277549 0.865787
vt 0.945176 0.880194
vt 0.969539 0.986164
vt 0.702799 0.375174
vt 0.717021 0.431625
vt 0.212184 0.815283
vt 0.289412 0.858301
vt 0.262088 0.982369
vt 0.222341 0.986669
vt 0.199277 0.241936
vt 0.150279 0.209562
vt 0.252298 0.993974
vt 0.209981 0.114043
vt 0.134093 0.099874
vt 0.192677 0.272599
vt 0.142842 0.235822
vt 0.962299 0.877398
vt 0.991320 0.969741
vt 0.895171 0.900469
vt 0.909518 0.987033
vt 0.069679 0.018045
vt 0.194086 0.003789
vt 0.193191 0.028738
vt 0.091996 0.027479
vt 0.220221 0.797154
vt 0.292112 0.844831
vt 0.193670 0.876932
vt 0.261375 0.895488
vt 0.229296 0.778092
vt 0.297504 0.832395
vt 0.720679 0.365967
vt 0.742179 0.424076
vt 0.817266 0.409898
vt 0.783031 0.345665
vt 0.832461 0.344658
vt 0.848400 0.405826
vt 0.873491 0.359720
vt 0.886884 0.415268
vt 0.907155 0.388128
vt 0.936697 0.440010
vt 0.738560 0.356760
vt 0.780821 0.413158
vt 0.081691 0.924057
vt 0.072607 0.921775
vt 0.073402 0.950462
vt 0.084786 0.952553
vt 0.072064 0.988783
vt 0.090374 0.989771
vt 0.062360 0.944771
vt 0.055444 0.984807
vt 0.066775 0.913340
vt 0.055352 0.904077
vt 0.049321 0.937713
vt 0.042377 0.979733
vt 0.033376 0.934481
vt 0.031882 0.974019
vt 0.038392 0.900344
vt 0.097712 0.949329
vt 0.092849 0.919038
vt 0.109066 0.941354
vt 0.101729 0.910398
vt 0.107077 0.986939
vt 0.121898 0.981173
vt 0.118290 0.892892
vt 0.104320 0.864146
vt 0.097432 0.869799
vt 0.105558 0.900185
vt 0.096449 0.876560
vt 0.087344 0.838664
vt 0.084863 0.840999
vt 0.090705 0.836735
vt 0.134235 0.972765
vt 0.119326 0.932417
vt 0.132852 0.926143
vt 0.143488 0.963526
vt 0.069484 0.844906
vt 0.065790 0.815446
vt 0.061944 0.816264
vt 0.063726 0.844828
vt 0.059596 0.817382
vt 0.060390 0.843084
vt 0.064032 0.802790
vt 0.061790 0.806105
vt 0.064854 0.804315
vt 0.087363 0.882847
vt 0.076227 0.886675
vt 0.077863 0.843262
vt 0.065532 0.879012
vt 0.055876 0.872852
vt 0.043479 0.870775
vt 0.054631 0.841564
vt 0.048518 0.841457
vt 0.068192 0.885307
vt 0.069471 0.799400
vt 0.064493 0.799435
vt 0.064030 0.801814
vt 0.064664 0.801831
vt 0.060310 0.804860
vt 0.056462 0.807654
vt 0.075339 0.814612
vt 0.070957 0.814395
vt 0.080882 0.815152
vt 0.077524 0.814777
vt 0.072687 0.797680
vt 0.076652 0.801415
vt 0.056858 0.817830
vt 0.053489 0.818499
vt 0.996407 0.007899
vt 0.996407 0.068285
vt 0.970743 0.068285
vt 0.970743 0.007899
vt 0.945079 0.068285
vt 0.945079 0.007899
vt 0.919414 0.068285
vt 0.919414 0.007899
vt 0.893750 0.068285
vt 0.893750 0.007899
vt 0.868085 0.068285
vt 0.868085 0.007899
vt 0.842421 0.068285
vt 0.842421 0.007899
vt 0.816757 0.068285
vt 0.816757 0.007899
vt 0.791092 0.068285
vt 0.791092 0.007899
vt 0.172739 0.836050
vt 0.173056 0.843879
vt 0.181975 0.845954
vt 0.181795 0.833314
vt 0.161429 0.765442
vt 0.153862 0.766352
vt 0.155460 0.770808
vt 0.160592 0.770299
vt 0.159888 0.774085
vt 0.156705 0.774329
vt 0.157720 0.777376
vt 0.159235 0.777285
vt 0.165140 0.838585
vt 0.165329 0.842313
vt 0.193261 0.848553
vt 0.193354 0.829921
vt 0.158566 0.780150
vt 0.158333 0.840923
vt 0.163588 0.845632
vt 0.169463 0.850848
vt 0.176198 0.856904
vt 0.184690 0.864535
vt 0.151247 0.773639
vt 0.154045 0.776086
vt 0.156436 0.778206
vt 0.147734 0.770540
vt 0.148879 0.778148
vt 0.152561 0.778915
vt 0.155720 0.779555
vt 0.160463 0.847657
vt 0.162889 0.855145
vt 0.165916 0.863814
vt 0.144252 0.777096
vt 0.169710 0.874770
vt 0.156801 0.847952
vt 0.155067 0.855745
vt 0.153342 0.864993
vt 0.144228 0.784720
vt 0.148951 0.783322
vt 0.152640 0.782130
vt 0.155758 0.781069
vt 0.151175 0.876865
vt 0.154373 0.784838
vt 0.156556 0.782344
vt 0.153514 0.846357
vt 0.148064 0.852329
vt 0.141560 0.859604
vt 0.132774 0.869382
vt 0.151735 0.787829
vt 0.148157 0.791814
vt 0.151506 0.843270
vt 0.143888 0.845750
vt 0.134932 0.848525
vt 0.123384 0.851887
vt 0.156527 0.790003
vt 0.157243 0.786237
vt 0.157903 0.783026
vt 0.155683 0.794842
vt 0.159431 0.782937
vt 0.151321 0.839528
vt 0.143563 0.837908
vt 0.134615 0.835966
vt 0.163249 0.793998
vt 0.161640 0.789560
vt 0.160445 0.786013
vt 0.123384 0.833259
vt 0.147237 0.830984
vt 0.140402 0.824973
vt 0.169358 0.789801
vt 0.165841 0.786712
vt 0.163092 0.784203
vt 0.160694 0.782080
vt 0.153075 0.836212
vt 0.131926 0.817261
vt 0.156206 0.834185
vt 0.153786 0.826701
vt 0.150764 0.817994
vt 0.146917 0.807033
vt 0.168202 0.782207
vt 0.164554 0.781359
vt 0.161404 0.780736
vt 0.172825 0.783245
vt 0.163411 0.816914
vt 0.165454 0.805029
vt 0.168112 0.777052
vt 0.164441 0.778169
vt 0.161361 0.779229
vt 0.159879 0.833897
vt 0.161566 0.826133
vt 0.172825 0.775627
vt 0.163176 0.835491
vt 0.168573 0.829421
vt 0.175140 0.822269
vt 0.168935 0.768511
vt 0.165398 0.772531
vt 0.162741 0.775487
vt 0.160569 0.777964
vt 0.183806 0.812557
vt 0.575809 0.365766
vt 0.586309 0.357637
vt 0.587587 0.379850
vt 0.584214 0.384602
vt 0.593515 0.403166
vt 0.588892 0.407265
vt 0.592663 0.375426
vt 0.598586 0.399442
vt 0.593232 0.351570
vt 0.600602 0.348425
vt 0.602601 0.370834
vt 0.603562 0.393586
vt 0.616808 0.366408
vt 0.610546 0.384337
vt 0.611109 0.344848
vt 0.588937 0.333536
vt 0.592977 0.334276
vt 0.595728 0.325713
vt 0.585987 0.315193
vt 0.575692 0.356446
vt 0.584817 0.340968
vt 0.581736 0.326119
vt 0.578963 0.342962
vt 0.584537 0.412250
vt 0.581810 0.390826
vt 0.575692 0.373870
vt 0.577841 0.398282
vt 0.576880 0.383450
vt 0.580153 0.411334
vt 0.558750 0.352357
vt 0.539679 0.369276
vt 0.538215 0.366611
vt 0.549435 0.348895
vt 0.533608 0.385191
vt 0.530230 0.381380
vt 0.527596 0.376749
vt 0.534863 0.361777
vt 0.538914 0.344959
vt 0.527730 0.355435
vt 0.533131 0.341201
vt 0.526273 0.371519
vt 0.525582 0.364281
vt 0.525358 0.352408
vt 0.529106 0.338712
vt 0.539891 0.330084
vt 0.545722 0.330776
vt 0.540789 0.323009
vt 0.554715 0.311887
vt 0.552536 0.334815
vt 0.561344 0.344110
vt 0.558885 0.312856
vt 0.560974 0.332079
vt 0.539554 0.376128
vt 0.536925 0.387761
vt 0.551547 0.362686
vt 0.546365 0.373286
vt 0.541680 0.381879
vt 0.537917 0.386737
vt 0.561458 0.365604
vt 0.555636 0.374176
vt 0.525234 0.327554
vt 0.545173 0.308940
vt 0.521886 0.377061
vt 0.518536 0.366938
vt 0.537779 0.392153
vt 0.534090 0.395130
vt 0.559893 0.294685
vt 0.528292 0.392845
vt 0.563917 0.311260
vt 0.566572 0.332231
vt 0.567850 0.348268
vt 0.518536 0.349343
vt 0.566036 0.358348
vt 0.545865 0.385540
vt 0.524085 0.389057
vt 0.521848 0.383779
vt 0.514485 0.307478
vt 0.514485 0.280682
vt 0.518520 0.281152
vt 0.517564 0.310810
vt 0.524956 0.284770
vt 0.525828 0.312226
vt 0.531082 0.290483
vt 0.529558 0.308181
s 1
usemtl Material.001
f 3/1/1 19/2/2 45/3/3 18/4/4
f 19/2/2 4/5/5 20/6/6 45/3/3
f 45/3/3 20/6/6 1/7/7 21/8/8
f 18/4/4 45/3/3 21/8/8 2/9/9
f 1/7/7 20/6/6 46/10/10 24/11/11
f 20/6/6 4/5/5 23/12/12 46/10/10
f 46/10/10 23/12/12 6/13/13 22/14/14
f 24/11/11 46/10/10 22/14/14 5/15/15
f 13/16/16 36/17/17 47/18/18 35/19/19
f 64/20/20 6/13/13 41/21/21 67/22/22
f 67/22/22 41/21/21 16/23/23 66/24/24
f 35/19/19 47/18/18 42/25/25 15/26/26
f 2/9/9 21/8/8 48/27/27 34/28/28
f 21/8/8 1/7/7 33/29/29 48/27/27
f 48/27/27 33/29/29 10/30/30 29/31/31
f 34/28/28 48/27/27 29/31/31 11/32/32
f 1/7/7 24/11/11 49/33/33 33/29/29
f 24/11/11 5/15/15 32/34/34 49/33/33
f 49/33/33 32/34/34 12/35/35 30/36/36
f 33/29/29 49/33/33 30/36/36 10/30/30
f 8/37/37 37/38/38 50/39/39 26/40/40
f 59/41/41 60/42/42 50/39/39 37/38/38
f 56/43/43 26/40/40 50/39/39 60/42/42
f 58/44/44 61/45/45 51/46/46 31/47/47
f 57/48/48 27/49/49 51/46/46 61/45/45
f 8/37/37 31/47/47 51/46/46 27/49/49
f 8/37/37 27/49/49 52/50/50 37/38/38
f 57/48/48 62/51/51 52/50/50 27/49/49
f 59/41/41 37/38/38 52/50/50 62/51/51
f 65/52/52 68/53/53 53/54/54 38/55/55
f 64/20/20 36/17/17 53/54/54 68/53/53
f 13/16/16 38/55/55 53/54/54 36/17/17
f 15/26/26 42/25/25 54/56/56 40/57/57
f 66/24/24 16/23/23 25/58/58 69/59/59
f 69/59/59 25/58/58 7/60/60 63/61/61
f 40/57/57 54/56/56 28/62/62 9/63/63
f 4/5/5 19/2/2 55/64/64 44/65/65
f 3/1/1 43/66/66 55/64/64 19/2/2
f 17/67/67 44/65/65 55/64/64 43/66/66
f 6/13/13 59/41/41 62/51/51 22/14/14
f 5/15/15 22/14/14 62/51/51 57/48/48
f 5/15/15 57/48/48 61/45/45 32/34/34
f 12/35/35 32/34/34 61/45/45 58/44/44
f 14/68/68 56/43/43 60/42/42 39/69/69
f 6/13/13 39/69/69 60/42/42 59/41/41
f 54/56/56 69/59/59 63/61/61 28/62/62
f 42/25/25 66/24/24 69/59/59 54/56/56
f 6/13/13 64/20/20 68/53/53 39/69/69
f 14/68/68 39/69/69 68/53/53 65/52/52
f 47/18/18 67/22/22 66/24/24 42/25/25
f 36/17/17 64/20/20 67/22/22 47/18/18
f 73/70/70 182/71/71 379/72/72 208/73/73
f 182/71/71 77/74/74 207/75/75 379/72/72
f 379/76/72 207/77/75 89/78/76 205/79/77
f 208/80/73 379/76/72 205/79/77 87/81/78
f 624/82/79 299/83/80 380/84/81 630/85/82
f 299/83/80 137/86/83 185/87/84 380/84/81
f 380/84/81 185/87/84 75/88/85 186/89/86
f 630/85/82 380/84/81 186/89/86 617/90/87
f 70/91/88 370/92/89 381/93/90 193/94/91
f 370/92/89 175/95/92 374/96/93 381/93/90
f 381/93/90 374/96/93 172/97/94 367/98/95
f 193/94/91 381/93/90 367/98/95 78/99/96
f 134/100/97 298/101/98 382/102/99 177/103/100
f 298/101/98 174/104/101 375/105/102 382/102/99
f 382/102/99 375/105/102 175/95/92 370/92/89
f 177/103/100 382/102/99 370/92/89 70/91/88
f 137/86/83 297/106/103 383/107/104 185/87/84
f 297/106/103 135/108/105 294/109/106 383/107/104
f 383/107/104 294/109/106 71/110/107 188/111/108
f 185/87/84 383/107/104 188/111/108 75/88/85
f 619/112/109 190/113/110 384/114/111 631/115/112
f 190/113/110 81/116/113 192/117/114 384/114/111
f 384/114/111 192/117/114 79/118/115 373/119/116
f 631/115/112 384/114/111 373/119/116 628/120/117
f 79/121/115 192/122/114 385/123/118
f 192/122/114 81/124/113 194/125/119 385/123/118
f 385/123/118 194/125/119 85/126/120 197/127/121
f 200/128/122 385/123/118 197/127/121 84/129/123
f 98/130/124 223/131/125 386/132/126 236/133/127
f 489/134/128 100/135/129 235/136/130 503/137/131
f 503/138/131 235/139/130 105/140/132 492/141/133
f 236/142/127 386/143/126 232/144/134 104/145/135
f 83/146/136 196/147/137 387/148/138 213/149/139
f 196/147/137 82/150/140 198/151/141 387/148/138
f 387/148/138 198/151/141 90/152/142 209/153/143
f 213/149/139 387/148/138 209/153/143 91/154/144
f 75/155/85 188/156/108 388/157/145 202/158/146
f 188/156/108 71/159/107 201/160/147 388/157/145
f 388/157/145 201/160/147 82/150/140 196/147/137
f 202/158/146 388/157/145 196/147/137 83/146/136
f 485/161/148 195/162/149 389/163/150 504/164/151
f 195/162/149 75/155/85 202/158/146 389/163/150
f 389/163/150 202/158/146 83/146/136 199/165/152
f 504/164/151 389/163/150 199/165/152 486/166/153
f 87/81/78 205/79/77 390/167/154 305/168/155
f 205/79/77 89/78/76 304/169/156 390/167/154
f 390/167/154 304/169/156 141/170/157 302/171/158
f 305/168/155 390/167/154 302/171/158 139/172/159
f 77/74/74 183/173/160 391/174/161 207/75/75
f 616/175/162 76/176/163 376/177/164 632/178/165
f 632/178/165 376/177/164 176/179/166 629/180/167
f 207/77/75 391/181/161 377/182/168 89/78/76
f 91/183/144 209/184/143 392/185/169 212/186/170
f 209/184/143 90/187/142 211/188/171 392/185/169
f 505/189/172 487/190/173 92/191/174 210/192/175
f 488/193/176 505/189/172 210/192/175 93/194/177
f 465/195/178 258/196/179 549/197/180
f 200/128/122 79/121/115 385/123/118
f 415/198/181 214/199/182 524/200/183 526/201/184
f 506/202/185 393/203/186 525/204/187 531/205/188
f 170/206/189 365/207/190 562/208/191 561/209/192
f 365/207/190 534/210/193 559/211/194 562/208/191
f 394/212/195 536/213/196 535/214/197 218/215/198
f 362/216/199 394/212/195 218/215/198 95/217/200
f 95/217/200 218/215/198 395/218/201 252/219/202
f 218/215/198 535/214/197 395/218/201
f 395/218/201 251/220/203 113/221/204
f 252/219/202 395/218/201 249/222/205 111/223/206
f 167/224/207 364/225/208 565/226/209 560/227/210
f 364/225/208 168/228/211 563/229/212 565/226/209
f 396/230/213 222/231/214 96/232/215 217/233/216
f 220/234/217 396/230/213 217/233/216 97/235/218
f 169/236/219 363/237/220 566/238/221 567/239/222
f 363/237/220 541/240/223 568/241/224 566/238/221
f 397/242/225 555/243/226 554/244/227 216/245/228
f 361/246/229 397/242/225 216/245/228 94/247/230
f 622/248/231 224/249/232 398/250/233 633/251/234
f 224/249/232 99/252/235 226/253/236 398/250/233
f 507/254/237 490/255/238 101/256/239 225/257/240
f 643/258/241 507/254/237 225/257/240 623/259/242
f 81/116/113 190/113/110 399/260/243 229/261/244
f 619/112/109 80/262/245 228/263/246 634/264/247
f 634/264/247 228/263/246 100/135/129 623/259/242
f 229/261/244 399/260/243 225/257/240 101/256/239
f 617/90/87 186/89/86 400/265/248 635/266/249
f 186/89/86 75/88/85 230/267/250 400/265/248
f 400/265/248 230/267/250 99/252/235 224/249/232
f 635/266/249 400/265/248 224/249/232 622/248/231
f 75/88/85 195/268/149 401/269/251 230/267/250
f 485/270/148 81/116/113 229/261/244 508/271/252
f 508/271/252 229/261/244 101/256/239 490/255/238
f 230/267/250 401/269/251 226/253/236 99/252/235
f 131/272/253 292/273/254 402/274/255 286/275/256
f 292/273/254 130/276/257 243/277/258 402/274/255
f 402/274/255 243/277/258 107/278/259 242/279/260
f 286/275/256 402/274/255 242/279/260 109/280/261
f 484/281/262 178/282/263 403/283/264 509/284/265
f 178/282/263 74/285/266 237/286/267 403/283/264
f 403/287/264 237/288/267 102/289/268 231/290/269
f 509/291/265 403/292/264 231/293/269 491/294/270
f 100/135/129 228/263/246 404/295/271 235/136/130
f 228/263/246 80/262/245 238/296/272 404/295/271
f 404/297/271 238/298/272 103/299/273 234/300/274
f 235/139/130 404/297/271 234/300/274 105/140/132
f 74/285/266 227/301/275 405/302/276 237/286/267
f 227/301/275 98/130/124 236/133/127 405/302/276
f 405/303/276 236/142/127 104/145/135 233/304/277
f 237/288/267 405/303/276 233/304/277 102/289/268
f 109/280/261 242/279/260 406/305/278 266/306/279
f 242/279/260 107/278/259 265/307/280 406/305/278
f 406/305/278 265/307/280 119/308/281 264/309/282
f 266/306/279 406/305/278 264/309/282 121/310/283
f 132/311/284 291/312/285 407/313/286 287/314/287
f 502/315/288 131/272/253 286/275/256 510/316/289
f 510/316/289 286/275/256 109/280/261 494/317/290
f 287/314/287 407/313/286 240/318/291 108/319/292
f 133/320/293 290/321/294 408/322/295 288/323/296
f 290/321/294 132/311/284 287/314/287 408/322/295
f 408/322/295 287/314/287 108/319/292 241/324/297
f 288/323/296 408/322/295 241/324/297 106/325/298
f 501/326/299 289/327/300 409/328/301 511/329/302
f 289/330/300 133/320/293 288/323/296 409/331/301
f 409/331/301 288/323/296 106/325/298 239/332/303
f 511/329/302 409/328/301 239/333/303 493/334/304
f 110/335/305 247/336/306 410/337/307 250/338/308
f 247/336/306 111/223/206 249/222/205 410/337/307
f 410/337/307 249/222/205 113/221/204 248/339/309
f 250/338/308 410/337/307 248/339/309 112/340/310
f 94/247/230 216/245/228 411/341/311 253/342/312
f 216/245/228 554/244/227 553/343/313 411/341/311
f 411/341/311 553/343/313 557/344/314 556/345/315
f 253/342/312 411/341/311 556/345/315 558/346/316
f 97/235/218 217/233/216 412/347/317 251/220/203
f 217/233/216 96/232/215 219/348/318 412/347/317
f 412/347/317 219/348/318 112/340/310 248/339/309
f 251/220/203 412/347/317 248/339/309 113/221/204
f 84/129/123 197/127/121 413/349/319 215/350/320
f 197/127/121 85/126/120 545/351/321 546/352/322
f 215/353/320 413/354/319 258/196/179 114/355/323
f 93/194/177 210/192/175 414/356/324 255/357/325
f 210/192/175 92/191/174 257/358/326 414/356/324
f 414/356/324 257/358/326 117/359/327 259/360/328
f 255/357/325 414/356/324 259/360/328 115/361/329
f 213/362/139 482/363/330 551/364/331
f 479/365/332 478/366/333 528/367/334 529/368/335
f 415/198/181 478/366/333 476/369/336 475/370/337
f 481/371/338 415/198/181 475/370/337
f 121/310/283 264/309/282 416/372/339 274/373/340
f 264/309/282 119/308/281 273/374/341 416/372/339
f 416/372/339 273/374/341 123/375/342 272/376/343
f 274/373/340 416/372/339 272/376/343 125/377/344
f 108/319/292 240/318/291 417/378/345 267/379/346
f 494/317/290 109/280/261 266/306/279 512/380/347
f 512/380/347 266/306/279 121/310/283 496/381/348
f 267/379/346 417/378/345 262/382/349 120/383/350
f 106/325/298 241/324/297 418/384/351 268/385/352
f 241/324/297 108/319/292 267/379/346 418/384/351
f 418/384/351 267/379/346 120/383/350 263/386/353
f 268/385/352 418/384/351 263/386/353 118/387/354
f 493/334/304 239/333/303 419/388/355 513/389/356
f 239/332/303 106/325/298 268/385/352 419/390/355
f 419/390/355 268/385/352 118/387/354 261/391/357
f 513/389/356 419/388/355 261/392/357 495/393/358
f 497/394/359 269/395/360 420/396/361 514/397/362
f 269/395/360 122/398/363 271/399/364 420/396/361
f 420/396/361 271/399/364 124/400/365 270/401/366
f 514/397/362 420/396/361 270/401/366 498/402/367
f 120/383/350 262/382/349 421/403/368 275/404/369
f 496/381/348 121/310/283 274/373/340 515/405/370
f 515/405/370 274/373/340 125/377/344 498/406/367
f 275/404/369 421/403/368 270/407/366 124/408/365
f 118/387/354 263/386/353 422/409/371 276/410/372
f 263/386/353 120/383/350 275/404/369 422/409/371
f 422/409/371 275/404/369 124/408/365 271/411/364
f 276/410/372 422/409/371 271/411/364 122/412/363
f 495/393/358 261/392/357 423/413/373 516/414/374
f 261/391/357 118/387/354 276/410/372 423/415/373
f 423/415/373 276/410/372 122/412/363 269/416/360
f 516/414/374 423/413/373 269/417/360 497/418/359
f 491/294/270 231/293/269 424/419/375 517/420/376
f 231/290/269 102/289/268 246/421/377 424/422/375
f 424/422/375 246/421/377 129/423/378 281/424/379
f 517/420/376 424/419/375 281/425/379 499/426/380
f 102/289/268 233/304/277 425/427/381 246/421/377
f 233/304/277 104/145/135 245/428/382 425/427/381
f 425/427/381 245/428/382 128/429/383 282/430/384
f 246/421/377 425/427/381 282/430/384 129/423/378
f 104/145/135 232/144/134 426/431/385 245/428/382
f 492/141/133 105/140/132 244/432/386 518/433/387
f 518/433/387 244/432/386 127/434/388 500/435/389
f 245/428/382 426/431/385 283/436/390 128/429/383
f 105/140/132 234/300/274 427/437/391 244/432/386
f 234/300/274 103/299/273 277/438/392 427/437/391
f 427/437/391 277/438/392 126/439/393 284/440/394
f 244/432/386 427/437/391 284/440/394 127/434/388
f 499/426/380 281/425/379 428/441/395 519/442/396
f 281/424/379 129/423/378 280/443/397 428/444/395
f 428/444/395 280/443/397 133/320/293 289/330/300
f 519/442/396 428/441/395 289/327/300 501/326/299
f 129/423/378 282/430/384 429/445/398 280/443/397
f 282/430/384 128/429/383 279/446/399 429/445/398
f 429/445/398 279/446/399 132/311/284 290/321/294
f 280/443/397 429/445/398 290/321/294 133/320/293
f 128/429/383 283/436/390 430/447/400 279/446/399
f 500/435/389 127/434/388 278/448/401 520/449/402
f 520/449/402 278/448/401 131/272/253 502/315/288
f 279/446/399 430/447/400 291/312/285 132/311/284
f 127/434/388 284/440/394 431/450/403 278/448/401
f 284/440/394 126/439/393 285/451/404 431/450/403
f 431/450/403 285/451/404 130/276/257 292/273/254
f 278/448/401 431/450/403 292/273/254 131/272/253
f 77/74/74 182/71/71 432/452/405 296/453/406
f 182/71/71 73/70/70 179/454/407 432/452/405
f 432/452/405 179/454/407 135/108/105 297/106/103
f 296/453/406 432/452/405 297/106/103 137/86/83
f 72/455/408 181/456/409 433/457/410 293/458/411
f 181/456/409 171/459/412 371/460/413 433/457/410
f 433/457/410 371/460/413 174/104/101 298/101/98
f 293/458/411 433/457/410 298/101/98 134/100/97
f 616/175/162 183/173/160 434/461/414 636/462/415
f 183/173/160 77/74/74 296/453/406 434/461/414
f 434/461/414 296/453/406 137/86/83 299/83/80
f 636/462/415 434/461/414 299/83/80 624/82/79
f 625/463/416 300/464/417 435/465/418 637/466/419
f 300/464/417 139/172/159 302/171/158 435/465/418
f 435/465/418 302/171/158 141/170/157 303/467/420
f 637/466/419 435/465/418 303/467/420 626/468/421
f 620/469/422 203/470/423 436/471/424 638/472/425
f 203/470/423 87/81/78 305/168/155 436/471/424
f 436/471/424 305/168/155 139/172/159 300/464/417
f 638/472/425 436/471/424 300/464/417 625/463/416
f 89/78/76 206/473/426 437/474/427 304/169/156
f 621/475/428 88/476/429 307/477/430 639/478/431
f 639/478/431 307/477/430 140/479/432 626/468/421
f 304/169/156 437/474/427 303/467/420 141/170/157
f 86/480/433 306/481/434 438/482/435 313/483/436
f 306/481/434 138/484/437 312/485/438 438/482/435
f 438/482/435 312/485/438 144/486/439 310/487/440
f 313/483/436 438/482/435 310/487/440 142/488/441
f 144/486/439 309/489/442 439/490/443 332/491/444
f 309/489/442 145/492/445 331/493/446 439/490/443
f 439/490/443 331/493/446 154/494/447 328/495/448
f 332/491/444 439/490/443 328/495/448 153/496/449
f 88/476/429 204/497/450 440/498/451 314/499/452
f 204/500/450 86/480/433 313/483/436 440/501/451
f 440/501/451 313/483/436 142/488/441 308/502/453
f 314/499/452 440/498/451 308/503/453 143/504/454
f 140/479/432 307/477/430 441/505/455 315/506/456
f 307/477/430 88/476/429 314/499/452 441/505/455
f 441/505/455 314/499/452 143/504/454 311/507/457
f 315/506/456 441/505/455 311/507/457 145/492/445
f 138/484/437 301/508/458 442/509/459 312/485/438
f 301/508/458 140/479/432 315/506/456 442/509/459
f 442/509/459 315/506/456 145/492/445 309/489/442
f 312/485/438 442/509/459 309/489/442 144/486/439
f 72/455/408 368/510/460 443/511/461 181/456/409
f 173/512/462 372/513/463 443/511/461 368/510/460
f 171/459/412 181/456/409 443/511/461 372/513/463
f 147/514/464 318/515/465 444/516/466 319/517/467
f 318/518/465 87/81/78 203/470/423 444/519/466
f 640/520/468 620/469/422 86/480/433 317/521/469
f 627/522/470 640/523/468 317/524/469 146/525/471
f 73/70/70 208/73/73 445/526/472 320/527/473
f 208/80/73 87/81/78 318/518/465 445/528/472
f 445/526/472 318/515/465 147/514/464 321/529/474
f 320/527/473 445/526/472 321/529/474 148/530/475
f 149/531/476 322/532/477 446/533/478 323/534/479
f 322/532/477 135/108/105 179/454/407 446/533/478
f 446/533/478 179/454/407 73/70/70 320/527/473
f 323/534/479 446/533/478 320/527/473 148/530/475
f 150/535/480 324/536/481 447/537/482 325/538/483
f 324/536/481 71/110/107 294/109/106 447/537/482
f 447/537/482 294/109/106 135/108/105 322/532/477
f 325/538/483 447/537/482 322/532/477 149/531/476
f 82/150/140 201/160/147 448/539/484 326/540/485
f 71/159/107 324/541/481 448/539/484 201/160/147
f 150/542/480 326/540/485 448/539/484 324/541/481
f 151/543/486 329/544/487 449/545/488 340/546/489
f 329/544/487 153/496/449 339/547/490 449/545/488
f 449/545/488 339/547/490 157/548/491 337/549/492
f 340/546/489 449/545/488 337/549/492 155/550/493
f 142/488/441 310/487/440 450/551/494 333/552/495
f 310/487/440 144/486/439 332/491/444 450/551/494
f 450/551/494 332/491/444 153/496/449 329/544/487
f 333/552/495 450/551/494 329/544/487 151/543/486
f 143/504/454 308/503/453 451/553/496 334/554/497
f 308/502/453 142/488/441 333/552/495 451/555/496
f 451/555/496 333/552/495 151/543/486 327/556/498
f 334/554/497 451/553/496 327/557/498 152/558/499
f 145/492/445 311/507/457 452/559/500 331/493/446
f 311/507/457 143/504/454 334/554/497 452/559/500
f 452/559/500 334/554/497 152/558/499 330/560/501
f 331/493/446 452/559/500 330/560/501 154/494/447
f 158/561/502 338/562/503 453/563/504 348/564/505
f 338/562/503 156/565/506 347/566/507 453/563/504
f 453/563/504 347/566/507 160/567/508 346/568/509
f 348/564/505 453/563/504 346/568/509 162/569/510
f 152/558/499 327/557/498 454/570/511 341/571/512
f 327/556/498 151/543/486 340/546/489 454/572/511
f 454/572/511 340/546/489 155/550/493 335/573/513
f 341/571/512 454/570/511 335/574/513 156/565/506
f 154/494/447 330/560/501 455/575/514 342/576/515
f 330/560/501 152/558/499 341/571/512 455/575/514
f 455/575/514 341/571/512 156/565/506 338/562/503
f 342/576/515 455/575/514 338/562/503 158/561/502
f 153/496/449 328/495/448 456/577/516 339/547/490
f 328/495/448 154/494/447 342/576/515 456/577/516
f 456/577/516 342/576/515 158/561/502 336/578/517
f 339/547/490 456/577/516 336/578/517 157/548/491
f 161/579/518 344/580/519 457/581/520 356/582/521
f 344/580/519 162/569/510 355/583/522 457/581/520
f 457/581/520 355/583/522 166/584/523 352/585/524
f 356/582/521 457/581/520 352/585/524 165/586/525
f 157/548/491 336/578/517 458/587/526 349/588/527
f 336/578/517 158/561/502 348/564/505 458/587/526
f 458/587/526 348/564/505 162/569/510 344/580/519
f 349/588/527 458/587/526 344/580/519 161/579/518
f 155/550/493 337/549/492 459/589/528 350/590/529
f 337/549/492 157/548/491 349/588/527 459/589/528
f 459/589/528 349/588/527 161/579/518 345/591/530
f 350/590/529 459/589/528 345/591/530 159/592/531
f 156/565/506 335/574/513 460/593/532 347/566/507
f 335/573/513 155/550/493 350/590/529 460/594/532
f 460/594/532 350/590/529 159/592/531 343/595/533
f 347/566/507 460/593/532 343/596/533 160/567/508
f 164/597/534 351/598/535 461/599/536 354/600/537
f 351/598/535 163/601/538 353/602/539 461/599/536
f 461/599/536 353/602/539 165/603/525 352/604/524
f 354/600/537 461/599/536 352/604/524 166/605/523
f 159/592/531 345/591/530 462/606/540 357/607/541
f 345/591/530 161/579/518 356/582/521 462/606/540
f 462/606/540 356/582/521 165/586/525 353/608/539
f 357/607/541 462/606/540 353/608/539 163/609/538
f 160/567/508 343/596/533 463/610/542 358/611/543
f 343/595/533 159/592/531 357/607/541 463/612/542
f 463/612/542 357/607/541 163/609/538 351/613/535
f 358/611/543 463/610/542 351/614/535 164/615/534
f 162/569/510 346/568/509 464/616/544 355/583/522
f 346/568/509 160/567/508 358/611/543 464/616/544
f 464/616/544 358/611/543 164/615/534 354/617/537
f 355/583/522 464/616/544 354/617/537 166/584/523
f 114/355/323 258/196/179 465/195/178 254/618/545
f 258/196/179 413/354/319 550/619/546 549/197/180
f 465/195/178 544/620/547 541/240/223 363/237/220
f 254/618/545 465/195/178 363/237/220 169/236/219
f 115/361/329 259/360/328 466/621/548 359/622/549
f 259/360/328 117/359/327 360/623/550 466/621/548
f 466/621/548 360/623/550 168/228/211 364/225/208
f 359/622/549 466/621/548 364/225/208 167/224/207
f 116/624/551 260/625/552 467/626/553 256/627/554
f 260/625/552 474/628/555 533/629/556 467/626/553
f 467/626/553 533/629/556 534/210/193 365/207/190
f 256/627/554 467/626/553 365/207/190 170/206/189
f 174/104/101 371/460/413 468/630/557 369/631/558
f 371/460/413 171/459/412 366/632/559 468/630/557
f 468/630/557 366/632/559 76/176/163 184/633/560
f 369/631/558 468/630/557 184/633/560 136/634/561
f 171/459/412 372/513/463 469/635/562 366/632/559
f 173/512/462 316/636/563 469/635/562 372/513/463
f 146/525/471 378/637/564 469/635/562 316/636/563
f 176/179/166 376/177/164 469/635/562 378/637/564
f 76/176/163 366/632/559 469/635/562 376/177/164
f 628/120/117 373/119/116 470/638/565 641/639/566
f 79/118/115 189/640/567 470/638/565 373/119/116
f 618/641/568 641/639/566 470/638/565 189/640/567
f 172/97/94 374/96/93 178/282/263 191/642/569
f 374/96/93 175/95/92 187/643/570 178/282/263
f 178/282/263 187/643/570 74/285/266
f 191/642/569 178/282/263 484/281/262 80/262/245
f 175/95/92 375/105/102 471/644/571 187/643/570
f 375/105/102 174/104/101 369/631/558 471/644/571
f 471/644/571 369/631/558 136/634/561 295/645/572
f 187/643/570 471/644/571 295/645/572 74/285/266
f 89/78/76 377/182/168 472/646/573 206/473/426
f 629/180/167 642/647/574 472/648/573 377/649/168
f 621/475/428 206/473/426 472/646/573 642/650/574
f 176/179/166 378/637/564 473/651/575 180/652/576
f 378/637/564 146/525/471 317/524/469 473/651/575
f 473/653/575 317/521/469 86/480/433 204/500/450
f 180/654/576 473/655/575 204/497/450 88/476/429
f 483/656/577 481/371/338 116/624/551 221/657/578
f 475/370/337 476/369/336 474/628/555 260/625/552
f 474/628/555 476/369/336 255/357/325 115/361/329
f 478/366/333 479/365/332 93/194/177 255/357/325
f 521/658/579 477/659/580 212/186/170 488/193/176
f 476/369/336 478/366/333 255/357/325
f 477/659/580 480/660/581 91/183/144 212/186/170
f 91/183/144 480/660/581 213/362/139
f 522/661/582 482/363/330 393/203/186 506/202/185
f 482/363/330 213/362/139 393/203/186
f 481/371/338 483/656/577 214/199/182 415/198/181
f 483/656/577 522/661/582 506/202/185 214/199/182
f 479/365/332 521/658/579 488/193/176 93/194/177
f 430/447/400 520/449/402 502/315/288 291/312/285
f 283/436/390 500/435/389 520/449/402 430/447/400
f 285/451/404 519/442/396 501/326/299 130/276/257
f 126/439/393 499/426/380 519/442/396 285/451/404
f 426/431/385 518/433/387 500/435/389 283/436/390
f 232/144/134 492/141/133 518/433/387 426/431/385
f 277/438/392 517/420/376 499/426/380 126/439/393
f 103/299/273 491/294/270 517/420/376 277/438/392
f 273/374/341 516/414/374 497/418/359 123/375/342
f 119/308/281 495/393/358 516/414/374 273/374/341
f 421/403/368 515/405/370 498/406/367 270/407/366
f 262/382/349 496/381/348 515/405/370 421/403/368
f 272/662/343 514/397/362 498/402/367 125/663/344
f 123/664/342 497/394/359 514/397/362 272/662/343
f 265/307/280 513/389/356 495/393/358 119/308/281
f 107/278/259 493/334/304 513/389/356 265/307/280
f 417/378/345 512/380/347 496/381/348 262/382/349
f 240/318/291 494/317/290 512/380/347 417/378/345
f 243/277/258 511/329/302 493/334/304 107/278/259
f 130/276/257 501/326/299 511/329/302 243/277/258
f 407/313/286 510/316/289 494/317/290 240/318/291
f 291/312/285 502/315/288 510/316/289 407/313/286
f 238/298/272 509/291/265 491/294/270 103/299/273
f 80/262/245 484/281/262 509/284/265 238/296/272
f 401/269/251 508/271/252 490/255/238 226/253/236
f 195/268/149 485/270/148 508/271/252 401/269/251
f 633/251/234 398/250/233 507/254/237 643/258/241
f 398/250/233 226/253/236 490/255/238 507/254/237
f 480/660/581 477/659/580 527/665/583 530/666/584
f 522/661/582 483/656/577 221/657/578 552/667/585
f 212/186/170 392/185/169 505/189/172 488/193/176
f 392/185/169 211/188/171 487/190/173 505/189/172
f 194/125/119 504/164/151 486/166/153 85/126/120
f 81/124/113 485/161/148 504/164/151 194/125/119
f 386/143/126 503/138/131 492/141/133 232/144/134
f 223/131/125 489/134/128 503/137/131 386/132/126
f 525/204/187 523/668/586 530/666/584 527/665/583
f 531/205/188 525/204/187 527/665/583 532/669/587
f 524/200/183 529/368/335 528/367/334 526/201/184
f 524/200/183 531/205/188 532/669/587 529/368/335
f 214/199/182 506/202/185 531/205/188 524/200/183
f 477/659/580 521/658/579 532/669/587 527/665/583
f 213/362/139 480/660/581 530/666/584 523/668/586
f 478/366/333 415/198/181 526/201/184 528/367/334
f 393/203/186 213/362/139 523/668/586 525/204/187
f 521/658/579 479/365/332 529/368/335 532/669/587
f 534/210/193 533/629/556 359/622/549 167/224/207
f 395/218/201 535/214/197 97/235/218 251/220/203
f 536/213/196 559/211/194 560/227/210 220/234/217
f 535/214/197 536/213/196 220/234/217 97/235/218
f 533/629/556 474/628/555 115/361/329 359/622/549
f 538/670/588 542/671/589 95/217/200 252/219/202
f 542/671/589 540/672/590 362/216/199 95/217/200
f 539/673/591 543/674/592 111/223/206 247/336/306
f 111/223/206 543/674/592 538/670/588 252/219/202
f 537/675/593 539/673/591 247/336/306 110/335/305
f 540/672/590 564/676/594 561/209/192 362/216/199
f 541/677/223 544/678/547 256/627/554 170/206/189
f 544/620/547 465/195/178 256/679/554
f 547/680/595 548/681/596 551/682/331 552/683/585
f 548/681/596 83/146/136 213/149/139 551/682/331
f 546/352/322 545/351/321 221/684/578 550/685/546
f 550/619/546 221/686/578 116/687/551 549/197/180
f 549/197/180 116/687/551 256/679/554 465/195/178
f 545/351/321 547/680/595 552/683/585 221/684/578
f 482/363/330 522/661/582 552/667/585 551/364/331
f 486/166/153 199/165/152 548/681/596 547/680/595
f 413/349/319 197/127/121 546/352/322 550/685/546
f 85/126/120 486/166/153 547/680/595 545/351/321
f 199/165/152 83/146/136 548/681/596
f 249/222/205 395/218/201 113/221/204
f 561/209/192 564/676/594 170/206/189
f 565/226/209 563/229/212 222/231/214 396/230/213
f 561/209/192 562/208/191 394/212/195 362/216/199
f 564/676/594 541/677/223 170/206/189
f 562/208/191 559/211/194 536/213/196 394/212/195
f 560/227/210 559/211/194 534/210/193 167/224/207
f 560/227/210 565/226/209 396/230/213 220/234/217
f 566/238/221 568/241/224 555/243/226 397/242/225
f 567/239/222 566/238/221 397/242/225 361/246/229
f 481/371/338 475/370/337 260/625/552 116/624/551
f 538/670/588 543/674/592 575/688/597 570/689/598
f 553/343/313 554/244/227 577/690/599 576/691/600
f 540/672/590 542/671/589 574/692/601 572/693/602
f 554/244/227 555/243/226 578/694/603 577/690/599
f 541/677/223 564/676/594 582/695/604 573/696/605
f 556/345/315 557/344/314 580/697/606 579/698/607
f 543/674/592 539/673/591 571/699/608 575/688/597
f 564/676/594 540/672/590 572/693/602 582/695/604
f 539/673/591 537/675/593 569/700/609 571/699/608
f 557/344/314 553/343/313 576/691/600 580/697/606
f 558/346/316 556/345/315 579/698/607 581/701/610
f 555/243/226 568/241/224 583/702/611 578/694/603
f 542/671/589 538/670/588 570/689/598 574/692/601
f 568/241/224 541/240/223 573/703/605 583/702/611
f 573/696/605 582/695/604 597/704/612 588/705/613
f 579/698/607 580/697/606 595/706/614 594/707/615
f 575/688/597 571/699/608 586/708/616 590/709/617
f 580/697/606 576/691/600 591/710/618 595/706/614
f 571/699/608 569/700/609 584/711/619 586/708/616
f 581/701/610 579/698/607 594/707/615 596/712/620
f 582/695/604 572/693/602 587/713/621 597/704/612
f 583/702/611 573/703/605 588/714/613 598/715/622
f 578/694/603 583/702/611 598/715/622 593/716/623
f 574/692/601 570/689/598 585/717/624 589/718/625
f 570/689/598 575/688/597 590/709/617 585/717/624
f 576/691/600 577/690/599 592/719/626 591/710/618
f 572/693/602 574/692/601 589/718/625 587/713/621
f 577/690/599 578/694/603 593/716/623 592/719/626
f 597/704/612 587/713/621 602/720/627 606/721/628
f 590/709/617 586/708/616 601/722/629 605/723/630
f 587/713/621 589/718/625 604/724/631 602/720/627
f 589/718/625 585/717/624 600/725/632 604/724/631
f 586/708/616 584/711/619 599/726/633 601/722/629
f 588/705/613 597/704/612 606/721/628 603/727/634
f 585/717/624 590/709/617 605/723/630 600/725/632
f 598/715/622 588/714/613 607/728/635 614/729/636
f 595/706/614 591/710/618 608/730/637 612/731/638
f 592/719/626 593/716/623 610/732/639 609/733/640
f 588/705/613 603/727/634 615/734/641 607/735/635
f 596/712/620 594/707/615 611/736/642 613/737/643
f 593/716/623 598/715/622 614/729/636 610/732/639
f 594/707/615 595/706/614 612/731/638 611/736/642
f 591/710/618 592/719/626 609/733/640 608/730/637
f 223/131/125 633/251/234 643/258/241 489/134/128
f 88/476/429 621/475/428 642/650/574 180/654/576
f 176/179/166 180/652/576 642/647/574 629/180/167
f 78/99/96 367/98/95 641/639/566 618/641/568
f 172/97/94 628/120/117 641/639/566 367/98/95
f 319/517/644 444/516/466 640/523/468 627/522/470
f 444/519/466 203/470/423 620/469/422 640/520/468
f 437/474/427 639/478/431 626/468/421 303/467/420
f 206/473/426 621/475/428 639/478/431 437/474/427
f 306/481/434 638/472/425 625/463/416 138/484/437
f 86/480/433 620/469/422 638/472/425 306/481/434
f 301/508/458 637/466/419 626/468/421 140/479/432
f 138/484/437 625/463/416 637/466/419 301/508/458
f 184/633/560 636/462/415 624/82/79 136/634/561
f 76/176/163 616/175/162 636/462/415 184/633/560
f 227/301/275 635/266/249 622/248/231 98/130/124
f 74/285/266 617/90/87 635/266/249 227/301/275
f 399/260/243 634/264/247 623/259/242 225/257/240
f 190/113/110 619/112/109 634/264/247 399/260/243
f 489/134/128 643/258/241 623/259/242 100/135/129
f 98/130/124 622/248/231 633/251/234 223/131/125
f 391/174/161 632/178/165 629/180/167 377/649/168
f 183/173/160 616/175/162 632/178/165 391/174/161
f 191/642/569 631/115/112 628/120/117 172/97/94
f 80/262/245 619/112/109 631/115/112 191/642/569
f 295/645/572 630/85/82 617/90/87 74/285/266
f 136/634/561 624/82/79 630/85/82 295/645/572
f 645/70/645 754/73/646 907/72/647 732/71/648
f 732/71/648 907/72/647 753/75/649 649/74/650
f 907/76/647 751/79/651 657/78/652 753/77/649
f 754/80/646 655/81/653 751/79/651 907/76/647
f 1139/82/654 1144/85/655 908/84/656 836/83/657
f 836/83/657 908/84/656 735/87/658 696/86/659
f 908/84/656 736/89/660 647/88/661 735/87/658
f 1144/85/655 1133/90/662 736/89/660 908/84/656
f 70/91/663 193/94/664 909/93/665 898/92/666
f 898/92/666 909/93/665 902/96/667 726/95/668
f 909/93/665 896/98/669 724/97/670 902/96/667
f 193/94/664 78/99/671 896/98/669 909/93/665
f 134/100/672 177/103/673 910/102/674 835/101/675
f 835/101/675 910/102/674 903/105/676 725/104/677
f 910/102/674 898/92/666 726/95/668 903/105/676
f 177/103/673 70/91/663 898/92/666 910/102/674
f 696/86/659 735/87/658 911/107/678 834/106/679
f 834/106/679 911/107/678 831/109/680 694/108/681
f 911/107/678 738/111/682 644/110/683 831/109/680
f 735/87/658 647/88/661 738/111/682 911/107/678
f 1134/112/684 1145/115/685 912/114/686 739/113/687
f 739/113/687 912/114/686 741/117/688 651/116/689
f 912/114/686 901/119/690 79/118/691 741/117/688
f 1145/115/685 1142/120/692 901/119/690 912/114/686
f 79/121/691 913/123/693 741/122/688
f 741/122/688 913/123/693 742/125/694 651/124/689
f 913/123/693 745/127/695 653/126/696 742/125/694
f 200/128/697 84/129/698 745/127/695 913/123/693
f 662/130/699 778/133/700 914/132/701 765/131/702
f 1015/134/703 1029/137/704 777/136/705 664/135/706
f 1029/138/704 1018/141/707 669/140/708 777/139/705
f 778/142/700 668/145/709 774/144/710 914/143/701
f 652/146/711 758/149/712 915/148/713 744/147/714
f 744/147/714 915/148/713 198/151/715 82/150/716
f 915/148/713 755/153/717 90/152/718 198/151/715
f 758/149/712 658/154/719 755/153/717 915/148/713
f 647/155/661 748/158/720 916/157/721 738/156/682
f 738/156/682 916/157/721 747/160/722 644/159/683
f 916/157/721 744/147/714 82/150/716 747/160/722
f 748/158/720 652/146/711 744/147/714 916/157/721
f 1012/161/723 1030/164/724 917/163/725 743/162/726
f 743/162/726 917/163/725 748/158/720 647/155/661
f 917/163/725 746/165/727 652/146/711 748/158/720
f 1030/164/724 1013/166/728 746/165/727 917/163/725
f 655/81/653 842/168/729 918/167/730 751/79/651
f 751/79/651 918/167/730 841/169/731 657/78/652
f 918/167/730 839/171/732 700/170/733 841/169/731
f 842/168/729 698/172/734 839/171/732 918/167/730
f 649/74/650 753/75/649 919/174/735 733/173/736
f 1132/175/737 1146/178/738 904/177/739 648/176/740
f 1146/178/738 1143/180/741 727/179/742 904/177/739
f 753/77/649 657/78/652 905/182/743 919/181/735
f 658/183/719 757/186/744 920/185/745 755/184/717
f 755/184/717 920/185/745 211/188/746 90/187/718
f 1031/189/747 756/192/748 92/191/749 487/190/750
f 1014/193/751 659/194/752 756/192/748 1031/189/747
f 992/195/753 1074/197/754 796/196/755
f 200/128/697 913/123/693 79/121/691
f 943/198/756 1052/201/757 1050/200/758 759/199/759
f 1032/202/760 1057/205/761 1051/204/762 921/203/763
f 722/206/764 1085/209/765 1086/208/766 894/207/767
f 894/207/767 1086/208/766 1083/211/768 1060/210/769
f 922/212/770 762/215/771 1061/214/772 1062/213/773
f 891/216/774 660/217/775 762/215/771 922/212/770
f 660/217/775 793/219/776 923/218/777 762/215/771
f 762/215/771 923/218/777 1061/214/772
f 923/218/777 675/221/778 792/220/779
f 793/219/776 674/223/780 791/222/781 923/218/777
f 721/224/782 1084/227/783 1088/226/784 893/225/785
f 893/225/785 1088/226/784 563/229/786 168/228/787
f 924/230/788 761/233/789 96/232/790 222/231/791
f 763/234/792 661/235/793 761/233/789 924/230/788
f 169/236/794 567/239/795 1089/238/796 892/237/797
f 892/237/797 1089/238/796 1090/241/798 1066/240/799
f 925/242/800 760/245/801 1079/244/802 1080/243/803
f 361/246/804 94/247/805 760/245/801 925/242/800
f 1137/248/806 1147/251/807 926/250/808 766/249/809
f 766/249/809 926/250/808 768/253/810 663/252/811
f 1033/254/812 767/257/813 665/256/814 1016/255/815
f 1157/258/816 1138/259/817 767/257/813 1033/254/812
f 651/116/689 771/261/818 927/260/819 739/113/687
f 1134/112/684 1148/264/820 770/263/821 650/262/822
f 1148/264/820 1138/259/817 664/135/706 770/263/821
f 771/261/818 665/256/814 767/257/813 927/260/819
f 1133/90/662 1149/266/823 928/265/824 736/89/660
f 736/89/660 928/265/824 772/267/825 647/88/661
f 928/265/824 766/249/809 663/252/811 772/267/825
f 1149/266/823 1137/248/806 766/249/809 928/265/824
f 647/88/661 772/267/825 929/269/826 743/268/726
f 1012/270/723 1034/271/827 771/261/818 651/116/689
f 1034/271/827 1016/255/815 665/256/814 771/261/818
f 772/267/825 663/252/811 768/253/810 929/269/826
f 691/272/828 824/275/829 930/274/830 830/273/831
f 830/273/831 930/274/830 785/277/832 690/276/833
f 930/274/830 784/279/834 671/278/835 785/277/832
f 824/275/829 673/280/836 784/279/834 930/274/830
f 1011/281/837 1035/284/838 931/283/839 728/282/840
f 728/282/840 931/283/839 779/286/841 646/285/842
f 931/287/839 773/290/843 666/289/844 779/288/841
f 1035/291/838 1017/294/845 773/293/843 931/292/839
f 664/135/706 777/136/705 932/295/846 770/263/821
f 770/263/821 932/295/846 780/296/847 650/262/822
f 932/297/846 776/300/848 667/299/849 780/298/847
f 777/139/705 669/140/708 776/300/848 932/297/846
f 646/285/842 779/286/841 933/302/850 769/301/851
f 769/301/851 933/302/850 778/133/700 662/130/699
f 933/303/850 775/304/852 668/145/709 778/142/700
f 779/288/841 666/289/844 775/304/852 933/303/850
f 673/280/836 804/306/853 934/305/854 784/279/834
f 784/279/834 934/305/854 803/307/855 671/278/835
f 934/305/854 802/309/856 679/308/857 803/307/855
f 804/306/853 681/310/858 802/309/856 934/305/854
f 692/311/859 825/314/860 935/313/861 829/312/862
f 1028/315/863 1036/316/864 824/275/829 691/272/828
f 1036/316/864 1020/317/865 673/280/836 824/275/829
f 825/314/860 672/319/866 782/318/867 935/313/861
f 693/320/868 826/323/869 936/322/870 828/321/871
f 828/321/871 936/322/870 825/314/860 692/311/859
f 936/322/870 783/324/872 672/319/866 825/314/860
f 826/323/869 670/325/873 783/324/872 936/322/870
f 1027/326/874 1037/329/875 937/328/876 827/327/877
f 827/330/877 937/331/876 826/323/869 693/320/868
f 937/331/876 781/332/878 670/325/873 826/323/869
f 1037/329/875 1019/334/879 781/333/878 937/328/876
f 110/335/880 250/338/881 938/337/882 789/336/883
f 789/336/883 938/337/882 791/222/781 674/223/780
f 938/337/882 790/339/884 675/221/778 791/222/781
f 250/338/881 112/340/885 790/339/884 938/337/882
f 94/247/805 253/342/886 939/341/887 760/245/801
f 760/245/801 939/341/887 1078/343/888 1079/244/802
f 939/341/887 1081/345/889 1082/344/890 1078/343/888
f 253/342/886 558/346/891 1081/345/889 939/341/887
f 661/235/793 792/220/779 940/347/892 761/233/789
f 761/233/789 940/347/892 219/348/893 96/232/790
f 940/347/892 790/339/884 112/340/885 219/348/893
f 792/220/779 675/221/778 790/339/884 940/347/892
f 84/129/698 215/350/894 941/349/895 745/127/695
f 745/127/695 1071/352/896 1070/351/897 653/126/696
f 215/353/894 114/355/898 796/196/755 941/354/895
f 659/194/752 794/357/899 942/356/900 756/192/748
f 756/192/748 942/356/900 257/358/901 92/191/749
f 942/356/900 797/360/902 117/359/903 257/358/901
f 794/357/899 676/361/904 797/360/902 942/356/900
f 758/362/712 1076/364/905 1009/363/906
f 1006/365/907 1055/368/908 1054/367/909 1005/366/910
f 943/198/756 1002/370/911 1003/369/912 1005/366/910
f 1008/371/913 1002/370/911 943/198/756
f 681/310/858 812/373/914 944/372/915 802/309/856
f 802/309/856 944/372/915 811/374/916 679/308/857
f 944/372/915 810/376/917 683/375/918 811/374/916
f 812/373/914 685/377/919 810/376/917 944/372/915
f 672/319/866 805/379/920 945/378/921 782/318/867
f 1020/317/865 1038/380/922 804/306/853 673/280/836
f 1038/380/922 1022/381/923 681/310/858 804/306/853
f 805/379/920 680/383/924 800/382/925 945/378/921
f 670/325/873 806/385/926 946/384/927 783/324/872
f 783/324/872 946/384/927 805/379/920 672/319/866
f 946/384/927 801/386/928 680/383/924 805/379/920
f 806/385/926 678/387/929 801/386/928 946/384/927
f 1019/334/879 1039/389/930 947/388/931 781/333/878
f 781/332/878 947/390/931 806/385/926 670/325/873
f 947/390/931 799/391/932 678/387/929 806/385/926
f 1039/389/930 1021/393/933 799/392/932 947/388/931
f 1023/394/934 1040/397/935 948/396/936 807/395/937
f 807/395/937 948/396/936 809/399/938 682/398/939
f 948/396/936 808/401/940 684/400/941 809/399/938
f 1040/397/935 1024/402/942 808/401/940 948/396/936
f 680/383/924 813/404/943 949/403/944 800/382/925
f 1022/381/923 1041/405/945 812/373/914 681/310/858
f 1041/405/945 1024/406/942 685/377/919 812/373/914
f 813/404/943 684/408/941 808/407/940 949/403/944
f 678/387/929 814/410/946 950/409/947 801/386/928
f 801/386/928 950/409/947 813/404/943 680/383/924
f 950/409/947 809/411/938 684/408/941 813/404/943
f 814/410/946 682/412/939 809/411/938 950/409/947
f 1021/393/933 1042/414/948 951/413/949 799/392/932
f 799/391/932 951/415/949 814/410/946 678/387/929
f 951/415/949 807/416/937 682/412/939 814/410/946
f 1042/414/948 1023/418/934 807/417/937 951/413/949
f 1017/294/845 1043/420/950 952/419/951 773/293/843
f 773/290/843 952/422/951 788/421/952 666/289/844
f 952/422/951 819/424/953 689/423/954 788/421/952
f 1043/420/950 1025/426/955 819/425/953 952/419/951
f 666/289/844 788/421/952 953/427/956 775/304/852
f 775/304/852 953/427/956 787/428/957 668/145/709
f 953/427/956 820/430/958 688/429/959 787/428/957
f 788/421/952 689/423/954 820/430/958 953/427/956
f 668/145/709 787/428/957 954/431/960 774/144/710
f 1018/141/707 1044/433/961 786/432/962 669/140/708
f 1044/433/961 1026/435/963 687/434/964 786/432/962
f 787/428/957 688/429/959 821/436/965 954/431/960
f 669/140/708 786/432/962 955/437/966 776/300/848
f 776/300/848 955/437/966 815/438/967 667/299/849
f 955/437/966 822/440/968 686/439/969 815/438/967
f 786/432/962 687/434/964 822/440/968 955/437/966
f 1025/426/955 1045/442/970 956/441/971 819/425/953
f 819/424/953 956/444/971 818/443/972 689/423/954
f 956/444/971 827/330/877 693/320/868 818/443/972
f 1045/442/970 1027/326/874 827/327/877 956/441/971
f 689/423/954 818/443/972 957/445/973 820/430/958
f 820/430/958 957/445/973 817/446/974 688/429/959
f 957/445/973 828/321/871 692/311/859 817/446/974
f 818/443/972 693/320/868 828/321/871 957/445/973
f 688/429/959 817/446/974 958/447/975 821/436/965
f 1026/435/963 1046/449/976 816/448/977 687/434/964
f 1046/449/976 1028/315/863 691/272/828 816/448/977
f 817/446/974 692/311/859 829/312/862 958/447/975
f 687/434/964 816/448/977 959/450/978 822/440/968
f 822/440/968 959/450/978 823/451/979 686/439/969
f 959/450/978 830/273/831 690/276/833 823/451/979
f 816/448/977 691/272/828 830/273/831 959/450/978
f 649/74/650 833/453/980 960/452/981 732/71/648
f 732/71/648 960/452/981 729/454/982 645/70/645
f 960/452/981 834/106/679 694/108/681 729/454/982
f 833/453/980 696/86/659 834/106/679 960/452/981
f 72/455/983 293/458/984 961/457/985 731/456/986
f 731/456/986 961/457/985 899/460/987 723/459/988
f 961/457/985 835/101/675 725/104/677 899/460/987
f 293/458/984 134/100/672 835/101/675 961/457/985
f 1132/175/737 1150/462/989 962/461/990 733/173/736
f 733/173/736 962/461/990 833/453/980 649/74/650
f 962/461/990 836/83/657 696/86/659 833/453/980
f 1150/462/989 1139/82/654 836/83/657 962/461/990
f 1140/463/991 1151/466/992 963/465/993 837/464/994
f 837/464/994 963/465/993 839/171/732 698/172/734
f 963/465/993 840/467/995 700/170/733 839/171/732
f 1151/466/992 1141/468/996 840/467/995 963/465/993
f 1135/469/997 1152/472/998 964/471/999 749/470/1000
f 749/470/1000 964/471/999 842/168/729 655/81/653
f 964/471/999 837/464/994 698/172/734 842/168/729
f 1152/472/998 1140/463/991 837/464/994 964/471/999
f 657/78/652 841/169/731 965/474/1001 752/473/1002
f 1136/475/1003 1153/478/1004 844/477/1005 656/476/1006
f 1153/478/1004 1141/468/996 699/479/1007 844/477/1005
f 841/169/731 700/170/733 840/467/995 965/474/1001
f 654/480/1008 850/483/1009 966/482/1010 843/481/1011
f 843/481/1011 966/482/1010 849/485/1012 697/484/1013
f 966/482/1010 847/487/1014 703/486/1015 849/485/1012
f 850/483/1009 701/488/1016 847/487/1014 966/482/1010
f 703/486/1015 863/491/1017 967/490/1018 846/489/1019
f 846/489/1019 967/490/1018 862/493/1020 704/492/1021
f 967/490/1018 859/495/1022 708/494/1023 862/493/1020
f 863/491/1017 707/496/1024 859/495/1022 967/490/1018
f 656/476/1006 851/499/1025 968/498/1026 750/497/1027
f 750/500/1027 968/501/1026 850/483/1009 654/480/1008
f 968/501/1026 845/502/1028 701/488/1016 850/483/1009
f 851/499/1025 702/504/1029 845/503/1028 968/498/1026
f 699/479/1007 852/506/1030 969/505/1031 844/477/1005
f 844/477/1005 969/505/1031 851/499/1025 656/476/1006
f 969/505/1031 848/507/1032 702/504/1029 851/499/1025
f 852/506/1030 704/492/1021 848/507/1032 969/505/1031
f 697/484/1013 849/485/1012 970/509/1033 838/508/1034
f 838/508/1034 970/509/1033 852/506/1030 699/479/1007
f 970/509/1033 846/489/1019 704/492/1021 852/506/1030
f 849/485/1012 703/486/1015 846/489/1019 970/509/1033
f 72/455/983 731/456/986 971/511/1035 368/510/1036
f 173/512/1037 368/510/1036 971/511/1035 900/513/1038
f 723/459/988 900/513/1038 971/511/1035 731/456/986
f 147/514/1039 319/517/1040 444/516/1041 854/515/1042
f 854/518/1042 444/519/1041 749/470/1000 655/81/653
f 1154/520/1043 853/521/1044 654/480/1008 1135/469/997
f 627/522/1045 146/525/1046 853/524/1044 1154/523/1043
f 645/70/645 855/527/1047 972/526/1048 754/73/646
f 754/80/646 972/528/1048 854/518/1042 655/81/653
f 972/526/1048 321/529/1049 147/514/1039 854/515/1042
f 855/527/1047 148/530/1050 321/529/1049 972/526/1048
f 149/531/1051 323/534/1052 973/533/1053 856/532/1054
f 856/532/1054 973/533/1053 729/454/982 694/108/681
f 973/533/1053 855/527/1047 645/70/645 729/454/982
f 323/534/1052 148/530/1050 855/527/1047 973/533/1053
f 150/535/1055 325/538/1056 974/537/1057 857/536/1058
f 857/536/1058 974/537/1057 831/109/680 644/110/683
f 974/537/1057 856/532/1054 694/108/681 831/109/680
f 325/538/1056 149/531/1051 856/532/1054 974/537/1057
f 82/150/716 326/540/1059 975/539/1060 747/160/722
f 644/159/683 747/160/722 975/539/1060 857/541/1058
f 150/542/1055 857/541/1058 975/539/1060 326/540/1059
f 705/543/1061 871/546/1062 976/545/1063 860/544/1064
f 860/544/1064 976/545/1063 870/547/1065 707/496/1024
f 976/545/1063 868/549/1066 711/548/1067 870/547/1065
f 871/546/1062 709/550/1068 868/549/1066 976/545/1063
f 701/488/1016 864/552/1069 977/551/1070 847/487/1014
f 847/487/1014 977/551/1070 863/491/1017 703/486/1015
f 977/551/1070 860/544/1064 707/496/1024 863/491/1017
f 864/552/1069 705/543/1061 860/544/1064 977/551/1070
f 702/504/1029 865/554/1071 978/553/1072 845/503/1028
f 845/502/1028 978/555/1072 864/552/1069 701/488/1016
f 978/555/1072 858/556/1073 705/543/1061 864/552/1069
f 865/554/1071 706/558/1074 858/557/1073 978/553/1072
f 704/492/1021 862/493/1020 979/559/1075 848/507/1032
f 848/507/1032 979/559/1075 865/554/1071 702/504/1029
f 979/559/1075 861/560/1076 706/558/1074 865/554/1071
f 862/493/1020 708/494/1023 861/560/1076 979/559/1075
f 712/561/1077 879/564/1078 980/563/1079 869/562/1080
f 869/562/1080 980/563/1079 878/566/1081 710/565/1082
f 980/563/1079 877/568/1083 714/567/1084 878/566/1081
f 879/564/1078 716/569/1085 877/568/1083 980/563/1079
f 706/558/1074 872/571/1086 981/570/1087 858/557/1073
f 858/556/1073 981/572/1087 871/546/1062 705/543/1061
f 981/572/1087 866/573/1088 709/550/1068 871/546/1062
f 872/571/1086 710/565/1082 866/574/1088 981/570/1087
f 708/494/1023 873/576/1089 982/575/1090 861/560/1076
f 861/560/1076 982/575/1090 872/571/1086 706/558/1074
f 982/575/1090 869/562/1080 710/565/1082 872/571/1086
f 873/576/1089 712/561/1077 869/562/1080 982/575/1090
f 707/496/1024 870/547/1065 983/577/1091 859/495/1022
f 859/495/1022 983/577/1091 873/576/1089 708/494/1023
f 983/577/1091 867/578/1092 712/561/1077 873/576/1089
f 870/547/1065 711/548/1067 867/578/1092 983/577/1091
f 715/579/1093 887/582/1094 984/581/1095 875/580/1096
f 875/580/1096 984/581/1095 886/583/1097 716/569/1085
f 984/581/1095 883/585/1098 720/584/1099 886/583/1097
f 887/582/1094 719/586/1100 883/585/1098 984/581/1095
f 711/548/1067 880/588/1101 985/587/1102 867/578/1092
f 867/578/1092 985/587/1102 879/564/1078 712/561/1077
f 985/587/1102 875/580/1096 716/569/1085 879/564/1078
f 880/588/1101 715/579/1093 875/580/1096 985/587/1102
f 709/550/1068 881/590/1103 986/589/1104 868/549/1066
f 868/549/1066 986/589/1104 880/588/1101 711/548/1067
f 986/589/1104 876/591/1105 715/579/1093 880/588/1101
f 881/590/1103 713/592/1106 876/591/1105 986/589/1104
f 710/565/1082 878/566/1081 987/593/1107 866/574/1088
f 866/573/1088 987/594/1107 881/590/1103 709/550/1068
f 987/594/1107 874/595/1108 713/592/1106 881/590/1103
f 878/566/1081 714/567/1084 874/596/1108 987/593/1107
f 718/597/1109 885/600/1110 988/599/1111 882/598/1112
f 882/598/1112 988/599/1111 884/602/1113 717/601/1114
f 988/599/1111 883/604/1098 719/603/1100 884/602/1113
f 885/600/1110 720/605/1099 883/604/1098 988/599/1111
f 713/592/1106 888/607/1115 989/606/1116 876/591/1105
f 876/591/1105 989/606/1116 887/582/1094 715/579/1093
f 989/606/1116 884/608/1113 719/586/1100 887/582/1094
f 888/607/1115 717/609/1114 884/608/1113 989/606/1116
f 714/567/1084 889/611/1117 990/610/1118 874/596/1108
f 874/595/1108 990/612/1118 888/607/1115 713/592/1106
f 990/612/1118 882/613/1112 717/609/1114 888/607/1115
f 889/611/1117 718/615/1109 882/614/1112 990/610/1118
f 716/569/1085 886/583/1097 991/616/1119 877/568/1083
f 877/568/1083 991/616/1119 889/611/1117 714/567/1084
f 991/616/1119 885/617/1110 718/615/1109 889/611/1117
f 886/583/1097 720/584/1099 885/617/1110 991/616/1119
f 114/355/898 254/618/1120 992/195/753 796/196/755
f 796/196/755 1074/197/754 1075/619/1121 941/354/895
f 992/195/753 892/237/797 1066/240/799 1069/620/1122
f 254/618/1120 169/236/794 892/237/797 992/195/753
f 676/361/904 890/622/1123 993/621/1124 797/360/902
f 797/360/902 993/621/1124 360/623/1125 117/359/903
f 993/621/1124 893/225/785 168/228/787 360/623/1125
f 890/622/1123 721/224/782 893/225/785 993/621/1124
f 677/624/1126 795/627/1127 994/626/1128 798/625/1129
f 798/625/1129 994/626/1128 1059/629/1130 1001/628/1131
f 994/626/1128 894/207/767 1060/210/769 1059/629/1130
f 795/627/1127 722/206/764 894/207/767 994/626/1128
f 725/104/677 897/631/1132 995/630/1133 899/460/987
f 899/460/987 995/630/1133 895/632/1134 723/459/988
f 995/630/1133 734/633/1135 648/176/740 895/632/1134
f 897/631/1132 695/634/1136 734/633/1135 995/630/1133
f 723/459/988 895/632/1134 996/635/1137 900/513/1038
f 173/512/1037 900/513/1038 996/635/1137 316/636/1138
f 146/525/1046 316/636/1138 996/635/1137 906/637/1139
f 727/179/742 906/637/1139 996/635/1137 904/177/739
f 648/176/740 904/177/739 996/635/1137 895/632/1134
f 1142/120/692 1155/639/1140 997/638/1141 901/119/690
f 79/118/691 901/119/690 997/638/1141 189/640/1142
f 618/641/1143 189/640/1142 997/638/1141 1155/639/1140
f 724/97/670 740/642/1144 728/282/840 902/96/667
f 902/96/667 728/282/840 737/643/1145 726/95/668
f 728/282/840 646/285/842 737/643/1145
f 740/642/1144 650/262/822 1011/281/837 728/282/840
f 726/95/668 737/643/1145 998/644/1146 903/105/676
f 903/105/676 998/644/1146 897/631/1132 725/104/677
f 998/644/1146 832/645/1147 695/634/1136 897/631/1132
f 737/643/1145 646/285/842 832/645/1147 998/644/1146
f 657/78/652 752/473/1002 999/646/1148 905/182/743
f 1143/180/741 905/649/743 999/648/1148 1156/647/1149
f 1136/475/1003 1156/650/1149 999/646/1148 752/473/1002
f 727/179/742 730/652/1150 1000/651/1151 906/637/1139
f 906/637/1139 1000/651/1151 853/524/1044 146/525/1046
f 1000/653/1151 750/500/1027 654/480/1008 853/521/1044
f 730/654/1150 656/476/1006 750/497/1027 1000/655/1151
f 1010/656/1152 764/657/1153 677/624/1126 1008/371/913
f 1002/370/911 798/625/1129 1001/628/1131 1003/369/912
f 1001/628/1131 676/361/904 794/357/899 1003/369/912
f 1005/366/910 794/357/899 659/194/752 1006/365/907
f 1047/658/1154 1014/193/751 757/186/744 1004/659/1155
f 1003/369/912 794/357/899 1005/366/910
f 1004/659/1155 757/186/744 658/183/719 1007/660/1156
f 658/183/719 758/362/712 1007/660/1156
f 1048/661/1157 1032/202/760 921/203/763 1009/363/906
f 1009/363/906 921/203/763 758/362/712
f 1008/371/913 943/198/756 759/199/759 1010/656/1152
f 1010/656/1152 759/199/759 1032/202/760 1048/661/1157
f 1006/365/907 659/194/752 1014/193/751 1047/658/1154
f 958/447/975 829/312/862 1028/315/863 1046/449/976
f 821/436/965 958/447/975 1046/449/976 1026/435/963
f 823/451/979 690/276/833 1027/326/874 1045/442/970
f 686/439/969 823/451/979 1045/442/970 1025/426/955
f 954/431/960 821/436/965 1026/435/963 1044/433/961
f 774/144/710 954/431/960 1044/433/961 1018/141/707
f 815/438/967 686/439/969 1025/426/955 1043/420/950
f 667/299/849 815/438/967 1043/420/950 1017/294/845
f 811/374/916 683/375/918 1023/418/934 1042/414/948
f 679/308/857 811/374/916 1042/414/948 1021/393/933
f 949/403/944 808/407/940 1024/406/942 1041/405/945
f 800/382/925 949/403/944 1041/405/945 1022/381/923
f 810/662/917 685/663/919 1024/402/942 1040/397/935
f 683/664/918 810/662/917 1040/397/935 1023/394/934
f 803/307/855 679/308/857 1021/393/933 1039/389/930
f 671/278/835 803/307/855 1039/389/930 1019/334/879
f 945/378/921 800/382/925 1022/381/923 1038/380/922
f 782/318/867 945/378/921 1038/380/922 1020/317/865
f 785/277/832 671/278/835 1019/334/879 1037/329/875
f 690/276/833 785/277/832 1037/329/875 1027/326/874
f 935/313/861 782/318/867 1020/317/865 1036/316/864
f 829/312/862 935/313/861 1036/316/864 1028/315/863
f 780/298/847 667/299/849 1017/294/845 1035/291/838
f 650/262/822 780/296/847 1035/284/838 1011/281/837
f 929/269/826 768/253/810 1016/255/815 1034/271/827
f 743/268/726 929/269/826 1034/271/827 1012/270/723
f 1147/251/807 1157/258/816 1033/254/812 926/250/808
f 926/250/808 1033/254/812 1016/255/815 768/253/810
f 1007/660/1156 1056/666/1158 1053/665/1159 1004/659/1155
f 1048/661/1157 1077/667/1160 764/657/1153 1010/656/1152
f 757/186/744 1014/193/751 1031/189/747 920/185/745
f 920/185/745 1031/189/747 487/190/750 211/188/746
f 742/125/694 653/126/696 1013/166/728 1030/164/724
f 651/124/689 742/125/694 1030/164/724 1012/161/723
f 914/143/701 774/144/710 1018/141/707 1029/138/704
f 765/131/702 914/132/701 1029/137/704 1015/134/703
f 1051/204/762 1053/665/1159 1056/666/1158 1049/668/1161
f 1057/205/761 1058/669/1162 1053/665/1159 1051/204/762
f 1050/200/758 1052/201/757 1054/367/909 1055/368/908
f 1050/200/758 1055/368/908 1058/669/1162 1057/205/761
f 759/199/759 1050/200/758 1057/205/761 1032/202/760
f 1004/659/1155 1053/665/1159 1058/669/1162 1047/658/1154
f 758/362/712 1049/668/1161 1056/666/1158 1007/660/1156
f 1005/366/910 1054/367/909 1052/201/757 943/198/756
f 921/203/763 1051/204/762 1049/668/1161 758/362/712
f 1047/658/1154 1058/669/1162 1055/368/908 1006/365/907
f 1060/210/769 721/224/782 890/622/1123 1059/629/1130
f 923/218/777 792/220/779 661/235/793 1061/214/772
f 1062/213/773 763/234/792 1084/227/783 1083/211/768
f 1061/214/772 661/235/793 763/234/792 1062/213/773
f 1059/629/1130 890/622/1123 676/361/904 1001/628/1131
f 1063/670/1163 793/219/776 660/217/775 1067/671/1164
f 1067/671/1164 660/217/775 891/216/774 1065/672/1165
f 1064/673/1166 789/336/883 674/223/780 1068/674/1167
f 674/223/780 793/219/776 1063/670/1163 1068/674/1167
f 537/675/1168 110/335/880 789/336/883 1064/673/1166
f 1065/672/1165 891/216/774 1085/209/765 1087/676/1169
f 1066/677/799 722/206/764 795/627/1127 1069/678/1122
f 1069/620/1122 795/679/1127 992/195/753
f 1072/680/1170 1077/683/1160 1076/682/905 1073/681/1171
f 1073/681/1171 1076/682/905 758/149/712 652/146/711
f 1071/352/896 1075/685/1121 764/684/1153 1070/351/897
f 1075/619/1121 1074/197/754 677/687/1126 764/686/1153
f 1074/197/754 992/195/753 795/679/1127 677/687/1126
f 1070/351/897 764/684/1153 1077/683/1160 1072/680/1170
f 1009/363/906 1076/364/905 1077/667/1160 1048/661/1157
f 1013/166/728 1072/680/1170 1073/681/1171 746/165/727
f 941/349/895 1075/685/1121 1071/352/896 745/127/695
f 653/126/696 1070/351/897 1072/680/1170 1013/166/728
f 746/165/727 1073/681/1171 652/146/711
f 791/222/781 675/221/778 923/218/777
f 1085/209/765 722/206/764 1087/676/1169
f 1088/226/784 924/230/788 222/231/791 563/229/786
f 1085/209/765 891/216/774 922/212/770 1086/208/766
f 1087/676/1169 722/206/764 1066/677/799
f 1086/208/766 922/212/770 1062/213/773 1083/211/768
f 1084/227/783 721/224/782 1060/210/769 1083/211/768
f 1084/227/783 763/234/792 924/230/788 1088/226/784
f 1089/238/796 925/242/800 1080/243/803 1090/241/798
f 567/239/795 361/246/804 925/242/800 1089/238/796
f 1008/371/913 677/624/1126 798/625/1129 1002/370/911
f 1063/670/1163 1091/689/1172 1096/688/1173 1068/674/1167
f 1078/343/888 1097/691/1174 1098/690/1175 1079/244/802
f 1065/672/1165 1093/693/1176 1095/692/1177 1067/671/1164
f 1079/244/802 1098/690/1175 1099/694/1178 1080/243/803
f 1066/677/799 1094/696/1179 1102/695/1180 1087/676/1169
f 1081/345/889 1100/698/1181 1101/697/1182 1082/344/890
f 1068/674/1167 1096/688/1173 1092/699/1183 1064/673/1166
f 1087/676/1169 1102/695/1180 1093/693/1176 1065/672/1165
f 1064/673/1166 1092/699/1183 569/700/1184 537/675/1168
f 1082/344/890 1101/697/1182 1097/691/1174 1078/343/888
f 558/346/891 581/701/1185 1100/698/1181 1081/345/889
f 1080/243/803 1099/694/1178 1103/702/1186 1090/241/798
f 1067/671/1164 1095/692/1177 1091/689/1172 1063/670/1163
f 1090/241/798 1103/702/1186 1094/703/1179 1066/240/799
f 1094/696/1179 1107/705/1187 1115/704/1188 1102/695/1180
f 1100/698/1181 1113/707/1189 1114/706/1190 1101/697/1182
f 1096/688/1173 1109/709/1191 1105/708/1192 1092/699/1183
f 1101/697/1182 1114/706/1190 1110/710/1193 1097/691/1174
f 1092/699/1183 1105/708/1192 584/711/1194 569/700/1184
f 581/701/1185 596/712/1195 1113/707/1189 1100/698/1181
f 1102/695/1180 1115/704/1188 1106/713/1196 1093/693/1176
f 1103/702/1186 1116/715/1197 1107/714/1187 1094/703/1179
f 1099/694/1178 1112/716/1198 1116/715/1197 1103/702/1186
f 1095/692/1177 1108/718/1199 1104/717/1200 1091/689/1172
f 1091/689/1172 1104/717/1200 1109/709/1191 1096/688/1173
f 1097/691/1174 1110/710/1193 1111/719/1201 1098/690/1175
f 1093/693/1176 1106/713/1196 1108/718/1199 1095/692/1177
f 1098/690/1175 1111/719/1201 1112/716/1198 1099/694/1178
f 1115/704/1188 1123/721/1202 1119/720/1203 1106/713/1196
f 1109/709/1191 1122/723/1204 1118/722/1205 1105/708/1192
f 1106/713/1196 1119/720/1203 1121/724/1206 1108/718/1199
f 1108/718/1199 1121/724/1206 1117/725/1207 1104/717/1200
f 1105/708/1192 1118/722/1205 599/726/1208 584/711/1194
f 1107/705/1187 1120/727/1209 1123/721/1202 1115/704/1188
f 1104/717/1200 1117/725/1207 1122/723/1204 1109/709/1191
f 1116/715/1197 1130/729/1210 1124/728/1211 1107/714/1187
f 1114/706/1190 1129/731/1212 1125/730/1213 1110/710/1193
f 1111/719/1201 1126/733/1214 1127/732/1215 1112/716/1198
f 1107/705/1187 1124/735/1211 1131/734/1216 1120/727/1209
f 596/712/1195 613/737/1217 1128/736/1218 1113/707/1189
f 1112/716/1198 1127/732/1215 1130/729/1210 1116/715/1197
f 1113/707/1189 1128/736/1218 1129/731/1212 1114/706/1190
f 1110/710/1193 1125/730/1213 1126/733/1214 1111/719/1201
f 765/131/702 1015/134/703 1157/258/816 1147/251/807
f 656/476/1006 730/654/1150 1156/650/1149 1136/475/1003
f 727/179/742 1143/180/741 1156/647/1149 730/652/1150
f 78/99/671 618/641/1143 1155/639/1140 896/98/669
f 724/97/670 896/98/669 1155/639/1140 1142/120/692
f 319/517/1219 627/522/1045 1154/523/1043 444/516/1041
f 444/519/1041 1154/520/1043 1135/469/997 749/470/1000
f 965/474/1001 840/467/995 1141/468/996 1153/478/1004
f 752/473/1002 965/474/1001 1153/478/1004 1136/475/1003
f 843/481/1011 697/484/1013 1140/463/991 1152/472/998
f 654/480/1008 843/481/1011 1152/472/998 1135/469/997
f 838/508/1034 699/479/1007 1141/468/996 1151/466/992
f 697/484/1013 838/508/1034 1151/466/992 1140/463/991
f 734/633/1135 695/634/1136 1139/82/654 1150/462/989
f 648/176/740 734/633/1135 1150/462/989 1132/175/737
f 769/301/851 662/130/699 1137/248/806 1149/266/823
f 646/285/842 769/301/851 1149/266/823 1133/90/662
f 927/260/819 767/257/813 1138/259/817 1148/264/820
f 739/113/687 927/260/819 1148/264/820 1134/112/684
f 1015/134/703 664/135/706 1138/259/817 1157/258/816
f 662/130/699 765/131/702 1147/251/807 1137/248/806
f 919/174/735 905/649/743 1143/180/741 1146/178/738
f 733/173/736 919/174/735 1146/178/738 1132/175/737
f 740/642/1144 724/97/670 1142/120/692 1145/115/685
f 650/262/822 740/642/1144 1145/115/685 1134/112/684
f 832/645/1147 646/285/842 1133/90/662 1144/85/655
f 695/634/1136 832/645/1147 1144/85/655 1139/82/654
f 1166/738/1220 1165/739/1221 1163/740/1222 1162/741/1223
f 1165/739/1221 1168/742/1224 1164/743/1225 1163/740/1222
f 1170/744/1226 1169/745/1227 1165/739/1221 1166/738/1220
f 1169/745/1227 1171/746/1228 1167/747/1229 1165/739/1221
f 1165/739/1221 1167/747/1229 1168/742/1224
f 1173/748/1230 1172/749/1231 1169/745/1227 1170/744/1226
f 1172/749/1231 1174/750/1232 1171/746/1228 1169/745/1227
f 1178/751/1233 1175/752/1234 1172/749/1231 1173/748/1230
f 1175/752/1234 1177/753/1235 1174/750/1232 1172/749/1231
f 1178/751/1233 1179/754/1236 1176/755/1237 1175/752/1234
f 1175/752/1234 1176/755/1237 1352/756/1238 1177/753/1235
f 1180/757/1239 1183/758/1240 1179/754/1236 1178/751/1233
f 1180/757/1239 1178/751/1233 1173/748/1230 1182/759/1241
f 1184/760/1242 1183/758/1240 1180/757/1239 1181/761/1243
f 1181/761/1243 1180/757/1239 1182/759/1241 1363/762/1244
f 1179/754/1236 1183/758/1240 1185/763/1245 1186/764/1246
f 1185/763/1245 1183/758/1240 1184/760/1242 1187/765/1247
f 1186/764/1246 1185/763/1245 1188/766/1248 1190/767/1249
f 1185/763/1245 1187/765/1247 1189/768/1250 1188/766/1248
f 1188/766/1248 1189/768/1250 1193/769/1251 1191/770/1252
f 1190/767/1249 1188/766/1248 1191/770/1252 1194/771/1253
f 1194/771/1253 1191/770/1252 1192/772/1254 1195/773/1255
f 1214/774/1256 1192/772/1254 1191/770/1252 1193/769/1251
f 1196/775/1257 1194/771/1253 1195/773/1255 1197/776/1258
f 1198/777/1259 1190/767/1249 1194/771/1253 1196/775/1257
f 1199/778/1260 1196/775/1257 1197/776/1258 1201/779/1261
f 1200/780/1262 1198/777/1259 1196/775/1257 1199/778/1260
f 1204/781/1263 1200/782/1262 1199/783/1260 1202/784/1264
f 1202/784/1264 1199/783/1260 1201/785/1261 1203/786/1265
f 1205/787/1266 1202/784/1264 1203/786/1265 1206/788/1267
f 1207/789/1268 1204/781/1263 1202/784/1264 1205/787/1266
f 1205/787/1266 1206/788/1267 1209/790/1269 1208/791/1270
f 1210/792/1271 1207/789/1268 1205/787/1266 1208/791/1270
f 1211/793/1272 1208/791/1270 1209/790/1269 1213/794/1273
f 1212/795/1274 1210/792/1271 1208/791/1270 1211/793/1272
f 1193/769/1251 1211/793/1272 1213/794/1273 1214/774/1256
f 1189/768/1250 1212/795/1274 1211/793/1272 1193/769/1251
f 1213/794/1273 1209/790/1269 1216/796/1275 1215/797/1276
f 1214/774/1256 1213/794/1273 1215/797/1276 1217/798/1277
f 1216/796/1275 1219/799/1278 1218/800/1279 1215/797/1276
f 1217/798/1277 1215/797/1276 1218/800/1279 1220/801/1280
f 1219/799/1278 1224/802/1281 1221/803/1282 1218/800/1279
f 1220/801/1280 1218/800/1279 1221/803/1282 1223/804/1283
f 1224/802/1281 1226/805/1284 1222/806/1285 1221/803/1282
f 1223/804/1283 1221/803/1282 1222/806/1285
f 1219/799/1278 1335/807/1286 1225/808/1287 1224/802/1281
f 1224/802/1281 1225/808/1287 1227/809/1288 1226/805/1284
f 1230/810/1289 1222/811/1285 1226/812/1284 1228/813/1290
f 1226/812/1284 1227/814/1288 1231/815/1291 1228/813/1290
f 1321/816/1292 1230/810/1289 1228/813/1290 1229/817/1293
f 1228/813/1290 1231/815/1291 1233/818/1294 1229/817/1293
f 1227/814/1288 1341/819/1295 1232/820/1296 1231/815/1291
f 1231/815/1291 1232/820/1296 1236/821/1297 1233/818/1294
f 1234/822/1298 1256/823/1299 1235/824/1300 1233/825/1294
f 1234/826/1298 1233/827/1294 1237/828/1301 1240/829/1302
f 1233/825/1294 1235/824/1300 1257/830/1303 1229/831/1293
f 1236/832/1297 1238/833/1304 1237/828/1301 1233/827/1294
f 1387/834/1305 1386/835/1306 1342/836/1307 1239/837/1308
f 1388/838/1309 1387/834/1305 1239/837/1308 1241/839/1310
f 1234/840/1298 1240/841/1302 1242/842/1311 1244/843/1312
f 1389/844/1313 1388/845/1309 1241/846/1310 1243/847/1314
f 1244/848/1312 1242/849/1311 1238/833/1304 1236/832/1297
f 1386/835/1306 1389/850/1313 1243/851/1314 1342/836/1307
f 1234/852/1298 1244/853/1312 1245/854/1315 1247/855/1316
f 1232/820/1296 1245/856/1315 1244/857/1312 1236/821/1297
f 1247/855/1316 1245/854/1315 1246/858/1317 1248/859/1318
f 1341/819/1295 1246/860/1317 1245/856/1315 1232/820/1296
f 1247/855/1316 1249/861/1319 1252/862/1320 1234/852/1298
f 1248/859/1318 1251/863/1321 1249/861/1319 1247/855/1316
f 1252/862/1320 1249/861/1319 1250/864/1322 1253/865/1323
f 1249/861/1319 1251/863/1321 1324/866/1324 1250/864/1322
f 1252/867/1320 1255/868/1325 1256/869/1299 1234/870/1298
f 1229/831/1293 1257/830/1303 1255/871/1325 1252/872/1320
f 1229/873/1293 1252/874/1320 1254/875/1326 1282/876/1327
f 1252/862/1320 1253/865/1323 1283/877/1328 1254/878/1326
f 1256/869/1299 1255/868/1325 1258/879/1329 1261/880/1330
f 1255/871/1325 1257/830/1303 1259/881/1331 1258/882/1329
f 1259/881/1331 1266/883/1332 1260/884/1333 1258/882/1329
f 1258/879/1329 1260/885/1333 1262/886/1334 1261/880/1330
f 1235/824/1300 1256/823/1299 1261/887/1330 1263/888/1335
f 1261/887/1330 1262/889/1334 1264/890/1336 1263/888/1335
f 1257/830/1303 1235/824/1300 1263/888/1335 1259/881/1331
f 1263/888/1335 1264/890/1336 1266/883/1332 1259/881/1331
f 1264/890/1336 1262/889/1334 1271/891/1337 1265/892/1338
f 1266/883/1332 1264/890/1336 1265/892/1338 1267/893/1339
f 1260/884/1333 1266/883/1332 1267/893/1339 1269/894/1340
f 1265/892/1338 1274/895/1341 1268/896/1342 1267/893/1339
f 1267/893/1339 1268/896/1342 1270/897/1343 1269/894/1340
f 1262/886/1334 1260/885/1333 1269/898/1340 1271/899/1337
f 1269/898/1340 1270/900/1343 1272/901/1344 1271/899/1337
f 1271/891/1337 1272/902/1344 1274/895/1341 1265/892/1338
f 1272/901/1344 1270/900/1343 1279/903/1345 1273/904/1346
f 1274/895/1341 1272/902/1344 1273/905/1346 1275/906/1347
f 1268/896/1342 1274/895/1341 1275/906/1347 1277/907/1348
f 1393/908/1349 1281/909/1350 1276/910/1351 1390/911/1352
f 1390/911/1352 1276/910/1351 1278/912/1353 1391/913/1354
f 1270/897/1343 1268/896/1342 1277/907/1348 1279/914/1345
f 1394/915/1355 1395/916/1356 1279/914/1345 1277/907/1348
f 1392/917/1357 1280/918/1358 1281/919/1350 1393/920/1349
f 1276/910/1351 1281/909/1350 1280/921/1358 1278/912/1353
f 1282/876/1327 1254/875/1326 1284/922/1359 1287/923/1360
f 1254/924/1326 1283/925/1328 1285/926/1361 1284/927/1359
f 1404/928/1362 1409/929/1363 1298/930/1364 1286/931/1365
f 1404/932/1362 1286/933/1365 1288/934/1366 1405/935/1367
f 1290/936/1368 1282/876/1327 1287/923/1360 1289/937/1369
f 1406/938/1370 1405/935/1367 1288/934/1366 1291/939/1371
f 1293/940/1372 1290/936/1368 1289/937/1369 1292/941/1373
f 1407/942/1374 1406/938/1370 1291/939/1371 1294/943/1375
f 1296/944/1376 1293/945/1372 1292/946/1373 1295/947/1377
f 1407/948/1374 1294/949/1375 1297/950/1378 1408/951/1379
f 1283/925/1328 1296/952/1376 1295/953/1377 1285/926/1361
f 1409/929/1363 1408/954/1379 1297/955/1378 1298/930/1364
f 1399/956/1380 1398/957/1381 1299/958/1382 1302/959/1383
f 1398/960/1381 1403/961/1384 1300/962/1385 1299/963/1382
f 1300/962/1385 1311/964/1386 1301/965/1387 1299/963/1382
f 1302/959/1383 1299/958/1382 1301/966/1387 1303/967/1388
f 1400/968/1389 1399/956/1380 1302/959/1383 1304/969/1390
f 1304/969/1390 1302/959/1383 1303/967/1388 1305/970/1391
f 1401/971/1392 1400/972/1389 1304/973/1390 1306/974/1393
f 1304/973/1390 1305/975/1391 1307/976/1394 1306/974/1393
f 1402/977/1395 1401/971/1392 1306/974/1393 1308/978/1396
f 1308/978/1396 1306/974/1393 1307/976/1394 1309/979/1397
f 1403/980/1384 1402/977/1395 1308/978/1396 1300/981/1385
f 1300/981/1385 1308/978/1396 1309/979/1397 1311/982/1386
f 1309/979/1397 1307/976/1394 1316/983/1398 1310/984/1399
f 1311/982/1386 1309/979/1397 1310/984/1399 1312/985/1400
f 1301/965/1387 1311/964/1386 1312/986/1400 1313/987/1401
f 1312/986/1400 1310/988/1399 1314/989/1402 1313/987/1401
f 1303/967/1388 1301/966/1387 1313/990/1401 1314/991/1402
f 1305/970/1391 1303/967/1388 1314/991/1402 1315/992/1403
f 1314/989/1402 1310/988/1399 1316/983/1398 1315/993/1403
f 1307/976/1394 1305/975/1391 1315/993/1403 1316/983/1398
f 1319/994/1404 1293/945/1372 1296/944/1376 1317/995/1405
f 1253/865/1323 1317/996/1405 1296/997/1376 1283/877/1328
f 1253/865/1323 1250/864/1322 1318/998/1406 1317/996/1405
f 1318/999/1406 1320/1000/1407 1319/1001/1404 1317/1002/1405
f 1319/1003/1404 1321/1004/1292 1290/936/1368 1293/940/1372
f 1319/1001/1404 1320/1000/1407 1230/810/1289 1321/816/1292
f 1321/1004/1292 1229/873/1293 1282/876/1327 1290/936/1368
f 1322/1005/1408 1222/811/1285 1320/1000/1407 1318/999/1406
f 1320/1000/1407 1222/811/1285 1230/810/1289
f 1250/864/1322 1324/866/1324 1322/1006/1408 1318/998/1406
f 1322/1007/1408 1323/1008/1409 1223/804/1283 1222/806/1285
f 1325/1009/1410 1323/1008/1409 1322/1007/1408 1324/1010/1324
f 1327/1011/1411 1325/1009/1410 1324/1010/1324 1251/1012/1321
f 1326/1013/1412 1340/1014/1413 1323/1008/1409 1325/1009/1410
f 1326/1013/1412 1325/1009/1410 1327/1011/1411 1328/1015/1414
f 1328/1015/1414 1327/1011/1411 1329/1016/1415 1331/1017/1416
f 1329/1016/1415 1327/1011/1411 1251/1012/1321 1248/1018/1318
f 1330/1019/1417 1329/1020/1415 1248/1021/1318
f 1333/1022/1418 1331/1023/1416 1329/1020/1415 1330/1019/1417
f 1334/1024/1419 1332/1025/1420 1331/1023/1416 1333/1022/1418
f 1332/1026/1420 1337/1027/1421 1328/1015/1414 1331/1017/1416
f 1335/807/1286 1333/1022/1418 1330/1019/1417 1225/808/1287
f 1336/1028/1422 1334/1024/1419 1333/1022/1418 1335/807/1286
f 1336/1028/1422 1335/807/1286 1219/799/1278 1216/796/1275
f 1209/790/1269 1206/788/1267 1336/1028/1422 1216/796/1275
f 1206/788/1267 1203/786/1265 1334/1024/1419 1336/1028/1422
f 1203/786/1265 1201/785/1261 1332/1025/1420 1334/1024/1419
f 1201/779/1261 1197/776/1258 1337/1027/1421 1332/1026/1420
f 1337/1027/1421 1338/1029/1423 1326/1013/1412 1328/1015/1414
f 1197/776/1258 1195/773/1255 1338/1029/1423 1337/1027/1421
f 1195/773/1255 1192/772/1254 1339/1030/1424 1338/1029/1423
f 1338/1029/1423 1339/1030/1424 1340/1014/1413 1326/1013/1412
f 1339/1030/1424 1192/772/1254 1214/774/1256 1217/798/1277
f 1220/801/1280 1340/1014/1413 1339/1030/1424 1217/798/1277
f 1323/1008/1409 1340/1014/1413 1220/801/1280 1223/804/1283
f 1225/808/1287 1330/1019/1417 1248/1021/1318 1227/809/1288
f 1246/860/1317 1341/819/1295 1227/814/1288 1248/1031/1318
f 1342/836/1307 1243/851/1314 1241/839/1310 1239/837/1308
f 1187/765/1247 1343/1032/1425 1212/795/1274 1189/768/1250
f 1343/1032/1425 1345/1033/1426 1210/792/1271 1212/795/1274
f 1344/1034/1427 1346/1035/1428 1345/1033/1426 1343/1032/1425
f 1184/760/1242 1344/1034/1427 1343/1032/1425 1187/765/1247
f 1345/1033/1426 1347/1036/1429 1207/789/1268 1210/792/1271
f 1346/1035/1428 1348/1037/1430 1347/1036/1429 1345/1033/1426
f 1347/1036/1429 1349/1038/1431 1204/781/1263 1207/789/1268
f 1348/1037/1430 1350/1039/1432 1349/1038/1431 1347/1036/1429
f 1349/1038/1431 1351/1040/1433 1200/782/1262 1204/781/1263
f 1350/1039/1432 1352/1041/1238 1351/1040/1433 1349/1038/1431
f 1351/1042/1433 1353/1043/1434 1198/777/1259 1200/780/1262
f 1352/756/1238 1176/755/1237 1353/1043/1434 1351/1042/1433
f 1353/1043/1434 1186/764/1246 1190/767/1249 1198/777/1259
f 1176/755/1237 1179/754/1236 1186/764/1246 1353/1043/1434
f 1354/1044/1435 1177/1045/1235 1352/1041/1238 1350/1039/1432
f 1356/1046/1436 1354/1044/1435 1350/1039/1432 1348/1037/1430
f 1177/1045/1235 1354/1044/1435 1355/1047/1437 1174/1048/1232
f 1354/1044/1435 1356/1046/1436 1357/1049/1438 1355/1047/1437
f 1358/1050/1439 1356/1046/1436 1348/1037/1430 1346/1035/1428
f 1359/1051/1440 1357/1049/1438 1356/1046/1436 1358/1050/1439
f 1360/1052/1441 1358/1050/1439 1346/1035/1428 1344/1034/1427
f 1361/1053/1442 1359/1051/1440 1358/1050/1439 1360/1052/1441
f 1360/1052/1441 1344/1034/1427 1184/760/1242 1181/761/1243
f 1360/1052/1441 1181/761/1243 1363/762/1244 1361/1053/1442
f 1362/1054/1443 1372/1055/1444 1359/1051/1440 1361/1053/1442
f 1361/1053/1442 1363/762/1244 1364/1056/1445 1362/1054/1443
f 1363/762/1244 1182/759/1241 1366/1057/1446 1364/1056/1445
f 1367/1058/1447 1365/1059/1448 1364/1056/1445 1366/1057/1446
f 1362/1054/1443 1364/1056/1445 1365/1059/1448 1370/1060/1449
f 1182/759/1241 1173/748/1230 1170/744/1226 1366/1057/1446
f 1166/738/1220 1367/1058/1447 1366/1057/1446 1170/744/1226
f 1162/741/1223 1368/1061/1450 1367/1058/1447 1166/738/1220
f 1161/1062/1451 1365/1059/1448 1367/1058/1447 1368/1061/1450
f 1370/1060/1449 1365/1059/1448 1161/1062/1451 1369/1063/1452
f 1371/1064/1453 1370/1060/1449 1369/1063/1452 1160/1065/1454
f 1372/1055/1444 1362/1054/1443 1370/1060/1449 1371/1064/1453
f 1372/1055/1444 1371/1064/1453 1373/1066/1455 1374/1067/1456
f 1373/1066/1455 1371/1064/1453 1160/1065/1454 1159/1068/1457
f 1377/1069/1458 1374/1067/1456 1373/1066/1455 1375/1070/1459
f 1375/1070/1459 1373/1066/1455 1159/1068/1457 1158/1071/1460
f 1167/1072/1229 1375/1070/1459 1158/1071/1460 1376/1073/1461
f 1168/742/1224 1167/747/1229 1376/1074/1461 1164/743/1225
f 1171/1075/1228 1377/1069/1458 1375/1070/1459 1167/1072/1229
f 1174/1048/1232 1355/1047/1437 1377/1069/1458 1171/1075/1228
f 1355/1047/1437 1357/1049/1438 1374/1067/1456 1377/1069/1458
f 1372/1055/1444 1374/1067/1456 1357/1049/1438 1359/1051/1440
f 1385/1076/1462 1384/1077/1463 1380/1078/1464 1381/1079/1465
f 1384/1080/1463 1383/1081/1466 1379/1082/1467 1380/1083/1464
f 1383/1084/1466 1382/1085/1468 1378/1086/1469 1379/1087/1467
f 1382/1085/1468 1385/1076/1462 1381/1079/1465 1378/1086/1469
f 1237/828/1301 1238/833/1304 1385/1076/1462 1382/1085/1468
f 1240/829/1302 1237/828/1301 1382/1085/1468 1383/1084/1466
f 1242/842/1311 1240/841/1302 1383/1081/1466 1384/1080/1463
f 1238/833/1304 1242/849/1311 1384/1077/1463 1385/1076/1462
f 1381/1079/1465 1380/1078/1464 1389/850/1313 1386/835/1306
f 1380/1083/1464 1379/1082/1467 1388/845/1309 1389/844/1313
f 1379/1087/1467 1378/1086/1469 1387/834/1305 1388/838/1309
f 1378/1086/1469 1381/1079/1465 1386/835/1306 1387/834/1305
f 1395/1088/1356 1392/917/1357 1393/920/1349 1397/1089/1470
f 1278/912/1353 1280/921/1358 1392/1090/1357 1391/913/1354
f 1396/1091/1471 1390/911/1352 1391/913/1354 1394/915/1355
f 1397/1092/1470 1393/908/1349 1390/911/1352 1396/1091/1471
f 1273/905/1346 1397/1092/1470 1396/1091/1471 1275/906/1347
f 1275/906/1347 1396/1091/1471 1394/915/1355 1277/907/1348
f 1279/903/1345 1395/1088/1356 1397/1089/1470 1273/904/1346
f 1391/913/1354 1392/1090/1357 1395/916/1356 1394/915/1355
f 1294/943/1375 1291/939/1371 1402/977/1395 1403/980/1384
f 1291/939/1371 1288/934/1366 1401/971/1392 1402/977/1395
f 1288/934/1366 1286/933/1365 1400/972/1389 1401/971/1392
f 1286/931/1365 1298/930/1364 1399/956/1380 1400/968/1389
f 1297/950/1378 1294/949/1375 1403/961/1384 1398/960/1381
f 1298/930/1364 1297/955/1378 1398/957/1381 1399/956/1380
f 1285/926/1361 1295/953/1377 1408/954/1379 1409/929/1363
f 1292/946/1373 1407/948/1374 1408/951/1379 1295/947/1377
f 1292/941/1373 1289/937/1369 1406/938/1370 1407/942/1374
f 1289/937/1369 1287/923/1360 1405/935/1367 1406/938/1370
f 1284/922/1359 1404/932/1362 1405/935/1367 1287/923/1360
f 1284/927/1359 1285/926/1361 1409/929/1363 1404/928/1362
s 0
f 1426/1093/1472 1425/1094/1472 1412/1095/1472
f 1411/1096/1473 1413/1097/1473 1414/1098/1473
f 1416/1099/1474 1417/1100/1474 1413/1097/1474 1411/1096/1474
f 1413/1097/1475 1410/1101/1475 1414/1098/1475
f 1418/1102/1476 1419/1103/1476 1417/1100/1476 1416/1099/1476
f 1410/1101/1477 1413/1097/1477 1417/1100/1477 1415/1104/1477
f 1424/1105/1478 1425/1094/1478 1419/1103/1478 1418/1102/1478
f 1415/1104/1479 1417/1100/1479 1419/1103/1479 1420/1106/1479
f 1426/1107/1480 1412/1108/1480 1427/1109/1480
f 1411/1110/1481 1414/1111/1481 1421/1112/1481
f 1416/1113/1482 1411/1110/1482 1421/1112/1482 1422/1114/1482
f 1421/1112/1483 1414/1111/1483 1410/1115/1483
f 1418/1116/1484 1416/1113/1484 1422/1114/1484 1423/1117/1484
f 1410/1115/1485 1415/1118/1485 1422/1114/1485 1421/1112/1485
f 1424/1119/1486 1418/1116/1486 1423/1117/1486 1427/1109/1486
f 1415/1118/1487 1420/1120/1487 1423/1117/1487 1422/1114/1487
f 1412/1108/1488 1424/1119/1488 1427/1109/1488
f 1420/1120/1489 1426/1107/1489 1427/1109/1489 1423/1117/1489
f 1412/1095/1490 1425/1094/1490 1424/1105/1490
f 1420/1106/1491 1419/1103/1491 1425/1094/1491 1426/1093/1491
s 1
f 1428/1121/1492 1432/1122/1493 1435/1123/1494 1431/1124/1495
f 1429/1125/1496 1433/1126/1497 1432/1122/1493 1428/1121/1492
f 1430/1127/1498 1434/1128/1499 1433/1126/1497 1429/1125/1496
f 1431/1124/1495 1435/1123/1494 1434/1129/1499 1430/1130/1498
f 1432/1122/1493 1436/1131/1500 1439/1132/1501 1435/1123/1494
f 1433/1126/1497 1437/1133/1502 1436/1131/1500 1432/1122/1493
f 1434/1128/1499 1438/1134/1503 1437/1133/1502 1433/1126/1497
f 1435/1123/1494 1439/1132/1501 1438/1135/1503 1434/1129/1499
f 1436/1131/1500 1440/1136/1504 1443/1137/1505 1439/1132/1501
f 1437/1133/1502 1441/1138/1506 1440/1136/1504 1436/1131/1500
f 1438/1134/1503 1442/1139/1507 1441/1138/1506 1437/1133/1502
f 1439/1132/1501 1443/1137/1505 1442/1140/1507 1438/1135/1503
f 1440/1136/1504 1444/1141/1508 1447/1142/1509 1443/1137/1505
f 1441/1138/1506 1445/1143/1510 1444/1141/1508 1440/1136/1504
f 1442/1139/1507 1446/1144/1511 1445/1143/1510 1441/1138/1506
f 1443/1137/1505 1447/1142/1509 1446/1145/1511 1442/1140/1507
f 1444/1141/1508 1448/1146/1512 1451/1147/1513 1447/1142/1509
f 1445/1143/1510 1449/1148/1514 1448/1146/1512 1444/1141/1508
f 1446/1144/1511 1450/1149/1515 1449/1148/1514 1445/1143/1510
f 1447/1142/1509 1451/1147/1513 1450/1150/1515 1446/1145/1511
f 1448/1146/1512 1452/1151/1516 1455/1152/1517 1451/1147/1513
f 1449/1148/1514 1453/1153/1518 1452/1151/1516 1448/1146/1512
f 1450/1149/1515 1454/1154/1519 1453/1153/1518 1449/1148/1514
f 1451/1147/1513 1455/1152/1517 1454/1155/1519 1450/1150/1515
f 1452/1151/1516 1456/1156/1520 1459/1157/1521 1455/1152/1517
f 1453/1153/1518 1457/1158/1522 1456/1156/1520 1452/1151/1516
f 1454/1154/1519 1458/1159/1523 1457/1158/1522 1453/1153/1518
f 1455/1152/1517 1459/1157/1521 1458/1160/1523 1454/1155/1519
f 1456/1156/1520 1460/1161/1524 1463/1162/1525 1459/1157/1521
f 1457/1158/1522 1461/1163/1526 1460/1161/1524 1456/1156/1520
f 1458/1159/1523 1462/1164/1527 1461/1163/1526 1457/1158/1522
f 1459/1157/1521 1463/1162/1525 1462/1165/1527 1458/1160/1523
f 1460/1161/1524 1464/1166/1528 1467/1167/1529 1463/1162/1525
f 1461/1163/1526 1465/1168/1530 1464/1166/1528 1460/1161/1524
f 1462/1164/1527 1466/1169/1531 1465/1168/1530 1461/1163/1526
f 1463/1162/1525 1467/1167/1529 1466/1170/1531 1462/1165/1527
f 1464/1166/1528 1468/1171/1532 1471/1172/1533 1467/1167/1529
f 1465/1168/1530 1469/1173/1534 1468/1171/1532 1464/1166/1528
f 1466/1169/1531 1470/1174/1535 1469/1173/1534 1465/1168/1530
f 1467/1167/1529 1471/1172/1533 1470/1175/1535 1466/1170/1531
f 1468/1171/1532 1472/1176/1536 1475/1177/1537 1471/1172/1533
f 1469/1173/1534 1473/1178/1538 1472/1176/1536 1468/1171/1532
f 1470/1174/1535 1474/1179/1539 1473/1178/1538 1469/1173/1534
f 1471/1172/1533 1475/1177/1537 1474/1180/1539 1470/1175/1535
f 1472/1176/1536 1476/1181/1540 1479/1182/1541 1475/1177/1537
f 1473/1178/1538 1477/1183/1542 1476/1181/1540 1472/1176/1536
f 1474/1179/1539 1478/1184/1543 1477/1183/1542 1473/1178/1538
f 1475/1177/1537 1479/1182/1541 1478/1185/1543 1474/1180/1539
f 1476/1181/1540 1480/1186/1544 1483/1187/1545 1479/1182/1541
f 1477/1183/1542 1481/1188/1546 1480/1186/1544 1476/1181/1540
f 1478/1184/1543 1482/1189/1547 1481/1188/1546 1477/1183/1542
f 1479/1182/1541 1483/1187/1545 1482/1190/1547 1478/1185/1543
f 1480/1186/1544 1484/1191/1548 1487/1192/1549 1483/1187/1545
f 1481/1188/1546 1485/1193/1550 1484/1191/1548 1480/1186/1544
f 1482/1189/1547 1486/1194/1551 1485/1193/1550 1481/1188/1546
f 1483/1187/1545 1487/1192/1549 1486/1195/1551 1482/1190/1547
f 1484/1191/1548 1488/1196/1552 1491/1197/1553 1487/1192/1549
f 1485/1193/1550 1489/1198/1554 1488/1196/1552 1484/1191/1548
f 1486/1194/1551 1490/1199/1555 1489/1198/1554 1485/1193/1550
f 1487/1192/1549 1491/1197/1553 1490/1200/1555 1486/1195/1551
f 1488/1196/1552 1492/1201/1556 1495/1202/1557 1491/1197/1553
f 1489/1198/1554 1493/1203/1558 1492/1201/1556 1488/1196/1552
f 1490/1199/1555 1494/1204/1559 1493/1203/1558 1489/1198/1554
f 1491/1197/1553 1495/1202/1557 1494/1205/1559 1490/1200/1555
f 1492/1201/1556 1496/1206/1560 1499/1207/1561 1495/1202/1557
f 1493/1203/1558 1497/1208/1562 1496/1206/1560 1492/1201/1556
f 1494/1204/1559 1498/1209/1563 1497/1208/1562 1493/1203/1558
f 1495/1202/1557 1499/1207/1561 1498/1210/1563 1494/1205/1559
f 1496/1206/1560 1500/1211/1564 1503/1212/1565 1499/1207/1561
f 1497/1208/1562 1501/1213/1566 1500/1211/1564 1496/1206/1560
f 1498/1209/1563 1502/1214/1567 1501/1213/1566 1497/1208/1562
f 1499/1207/1561 1503/1212/1565 1502/1215/1567 1498/1210/1563
f 1500/1211/1564 1504/1216/1568 1507/1217/1569 1503/1212/1565
f 1501/1213/1566 1505/1218/1570 1504/1216/1568 1500/1211/1564
f 1502/1214/1567 1506/1219/1571 1505/1218/1570 1501/1213/1566
f 1503/1212/1565 1507/1217/1569 1506/1220/1571 1502/1215/1567
f 1504/1216/1568 1508/1221/1572 1511/1222/1573 1507/1217/1569
f 1505/1218/1570 1509/1223/1574 1508/1221/1572 1504/1216/1568
f 1506/1219/1571 1510/1224/1575 1509/1223/1574 1505/1218/1570
f 1507/1217/1569 1511/1222/1573 1510/1225/1575 1506/1220/1571
f 1508/1221/1572 1512/1226/1576 1515/1227/1577 1511/1222/1573
f 1509/1223/1574 1513/1228/1578 1512/1226/1576 1508/1221/1572
f 1510/1224/1575 1514/1229/1579 1513/1228/1578 1509/1223/1574
f 1511/1222/1573 1515/1227/1577 1514/1230/1579 1510/1225/1575
f 1512/1226/1576 1516/1231/1580 1519/1232/1581 1515/1227/1577
f 1513/1228/1578 1517/1233/1582 1516/1231/1580 1512/1226/1576
f 1514/1229/1579 1518/1234/1583 1517/1233/1582 1513/1228/1578
f 1515/1227/1577 1519/1232/1581 1518/1235/1583 1514/1230/1579
f 1516/1231/1580 1520/1236/1584 1523/1237/1585 1519/1232/1581
f 1517/1233/1582 1521/1238/1586 1520/1236/1584 1516/1231/1580
f 1518/1234/1583 1522/1239/1587 1521/1238/1586 1517/1233/1582
f 1519/1232/1581 1523/1237/1585 1522/1240/1587 1518/1235/1583
f 1520/1236/1584 1524/1241/1588 1527/1242/1589 1523/1237/1585
f 1521/1238/1586 1525/1243/1590 1524/1241/1588 1520/1236/1584
f 1522/1239/1587 1526/1244/1591 1525/1243/1590 1521/1238/1586
f 1523/1237/1585 1527/1242/1589 1526/1245/1591 1522/1240/1587
f 1533/1246/1592 1569/1247/1593 1565/1248/1594 1528/1249/1595
f 1567/1250/1596 1571/1251/1597 1550/1252/1598 1549/1253/1599
f 1531/1254/1600 1536/1255/1601 1570/1256/1602 1566/1257/1603
f 1565/1248/1594 1569/1247/1593 1545/1258/1604 1544/1259/1605
f 1537/1260/1606 1568/1261/1607 1564/1262/1608 1532/1263/1609
f 1566/1257/1603 1570/1256/1602 1558/1264/1610 1557/1265/1611
f 1538/1266/1612 1539/1267/1613 1573/1268/1614 1572/1269/1615
f 1564/1262/1608 1568/1261/1607 1554/1270/1616 1553/1271/1617
f 1540/1272/1618 1541/1273/1619 1575/1274/1620 1574/1275/1621
f 1572/1269/1615 1573/1268/1614 1548/1276/1622 1547/1277/1623
f 1542/1278/1624 1543/1279/1625 1577/1280/1626 1576/1281/1627
f 1574/1275/1621 1575/1274/1620 1552/1282/1628 1551/1283/1629
f 1544/1259/1605 1545/1258/1604 1579/1284/1630 1578/1285/1631
f 1576/1281/1627 1577/1280/1626 1556/1286/1632 1555/1287/1633
f 1531/1254/1600 1580/1288/1634 1581/1289/1635 1536/1255/1601
f 1547/1277/1623 1548/1276/1622 1583/1290/1636 1582/1291/1637
f 1546/1292/1638 1581/1289/1635 1580/1288/1634
f 1549/1253/1599 1550/1252/1598 1585/1293/1639 1584/1294/1640
f 1582/1291/1637 1583/1290/1636 1533/1295/1592 1528/1296/1595
f 1551/1283/1629 1552/1282/1628 1587/1297/1641 1586/1298/1642
f 1584/1294/1640 1585/1293/1639 1539/1267/1613 1538/1266/1612
f 1553/1271/1617 1554/1270/1616 1589/1299/1643 1588/1300/1644
f 1586/1301/1642 1587/1302/1641 1535/1303/1645 1530/1304/1646
f 1555/1287/1633 1556/1286/1632 1591/1305/1647 1590/1306/1648
f 1588/1300/1644 1589/1299/1643 1541/1273/1619 1540/1272/1618
f 1557/1265/1611 1558/1264/1610 1593/1307/1649 1592/1308/1650
f 1590/1306/1648 1591/1305/1647 1537/1309/1606 1532/1310/1609
f 1592/1308/1650 1593/1307/1649 1543/1279/1625 1542/1278/1624
f 1578/1285/1631 1579/1284/1630 1594/1311/1651 1529/1312/1652
f 1596/1313/1653 1595/1314/1654 1560/1315/1655 1561/1316/1656
f 1560/1315/1655 1597/1317/1657 1598/1318/1658 1561/1316/1656
f 1598/1318/1658 1597/1317/1657 1562/1319/1659 1563/1320/1659
f 1534/1321/1660 1559/1322/1661 1529/1312/1652 1594/1311/1651
f 1530/1304/1646 1535/1303/1645 1571/1251/1597 1567/1250/1596
f 1559/1322/1661 1534/1321/1660 1595/1314/1654 1596/1313/1653
f 1606/1323/1662 1626/1324/1663 1643/1325/1664 1618/1326/1665
f 1618/1326/1665 1643/1325/1664 1624/1327/1666 1605/1328/1667
f 1643/1325/1664 1622/1329/1668 1600/1330/1669 1624/1327/1666
f 1626/1324/1663 1599/1331/1670 1622/1329/1668 1643/1325/1664
f 1599/1331/1670 1615/1332/1671 1644/1333/1672 1622/1329/1668
f 1622/1329/1668 1644/1333/1672 1616/1334/1673 1600/1330/1669
f 1644/1333/1672 1625/1335/1674 1602/1336/1675 1616/1334/1673
f 1615/1332/1671 1601/1337/1676 1625/1335/1674 1644/1333/1672
f 1606/1323/1662 1618/1326/1665 1645/1338/1677 1619/1339/1678
f 1619/1339/1678 1645/1338/1677 1621/1340/1679 1604/1341/1680
f 1645/1338/1677 1620/1342/1681 1603/1343/1682 1621/1340/1679
f 1618/1326/1665 1605/1328/1667 1620/1342/1681 1645/1338/1677
f 1601/1344/1676 1632/1345/1683 1646/1346/1684 1623/1347/1685
f 1623/1347/1685 1646/1346/1684 1631/1348/1686 1604/1341/1680
f 1646/1346/1684 1629/1349/1687 1609/1350/1688 1631/1348/1686
f 1632/1345/1683 1608/1351/1689 1629/1349/1687 1646/1346/1684
f 1603/1343/1682 1617/1352/1690 1647/1353/1691 1621/1340/1679
f 1621/1340/1679 1647/1353/1691 1623/1347/1685 1604/1341/1680
f 1647/1353/1691 1625/1354/1674 1601/1344/1676 1623/1347/1685
f 1617/1352/1690 1602/1355/1675 1625/1354/1674 1647/1353/1691
f 1610/1356/1692 1640/1357/1693 1648/1358/1694 1630/1359/1695
f 1630/1359/1695 1648/1358/1694 1639/1360/1696 1607/1361/1697
f 1648/1358/1694 1638/1362/1698 1611/1363/1699 1639/1360/1696
f 1640/1357/1693 1614/1364/1700 1638/1362/1698 1648/1358/1694
f 1604/1341/1680 1631/1348/1686 1649/1365/1701 1619/1339/1678
f 1619/1339/1678 1649/1365/1701 1633/1366/1702 1606/1323/1662
f 1649/1365/1701 1628/1367/1703 1610/1356/1692 1633/1366/1702
f 1631/1348/1686 1609/1350/1688 1628/1367/1703 1649/1365/1701
f 1599/1331/1670 1634/1368/1704 1650/1369/1705 1615/1332/1671
f 1615/1332/1671 1650/1369/1705 1632/1370/1683 1601/1337/1676
f 1650/1369/1705 1627/1371/1706 1608/1372/1689 1632/1370/1683
f 1634/1368/1704 1607/1361/1697 1627/1371/1706 1650/1369/1705
f 1606/1323/1662 1633/1366/1702 1651/1373/1707 1626/1324/1663
f 1626/1324/1663 1651/1373/1707 1634/1368/1704 1599/1331/1670
f 1651/1373/1707 1630/1359/1695 1607/1361/1697 1634/1368/1704
f 1633/1366/1702 1610/1356/1692 1630/1359/1695 1651/1373/1707
f 1613/1374/1708 1637/1375/1709 1652/1376/1710 1636/1377/1711
f 1636/1377/1711 1652/1376/1710 1638/1362/1698 1614/1364/1700
f 1652/1376/1710 1635/1378/1712 1611/1363/1699 1638/1362/1698
f 1637/1375/1709 1612/1379/1713 1635/1378/1712 1652/1376/1710
f 1609/1350/1688 1641/1380/1714 1653/1381/1715 1628/1367/1703
f 1628/1367/1703 1653/1381/1715 1640/1357/1693 1610/1356/1692
f 1653/1381/1715 1636/1377/1711 1614/1364/1700 1640/1357/1693
f 1641/1380/1714 1613/1374/1708 1636/1377/1711 1653/1381/1715
f 1608/1351/1689 1642/1382/1716 1654/1383/1717 1629/1349/1687
f 1629/1349/1687 1654/1383/1717 1641/1380/1714 1609/1350/1688
f 1654/1383/1717 1637/1384/1709 1613/1374/1708 1641/1380/1714
f 1642/1382/1716 1612/1385/1713 1637/1384/1709 1654/1383/1717
f 1607/1361/1697 1639/1360/1696 1655/1386/1718 1627/1371/1706
f 1627/1371/1706 1655/1386/1718 1642/1387/1716 1608/1372/1689
f 1655/1386/1718 1635/1378/1712 1612/1379/1713 1642/1387/1716
f 1639/1360/1696 1611/1363/1699 1635/1378/1712 1655/1386/1718
f 1663/1323/1719 1675/1326/1720 1700/1325/1721 1683/1324/1722
f 1675/1326/1720 1662/1328/1723 1681/1327/1724 1700/1325/1721
f 1700/1325/1721 1681/1327/1724 1657/1330/1725 1679/1329/1726
f 1683/1324/1722 1700/1325/1721 1679/1329/1726 1656/1331/1727
f 1656/1331/1727 1679/1329/1726 1701/1333/1728 1672/1332/1729
f 1679/1329/1726 1657/1330/1725 1673/1334/1730 1701/1333/1728
f 1701/1333/1728 1673/1334/1730 1659/1336/1731 1682/1335/1732
f 1672/1332/1729 1701/1333/1728 1682/1335/1732 1658/1337/1733
f 1663/1323/1719 1676/1339/1734 1702/1338/1735 1675/1326/1720
f 1676/1339/1734 1661/1341/1736 1678/1340/1737 1702/1338/1735
f 1702/1338/1735 1678/1340/1737 1660/1343/1738 1677/1342/1739
f 1675/1326/1720 1702/1338/1735 1677/1342/1739 1662/1328/1723
f 1658/1344/1733 1680/1347/1740 1703/1346/1741 1689/1345/1742
f 1680/1347/1740 1661/1341/1736 1688/1348/1743 1703/1346/1741
f 1703/1346/1741 1688/1348/1743 1666/1350/1744 1686/1349/1745
f 1689/1345/1742 1703/1346/1741 1686/1349/1745 1665/1351/1746
f 1660/1343/1738 1678/1340/1737 1704/1353/1747 1674/1352/1748
f 1678/1340/1737 1661/1341/1736 1680/1347/1740 1704/1353/1747
f 1704/1353/1747 1680/1347/1740 1658/1344/1733 1682/1354/1732
f 1674/1352/1748 1704/1353/1747 1682/1354/1732 1659/1355/1731
f 1667/1356/1749 1687/1359/1750 1705/1358/1751 1697/1357/1752
f 1687/1359/1750 1664/1361/1753 1696/1360/1754 1705/1358/1751
f 1705/1358/1751 1696/1360/1754 1668/1363/1755 1695/1362/1756
f 1697/1357/1752 1705/1358/1751 1695/1362/1756 1671/1364/1757
f 1661/1341/1736 1676/1339/1734 1706/1365/1758 1688/1348/1743
f 1676/1339/1734 1663/1323/1719 1690/1366/1759 1706/1365/1758
f 1706/1365/1758 1690/1366/1759 1667/1356/1749 1685/1367/1760
f 1688/1348/1743 1706/1365/1758 1685/1367/1760 1666/1350/1744
f 1656/1331/1727 1672/1332/1729 1707/1369/1761 1691/1368/1762
f 1672/1332/1729 1658/1337/1733 1689/1370/1742 1707/1369/1761
f 1707/1369/1761 1689/1370/1742 1665/1372/1746 1684/1371/1763
f 1691/1368/1762 1707/1369/1761 1684/1371/1763 1664/1361/1753
f 1663/1323/1719 1683/1324/1722 1708/1373/1764 1690/1366/1759
f 1683/1324/1722 1656/1331/1727 1691/1368/1762 1708/1373/1764
f 1708/1373/1764 1691/1368/1762 1664/1361/1753 1687/1359/1750
f 1690/1366/1759 1708/1373/1764 1687/1359/1750 1667/1356/1749
f 1670/1374/1765 1693/1377/1766 1709/1376/1767 1694/1375/1768
f 1693/1377/1766 1671/1364/1757 1695/1362/1756 1709/1376/1767
f 1709/1376/1767 1695/1362/1756 1668/1363/1755 1692/1378/1769
f 1694/1375/1768 1709/1376/1767 1692/1378/1769 1669/1379/1770
f 1666/1350/1744 1685/1367/1760 1710/1381/1771 1698/1380/1772
f 1685/1367/1760 1667/1356/1749 1697/1357/1752 1710/1381/1771
f 1710/1381/1771 1697/1357/1752 1671/1364/1757 1693/1377/1766
f 1698/1380/1772 1710/1381/1771 1693/1377/1766 1670/1374/1765
f 1665/1351/1746 1686/1349/1745 1711/1383/1773 1699/1382/1774
f 1686/1349/1745 1666/1350/1744 1698/1380/1772 1711/1383/1773
f 1711/1383/1773 1698/1380/1772 1670/1374/1765 1694/1384/1768
f 1699/1382/1774 1711/1383/1773 1694/1384/1768 1669/1385/1770
f 1664/1361/1753 1684/1371/1763 1712/1386/1775 1696/1360/1754
f 1684/1371/1763 1665/1372/1746 1699/1387/1774 1712/1386/1775
f 1712/1386/1775 1699/1387/1774 1669/1379/1770 1692/1378/1769
f 1696/1360/1754 1712/1386/1775 1692/1378/1769 1668/1363/1755
f 1815/1406/1784 1740/1407/1785 1739/1408/1786 1814/1409/1787
f 1733/1410/1788 1738/1411/1789 1737/1412/1790 1813/1413/1791
f 1732/1414/1792 1736/1415/1793 1735/1416/1794 1812/1417/1795
f 1816/1418/1796 1741/1419/1797 1740/1407/1785 1815/1406/1784
f 1814/1409/1787 1739/1408/1786 1738/1420/1789 1733/1421/1788
f 1813/1413/1791 1737/1412/1790 1736/1415/1793 1732/1414/1792
f 1812/1417/1795 1735/1416/1794 1731/1422/1798
f 1734/1423/1799 1741/1419/1797 1816/1418/1796
f 1741/1419/1797 1748/1424/1800 1747/1425/1801 1740/1407/1785
f 1739/1408/1786 1746/1426/1802 1745/1427/1803 1738/1420/1789
f 1737/1412/1790 1744/1428/1804 1743/1429/1805 1736/1415/1793
f 1735/1416/1794 1742/1430/1806 1731/1422/1798
f 1734/1423/1799 1748/1424/1800 1741/1419/1797
f 1740/1407/1785 1747/1425/1801 1746/1426/1802 1739/1408/1786
f 1738/1411/1789 1745/1431/1803 1744/1428/1804 1737/1412/1790
f 1736/1415/1793 1743/1429/1805 1742/1430/1806 1735/1416/1794
f 1744/1428/1804 1751/1432/1807 1750/1433/1808 1743/1429/1805
f 1742/1430/1806 1749/1434/1809 1731/1422/1798
f 1734/1423/1799 1755/1435/1810 1748/1424/1800
f 1747/1425/1801 1754/1436/1811 1753/1437/1812 1746/1426/1802
f 1745/1431/1803 1752/1438/1813 1751/1432/1807 1744/1428/1804
f 1743/1429/1805 1750/1433/1808 1749/1434/1809 1742/1430/1806
f 1748/1424/1800 1755/1435/1810 1754/1436/1811 1747/1425/1801
f 1746/1426/1802 1753/1437/1812 1752/1439/1813 1745/1427/1803
f 1734/1423/1799 1762/1440/1814 1755/1435/1810
f 1754/1436/1811 1761/1441/1815 1760/1442/1816 1753/1437/1812
f 1752/1438/1813 1759/1443/1817 1758/1444/1818 1751/1432/1807
f 1750/1433/1808 1757/1445/1819 1756/1446/1820 1749/1434/1809
f 1755/1435/1810 1762/1440/1814 1761/1441/1815 1754/1436/1811
f 1753/1437/1812 1760/1442/1816 1759/1447/1817 1752/1439/1813
f 1751/1432/1807 1758/1444/1818 1757/1445/1819 1750/1433/1808
f 1749/1434/1809 1756/1446/1820 1731/1422/1798
f 1757/1445/1819 1764/1448/1821 1763/1449/1822 1756/1446/1820
f 1762/1440/1814 1769/1450/1823 1768/1451/1824 1761/1441/1815
f 1760/1442/1816 1767/1452/1825 1766/1453/1826 1759/1447/1817
f 1758/1444/1818 1765/1454/1827 1764/1448/1821 1757/1445/1819
f 1756/1446/1820 1763/1449/1822 1731/1422/1798
f 1734/1423/1799 1769/1450/1823 1762/1440/1814
f 1761/1441/1815 1768/1451/1824 1767/1452/1825 1760/1442/1816
f 1759/1443/1817 1766/1455/1826 1765/1454/1827 1758/1444/1818
f 1769/1450/1823 1776/1456/1828 1775/1457/1829 1768/1451/1824
f 1767/1452/1825 1774/1458/1830 1773/1459/1831 1766/1453/1826
f 1765/1454/1827 1772/1460/1832 1771/1461/1833 1764/1448/1821
f 1763/1449/1822 1770/1462/1834 1731/1422/1798
f 1734/1423/1799 1776/1456/1828 1769/1450/1823
f 1768/1451/1824 1775/1457/1829 1774/1458/1830 1767/1452/1825
f 1766/1455/1826 1773/1463/1831 1772/1460/1832 1765/1454/1827
f 1764/1448/1821 1771/1461/1833 1770/1462/1834 1763/1449/1822
f 1770/1462/1834 1777/1464/1835 1731/1422/1798
f 1734/1423/1799 1783/1465/1836 1776/1456/1828
f 1775/1457/1829 1782/1466/1837 1781/1467/1838 1774/1458/1830
f 1773/1463/1831 1780/1468/1839 1779/1469/1840 1772/1460/1832
f 1771/1461/1833 1778/1470/1841 1777/1464/1835 1770/1462/1834
f 1776/1456/1828 1783/1465/1836 1782/1466/1837 1775/1457/1829
f 1774/1458/1830 1781/1467/1838 1780/1471/1839 1773/1459/1831
f 1772/1460/1832 1779/1469/1840 1778/1470/1841 1771/1461/1833
f 1782/1466/1837 1789/1472/1842 1788/1473/1843 1781/1467/1838
f 1780/1468/1839 1787/1474/1844 1786/1475/1845 1779/1469/1840
f 1778/1470/1841 1785/1476/1846 1784/1477/1847 1777/1464/1835
f 1783/1465/1836 1790/1478/1848 1789/1472/1842 1782/1466/1837
f 1781/1467/1838 1788/1473/1843 1787/1479/1844 1780/1471/1839
f 1779/1469/1840 1786/1475/1845 1785/1476/1846 1778/1470/1841
f 1777/1464/1835 1784/1477/1847 1731/1422/1798
f 1734/1423/1799 1790/1478/1848 1783/1465/1836
f 1790/1478/1848 1797/1480/1849 1796/1481/1850 1789/1472/1842
f 1788/1473/1843 1795/1482/1851 1794/1483/1852 1787/1479/1844
f 1786/1475/1845 1793/1484/1853 1792/1485/1854 1785/1476/1846
f 1784/1477/1847 1791/1486/1855 1731/1422/1798
f 1734/1423/1799 1797/1480/1849 1790/1478/1848
f 1789/1472/1842 1796/1481/1850 1795/1482/1851 1788/1473/1843
f 1787/1474/1844 1794/1487/1852 1793/1484/1853 1786/1475/1845
f 1785/1476/1846 1792/1485/1854 1791/1486/1855 1784/1477/1847
f 1795/1482/1851 1802/1488/1856 1801/1489/1857 1794/1483/1852
f 1793/1484/1853 1800/1490/1858 1799/1491/1859 1792/1485/1854
f 1791/1486/1855 1798/1492/1860 1731/1422/1798
f 1734/1423/1799 1804/1493/1861 1797/1480/1849
f 1796/1481/1850 1803/1494/1862 1802/1488/1856 1795/1482/1851
f 1794/1487/1852 1801/1495/1857 1800/1490/1858 1793/1484/1853
f 1792/1485/1854 1799/1491/1859 1798/1492/1860 1791/1486/1855
f 1797/1480/1849 1804/1493/1861 1803/1494/1862 1796/1481/1850
f 1734/1423/1799 1811/1496/1863 1804/1493/1861
f 1803/1494/1862 1810/1497/1864 1809/1498/1865 1802/1488/1856
f 1801/1495/1857 1808/1499/1866 1807/1500/1867 1800/1490/1858
f 1799/1491/1859 1806/1501/1868 1805/1502/1869 1798/1492/1860
f 1804/1493/1861 1811/1496/1863 1810/1497/1864 1803/1494/1862
f 1802/1488/1856 1809/1498/1865 1808/1503/1866 1801/1489/1857
f 1800/1490/1858 1807/1500/1867 1806/1501/1868 1799/1491/1859
f 1798/1492/1860 1805/1502/1869 1731/1422/1798
f 1808/1499/1866 1733/1410/1788 1813/1413/1791 1807/1500/1867
f 1806/1501/1868 1732/1414/1792 1812/1417/1795 1805/1502/1869
f 1811/1496/1863 1816/1418/1796 1815/1406/1784 1810/1497/1864
f 1809/1498/1865 1814/1409/1787 1733/1421/1788 1808/1503/1866
f 1807/1500/1867 1813/1413/1791 1732/1414/1792 1806/1501/1868
f 1805/1502/1869 1812/1417/1795 1731/1422/1798
f 1734/1423/1799 1816/1418/1796 1811/1496/1863
f 1810/1497/1864 1815/1406/1784 1814/1409/1787 1809/1498/1865
f 1901/1406/1870 1900/1409/1871 1825/1408/1872 1826/1407/1873
f 1819/1410/1874 1899/1413/1875 1823/1412/1876 1824/1411/1877
f 1818/1414/1878 1898/1417/1879 1821/1416/1880 1822/1415/1881
f 1902/1418/1882 1901/1406/1870 1826/1407/1873 1827/1419/1883
f 1900/1409/1871 1819/1421/1874 1824/1420/1877 1825/1408/1872
f 1899/1413/1875 1818/1414/1878 1822/1415/1881 1823/1412/1876
f 1898/1417/1879 1817/1422/1884 1821/1416/1880
f 1820/1423/1885 1902/1418/1882 1827/1419/1883
f 1827/1419/1883 1826/1407/1873 1833/1425/1886 1834/1424/1887
f 1825/1408/1872 1824/1420/1877 1831/1427/1888 1832/1426/1889
f 1823/1412/1876 1822/1415/1881 1829/1429/1890 1830/1428/1891
f 1821/1416/1880 1817/1422/1884 1828/1430/1892
f 1820/1423/1885 1827/1419/1883 1834/1424/1887
f 1826/1407/1873 1825/1408/1872 1832/1426/1889 1833/1425/1886
f 1824/1411/1877 1823/1412/1876 1830/1428/1891 1831/1431/1888
f 1822/1415/1881 1821/1416/1880 1828/1430/1892 1829/1429/1890
f 1830/1428/1891 1829/1429/1890 1836/1433/1893 1837/1432/1894
f 1828/1430/1892 1817/1422/1884 1835/1434/1895
f 1820/1423/1885 1834/1424/1887 1841/1435/1896
f 1833/1425/1886 1832/1426/1889 1839/1437/1897 1840/1436/1898
f 1831/1431/1888 1830/1428/1891 1837/1432/1894 1838/1438/1899
f 1829/1429/1890 1828/1430/1892 1835/1434/1895 1836/1433/1893
f 1834/1424/1887 1833/1425/1886 1840/1436/1898 1841/1435/1896
f 1832/1426/1889 1831/1427/1888 1838/1439/1899 1839/1437/1897
f 1820/1423/1885 1841/1435/1896 1848/1440/1900
f 1840/1436/1898 1839/1437/1897 1846/1442/1901 1847/1441/1902
f 1838/1438/1899 1837/1432/1894 1844/1444/1903 1845/1443/1904
f 1836/1433/1893 1835/1434/1895 1842/1446/1905 1843/1445/1906
f 1841/1435/1896 1840/1436/1898 1847/1441/1902 1848/1440/1900
f 1839/1437/1897 1838/1439/1899 1845/1447/1904 1846/1442/1901
f 1837/1432/1894 1836/1433/1893 1843/1445/1906 1844/1444/1903
f 1835/1434/1895 1817/1422/1884 1842/1446/1905
f 1843/1445/1906 1842/1446/1905 1849/1449/1907 1850/1448/1908
f 1848/1440/1900 1847/1441/1902 1854/1451/1909 1855/1450/1910
f 1846/1442/1901 1845/1447/1904 1852/1453/1911 1853/1452/1912
f 1844/1444/1903 1843/1445/1906 1850/1448/1908 1851/1454/1913
f 1842/1446/1905 1817/1422/1884 1849/1449/1907
f 1820/1423/1885 1848/1440/1900 1855/1450/1910
f 1847/1441/1902 1846/1442/1901 1853/1452/1912 1854/1451/1909
f 1845/1443/1904 1844/1444/1903 1851/1454/1913 1852/1455/1911
f 1855/1450/1910 1854/1451/1909 1861/1457/1914 1862/1456/1915
f 1853/1452/1912 1852/1453/1911 1859/1459/1916 1860/1458/1917
f 1851/1454/1913 1850/1448/1908 1857/1461/1918 1858/1460/1919
f 1849/1449/1907 1817/1422/1884 1856/1462/1920
f 1820/1423/1885 1855/1450/1910 1862/1456/1915
f 1854/1451/1909 1853/1452/1912 1860/1458/1917 1861/1457/1914
f 1852/1455/1911 1851/1454/1913 1858/1460/1919 1859/1463/1916
f 1850/1448/1908 1849/1449/1907 1856/1462/1920 1857/1461/1918
f 1856/1462/1920 1817/1422/1884 1863/1464/1921
f 1820/1423/1885 1862/1456/1915 1869/1465/1922
f 1861/1457/1914 1860/1458/1917 1867/1467/1923 1868/1466/1924
f 1859/1463/1916 1858/1460/1919 1865/1469/1925 1866/1468/1926
f 1857/1461/1918 1856/1462/1920 1863/1464/1921 1864/1470/1927
f 1862/1456/1915 1861/1457/1914 1868/1466/1924 1869/1465/1922
f 1860/1458/1917 1859/1459/1916 1866/1471/1926 1867/1467/1923
f 1858/1460/1919 1857/1461/1918 1864/1470/1927 1865/1469/1925
f 1868/1466/1924 1867/1467/1923 1874/1473/1928 1875/1472/1929
f 1866/1468/1926 1865/1469/1925 1872/1475/1930 1873/1474/1931
f 1864/1470/1927 1863/1464/1921 1870/1477/1932 1871/1476/1933
f 1869/1465/1922 1868/1466/1924 1875/1472/1929 1876/1478/1934
f 1867/1467/1923 1866/1471/1926 1873/1479/1931 1874/1473/1928
f 1865/1469/1925 1864/1470/1927 1871/1476/1933 1872/1475/1930
f 1863/1464/1921 1817/1422/1884 1870/1477/1932
f 1820/1423/1885 1869/1465/1922 1876/1478/1934
f 1876/1478/1934 1875/1472/1929 1882/1481/1935 1883/1480/1936
f 1874/1473/1928 1873/1479/1931 1880/1483/1937 1881/1482/1938
f 1872/1475/1930 1871/1476/1933 1878/1485/1939 1879/1484/1940
f 1870/1477/1932 1817/1422/1884 1877/1486/1941
f 1820/1423/1885 1876/1478/1934 1883/1480/1936
f 1875/1472/1929 1874/1473/1928 1881/1482/1938 1882/1481/1935
f 1873/1474/1931 1872/1475/1930 1879/1484/1940 1880/1487/1937
f 1871/1476/1933 1870/1477/1932 1877/1486/1941 1878/1485/1939
f 1881/1482/1938 1880/1483/1937 1887/1489/1942 1888/1488/1943
f 1879/1484/1940 1878/1485/1939 1885/1491/1944 1886/1490/1945
f 1877/1486/1941 1817/1422/1884 1884/1492/1946
f 1820/1423/1885 1883/1480/1936 1890/1493/1947
f 1882/1481/1935 1881/1482/1938 1888/1488/1943 1889/1494/1948
f 1880/1487/1937 1879/1484/1940 1886/1490/1945 1887/1495/1942
f 1878/1485/1939 1877/1486/1941 1884/1492/1946 1885/1491/1944
f 1883/1480/1936 1882/1481/1935 1889/1494/1948 1890/1493/1947
f 1820/1423/1885 1890/1493/1947 1897/1496/1949
f 1889/1494/1948 1888/1488/1943 1895/1498/1950 1896/1497/1951
f 1887/1495/1942 1886/1490/1945 1893/1500/1952 1894/1499/1953
f 1885/1491/1944 1884/1492/1946 1891/1502/1954 1892/1501/1955
f 1890/1493/1947 1889/1494/1948 1896/1497/1951 1897/1496/1949
f 1888/1488/1943 1887/1489/1942 1894/1503/1953 1895/1498/1950
f 1886/1490/1945 1885/1491/1944 1892/1501/1955 1893/1500/1952
f 1884/1492/1946 1817/1422/1884 1891/1502/1954
f 1894/1499/1953 1893/1500/1952 1899/1413/1875 1819/1410/1874
f 1892/1501/1955 1891/1502/1954 1898/1417/1879 1818/1414/1878
f 1897/1496/1949 1896/1497/1951 1901/1406/1870 1902/1418/1882
f 1895/1498/1950 1894/1503/1953 1819/1421/1874 1900/1409/1871
f 1893/1500/1952 1892/1501/1955 1818/1414/1878 1899/1413/1875
f 1891/1502/1954 1817/1422/1884 1898/1417/1879
f 1820/1423/1885 1897/1496/1949 1902/1418/1882
f 1896/1497/1951 1895/1498/1950 1900/1409/1871 1901/1406/1870
f 1903/1504/1956 1914/1505/1957 1927/1506/1958 1913/1507/1959
f 1913/1507/1959 1927/1506/1958 1915/1508/1960 1904/1509/1961
f 1927/1506/1958 1916/1510/1962 1906/1511/1963 1915/1508/1960
f 1914/1505/1957 1905/1512/1964 1916/1510/1962 1927/1506/1958
f 1905/1512/1964 1919/1513/1965 1928/1514/1966 1916/1510/1962
f 1916/1510/1962 1928/1514/1966 1918/1515/1967 1906/1511/1963
f 1928/1514/1966 1917/1516/1968 1908/1517/1969 1918/1515/1967
f 1919/1513/1965 1907/1518/1970 1917/1516/1968 1928/1514/1966
f 1905/1512/1964 1923/1519/1971 1929/1520/1972 1919/1513/1965
f 1907/1518/1970 1919/1513/1965 1929/1520/1972 1922/1521/1973
f 1910/1522/1974 1922/1521/1973 1929/1520/1972 1923/1519/1971
f 1903/1504/1956 1924/1523/1975 1930/1524/1976 1914/1505/1957
f 1914/1505/1957 1930/1524/1976 1923/1519/1971 1905/1512/1964
f 1930/1524/1976 1920/1525/1977 1910/1522/1974 1923/1519/1971
f 1924/1523/1975 1909/1526/1978 1920/1525/1977 1930/1524/1976
f 1904/1509/1961 1926/1527/1979 1931/1528/1980 1913/1507/1959
f 1913/1507/1959 1931/1528/1980 1925/1529/1981 1903/1504/1956
f 1931/1528/1980 1921/1530/1982 1911/1531/1983 1925/1529/1981
f 1926/1527/1979 1912/1532/1984 1921/1530/1982 1931/1528/1980
f 1934/1533/1985 1933/1534/1986 1956/1535/1987 1935/1536/1988
f 1933/1534/1986 1932/1537/1989 1938/1538/1990 1956/1535/1987
f 1956/1535/1987 1938/1538/1990 1937/1539/1991 1939/1540/1992
f 1935/1536/1988 1956/1535/1987 1939/1540/1992 1936/1541/1993
f 1936/1541/1993 1939/1540/1992 1957/1542/1994 1944/1543/1995
f 1939/1540/1992 1937/1539/1991 1943/1544/1996 1957/1542/1994
f 1957/1542/1994 1943/1544/1996 1940/1545/1997 1941/1546/1998
f 1944/1543/1995 1957/1542/1994 1941/1546/1998 1942/1547/1999
f 1936/1541/1993 1944/1543/1995 1958/1548/2000 1952/1549/2001
f 1942/1547/1999 1951/1550/2002 1958/1548/2000 1944/1543/1995
f 1947/1551/2003 1952/1549/2001 1958/1548/2000 1951/1550/2002
f 1934/1533/1985 1935/1536/1988 1959/1552/2004 1953/1553/2005
f 1935/1536/1988 1936/1541/1993 1952/1549/2001 1959/1552/2004
f 1959/1552/2004 1952/1549/2001 1947/1551/2003 1946/1554/2006
f 1953/1553/2005 1959/1552/2004 1946/1554/2006 1945/1555/2007
f 1932/1537/1989 1933/1534/1986 1960/1556/2008 1955/1557/2009
f 1933/1534/1986 1934/1533/1985 1954/1558/2010 1960/1556/2008
f 1960/1556/2008 1954/1558/2010 1950/1559/2011 1949/1560/2012
f 1955/1557/2009 1960/1556/2008 1949/1560/2012 1948/1561/2013
f 1925/1562/1981 1911/1563/1983 1950/1559/2011 1954/1558/2010
f 1907/1564/1970 1922/1565/1973 1951/1550/2002 1942/1547/1999
f 1918/1566/1967 1908/1567/1969 1940/1545/1997 1943/1544/1996
f 1912/1568/1984 1926/1569/1979 1955/1557/2009 1948/1561/2013
f 1922/1565/1973 1910/1570/1974 1947/1551/2003 1951/1550/2002
f 1926/1569/1979 1904/1571/1961 1932/1537/1989 1955/1557/2009
f 1920/1572/1977 1909/1573/1978 1945/1555/2007 1946/1554/2006
f 1909/1573/1978 1924/1574/1975 1953/1553/2005 1945/1555/2007
f 1910/1570/1974 1920/1572/1977 1946/1554/2006 1947/1551/2003
f 1908/1567/1969 1917/1575/1968 1941/1546/1998 1940/1545/1997
f 1924/1574/1975 1903/1576/1956 1934/1533/1985 1953/1553/2005
f 1921/1577/1982 1912/1568/1984 1948/1561/2013 1949/1560/2012
f 1915/1578/1960 1906/1579/1963 1937/1539/1991 1938/1538/1990
f 1917/1575/1968 1907/1564/1970 1942/1547/1999 1941/1546/1998
f 1903/1576/1956 1925/1562/1981 1954/1558/2010 1934/1533/1985
f 1911/1563/1983 1921/1577/1982 1949/1560/2012 1950/1559/2011
f 1904/1571/1961 1915/1578/1960 1938/1538/1990 1932/1537/1989
f 1906/1579/1963 1918/1566/1967 1943/1544/1996 1937/1539/1991
f 1962/1580/2014 1961/1581/2014 1964/1582/2015 1967/1583/2016
f 1967/1583/2016 1964/1582/2015 1963/1584/2017 1965/1585/2018
f 1965/1585/2018 1963/1584/2017 1966/1586/2019 1968/1587/2019
f 1969/1504/2020 1979/1507/2021 1993/1506/2022 1980/1505/2023
f 1979/1507/2021 1970/1509/2024 1981/1508/2025 1993/1506/2022
f 1993/1506/2022 1981/1508/2025 1972/1511/2026 1982/1510/2027
f 1980/1505/2023 1993/1506/2022 1982/1510/2027 1971/1512/2028
f 1971/1512/2028 1982/1510/2027 1994/1514/2029 1985/1513/2030
f 1982/1510/2027 1972/1511/2026 1984/1515/2031 1994/1514/2029
f 1994/1514/2029 1984/1515/2031 1974/1517/2032 1983/1516/2033
f 1985/1513/2030 1994/1514/2029 1983/1516/2033 1973/1518/2034
f 1971/1512/2028 1985/1513/2030 1995/1520/2035 1989/1519/2036
f 1973/1518/2034 1988/1521/2037 1995/1520/2035 1985/1513/2030
f 1976/1522/2038 1989/1519/2036 1995/1520/2035 1988/1521/2037
f 1969/1504/2020 1980/1505/2023 1996/1524/2039 1990/1523/2040
f 1980/1505/2023 1971/1512/2028 1989/1519/2036 1996/1524/2039
f 1996/1524/2039 1989/1519/2036 1976/1522/2038 1986/1525/2041
f 1990/1523/2040 1996/1524/2039 1986/1525/2041 1975/1526/2042
f 1970/1509/2024 1979/1507/2021 1997/1528/2043 1992/1527/2044
f 1979/1507/2021 1969/1504/2020 1991/1529/2045 1997/1528/2043
f 1997/1528/2043 1991/1529/2045 1977/1531/2046 1987/1530/2047
f 1992/1527/2044 1997/1528/2043 1987/1530/2047 1978/1532/2048
f 2000/1533/2049 2001/1536/2050 2022/1535/2051 1999/1534/2052
f 1999/1534/2052 2022/1535/2051 2004/1538/2053 1998/1537/2054
f 2022/1535/2051 2005/1540/2055 2003/1539/2056 2004/1538/2053
f 2001/1536/2050 2002/1541/2057 2005/1540/2055 2022/1535/2051
f 2002/1541/2057 2010/1543/2058 2023/1542/2059 2005/1540/2055
f 2005/1540/2055 2023/1542/2059 2009/1544/2060 2003/1539/2056
f 2023/1542/2059 2007/1546/2061 2006/1545/2062 2009/1544/2060
f 2010/1543/2058 2008/1547/2063 2007/1546/2061 2023/1542/2059
f 2002/1541/2057 2018/1549/2064 2024/1548/2065 2010/1543/2058
f 2008/1547/2063 2010/1543/2058 2024/1548/2065 2017/1550/2066
f 2013/1551/2067 2017/1550/2066 2024/1548/2065 2018/1549/2064
f 2000/1533/2049 2019/1553/2068 2025/1552/2069 2001/1536/2050
f 2001/1536/2050 2025/1552/2069 2018/1549/2064 2002/1541/2057
f 2025/1552/2069 2012/1554/2070 2013/1551/2067 2018/1549/2064
f 2019/1553/2068 2011/1555/2071 2012/1554/2070 2025/1552/2069
f 1998/1537/2054 2021/1557/2072 2026/1556/2073 1999/1534/2052
f 1999/1534/2052 2026/1556/2073 2020/1558/2074 2000/1533/2049
f 2026/1556/2073 2015/1560/2075 2016/1559/2076 2020/1558/2074
f 2021/1557/2072 2014/1561/2077 2015/1560/2075 2026/1556/2073
f 1991/1562/2045 2020/1558/2074 2016/1559/2076 1977/1563/2046
f 1973/1564/2034 2008/1547/2063 2017/1550/2066 1988/1565/2037
f 1984/1566/2031 2009/1544/2060 2006/1545/2062 1974/1567/2032
f 1978/1568/2048 2014/1561/2077 2021/1557/2072 1992/1569/2044
f 1988/1565/2037 2017/1550/2066 2013/1551/2067 1976/1570/2038
f 1992/1569/2044 2021/1557/2072 1998/1537/2054 1970/1571/2024
f 1986/1572/2041 2012/1554/2070 2011/1555/2071 1975/1573/2042
f 1975/1573/2042 2011/1555/2071 2019/1553/2068 1990/1574/2040
f 1976/1570/2038 2013/1551/2067 2012/1554/2070 1986/1572/2041
f 1974/1567/2032 2006/1545/2062 2007/1546/2061 1983/1575/2033
f 1990/1574/2040 2019/1553/2068 2000/1533/2049 1969/1576/2020
f 1987/1577/2047 2015/1560/2075 2014/1561/2077 1978/1568/2048
f 1981/1578/2025 2004/1538/2053 2003/1539/2056 1972/1579/2026
f 1983/1575/2033 2007/1546/2061 2008/1547/2063 1973/1564/2034
f 1969/1576/2020 2000/1533/2049 2020/1558/2074 1991/1562/2045
f 1977/1563/2046 2016/1559/2076 2015/1560/2075 1987/1577/2047
f 1970/1571/2024 1998/1537/2054 2004/1538/2053 1981/1578/2025
f 1972/1579/2026 2003/1539/2056 2009/1544/2060 1984/1566/2031
f 2028/1580/2078 2033/1583/2079 2030/1582/2080 2027/1581/2078
f 2033/1583/2079 2031/1585/2081 2029/1584/2082 2030/1582/2080
f 2031/1585/2081 2034/1587/2083 2032/1586/2083 2029/1584/2082
f 2037/1/2084 2052/4/2085 2079/3/2086 2053/2/2087
f 2053/2/2087 2079/3/2086 2054/6/2088 2038/5/2089
f 2079/3/2086 2055/8/2090 2035/7/2091 2054/6/2088
f 2052/4/2085 2036/9/2092 2055/8/2090 2079/3/2086
f 2035/7/2091 2058/11/2093 2080/10/2094 2054/6/2088
f 2054/6/2088 2080/10/2094 2057/12/2095 2038/5/2089
f 2080/10/2094 2056/14/2096 2040/13/2097 2057/12/2095
f 2058/11/2093 2039/15/2098 2056/14/2096 2080/10/2094
f 2047/16/2099 2069/19/2100 2081/18/2101 2070/17/2102
f 2098/20/2103 2101/22/2104 2075/21/2105 2040/13/2097
f 2101/22/2104 2100/24/2106 2050/23/2107 2075/21/2105
f 2069/19/2100 2049/26/2108 2076/25/2109 2081/18/2101
f 2036/9/2092 2068/28/2110 2082/27/2111 2055/8/2090
f 2055/8/2090 2082/27/2111 2067/29/2112 2035/7/2091
f 2082/27/2111 2063/31/2113 2044/30/2114 2067/29/2112
f 2068/28/2110 2045/32/2115 2063/31/2113 2082/27/2111
f 2035/7/2091 2067/29/2112 2083/33/2116 2058/11/2093
f 2058/11/2093 2083/33/2116 2066/34/2117 2039/15/2098
f 2083/33/2116 2064/36/2118 2046/35/2119 2066/34/2117
f 2067/29/2112 2044/30/2114 2064/36/2118 2083/33/2116
f 2042/37/2120 2060/40/2121 2084/39/2122 2071/38/2123
f 2093/41/2124 2071/38/2123 2084/39/2122 2094/42/2125
f 2090/43/2126 2094/42/2125 2084/39/2122 2060/40/2121
f 2092/44/2127 2065/47/2128 2085/46/2129 2095/45/2130
f 2091/48/2131 2095/45/2130 2085/46/2129 2061/49/2132
f 2042/37/2120 2061/49/2132 2085/46/2129 2065/47/2128
f 2042/37/2120 2071/38/2123 2086/50/2133 2061/49/2132
f 2091/48/2131 2061/49/2132 2086/50/2133 2096/51/2134
f 2093/41/2124 2096/51/2134 2086/50/2133 2071/38/2123
f 2099/52/2135 2072/55/2136 2087/54/2137 2102/53/2138
f 2098/20/2103 2102/53/2138 2087/54/2137 2070/17/2102
f 2047/16/2099 2070/17/2102 2087/54/2137 2072/55/2136
f 2049/26/2108 2074/57/2139 2088/56/2140 2076/25/2109
f 2100/24/2106 2103/59/2141 2059/58/2142 2050/23/2107
f 2103/59/2141 2097/61/2143 2041/60/2144 2059/58/2142
f 2074/57/2139 2043/63/2145 2062/62/2146 2088/56/2140
f 2038/5/2089 2078/65/2147 2089/64/2148 2053/2/2087
f 2037/1/2084 2053/2/2087 2089/64/2148 2077/66/2149
f 2051/67/2150 2077/66/2149 2089/64/2148 2078/65/2147
f 2040/13/2097 2056/14/2096 2096/51/2134 2093/41/2124
f 2039/15/2098 2091/48/2131 2096/51/2134 2056/14/2096
f 2039/15/2098 2066/34/2117 2095/45/2130 2091/48/2131
f 2046/35/2119 2092/44/2127 2095/45/2130 2066/34/2117
f 2048/68/2151 2073/69/2152 2094/42/2125 2090/43/2126
f 2040/13/2097 2093/41/2124 2094/42/2125 2073/69/2152
f 2088/56/2140 2062/62/2146 2097/61/2143 2103/59/2141
f 2076/25/2109 2088/56/2140 2103/59/2141 2100/24/2106
f 2040/13/2097 2073/69/2152 2102/53/2138 2098/20/2103
f 2048/68/2151 2099/52/2135 2102/53/2138 2073/69/2152
f 2081/18/2101 2076/25/2109 2100/24/2106 2101/22/2104
f 2070/17/2102 2081/18/2101 2101/22/2104 2098/20/2103
f 2105/70/2153 2214/73/2154 2367/72/2155 2192/71/2156
f 2192/71/2156 2367/72/2155 2213/75/2157 2109/74/2158
f 2367/76/2155 2211/79/2159 2117/78/2160 2213/77/2157
f 2214/80/2154 2115/81/2161 2211/79/2159 2367/76/2155
f 2599/82/2162 2604/85/2163 2368/84/2164 2296/83/2165
f 2296/83/2165 2368/84/2164 2195/87/2166 2156/86/2167
f 2368/84/2164 2196/89/2168 2107/88/2169 2195/87/2166
f 2604/85/2163 2593/90/2170 2196/89/2168 2368/84/2164
f 70/91/2171 193/94/2172 2369/93/2173 2358/92/2174
f 2358/92/2174 2369/93/2173 2362/96/2175 2186/95/2176
f 2369/93/2173 2356/98/2177 2184/97/2178 2362/96/2175
f 193/94/2172 78/99/2179 2356/98/2177 2369/93/2173
f 134/100/2180 177/103/2181 2370/102/2182 2295/101/2183
f 2295/101/2183 2370/102/2182 2363/105/2184 2185/104/2185
f 2370/102/2182 2358/92/2174 2186/95/2176 2363/105/2184
f 177/103/2181 70/91/2171 2358/92/2174 2370/102/2182
f 2156/86/2167 2195/87/2166 2371/107/2186 2294/106/2187
f 2294/106/2187 2371/107/2186 2291/109/2188 2154/108/2189
f 2371/107/2186 2198/111/2190 2104/110/2191 2291/109/2188
f 2195/87/2166 2107/88/2169 2198/111/2190 2371/107/2186
f 2594/112/684 2605/115/2192 2372/114/686 2199/113/687
f 2199/113/687 2372/114/686 2201/117/688 2111/116/689
f 2372/114/686 2361/119/2193 79/118/2194 2201/117/688
f 2605/115/2192 2602/120/2195 2361/119/2193 2372/114/686
f 79/121/2194 2373/123/2196 2201/122/688
f 2201/122/688 2373/123/2196 2202/125/2197 2111/124/689
f 2373/123/2196 2205/127/2198 2113/126/2199 2202/125/2197
f 200/128/697 84/129/2200 2205/127/2198 2373/123/2196
f 2122/130/2201 2238/133/2202 2374/132/2203 2225/131/2204
f 2475/134/2205 2489/137/2206 2237/136/2207 2124/135/2208
f 2489/138/2206 2478/141/2209 2129/140/2210 2237/139/2207
f 2238/142/2202 2128/145/2211 2234/144/2212 2374/143/2203
f 2112/146/2213 2218/149/2214 2375/148/2215 2204/147/2216
f 2204/147/2216 2375/148/2215 198/151/715 82/150/2217
f 2375/148/2215 2215/153/2218 90/152/718 198/151/715
f 2218/149/2214 2118/154/2219 2215/153/2218 2375/148/2215
f 2107/155/2169 2208/158/2220 2376/157/2221 2198/156/2190
f 2198/156/2190 2376/157/2221 2207/160/2222 2104/159/2191
f 2376/157/2221 2204/147/2216 82/150/2217 2207/160/2222
f 2208/158/2220 2112/146/2213 2204/147/2216 2376/157/2221
f 2472/161/2223 2490/164/2224 2377/163/2225 2203/162/2226
f 2203/162/2226 2377/163/2225 2208/158/2220 2107/155/2169
f 2377/163/2225 2206/165/2227 2112/146/2213 2208/158/2220
f 2490/164/2224 2473/166/2228 2206/165/2227 2377/163/2225
f 2115/81/2161 2302/168/2229 2378/167/2230 2211/79/2159
f 2211/79/2159 2378/167/2230 2301/169/2231 2117/78/2160
f 2378/167/2230 2299/171/2232 2160/170/2233 2301/169/2231
f 2302/168/2229 2158/172/2234 2299/171/2232 2378/167/2230
f 2109/74/2158 2213/75/2157 2379/174/2235 2193/173/2236
f 2592/175/2237 2606/178/2238 2364/177/2239 2108/176/2240
f 2606/178/2238 2603/180/2241 2187/179/2242 2364/177/2239
f 2213/77/2157 2117/78/2160 2365/182/2243 2379/181/2235
f 2118/183/2219 2217/186/2244 2380/185/2245 2215/184/2218
f 2215/184/2218 2380/185/2245 211/188/746 90/187/718
f 2491/189/2246 2216/192/748 92/191/749 487/190/750
f 2474/193/2247 2119/194/2248 2216/192/748 2491/189/2246
f 2452/195/753 2534/197/754 2256/196/2249
f 200/128/697 2373/123/2196 79/121/2194
f 2403/198/2250 2512/201/2251 2510/200/2252 2219/199/759
f 2492/202/2253 2517/205/2254 2511/204/2255 2381/203/2256
f 2182/206/764 2545/209/765 2546/208/766 2354/207/767
f 2354/207/767 2546/208/766 2543/211/768 2520/210/769
f 2382/212/2257 2222/215/771 2521/214/772 2522/213/773
f 2351/216/774 2120/217/775 2222/215/771 2382/212/2257
f 2120/217/775 2253/219/776 2383/218/777 2222/215/771
f 2222/215/771 2383/218/777 2521/214/772
f 2383/218/777 2135/221/778 2252/220/779
f 2253/219/776 2134/223/780 2251/222/781 2383/218/777
f 2181/224/782 2544/227/783 2548/226/784 2353/225/785
f 2353/225/785 2548/226/784 563/229/786 168/228/787
f 2384/230/788 2221/233/789 96/232/790 222/231/791
f 2223/234/792 2121/235/793 2221/233/789 2384/230/788
f 169/236/794 567/239/795 2549/238/2258 2352/237/797
f 2352/237/797 2549/238/2258 2550/241/798 2526/240/799
f 2385/242/800 2220/245/801 2539/244/802 2540/243/803
f 361/246/804 94/247/805 2220/245/801 2385/242/800
f 2597/248/2259 2607/251/2260 2386/250/2261 2226/249/2262
f 2226/249/2262 2386/250/2261 2228/253/2263 2123/252/2264
f 2493/254/2265 2227/257/813 2125/256/2266 2476/255/2267
f 2617/258/2268 2598/259/2269 2227/257/813 2493/254/2265
f 2111/116/689 2231/261/2270 2387/260/819 2199/113/687
f 2594/112/684 2608/264/2271 2230/263/2272 2110/262/2273
f 2608/264/2271 2598/259/2269 2124/135/2208 2230/263/2272
f 2231/261/2270 2125/256/2266 2227/257/813 2387/260/819
f 2593/90/2170 2609/266/2274 2388/265/2275 2196/89/2168
f 2196/89/2168 2388/265/2275 2232/267/2276 2107/88/2169
f 2388/265/2275 2226/249/2262 2123/252/2264 2232/267/2276
f 2609/266/2274 2597/248/2259 2226/249/2262 2388/265/2275
f 2107/88/2169 2232/267/2276 2389/269/2277 2203/268/2226
f 2472/270/2223 2494/271/2278 2231/261/2270 2111/116/689
f 2494/271/2278 2476/255/2267 2125/256/2266 2231/261/2270
f 2232/267/2276 2123/252/2264 2228/253/2263 2389/269/2277
f 2151/272/2279 2284/275/829 2390/274/830 2290/273/2280
f 2290/273/2280 2390/274/830 2245/277/832 2150/276/2281
f 2390/274/830 2244/279/834 2131/278/835 2245/277/832
f 2284/275/829 2133/280/836 2244/279/834 2390/274/830
f 2471/281/2282 2495/284/2283 2391/283/2284 2188/282/2285
f 2188/282/2285 2391/283/2284 2239/286/2286 2106/285/2287
f 2391/287/2284 2233/290/2288 2126/289/2289 2239/288/2286
f 2495/291/2283 2477/294/2290 2233/293/2288 2391/292/2284
f 2124/135/2208 2237/136/2207 2392/295/2291 2230/263/2272
f 2230/263/2272 2392/295/2291 2240/296/2292 2110/262/2273
f 2392/297/2291 2236/300/2293 2127/299/2294 2240/298/2292
f 2237/139/2207 2129/140/2210 2236/300/2293 2392/297/2291
f 2106/285/2287 2239/286/2286 2393/302/2295 2229/301/2296
f 2229/301/2296 2393/302/2295 2238/133/2202 2122/130/2201
f 2393/303/2295 2235/304/2297 2128/145/2211 2238/142/2202
f 2239/288/2286 2126/289/2289 2235/304/2297 2393/303/2295
f 2133/280/836 2264/306/853 2394/305/854 2244/279/834
f 2244/279/834 2394/305/854 2263/307/855 2131/278/835
f 2394/305/854 2262/309/856 2139/308/857 2263/307/855
f 2264/306/853 2141/310/858 2262/309/856 2394/305/854
f 2152/311/859 2285/314/860 2395/313/861 2289/312/2298
f 2488/315/2299 2496/316/864 2284/275/829 2151/272/2279
f 2496/316/864 2480/317/865 2133/280/836 2284/275/829
f 2285/314/860 2132/319/866 2242/318/867 2395/313/861
f 2153/320/2300 2286/323/869 2396/322/870 2288/321/871
f 2288/321/871 2396/322/870 2285/314/860 2152/311/859
f 2396/322/870 2243/324/872 2132/319/866 2285/314/860
f 2286/323/869 2130/325/873 2243/324/872 2396/322/870
f 2487/326/2301 2497/329/875 2397/328/876 2287/327/2302
f 2287/330/2302 2397/331/876 2286/323/869 2153/320/2300
f 2397/331/876 2241/332/878 2130/325/873 2286/323/869
f 2497/329/875 2479/334/879 2241/333/878 2397/328/876
f 110/335/880 250/338/881 2398/337/882 2249/336/883
f 2249/336/883 2398/337/882 2251/222/781 2134/223/780
f 2398/337/882 2250/339/884 2135/221/778 2251/222/781
f 250/338/881 112/340/885 2250/339/884 2398/337/882
f 94/247/805 253/342/886 2399/341/887 2220/245/801
f 2220/245/801 2399/341/887 2538/343/888 2539/244/802
f 2399/341/887 2541/345/889 2542/344/890 2538/343/888
f 253/342/886 558/346/891 2541/345/889 2399/341/887
f 2121/235/793 2252/220/779 2400/347/892 2221/233/789
f 2221/233/789 2400/347/892 219/348/893 96/232/790
f 2400/347/892 2250/339/884 112/340/885 219/348/893
f 2252/220/779 2135/221/778 2250/339/884 2400/347/892
f 84/129/2200 215/350/894 2401/349/2303 2205/127/2198
f 2205/127/2198 2531/352/2304 2530/351/2305 2113/126/2199
f 215/353/894 114/355/898 2256/196/2249 2401/354/2303
f 2119/194/2248 2254/357/899 2402/356/900 2216/192/748
f 2216/192/748 2402/356/900 257/358/901 92/191/749
f 2402/356/900 2257/360/902 117/359/903 257/358/901
f 2254/357/899 2136/361/904 2257/360/902 2402/356/900
f 2218/362/2214 2536/364/2306 2469/363/2307
f 2466/365/2308 2515/368/2309 2514/367/2310 2465/366/910
f 2403/198/2250 2462/370/911 2463/369/912 2465/366/910
f 2468/371/913 2462/370/911 2403/198/2250
f 2141/310/858 2272/373/914 2404/372/915 2262/309/856
f 2262/309/856 2404/372/915 2271/374/916 2139/308/857
f 2404/372/915 2270/376/917 2143/375/918 2271/374/916
f 2272/373/914 2145/377/919 2270/376/917 2404/372/915
f 2132/319/866 2265/379/920 2405/378/921 2242/318/867
f 2480/317/865 2498/380/922 2264/306/853 2133/280/836
f 2498/380/922 2482/381/923 2141/310/858 2264/306/853
f 2265/379/920 2140/383/924 2260/382/925 2405/378/921
f 2130/325/873 2266/385/926 2406/384/927 2243/324/872
f 2243/324/872 2406/384/927 2265/379/920 2132/319/866
f 2406/384/927 2261/386/928 2140/383/924 2265/379/920
f 2266/385/926 2138/387/929 2261/386/928 2406/384/927
f 2479/334/879 2499/389/930 2407/388/931 2241/333/878
f 2241/332/878 2407/390/931 2266/385/926 2130/325/873
f 2407/390/931 2259/391/932 2138/387/929 2266/385/926
f 2499/389/930 2481/393/933 2259/392/932 2407/388/931
f 2483/394/934 2500/397/935 2408/396/936 2267/395/937
f 2267/395/937 2408/396/936 2269/399/938 2142/398/939
f 2408/396/936 2268/401/940 2144/400/941 2269/399/938
f 2500/397/935 2484/402/942 2268/401/940 2408/396/936
f 2140/383/924 2273/404/943 2409/403/944 2260/382/925
f 2482/381/923 2501/405/945 2272/373/914 2141/310/858
f 2501/405/945 2484/406/942 2145/377/919 2272/373/914
f 2273/404/943 2144/408/941 2268/407/940 2409/403/944
f 2138/387/929 2274/410/946 2410/409/947 2261/386/928
f 2261/386/928 2410/409/947 2273/404/943 2140/383/924
f 2410/409/947 2269/411/938 2144/408/941 2273/404/943
f 2274/410/946 2142/412/939 2269/411/938 2410/409/947
f 2481/393/933 2502/414/948 2411/413/949 2259/392/932
f 2259/391/932 2411/415/949 2274/410/946 2138/387/929
f 2411/415/949 2267/416/937 2142/412/939 2274/410/946
f 2502/414/948 2483/418/934 2267/417/937 2411/413/949
f 2477/294/2290 2503/420/2311 2412/419/2312 2233/293/2288
f 2233/290/2288 2412/422/2312 2248/421/2313 2126/289/2289
f 2412/422/2312 2279/424/2314 2149/423/2315 2248/421/2313
f 2503/420/2311 2485/426/2316 2279/425/2314 2412/419/2312
f 2126/289/2289 2248/421/2313 2413/427/2317 2235/304/2297
f 2235/304/2297 2413/427/2317 2247/428/2318 2128/145/2211
f 2413/427/2317 2280/430/2319 2148/429/2320 2247/428/2318
f 2248/421/2313 2149/423/2315 2280/430/2319 2413/427/2317
f 2128/145/2211 2247/428/2318 2414/431/2321 2234/144/2212
f 2478/141/2209 2504/433/2322 2246/432/2323 2129/140/2210
f 2504/433/2322 2486/435/2324 2147/434/2325 2246/432/2323
f 2247/428/2318 2148/429/2320 2281/436/2326 2414/431/2321
f 2129/140/2210 2246/432/2323 2415/437/2327 2236/300/2293
f 2236/300/2293 2415/437/2327 2275/438/2328 2127/299/2294
f 2415/437/2327 2282/440/2329 2146/439/2330 2275/438/2328
f 2246/432/2323 2147/434/2325 2282/440/2329 2415/437/2327
f 2485/426/2316 2505/442/2331 2416/441/2332 2279/425/2314
f 2279/424/2314 2416/444/2332 2278/443/2333 2149/423/2315
f 2416/444/2332 2287/330/2302 2153/320/2300 2278/443/2333
f 2505/442/2331 2487/326/2301 2287/327/2302 2416/441/2332
f 2149/423/2315 2278/443/2333 2417/445/2334 2280/430/2319
f 2280/430/2319 2417/445/2334 2277/446/2335 2148/429/2320
f 2417/445/2334 2288/321/871 2152/311/859 2277/446/2335
f 2278/443/2333 2153/320/2300 2288/321/871 2417/445/2334
f 2148/429/2320 2277/446/2335 2418/447/2336 2281/436/2326
f 2486/435/2324 2506/449/2337 2276/448/2338 2147/434/2325
f 2506/449/2337 2488/315/2299 2151/272/2279 2276/448/2338
f 2277/446/2335 2152/311/859 2289/312/2298 2418/447/2336
f 2147/434/2325 2276/448/2338 2419/450/2339 2282/440/2329
f 2282/440/2329 2419/450/2339 2283/451/2340 2146/439/2330
f 2419/450/2339 2290/273/2280 2150/276/2281 2283/451/2340
f 2276/448/2338 2151/272/2279 2290/273/2280 2419/450/2339
f 2109/74/2158 2293/453/2341 2420/452/2342 2192/71/2156
f 2192/71/2156 2420/452/2342 2189/454/2343 2105/70/2153
f 2420/452/2342 2294/106/2187 2154/108/2189 2189/454/2343
f 2293/453/2341 2156/86/2167 2294/106/2187 2420/452/2342
f 72/455/2344 293/458/2345 2421/457/2346 2191/456/2347
f 2191/456/2347 2421/457/2346 2359/460/2348 2183/459/2349
f 2421/457/2346 2295/101/2183 2185/104/2185 2359/460/2348
f 293/458/2345 134/100/2180 2295/101/2183 2421/457/2346
f 2592/175/2237 2610/462/2350 2422/461/2351 2193/173/2236
f 2193/173/2236 2422/461/2351 2293/453/2341 2109/74/2158
f 2422/461/2351 2296/83/2165 2156/86/2167 2293/453/2341
f 2610/462/2350 2599/82/2162 2296/83/2165 2422/461/2351
f 2600/463/2352 2611/466/2353 2423/465/2354 2297/464/2355
f 2297/464/2355 2423/465/2354 2299/171/2232 2158/172/2234
f 2423/465/2354 2300/467/2356 2160/170/2233 2299/171/2232
f 2611/466/2353 2601/468/996 2300/467/2356 2423/465/2354
f 2595/469/2357 2612/472/2358 2424/471/2359 2209/470/2360
f 2209/470/2360 2424/471/2359 2302/168/2229 2115/81/2161
f 2424/471/2359 2297/464/2355 2158/172/2234 2302/168/2229
f 2612/472/2358 2600/463/2352 2297/464/2355 2424/471/2359
f 2117/78/2160 2301/169/2231 2425/474/2361 2212/473/2362
f 2596/475/2363 2613/478/2364 2304/477/2365 2116/476/2366
f 2613/478/2364 2601/468/996 2159/479/1007 2304/477/2365
f 2301/169/2231 2160/170/2233 2300/467/2356 2425/474/2361
f 2114/480/2367 2310/483/2368 2426/482/2369 2303/481/2370
f 2303/481/2370 2426/482/2369 2309/485/2371 2157/484/2372
f 2426/482/2369 2307/487/2373 2163/486/1015 2309/485/2371
f 2310/483/2368 2161/488/2374 2307/487/2373 2426/482/2369
f 2163/486/1015 2323/491/1017 2427/490/2375 2306/489/2376
f 2306/489/2376 2427/490/2375 2322/493/2377 2164/492/2378
f 2427/490/2375 2319/495/1022 2168/494/1023 2322/493/2377
f 2323/491/1017 2167/496/1024 2319/495/1022 2427/490/2375
f 2116/476/2366 2311/499/2379 2428/498/2380 2210/497/2381
f 2210/500/2381 2428/501/2380 2310/483/2368 2114/480/2367
f 2428/501/2380 2305/502/2382 2161/488/2374 2310/483/2368
f 2311/499/2379 2162/504/2383 2305/503/2382 2428/498/2380
f 2159/479/1007 2312/506/2384 2429/505/2385 2304/477/2365
f 2304/477/2365 2429/505/2385 2311/499/2379 2116/476/2366
f 2429/505/2385 2308/507/2386 2162/504/2383 2311/499/2379
f 2312/506/2384 2164/492/2378 2308/507/2386 2429/505/2385
f 2157/484/2372 2309/485/2371 2430/509/1033 2298/508/2387
f 2298/508/2387 2430/509/1033 2312/506/2384 2159/479/1007
f 2430/509/1033 2306/489/2376 2164/492/2378 2312/506/2384
f 2309/485/2371 2163/486/1015 2306/489/2376 2430/509/1033
f 72/455/2344 2191/456/2347 2431/511/2388 368/510/2389
f 173/512/2390 368/510/2389 2431/511/2388 2360/513/2391
f 2183/459/2349 2360/513/2391 2431/511/2388 2191/456/2347
f 147/514/2392 319/517/2393 444/516/2394 2314/515/2395
f 2314/518/2395 444/519/2394 2209/470/2360 2115/81/2161
f 2614/520/2396 2313/521/2397 2114/480/2367 2595/469/2357
f 627/522/2398 146/525/2399 2313/524/2397 2614/523/2396
f 2105/70/2153 2315/527/2400 2432/526/2401 2214/73/2154
f 2214/80/2154 2432/528/2401 2314/518/2395 2115/81/2161
f 2432/526/2401 321/529/2402 147/514/2392 2314/515/2395
f 2315/527/2400 148/530/2403 321/529/2402 2432/526/2401
f 149/531/2404 323/534/2405 2433/533/2406 2316/532/2407
f 2316/532/2407 2433/533/2406 2189/454/2343 2154/108/2189
f 2433/533/2406 2315/527/2400 2105/70/2153 2189/454/2343
f 323/534/2405 148/530/2403 2315/527/2400 2433/533/2406
f 150/535/2408 325/538/2409 2434/537/2410 2317/536/2411
f 2317/536/2411 2434/537/2410 2291/109/2188 2104/110/2191
f 2434/537/2410 2316/532/2407 2154/108/2189 2291/109/2188
f 325/538/2409 149/531/2404 2316/532/2407 2434/537/2410
f 82/150/2217 326/540/2412 2435/539/2413 2207/160/2222
f 2104/159/2191 2207/160/2222 2435/539/2413 2317/541/2411
f 150/542/2408 2317/541/2411 2435/539/2413 326/540/2412
f 2165/543/2414 2331/546/1062 2436/545/1063 2320/544/2415
f 2320/544/2415 2436/545/1063 2330/547/1065 2167/496/1024
f 2436/545/1063 2328/549/1066 2171/548/1067 2330/547/1065
f 2331/546/1062 2169/550/1068 2328/549/1066 2436/545/1063
f 2161/488/2374 2324/552/2416 2437/551/1070 2307/487/2373
f 2307/487/2373 2437/551/1070 2323/491/1017 2163/486/1015
f 2437/551/1070 2320/544/2415 2167/496/1024 2323/491/1017
f 2324/552/2416 2165/543/2414 2320/544/2415 2437/551/1070
f 2162/504/2383 2325/554/2417 2438/553/2418 2305/503/2382
f 2305/502/2382 2438/555/2418 2324/552/2416 2161/488/2374
f 2438/555/2418 2318/556/2419 2165/543/2414 2324/552/2416
f 2325/554/2417 2166/558/1074 2318/557/2419 2438/553/2418
f 2164/492/2378 2322/493/2377 2439/559/2420 2308/507/2386
f 2308/507/2386 2439/559/2420 2325/554/2417 2162/504/2383
f 2439/559/2420 2321/560/2421 2166/558/1074 2325/554/2417
f 2322/493/2377 2168/494/1023 2321/560/2421 2439/559/2420
f 2172/561/1077 2339/564/1078 2440/563/1079 2329/562/1080
f 2329/562/1080 2440/563/1079 2338/566/1081 2170/565/1082
f 2440/563/1079 2337/568/1083 2174/567/1084 2338/566/1081
f 2339/564/1078 2176/569/1085 2337/568/1083 2440/563/1079
f 2166/558/1074 2332/571/1086 2441/570/2422 2318/557/2419
f 2318/556/2419 2441/572/2422 2331/546/1062 2165/543/2414
f 2441/572/2422 2326/573/1088 2169/550/1068 2331/546/1062
f 2332/571/1086 2170/565/1082 2326/574/1088 2441/570/2422
f 2168/494/1023 2333/576/1089 2442/575/1090 2321/560/2421
f 2321/560/2421 2442/575/1090 2332/571/1086 2166/558/1074
f 2442/575/1090 2329/562/1080 2170/565/1082 2332/571/1086
f 2333/576/1089 2172/561/1077 2329/562/1080 2442/575/1090
f 2167/496/1024 2330/547/1065 2443/577/1091 2319/495/1022
f 2319/495/1022 2443/577/1091 2333/576/1089 2168/494/1023
f 2443/577/1091 2327/578/1092 2172/561/1077 2333/576/1089
f 2330/547/1065 2171/548/1067 2327/578/1092 2443/577/1091
f 2175/579/1093 2347/582/1094 2444/581/1095 2335/580/1096
f 2335/580/1096 2444/581/1095 2346/583/1097 2176/569/1085
f 2444/581/1095 2343/585/1098 2180/584/1099 2346/583/1097
f 2347/582/1094 2179/586/1100 2343/585/1098 2444/581/1095
f 2171/548/1067 2340/588/1101 2445/587/1102 2327/578/1092
f 2327/578/1092 2445/587/1102 2339/564/1078 2172/561/1077
f 2445/587/1102 2335/580/1096 2176/569/1085 2339/564/1078
f 2340/588/1101 2175/579/1093 2335/580/1096 2445/587/1102
f 2169/550/1068 2341/590/1103 2446/589/1104 2328/549/1066
f 2328/549/1066 2446/589/1104 2340/588/1101 2171/548/1067
f 2446/589/1104 2336/591/1105 2175/579/1093 2340/588/1101
f 2341/590/1103 2173/592/1106 2336/591/1105 2446/589/1104
f 2170/565/1082 2338/566/1081 2447/593/1107 2326/574/1088
f 2326/573/1088 2447/594/1107 2341/590/1103 2169/550/1068
f 2447/594/1107 2334/595/1108 2173/592/1106 2341/590/1103
f 2338/566/1081 2174/567/1084 2334/596/1108 2447/593/1107
f 2178/597/1109 2345/600/1110 2448/599/1111 2342/598/1112
f 2342/598/1112 2448/599/1111 2344/602/1113 2177/601/1114
f 2448/599/1111 2343/604/1098 2179/603/1100 2344/602/1113
f 2345/600/1110 2180/605/1099 2343/604/1098 2448/599/1111
f 2173/592/1106 2348/607/1115 2449/606/1116 2336/591/1105
f 2336/591/1105 2449/606/1116 2347/582/1094 2175/579/1093
f 2449/606/1116 2344/608/1113 2179/586/1100 2347/582/1094
f 2348/607/1115 2177/609/1114 2344/608/1113 2449/606/1116
f 2174/567/1084 2349/611/1117 2450/610/1118 2334/596/1108
f 2334/595/1108 2450/612/1118 2348/607/1115 2173/592/1106
f 2450/612/1118 2342/613/1112 2177/609/1114 2348/607/1115
f 2349/611/1117 2178/615/1109 2342/614/1112 2450/610/1118
f 2176/569/1085 2346/583/1097 2451/616/1119 2337/568/1083
f 2337/568/1083 2451/616/1119 2349/611/1117 2174/567/1084
f 2451/616/1119 2345/617/1110 2178/615/1109 2349/611/1117
f 2346/583/1097 2180/584/1099 2345/617/1110 2451/616/1119
f 114/355/898 254/618/1120 2452/195/753 2256/196/2249
f 2256/196/2249 2534/197/754 2535/619/2423 2401/354/2303
f 2452/195/753 2352/237/797 2526/240/799 2529/620/1122
f 254/618/1120 169/236/794 2352/237/797 2452/195/753
f 2136/361/904 2350/622/1123 2453/621/1124 2257/360/902
f 2257/360/902 2453/621/1124 360/623/1125 117/359/903
f 2453/621/1124 2353/225/785 168/228/787 360/623/1125
f 2350/622/1123 2181/224/782 2353/225/785 2453/621/1124
f 2137/624/1126 2255/627/1127 2454/626/1128 2258/625/1129
f 2258/625/1129 2454/626/1128 2519/629/1130 2461/628/1131
f 2454/626/1128 2354/207/767 2520/210/769 2519/629/1130
f 2255/627/1127 2182/206/764 2354/207/767 2454/626/1128
f 2185/104/2185 2357/631/2424 2455/630/2425 2359/460/2348
f 2359/460/2348 2455/630/2425 2355/632/2426 2183/459/2349
f 2455/630/2425 2194/633/2427 2108/176/2240 2355/632/2426
f 2357/631/2424 2155/634/2428 2194/633/2427 2455/630/2425
f 2183/459/2349 2355/632/2426 2456/635/2429 2360/513/2391
f 173/512/2390 2360/513/2391 2456/635/2429 316/636/2430
f 146/525/2399 316/636/2430 2456/635/2429 2366/637/2431
f 2187/179/2242 2366/637/2431 2456/635/2429 2364/177/2239
f 2108/176/2240 2364/177/2239 2456/635/2429 2355/632/2426
f 2602/120/2195 2615/639/2432 2457/638/1141 2361/119/2193
f 79/118/2194 2361/119/2193 2457/638/1141 189/640/1142
f 618/641/2433 189/640/1142 2457/638/1141 2615/639/2432
f 2184/97/2178 2200/642/2434 2188/282/2285 2362/96/2175
f 2362/96/2175 2188/282/2285 2197/643/2435 2186/95/2176
f 2188/282/2285 2106/285/2287 2197/643/2435
f 2200/642/2434 2110/262/2273 2471/281/2282 2188/282/2285
f 2186/95/2176 2197/643/2435 2458/644/2436 2363/105/2184
f 2363/105/2184 2458/644/2436 2357/631/2424 2185/104/2185
f 2458/644/2436 2292/645/2437 2155/634/2428 2357/631/2424
f 2197/643/2435 2106/285/2287 2292/645/2437 2458/644/2436
f 2117/78/2160 2212/473/2362 2459/646/2438 2365/182/2243
f 2603/180/2241 2365/649/2243 2459/648/2438 2616/647/2439
f 2596/475/2363 2616/650/2439 2459/646/2438 2212/473/2362
f 2187/179/2242 2190/652/2440 2460/651/2441 2366/637/2431
f 2366/637/2431 2460/651/2441 2313/524/2397 146/525/2399
f 2460/653/2441 2210/500/2381 2114/480/2367 2313/521/2397
f 2190/654/2440 2116/476/2366 2210/497/2381 2460/655/2441
f 2470/656/2442 2224/657/2443 2137/624/1126 2468/371/913
f 2462/370/911 2258/625/1129 2461/628/1131 2463/369/912
f 2461/628/1131 2136/361/904 2254/357/899 2463/369/912
f 2465/366/910 2254/357/899 2119/194/2248 2466/365/2308
f 2507/658/2444 2474/193/2247 2217/186/2244 2464/659/2445
f 2463/369/912 2254/357/899 2465/366/910
f 2464/659/2445 2217/186/2244 2118/183/2219 2467/660/2446
f 2118/183/2219 2218/362/2214 2467/660/2446
f 2508/661/2447 2492/202/2253 2381/203/2256 2469/363/2307
f 2469/363/2307 2381/203/2256 2218/362/2214
f 2468/371/913 2403/198/2250 2219/199/759 2470/656/2442
f 2470/656/2442 2219/199/759 2492/202/2253 2508/661/2447
f 2466/365/2308 2119/194/2248 2474/193/2247 2507/658/2444
f 2418/447/2336 2289/312/2298 2488/315/2299 2506/449/2337
f 2281/436/2326 2418/447/2336 2506/449/2337 2486/435/2324
f 2283/451/2340 2150/276/2281 2487/326/2301 2505/442/2331
f 2146/439/2330 2283/451/2340 2505/442/2331 2485/426/2316
f 2414/431/2321 2281/436/2326 2486/435/2324 2504/433/2322
f 2234/144/2212 2414/431/2321 2504/433/2322 2478/141/2209
f 2275/438/2328 2146/439/2330 2485/426/2316 2503/420/2311
f 2127/299/2294 2275/438/2328 2503/420/2311 2477/294/2290
f 2271/374/916 2143/375/918 2483/418/934 2502/414/948
f 2139/308/857 2271/374/916 2502/414/948 2481/393/933
f 2409/403/944 2268/407/940 2484/406/942 2501/405/945
f 2260/382/925 2409/403/944 2501/405/945 2482/381/923
f 2270/662/917 2145/663/919 2484/402/942 2500/397/935
f 2143/664/918 2270/662/917 2500/397/935 2483/394/934
f 2263/307/855 2139/308/857 2481/393/933 2499/389/930
f 2131/278/835 2263/307/855 2499/389/930 2479/334/879
f 2405/378/921 2260/382/925 2482/381/923 2498/380/922
f 2242/318/867 2405/378/921 2498/380/922 2480/317/865
f 2245/277/832 2131/278/835 2479/334/879 2497/329/875
f 2150/276/2281 2245/277/832 2497/329/875 2487/326/2301
f 2395/313/861 2242/318/867 2480/317/865 2496/316/864
f 2289/312/2298 2395/313/861 2496/316/864 2488/315/2299
f 2240/298/2292 2127/299/2294 2477/294/2290 2495/291/2283
f 2110/262/2273 2240/296/2292 2495/284/2283 2471/281/2282
f 2389/269/2277 2228/253/2263 2476/255/2267 2494/271/2278
f 2203/268/2226 2389/269/2277 2494/271/2278 2472/270/2223
f 2607/251/2260 2617/258/2268 2493/254/2265 2386/250/2261
f 2386/250/2261 2493/254/2265 2476/255/2267 2228/253/2263
f 2467/660/2446 2516/666/2448 2513/665/2449 2464/659/2445
f 2508/661/2447 2537/667/2450 2224/657/2443 2470/656/2442
f 2217/186/2244 2474/193/2247 2491/189/2246 2380/185/2245
f 2380/185/2245 2491/189/2246 487/190/750 211/188/746
f 2202/125/2197 2113/126/2199 2473/166/2228 2490/164/2224
f 2111/124/689 2202/125/2197 2490/164/2224 2472/161/2223
f 2374/143/2203 2234/144/2212 2478/141/2209 2489/138/2206
f 2225/131/2204 2374/132/2203 2489/137/2206 2475/134/2205
f 2511/204/2255 2513/665/2449 2516/666/2448 2509/668/2451
f 2517/205/2254 2518/669/2452 2513/665/2449 2511/204/2255
f 2510/200/2252 2512/201/2251 2514/367/2310 2515/368/2309
f 2510/200/2252 2515/368/2309 2518/669/2452 2517/205/2254
f 2219/199/759 2510/200/2252 2517/205/2254 2492/202/2253
f 2464/659/2445 2513/665/2449 2518/669/2452 2507/658/2444
f 2218/362/2214 2509/668/2451 2516/666/2448 2467/660/2446
f 2465/366/910 2514/367/2310 2512/201/2251 2403/198/2250
f 2381/203/2256 2511/204/2255 2509/668/2451 2218/362/2214
f 2507/658/2444 2518/669/2452 2515/368/2309 2466/365/2308
f 2520/210/769 2181/224/782 2350/622/1123 2519/629/1130
f 2383/218/777 2252/220/779 2121/235/793 2521/214/772
f 2522/213/773 2223/234/792 2544/227/783 2543/211/768
f 2521/214/772 2121/235/793 2223/234/792 2522/213/773
f 2519/629/1130 2350/622/1123 2136/361/904 2461/628/1131
f 2523/670/1163 2253/219/776 2120/217/775 2527/671/1164
f 2527/671/1164 2120/217/775 2351/216/774 2525/672/1165
f 2524/673/1166 2249/336/883 2134/223/780 2528/674/1167
f 2134/223/780 2253/219/776 2523/670/1163 2528/674/1167
f 537/675/1168 110/335/880 2249/336/883 2524/673/1166
f 2525/672/1165 2351/216/774 2545/209/765 2547/676/1169
f 2526/677/799 2182/206/764 2255/627/1127 2529/678/1122
f 2529/620/1122 2255/679/1127 2452/195/753
f 2532/680/2453 2537/683/2450 2536/682/2306 2533/681/2454
f 2533/681/2454 2536/682/2306 2218/149/2214 2112/146/2213
f 2531/352/2304 2535/685/2423 2224/684/2443 2530/351/2305
f 2535/619/2423 2534/197/754 2137/687/1126 2224/686/2443
f 2534/197/754 2452/195/753 2255/679/1127 2137/687/1126
f 2530/351/2305 2224/684/2443 2537/683/2450 2532/680/2453
f 2469/363/2307 2536/364/2306 2537/667/2450 2508/661/2447
f 2473/166/2228 2532/680/2453 2533/681/2454 2206/165/2227
f 2401/349/2303 2535/685/2423 2531/352/2304 2205/127/2198
f 2113/126/2199 2530/351/2305 2532/680/2453 2473/166/2228
f 2206/165/2227 2533/681/2454 2112/146/2213
f 2251/222/781 2135/221/778 2383/218/777
f 2545/209/765 2182/206/764 2547/676/1169
f 2548/226/784 2384/230/788 222/231/791 563/229/786
f 2545/209/765 2351/216/774 2382/212/2257 2546/208/766
f 2547/676/1169 2182/206/764 2526/677/799
f 2546/208/766 2382/212/2257 2522/213/773 2543/211/768
f 2544/227/783 2181/224/782 2520/210/769 2543/211/768
f 2544/227/783 2223/234/792 2384/230/788 2548/226/784
f 2549/238/2258 2385/242/800 2540/243/803 2550/241/798
f 567/239/795 361/246/804 2385/242/800 2549/238/2258
f 2468/371/913 2137/624/1126 2258/625/1129 2462/370/911
f 2523/670/1163 2551/689/1172 2556/688/1173 2528/674/1167
f 2538/343/888 2557/691/1174 2558/690/2455 2539/244/802
f 2525/672/1165 2553/693/2456 2555/692/1177 2527/671/1164
f 2539/244/802 2558/690/2455 2559/694/1178 2540/243/803
f 2526/677/799 2554/696/1179 2562/695/1180 2547/676/1169
f 2541/345/889 2560/698/1181 2561/697/1182 2542/344/890
f 2528/674/1167 2556/688/1173 2552/699/1183 2524/673/1166
f 2547/676/1169 2562/695/1180 2553/693/2456 2525/672/1165
f 2524/673/1166 2552/699/1183 569/700/1184 537/675/1168
f 2542/344/890 2561/697/1182 2557/691/1174 2538/343/888
f 558/346/891 581/701/1185 2560/698/1181 2541/345/889
f 2540/243/803 2559/694/1178 2563/702/1186 2550/241/798
f 2527/671/1164 2555/692/1177 2551/689/1172 2523/670/1163
f 2550/241/798 2563/702/1186 2554/703/1179 2526/240/799
f 2554/696/1179 2567/705/1187 2575/704/1188 2562/695/1180
f 2560/698/1181 2573/707/1189 2574/706/1190 2561/697/1182
f 2556/688/1173 2569/709/1191 2565/708/1192 2552/699/1183
f 2561/697/1182 2574/706/1190 2570/710/1193 2557/691/1174
f 2552/699/1183 2565/708/1192 584/711/1194 569/700/1184
f 581/701/1185 596/712/1195 2573/707/1189 2560/698/1181
f 2562/695/1180 2575/704/1188 2566/713/1196 2553/693/2456
f 2563/702/1186 2576/715/1197 2567/714/1187 2554/703/1179
f 2559/694/1178 2572/716/1198 2576/715/1197 2563/702/1186
f 2555/692/1177 2568/718/1199 2564/717/1200 2551/689/1172
f 2551/689/1172 2564/717/1200 2569/709/1191 2556/688/1173
f 2557/691/1174 2570/710/1193 2571/719/1201 2558/690/2455
f 2553/693/2456 2566/713/1196 2568/718/1199 2555/692/1177
f 2558/690/2455 2571/719/1201 2572/716/1198 2559/694/1178
f 2575/704/1188 2583/721/1202 2579/720/1203 2566/713/1196
f 2569/709/1191 2582/723/1204 2578/722/1205 2565/708/1192
f 2566/713/1196 2579/720/1203 2581/724/1206 2568/718/1199
f 2568/718/1199 2581/724/1206 2577/725/1207 2564/717/1200
f 2565/708/1192 2578/722/1205 599/726/1208 584/711/1194
f 2567/705/1187 2580/727/1209 2583/721/1202 2575/704/1188
f 2564/717/1200 2577/725/1207 2582/723/1204 2569/709/1191
f 2576/715/1197 2590/729/1210 2584/728/1211 2567/714/1187
f 2574/706/1190 2589/731/2457 2585/730/1213 2570/710/1193
f 2571/719/1201 2586/733/1214 2587/732/1215 2572/716/1198
f 2567/705/1187 2584/735/1211 2591/734/1216 2580/727/1209
f 596/712/1195 613/737/1217 2588/736/1218 2573/707/1189
f 2572/716/1198 2587/732/1215 2590/729/1210 2576/715/1197
f 2573/707/1189 2588/736/1218 2589/731/2457 2574/706/1190
f 2570/710/1193 2585/730/1213 2586/733/1214 2571/719/1201
f 2225/131/2204 2475/134/2205 2617/258/2268 2607/251/2260
f 2116/476/2366 2190/654/2440 2616/650/2439 2596/475/2363
f 2187/179/2242 2603/180/2241 2616/647/2439 2190/652/2440
f 78/99/2179 618/641/2433 2615/639/2432 2356/98/2177
f 2184/97/2178 2356/98/2177 2615/639/2432 2602/120/2195
f 319/517/2458 627/522/2398 2614/523/2396 444/516/2394
f 444/519/2394 2614/520/2396 2595/469/2357 2209/470/2360
f 2425/474/2361 2300/467/2356 2601/468/996 2613/478/2364
f 2212/473/2362 2425/474/2361 2613/478/2364 2596/475/2363
f 2303/481/2370 2157/484/2372 2600/463/2352 2612/472/2358
f 2114/480/2367 2303/481/2370 2612/472/2358 2595/469/2357
f 2298/508/2387 2159/479/1007 2601/468/996 2611/466/2353
f 2157/484/2372 2298/508/2387 2611/466/2353 2600/463/2352
f 2194/633/2427 2155/634/2428 2599/82/2162 2610/462/2350
f 2108/176/2240 2194/633/2427 2610/462/2350 2592/175/2237
f 2229/301/2296 2122/130/2201 2597/248/2259 2609/266/2274
f 2106/285/2287 2229/301/2296 2609/266/2274 2593/90/2170
f 2387/260/819 2227/257/813 2598/259/2269 2608/264/2271
f 2199/113/687 2387/260/819 2608/264/2271 2594/112/684
f 2475/134/2205 2124/135/2208 2598/259/2269 2617/258/2268
f 2122/130/2201 2225/131/2204 2607/251/2260 2597/248/2259
f 2379/174/2235 2365/649/2243 2603/180/2241 2606/178/2238
f 2193/173/2236 2379/174/2235 2606/178/2238 2592/175/2237
f 2200/642/2434 2184/97/2178 2602/120/2195 2605/115/2192
f 2110/262/2273 2200/642/2434 2605/115/2192 2594/112/684
f 2292/645/2437 2106/285/2287 2593/90/2170 2604/85/2163
f 2155/634/2428 2292/645/2437 2604/85/2163 2599/82/2162
f 2619/70/2459 2706/71/2460 2881/72/2461 2728/73/2462
f 2706/71/2460 2623/74/2463 2727/75/2464 2881/72/2461
f 2881/76/2461 2727/77/2464 2631/78/2465 2725/79/2466
f 2728/80/2462 2881/76/2461 2725/79/2466 2629/81/2467
f 3113/82/2468 2810/83/2469 2882/84/2470 3118/85/2471
f 2810/83/2469 2670/86/2472 2709/87/2473 2882/84/2470
f 2882/84/2470 2709/87/2473 2621/88/2474 2710/89/2475
f 3118/85/2471 2882/84/2470 2710/89/2475 3107/90/2476
f 70/91/2477 2872/92/2478 2883/93/2479 193/94/2480
f 2872/92/2478 2700/95/2481 2876/96/2482 2883/93/2479
f 2883/93/2479 2876/96/2482 2698/97/2483 2870/98/2484
f 193/94/2480 2883/93/2479 2870/98/2484 78/99/2485
f 134/100/2486 2809/101/2487 2884/102/2488 177/103/2489
f 2809/101/2487 2699/104/2490 2877/105/2491 2884/102/2488
f 2884/102/2488 2877/105/2491 2700/95/2481 2872/92/2478
f 177/103/2489 2884/102/2488 2872/92/2478 70/91/2477
f 2670/86/2472 2808/106/2492 2885/107/2493 2709/87/2473
f 2808/106/2492 2668/108/2494 2805/109/2495 2885/107/2493
f 2885/107/2493 2805/109/2495 2618/110/2496 2712/111/2497
f 2709/87/2473 2885/107/2493 2712/111/2497 2621/88/2474
f 3108/112/109 2713/113/2498 2886/114/111 3119/115/2499
f 2713/113/2498 2625/116/113 2715/117/2500 2886/114/111
f 2886/114/111 2715/117/2500 79/118/115 2875/119/116
f 3119/115/2499 2886/114/111 2875/119/116 3116/120/2501
f 79/121/115 2715/122/2500 2887/123/2502
f 2715/122/2500 2625/124/113 2716/125/2503 2887/123/2502
f 2887/123/2502 2716/125/2503 2627/126/2504 2719/127/2505
f 200/128/2506 2887/123/2502 2719/127/2505 84/129/2507
f 2636/130/2508 2739/131/2509 2888/132/2510 2752/133/2511
f 2989/134/2512 2638/135/2513 2751/136/2514 3003/137/2515
f 3003/138/2515 2751/139/2514 2643/140/2516 2992/141/2517
f 2752/142/2511 2888/143/2510 2748/144/2518 2642/145/2519
f 2626/146/2520 2718/147/2521 2889/148/2522 2732/149/2523
f 2718/147/2521 82/150/2524 198/151/141 2889/148/2522
f 2889/148/2522 198/151/141 90/152/142 2729/153/2525
f 2732/149/2523 2889/148/2522 2729/153/2525 2632/154/2526
f 2621/155/2474 2712/156/2497 2890/157/2527 2722/158/2528
f 2712/156/2497 2618/159/2496 2721/160/2529 2890/157/2527
f 2890/157/2527 2721/160/2529 82/150/2524 2718/147/2521
f 2722/158/2528 2890/157/2527 2718/147/2521 2626/146/2520
f 2986/161/2530 2717/162/2531 2891/163/2532 3004/164/2533
f 2717/162/2531 2621/155/2474 2722/158/2528 2891/163/2532
f 2891/163/2532 2722/158/2528 2626/146/2520 2720/165/2534
f 3004/164/2533 2891/163/2532 2720/165/2534 2987/166/2535
f 2629/81/2467 2725/79/2466 2892/167/2536 2816/168/2537
f 2725/79/2466 2631/78/2465 2815/169/2538 2892/167/2536
f 2892/167/2536 2815/169/2538 2674/170/2539 2813/171/2540
f 2816/168/2537 2892/167/2536 2813/171/2540 2672/172/2541
f 2623/74/2463 2707/173/2542 2893/174/2543 2727/75/2464
f 3106/175/2544 2622/176/2545 2878/177/2546 3120/178/2547
f 3120/178/2547 2878/177/2546 2701/179/2548 3117/180/2549
f 2727/77/2464 2893/181/2543 2879/182/2550 2631/78/2465
f 2632/183/2526 2729/184/2525 2894/185/2551 2731/186/2552
f 2729/184/2525 90/187/142 211/188/171 2894/185/2551
f 3005/189/2553 487/190/173 92/191/174 2730/192/2554
f 2988/193/2555 3005/189/2553 2730/192/2554 2633/194/2556
f 2966/195/178 2770/196/179 3048/197/180
f 200/128/2506 79/121/115 2887/123/2502
f 2917/198/2557 2733/199/2558 3024/200/2559 3026/201/2560
f 3006/202/2561 2895/203/2562 3025/204/2563 3031/205/2564
f 2696/206/189 2868/207/190 3060/208/191 3059/209/192
f 2868/207/190 3034/210/193 3057/211/194 3060/208/191
f 2896/212/195 3036/213/196 3035/214/197 2736/215/198
f 2865/216/199 2896/212/195 2736/215/198 2634/217/200
f 2634/217/200 2736/215/198 2897/218/201 2767/219/202
f 2736/215/198 3035/214/197 2897/218/201
f 2897/218/201 2766/220/203 2649/221/204
f 2767/219/202 2897/218/201 2765/222/205 2648/223/206
f 2695/224/207 2867/225/208 3062/226/209 3058/227/210
f 2867/225/208 168/228/211 563/229/212 3062/226/209
f 2898/230/213 222/231/214 96/232/215 2735/233/216
f 2737/234/217 2898/230/213 2735/233/216 2635/235/218
f 169/236/219 2866/237/220 3063/238/221 567/239/222
f 2866/237/220 3040/240/223 3064/241/224 3063/238/221
f 2899/242/225 3054/243/226 3053/244/227 2734/245/228
f 361/246/229 2899/242/225 2734/245/228 94/247/230
f 3111/248/2565 2740/249/2566 2900/250/2567 3121/251/2568
f 2740/249/2566 2637/252/2569 2742/253/2570 2900/250/2567
f 3007/254/2571 2990/255/2572 2639/256/2573 2741/257/2574
f 3131/258/2575 3007/254/2571 2741/257/2574 3112/259/2576
f 2625/116/113 2713/113/2498 2901/260/2577 2745/261/2578
f 3108/112/109 2624/262/2579 2744/263/2580 3122/264/2581
f 3122/264/2581 2744/263/2580 2638/135/2513 3112/259/2576
f 2745/261/2578 2901/260/2577 2741/257/2574 2639/256/2573
f 3107/90/2476 2710/89/2475 2902/265/2582 3123/266/2583
f 2710/89/2475 2621/88/2474 2746/267/2584 2902/265/2582
f 2902/265/2582 2746/267/2584 2637/252/2569 2740/249/2566
f 3123/266/2583 2902/265/2582 2740/249/2566 3111/248/2565
f 2621/88/2474 2717/268/2531 2903/269/2585 2746/267/2584
f 2986/270/2530 2625/116/113 2745/261/2578 3008/271/2586
f 3008/271/2586 2745/261/2578 2639/256/2573 2990/255/2572
f 2746/267/2584 2903/269/2585 2742/253/2570 2637/252/2569
f 2665/272/2587 2804/273/2588 2904/274/255 2798/275/256
f 2804/273/2588 2664/276/2589 2759/277/258 2904/274/255
f 2904/274/255 2759/277/258 2645/278/259 2758/279/260
f 2798/275/256 2904/274/255 2758/279/260 2647/280/261
f 2985/281/2590 2702/282/2591 2905/283/2592 3009/284/2593
f 2702/282/2591 2620/285/2594 2753/286/2595 2905/283/2592
f 2905/287/2592 2753/288/2595 2640/289/2596 2747/290/2597
f 3009/291/2593 2905/292/2592 2747/293/2597 2991/294/2598
f 2638/135/2513 2744/263/2580 2906/295/2599 2751/136/2514
f 2744/263/2580 2624/262/2579 2754/296/2600 2906/295/2599
f 2906/297/2599 2754/298/2600 2641/299/2601 2750/300/2602
f 2751/139/2514 2906/297/2599 2750/300/2602 2643/140/2516
f 2620/285/2594 2743/301/2603 2907/302/2604 2753/286/2595
f 2743/301/2603 2636/130/2508 2752/133/2511 2907/302/2604
f 2907/303/2604 2752/142/2511 2642/145/2519 2749/304/2605
f 2753/288/2595 2907/303/2604 2749/304/2605 2640/289/2596
f 2647/280/261 2758/279/260 2908/305/278 2778/306/279
f 2758/279/260 2645/278/259 2777/307/280 2908/305/278
f 2908/305/278 2777/307/280 2653/308/281 2776/309/282
f 2778/306/279 2908/305/278 2776/309/282 2655/310/283
f 2666/311/284 2803/312/2606 2909/313/286 2799/314/287
f 3002/315/2607 2665/272/2587 2798/275/256 3010/316/289
f 3010/316/289 2798/275/256 2647/280/261 2994/317/290
f 2799/314/287 2909/313/286 2756/318/291 2646/319/292
f 2667/320/2608 2802/321/294 2910/322/295 2800/323/296
f 2802/321/294 2666/311/284 2799/314/287 2910/322/295
f 2910/322/295 2799/314/287 2646/319/292 2757/324/297
f 2800/323/296 2910/322/295 2757/324/297 2644/325/2609
f 3001/326/2610 2801/327/2611 2911/328/2612 3011/329/2613
f 2801/330/2611 2667/320/2608 2800/323/296 2911/331/2612
f 2911/331/2612 2800/323/296 2644/325/2609 2755/332/303
f 3011/329/2613 2911/328/2612 2755/333/303 2993/334/304
f 110/335/305 2763/336/306 2912/337/307 250/338/308
f 2763/336/306 2648/223/206 2765/222/205 2912/337/307
f 2912/337/307 2765/222/205 2649/221/204 2764/339/309
f 250/338/308 2912/337/307 2764/339/309 112/340/310
f 94/247/230 2734/245/228 2913/341/311 253/342/2614
f 2734/245/228 3053/244/227 3052/343/313 2913/341/311
f 2913/341/311 3052/343/313 3056/344/314 3055/345/315
f 253/342/2614 2913/341/311 3055/345/315 558/346/316
f 2635/235/218 2735/233/216 2914/347/317 2766/220/203
f 2735/233/216 96/232/215 219/348/318 2914/347/317
f 2914/347/317 219/348/318 112/340/310 2764/339/309
f 2766/220/203 2914/347/317 2764/339/309 2649/221/204
f 84/129/2507 2719/127/2505 2915/349/2615 215/350/2616
f 2719/127/2505 2627/126/2504 3044/351/2617 3045/352/2618
f 215/353/2616 2915/354/2615 2770/196/179 114/355/323
f 2633/194/2556 2730/192/2554 2916/356/324 2768/357/2619
f 2730/192/2554 92/191/174 257/358/326 2916/356/324
f 2916/356/324 257/358/326 117/359/327 2771/360/328
f 2768/357/2619 2916/356/324 2771/360/328 2650/361/329
f 2732/362/2523 2983/363/2620 3050/364/2621
f 2980/365/2622 2979/366/2623 3028/367/2624 3029/368/2625
f 2917/198/2557 2979/366/2623 2977/369/336 2976/370/337
f 2982/371/338 2917/198/2557 2976/370/337
f 2655/310/283 2776/309/282 2918/372/339 2786/373/340
f 2776/309/282 2653/308/281 2785/374/341 2918/372/339
f 2918/372/339 2785/374/341 2657/375/342 2784/376/343
f 2786/373/340 2918/372/339 2784/376/343 2659/377/2626
f 2646/319/292 2756/318/291 2919/378/345 2779/379/346
f 2994/317/290 2647/280/261 2778/306/279 3012/380/347
f 3012/380/347 2778/306/279 2655/310/283 2996/381/348
f 2779/379/346 2919/378/345 2774/382/349 2654/383/350
f 2644/325/2609 2757/324/297 2920/384/351 2780/385/352
f 2757/324/297 2646/319/292 2779/379/346 2920/384/351
f 2920/384/351 2779/379/346 2654/383/350 2775/386/353
f 2780/385/352 2920/384/351 2775/386/353 2652/387/354
f 2993/334/304 2755/333/303 2921/388/355 3013/389/356
f 2755/332/303 2644/325/2609 2780/385/352 2921/390/355
f 2921/390/355 2780/385/352 2652/387/354 2773/391/357
f 3013/389/356 2921/388/355 2773/392/357 2995/393/358
f 2997/394/359 2781/395/360 2922/396/361 3014/397/362
f 2781/395/360 2656/398/363 2783/399/364 2922/396/361
f 2922/396/361 2783/399/364 2658/400/365 2782/401/366
f 3014/397/362 2922/396/361 2782/401/366 2998/402/367
f 2654/383/350 2774/382/349 2923/403/368 2787/404/369
f 2996/381/348 2655/310/283 2786/373/340 3015/405/370
f 3015/405/370 2786/373/340 2659/377/2626 2998/406/367
f 2787/404/369 2923/403/368 2782/407/366 2658/408/365
f 2652/387/354 2775/386/353 2924/409/371 2788/410/372
f 2775/386/353 2654/383/350 2787/404/369 2924/409/371
f 2924/409/371 2787/404/369 2658/408/365 2783/411/364
f 2788/410/372 2924/409/371 2783/411/364 2656/412/363
f 2995/393/358 2773/392/357 2925/413/373 3016/414/374
f 2773/391/357 2652/387/354 2788/410/372 2925/415/373
f 2925/415/373 2788/410/372 2656/412/363 2781/416/360
f 3016/414/374 2925/413/373 2781/417/360 2997/418/359
f 2991/294/2598 2747/293/2597 2926/419/2627 3017/420/2628
f 2747/290/2597 2640/289/2596 2762/421/2629 2926/422/2627
f 2926/422/2627 2762/421/2629 2663/423/2630 2793/424/2631
f 3017/420/2628 2926/419/2627 2793/425/2631 2999/426/2632
f 2640/289/2596 2749/304/2605 2927/427/2633 2762/421/2629
f 2749/304/2605 2642/145/2519 2761/428/2634 2927/427/2633
f 2927/427/2633 2761/428/2634 2662/429/2635 2794/430/2636
f 2762/421/2629 2927/427/2633 2794/430/2636 2663/423/2630
f 2642/145/2519 2748/144/2518 2928/431/2637 2761/428/2634
f 2992/141/2517 2643/140/2516 2760/432/2638 3018/433/2639
f 3018/433/2639 2760/432/2638 2661/434/2640 3000/435/2641
f 2761/428/2634 2928/431/2637 2795/436/2642 2662/429/2635
f 2643/140/2516 2750/300/2602 2929/437/2643 2760/432/2638
f 2750/300/2602 2641/299/2601 2789/438/2644 2929/437/2643
f 2929/437/2643 2789/438/2644 2660/439/2645 2796/440/2646
f 2760/432/2638 2929/437/2643 2796/440/2646 2661/434/2640
f 2999/426/2632 2793/425/2631 2930/441/2647 3019/442/2648
f 2793/424/2631 2663/423/2630 2792/443/2649 2930/444/2647
f 2930/444/2647 2792/443/2649 2667/320/2608 2801/330/2611
f 3019/442/2648 2930/441/2647 2801/327/2611 3001/326/2610
f 2663/423/2630 2794/430/2636 2931/445/2650 2792/443/2649
f 2794/430/2636 2662/429/2635 2791/446/2651 2931/445/2650
f 2931/445/2650 2791/446/2651 2666/311/284 2802/321/294
f 2792/443/2649 2931/445/2650 2802/321/294 2667/320/2608
f 2662/429/2635 2795/436/2642 2932/447/2652 2791/446/2651
f 3000/435/2641 2661/434/2640 2790/448/2653 3020/449/2654
f 3020/449/2654 2790/448/2653 2665/272/2587 3002/315/2607
f 2791/446/2651 2932/447/2652 2803/312/2606 2666/311/284
f 2661/434/2640 2796/440/2646 2933/450/2655 2790/448/2653
f 2796/440/2646 2660/439/2645 2797/451/2656 2933/450/2655
f 2933/450/2655 2797/451/2656 2664/276/2589 2804/273/2588
f 2790/448/2653 2933/450/2655 2804/273/2588 2665/272/2587
f 2623/74/2463 2706/71/2460 2934/452/2657 2807/453/2658
f 2706/71/2460 2619/70/2459 2703/454/2659 2934/452/2657
f 2934/452/2657 2703/454/2659 2668/108/2494 2808/106/2492
f 2807/453/2658 2934/452/2657 2808/106/2492 2670/86/2472
f 72/455/2660 2705/456/2661 2935/457/2662 293/458/2663
f 2705/456/2661 2697/459/2664 2873/460/2665 2935/457/2662
f 2935/457/2662 2873/460/2665 2699/104/2490 2809/101/2487
f 293/458/2663 2935/457/2662 2809/101/2487 134/100/2486
f 3106/175/2544 2707/173/2542 2936/461/2666 3124/462/2667
f 2707/173/2542 2623/74/2463 2807/453/2658 2936/461/2666
f 2936/461/2666 2807/453/2658 2670/86/2472 2810/83/2469
f 3124/462/2667 2936/461/2666 2810/83/2469 3113/82/2468
f 3114/463/2668 2811/464/2669 2937/465/2670 3125/466/2671
f 2811/464/2669 2672/172/2541 2813/171/2540 2937/465/2670
f 2937/465/2670 2813/171/2540 2674/170/2539 2814/467/420
f 3125/466/2671 2937/465/2670 2814/467/420 3115/468/421
f 3109/469/2672 2723/470/2673 2938/471/2674 3126/472/2675
f 2723/470/2673 2629/81/2467 2816/168/2537 2938/471/2674
f 2938/471/2674 2816/168/2537 2672/172/2541 2811/464/2669
f 3126/472/2675 2938/471/2674 2811/464/2669 3114/463/2668
f 2631/78/2465 2726/473/2676 2939/474/2677 2815/169/2538
f 3110/475/2678 2630/476/2679 2818/477/2680 3127/478/2681
f 3127/478/2681 2818/477/2680 2673/479/432 3115/468/421
f 2815/169/2538 2939/474/2677 2814/467/420 2674/170/2539
f 2628/480/2682 2817/481/2683 2940/482/2684 2824/483/2685
f 2817/481/2683 2671/484/2686 2823/485/438 2940/482/2684
f 2940/482/2684 2823/485/438 2677/486/2687 2821/487/2688
f 2824/483/2685 2940/482/2684 2821/487/2688 2675/488/2689
f 2677/486/2687 2820/489/2690 2941/490/2691 2837/491/444
f 2820/489/2690 2678/492/2692 2836/493/2693 2941/490/2691
f 2941/490/2691 2836/493/2693 2682/494/447 2833/495/2694
f 2837/491/444 2941/490/2691 2833/495/2694 2681/496/449
f 2630/476/2679 2724/497/2695 2942/498/2696 2825/499/2697
f 2724/500/2695 2628/480/2682 2824/483/2685 2942/501/2696
f 2942/501/2696 2824/483/2685 2675/488/2689 2819/502/2698
f 2825/499/2697 2942/498/2696 2819/503/2698 2676/504/2699
f 2673/479/432 2818/477/2680 2943/505/2700 2826/506/2701
f 2818/477/2680 2630/476/2679 2825/499/2697 2943/505/2700
f 2943/505/2700 2825/499/2697 2676/504/2699 2822/507/2702
f 2826/506/2701 2943/505/2700 2822/507/2702 2678/492/2692
f 2671/484/2686 2812/508/2703 2944/509/459 2823/485/438
f 2812/508/2703 2673/479/432 2826/506/2701 2944/509/459
f 2944/509/459 2826/506/2701 2678/492/2692 2820/489/2690
f 2823/485/438 2944/509/459 2820/489/2690 2677/486/2687
f 72/455/2660 368/510/2704 2945/511/2705 2705/456/2661
f 173/512/2706 2874/513/2707 2945/511/2705 368/510/2704
f 2697/459/2664 2705/456/2661 2945/511/2705 2874/513/2707
f 147/514/2708 2828/515/2709 444/516/2710 319/517/2711
f 2828/518/2709 2629/81/2467 2723/470/2673 444/519/2710
f 3128/520/2712 3109/469/2672 2628/480/2682 2827/521/2713
f 627/522/2714 3128/523/2712 2827/524/2713 146/525/2715
f 2619/70/2459 2728/73/2462 2946/526/2716 2829/527/2717
f 2728/80/2462 2629/81/2467 2828/518/2709 2946/528/2716
f 2946/526/2716 2828/515/2709 147/514/2708 321/529/2718
f 2829/527/2717 2946/526/2716 321/529/2718 148/530/2719
f 149/531/2720 2830/532/2721 2947/533/2722 323/534/2723
f 2830/532/2721 2668/108/2494 2703/454/2659 2947/533/2722
f 2947/533/2722 2703/454/2659 2619/70/2459 2829/527/2717
f 323/534/2723 2947/533/2722 2829/527/2717 148/530/2719
f 150/535/2724 2831/536/2725 2948/537/2726 325/538/2727
f 2831/536/2725 2618/110/2496 2805/109/2495 2948/537/2726
f 2948/537/2726 2805/109/2495 2668/108/2494 2830/532/2721
f 325/538/2727 2948/537/2726 2830/532/2721 149/531/2720
f 82/150/2524 2721/160/2529 2949/539/2728 326/540/2729
f 2618/159/2496 2831/541/2725 2949/539/2728 2721/160/2529
f 150/542/2724 326/540/2729 2949/539/2728 2831/541/2725
f 2679/543/486 2834/544/487 2950/545/488 2845/546/2730
f 2834/544/487 2681/496/449 2844/547/490 2950/545/488
f 2950/545/488 2844/547/490 2685/548/491 2842/549/2731
f 2845/546/2730 2950/545/488 2842/549/2731 2683/550/493
f 2675/488/2689 2821/487/2688 2951/551/494 2838/552/2732
f 2821/487/2688 2677/486/2687 2837/491/444 2951/551/494
f 2951/551/494 2837/491/444 2681/496/449 2834/544/487
f 2838/552/2732 2951/551/494 2834/544/487 2679/543/486
f 2676/504/2699 2819/503/2698 2952/553/2733 2839/554/2734
f 2819/502/2698 2675/488/2689 2838/552/2732 2952/555/2733
f 2952/555/2733 2838/552/2732 2679/543/486 2832/556/2735
f 2839/554/2734 2952/553/2733 2832/557/2735 2680/558/499
f 2678/492/2692 2822/507/2702 2953/559/2736 2836/493/2693
f 2822/507/2702 2676/504/2699 2839/554/2734 2953/559/2736
f 2953/559/2736 2839/554/2734 2680/558/499 2835/560/501
f 2836/493/2693 2953/559/2736 2835/560/501 2682/494/447
f 2686/561/502 2843/562/503 2954/563/504 2853/564/505
f 2843/562/503 2684/565/506 2852/566/507 2954/563/504
f 2954/563/504 2852/566/507 2688/567/508 2851/568/509
f 2853/564/505 2954/563/504 2851/568/509 2690/569/510
f 2680/558/499 2832/557/2735 2955/570/2737 2846/571/512
f 2832/556/2735 2679/543/486 2845/546/2730 2955/572/2737
f 2955/572/2737 2845/546/2730 2683/550/493 2840/573/2738
f 2846/571/512 2955/570/2737 2840/574/2738 2684/565/506
f 2682/494/447 2835/560/501 2956/575/514 2847/576/2739
f 2835/560/501 2680/558/499 2846/571/512 2956/575/514
f 2956/575/514 2846/571/512 2684/565/506 2843/562/503
f 2847/576/2739 2956/575/514 2843/562/503 2686/561/502
f 2681/496/449 2833/495/2694 2957/577/516 2844/547/490
f 2833/495/2694 2682/494/447 2847/576/2739 2957/577/516
f 2957/577/516 2847/576/2739 2686/561/502 2841/578/517
f 2844/547/490 2957/577/516 2841/578/517 2685/548/491
f 2689/579/518 2849/580/519 2958/581/520 2861/582/521
f 2849/580/519 2690/569/510 2860/583/522 2958/581/520
f 2958/581/520 2860/583/522 2694/584/523 2857/585/524
f 2861/582/521 2958/581/520 2857/585/524 2693/586/525
f 2685/548/491 2841/578/517 2959/587/526 2854/588/527
f 2841/578/517 2686/561/502 2853/564/505 2959/587/526
f 2959/587/526 2853/564/505 2690/569/510 2849/580/519
f 2854/588/527 2959/587/526 2849/580/519 2689/579/518
f 2683/550/493 2842/549/2731 2960/589/528 2855/590/529
f 2842/549/2731 2685/548/491 2854/588/527 2960/589/528
f 2960/589/528 2854/588/527 2689/579/518 2850/591/530
f 2855/590/529 2960/589/528 2850/591/530 2687/592/531
f 2684/565/506 2840/574/2738 2961/593/532 2852/566/507
f 2840/573/2738 2683/550/493 2855/590/529 2961/594/532
f 2961/594/532 2855/590/529 2687/592/531 2848/595/533
f 2852/566/507 2961/593/532 2848/596/533 2688/567/508
f 2692/597/534 2856/598/535 2962/599/536 2859/600/537
f 2856/598/535 2691/601/538 2858/602/539 2962/599/536
f 2962/599/536 2858/602/539 2693/603/525 2857/604/524
f 2859/600/537 2962/599/536 2857/604/524 2694/605/523
f 2687/592/531 2850/591/530 2963/606/540 2862/607/541
f 2850/591/530 2689/579/518 2861/582/521 2963/606/540
f 2963/606/540 2861/582/521 2693/586/525 2858/608/539
f 2862/607/541 2963/606/540 2858/608/539 2691/609/538
f 2688/567/508 2848/596/533 2964/610/542 2863/611/543
f 2848/595/533 2687/592/531 2862/607/541 2964/612/542
f 2964/612/542 2862/607/541 2691/609/538 2856/613/535
f 2863/611/543 2964/610/542 2856/614/535 2692/615/534
f 2690/569/510 2851/568/509 2965/616/544 2860/583/522
f 2851/568/509 2688/567/508 2863/611/543 2965/616/544
f 2965/616/544 2863/611/543 2692/615/534 2859/617/537
f 2860/583/522 2965/616/544 2859/617/537 2694/584/523
f 114/355/323 2770/196/179 2966/195/178 254/618/545
f 2770/196/179 2915/354/2615 3049/619/2740 3048/197/180
f 2966/195/178 3043/620/547 3040/240/223 2866/237/220
f 254/618/545 2966/195/178 2866/237/220 169/236/219
f 2650/361/329 2771/360/328 2967/621/548 2864/622/549
f 2771/360/328 117/359/327 360/623/550 2967/621/548
f 2967/621/548 360/623/550 168/228/211 2867/225/208
f 2864/622/549 2967/621/548 2867/225/208 2695/224/207
f 2651/624/551 2772/625/552 2968/626/553 2769/627/554
f 2772/625/552 2975/628/2741 3033/629/556 2968/626/553
f 2968/626/553 3033/629/556 3034/210/193 2868/207/190
f 2769/627/554 2968/626/553 2868/207/190 2696/206/189
f 2699/104/2490 2873/460/2665 2969/630/2742 2871/631/2743
f 2873/460/2665 2697/459/2664 2869/632/2744 2969/630/2742
f 2969/630/2742 2869/632/2744 2622/176/2545 2708/633/2745
f 2871/631/2743 2969/630/2742 2708/633/2745 2669/634/2746
f 2697/459/2664 2874/513/2707 2970/635/2747 2869/632/2744
f 173/512/2706 316/636/2748 2970/635/2747 2874/513/2707
f 146/525/2715 2880/637/2749 2970/635/2747 316/636/2748
f 2701/179/2548 2878/177/2546 2970/635/2747 2880/637/2749
f 2622/176/2545 2869/632/2744 2970/635/2747 2878/177/2546
f 3116/120/2501 2875/119/116 2971/638/565 3129/639/2750
f 79/118/115 189/640/567 2971/638/565 2875/119/116
f 618/641/2751 3129/639/2750 2971/638/565 189/640/567
f 2698/97/2483 2876/96/2482 2702/282/2591 2714/642/2752
f 2876/96/2482 2700/95/2481 2711/643/2753 2702/282/2591
f 2702/282/2591 2711/643/2753 2620/285/2594
f 2714/642/2752 2702/282/2591 2985/281/2590 2624/262/2579
f 2700/95/2481 2877/105/2491 2972/644/2754 2711/643/2753
f 2877/105/2491 2699/104/2490 2871/631/2743 2972/644/2754
f 2972/644/2754 2871/631/2743 2669/634/2746 2806/645/2755
f 2711/643/2753 2972/644/2754 2806/645/2755 2620/285/2594
f 2631/78/2465 2879/182/2550 2973/646/2756 2726/473/2676
f 3117/180/2549 3130/647/2757 2973/648/2756 2879/649/2550
f 3110/475/2678 2726/473/2676 2973/646/2756 3130/650/2757
f 2701/179/2548 2880/637/2749 2974/651/2758 2704/652/2759
f 2880/637/2749 146/525/2715 2827/524/2713 2974/651/2758
f 2974/653/2758 2827/521/2713 2628/480/2682 2724/500/2695
f 2704/654/2759 2974/655/2758 2724/497/2695 2630/476/2679
f 2984/656/2760 2982/371/338 2651/624/551 2738/657/2761
f 2976/370/337 2977/369/336 2975/628/2741 2772/625/552
f 2975/628/2741 2977/369/336 2768/357/2619 2650/361/329
f 2979/366/2623 2980/365/2622 2633/194/2556 2768/357/2619
f 3021/658/2762 2978/659/2763 2731/186/2552 2988/193/2555
f 2977/369/336 2979/366/2623 2768/357/2619
f 2978/659/2763 2981/660/2764 2632/183/2526 2731/186/2552
f 2632/183/2526 2981/660/2764 2732/362/2523
f 3022/661/2765 2983/363/2620 2895/203/2562 3006/202/2561
f 2983/363/2620 2732/362/2523 2895/203/2562
f 2982/371/338 2984/656/2760 2733/199/2558 2917/198/2557
f 2984/656/2760 3022/661/2765 3006/202/2561 2733/199/2558
f 2980/365/2622 3021/658/2762 2988/193/2555 2633/194/2556
f 2932/447/2652 3020/449/2654 3002/315/2607 2803/312/2606
f 2795/436/2642 3000/435/2641 3020/449/2654 2932/447/2652
f 2797/451/2656 3019/442/2648 3001/326/2610 2664/276/2589
f 2660/439/2645 2999/426/2632 3019/442/2648 2797/451/2656
f 2928/431/2637 3018/433/2639 3000/435/2641 2795/436/2642
f 2748/144/2518 2992/141/2517 3018/433/2639 2928/431/2637
f 2789/438/2644 3017/420/2628 2999/426/2632 2660/439/2645
f 2641/299/2601 2991/294/2598 3017/420/2628 2789/438/2644
f 2785/374/341 3016/414/374 2997/418/359 2657/375/342
f 2653/308/281 2995/393/358 3016/414/374 2785/374/341
f 2923/403/368 3015/405/370 2998/406/367 2782/407/366
f 2774/382/349 2996/381/348 3015/405/370 2923/403/368
f 2784/662/343 3014/397/362 2998/402/367 2659/663/2626
f 2657/664/342 2997/394/359 3014/397/362 2784/662/343
f 2777/307/280 3013/389/356 2995/393/358 2653/308/281
f 2645/278/259 2993/334/304 3013/389/356 2777/307/280
f 2919/378/345 3012/380/347 2996/381/348 2774/382/349
f 2756/318/291 2994/317/290 3012/380/347 2919/378/345
f 2759/277/258 3011/329/2613 2993/334/304 2645/278/259
f 2664/276/2589 3001/326/2610 3011/329/2613 2759/277/258
f 2909/313/286 3010/316/289 2994/317/290 2756/318/291
f 2803/312/2606 3002/315/2607 3010/316/289 2909/313/286
f 2754/298/2600 3009/291/2593 2991/294/2598 2641/299/2601
f 2624/262/2579 2985/281/2590 3009/284/2593 2754/296/2600
f 2903/269/2585 3008/271/2586 2990/255/2572 2742/253/2570
f 2717/268/2531 2986/270/2530 3008/271/2586 2903/269/2585
f 3121/251/2568 2900/250/2567 3007/254/2571 3131/258/2575
f 2900/250/2567 2742/253/2570 2990/255/2572 3007/254/2571
f 2981/660/2764 2978/659/2763 3027/665/2766 3030/666/2767
f 3022/661/2765 2984/656/2760 2738/657/2761 3051/667/2768
f 2731/186/2552 2894/185/2551 3005/189/2553 2988/193/2555
f 2894/185/2551 211/188/171 487/190/173 3005/189/2553
f 2716/125/2503 3004/164/2533 2987/166/2535 2627/126/2504
f 2625/124/113 2986/161/2530 3004/164/2533 2716/125/2503
f 2888/143/2510 3003/138/2515 2992/141/2517 2748/144/2518
f 2739/131/2509 2989/134/2512 3003/137/2515 2888/132/2510
f 3025/204/2563 3023/668/2769 3030/666/2767 3027/665/2766
f 3031/205/2564 3025/204/2563 3027/665/2766 3032/669/2770
f 3024/200/2559 3029/368/2625 3028/367/2624 3026/201/2560
f 3024/200/2559 3031/205/2564 3032/669/2770 3029/368/2625
f 2733/199/2558 3006/202/2561 3031/205/2564 3024/200/2559
f 2978/659/2763 3021/658/2762 3032/669/2770 3027/665/2766
f 2732/362/2523 2981/660/2764 3030/666/2767 3023/668/2769
f 2979/366/2623 2917/198/2557 3026/201/2560 3028/367/2624
f 2895/203/2562 2732/362/2523 3023/668/2769 3025/204/2563
f 3021/658/2762 2980/365/2622 3029/368/2625 3032/669/2770
f 3034/210/193 3033/629/556 2864/622/549 2695/224/207
f 2897/218/201 3035/214/197 2635/235/218 2766/220/203
f 3036/213/196 3057/211/194 3058/227/210 2737/234/217
f 3035/214/197 3036/213/196 2737/234/217 2635/235/218
f 3033/629/556 2975/628/2741 2650/361/329 2864/622/549
f 3037/670/588 3041/671/589 2634/217/200 2767/219/202
f 3041/671/589 3039/672/590 2865/216/199 2634/217/200
f 3038/673/591 3042/674/592 2648/223/206 2763/336/306
f 2648/223/206 3042/674/592 3037/670/588 2767/219/202
f 537/675/593 3038/673/591 2763/336/306 110/335/305
f 3039/672/590 3061/676/594 3059/209/192 2865/216/199
f 3040/677/223 3043/678/547 2769/627/554 2696/206/189
f 3043/620/547 2966/195/178 2769/679/554
f 3046/680/2771 3047/681/2772 3050/682/2621 3051/683/2768
f 3047/681/2772 2626/146/2520 2732/149/2523 3050/682/2621
f 3045/352/2618 3044/351/2617 2738/684/2761 3049/685/2740
f 3049/619/2740 2738/686/2761 2651/687/551 3048/197/180
f 3048/197/180 2651/687/551 2769/679/554 2966/195/178
f 3044/351/2617 3046/680/2771 3051/683/2768 2738/684/2761
f 2983/363/2620 3022/661/2765 3051/667/2768 3050/364/2621
f 2987/166/2535 2720/165/2534 3047/681/2772 3046/680/2771
f 2915/349/2615 2719/127/2505 3045/352/2618 3049/685/2740
f 2627/126/2504 2987/166/2535 3046/680/2771 3044/351/2617
f 2720/165/2534 2626/146/2520 3047/681/2772
f 2765/222/205 2897/218/201 2649/221/204
f 3059/209/192 3061/676/594 2696/206/189
f 3062/226/209 563/229/212 222/231/214 2898/230/213
f 3059/209/192 3060/208/191 2896/212/195 2865/216/199
f 3061/676/594 3040/677/223 2696/206/189
f 3060/208/191 3057/211/194 3036/213/196 2896/212/195
f 3058/227/210 3057/211/194 3034/210/193 2695/224/207
f 3058/227/210 3062/226/209 2898/230/213 2737/234/217
f 3063/238/221 3064/241/224 3054/243/226 2899/242/225
f 567/239/222 3063/238/221 2899/242/225 361/246/229
f 2982/371/338 2976/370/337 2772/625/552 2651/624/551
f 3037/670/588 3042/674/592 3070/688/597 3065/689/598
f 3052/343/313 3053/244/227 3072/690/599 3071/691/600
f 3039/672/590 3041/671/589 3069/692/601 3067/693/602
f 3053/244/227 3054/243/226 3073/694/603 3072/690/599
f 3040/677/223 3061/676/594 3076/695/604 3068/696/605
f 3055/345/315 3056/344/314 3075/697/606 3074/698/607
f 3042/674/592 3038/673/591 3066/699/608 3070/688/597
f 3061/676/594 3039/672/590 3067/693/602 3076/695/604
f 3038/673/591 537/675/593 569/700/609 3066/699/608
f 3056/344/314 3052/343/313 3071/691/600 3075/697/606
f 558/346/316 3055/345/315 3074/698/607 581/701/610
f 3054/243/226 3064/241/224 3077/702/2773 3073/694/603
f 3041/671/589 3037/670/588 3065/689/598 3069/692/601
f 3064/241/224 3040/240/223 3068/703/605 3077/702/2773
f 3068/696/605 3076/695/604 3089/704/612 3081/705/613
f 3074/698/607 3075/697/606 3088/706/614 3087/707/2774
f 3070/688/597 3066/699/608 3079/708/616 3083/709/617
f 3075/697/606 3071/691/600 3084/710/618 3088/706/614
f 3066/699/608 569/700/609 584/711/619 3079/708/616
f 581/701/610 3074/698/607 3087/707/2774 596/712/620
f 3076/695/604 3067/693/602 3080/713/621 3089/704/612
f 3077/702/2773 3068/703/605 3081/714/613 3090/715/622
f 3073/694/603 3077/702/2773 3090/715/622 3086/716/623
f 3069/692/601 3065/689/598 3078/717/624 3082/718/625
f 3065/689/598 3070/688/597 3083/709/617 3078/717/624
f 3071/691/600 3072/690/599 3085/719/626 3084/710/618
f 3067/693/602 3069/692/601 3082/718/625 3080/713/621
f 3072/690/599 3073/694/603 3086/716/623 3085/719/626
f 3089/704/612 3080/713/621 3093/720/627 3097/721/628
f 3083/709/617 3079/708/616 3092/722/629 3096/723/630
f 3080/713/621 3082/718/625 3095/724/631 3093/720/627
f 3082/718/625 3078/717/624 3091/725/632 3095/724/631
f 3079/708/616 584/711/619 599/726/633 3092/722/629
f 3081/705/613 3089/704/612 3097/721/628 3094/727/634
f 3078/717/624 3083/709/617 3096/723/630 3091/725/632
f 3090/715/622 3081/714/613 3098/728/635 3104/729/636
f 3088/706/614 3084/710/618 3099/730/637 3103/731/638
f 3085/719/626 3086/716/623 3101/732/639 3100/733/640
f 3081/705/613 3094/727/634 3105/734/641 3098/735/635
f 596/712/620 3087/707/2774 3102/736/642 613/737/643
f 3086/716/623 3090/715/622 3104/729/636 3101/732/639
f 3087/707/2774 3088/706/614 3103/731/638 3102/736/642
f 3084/710/618 3085/719/626 3100/733/640 3099/730/637
f 2739/131/2509 3121/251/2568 3131/258/2575 2989/134/2512
f 2630/476/2679 3110/475/2678 3130/650/2757 2704/654/2759
f 2701/179/2548 2704/652/2759 3130/647/2757 3117/180/2549
f 78/99/2485 2870/98/2484 3129/639/2750 618/641/2751
f 2698/97/2483 3116/120/2501 3129/639/2750 2870/98/2484
f 319/517/2775 444/516/2710 3128/523/2712 627/522/2714
f 444/519/2710 2723/470/2673 3109/469/2672 3128/520/2712
f 2939/474/2677 3127/478/2681 3115/468/421 2814/467/420
f 2726/473/2676 3110/475/2678 3127/478/2681 2939/474/2677
f 2817/481/2683 3126/472/2675 3114/463/2668 2671/484/2686
f 2628/480/2682 3109/469/2672 3126/472/2675 2817/481/2683
f 2812/508/2703 3125/466/2671 3115/468/421 2673/479/432
f 2671/484/2686 3114/463/2668 3125/466/2671 2812/508/2703
f 2708/633/2745 3124/462/2667 3113/82/2468 2669/634/2746
f 2622/176/2545 3106/175/2544 3124/462/2667 2708/633/2745
f 2743/301/2603 3123/266/2583 3111/248/2565 2636/130/2508
f 2620/285/2594 3107/90/2476 3123/266/2583 2743/301/2603
f 2901/260/2577 3122/264/2581 3112/259/2576 2741/257/2574
f 2713/113/2498 3108/112/109 3122/264/2581 2901/260/2577
f 2989/134/2512 3131/258/2575 3112/259/2576 2638/135/2513
f 2636/130/2508 3111/248/2565 3121/251/2568 2739/131/2509
f 2893/174/2543 3120/178/2547 3117/180/2549 2879/649/2550
f 2707/173/2542 3106/175/2544 3120/178/2547 2893/174/2543
f 2714/642/2752 3119/115/2499 3116/120/2501 2698/97/2483
f 2624/262/2579 3108/112/109 3119/115/2499 2714/642/2752
f 2806/645/2755 3118/85/2471 3107/90/2476 2620/285/2594
f 2669/634/2746 3113/82/2468 3118/85/2471 2806/645/2755
f 3140/738/2776 3136/741/2777 3137/740/2778 3139/739/2779
f 3139/739/2779 3137/740/2778 3138/743/2780 3142/742/2781
f 3144/744/2782 3140/738/2776 3139/739/2779 3143/745/2783
f 3143/745/2783 3139/739/2779 3141/747/2784 3145/746/2785
f 3139/739/2779 3142/742/2781 3141/747/2784
f 3147/748/2786 3144/744/2782 3143/745/2783 3146/749/2787
f 3146/749/2787 3143/745/2783 3145/746/2785 3148/750/2788
f 3152/751/2789 3147/748/2786 3146/749/2787 3149/752/2790
f 3149/752/2790 3146/749/2787 3148/750/2788 3151/753/2791
f 3152/751/2789 3149/752/2790 3150/755/2792 3153/754/2793
f 3149/752/2790 3151/753/2791 3326/756/2794 3150/755/2792
f 3154/757/2795 3152/751/2789 3153/754/2793 3157/758/2796
f 3154/757/2795 3156/759/2797 3147/748/2786 3152/751/2789
f 3158/760/2798 3155/761/2799 3154/757/2795 3157/758/2796
f 3155/761/2799 3337/762/2800 3156/759/2797 3154/757/2795
f 3153/754/2793 3160/764/2801 3159/763/2802 3157/758/2796
f 3159/763/2802 3161/765/2803 3158/760/2798 3157/758/2796
f 3160/764/2801 3164/767/2804 3162/766/2805 3159/763/2802
f 3159/763/2802 3162/766/2805 3163/768/2806 3161/765/2803
f 3162/766/2805 3165/770/2807 3167/769/2808 3163/768/2806
f 3164/767/2804 3168/771/2809 3165/770/2807 3162/766/2805
f 3168/771/2809 3169/773/2810 3166/772/2811 3165/770/2807
f 3188/774/2812 3167/769/2808 3165/770/2807 3166/772/2811
f 3170/775/2813 3171/776/2814 3169/773/2810 3168/771/2809
f 3172/777/2815 3170/775/2813 3168/771/2809 3164/767/2804
f 3173/778/2816 3175/779/2817 3171/776/2814 3170/775/2813
f 3174/780/2818 3173/778/2816 3170/775/2813 3172/777/2815
f 3178/781/2819 3176/784/2820 3173/783/2816 3174/782/2818
f 3176/784/2820 3177/786/2821 3175/785/2817 3173/783/2816
f 3179/787/2822 3180/788/2823 3177/786/2821 3176/784/2820
f 3181/789/2824 3179/787/2822 3176/784/2820 3178/781/2819
f 3179/787/2822 3182/791/2825 3183/790/2826 3180/788/2823
f 3184/792/2827 3182/791/2825 3179/787/2822 3181/789/2824
f 3185/793/2828 3187/794/2829 3183/790/2826 3182/791/2825
f 3186/795/2830 3185/793/2828 3182/791/2825 3184/792/2827
f 3167/769/2808 3188/774/2812 3187/794/2829 3185/793/2828
f 3163/768/2806 3167/769/2808 3185/793/2828 3186/795/2830
f 3187/794/2829 3189/797/2831 3190/796/2832 3183/790/2826
f 3188/774/2812 3191/798/2833 3189/797/2831 3187/794/2829
f 3190/796/2832 3189/797/2831 3192/800/2834 3193/799/2835
f 3191/798/2833 3194/801/2836 3192/800/2834 3189/797/2831
f 3193/799/2835 3192/800/2834 3195/803/2837 3198/802/2838
f 3194/801/2836 3197/804/2839 3195/803/2837 3192/800/2834
f 3198/802/2838 3195/803/2837 3196/806/2840 3200/805/2841
f 3197/804/2839 3196/806/2840 3195/803/2837
f 3193/799/2835 3198/802/2838 3199/808/2842 3309/807/2843
f 3198/802/2838 3200/805/2841 3201/809/2844 3199/808/2842
f 3204/810/2845 3202/813/2846 3200/812/2841 3196/811/2840
f 3200/812/2841 3202/813/2846 3205/815/2847 3201/814/2844
f 3295/816/2848 3203/817/2849 3202/813/2846 3204/810/2845
f 3202/813/2846 3203/817/2849 3207/818/2850 3205/815/2847
f 3201/814/2844 3205/815/2847 3206/820/2851 3315/819/2852
f 3205/815/2847 3207/818/2850 3210/821/2853 3206/820/2851
f 3208/822/2854 3207/825/2850 3209/824/2855 3230/823/2856
f 3208/826/2854 3214/829/2857 3211/828/2858 3207/827/2850
f 3207/825/2850 3203/831/2849 3231/830/2859 3209/824/2855
f 3210/832/2853 3207/827/2850 3211/828/2858 3212/833/2860
f 3361/834/2861 3213/837/2862 3316/836/2863 3360/835/2864
f 3362/838/2865 3215/839/2866 3213/837/2862 3361/834/2861
f 3208/840/2854 3218/843/2867 3216/842/2868 3214/841/2857
f 3363/844/2869 3217/847/2870 3215/846/2866 3362/845/2865
f 3218/848/2867 3210/832/2853 3212/833/2860 3216/849/2868
f 3360/835/2864 3316/836/2863 3217/851/2870 3363/850/2869
f 3208/852/2854 3221/855/2871 3219/854/2872 3218/853/2867
f 3206/820/2851 3210/821/2853 3218/857/2867 3219/856/2872
f 3221/855/2871 3222/859/2873 3220/858/2874 3219/854/2872
f 3315/819/2852 3206/820/2851 3219/856/2872 3220/860/2874
f 3221/855/2871 3208/852/2854 3226/862/2875 3223/861/2876
f 3222/859/2873 3221/855/2871 3223/861/2876 3225/863/2877
f 3226/862/2875 3227/865/2878 3224/864/2879 3223/861/2876
f 3223/861/2876 3224/864/2879 3298/866/2880 3225/863/2877
f 3226/867/2875 3208/870/2854 3230/869/2856 3229/868/2881
f 3203/831/2849 3226/872/2875 3229/871/2881 3231/830/2859
f 3203/873/2849 3256/876/2882 3228/875/2883 3226/874/2875
f 3226/862/2875 3228/878/2883 3257/877/2884 3227/865/2878
f 3230/869/2856 3235/880/2885 3232/879/2886 3229/868/2881
f 3229/871/2881 3232/882/2886 3233/881/2887 3231/830/2859
f 3233/881/2887 3232/882/2886 3234/884/2888 3240/883/2889
f 3232/879/2886 3235/880/2885 3236/886/2890 3234/885/2888
f 3209/824/2855 3237/888/2891 3235/887/2885 3230/823/2856
f 3235/887/2885 3237/888/2891 3238/890/2892 3236/889/2890
f 3231/830/2859 3233/881/2887 3237/888/2891 3209/824/2855
f 3237/888/2891 3233/881/2887 3240/883/2889 3238/890/2892
f 3238/890/2892 3239/892/2893 3245/891/2894 3236/889/2890
f 3240/883/2889 3241/893/2895 3239/892/2893 3238/890/2892
f 3234/884/2888 3243/894/2896 3241/893/2895 3240/883/2889
f 3239/892/2893 3241/893/2895 3242/896/2897 3248/895/2898
f 3241/893/2895 3243/894/2896 3244/897/2899 3242/896/2897
f 3236/886/2890 3245/899/2894 3243/898/2896 3234/885/2888
f 3243/898/2896 3245/899/2894 3246/901/2900 3244/900/2899
f 3245/891/2894 3239/892/2893 3248/895/2898 3246/902/2900
f 3246/901/2900 3247/904/2901 3253/903/2902 3244/900/2899
f 3248/895/2898 3249/906/2903 3247/905/2901 3246/902/2900
f 3242/896/2897 3251/907/2904 3249/906/2903 3248/895/2898
f 3367/908/2905 3364/911/2906 3250/910/2907 3255/909/2908
f 3364/911/2906 3365/913/2909 3252/912/2910 3250/910/2907
f 3244/897/2899 3253/914/2902 3251/907/2904 3242/896/2897
f 3368/915/2911 3251/907/2904 3253/914/2902 3369/916/2912
f 3366/917/2913 3367/920/2905 3255/919/2908 3254/918/2914
f 3250/910/2907 3252/912/2910 3254/921/2914 3255/909/2908
f 3256/876/2882 3261/923/2915 3258/922/2916 3228/875/2883
f 3228/924/2883 3258/927/2916 3259/926/2917 3257/925/2884
f 3378/928/2918 3260/931/2919 3272/930/2920 3383/929/2921
f 3378/932/2918 3379/935/2922 3262/934/2923 3260/933/2919
f 3264/936/2924 3263/937/2925 3261/923/2915 3256/876/2882
f 3380/938/2926 3265/939/2927 3262/934/2923 3379/935/2922
f 3267/940/2928 3266/941/2929 3263/937/2925 3264/936/2924
f 3381/942/2930 3268/943/2931 3265/939/2927 3380/938/2926
f 3270/944/2932 3269/947/2933 3266/946/2929 3267/945/2928
f 3381/948/2930 3382/951/2934 3271/950/2935 3268/949/2931
f 3257/925/2884 3259/926/2917 3269/953/2933 3270/952/2932
f 3383/929/2921 3272/930/2920 3271/955/2935 3382/954/2934
f 3373/956/2936 3276/959/2937 3273/958/2938 3372/957/2939
f 3372/960/2939 3273/963/2938 3274/962/2940 3377/961/2941
f 3274/962/2940 3273/963/2938 3275/965/2942 3285/964/2943
f 3276/959/2937 3277/967/2944 3275/966/2942 3273/958/2938
f 3374/968/2945 3278/969/2946 3276/959/2937 3373/956/2936
f 3278/969/2946 3279/970/2947 3277/967/2944 3276/959/2937
f 3375/971/2948 3280/974/2949 3278/973/2946 3374/972/2945
f 3278/973/2946 3280/974/2949 3281/976/2950 3279/975/2947
f 3376/977/2951 3282/978/2952 3280/974/2949 3375/971/2948
f 3282/978/2952 3283/979/2953 3281/976/2950 3280/974/2949
f 3377/980/2941 3274/981/2940 3282/978/2952 3376/977/2951
f 3274/981/2940 3285/982/2943 3283/979/2953 3282/978/2952
f 3283/979/2953 3284/984/2954 3290/983/2955 3281/976/2950
f 3285/982/2943 3286/985/2956 3284/984/2954 3283/979/2953
f 3275/965/2942 3287/987/2957 3286/986/2956 3285/964/2943
f 3286/986/2956 3287/987/2957 3288/989/2958 3284/988/2954
f 3277/967/2944 3288/991/2958 3287/990/2957 3275/966/2942
f 3279/970/2947 3289/992/2959 3288/991/2958 3277/967/2944
f 3288/989/2958 3289/993/2959 3290/983/2955 3284/988/2954
f 3281/976/2950 3290/983/2955 3289/993/2959 3279/975/2947
f 3293/994/2960 3291/995/2961 3270/944/2932 3267/945/2928
f 3227/865/2878 3257/877/2884 3270/997/2932 3291/996/2961
f 3227/865/2878 3291/996/2961 3292/998/2962 3224/864/2879
f 3292/999/2962 3291/1002/2961 3293/1001/2960 3294/1000/2963
f 3293/1003/2960 3267/940/2928 3264/936/2924 3295/1004/2848
f 3293/1001/2960 3295/816/2848 3204/810/2845 3294/1000/2963
f 3295/1004/2848 3264/936/2924 3256/876/2882 3203/873/2849
f 3296/1005/2964 3292/999/2962 3294/1000/2963 3196/811/2840
f 3294/1000/2963 3204/810/2845 3196/811/2840
f 3224/864/2879 3292/998/2962 3296/1006/2964 3298/866/2880
f 3296/1007/2964 3196/806/2840 3197/804/2839 3297/1008/2965
f 3299/1009/2966 3298/1010/2880 3296/1007/2964 3297/1008/2965
f 3301/1011/2967 3225/1012/2877 3298/1010/2880 3299/1009/2966
f 3300/1013/2968 3299/1009/2966 3297/1008/2965 3314/1014/2969
f 3300/1013/2968 3302/1015/2970 3301/1011/2967 3299/1009/2966
f 3302/1015/2970 3305/1017/2971 3303/1016/2972 3301/1011/2967
f 3303/1016/2972 3222/1018/2873 3225/1012/2877 3301/1011/2967
f 3304/1019/2973 3222/1021/2873 3303/1020/2972
f 3307/1022/2974 3304/1019/2973 3303/1020/2972 3305/1023/2971
f 3308/1024/2975 3307/1022/2974 3305/1023/2971 3306/1025/2976
f 3306/1026/2976 3305/1017/2971 3302/1015/2970 3311/1027/2977
f 3309/807/2843 3199/808/2842 3304/1019/2973 3307/1022/2974
f 3310/1028/2978 3309/807/2843 3307/1022/2974 3308/1024/2975
f 3310/1028/2978 3190/796/2832 3193/799/2835 3309/807/2843
f 3183/790/2826 3190/796/2832 3310/1028/2978 3180/788/2823
f 3180/788/2823 3310/1028/2978 3308/1024/2975 3177/786/2821
f 3177/786/2821 3308/1024/2975 3306/1025/2976 3175/785/2817
f 3175/779/2817 3306/1026/2976 3311/1027/2977 3171/776/2814
f 3311/1027/2977 3302/1015/2970 3300/1013/2968 3312/1029/2979
f 3171/776/2814 3311/1027/2977 3312/1029/2979 3169/773/2810
f 3169/773/2810 3312/1029/2979 3313/1030/2980 3166/772/2811
f 3312/1029/2979 3300/1013/2968 3314/1014/2969 3313/1030/2980
f 3313/1030/2980 3191/798/2833 3188/774/2812 3166/772/2811
f 3194/801/2836 3191/798/2833 3313/1030/2980 3314/1014/2969
f 3297/1008/2965 3197/804/2839 3194/801/2836 3314/1014/2969
f 3199/808/2842 3201/809/2844 3222/1021/2873 3304/1019/2973
f 3220/860/2874 3222/1031/2873 3201/814/2844 3315/819/2852
f 3316/836/2863 3213/837/2862 3215/839/2866 3217/851/2870
f 3161/765/2803 3163/768/2806 3186/795/2830 3317/1032/2981
f 3317/1032/2981 3186/795/2830 3184/792/2827 3319/1033/2982
f 3318/1034/2983 3317/1032/2981 3319/1033/2982 3320/1035/2984
f 3158/760/2798 3161/765/2803 3317/1032/2981 3318/1034/2983
f 3319/1033/2982 3184/792/2827 3181/789/2824 3321/1036/2985
f 3320/1035/2984 3319/1033/2982 3321/1036/2985 3322/1037/2986
f 3321/1036/2985 3181/789/2824 3178/781/2819 3323/1038/2987
f 3322/1037/2986 3321/1036/2985 3323/1038/2987 3324/1039/2988
f 3323/1038/2987 3178/781/2819 3174/782/2818 3325/1040/2989
f 3324/1039/2988 3323/1038/2987 3325/1040/2989 3326/1041/2794
f 3325/1042/2989 3174/780/2818 3172/777/2815 3327/1043/2990
f 3326/756/2794 3325/1042/2989 3327/1043/2990 3150/755/2792
f 3327/1043/2990 3172/777/2815 3164/767/2804 3160/764/2801
f 3150/755/2792 3327/1043/2990 3160/764/2801 3153/754/2793
f 3328/1044/2991 3324/1039/2988 3326/1041/2794 3151/1045/2791
f 3330/1046/2992 3322/1037/2986 3324/1039/2988 3328/1044/2991
f 3151/1045/2791 3148/1048/2788 3329/1047/2993 3328/1044/2991
f 3328/1044/2991 3329/1047/2993 3331/1049/2994 3330/1046/2992
f 3332/1050/2995 3320/1035/2984 3322/1037/2986 3330/1046/2992
f 3333/1051/2996 3332/1050/2995 3330/1046/2992 3331/1049/2994
f 3334/1052/2997 3318/1034/2983 3320/1035/2984 3332/1050/2995
f 3335/1053/2998 3334/1052/2997 3332/1050/2995 3333/1051/2996
f 3334/1052/2997 3155/761/2799 3158/760/2798 3318/1034/2983
f 3334/1052/2997 3335/1053/2998 3337/762/2800 3155/761/2799
f 3336/1054/2999 3335/1053/2998 3333/1051/2996 3346/1055/3000
f 3335/1053/2998 3336/1054/2999 3338/1056/3001 3337/762/2800
f 3337/762/2800 3338/1056/3001 3340/1057/3002 3156/759/2797
f 3341/1058/3003 3340/1057/3002 3338/1056/3001 3339/1059/3004
f 3336/1054/2999 3344/1060/3005 3339/1059/3004 3338/1056/3001
f 3156/759/2797 3340/1057/3002 3144/744/2782 3147/748/2786
f 3140/738/2776 3144/744/2782 3340/1057/3002 3341/1058/3003
f 3136/741/2777 3140/738/2776 3341/1058/3003 3342/1061/3006
f 3135/1062/3007 3342/1061/3006 3341/1058/3003 3339/1059/3004
f 3344/1060/3005 3343/1063/3008 3135/1062/3007 3339/1059/3004
f 3345/1064/3009 3134/1065/3010 3343/1063/3008 3344/1060/3005
f 3346/1055/3000 3345/1064/3009 3344/1060/3005 3336/1054/2999
f 3346/1055/3000 3348/1067/3011 3347/1066/3012 3345/1064/3009
f 3347/1066/3012 3133/1068/3013 3134/1065/3010 3345/1064/3009
f 3351/1069/3014 3349/1070/3015 3347/1066/3012 3348/1067/3011
f 3349/1070/3015 3132/1071/3016 3133/1068/3013 3347/1066/3012
f 3141/1072/2784 3350/1073/3017 3132/1071/3016 3349/1070/3015
f 3142/742/2781 3138/743/2780 3350/1074/3017 3141/747/2784
f 3145/1075/2785 3141/1072/2784 3349/1070/3015 3351/1069/3014
f 3148/1048/2788 3145/1075/2785 3351/1069/3014 3329/1047/2993
f 3329/1047/2993 3351/1069/3014 3348/1067/3011 3331/1049/2994
f 3346/1055/3000 3333/1051/2996 3331/1049/2994 3348/1067/3011
f 3359/1076/3018 3355/1079/3019 3354/1078/3020 3358/1077/3021
f 3358/1080/3021 3354/1083/3020 3353/1082/3022 3357/1081/3023
f 3357/1084/3023 3353/1087/3022 3352/1086/3024 3356/1085/3025
f 3356/1085/3025 3352/1086/3024 3355/1079/3019 3359/1076/3018
f 3211/828/2858 3356/1085/3025 3359/1076/3018 3212/833/2860
f 3214/829/2857 3357/1084/3023 3356/1085/3025 3211/828/2858
f 3216/842/2868 3358/1080/3021 3357/1081/3023 3214/841/2857
f 3212/833/2860 3359/1076/3018 3358/1077/3021 3216/849/2868
f 3355/1079/3019 3360/835/2864 3363/850/2869 3354/1078/3020
f 3354/1083/3020 3363/844/2869 3362/845/2865 3353/1082/3022
f 3353/1087/3022 3362/838/2865 3361/834/2861 3352/1086/3024
f 3352/1086/3024 3361/834/2861 3360/835/2864 3355/1079/3019
f 3369/1088/2912 3371/1089/3026 3367/920/2905 3366/917/2913
f 3252/912/2910 3365/913/2909 3366/1090/2913 3254/921/2914
f 3370/1091/3027 3368/915/2911 3365/913/2909 3364/911/2906
f 3371/1092/3026 3370/1091/3027 3364/911/2906 3367/908/2905
f 3247/905/2901 3249/906/2903 3370/1091/3027 3371/1092/3026
f 3249/906/2903 3251/907/2904 3368/915/2911 3370/1091/3027
f 3253/903/2902 3247/904/2901 3371/1089/3026 3369/1088/2912
f 3365/913/2909 3368/915/2911 3369/916/2912 3366/1090/2913
f 3268/943/2931 3377/980/2941 3376/977/2951 3265/939/2927
f 3265/939/2927 3376/977/2951 3375/971/2948 3262/934/2923
f 3262/934/2923 3375/971/2948 3374/972/2945 3260/933/2919
f 3260/931/2919 3374/968/2945 3373/956/2936 3272/930/2920
f 3271/950/2935 3372/960/2939 3377/961/2941 3268/949/2931
f 3272/930/2920 3373/956/2936 3372/957/2939 3271/955/2935
f 3259/926/2917 3383/929/2921 3382/954/2934 3269/953/2933
f 3266/946/2929 3269/947/2933 3382/951/2934 3381/948/2930
f 3266/941/2929 3381/942/2930 3380/938/2926 3263/937/2925
f 3263/937/2925 3380/938/2926 3379/935/2922 3261/923/2915
f 3258/922/2916 3261/923/2915 3379/935/2922 3378/932/2918
f 3258/927/2916 3378/928/2918 3383/929/2921 3259/926/2917
s 0
f 1426/1093/1480 1412/1095/1480 3390/1094/1480
f 1411/1096/1481 1414/1098/1481 3384/1097/1481
f 1416/1099/1482 1411/1096/1482 3384/1097/1482 3385/1100/1482
f 3384/1097/1483 1414/1098/1483 1410/1101/1483
f 1418/1102/1484 1416/1099/1484 3385/1100/1484 3386/1103/1484
f 1410/1101/1485 1415/1104/1485 3385/1100/1485 3384/1097/1485
f 1424/1105/1486 1418/1102/1486 3386/1103/1486 3390/1094/1486
f 1415/1104/1487 1420/1106/1487 3386/1103/1487 3385/1100/1487
f 1426/1107/1472 3391/1109/1472 1412/1108/1472
f 1411/1110/1473 3387/1112/1473 1414/1111/1473
f 1416/1113/1474 3388/1114/1474 3387/1112/1474 1411/1110/1474
f 3387/1112/1475 1410/1115/1475 1414/1111/1475
f 1418/1116/1476 3389/1117/1476 3388/1114/1476 1416/1113/1476
f 1410/1115/3028 3387/1112/3028 3388/1114/3028 1415/1118/3028
f 1424/1119/1478 3391/1109/1478 3389/1117/1478 1418/1116/1478
f 1415/1118/1479 3388/1114/1479 3389/1117/1479 1420/1120/1479
f 1412/1108/1490 3391/1109/1490 1424/1119/1490
f 1420/1120/1491 3389/1117/1491 3391/1109/1491 1426/1107/1491
f 1412/1095/1488 1424/1105/1488 3390/1094/1488
f 1420/1106/1489 1426/1093/1489 3390/1094/1489 3386/1103/1489
s 1
f 3392/1121/1492 3395/1124/1496 3399/1123/3029 3396/1122/1493
f 3393/1125/1495 3392/1121/1492 3396/1122/1493 3397/1126/3030
f 3394/1127/1498 3393/1125/1495 3397/1126/3030 3398/1128/3031
f 3395/1124/1496 3394/1130/1498 3398/1129/3031 3399/1123/3029
f 3396/1122/1493 3399/1123/3029 3403/1132/3032 3400/1131/3033
f 3397/1126/3030 3396/1122/1493 3400/1131/3033 3401/1133/3034
f 3398/1128/3031 3397/1126/3030 3401/1133/3034 3402/1134/3035
f 3399/1123/3029 3398/1129/3031 3402/1135/3035 3403/1132/3032
f 3400/1131/3033 3403/1132/3032 3407/1137/3036 3404/1136/3037
f 3401/1133/3034 3400/1131/3033 3404/1136/3037 3405/1138/3038
f 3402/1134/3035 3401/1133/3034 3405/1138/3038 3406/1139/3039
f 3403/1132/3032 3402/1135/3035 3406/1140/3039 3407/1137/3036
f 3404/1136/3037 3407/1137/3036 3411/1142/3040 3408/1141/3041
f 3405/1138/3038 3404/1136/3037 3408/1141/3041 3409/1143/3042
f 3406/1139/3039 3405/1138/3038 3409/1143/3042 3410/1144/3043
f 3407/1137/3036 3406/1140/3039 3410/1145/3043 3411/1142/3040
f 3408/1141/3041 3411/1142/3040 3415/1147/3044 3412/1146/3045
f 3409/1143/3042 3408/1141/3041 3412/1146/3045 3413/1148/3046
f 3410/1144/3043 3409/1143/3042 3413/1148/3046 3414/1149/3047
f 3411/1142/3040 3410/1145/3043 3414/1150/3047 3415/1147/3044
f 3412/1146/3045 3415/1147/3044 3419/1152/3048 3416/1151/3049
f 3413/1148/3046 3412/1146/3045 3416/1151/3049 3417/1153/3050
f 3414/1149/3047 3413/1148/3046 3417/1153/3050 3418/1154/3051
f 3415/1147/3044 3414/1150/3047 3418/1155/3051 3419/1152/3048
f 3416/1151/3049 3419/1152/3048 3423/1157/3052 3420/1156/3053
f 3417/1153/3050 3416/1151/3049 3420/1156/3053 3421/1158/3054
f 3418/1154/3051 3417/1153/3050 3421/1158/3054 3422/1159/3055
f 3419/1152/3048 3418/1155/3051 3422/1160/3055 3423/1157/3052
f 3420/1156/3053 3423/1157/3052 3427/1162/3056 3424/1161/3057
f 3421/1158/3054 3420/1156/3053 3424/1161/3057 3425/1163/3058
f 3422/1159/3055 3421/1158/3054 3425/1163/3058 3426/1164/3059
f 3423/1157/3052 3422/1160/3055 3426/1165/3059 3427/1162/3056
f 3424/1161/3057 3427/1162/3056 3431/1167/3060 3428/1166/3061
f 3425/1163/3058 3424/1161/3057 3428/1166/3061 3429/1168/3062
f 3426/1164/3059 3425/1163/3058 3429/1168/3062 3430/1169/3063
f 3427/1162/3056 3426/1165/3059 3430/1170/3063 3431/1167/3060
f 3428/1166/3061 3431/1167/3060 3435/1172/1534 3432/1171/3064
f 3429/1168/3062 3428/1166/3061 3432/1171/3064 3433/1173/3065
f 3430/1169/3063 3429/1168/3062 3433/1173/3065 3434/1174/3066
f 3431/1167/3060 3430/1170/3063 3434/1175/3066 3435/1172/1534
f 3432/1171/3064 3435/1172/1534 3439/1177/3067 3436/1176/3068
f 3433/1173/3065 3432/1171/3064 3436/1176/3068 3437/1178/3069
f 3434/1174/3066 3433/1173/3065 3437/1178/3069 3438/1179/3070
f 3435/1172/1534 3434/1175/3066 3438/1180/3070 3439/1177/3067
f 3436/1176/3068 3439/1177/3067 3443/1182/3071 3440/1181/3072
f 3437/1178/3069 3436/1176/3068 3440/1181/3072 3441/1183/3073
f 3438/1179/3070 3437/1178/3069 3441/1183/3073 3442/1184/3074
f 3439/1177/3067 3438/1180/3070 3442/1185/3074 3443/1182/3071
f 3440/1181/3072 3443/1182/3071 3447/1187/3075 3444/1186/3076
f 3441/1183/3073 3440/1181/3072 3444/1186/3076 3445/1188/3077
f 3442/1184/3074 3441/1183/3073 3445/1188/3077 3446/1189/3078
f 3443/1182/3071 3442/1185/3074 3446/1190/3078 3447/1187/3075
f 3444/1186/3076 3447/1187/3075 3451/1192/3079 3448/1191/3080
f 3445/1188/3077 3444/1186/3076 3448/1191/3080 3449/1193/3081
f 3446/1189/3078 3445/1188/3077 3449/1193/3081 3450/1194/3082
f 3447/1187/3075 3446/1190/3078 3450/1195/3082 3451/1192/3079
f 3448/1191/3080 3451/1192/3079 3455/1197/3083 3452/1196/3084
f 3449/1193/3081 3448/1191/3080 3452/1196/3084 3453/1198/3085
f 3450/1194/3082 3449/1193/3081 3453/1198/3085 3454/1199/3086
f 3451/1192/3079 3450/1195/3082 3454/1200/3086 3455/1197/3083
f 3452/1196/3084 3455/1197/3083 3459/1202/3087 3456/1201/3088
f 3453/1198/3085 3452/1196/3084 3456/1201/3088 3457/1203/3089
f 3454/1199/3086 3453/1198/3085 3457/1203/3089 3458/1204/3090
f 3455/1197/3083 3454/1200/3086 3458/1205/3090 3459/1202/3087
f 3456/1201/3088 3459/1202/3087 3463/1207/3091 3460/1206/3092
f 3457/1203/3089 3456/1201/3088 3460/1206/3092 3461/1208/3093
f 3458/1204/3090 3457/1203/3089 3461/1208/3093 3462/1209/3094
f 3459/1202/3087 3458/1205/3090 3462/1210/3094 3463/1207/3091
f 3460/1206/3092 3463/1207/3091 3465/1212/3095 1500/1211/3096
f 3461/1208/3093 3460/1206/3092 1500/1211/3096 3464/1213/3097
f 3462/1209/3094 3461/1208/3093 3464/1213/3097 1502/1214/3098
f 3463/1207/3091 3462/1210/3094 1502/1215/3098 3465/1212/3095
f 1500/1211/3096 3465/1212/3095 3467/1217/3099 1504/1216/3100
f 3464/1213/3097 1500/1211/3096 1504/1216/3100 3466/1218/3101
f 1502/1214/3098 3464/1213/3097 3466/1218/3101 1506/1219/3102
f 3465/1212/3095 1502/1215/3098 1506/1220/3102 3467/1217/3099
f 1504/1216/3100 3467/1217/3099 3471/1222/3103 3468/1221/3104
f 3466/1218/3101 1504/1216/3100 3468/1221/3104 3469/1223/3105
f 1506/1219/3102 3466/1218/3101 3469/1223/3105 3470/1224/3106
f 3467/1217/3099 1506/1220/3102 3470/1225/3106 3471/1222/3103
f 3468/1221/3104 3471/1222/3103 3475/1227/3107 3472/1226/3108
f 3469/1223/3105 3468/1221/3104 3472/1226/3108 3473/1228/3109
f 3470/1224/3106 3469/1223/3105 3473/1228/3109 3474/1229/3110
f 3471/1222/3103 3470/1225/3106 3474/1230/3110 3475/1227/3107
f 3472/1226/3108 3475/1227/3107 3479/1232/3111 3476/1231/3112
f 3473/1228/3109 3472/1226/3108 3476/1231/3112 3477/1233/3113
f 3474/1229/3110 3473/1228/3109 3477/1233/3113 3478/1234/3114
f 3475/1227/3107 3474/1230/3110 3478/1235/3114 3479/1232/3111
f 3476/1231/3112 3479/1232/3111 3483/1237/3115 3480/1236/3116
f 3477/1233/3113 3476/1231/3112 3480/1236/3116 3481/1238/3117
f 3478/1234/3114 3477/1233/3113 3481/1238/3117 3482/1239/3118
f 3479/1232/3111 3478/1235/3114 3482/1240/3118 3483/1237/3115
f 3480/1236/3116 3483/1237/3115 3487/1242/3119 3484/1241/1588
f 3481/1238/3117 3480/1236/3116 3484/1241/1588 3485/1243/3120
f 3482/1239/3118 3481/1238/3117 3485/1243/3120 3486/1244/3121
f 3483/1237/3115 3482/1240/3118 3486/1245/3121 3487/1242/3119
f 3493/1246/3122 3488/1249/3123 3525/1248/3124 3529/1247/3125
f 3527/1250/3126 3509/1253/3127 3510/1252/3128 3531/1251/3129
f 3491/1254/3130 3526/1257/3131 3530/1256/3132 3496/1255/3133
f 3525/1248/3124 3504/1259/3134 3505/1258/3135 3529/1247/3125
f 3497/1260/3136 3492/1263/3137 3524/1262/3138 3528/1261/3139
f 3526/1257/3131 3517/1265/3140 3518/1264/3141 3530/1256/3132
f 3498/1266/3142 3532/1269/3143 3533/1268/3144 3499/1267/3145
f 3524/1262/3138 3513/1271/3146 3514/1270/3147 3528/1261/3139
f 3500/1272/3148 3534/1275/3149 3535/1274/3150 3501/1273/3151
f 3532/1269/3143 3507/1277/3152 3508/1276/3153 3533/1268/3144
f 3502/1278/3154 3536/1281/3155 3537/1280/3156 3503/1279/3157
f 3534/1275/3149 3511/1283/3158 3512/1282/3159 3535/1274/3150
f 3504/1259/3134 3538/1285/3160 3539/1284/3161 3505/1258/3135
f 3536/1281/3155 3515/1287/3162 3516/1286/3163 3537/1280/3156
f 3491/1254/3130 3496/1255/3133 3541/1289/3164 3540/1288/3165
f 3507/1277/3152 3542/1291/3166 3543/1290/3167 3508/1276/3153
f 3506/1292/3168 3540/1288/3165 3541/1289/3164
f 3509/1253/3127 3544/1294/3169 3545/1293/3170 3510/1252/3128
f 3542/1291/3166 3488/1296/3123 3493/1295/3122 3543/1290/3167
f 3511/1283/3158 3546/1298/3171 3547/1297/3172 3512/1282/3159
f 3544/1294/3169 3498/1266/3142 3499/1267/3145 3545/1293/3170
f 3513/1271/3146 3548/1300/3173 3549/1299/3174 3514/1270/3147
f 3546/1301/3171 3490/1304/3175 3495/1303/3176 3547/1302/3172
f 3515/1287/3162 3550/1306/3177 3551/1305/3178 3516/1286/3163
f 3548/1300/3173 3500/1272/3148 3501/1273/3151 3549/1299/3174
f 3517/1265/3140 3552/1308/3179 3553/1307/3180 3518/1264/3141
f 3550/1306/3177 3492/1310/3137 3497/1309/3136 3551/1305/3178
f 3552/1308/3179 3502/1278/3154 3503/1279/3157 3553/1307/3180
f 3538/1285/3160 3489/1312/3181 3554/1311/3182 3539/1284/3161
f 3556/1313/3183 3521/1316/3184 3520/1315/3185 3555/1314/3186
f 3520/1315/3185 3521/1316/3184 3558/1318/3187 3557/1317/3188
f 3558/1318/3187 3523/1320/3189 3522/1319/3189 3557/1317/3188
f 3494/1321/3190 3554/1311/3182 3489/1312/3181 3519/1322/3191
f 3490/1304/3175 3527/1250/3126 3531/1251/3129 3495/1303/3176
f 3519/1322/3191 3556/1313/3183 3555/1314/3186 3494/1321/3190
f 3566/1323/1719 3578/1326/1720 3603/1325/1721 3586/1324/1722
f 3578/1326/1720 3565/1328/1723 3584/1327/1724 3603/1325/1721
f 3603/1325/1721 3584/1327/1724 3560/1330/1725 3582/1329/1726
f 3586/1324/1722 3603/1325/1721 3582/1329/1726 3559/1331/1727
f 3559/1331/1727 3582/1329/1726 3604/1333/1728 3575/1332/1729
f 3582/1329/1726 3560/1330/1725 3576/1334/1730 3604/1333/1728
f 3604/1333/1728 3576/1334/1730 3562/1336/1731 3585/1335/1732
f 3575/1332/1729 3604/1333/1728 3585/1335/1732 3561/1337/1733
f 3566/1323/1719 3579/1339/1734 3605/1338/1735 3578/1326/1720
f 3579/1339/1734 3564/1341/1736 3581/1340/1737 3605/1338/1735
f 3605/1338/1735 3581/1340/1737 3563/1343/1738 3580/1342/1739
f 3578/1326/1720 3605/1338/1735 3580/1342/1739 3565/1328/1723
f 3561/1344/1733 3583/1347/1740 3606/1346/1741 3592/1345/1742
f 3583/1347/1740 3564/1341/1736 3591/1348/1743 3606/1346/1741
f 3606/1346/1741 3591/1348/1743 3569/1350/1744 3589/1349/1745
f 3592/1345/1742 3606/1346/1741 3589/1349/1745 3568/1351/1746
f 3563/1343/1738 3581/1340/1737 3607/1353/1747 3577/1352/1748
f 3581/1340/1737 3564/1341/1736 3583/1347/1740 3607/1353/1747
f 3607/1353/1747 3583/1347/1740 3561/1344/1733 3585/1354/1732
f 3577/1352/1748 3607/1353/1747 3585/1354/1732 3562/1355/1731
f 3570/1356/1749 3590/1359/1750 3608/1358/1751 3600/1357/1752
f 3590/1359/1750 3567/1361/1753 3599/1360/1754 3608/1358/1751
f 3608/1358/1751 3599/1360/1754 3571/1363/1755 3598/1362/1756
f 3600/1357/1752 3608/1358/1751 3598/1362/1756 3574/1364/1757
f 3564/1341/1736 3579/1339/1734 3609/1365/1758 3591/1348/1743
f 3579/1339/1734 3566/1323/1719 3593/1366/1759 3609/1365/1758
f 3609/1365/1758 3593/1366/1759 3570/1356/1749 3588/1367/1760
f 3591/1348/1743 3609/1365/1758 3588/1367/1760 3569/1350/1744
f 3559/1331/1727 3575/1332/1729 3610/1369/1761 3594/1368/1762
f 3575/1332/1729 3561/1337/1733 3592/1370/1742 3610/1369/1761
f 3610/1369/1761 3592/1370/1742 3568/1372/1746 3587/1371/1763
f 3594/1368/1762 3610/1369/1761 3587/1371/1763 3567/1361/1753
f 3566/1323/1719 3586/1324/1722 3611/1373/1764 3593/1366/1759
f 3586/1324/1722 3559/1331/1727 3594/1368/1762 3611/1373/1764
f 3611/1373/1764 3594/1368/1762 3567/1361/1753 3590/1359/1750
f 3593/1366/1759 3611/1373/1764 3590/1359/1750 3570/1356/1749
f 3573/1374/1765 3596/1377/1766 3612/1376/1767 3597/1375/1768
f 3596/1377/1766 3574/1364/1757 3598/1362/1756 3612/1376/1767
f 3612/1376/1767 3598/1362/1756 3571/1363/1755 3595/1378/1769
f 3597/1375/1768 3612/1376/1767 3595/1378/1769 3572/1379/1770
f 3569/1350/1744 3588/1367/1760 3613/1381/1771 3601/1380/1772
f 3588/1367/1760 3570/1356/1749 3600/1357/1752 3613/1381/1771
f 3613/1381/1771 3600/1357/1752 3574/1364/1757 3596/1377/1766
f 3601/1380/1772 3613/1381/1771 3596/1377/1766 3573/1374/1765
f 3568/1351/1746 3589/1349/1745 3614/1383/1773 3602/1382/1774
f 3589/1349/1745 3569/1350/1744 3601/1380/1772 3614/1383/1773
f 3614/1383/1773 3601/1380/1772 3573/1374/1765 3597/1384/1768
f 3602/1382/1774 3614/1383/1773 3597/1384/1768 3572/1385/1770
f 3567/1361/1753 3587/1371/1763 3615/1386/1775 3599/1360/1754
f 3587/1371/1763 3568/1372/1746 3602/1387/1774 3615/1386/1775
f 3615/1386/1775 3602/1387/1774 3572/1379/1770 3595/1378/1769
f 3599/1360/1754 3615/1386/1775 3595/1378/1769 3571/1363/1755
f 3623/1323/1662 3643/1324/1663 3660/1325/1664 3635/1326/1665
f 3635/1326/1665 3660/1325/1664 3641/1327/1666 3622/1328/1667
f 3660/1325/1664 3639/1329/1668 3617/1330/1669 3641/1327/1666
f 3643/1324/1663 3616/1331/1670 3639/1329/1668 3660/1325/1664
f 3616/1331/1670 3632/1332/1671 3661/1333/1672 3639/1329/1668
f 3639/1329/1668 3661/1333/1672 3633/1334/1673 3617/1330/1669
f 3661/1333/1672 3642/1335/1674 3619/1336/1675 3633/1334/1673
f 3632/1332/1671 3618/1337/1676 3642/1335/1674 3661/1333/1672
f 3623/1323/1662 3635/1326/1665 3662/1338/1677 3636/1339/1678
f 3636/1339/1678 3662/1338/1677 3638/1340/1679 3621/1341/1680
f 3662/1338/1677 3637/1342/1681 3620/1343/1682 3638/1340/1679
f 3635/1326/1665 3622/1328/1667 3637/1342/1681 3662/1338/1677
f 3618/1344/1676 3649/1345/1683 3663/1346/1684 3640/1347/1685
f 3640/1347/1685 3663/1346/1684 3648/1348/1686 3621/1341/1680
f 3663/1346/1684 3646/1349/1687 3626/1350/1688 3648/1348/1686
f 3649/1345/1683 3625/1351/1689 3646/1349/1687 3663/1346/1684
f 3620/1343/1682 3634/1352/1690 3664/1353/1691 3638/1340/1679
f 3638/1340/1679 3664/1353/1691 3640/1347/1685 3621/1341/1680
f 3664/1353/1691 3642/1354/1674 3618/1344/1676 3640/1347/1685
f 3634/1352/1690 3619/1355/1675 3642/1354/1674 3664/1353/1691
f 3627/1356/1692 3657/1357/1693 3665/1358/1694 3647/1359/1695
f 3647/1359/1695 3665/1358/1694 3656/1360/1696 3624/1361/1697
f 3665/1358/1694 3655/1362/1698 3628/1363/1699 3656/1360/1696
f 3657/1357/1693 3631/1364/1700 3655/1362/1698 3665/1358/1694
f 3621/1341/1680 3648/1348/1686 3666/1365/1701 3636/1339/1678
f 3636/1339/1678 3666/1365/1701 3650/1366/1702 3623/1323/1662
f 3666/1365/1701 3645/1367/1703 3627/1356/1692 3650/1366/1702
f 3648/1348/1686 3626/1350/1688 3645/1367/1703 3666/1365/1701
f 3616/1331/1670 3651/1368/1704 3667/1369/1705 3632/1332/1671
f 3632/1332/1671 3667/1369/1705 3649/1370/1683 3618/1337/1676
f 3667/1369/1705 3644/1371/1706 3625/1372/1689 3649/1370/1683
f 3651/1368/1704 3624/1361/1697 3644/1371/1706 3667/1369/1705
f 3623/1323/1662 3650/1366/1702 3668/1373/1707 3643/1324/1663
f 3643/1324/1663 3668/1373/1707 3651/1368/1704 3616/1331/1670
f 3668/1373/1707 3647/1359/1695 3624/1361/1697 3651/1368/1704
f 3650/1366/1702 3627/1356/1692 3647/1359/1695 3668/1373/1707
f 3630/1374/1708 3654/1375/1709 3669/1376/1710 3653/1377/1711
f 3653/1377/1711 3669/1376/1710 3655/1362/1698 3631/1364/1700
f 3669/1376/1710 3652/1378/1712 3628/1363/1699 3655/1362/1698
f 3654/1375/1709 3629/1379/1713 3652/1378/1712 3669/1376/1710
f 3626/1350/1688 3658/1380/1714 3670/1381/1715 3645/1367/1703
f 3645/1367/1703 3670/1381/1715 3657/1357/1693 3627/1356/1692
f 3670/1381/1715 3653/1377/1711 3631/1364/1700 3657/1357/1693
f 3658/1380/1714 3630/1374/1708 3653/1377/1711 3670/1381/1715
f 3625/1351/1689 3659/1382/1716 3671/1383/1717 3646/1349/1687
f 3646/1349/1687 3671/1383/1717 3658/1380/1714 3626/1350/1688
f 3671/1383/1717 3654/1384/1709 3630/1374/1708 3658/1380/1714
f 3659/1382/1716 3629/1385/1713 3654/1384/1709 3671/1383/1717
f 3624/1361/1697 3656/1360/1696 3672/1386/1718 3644/1371/1706
f 3644/1371/1706 3672/1386/1718 3659/1387/1716 3625/1372/1689
f 3672/1386/1718 3652/1378/1712 3629/1379/1713 3659/1387/1716
f 3656/1360/1696 3628/1363/1699 3652/1378/1712 3672/1386/1718
f 3773/1406/1870 3772/1409/1871 3697/1408/1872 3698/1407/1873
f 3691/1410/1874 3771/1413/3193 3695/1412/3194 3696/1411/3195
f 3690/1414/1878 3770/1417/1879 3693/1416/1880 3694/1415/1881
f 3774/1418/1882 3773/1406/1870 3698/1407/1873 3699/1419/1883
f 3772/1409/1871 3691/1421/1874 3696/1420/3195 3697/1408/1872
f 3771/1413/3193 3690/1414/1878 3694/1415/1881 3695/1412/3194
f 3770/1417/1879 3689/1422/1884 3693/1416/1880
f 3692/1423/1885 3774/1418/1882 3699/1419/1883
f 3699/1419/1883 3698/1407/1873 3705/1425/1886 3706/1424/1887
f 3697/1408/1872 3696/1420/3195 3703/1427/1888 3704/1426/1889
f 3695/1412/3194 3694/1415/1881 3701/1429/1890 3702/1428/1891
f 3693/1416/1880 3689/1422/1884 3700/1430/1892
f 3692/1423/1885 3699/1419/1883 3706/1424/1887
f 3698/1407/1873 3697/1408/1872 3704/1426/1889 3705/1425/1886
f 3696/1411/3195 3695/1412/3194 3702/1428/1891 3703/1431/1888
f 3694/1415/1881 3693/1416/1880 3700/1430/1892 3701/1429/1890
f 3702/1428/1891 3701/1429/1890 3708/1433/1893 3709/1432/1894
f 3700/1430/1892 3689/1422/1884 3707/1434/1895
f 3692/1423/1885 3706/1424/1887 3713/1435/1896
f 3705/1425/1886 3704/1426/1889 3711/1437/1897 3712/1436/3196
f 3703/1431/1888 3702/1428/1891 3709/1432/1894 3710/1438/1899
f 3701/1429/1890 3700/1430/1892 3707/1434/1895 3708/1433/1893
f 3706/1424/1887 3705/1425/1886 3712/1436/3196 3713/1435/1896
f 3704/1426/1889 3703/1427/1888 3710/1439/1899 3711/1437/1897
f 3692/1423/1885 3713/1435/1896 3720/1440/3197
f 3712/1436/3196 3711/1437/1897 3718/1442/1901 3719/1441/1902
f 3710/1438/1899 3709/1432/1894 3716/1444/3198 3717/1443/1904
f 3708/1433/1893 3707/1434/1895 3714/1446/1905 3715/1445/1906
f 3713/1435/1896 3712/1436/3196 3719/1441/1902 3720/1440/3197
f 3711/1437/1897 3710/1439/1899 3717/1447/1904 3718/1442/1901
f 3709/1432/1894 3708/1433/1893 3715/1445/1906 3716/1444/3198
f 3707/1434/1895 3689/1422/1884 3714/1446/1905
f 3715/1445/1906 3714/1446/1905 3721/1449/1907 3722/1448/1908
f 3720/1440/3197 3719/1441/1902 3726/1451/1909 3727/1450/1910
f 3718/1442/1901 3717/1447/1904 3724/1453/1911 3725/1452/1912
f 3716/1444/3198 3715/1445/1906 3722/1448/1908 3723/1454/1913
f 3714/1446/1905 3689/1422/1884 3721/1449/1907
f 3692/1423/1885 3720/1440/3197 3727/1450/1910
f 3719/1441/1902 3718/1442/1901 3725/1452/1912 3726/1451/1909
f 3717/1443/1904 3716/1444/3198 3723/1454/1913 3724/1455/1911
f 3727/1450/1910 3726/1451/1909 3733/1457/1914 3734/1456/1915
f 3725/1452/1912 3724/1453/1911 3731/1459/3199 3732/1458/1917
f 3723/1454/1913 3722/1448/1908 3729/1461/1918 3730/1460/1919
f 3721/1449/1907 3689/1422/1884 3728/1462/1920
f 3692/1423/1885 3727/1450/1910 3734/1456/1915
f 3726/1451/1909 3725/1452/1912 3732/1458/1917 3733/1457/1914
f 3724/1455/1911 3723/1454/1913 3730/1460/1919 3731/1463/3199
f 3722/1448/1908 3721/1449/1907 3728/1462/1920 3729/1461/1918
f 3728/1462/1920 3689/1422/1884 3735/1464/1921
f 3692/1423/1885 3734/1456/1915 3741/1465/1922
f 3733/1457/1914 3732/1458/1917 3739/1467/1923 3740/1466/1924
f 3731/1463/3199 3730/1460/1919 3737/1469/1925 3738/1468/3200
f 3729/1461/1918 3728/1462/1920 3735/1464/1921 3736/1470/1927
f 3734/1456/1915 3733/1457/1914 3740/1466/1924 3741/1465/1922
f 3732/1458/1917 3731/1459/3199 3738/1471/3200 3739/1467/1923
f 3730/1460/1919 3729/1461/1918 3736/1470/1927 3737/1469/1925
f 3740/1466/1924 3739/1467/1923 3746/1473/1928 3747/1472/1929
f 3738/1468/3200 3737/1469/1925 3744/1475/1930 3745/1474/1931
f 3736/1470/1927 3735/1464/1921 3742/1477/1932 3743/1476/1933
f 3741/1465/1922 3740/1466/1924 3747/1472/1929 3748/1478/1934
f 3739/1467/1923 3738/1471/3200 3745/1479/1931 3746/1473/1928
f 3737/1469/1925 3736/1470/1927 3743/1476/1933 3744/1475/1930
f 3735/1464/1921 3689/1422/1884 3742/1477/1932
f 3692/1423/1885 3741/1465/1922 3748/1478/1934
f 3748/1478/1934 3747/1472/1929 3754/1481/1935 3755/1480/1936
f 3746/1473/1928 3745/1479/1931 3752/1483/3201 3753/1482/1938
f 3744/1475/1930 3743/1476/1933 3750/1485/1939 3751/1484/3202
f 3742/1477/1932 3689/1422/1884 3749/1486/1941
f 3692/1423/1885 3748/1478/1934 3755/1480/1936
f 3747/1472/1929 3746/1473/1928 3753/1482/1938 3754/1481/1935
f 3745/1474/1931 3744/1475/1930 3751/1484/3202 3752/1487/3201
f 3743/1476/1933 3742/1477/1932 3749/1486/1941 3750/1485/1939
f 3753/1482/1938 3752/1483/3201 3759/1489/1942 3760/1488/1943
f 3751/1484/3202 3750/1485/1939 3757/1491/1944 3758/1490/1945
f 3749/1486/1941 3689/1422/1884 3756/1492/1946
f 3692/1423/1885 3755/1480/1936 3762/1493/1947
f 3754/1481/1935 3753/1482/1938 3760/1488/1943 3761/1494/3203
f 3752/1487/3201 3751/1484/3202 3758/1490/1945 3759/1495/1942
f 3750/1485/1939 3749/1486/1941 3756/1492/1946 3757/1491/1944
f 3755/1480/1936 3754/1481/1935 3761/1494/3203 3762/1493/1947
f 3692/1423/1885 3762/1493/1947 3769/1496/1949
f 3761/1494/3203 3760/1488/1943 3767/1498/1950 3768/1497/1951
f 3759/1495/1942 3758/1490/1945 3765/1500/3204 3766/1499/3205
f 3757/1491/1944 3756/1492/1946 3763/1502/1954 3764/1501/1955
f 3762/1493/1947 3761/1494/3203 3768/1497/1951 3769/1496/1949
f 3760/1488/1943 3759/1489/1942 3766/1503/3205 3767/1498/1950
f 3758/1490/1945 3757/1491/1944 3764/1501/1955 3765/1500/3204
f 3756/1492/1946 3689/1422/1884 3763/1502/1954
f 3766/1499/3205 3765/1500/3204 3771/1413/3193 3691/1410/1874
f 3764/1501/1955 3763/1502/1954 3770/1417/1879 3690/1414/1878
f 3769/1496/1949 3768/1497/1951 3773/1406/1870 3774/1418/1882
f 3767/1498/1950 3766/1503/3205 3691/1421/1874 3772/1409/1871
f 3765/1500/3204 3764/1501/1955 3690/1414/1878 3771/1413/3193
f 3763/1502/1954 3689/1422/1884 3770/1417/1879
f 3692/1423/1885 3769/1496/1949 3774/1418/1882
f 3768/1497/1951 3767/1498/1950 3772/1409/1871 3773/1406/1870
f 3859/1406/1784 3784/1407/1785 3783/1408/1786 3858/1409/1787
f 3777/1410/1788 3782/1411/1789 3781/1412/1790 3857/1413/1791
f 3776/1414/1792 3780/1415/1793 3779/1416/1794 3856/1417/3206
f 3860/1418/1796 3785/1419/1797 3784/1407/1785 3859/1406/1784
f 3858/1409/1787 3783/1408/1786 3782/1420/1789 3777/1421/1788
f 3857/1413/1791 3781/1412/1790 3780/1415/1793 3776/1414/1792
f 3856/1417/3206 3779/1416/1794 3775/1422/1798
f 3778/1423/1799 3785/1419/1797 3860/1418/1796
f 3785/1419/1797 3792/1424/1800 3791/1425/3207 3784/1407/1785
f 3783/1408/1786 3790/1426/1802 3789/1427/1803 3782/1420/1789
f 3781/1412/1790 3788/1428/3208 3787/1429/1805 3780/1415/1793
f 3779/1416/1794 3786/1430/1806 3775/1422/1798
f 3778/1423/1799 3792/1424/1800 3785/1419/1797
f 3784/1407/1785 3791/1425/3207 3790/1426/1802 3783/1408/1786
f 3782/1411/1789 3789/1431/1803 3788/1428/3208 3781/1412/1790
f 3780/1415/1793 3787/1429/1805 3786/1430/1806 3779/1416/1794
f 3788/1428/3208 3795/1432/1807 3794/1433/1808 3787/1429/1805
f 3786/1430/1806 3793/1434/1809 3775/1422/1798
f 3778/1423/1799 3799/1435/1810 3792/1424/1800
f 3791/1425/3207 3798/1436/1811 3797/1437/1812 3790/1426/1802
f 3789/1431/1803 3796/1438/1813 3795/1432/1807 3788/1428/3208
f 3787/1429/1805 3794/1433/1808 3793/1434/1809 3786/1430/1806
f 3792/1424/1800 3799/1435/1810 3798/1436/1811 3791/1425/3207
f 3790/1426/1802 3797/1437/1812 3796/1439/1813 3789/1427/1803
f 3778/1423/1799 3806/1440/1814 3799/1435/1810
f 3798/1436/1811 3805/1441/1815 3804/1442/1816 3797/1437/1812
f 3796/1438/1813 3803/1443/1817 3802/1444/1818 3795/1432/1807
f 3794/1433/1808 3801/1445/3209 3800/1446/1820 3793/1434/1809
f 3799/1435/1810 3806/1440/1814 3805/1441/1815 3798/1436/1811
f 3797/1437/1812 3804/1442/1816 3803/1447/1817 3796/1439/1813
f 3795/1432/1807 3802/1444/1818 3801/1445/3209 3794/1433/1808
f 3793/1434/1809 3800/1446/1820 3775/1422/1798
f 3801/1445/3209 3808/1448/1821 3807/1449/1822 3800/1446/1820
f 3806/1440/1814 3813/1450/1823 3812/1451/1824 3805/1441/1815
f 3804/1442/1816 3811/1452/1825 3810/1453/1826 3803/1447/1817
f 3802/1444/1818 3809/1454/3210 3808/1448/1821 3801/1445/3209
f 3800/1446/1820 3807/1449/1822 3775/1422/1798
f 3778/1423/1799 3813/1450/1823 3806/1440/1814
f 3805/1441/1815 3812/1451/1824 3811/1452/1825 3804/1442/1816
f 3803/1443/1817 3810/1455/1826 3809/1454/3210 3802/1444/1818
f 3813/1450/1823 3820/1456/1828 3819/1457/1829 3812/1451/1824
f 3811/1452/1825 3818/1458/1830 3817/1459/1831 3810/1453/1826
f 3809/1454/3210 3816/1460/1832 3815/1461/1833 3808/1448/1821
f 3807/1449/1822 3814/1462/1834 3775/1422/1798
f 3778/1423/1799 3820/1456/1828 3813/1450/1823
f 3812/1451/1824 3819/1457/1829 3818/1458/1830 3811/1452/1825
f 3810/1455/1826 3817/1463/1831 3816/1460/1832 3809/1454/3210
f 3808/1448/1821 3815/1461/1833 3814/1462/1834 3807/1449/1822
f 3814/1462/1834 3821/1464/1835 3775/1422/1798
f 3778/1423/1799 3827/1465/1836 3820/1456/1828
f 3819/1457/1829 3826/1466/3211 3825/1467/1838 3818/1458/1830
f 3817/1463/1831 3824/1468/1839 3823/1469/1840 3816/1460/1832
f 3815/1461/1833 3822/1470/1841 3821/1464/1835 3814/1462/1834
f 3820/1456/1828 3827/1465/1836 3826/1466/3211 3819/1457/1829
f 3818/1458/1830 3825/1467/1838 3824/1471/1839 3817/1459/1831
f 3816/1460/1832 3823/1469/1840 3822/1470/1841 3815/1461/1833
f 3826/1466/3211 3833/1472/1842 3832/1473/1843 3825/1467/1838
f 3824/1468/1839 3831/1474/1844 3830/1475/1845 3823/1469/1840
f 3822/1470/1841 3829/1476/1846 3828/1477/1847 3821/1464/1835
f 3827/1465/1836 3834/1478/1848 3833/1472/1842 3826/1466/3211
f 3825/1467/1838 3832/1473/1843 3831/1479/1844 3824/1471/1839
f 3823/1469/1840 3830/1475/1845 3829/1476/1846 3822/1470/1841
f 3821/1464/1835 3828/1477/1847 3775/1422/1798
f 3778/1423/1799 3834/1478/1848 3827/1465/1836
f 3834/1478/1848 3841/1480/1849 3840/1481/1850 3833/1472/1842
f 3832/1473/1843 3839/1482/3212 3838/1483/1852 3831/1479/1844
f 3830/1475/1845 3837/1484/1853 3836/1485/1854 3829/1476/1846
f 3828/1477/1847 3835/1486/3213 3775/1422/1798
f 3778/1423/1799 3841/1480/1849 3834/1478/1848
f 3833/1472/1842 3840/1481/1850 3839/1482/3212 3832/1473/1843
f 3831/1474/1844 3838/1487/1852 3837/1484/1853 3830/1475/1845
f 3829/1476/1846 3836/1485/1854 3835/1486/3213 3828/1477/1847
f 3839/1482/3212 3846/1488/1856 3845/1489/1857 3838/1483/1852
f 3837/1484/1853 3844/1490/1858 3843/1491/1859 3836/1485/1854
f 3835/1486/3213 3842/1492/1860 3775/1422/1798
f 3778/1423/1799 3848/1493/1861 3841/1480/1849
f 3840/1481/1850 3847/1494/3214 3846/1488/1856 3839/1482/3212
f 3838/1487/1852 3845/1495/1857 3844/1490/1858 3837/1484/1853
f 3836/1485/1854 3843/1491/1859 3842/1492/1860 3835/1486/3213
f 3841/1480/1849 3848/1493/1861 3847/1494/3214 3840/1481/1850
f 3778/1423/1799 3855/1496/1863 3848/1493/1861
f 3847/1494/3214 3854/1497/1864 3853/1498/1865 3846/1488/1856
f 3845/1495/1857 3852/1499/1866 3851/1500/1867 3844/1490/1858
f 3843/1491/1859 3850/1501/1868 3849/1502/1869 3842/1492/1860
f 3848/1493/1861 3855/1496/1863 3854/1497/1864 3847/1494/3214
f 3846/1488/1856 3853/1498/1865 3852/1503/1866 3845/1489/1857
f 3844/1490/1858 3851/1500/1867 3850/1501/1868 3843/1491/1859
f 3842/1492/1860 3849/1502/1869 3775/1422/1798
f 3852/1499/1866 3777/1410/1788 3857/1413/1791 3851/1500/1867
f 3850/1501/1868 3776/1414/1792 3856/1417/3206 3849/1502/1869
f 3855/1496/1863 3860/1418/1796 3859/1406/1784 3854/1497/1864
f 3853/1498/1865 3858/1409/1787 3777/1421/1788 3852/1503/1866
f 3851/1500/1867 3857/1413/1791 3776/1414/1792 3850/1501/1868
f 3849/1502/1869 3856/1417/3206 3775/1422/1798
f 3778/1423/1799 3860/1418/1796 3855/1496/1863
f 3854/1497/1864 3859/1406/1784 3858/1409/1787 3853/1498/1865
f 3861/1504/2020 3871/1507/2021 3885/1506/2022 3872/1505/2023
f 3871/1507/2021 3862/1509/2024 3873/1508/2025 3885/1506/2022
f 3885/1506/2022 3873/1508/2025 3864/1511/2026 3874/1510/2027
f 3872/1505/2023 3885/1506/2022 3874/1510/2027 3863/1512/2028
f 3863/1512/2028 3874/1510/2027 3886/1514/2029 3877/1513/2030
f 3874/1510/2027 3864/1511/2026 3876/1515/2031 3886/1514/2029
f 3886/1514/2029 3876/1515/2031 3866/1517/2032 3875/1516/2033
f 3877/1513/2030 3886/1514/2029 3875/1516/2033 3865/1518/2034
f 3863/1512/2028 3877/1513/2030 3887/1520/2035 3881/1519/2036
f 3865/1518/2034 3880/1521/2037 3887/1520/2035 3877/1513/2030
f 3868/1522/2038 3881/1519/2036 3887/1520/2035 3880/1521/2037
f 3861/1504/2020 3872/1505/2023 3888/1524/2039 3882/1523/2040
f 3872/1505/2023 3863/1512/2028 3881/1519/2036 3888/1524/2039
f 3888/1524/2039 3881/1519/2036 3868/1522/2038 3878/1525/2041
f 3882/1523/2040 3888/1524/2039 3878/1525/2041 3867/1526/2042
f 3862/1509/2024 3871/1507/2021 3889/1528/2043 3884/1527/2044
f 3871/1507/2021 3861/1504/2020 3883/1529/2045 3889/1528/2043
f 3889/1528/2043 3883/1529/2045 3869/1531/2046 3879/1530/2047
f 3884/1527/2044 3889/1528/2043 3879/1530/2047 3870/1532/2048
f 3892/1533/2049 3893/1536/2050 3914/1535/2051 3891/1534/2052
f 3891/1534/2052 3914/1535/2051 3896/1538/2053 3890/1537/2054
f 3914/1535/2051 3897/1540/2055 3895/1539/2056 3896/1538/2053
f 3893/1536/2050 3894/1541/2057 3897/1540/2055 3914/1535/2051
f 3894/1541/2057 3902/1543/2058 3915/1542/2059 3897/1540/2055
f 3897/1540/2055 3915/1542/2059 3901/1544/2060 3895/1539/2056
f 3915/1542/2059 3899/1546/2061 3898/1545/2062 3901/1544/2060
f 3902/1543/2058 3900/1547/2063 3899/1546/2061 3915/1542/2059
f 3894/1541/2057 3910/1549/2064 3916/1548/2065 3902/1543/2058
f 3900/1547/2063 3902/1543/2058 3916/1548/2065 3909/1550/2066
f 3905/1551/2067 3909/1550/2066 3916/1548/2065 3910/1549/2064
f 3892/1533/2049 3911/1553/2068 3917/1552/2069 3893/1536/2050
f 3893/1536/2050 3917/1552/2069 3910/1549/2064 3894/1541/2057
f 3917/1552/2069 3904/1554/2070 3905/1551/2067 3910/1549/2064
f 3911/1553/2068 3903/1555/2071 3904/1554/2070 3917/1552/2069
f 3890/1537/2054 3913/1557/2072 3918/1556/2073 3891/1534/2052
f 3891/1534/2052 3918/1556/2073 3912/1558/2074 3892/1533/2049
f 3918/1556/2073 3907/1560/2075 3908/1559/2076 3912/1558/2074
f 3913/1557/2072 3906/1561/2077 3907/1560/2075 3918/1556/2073
f 3883/1562/2045 3912/1558/2074 3908/1559/2076 3869/1563/2046
f 3865/1564/2034 3900/1547/2063 3909/1550/2066 3880/1565/2037
f 3876/1566/2031 3901/1544/2060 3898/1545/2062 3866/1567/2032
f 3870/1568/2048 3906/1561/2077 3913/1557/2072 3884/1569/2044
f 3880/1565/2037 3909/1550/2066 3905/1551/2067 3868/1570/2038
f 3884/1569/2044 3913/1557/2072 3890/1537/2054 3862/1571/2024
f 3878/1572/2041 3904/1554/2070 3903/1555/2071 3867/1573/2042
f 3867/1573/2042 3903/1555/2071 3911/1553/2068 3882/1574/2040
f 3868/1570/2038 3905/1551/2067 3904/1554/2070 3878/1572/2041
f 3866/1567/2032 3898/1545/2062 3899/1546/2061 3875/1575/2033
f 3882/1574/2040 3911/1553/2068 3892/1533/2049 3861/1576/2020
f 3879/1577/2047 3907/1560/2075 3906/1561/2077 3870/1568/2048
f 3873/1578/2025 3896/1538/2053 3895/1539/2056 3864/1579/2026
f 3875/1575/2033 3899/1546/2061 3900/1547/2063 3865/1564/2034
f 3861/1576/2020 3892/1533/2049 3912/1558/2074 3883/1562/2045
f 3869/1563/2046 3908/1559/2076 3907/1560/2075 3879/1577/2047
f 3862/1571/2024 3890/1537/2054 3896/1538/2053 3873/1578/2025
f 3864/1579/2026 3895/1539/2056 3901/1544/2060 3876/1566/2031
f 3920/1580/2078 3925/1583/2079 3922/1582/2080 3919/1581/2078
f 3925/1583/2079 3923/1585/2081 3921/1584/2082 3922/1582/2080
f 3923/1585/2081 3926/1587/2083 3924/1586/2083 3921/1584/2082
f 3927/1504/1956 3938/1505/1957 3951/1506/1958 3937/1507/1959
f 3937/1507/1959 3951/1506/1958 3939/1508/1960 3928/1509/1961
f 3951/1506/1958 3940/1510/1962 3930/1511/1963 3939/1508/1960
f 3938/1505/1957 3929/1512/1964 3940/1510/1962 3951/1506/1958
f 3929/1512/1964 3943/1513/1965 3952/1514/1966 3940/1510/1962
f 3940/1510/1962 3952/1514/1966 3942/1515/1967 3930/1511/1963
f 3952/1514/1966 3941/1516/1968 3932/1517/1969 3942/1515/1967
f 3943/1513/1965 3931/1518/1970 3941/1516/1968 3952/1514/1966
f 3929/1512/1964 3947/1519/1971 3953/1520/1972 3943/1513/1965
f 3931/1518/1970 3943/1513/1965 3953/1520/1972 3946/1521/1973
f 3934/1522/1974 3946/1521/1973 3953/1520/1972 3947/1519/1971
f 3927/1504/1956 3948/1523/1975 3954/1524/1976 3938/1505/1957
f 3938/1505/1957 3954/1524/1976 3947/1519/1971 3929/1512/1964
f 3954/1524/1976 3944/1525/1977 3934/1522/1974 3947/1519/1971
f 3948/1523/1975 3933/1526/1978 3944/1525/1977 3954/1524/1976
f 3928/1509/1961 3950/1527/1979 3955/1528/1980 3937/1507/1959
f 3937/1507/1959 3955/1528/1980 3949/1529/1981 3927/1504/1956
f 3955/1528/1980 3945/1530/1982 3935/1531/1983 3949/1529/1981
f 3950/1527/1979 3936/1532/1984 3945/1530/1982 3955/1528/1980
f 3958/1533/1985 3957/1534/1986 3980/1535/1987 3959/1536/1988
f 3957/1534/1986 3956/1537/1989 3962/1538/1990 3980/1535/1987
f 3980/1535/1987 3962/1538/1990 3961/1539/1991 3963/1540/1992
f 3959/1536/1988 3980/1535/1987 3963/1540/1992 3960/1541/1993
f 3960/1541/1993 3963/1540/1992 3981/1542/1994 3968/1543/1995
f 3963/1540/1992 3961/1539/1991 3967/1544/1996 3981/1542/1994
f 3981/1542/1994 3967/1544/1996 3964/1545/1997 3965/1546/1998
f 3968/1543/1995 3981/1542/1994 3965/1546/1998 3966/1547/1999
f 3960/1541/1993 3968/1543/1995 3982/1548/2000 3976/1549/2001
f 3966/1547/1999 3975/1550/2002 3982/1548/2000 3968/1543/1995
f 3971/1551/2003 3976/1549/2001 3982/1548/2000 3975/1550/2002
f 3958/1533/1985 3959/1536/1988 3983/1552/2004 3977/1553/2005
f 3959/1536/1988 3960/1541/1993 3976/1549/2001 3983/1552/2004
f 3983/1552/2004 3976/1549/2001 3971/1551/2003 3970/1554/2006
f 3977/1553/2005 3983/1552/2004 3970/1554/2006 3969/1555/2007
f 3956/1537/1989 3957/1534/1986 3984/1556/2008 3979/1557/2009
f 3957/1534/1986 3958/1533/1985 3978/1558/2010 3984/1556/2008
f 3984/1556/2008 3978/1558/2010 3974/1559/2011 3973/1560/2012
f 3979/1557/2009 3984/1556/2008 3973/1560/2012 3972/1561/2013
f 3949/1562/1981 3935/1563/1983 3974/1559/2011 3978/1558/2010
f 3931/1564/1970 3946/1565/1973 3975/1550/2002 3966/1547/1999
f 3942/1566/1967 3932/1567/1969 3964/1545/1997 3967/1544/1996
f 3936/1568/1984 3950/1569/1979 3979/1557/2009 3972/1561/2013
f 3946/1565/1973 3934/1570/1974 3971/1551/2003 3975/1550/2002
f 3950/1569/1979 3928/1571/1961 3956/1537/1989 3979/1557/2009
f 3944/1572/1977 3933/1573/1978 3969/1555/2007 3970/1554/2006
f 3933/1573/1978 3948/1574/1975 3977/1553/2005 3969/1555/2007
f 3934/1570/1974 3944/1572/1977 3970/1554/2006 3971/1551/2003
f 3932/1567/1969 3941/1575/1968 3965/1546/1998 3964/1545/1997
f 3948/1574/1975 3927/1576/1956 3958/1533/1985 3977/1553/2005
f 3945/1577/1982 3936/1568/1984 3972/1561/2013 3973/1560/2012
f 3939/1578/1960 3930/1579/1963 3961/1539/1991 3962/1538/1990
f 3941/1575/1968 3931/1564/1970 3966/1547/1999 3965/1546/1998
f 3927/1576/1956 3949/1562/1981 3978/1558/2010 3958/1533/1985
f 3935/1563/1983 3945/1577/1982 3973/1560/2012 3974/1559/2011
f 3928/1571/1961 3939/1578/1960 3962/1538/1990 3956/1537/1989
f 3930/1579/1963 3942/1566/1967 3967/1544/1996 3961/1539/1991
f 3986/1580/2014 3985/1581/2014 3988/1582/2015 3991/1583/2016
f 3991/1583/2016 3988/1582/2015 3987/1584/2017 3989/1585/2018
f 3989/1585/2018 3987/1584/2017 3990/1586/2019 3992/1587/2019
s 0
usemtl 
f 1713/1388/1776 1714/1389/1776 1716/1390/1776 1715/1391/1776
f 1715/1391/1777 1716/1390/1777 1718/1392/1777 1717/1393/1777
f 1717/1393/1778 1718/1392/1778 1720/1394/1778 1719/1395/1778
f 1719/1395/1779 1720/1394/1779 1722/1396/1779 1721/1397/1779
f 1721/1397/1780 1722/1396/1780 1724/1398/1780 1723/1399/1780
f 1723/1399/1781 1724/1398/1781 1726/1400/1781 1725/1401/1781
f 1725/1401/1782 1726/1400/1782 1728/1402/1782 1727/1403/1782
f 1727/1403/1783 1728/1402/1783 1730/1404/1783 1729/1405/1783
f 3673/1388/1783 3675/1391/1783 3676/1390/1783 3674/1389/1783
f 3675/1391/1782 3677/1393/1782 3678/1392/1782 3676/1390/1782
f 3677/1393/1781 3679/1395/1781 3680/1394/1781 3678/1392/1781
f 3679/1395/3192 1721/1397/3192 1722/1396/3192 3680/1394/3192
f 1721/1397/1779 3681/1399/1779 3682/1398/1779 1722/1396/1779
f 3681/1399/1778 3683/1401/1778 3684/1400/1778 3682/1398/1778
f 3683/1401/1777 3685/1403/1777 3686/1402/1777 3684/1400/1777
f 3685/1403/1776 3687/1405/1776 3688/1404/1776 3686/1402/1776
