# Blender 5.0.1
# www.blender.org
mtllib evil blucifer0001.mtl
o blucifer
v 1.334374 4.142260 0.031256
v 0.472323 3.830527 -0.150110
v 0.227668 3.930464 0.203816
v 1.091670 3.891390 0.608379
v 2.285001 4.157086 0.067948
v 2.196834 4.517783 0.958033
v 2.934662 4.586968 1.199985
v 3.643742 3.752874 -0.776746
v 4.238568 5.319199 1.391475
v 1.411906 3.831285 -0.380774
v 0.523870 3.757341 -0.469477
v 2.448242 4.002797 -0.363143
v 4.763573 4.665189 0.283492
v 3.838034 4.267401 0.151434
v 4.019952 4.771477 1.148391
v 2.364635 4.536728 1.007674
v 0.362019 3.855793 0.317968
v 0.394430 3.870889 -0.015275
v 0.716485 3.905256 0.152827
v 1.243546 4.081828 0.307805
v 0.959720 4.004802 -0.139423
v 2.229537 4.297217 0.363922
v 1.594310 4.198269 0.862078
v 1.762792 4.178166 0.098451
v 2.506960 4.558681 1.101465
v 3.685146 4.008729 -0.271178
v 2.891589 4.032294 -0.251618
v 3.532965 4.855129 1.340804
v 0.903833 3.750813 -0.416894
v 1.886109 3.979012 -0.346802
v 3.085939 3.876237 -0.561276
v 2.296535 4.064694 -0.158291
v 1.408987 3.955431 -0.179995
v 0.507404 3.764869 -0.298790
v 4.301834 4.749034 0.568928
v 3.748477 4.594442 0.544129
v 3.132397 4.126381 -0.149878
v 4.349826 4.579712 0.291399
v 3.116564 4.356507 0.438001
v 4.022305 5.000024 1.419988
v 2.379663 4.572976 0.938697
v 3.178833 4.669316 0.968556
v 0.211484 3.934796 0.330951
v 0.699835 3.786718 0.325257
v 0.869641 4.027729 0.018108
v 1.698678 4.199185 0.432690
v 3.494053 4.640143 0.763156
v 0.966039 3.790393 -0.271314
v 1.817474 4.081895 -0.141020
v 3.337781 4.134201 -0.075278
v 2.780366 3.988586 -0.326058
v 2.842211 4.169816 -0.069219
v 3.858611 4.526080 0.415139
v 3.322350 4.644986 1.186356
v 0.537376 3.853952 0.196161
v 3.762594 4.133627 -0.048737
v 2.563182 4.110811 -0.076928
v 2.774868 3.906216 -0.485149
v 2.646836 4.447865 0.330817
v 3.195355 4.239775 0.180453
v 2.594787 4.018076 -0.250315
v 2.541815 4.300794 0.145827
v 3.261003 4.667861 1.270815
v 2.743227 4.605494 0.737971
v 4.054601 4.399584 0.224430
v 2.754961 4.541262 1.003069
v 2.741824 4.543988 0.883287
v 3.420219 4.404306 0.453783
v 2.929244 4.571390 1.129563
v 0.057254 1.961406 0.458926
v 0.095771 3.825621 0.149029
v 0.481445 2.288999 -1.035493
v 0.446421 2.874322 -1.109949
v 0.798801 2.538543 -0.115220
v 0.359775 3.817305 0.241654
v 0.290322 2.465357 -0.691738
v 0.757516 2.763834 -0.757483
v 0.102508 1.868401 0.730131
v 0.020104 3.080124 1.325714
v 0.712017 2.993188 1.053342
v 0.492988 3.397362 1.083864
v 0.132889 4.458129 1.539971
v 0.405773 3.864261 1.896980
v -0.070591 3.304089 1.761010
v 0.163310 3.529919 1.799660
v 0.215903 1.783705 -1.504415
v 0.583690 2.375308 -1.574157
v 0.520286 1.920747 -0.604017
v 0.926141 2.362482 -0.782489
v 0.074011 3.918005 2.369403
v 0.286860 3.748738 2.227386
v 0.050206 3.587381 2.577160
v 0.345028 3.550180 2.425566
v -0.044448 2.552650 1.980261
v 0.221599 2.494191 2.339315
v 0.053995 2.460706 2.589266
v 0.195883 2.567379 2.498902
v 0.885327 2.770809 -0.100102
v 0.735042 3.634058 0.262195
v 1.031609 2.933687 0.637042
v 0.705674 3.506769 0.684790
v 0.253538 1.789409 0.000292
v 0.166835 2.392110 0.659109
v 0.662307 1.815946 -0.056756
v 0.735109 2.311229 0.581178
v 0.155194 0.650071 0.009823
v 0.142851 0.585016 0.101376
v 0.216365 0.646035 0.046897
v 0.200654 0.589811 0.128588
v 0.017987 2.400252 2.358452
v 0.120339 2.396152 2.367910
v 0.032206 2.406280 2.449404
v 0.184002 2.421790 2.419045
v -0.060189 3.245211 1.863881
v 0.248541 3.339398 2.638804
v 0.286980 3.276652 2.151245
v 0.071379 3.324445 2.709685
v 0.157089 0.137192 -0.045221
v 0.172735 0.173267 0.234197
v 0.296840 0.133184 0.046274
v 0.300186 0.191534 0.319250
v 0.139712 -0.068744 0.036643
v 0.145043 -0.084970 0.371934
v 0.253803 -0.058777 0.163020
v 0.325589 -0.044631 0.444942
v 0.147168 1.749131 0.536641
v 0.463153 1.645039 0.587091
v 0.495884 1.502652 0.146053
v 0.188663 1.607287 0.104130
v -0.008469 1.418453 0.301725
v 0.217257 1.257667 0.421768
v 0.296143 1.203807 0.235524
v 0.126477 1.326453 0.068197
v -0.068055 2.080504 -0.077900
v 0.198029 3.397672 -0.327553
v 0.475247 2.548366 -0.111519
v 0.664700 3.164227 -0.155024
v 0.474833 1.756280 -1.633356
v 0.622396 2.062624 -1.640764
v 0.765840 1.731045 -1.252707
v 0.888838 2.081936 -1.401311
v 0.277893 1.326761 -1.447933
v 0.407040 1.336634 -1.260692
v 0.445496 1.395355 -1.577441
v 0.566456 1.318775 -1.397465
v 0.226089 1.974532 -1.454961
v 0.295141 2.425807 -1.534938
v 0.156583 2.667829 -1.094562
v -0.131294 3.419356 -0.348683
v -0.183797 3.878188 0.153651
v 0.431102 1.681092 -2.075911
v 0.417700 1.476481 -1.853906
v 0.705359 1.774212 -1.946850
v 0.715364 1.414523 -1.816313
v 0.549463 1.179222 -2.336369
v 0.570408 1.114876 -2.269940
v 0.658592 1.210256 -2.348096
v 0.669871 1.125861 -2.291407
v 0.570817 0.754162 -2.662279
v 0.589613 0.704062 -2.497980
v 0.641014 0.769938 -2.722340
v 0.649757 0.706540 -2.580268
v 0.502207 0.478586 -2.697937
v 0.514007 0.375143 -2.432517
v 0.639800 0.471559 -2.743335
v 0.665267 0.386928 -2.534871
v 0.170643 2.937999 2.573320
v 0.068093 2.986440 2.685037
v -0.053449 2.869149 1.922299
v 0.253047 2.750254 2.205272
v 0.417294 2.449577 -0.967404
v 0.810885 2.359102 0.873171
v 0.169793 1.939149 -1.262467
v 0.185682 2.176981 -0.136417
v 0.448326 2.111649 0.228410
v 0.485872 2.355356 -0.909909
v -0.004840 1.917136 -0.097608
v 1.030628 2.601272 0.271755
v 0.314780 3.111393 -0.705630
v 0.371495 2.334804 -0.781839
v 0.428846 2.402124 -1.016336
v 0.604548 2.895414 -0.950788
v 0.523661 2.490613 -0.549681
v 0.333930 2.345980 -0.482855
v 0.721234 3.401539 -0.013412
v 0.831125 3.302294 0.118871
v 0.631346 2.256632 0.082392
v 0.196609 3.859343 0.176788
v 0.086401 2.454239 1.078634
v 0.651074 3.210571 1.067130
v 0.802181 2.802230 0.930398
v 0.335266 3.237727 1.293561
v 0.040024 1.874475 0.415671
v 0.248113 3.701302 1.454145
v 0.283868 3.985552 0.593774
v 0.441501 4.296829 1.738497
v 0.066498 3.367364 1.836205
v 0.108954 4.122025 2.117755
v 0.317307 3.745025 1.809095
v -0.058549 3.464073 1.632854
v 0.166033 4.193811 0.695628
v 0.508263 3.905188 0.963917
v 0.328356 2.051452 -1.634315
v 0.259361 1.912645 -1.202125
v 0.839250 2.448659 -1.308912
v 0.722955 2.153942 -0.545796
v 0.877643 2.570899 -0.848768
v 0.638470 2.713569 -1.351657
v 0.264247 4.015424 2.271413
v 0.233677 3.573896 2.538827
v 0.032419 3.788897 2.452137
v 0.384990 3.657308 2.333695
v 0.266728 3.732962 2.097110
v 0.332056 3.472441 2.201207
v -0.056537 3.297371 1.879894
v 0.099509 2.526561 2.065787
v 0.125758 2.444623 2.601671
v 0.207509 2.565627 2.413496
v 0.045128 2.398347 2.531920
v 0.188603 2.652260 2.542204
v 0.357240 3.446159 2.034424
v 0.060582 2.679178 2.633720
v 0.950525 2.930820 0.116683
v 0.833843 3.370098 0.196143
v 0.861593 3.271297 0.707888
v 0.695840 3.606081 0.500284
v 0.756831 2.631058 -0.198113
v 0.830202 3.016060 0.899249
v 0.565776 3.520130 0.735528
v 0.685401 3.731038 0.192356
v 0.140188 2.134459 0.281367
v 0.837733 2.138067 0.184820
v 0.437732 1.799643 0.021742
v 0.516647 2.474923 0.773327
v 0.889155 2.629793 0.547778
v 0.767657 2.215865 -0.148373
v 0.239350 2.260118 -0.121149
v 0.382815 2.623237 0.737576
v 0.134242 0.615981 0.050160
v 0.218681 0.617123 0.095147
v 0.190767 0.660987 0.011106
v 0.171919 0.576771 0.131148
v 0.037595 0.903800 0.183569
v 0.657965 2.017045 0.601986
v 0.555557 1.637352 0.113955
v 0.205216 1.717275 0.118464
v 0.080030 2.393066 2.358841
v 0.140852 2.404017 2.427478
v 0.143605 2.413364 2.395828
v 0.024437 2.409049 2.399775
v 0.195054 2.448539 2.509559
v 0.198389 2.449127 2.352709
v -0.029209 2.483700 2.076928
v -0.056142 3.090095 1.896070
v 0.303523 3.408706 2.541089
v 0.252267 3.112307 2.213470
v 0.063461 3.465255 2.660576
v 0.096795 3.212985 1.929301
v 0.201180 3.334991 2.673290
v 0.313295 3.297435 2.349656
v 0.155921 0.137333 0.067074
v 0.336162 0.162754 0.191813
v 0.217473 0.130253 -0.045257
v 0.213408 0.202496 0.353156
v 0.183414 0.347229 0.060630
v 0.259760 0.350028 0.083986
v 0.237861 0.346716 -0.035731
v 0.166732 0.361611 -0.058718
v 0.118557 -0.076610 0.205754
v 0.294103 -0.065837 0.322779
v 0.200556 -0.076934 0.093355
v 0.237631 -0.067772 0.452708
v 0.160314 -0.005889 0.296691
v 0.335398 0.011791 0.376749
v 0.263916 -0.002628 0.092255
v 0.121337 0.010897 -0.081424
v 0.173041 2.146970 0.575435
v 0.333319 1.448853 0.512214
v 0.429901 1.355451 0.158436
v 0.190362 1.498575 0.055854
v 0.117183 1.613277 0.310041
v 0.343736 1.546732 0.047573
v 0.545988 1.553660 0.343047
v 0.284916 1.757786 0.670042
v 0.078347 1.557968 0.436592
v 0.160769 0.911895 0.264954
v 0.259077 0.990489 0.131838
v 0.138695 0.984193 0.052006
v 0.032734 1.384139 0.136927
v 0.226701 1.275124 0.121857
v 0.298259 1.160352 0.337224
v 0.090690 1.371423 0.410573
v 0.113041 2.381879 -0.893607
v 0.262792 3.569921 -0.080337
v 0.696903 2.536683 -0.106127
v 0.645020 2.891168 -0.434388
v 0.449501 3.323449 -0.254655
v 0.075111 2.113453 -0.106244
v 0.681735 2.876657 0.016221
v 0.543224 1.921454 -1.663297
v 0.641276 1.754588 -1.532901
v 0.766767 2.086674 -1.555213
v 0.855126 1.928200 -1.344038
v 0.950133 2.213436 -1.206360
v 0.571127 2.182555 -1.632013
v 0.311890 1.754780 -1.625093
v 0.718156 1.684102 -0.721823
v 0.319089 1.323806 -1.339636
v 0.530741 1.361349 -1.514391
v 0.332725 1.369987 -1.537827
v 0.515633 1.318783 -1.284947
v 0.455804 1.593873 -1.582344
v 0.251003 1.555424 -1.438908
v 0.406327 1.680676 -1.026321
v 0.668729 1.544934 -1.258344
v 0.196176 1.896143 -1.378015
v 0.256852 1.926808 -1.454879
v 0.443162 2.396378 -1.577580
v 0.263853 2.170414 -1.503383
v 0.267878 2.786869 -1.157347
v 0.181422 2.632577 -1.429452
v 0.056910 3.462413 -0.374047
v 0.108262 3.117914 -0.747836
v -0.016380 3.802266 0.089838
v -0.145588 3.490267 -0.070316
v -0.053295 4.377595 0.397421
v 0.356304 1.568668 -1.963400
v 0.800394 1.599319 -1.928469
v 0.583107 1.792474 -2.029681
v 0.561398 1.389535 -1.786625
v 0.504973 1.429686 -1.722121
v 0.437568 1.525007 -1.628657
v 0.245737 1.554673 -1.730424
v 0.284136 1.372767 -1.714909
v 0.538942 1.142362 -2.298284
v 0.684993 1.168650 -2.324115
v 0.599656 1.210879 -2.356258
v 0.623832 1.106577 -2.268415
v 0.706102 1.534608 -2.149864
v 0.461530 1.459856 -2.174960
v 0.499752 1.354112 -2.070112
v 0.690814 1.344651 -2.054478
v 0.570387 0.734555 -2.565464
v 0.662165 0.740384 -2.667926
v 0.602807 0.773586 -2.720192
v 0.621029 0.691082 -2.505321
v 0.604926 0.885486 -2.409064
v 0.679532 0.901088 -2.440367
v 0.659181 0.945580 -2.509304
v 0.582652 0.922463 -2.480024
v 0.495226 0.408961 -2.572694
v 0.666969 0.427319 -2.667598
v 0.571634 0.465843 -2.741800
v 0.594001 0.343835 -2.446810
v 0.617776 0.463160 -2.463526
v 0.619603 0.549611 -2.662775
v 0.506685 0.553005 -2.621823
v 0.517462 0.476051 -2.399060
v 0.225623 3.150933 2.639401
v 0.072415 3.153754 2.714469
v -0.053463 2.677015 1.924033
v 0.254096 2.627297 2.297114
v 0.152563 2.781389 1.996383
v 0.128500 2.959548 2.632487
v 0.241987 2.871569 2.393717
v 0.480084 2.420885 -0.847618
v 0.592033 2.015194 0.841447
v 0.181013 2.016219 -1.152599
v 0.329200 2.294638 -0.136743
v 0.282504 1.984557 0.380349
v 0.179874 2.528257 -0.867637
v 0.463885 2.114399 -1.081205
v 0.463402 2.862646 1.245083
v 0.549669 2.374449 0.289166
v 0.298867 2.073755 -0.099151
v 0.361350 2.551129 -0.871912
v 0.368831 2.510202 -0.719950
v 0.349622 2.031858 -1.278023
v 0.786502 2.686287 -1.131510
v 0.883776 2.989595 -0.186640
v 0.355870 2.401912 0.341815
v 0.176696 1.971659 -0.119324
v 0.499359 3.527645 -0.034417
v 0.555844 3.104389 1.181842
v 0.076824 3.532796 1.597049
v 0.910610 2.510581 0.096167
v 0.315733 4.142108 2.082728
v 0.344546 4.131694 0.823258
v 0.414325 3.765890 1.281744
v 0.810708 2.274065 -1.464198
v 0.449514 2.488262 -0.635500
v 0.288316 3.733258 2.491483
v 0.330431 3.592988 2.118951
v 0.232047 2.620178 2.399531
v 0.186550 2.457379 2.401119
v 0.100672 2.639276 2.600335
v 0.136096 2.613603 2.041230
v 0.862222 3.346017 0.416897
v 0.784184 3.241317 0.904926
v 0.768298 3.344539 0.101780
v 0.602748 3.808361 0.371992
v 0.066859 0.891756 0.254293
v 0.347227 2.708022 0.344586
v 0.734583 2.699088 0.776058
v 0.521579 2.087568 -0.020277
v 0.225441 0.350525 0.099391
v 0.245833 0.953788 0.206476
v 0.214818 1.003936 0.068346
v 0.067115 0.942531 0.102246
v 0.092238 2.400310 2.395941
v 0.040898 2.475203 2.094608
v 0.137804 2.407842 2.534322
v 0.077650 3.298012 1.869022
v 0.234280 3.472066 2.626475
v 0.315327 3.437204 2.313714
v 0.250857 0.004504 0.417134
v 0.262040 0.344459 0.025342
v 0.198874 0.366072 -0.067682
v 0.160998 0.346098 -0.005579
v 0.197623 -0.096816 0.302926
v 0.308031 0.015436 0.250332
v 0.217754 -0.017053 -0.033316
v 0.118192 -0.008073 0.110287
v 0.145357 1.859895 0.305270
v 0.348336 1.620022 0.048940
v 0.707688 1.806219 0.318234
v 0.401528 2.165851 0.719076
v 0.095007 1.560925 0.195330
v 0.315876 1.411181 0.058173
v 0.459576 1.382946 0.318624
v 0.152435 1.518678 0.589724
v 0.436201 3.005304 -0.585720
v 0.222099 2.533577 -0.920098
v 0.610606 2.533854 -0.364978
v 0.715277 1.909942 -1.567340
v 0.408324 1.976016 -1.679479
v 0.900223 1.956527 -0.848108
v 0.315626 1.568006 -1.557749
v 0.515365 1.495602 -1.667489
v 0.289316 1.599562 -1.243412
v 0.606571 1.548711 -0.995712
v 0.584306 1.585393 -1.485961
v 0.456183 2.137638 -1.063827
v 0.268861 2.097132 -1.535027
v 0.461657 2.696399 -1.442250
v 0.225364 3.136896 -0.756193
v 0.099735 3.587810 -0.120750
v 0.034785 4.122524 0.457532
v 0.573369 1.531987 -2.188895
v 0.329380 1.571532 -1.652782
v 0.233652 1.453579 -1.723971
v 0.387396 1.383522 -1.759572
v 0.647092 0.885165 -2.410591
v 0.440118 1.399760 -2.123926
v 0.601179 1.327504 -2.048005
v 0.729923 1.422465 -2.079264
v 0.633121 0.510707 -2.587608
v 0.684315 0.926341 -2.481355
v 0.616448 0.942905 -2.510128
v 0.578280 0.899379 -2.437204
v 0.588992 0.389167 -2.635880
v 0.565659 0.560224 -2.674484
v 0.485898 0.499899 -2.489371
v 0.573009 0.452841 -2.394193
v 0.237579 3.040603 2.071166
v 0.176848 3.145802 2.680418
v 0.277180 3.121771 2.397660
v 0.213379 2.425147 -0.713760
v 0.449859 1.995724 -1.062683
v 0.434385 2.437509 1.179292
v 0.468832 2.224203 -0.010613
v 0.400735 2.421401 -0.722936
v 0.330489 2.078386 -1.147107
v 0.288963 3.345609 2.502794
v 0.314597 3.388714 2.334575
v 0.289037 3.390607 2.467677
v 0.352840 3.633129 2.311658
v 0.310219 3.443222 2.432382
v 0.327145 3.531954 2.376259
v 0.308765 3.700212 2.221442
v 0.302183 3.380758 2.212251
v 0.312792 3.628160 2.061682
v 0.302610 3.461991 2.116529
v 0.740400 2.893053 0.660580
v 0.400245 3.613079 0.885380
v 0.226488 3.658114 1.764643
v 0.025554 3.661850 2.512225
v 0.362623 3.602103 2.379699
v 1.050429 2.932724 0.415436
v 0.694085 3.547580 0.601835
v 0.161675 2.345067 0.460960
v 0.841453 2.296011 0.356692
v 0.137927 0.599829 0.076646
v 0.209128 0.603000 0.112521
v 0.181428 0.149594 0.138151
v 0.317931 0.178074 0.259727
v 0.129044 -0.082679 0.290587
v 0.313826 -0.061020 0.384644
v 0.127449 1.665594 0.413194
v 0.514652 1.586303 0.460073
v 0.007093 1.406446 0.208064
v 0.263343 1.194112 0.379123
v 0.894893 2.603529 0.305457
v 0.367226 3.788686 1.357831
v 0.233841 3.649008 2.484441
v 0.337620 3.538889 2.132444
v 0.859522 3.304607 0.564097
v 0.552541 3.717103 0.555829
v 0.418018 2.698589 0.525805
v 0.211751 0.932163 0.233835
v 0.051424 0.923305 0.139886
v 0.261309 0.345996 0.053750
v 0.171675 0.345761 0.027107
v 0.221512 -0.096039 0.379980
v 0.326023 0.013951 0.316688
v 0.134117 -0.001821 0.201697
v 0.144611 1.959375 0.420156
v 0.717396 1.905956 0.450790
v 0.088643 1.562034 0.300871
v 0.409241 1.413259 0.409304
v 0.336679 3.578228 2.342562
v 0.326285 3.556799 2.059464
v 0.252242 3.655807 2.190301
v 0.274915 3.497057 2.239481
v 0.288290 3.591651 2.204048
v 0.258947 3.493607 2.303864
v 0.279462 3.593719 2.299214
v 0.246514 3.497922 2.368743
v 0.259869 3.543299 2.342899
v 0.270096 3.641576 2.246437
v 0.286699 3.528809 2.214378
v 0.266811 3.564518 2.322579
v 0.253552 3.147993 2.558469
v 0.224762 2.915572 2.514560
v 0.191153 2.609669 2.441254
v 0.207501 2.649262 2.471584
v 0.010854 2.446607 2.313360
v 0.129878 2.448678 2.331608
v 0.087252 2.434757 2.326436
v 0.162713 2.613577 2.273808
v 0.188981 2.741423 2.105816
v 0.153883 2.499811 2.320704
v 0.112926 2.435144 2.334843
v 0.200428 2.937409 2.124928
v 0.248227 3.491053 1.884241
v 0.217957 3.370733 1.861506
v 0.266031 3.594061 1.880121
v 0.308653 3.702153 1.899284
v 0.272352 3.239418 1.968586
v 0.251112 3.321232 1.904436
v 0.305661 3.652131 2.005828
v 0.329722 3.568527 1.986875
v 0.098694 2.486020 2.128896
v 0.120623 2.534395 2.120950
v 0.151030 2.613542 2.103969
v 0.053531 2.473112 2.121175
v 0.080783 2.472875 2.131070
v -0.024785 2.485953 2.105228
v 0.226812 2.755415 2.501034
v 0.182709 2.768074 2.553237
v 0.275740 2.717171 2.261935
v 0.239817 2.748763 2.386348
v 0.063755 2.834634 2.655677
v 0.181557 2.674604 2.226232
v 0.108279 2.787993 2.605277
v 0.142258 2.678301 2.018495
v -0.055400 2.769767 1.912477
v 0.166925 2.647259 2.105225
v 0.010492 2.490473 2.311513
v 0.128765 2.492227 2.323688
v 0.093294 2.480643 2.319384
v 0.154474 2.630652 2.264933
v 0.173187 2.739803 2.114300
v 0.147460 2.536009 2.307184
v 0.114658 2.480965 2.326380
v 0.098742 2.527212 2.131376
v 0.116934 2.567504 2.121899
v 0.143455 2.631883 2.114503
v 0.060225 2.517367 2.119534
v 0.083183 2.516902 2.129393
v -0.024708 2.528535 2.106178
v 0.169402 2.682046 2.220810
v 0.157362 2.659140 2.117620
v 0.008747 2.537790 2.300868
v 0.110138 2.553108 2.295666
v 0.058382 2.528225 2.312536
v 0.148781 2.755166 2.207129
v 0.199650 2.895811 2.122574
v 0.136535 2.618637 2.259946
v 0.090370 2.535371 2.306494
v 0.084283 2.586991 2.116739
v 0.112453 2.645290 2.109352
v 0.153461 2.738573 2.107603
v 0.026593 2.573111 2.097847
v 0.061300 2.571739 2.116025
v -0.031136 2.590030 2.065752
v 0.175778 2.825798 2.167540
v 0.174274 2.778499 2.113745
v 0.011431 2.543500 2.318110
v 0.099029 2.547685 2.337786
v 0.048035 2.529196 2.340790
v 0.138292 2.747597 2.255345
v 0.186450 2.889512 2.157889
v 0.125819 2.612218 2.305128
v 0.079085 2.530249 2.347674
v 0.164770 2.818137 2.214388
v 0.167684 2.915846 2.086566
v 0.053565 2.604031 2.083028
v 0.082136 2.662347 2.078452
v 0.123011 2.756409 2.076985
v 0.001530 2.593074 2.059968
v 0.040083 2.590832 2.080918
v -0.033807 2.609751 2.048894
v 0.143938 2.796503 2.083914
v 0.156286 2.907357 2.129243
v 0.377948 2.455188 -0.602597
v 0.774387 2.872408 -0.064997
v 0.102560 2.115258 0.941661
v 0.683072 3.111695 1.064418
v 0.269426 1.920478 -1.584124
v 0.619026 2.033695 -0.568951
v 0.882439 3.099144 0.071525
v 0.949441 3.118743 0.672037
v 0.564697 2.712221 0.077128
v 0.504297 1.838484 -1.650209
v 0.804782 1.825672 -1.292491
v 0.232392 2.064737 -1.415114
v 0.654594 2.555124 1.054048
v 0.416484 2.543140 -0.892110
v 0.779547 2.759720 -0.174568
v 0.684770 2.989202 1.066960
v 0.273534 2.580870 -0.823104
v 1.000892 3.122149 0.312985
v 0.825217 3.121965 0.923142
v 0.734538 2.966834 -0.004799
v 0.516183 2.404160 -0.378799
v 0.675559 1.831624 -1.551179
v 0.359282 1.864647 -1.657023
v 0.805959 1.817666 -0.784897
v 0.236340 2.021971 -1.479611
v 0.509076 2.190154 1.037766
v 0.407218 2.383640 -0.744988
v 0.981133 3.119652 0.493811
v -0.473466 3.801029 0.186823
v 0.076035 2.834291 -1.198244
v -0.722016 2.449830 0.193647
v -0.704578 3.662011 0.285744
v -0.219625 2.568429 -0.960325
v -0.445844 2.867056 -1.188534
v -0.691017 2.875673 1.081773
v -0.540973 3.265733 1.203052
v -0.305709 4.002648 1.941566
v -0.255693 3.557848 1.845059
v 0.192605 1.705033 -1.040191
v 0.056530 2.328360 -1.665681
v -0.597370 2.320593 -0.642753
v -0.630715 2.550204 -1.236440
v -0.279576 3.774234 2.303608
v -0.280529 3.553808 2.521459
v -0.182049 2.493509 2.402461
v -0.109063 2.566863 2.546608
v -0.302590 2.474052 0.367873
v -0.906160 3.468882 0.369047
v -1.060614 2.982489 0.582322
v -0.849657 3.414423 0.859075
v -0.374308 2.044289 1.054813
v -1.264327 2.462913 0.714529
v -0.433943 1.706424 0.862334
v -0.900843 1.999114 0.318115
v -0.619787 1.351642 1.741323
v -0.601712 1.317841 1.850144
v -0.682319 1.349879 1.777032
v -0.661854 1.323169 1.875039
v -0.076573 2.395819 2.398714
v -0.121660 2.421273 2.466862
v -0.119014 3.338779 2.696305
v -0.304238 3.276734 2.243334
v -0.572321 0.818386 1.783006
v -0.589908 0.856554 2.058353
v -0.714014 0.816469 1.870430
v -0.717359 0.874818 2.143406
v -0.556885 0.614544 1.860799
v -0.562216 0.598318 2.196090
v -0.670976 0.624508 1.987176
v -0.742763 0.638653 2.269097
v -0.962363 2.301819 1.122943
v -1.134802 2.013252 1.064207
v -0.762928 1.781424 1.201217
v -0.570716 2.002259 1.245427
v -0.588394 2.107136 1.564034
v -0.859413 2.080687 1.601516
v -0.877417 1.966377 1.735706
v -0.636515 1.921659 1.638443
v -0.441075 3.317738 -0.399066
v -0.610310 2.390555 -0.294640
v -0.856272 2.999129 -0.412069
v -0.058065 1.555861 -1.267051
v -0.035670 1.857403 -1.511668
v -0.544475 1.767488 -1.090608
v -0.391686 1.966716 -1.456488
v -0.034942 1.353569 -0.797298
v -0.215963 1.502175 -0.629353
v -0.206617 1.313295 -1.001936
v -0.392449 1.389430 -0.787945
v 0.148477 1.291655 -1.332649
v 0.014626 1.340646 -1.140391
v -0.098124 1.350702 -1.482526
v -0.213465 1.261822 -1.214169
v 0.039820 0.761412 -1.134459
v 0.001601 0.779280 -1.061546
v -0.047990 0.752342 -1.184393
v -0.078441 0.753439 -1.096678
v 0.047968 0.248479 -0.957497
v 0.029685 0.266879 -0.796952
v -0.024081 0.232929 -1.005336
v -0.034197 0.255174 -0.870464
v 0.034339 -0.031028 -0.888170
v 0.026831 -0.018397 -0.603454
v -0.105665 -0.037856 -0.926921
v -0.126805 -0.032203 -0.701944
v -0.063518 2.937603 2.609952
v -0.252481 2.748987 2.298574
v 0.222712 2.382730 -0.994903
v -0.778406 2.303815 0.899992
v -0.322007 2.147192 -0.217786
v -0.415892 2.006195 0.195429
v -0.000883 2.429784 -0.985647
v -0.855418 2.737824 0.289820
v -0.095970 3.102018 -0.847713
v -0.103390 2.446939 -0.953462
v 0.316579 2.348546 -1.021347
v 0.628242 2.867210 -0.915930
v -0.450488 2.681478 -0.979140
v -0.323644 2.576646 -0.871756
v -0.917424 3.167865 0.065049
v -0.849088 3.036372 0.229742
v -0.615050 2.141454 0.253041
v -0.566714 3.791257 0.227682
v -0.654823 3.080881 1.156244
v -0.748201 2.708298 0.985636
v -0.323379 3.103627 1.348613
v -0.441822 3.651636 1.538010
v -0.696842 3.804883 0.649127
v -0.167124 4.402828 1.783345
v -0.184509 3.372473 1.873138
v -0.298105 3.849646 1.848892
v -0.222295 4.237749 0.775457
v -0.613132 3.995541 1.126418
v 0.217687 1.915498 -1.390093
v -0.031022 1.986506 -0.936643
v -0.282253 2.398871 -1.564992
v -0.650361 2.367066 -0.951276
v -0.515389 2.692905 -1.289995
v -0.076406 2.642268 -1.534435
v -0.076102 4.087863 2.292832
v -0.136162 3.573271 2.596684
v -0.347901 3.672930 2.441329
v -0.300227 3.744963 2.178225
v -0.332621 3.471318 2.305187
v -0.155106 2.526131 2.105618
v -0.010497 2.444393 2.622987
v -0.146212 2.565029 2.468832
v -0.089184 2.651790 2.585661
v -0.407453 3.444867 2.154051
v -0.771801 2.855099 0.152027
v -0.860703 3.245617 0.332378
v -0.966201 3.225293 0.873246
v -0.864171 3.541259 0.678965
v -0.686037 2.546916 0.166987
v -0.902232 2.897879 0.868660
v -0.693874 3.433935 0.852214
v -0.881391 3.539454 0.245159
v -0.747503 2.452076 0.902391
v -0.540184 1.844304 0.559158
v -0.385765 1.858079 1.004171
v -1.173637 2.213861 0.508051
v -1.034109 2.509657 0.319598
v -0.187442 1.999671 0.650195
v -0.297449 2.440080 0.868549
v -1.039433 2.505503 0.607812
v -0.596301 1.333789 1.790418
v -0.683346 1.336711 1.832569
v -0.656711 1.357358 1.738538
v -0.629848 1.314505 1.882772
v -0.552673 1.673184 1.836553
v -1.057403 1.847510 0.677230
v -0.672295 1.746260 1.033423
v -0.538102 2.102207 1.108338
v -0.040949 2.392861 2.377766
v -0.077938 2.403647 2.461704
v -0.090256 2.412969 2.432413
v -0.104627 2.448032 2.556440
v -0.155710 2.448528 2.408103
v -0.201438 3.407854 2.620085
v -0.251769 3.112679 2.292553
v -0.190792 3.213994 1.974091
v -0.063369 3.334546 2.714678
v -0.268844 3.296453 2.440725
v -0.573094 0.820621 1.891230
v -0.753335 0.846038 2.015968
v -0.632518 0.810558 1.783735
v -0.630582 0.885783 2.177311
v -0.600586 1.030517 1.884786
v -0.676931 1.033314 1.908142
v -0.654851 1.028901 1.789323
v -0.586695 1.042284 1.761300
v -0.535730 0.606679 2.029910
v -0.711276 0.617448 2.146935
v -0.617729 0.606353 1.917511
v -0.654804 0.615515 2.276864
v -0.577487 0.677399 2.120847
v -0.752571 0.695075 2.200904
v -0.681089 0.680658 1.916410
v -0.537401 0.692591 1.745206
v -1.085970 2.406777 0.876820
v -0.993065 2.055790 1.289907
v -0.823012 1.804322 1.437519
v -0.588731 1.892699 1.450130
v -0.692032 2.217818 1.194616
v -0.622869 1.846308 1.258269
v -0.928319 1.819149 1.099114
v -1.164039 2.203102 1.056095
v -0.778121 2.232852 1.311224
v -0.703032 1.695855 1.891753
v -0.789606 1.697217 1.731061
v -0.641243 1.678240 1.670096
v -0.552806 1.968012 1.623991
v -0.765321 1.934954 1.678211
v -0.909693 2.003846 1.705872
v -0.740065 2.138018 1.540089
v -0.587197 3.429545 -0.054306
v -0.738204 2.400410 0.012776
v -0.535827 2.895138 -0.832066
v -0.671285 3.199708 -0.411507
v -0.210140 2.104932 -0.140035
v -0.766109 2.634553 -0.247473
v -0.011853 1.693249 -1.423905
v -0.278822 1.609060 -1.261601
v -0.207230 1.898420 -1.513075
v -0.452442 1.861538 -1.310810
v -0.493444 2.190156 -1.431902
v 0.038366 2.022702 -1.569511
v 0.119407 1.576633 -1.174142
v -0.762195 2.066496 -0.705194
v -0.086421 1.431651 -0.687493
v -0.331871 1.334967 -0.931998
v -0.087108 1.321227 -0.927215
v -0.347072 1.470517 -0.667172
v -0.137411 1.462509 -1.130754
v 0.057586 1.547353 -0.890251
v -0.315550 1.928343 -0.653492
v -0.511478 1.643857 -0.880983
v 0.206955 1.923984 -1.392336
v 0.185832 2.402287 -1.638552
v 0.136276 2.763361 -1.175757
v -0.316410 3.413789 -0.413466
v -0.376963 3.803203 0.108464
v 0.123176 1.325288 -1.201693
v -0.182682 1.251603 -1.412879
v 0.032820 1.364692 -1.438433
v -0.127433 1.307573 -1.125638
v -0.241658 1.298372 -1.121000
v -0.229289 1.437168 -1.057281
v -0.013969 1.422278 -1.021439
v -0.079802 1.275428 -0.960262
v 0.037152 0.774883 -1.088463
v -0.080678 0.746647 -1.146623
v 0.004425 0.754518 -1.176629
v -0.045208 0.768664 -1.064138
v -0.062459 1.077729 -1.373230
v 0.104864 1.065137 -1.245583
v 0.022364 1.081899 -1.150910
v -0.124944 1.052342 -1.200194
v 0.050758 0.261336 -0.870137
v -0.042806 0.248349 -0.952505
v 0.013439 0.231583 -1.006476
v -0.005201 0.262776 -0.797746
v -0.004657 0.538314 -0.945589
v -0.068439 0.514524 -0.972477
v -0.046836 0.481836 -1.036877
v 0.019893 0.500009 -1.005239
v 0.042820 -0.044426 -0.745626
v -0.130640 -0.046991 -0.839835
v -0.039621 -0.051108 -0.923349
v -0.056282 -0.044379 -0.604122
v -0.070485 0.061619 -0.666536
v -0.068036 0.069997 -0.879350
v 0.041838 0.065795 -0.847595
v 0.034247 0.086350 -0.612527
v -0.096389 3.150390 2.689778
v -0.226728 2.626484 2.373846
v -0.221332 2.778533 2.077819
v -0.005389 2.959322 2.653432
v -0.186103 2.871165 2.461381
v 0.108026 2.354875 -0.927212
v -0.406341 1.948894 0.918330
v -0.472050 2.209979 -0.299686
v -0.176173 1.933993 0.419641
v 0.051560 2.568018 -0.958770
v 0.137751 2.065859 -1.120638
v -0.379154 2.746260 1.243183
v -0.740521 2.059988 0.607939
v -0.347405 2.009329 -0.088371
v -0.021019 2.538244 -0.964551
v -0.364340 2.583629 -0.991386
v 0.026313 2.071593 -1.241896
v -0.278789 2.701872 -1.481911
v -0.991214 2.818650 -0.033048
v -0.556955 1.907481 0.671561
v -0.201319 1.930753 -0.088833
v -0.798808 3.327437 0.002112
v -0.526008 2.954185 1.213081
v -0.220898 3.522603 1.636708
v -0.517701 2.253604 0.239591
v -0.065165 4.224698 2.100317
v -0.371786 4.216747 0.939754
v -0.541581 3.778162 1.412795
v -0.232837 2.134060 -1.569922
v -0.448524 2.648932 -1.002074
v -0.215256 3.785611 2.547891
v -0.356591 3.591827 2.226427
v -0.174044 2.619480 2.463130
v -0.129678 2.456844 2.450589
v 0.012343 2.639126 2.614154
v -0.196695 2.612462 2.097978
v -0.977279 3.363479 0.591644
v -0.817513 3.152829 1.040723
v -0.831969 3.103965 0.238998
v -0.758954 3.694606 0.428342
v -0.595902 1.684294 1.900581
v -0.598699 2.690617 0.677536
v -1.088096 2.576710 0.567876
v -0.225963 2.040278 0.764819
v -0.642613 1.033811 1.923546
v -0.788570 1.699223 1.815229
v -0.727512 1.688209 1.669075
v -0.573108 1.673910 1.743953
v -0.041267 2.400084 2.416826
v -0.090538 2.474981 2.115170
v -0.042417 2.407537 2.562516
v -0.190006 3.299014 1.910570
v -0.109633 3.471485 2.680276
v -0.282215 3.436195 2.407192
v -0.668030 0.687790 2.241289
v -0.678711 1.027973 1.850327
v -0.619678 1.039903 1.754187
v -0.577713 1.030532 1.818825
v -0.614796 0.586471 2.127082
v -0.725204 0.698720 2.074488
v -0.634927 0.666233 1.790840
v -0.535365 0.675216 1.934443
v -0.711478 2.313719 1.049541
v -0.546201 1.895545 1.120613
v -0.833523 1.745640 0.845106
v -1.211000 2.071641 0.681562
v -0.593066 2.053782 1.380714
v -0.696191 1.817436 1.479012
v -0.919964 1.868061 1.333168
v -0.967683 2.249498 1.291274
v -0.285069 2.973746 -0.829597
v 0.155261 2.533336 -0.957395
v -0.547452 2.691683 -0.847922
v -0.236455 1.709672 -1.413834
v 0.157495 1.755708 -1.374689
v -0.723822 2.194674 -1.050387
v 0.014477 1.465344 -1.044787
v -0.271108 1.380203 -1.115748
v -0.064543 1.726932 -0.726736
v -0.562457 1.830076 -0.641776
v -0.320614 1.518315 -1.082580
v 0.273471 2.082862 -1.070770
v 0.062013 2.649880 -1.511601
v 0.017346 3.135305 -0.816910
v -0.421162 3.473871 -0.108784
v -0.217183 4.149107 0.511440
v 0.044440 1.072778 -1.336188
v -0.118183 1.464571 -1.037027
v -0.016596 1.344118 -0.974600
v -0.160437 1.257915 -1.041728
v -0.041767 0.533519 -0.946804
v 0.092101 1.076264 -1.180473
v -0.063932 1.065211 -1.157377
v -0.129836 1.067040 -1.278966
v -0.086282 0.057947 -0.799289
v -0.070466 0.493216 -1.009883
v -0.008716 0.482955 -1.034779
v 0.021083 0.524150 -0.968250
v -0.054959 -0.077650 -0.795743
v -0.016643 0.065656 -0.894569
v 0.063811 0.068508 -0.704964
v -0.023036 0.073726 -0.598819
v -0.280902 3.041152 2.153526
v -0.037402 3.145442 2.713936
v -0.219287 3.121083 2.475328
v -0.098323 2.547889 -0.921345
v -0.234649 2.116145 -1.004730
v -0.241942 2.375312 1.207476
v -0.517640 2.120636 0.016338
v -0.339258 2.499328 -0.962059
v 0.093251 2.103721 -1.212000
v -0.199063 3.344786 2.579142
v -0.274990 3.387719 2.426809
v -0.210006 3.389765 2.545747
v -0.322800 3.643134 2.412830
v -0.241128 3.442291 2.518634
v -0.278320 3.535641 2.469067
v -0.306733 3.711767 2.311269
v -0.300494 3.379950 2.306423
v -0.357599 3.632254 2.162946
v -0.330410 3.460921 2.215557
v -0.770602 2.958688 0.707766
v -0.570777 3.512681 1.016952
v -0.284871 3.722345 1.808999
v -0.313913 3.612874 2.480574
v -0.949256 2.939962 0.328018
v -0.850309 3.476175 0.786048
v -0.958401 2.503780 0.834415
v -0.654884 1.918653 0.430119
v -0.598786 1.325539 1.820605
v -0.672360 1.329752 1.854072
v -0.598601 0.832881 1.962307
v -0.735104 0.861359 2.083883
v -0.546217 0.600610 2.114742
v -0.730999 0.622264 2.208799
v -0.816909 2.291297 1.169605
v -1.030000 1.904698 1.086867
v -0.553796 2.029382 1.598391
v -0.888530 2.037481 1.663170
v -0.776780 2.360107 0.203554
v -0.545554 3.751742 1.467512
v -0.166557 3.664064 2.540463
v -0.359138 3.537711 2.241443
v -0.978021 3.290689 0.731154
v -0.737277 3.593482 0.640143
v -0.728281 2.642298 0.734957
v -0.754394 1.694999 1.852020
v -0.561588 1.672917 1.788069
v -0.678043 1.029678 1.878533
v -0.588585 1.029571 1.851482
v -0.638685 0.587247 2.204136
v -0.743196 0.697235 2.140843
v -0.551290 0.681467 2.025853
v -0.865705 2.383320 0.994699
v -0.928642 1.788376 0.759516
v -0.667921 2.135937 1.340765
v -0.952369 1.949283 1.308795
v -0.298746 3.585592 2.438605
v -0.370693 3.555620 2.168498
v -0.260553 3.654940 2.270522
v -0.266602 3.496143 2.324194
v -0.290470 3.590673 2.294588
v -0.231722 3.492778 2.380622
v -0.256102 3.599589 2.380384
v -0.203265 3.500126 2.437966
v -0.224998 3.547851 2.416684
v -0.261464 3.645710 2.327527
v -0.285595 3.527842 2.303905
v -0.238583 3.571512 2.398641
v -0.147692 3.147317 2.621241
v -0.132923 2.914968 2.570516
v -0.122304 2.609139 2.490291
v -0.128737 2.648694 2.524185
v -0.096915 2.448294 2.367087
v -0.057861 2.434512 2.349137
v -0.147183 2.613058 2.323302
v -0.220106 2.737938 2.200382
v -0.123271 2.499343 2.364062
v -0.079741 2.434818 2.364984
v -0.228642 2.937817 2.198694
v -0.348954 3.495859 1.972383
v -0.326565 3.371106 1.943399
v -0.357077 3.618710 1.957473
v -0.347551 3.780906 1.956368
v -0.345343 3.240059 2.064296
v -0.345091 3.321325 1.996113
v -0.365917 3.664661 2.101308
v -0.396266 3.567815 2.099821
v -0.135136 2.485624 2.165477
v -0.158260 2.533923 2.164594
v -0.190406 2.611519 2.167820
v -0.094447 2.472861 2.144325
v -0.117374 2.472540 2.162069
v -0.138479 2.754797 2.558180
v -0.080582 2.767629 2.594426
v -0.257589 2.716200 2.352919
v -0.185870 2.748156 2.454707
v -0.179256 2.673398 2.290340
v 0.006120 2.787821 2.621259
v -0.207392 2.675451 2.089373
v -0.203022 2.643707 2.183772
v -0.098418 2.491842 2.359228
v -0.065918 2.480374 2.344291
v -0.142134 2.630085 2.313094
v -0.202593 2.735440 2.206103
v -0.121631 2.535553 2.349286
v -0.084126 2.480629 2.357477
v -0.134298 2.526819 2.167832
v -0.154278 2.566948 2.165396
v -0.179005 2.629311 2.179761
v -0.101372 2.517094 2.144814
v -0.120171 2.516558 2.161204
v -0.169230 2.680654 2.283259
v -0.189430 2.655509 2.194887
v -0.089772 2.552777 2.326946
v -0.034928 2.528067 2.327134
v -0.152799 2.753670 2.270992
v -0.228153 2.895919 2.196558
v -0.126576 2.618196 2.301991
v -0.067372 2.535104 2.331171
v -0.124750 2.586478 2.150851
v -0.151242 2.642789 2.165155
v -0.186103 2.733820 2.194808
v -0.076059 2.572937 2.113906
v -0.103347 2.571452 2.141917
v -0.189594 2.824654 2.247323
v -0.203990 2.774947 2.202685
v -0.066352 2.547416 2.363660
v -0.016524 2.529086 2.350890
v -0.128290 2.746638 2.312254
v -0.204184 2.889738 2.230652
v -0.102544 2.611855 2.341574
v -0.044098 2.530040 2.366945
v -0.164918 2.817602 2.288303
v -0.209512 2.915580 2.150266
v -0.105916 2.603714 2.108663
v -0.132691 2.660725 2.121027
v -0.168939 2.753268 2.143202
v -0.063980 2.592963 2.070217
v -0.093894 2.590612 2.101967
v -0.186532 2.794097 2.153334
v -0.185151 2.907420 2.189648
v -0.339787 2.611536 -0.968332
v -0.787447 2.709718 0.183996
v -0.679529 2.987293 1.118320
v 0.219566 1.789958 -1.219224
v -0.633597 2.362230 -0.797586
v -0.650964 2.881895 0.272255
v -1.020441 3.096014 0.745404
v -0.672429 2.484424 -0.212734
v -0.033635 1.611074 -1.331045
v -0.486230 1.813963 -1.197388
v -0.508568 2.459803 1.109179
v -0.028809 2.560180 -0.977787
v -0.844276 2.619056 -0.012194
v -0.660011 2.870627 1.091104
v -0.267153 2.548671 -0.988398
v -0.918588 3.163810 0.352737
v -0.846152 3.030716 1.014611
v -0.571539 2.748988 0.343148
v -0.444467 2.648589 -0.871905
v -0.257835 1.654741 -1.335976
v 0.142896 1.661231 -1.281663
v -0.741316 2.127426 -0.880410
v 0.230068 1.988681 -1.374222
v -0.293013 2.126896 1.095143
v -0.187738 2.526162 -0.951045
v -0.999592 3.149330 0.537847
v 0.335390 3.729999 0.377801
v 0.222740 3.797026 0.176301
v 0.238204 3.757847 -0.068840
v 0.339788 3.435668 -0.314159
v 0.589971 3.355312 -0.031021
v 0.563289 3.528659 0.153964
v 0.480524 3.631718 0.336091
v 0.591419 3.637057 0.057344
v 0.600044 3.422307 -0.076893
v 0.443754 3.726300 0.289240
v 0.482647 3.643538 0.235257
v 0.635706 3.678588 0.014917
v 0.658198 3.507751 -0.102081
v 0.479800 3.754203 0.241749
v 0.686821 3.721085 0.002660
v 0.734861 3.638214 -0.105459
v 0.535807 3.767456 0.193561
v 0.736647 3.735728 0.060377
v 0.813206 3.736418 0.177470
v 0.605434 3.753546 0.232810
v 0.826746 3.758822 -0.088255
v 0.939905 3.820827 -0.018401
v 0.731371 3.625690 -0.230225
v 0.539508 3.694117 -0.284935
v 0.587687 3.493128 -0.268681
v 0.941873 3.844162 -0.152417
v 0.850248 3.939878 -0.192374
v 1.104565 3.947827 0.008858
v 1.035256 3.845571 0.138584
v 1.050352 4.045615 0.005986
v 1.229337 3.994895 0.161978
v 1.193624 4.089469 0.153953
v 1.175760 3.902550 0.255552
v 1.322302 4.032547 0.231524
v 1.399604 4.067521 0.242867
v 1.297362 4.140551 0.211942
v 1.299988 3.949825 0.340236
v 1.386936 3.960519 0.390057
v 1.232813 3.932469 0.437087
v 1.350984 3.958715 0.523885
v 1.090500 3.861748 0.364410
v 1.175682 3.962495 0.494578
v 1.017970 3.865688 0.438101
v 1.323080 4.023594 0.597987
v 1.141788 4.010894 0.510660
v 1.308052 4.096359 0.617889
v 0.964184 3.903538 0.468244
v 1.129576 4.084804 0.477906
v 1.304775 4.200552 0.589572
v 0.927672 3.978262 0.449878
v 1.163936 4.158031 0.387360
v 1.317189 4.278980 0.469386
v 0.963968 4.056194 0.369220
v 1.239972 4.192819 0.294101
v 1.072560 4.112103 0.245128
v 1.338150 4.286828 0.339933
v 1.374964 4.205309 0.220060
v 1.462668 4.400814 0.433193
v 1.466729 4.385294 0.562604
v 1.476831 4.307819 0.297396
v 1.772257 4.462096 0.664539
v 1.771361 4.457743 0.756721
v 1.774898 4.398551 0.584123
v 2.073753 4.550313 0.820673
v 2.224263 4.520038 0.720996
v 2.071922 4.499678 0.765501
v 2.065905 4.554198 0.885255
v 2.050019 4.525281 0.953187
v 2.228012 4.583373 0.854096
v 2.219029 4.574925 0.972441
v 2.295349 4.598536 0.819174
v 2.416780 4.604082 0.803362
v 2.306021 4.551617 0.717720
v 2.296529 4.594628 0.964559
v 2.307459 4.570651 1.041955
v 2.410383 4.583310 0.957104
v 2.409220 4.498977 0.968814
v 2.460367 4.585577 0.921127
v 2.383263 4.573267 1.060519
v 2.686676 4.628541 1.130599
v 2.620009 4.625278 1.186610
v 4.207072 5.357345 1.377357
v 2.710839 4.566030 1.132587
v 4.207158 5.360801 1.386165
v 2.653142 4.563451 1.180685
v 4.201451 5.366444 1.382746
v 2.389856 4.504594 1.046568
v 2.309913 4.501446 1.030925
v 2.257702 4.505758 1.021757
v 2.300421 4.475583 0.971352
v 2.216621 4.486420 0.975670
v 2.302936 4.447522 0.875959
v 2.304718 4.421489 0.783984
v 2.218889 4.445226 0.877326
v 2.415719 4.506180 0.853291
v 2.397551 4.438013 0.756143
v 2.450823 4.492842 0.798550
v 2.456606 4.523846 0.865243
v 2.456652 4.518805 0.936229
v 2.457730 4.612553 0.811345
v 2.647857 4.545393 0.794563
v 2.632830 4.612658 0.743721
v 2.792856 4.545318 0.734340
v 2.689144 4.555363 0.862004
v 2.859804 4.567525 0.797636
v 2.688882 4.620169 0.844352
v 2.866942 4.625256 0.779074
v 3.067661 4.626846 0.713151
v 2.773983 4.605272 0.687809
v 2.948366 4.598492 0.629179
v 3.190382 4.598969 0.574806
v 2.962749 4.544403 0.678908
v 3.215812 4.545736 0.613037
v 3.047865 4.570159 0.734959
v 3.307519 4.570441 0.665979
v 3.523990 4.590995 0.614138
v 3.308392 4.628969 0.644421
v 3.510743 4.641123 0.592535
v 4.806148 4.678908 0.293307
v 3.416915 4.606281 0.534690
v 4.800098 4.675014 0.286852
v 4.757156 4.659736 0.298159
v 4.803230 4.668143 0.290579
v 4.809094 4.672081 0.296757
v 2.458001 4.580005 0.775431
v 2.442037 4.448268 0.726336
v 2.756885 4.392982 0.536375
v 2.749045 4.348673 0.462683
v 3.140417 4.266077 0.233793
v 2.758615 4.476382 0.526652
v 3.143648 4.343637 0.230173
v 2.732035 4.415450 0.386711
v 2.433393 4.525193 0.640705
v 3.110883 4.281072 0.094641
v 3.120754 4.257885 0.116448
v 2.740758 4.384691 0.396141
v 3.472384 4.033200 -0.279369
v 3.095466 4.215335 0.130389
v 2.437945 4.438959 0.649656
v 3.131626 4.213842 0.110650
v 3.129263 4.224183 0.161475
v 3.459824 3.986738 -0.306174
v 3.490396 4.017761 -0.322408
v 3.580910 3.841968 -0.637348
v 3.489820 3.980033 -0.278243
v 3.604900 3.831713 -0.627999
v 3.559590 3.985769 -0.255514
v 3.664265 3.820411 -0.628113
v 3.615359 4.042670 -0.271122
v 3.686820 3.860446 -0.646744
v 3.468830 4.055429 -0.322354
v 3.596610 3.884207 -0.656052
v 3.668276 3.742249 -0.810499
v 3.615402 3.866049 -0.633460
v 3.639780 3.745957 -0.808596
v 3.645775 3.740458 -0.805108
v 3.670611 3.734326 -0.806010
v 3.693177 3.730056 -0.804795
v 3.690274 3.738271 -0.808117
v 2.397243 4.421883 0.666894
v 2.306354 4.423488 0.694149
v 2.420793 4.499860 0.646984
v 2.307094 4.498918 0.655831
v 2.406050 4.531421 0.670604
v 2.221160 4.423385 0.730402
v 2.067784 4.421786 0.776177
v 2.216922 4.421968 0.787609
v 2.052260 4.394425 0.840498
v 1.782168 4.226101 0.687624
v 2.043898 4.414215 0.910177
v 1.774571 4.233077 0.792332
v 2.040647 4.452990 0.953789
v 2.042609 4.479582 0.963242
v 1.766996 4.283463 0.853820
v 1.468752 4.117642 0.702338
v 1.764888 4.338016 0.868967
v 1.465918 4.197011 0.723386
v 1.767813 4.404993 0.841551
v 1.469378 4.299607 0.686374
v 1.481736 4.034681 0.617109
v 1.499827 4.025961 0.460579
v 1.500159 4.145713 0.308803
v 1.781516 4.294665 0.592855
v 2.257412 4.562028 1.028381
v 4.201483 5.363769 1.373473
v 0.858989 4.066905 0.183221
v 0.655714 4.060560 0.014125
v 0.697749 4.023285 0.364119
v 0.472337 4.105513 0.315309
v 0.712359 3.918316 0.443942
v 0.538027 3.986804 0.428774
v 0.781149 3.817242 0.433227
v 0.634668 3.804517 0.381943
v 0.848109 3.772580 0.382909
v 0.713945 3.736585 0.309884
v 0.934229 3.773225 0.280460
v 0.510791 3.852450 0.326932
v 0.432198 3.867304 0.273116
v 0.370202 4.049907 0.371989
v 0.245268 3.986725 0.275827
v 0.282281 4.006304 0.101953
v 0.188099 3.943412 0.012475
v 0.429246 3.937407 -0.156301
v 0.324341 3.820213 -0.249173
v 0.285485 3.763423 -0.274277
v 0.384904 3.602878 -0.345552
v 0.332011 3.546147 -0.367333
v 0.325520 3.487071 -0.353833
v 0.520179 3.440775 -0.289600
v 0.484011 3.404331 -0.297660
v 0.475706 3.363045 -0.287264
v 0.312592 3.631406 -0.225291
v 0.287623 3.710529 -0.266876
v 0.204713 3.844548 -0.083551
v 0.177602 3.907353 -0.052424
v 0.225860 3.864658 0.164308
v 0.208318 3.930214 0.229274
v 0.349122 3.807320 0.312637
v 0.423791 3.690720 0.429851
v 0.376847 3.852612 0.296849
v 3.504119 4.830618 1.334544
v 3.518769 4.827210 1.369225
v 3.484209 4.828193 1.379196
v 3.463972 4.828156 1.348577
v 3.118790 4.620242 1.209947
v 3.138762 4.571409 1.211359
v 3.092297 4.570220 1.249324
v 3.066905 4.618904 1.254186
v 3.820470 5.114937 1.344494
v 3.844780 5.105041 1.354589
v 3.845824 5.116004 1.375830
v 3.824183 5.124531 1.367035
v 4.158144 4.660222 0.442545
v 4.108268 4.633953 0.410858
v 4.780193 4.663939 0.294369
v 4.166489 4.631914 0.455391
v 3.762766 4.613873 0.472945
v 4.768675 4.661838 0.296264
v 3.834407 4.649606 0.517482
v 3.845215 4.611491 0.534753
v 3.295725 4.100290 -0.097762
v 3.309542 4.102108 -0.058383
v 3.350004 4.125924 -0.010860
v 3.379505 4.193155 -0.020474
v 3.289857 4.168250 -0.113856
v 3.481390 4.025480 -0.300888
v 2.948651 4.329529 0.385084
v 2.951131 4.410009 0.378413
v 2.921459 4.348261 0.240676
v 3.296569 4.145543 -0.081460
v 3.113546 4.214589 0.120519
v 2.939131 4.287117 0.311753
v 2.361693 1.351915 -1.584133
v 2.255071 1.032640 -1.680041
v 2.694879 0.953929 -1.280550
v 2.372553 1.131232 -1.491587
v 2.374024 1.152310 -1.571101
v 2.480810 1.182248 -1.472391
v 2.426830 1.025681 -1.520191
v 2.444469 1.092988 -1.449178
v 2.559198 1.009389 -1.402016
v 2.527458 1.046085 -1.392315
v 2.575715 1.056992 -1.387402
v 2.450294 1.130645 -1.577449
v 2.499784 1.092790 -1.511056
v 2.565409 1.045949 -1.434770
v 2.612763 0.994788 -1.354086
v 2.615551 0.998900 -1.338459
v 2.618596 1.011600 -1.348925
v 2.628617 0.998853 -1.353075
v 0.217482 2.944762 -1.130748
v 0.347775 2.813423 -1.119183
v 0.222878 2.685264 -1.167520
v 0.092585 2.816604 -1.179084
v 0.274266 2.947290 -1.372523
v 0.390357 2.822773 -1.332612
v 0.265725 2.701256 -1.349206
v 0.149634 2.825774 -1.389117
v 0.318385 2.890110 -1.563517
v 0.418910 2.783668 -1.488850
v 0.291697 2.681364 -1.466202
v 0.192654 2.786489 -1.541960
v 0.350647 2.765986 -1.697002
v 0.423304 2.688417 -1.586552
v 0.289389 2.632743 -1.537623
v 0.215927 2.713086 -1.646585
v 0.379373 2.642841 -1.761122
v 0.423849 2.580286 -1.640640
v 0.294642 2.530669 -1.612717
v 0.249948 2.580975 -1.744333
v 0.440865 2.518239 -1.827259
v 0.476033 2.473919 -1.707011
v 0.366228 2.399117 -1.701421
v 0.330699 2.443313 -1.821690
v 0.530156 2.378496 -1.890004
v 0.558219 2.346167 -1.775435
v 0.454704 2.281442 -1.768375
v 0.426506 2.314042 -1.882842
v 0.607799 2.208299 -1.942545
v 0.623396 2.175473 -1.836920
v 0.519603 2.134513 -1.834122
v 0.503813 2.167304 -1.939882
v 0.677921 2.035020 -1.989643
v 0.676547 2.003746 -1.893418
v 0.585038 1.962923 -1.907798
v 0.586365 1.994101 -2.004183
v 0.777961 1.883123 -2.021639
v 0.769817 1.853713 -1.936073
v 0.705004 1.795861 -1.962210
v 0.713609 1.824798 -2.047776
v 0.918513 1.765128 -2.044955
v 0.913900 1.741609 -1.968360
v 0.870117 1.678083 -1.990486
v 0.874749 1.701575 -2.067106
v 1.069617 1.661547 -2.060161
v 1.066219 1.644220 -1.992760
v 1.027535 1.588661 -2.008986
v 1.031846 1.605281 -2.076645
v 1.212032 1.572101 -2.065370
v 1.202761 1.544516 -2.013873
v 1.175600 1.500204 -2.042168
v 1.184636 1.527838 -2.093933
v 1.341354 1.502289 -2.056515
v 1.320758 1.469834 -2.016905
v 1.302014 1.435547 -2.055775
v 1.323865 1.467428 -2.094440
v 1.429306 1.445201 -2.040225
v 1.405717 1.413112 -2.008886
v 1.396984 1.382257 -2.048281
v 1.418030 1.415679 -2.079467
v 1.496799 1.411626 -2.028792
v 1.480692 1.381088 -1.998006
v 1.477618 1.349377 -2.031706
v 1.493204 1.380053 -2.062436
v 1.568239 1.393564 -2.013722
v 1.557284 1.365942 -1.983694
v 1.559026 1.334606 -2.011759
v 1.570069 1.362057 -2.041786
v 1.649047 1.384792 -1.994765
v 1.640429 1.361236 -1.966447
v 1.644689 1.331608 -1.989568
v 1.653296 1.355140 -2.018070
v 1.736339 1.379078 -1.971504
v 1.727940 1.359511 -1.945967
v 1.732071 1.332308 -1.964841
v 1.740516 1.351764 -1.991112
v 1.826414 1.371271 -1.945500
v 1.817387 1.355585 -1.922245
v 1.820367 1.330879 -1.938240
v 1.829191 1.346682 -1.960980
v 1.918131 1.359794 -1.912426
v 1.908329 1.346857 -1.893346
v 1.911209 1.325907 -1.906600
v 1.920608 1.339136 -1.925635
v 2.015113 1.345008 -1.859426
v 2.005412 1.332305 -1.846195
v 2.009658 1.316159 -1.858542
v 2.019389 1.328856 -1.871777
v 2.131805 1.309031 -1.779895
v 2.122118 1.297858 -1.772695
v 2.125940 1.286918 -1.784392
v 2.135648 1.298104 -1.791674
v 2.268814 1.232615 -1.667409
v 2.260368 1.224787 -1.663354
v 2.263463 1.216897 -1.672140
v 2.271910 1.224723 -1.676193
v 2.432458 1.111306 -1.512739
v 2.426505 1.106554 -1.510534
v 2.428037 1.101770 -1.516674
v 2.433992 1.106521 -1.518882
v 0.107626 4.336077 1.463074
v 0.118264 4.085437 2.065264
v -0.186268 3.816775 0.126763
v 0.200618 2.690401 -0.908361
v -0.084805 3.240032 -0.411986
v 0.085341 4.785555 1.599519
v 0.088927 4.494092 2.377224
v -0.276326 4.437502 0.038729
v 0.322351 3.246329 -1.114201
v -0.222218 3.825360 -0.768319
v -0.035026 4.184827 0.690866
v -0.078853 4.703106 0.679960
v -0.122269 3.392965 -0.075775
v -0.353607 4.199369 -0.420206
v 0.057497 3.041785 -0.610523
v -0.009044 3.602749 -0.943710
v 0.130313 4.249043 1.797259
v 0.262032 4.653782 1.966032
v 0.207413 2.745309 -1.078182
v 0.044853 4.319206 1.012204
v 0.159654 4.740434 1.150759
v -0.120032 3.978807 0.464032
v -0.046078 4.575842 0.246123
v -0.138680 3.489935 0.097512
v -0.189317 4.403231 -0.213375
v -0.123001 3.344203 -0.260774
v -0.168819 4.007788 -0.628336
v -0.036115 3.117262 -0.487787
v -0.001332 3.717548 -0.827561
v 0.182988 2.948132 -0.779412
v 0.247953 3.520859 -0.973796
v 0.077865 3.961598 2.229424
v 0.142170 4.073823 2.780174
v 0.060331 3.702415 2.463384
v 0.080249 3.628551 2.834420
v 0.046720 3.324822 2.628972
v -0.105907 3.294416 -0.348607
v 0.128234 4.309160 1.644921
v 0.232485 2.820481 -0.832190
v -0.161474 3.888346 0.294492
v -0.206243 3.915519 -0.714363
v 0.184397 4.728521 1.819087
v 0.239640 3.442387 -1.091839
v -0.159184 4.500045 0.142945
v 0.005554 4.266840 0.828259
v 0.044917 4.737594 0.915602
v -0.118665 3.406937 0.004212
v -0.275907 4.334571 -0.316440
v 0.004913 3.105920 -0.557442
v -0.012473 3.648289 -0.892349
v 0.127203 4.175462 1.946584
v 0.189606 4.596447 2.151830
v 0.175079 2.687240 -1.053349
v 0.293470 2.864701 -1.065961
v 0.083076 4.339439 1.242859
v 0.122597 4.771726 1.372192
v -0.075703 4.075136 0.597556
v -0.060171 4.651291 0.439610
v -0.184505 3.676267 0.094386
v -0.240888 4.419390 -0.116257
v -0.128205 3.376681 -0.167142
v -0.270381 4.101435 -0.532274
v -0.062539 3.181395 -0.451569
v -0.115625 3.773013 -0.805704
v 0.119914 3.030856 -0.698280
v 0.119004 3.572309 -0.942475
v 0.141272 4.550881 2.265446
v 0.097959 4.309758 2.608312
v 0.082640 3.815835 2.352224
v 0.132338 3.847307 2.844687
v 0.022287 3.524978 2.545066
v 0.377726 4.166583 2.537465
v 0.087859 3.749779 2.379350
v 0.553948 4.149570 2.428612
v 0.205876 3.730683 2.268312
v 0.253845 3.582563 2.396249
v 0.596515 4.037902 2.533214
v 0.134199 3.626358 2.491657
v 0.419006 4.063589 2.636516
v 0.574027 4.478945 2.114143
v 0.633328 4.471643 2.082811
v 0.651161 4.462744 2.115515
v 0.591535 4.472216 2.145463
v 0.605124 4.761044 2.004443
v 0.619282 4.754466 2.003183
v 0.627365 4.764831 2.004185
v 0.613207 4.771409 2.005445
v 0.457976 4.178197 2.463960
v 0.138082 3.764840 2.301860
v 0.252335 3.647840 2.314734
v 0.283965 3.847668 2.636376
v 0.515622 4.030618 2.603966
v 0.202699 3.581438 2.464949
v 0.451930 3.812594 2.527978
v 0.237897 3.969936 2.524843
v 0.608392 4.089736 2.461011
v 0.088627 3.695713 2.453743
v 0.404237 3.951927 2.405607
v 0.365203 4.119092 2.606869
v 0.600365 4.476758 2.092476
v 0.624662 4.466014 2.136492
v 0.653393 4.465621 2.093416
v 0.571631 4.477154 2.135546
v 0.651636 4.254417 2.342785
v 0.621143 4.315403 2.271617
v 0.525295 4.270534 2.412612
v 0.495735 4.325284 2.345429
v 0.610066 4.778982 2.005203
v 0.619838 4.791196 2.004979
v 0.623208 4.780933 2.004802
v 0.606696 4.789246 2.005381
v 0.602016 4.648454 2.014867
v 0.613385 4.660192 2.023577
v 0.638453 4.652455 2.016000
v 0.627044 4.640988 2.007116
v 0.229518 3.914824 2.601280
v 0.312474 3.982598 2.445112
v 0.376666 3.806644 2.603461
v 0.659990 4.282475 2.293727
v 0.459594 3.874820 2.446994
v 0.602947 4.657967 2.020634
v 0.594097 4.251623 2.390674
v 0.552809 4.331191 2.295560
v 0.486913 4.300348 2.392481
v 0.612242 4.831578 2.006716
v 0.627924 4.660644 2.021360
v 0.637247 4.647445 2.010299
v 0.612271 4.644769 2.009574
v -0.275689 4.165479 2.639684
v -0.046596 3.749551 2.400384
v -0.476680 4.147828 2.589842
v -0.192824 3.730009 2.330684
v -0.198940 3.581798 2.467081
v -0.484900 4.036075 2.702389
v -0.056016 3.626036 2.521415
v -0.284407 4.062399 2.746557
v -0.592926 4.476973 2.296699
v -0.658938 4.469460 2.284970
v -0.665901 4.460518 2.321554
v -0.600009 4.470202 2.331866
v -0.656967 4.758910 2.201882
v -0.670812 4.752285 2.205003
v -0.678237 4.762624 2.208431
v -0.664391 4.769249 2.205311
v -0.374593 4.176790 2.594206
v -0.118135 3.764407 2.341942
v -0.222612 3.647038 2.389034
v -0.155153 3.846925 2.705071
v -0.386240 4.029093 2.745052
v -0.129252 3.580877 2.516879
v -0.348083 3.811242 2.653131
v -0.145752 3.969287 2.584861
v -0.518432 4.087831 2.637290
v -0.024429 3.695522 2.471430
v -0.340501 3.950669 2.522113
v -0.242412 4.118064 2.701923
v -0.624615 4.474688 2.284109
v -0.634273 4.463886 2.333438
v -0.674785 4.463376 2.301194
v -0.584101 4.475201 2.316347
v -0.596259 4.252308 2.538003
v -0.589158 4.313357 2.460954
v -0.454681 4.268877 2.565918
v -0.447231 4.323690 2.492945
v -0.661500 4.776833 2.204125
v -0.670913 4.789015 2.206902
v -0.674143 4.778740 2.207757
v -0.658270 4.787107 2.203271
v -0.650454 4.646337 2.210801
v -0.658658 4.658041 2.222573
v -0.684817 4.650218 2.223009
v -0.676629 4.638785 2.211060
v -0.114247 3.914243 2.655059
v -0.241158 3.981663 2.531721
v -0.253343 3.805580 2.702018
v -0.619288 4.280313 2.493855
v -0.380319 3.873400 2.578388
v -0.649610 4.655849 2.216582
v -0.526833 4.249728 2.566031
v -0.516829 4.329383 2.462892
v -0.424379 4.298808 2.535042
v -0.663282 4.829422 2.206258
v -0.673181 4.658444 2.224903
v -0.685393 4.645209 2.217211
v -0.661823 4.642615 2.208891
v 0.185741 2.791163 2.189954
v 0.198936 2.817948 2.274585
v 0.177523 2.666018 2.230850
v 0.190719 2.692803 2.315481
v 0.141613 2.559875 2.270047
v 0.154808 2.586661 2.354678
v 0.083476 2.488896 2.301579
v 0.096672 2.515681 2.386210
v 0.011965 2.463885 2.320645
v 0.025160 2.490670 2.405277
v -0.062035 2.488650 2.324342
v -0.048839 2.515435 2.408973
v -0.127256 2.559421 2.312108
v -0.114061 2.586206 2.396740
v -0.173771 2.665424 2.285805
v -0.160576 2.692209 2.370437
v -0.194497 2.790520 2.249438
v -0.181302 2.817306 2.334069
v 0.239680 3.570700 2.262273
v 0.247392 3.513958 2.259561
v 0.267712 3.486153 2.266454
v 0.298152 3.556014 2.289643
v 0.239889 3.542956 2.274733
v 0.244516 3.518318 2.287379
v 0.252858 3.500536 2.298287
v 0.263645 3.492319 2.305795
v 0.275234 3.494916 2.308760
v 0.285862 3.507933 2.306732
v 0.293909 3.529387 2.300019
v 0.238873 3.552600 2.286729
v 0.242639 3.536138 2.309544
v 0.250406 3.523819 2.327247
v 0.260991 3.517520 2.337141
v 0.272782 3.518199 2.337721
v 0.283985 3.525753 2.328898
v 0.292894 3.539032 2.312015
v 0.238670 3.566944 2.292450
v 0.242264 3.562642 2.320117
v 0.249916 3.558449 2.341061
v 0.260460 3.555002 2.352093
v 0.272292 3.552828 2.351535
v 0.283610 3.552257 2.339470
v 0.292691 3.553375 2.317736
v 0.239334 3.582144 2.290365
v 0.243491 3.590729 2.316264
v 0.251519 3.595146 2.336027
v 0.262195 3.594724 2.346645
v 0.273895 3.589526 2.346501
v 0.284837 3.580344 2.335617
v 0.293355 3.568576 2.315651
v 0.240687 3.594129 2.281032
v 0.245991 3.612873 2.299019
v 0.254786 3.624079 2.313495
v 0.265731 3.626040 2.322256
v 0.277162 3.618459 2.323969
v 0.287337 3.602488 2.318372
v 0.294708 3.580561 2.306318
v 0.242367 3.599686 2.266951
v 0.249095 3.623141 2.273000
v 0.258841 3.637495 2.279501
v 0.270121 3.640561 2.285461
v 0.281217 3.631874 2.289974
v 0.290441 3.612756 2.292353
v 0.296388 3.586118 2.292237
v 0.243923 3.597326 2.251896
v 0.251971 3.618781 2.245183
v 0.262598 3.631798 2.243154
v 0.274188 3.634395 2.246119
v 0.284974 3.626178 2.253628
v 0.293316 3.608396 2.264535
v 0.297944 3.583758 2.277182
v 0.244939 3.587683 2.239900
v 0.253848 3.600961 2.223017
v 0.265050 3.608515 2.214193
v 0.276842 3.609194 2.214773
v 0.287427 3.602895 2.224667
v 0.295193 3.590577 2.242370
v 0.298960 3.574114 2.265186
v 0.245142 3.573338 2.234178
v 0.254223 3.574457 2.212444
v 0.265541 3.573885 2.200380
v 0.277372 3.571712 2.199821
v 0.287917 3.568265 2.210853
v 0.295569 3.564072 2.231798
v 0.299163 3.559770 2.259464
v 0.244478 3.558138 2.236264
v 0.252996 3.546369 2.216297
v 0.263938 3.537188 2.205414
v 0.275637 3.531991 2.205271
v 0.286314 3.531568 2.215888
v 0.294342 3.535985 2.235651
v 0.298499 3.544569 2.261550
v 0.243125 3.546154 2.245597
v 0.250495 3.524225 2.233543
v 0.260671 3.508255 2.227946
v 0.272101 3.500673 2.229659
v 0.283047 3.502634 2.238420
v 0.291841 3.513841 2.252897
v 0.297146 3.532585 2.270883
v 0.241445 3.540596 2.259678
v 0.256615 3.494840 2.261941
v 0.278992 3.489219 2.272414
v 0.288737 3.503573 2.278914
v 0.295466 3.527028 2.284964
v -0.226332 3.569909 2.335172
v -0.234317 3.513140 2.334915
v -0.251469 3.485271 2.347670
v -0.273603 3.555043 2.379083
v -0.222634 3.542171 2.347086
v -0.223097 3.517524 2.360529
v -0.227650 3.499721 2.373454
v -0.235602 3.491472 2.383893
v -0.245740 3.494032 2.390258
v -0.256522 3.507012 2.391578
v -0.266306 3.528437 2.387655
v -0.218035 3.551824 2.358203
v -0.214598 3.535361 2.381071
v -0.216547 3.523026 2.400293
v -0.223584 3.516697 2.412944
v -0.234637 3.517337 2.417097
v -0.248024 3.524850 2.412121
v -0.261707 3.538090 2.398772
v -0.216141 3.566172 2.363598
v -0.211099 3.561872 2.391038
v -0.211975 3.557665 2.413316
v -0.218635 3.554189 2.427039
v -0.230065 3.551975 2.430119
v -0.244525 3.551360 2.422087
v -0.259813 3.552437 2.404166
v -0.217460 3.581369 2.361822
v -0.213536 3.589953 2.387758
v -0.215159 3.594354 2.409030
v -0.222081 3.593902 2.422401
v -0.233249 3.588665 2.425834
v -0.246962 3.579442 2.418808
v -0.261132 3.567635 2.402391
v -0.221638 3.593344 2.353354
v -0.221257 3.612080 2.372111
v -0.225247 3.623264 2.388587
v -0.233000 3.625194 2.400273
v -0.243337 3.617575 2.405391
v -0.254683 3.601568 2.403161
v -0.265311 3.579610 2.393923
v -0.227556 3.598888 2.340462
v -0.232193 3.622324 2.348289
v -0.239535 3.636648 2.357462
v -0.248465 3.639681 2.366585
v -0.257625 3.630959 2.374265
v -0.265618 3.611812 2.379339
v -0.271229 3.585154 2.381030
v -0.233629 3.596515 2.326600
v -0.243413 3.617940 2.322676
v -0.254195 3.630920 2.323996
v -0.264333 3.633481 2.330361
v -0.272284 3.625231 2.340800
v -0.276838 3.607428 2.353725
v -0.277301 3.582781 2.367168
v -0.238228 3.586862 2.315483
v -0.251911 3.600102 2.302133
v -0.265298 3.607615 2.297157
v -0.276351 3.608255 2.301310
v -0.283388 3.601926 2.313961
v -0.285336 3.589591 2.333183
v -0.281900 3.573128 2.356051
v -0.240122 3.572514 2.310089
v -0.255410 3.573592 2.292167
v -0.269870 3.572977 2.284135
v -0.281300 3.570763 2.287215
v -0.287960 3.567288 2.300939
v -0.288836 3.563080 2.323217
v -0.283794 3.558780 2.350657
v -0.238803 3.557317 2.311864
v -0.252973 3.545511 2.295446
v -0.266686 3.536287 2.288420
v -0.277853 3.531050 2.291854
v -0.284775 3.530598 2.305225
v -0.286398 3.534999 2.326497
v -0.282475 3.543583 2.352433
v -0.234624 3.545342 2.320332
v -0.245252 3.523384 2.311094
v -0.256598 3.507377 2.308864
v -0.266934 3.499758 2.313982
v -0.274688 3.501688 2.325668
v -0.278677 3.512872 2.342144
v -0.278296 3.531608 2.360901
v -0.228706 3.539798 2.333224
v -0.242310 3.493992 2.339988
v -0.260400 3.488304 2.356792
v -0.267742 3.502628 2.365966
v -0.272378 3.526064 2.373793
v 0.431550 4.015646 2.130441
v 0.193808 3.804907 2.259453
v 0.409142 4.038412 1.958381
v 0.161229 3.848662 2.184661
v 0.402767 3.959094 1.828401
v 0.204441 3.842726 2.039172
v 0.520275 4.095459 1.996421
v 0.634305 4.155140 1.814664
v 0.342615 3.914874 2.162803
v 0.231732 3.743514 2.243549
v 0.298723 3.937849 2.187438
v 0.406405 4.044688 2.032182
v 0.174159 3.838396 2.230977
v 0.294707 3.961583 2.092913
v 0.291477 3.854637 1.916934
v 0.175399 3.846521 2.125918
v 0.409865 4.005029 1.903300
v 0.599468 4.130566 1.895233
v 0.285611 3.821505 2.201058
v 0.552982 4.079440 1.816037
v 0.527727 4.094970 1.891246
v 0.470877 4.057551 2.085580
v 0.395875 3.965356 2.145824
v 0.206762 3.755182 2.265410
v 0.294946 3.963436 2.147617
v 0.301004 3.918047 2.016526
v 0.516538 4.068969 1.876155
v 0.499809 4.097486 1.952271
v 0.293337 3.887311 2.203467
v 0.233928 3.786794 2.196319
v 0.300596 3.878917 2.118405
v 0.448236 3.994844 2.069506
v 0.398402 3.985959 2.015295
v 0.373872 3.936681 1.941262
v 0.209442 3.820765 2.139457
v 0.219003 3.813728 2.174206
v 0.297559 3.867284 2.050045
v 0.250672 3.786548 2.046742
v 0.324068 3.799448 1.946678
v 0.405542 3.876693 1.871057
v 0.218584 3.810291 2.103295
v 0.382187 3.904554 1.890165
v 0.511910 4.067699 1.973567
v 0.586556 4.105818 1.883148
v 0.583563 4.091474 1.863750
v 0.262854 3.736056 2.187081
v 0.302904 3.792548 2.164337
v 0.342398 3.852975 2.128163
v 0.520213 3.986301 1.853506
v 0.464878 4.013733 1.889194
v 0.475508 4.034847 2.037771
v 0.396659 3.914689 2.082177
v 0.243884 3.746594 2.202498
v 0.293292 3.884735 2.095514
v 0.299562 3.818787 1.974037
v 0.464064 3.974813 1.860965
v 0.466202 4.035303 1.945698
v 0.293634 3.845143 2.158417
v 0.211622 3.718048 2.209833
v 0.295535 3.816140 2.149744
v 0.203022 3.721133 2.152361
v 0.209731 3.710902 2.189553
v 0.302373 3.805685 2.086665
v 0.207419 3.742909 2.113852
v 0.300720 3.823695 2.127448
v 0.284806 3.783882 2.078319
v -0.450758 4.014154 2.268468
v -0.184282 3.804268 2.318600
v -0.482045 4.036905 2.097797
v -0.176245 3.848092 2.237455
v -0.515412 3.957542 1.972039
v -0.261808 3.841938 2.112111
v -0.576437 4.093605 2.167989
v -0.740724 4.152815 2.029772
v -0.355857 3.913693 2.272071
v -0.225049 3.742741 2.315007
v -0.306614 3.936826 2.282136
v -0.456919 4.043229 2.167239
v -0.174378 3.837807 2.285502
v -0.331738 3.960524 2.190912
v -0.382057 3.853498 2.022300
v -0.207673 3.845874 2.185845
v -0.499446 4.003492 2.045551
v -0.682865 4.128398 2.095839
v -0.289587 3.820533 2.291041
v -0.662620 4.077386 2.006203
v -0.615652 4.093036 2.070114
v -0.502044 4.055907 2.237782
v -0.411923 3.963990 2.272195
v -0.194634 3.754503 2.328204
v -0.315263 3.962405 2.243077
v -0.360921 3.916928 2.120076
v -0.609522 4.067066 2.052314
v -0.570440 4.095677 2.119698
v -0.296424 3.886314 2.295728
v -0.241707 3.785990 2.270726
v -0.329288 3.877852 2.216943
v -0.485189 3.993267 2.215529
v -0.454263 3.984517 2.148685
v -0.453354 3.935283 2.070672
v -0.235869 3.820013 2.209121
v -0.234337 3.812962 2.245125
v -0.347236 3.866194 2.150915
v -0.303334 3.785612 2.133409
v -0.403825 3.798217 2.060549
v -0.504756 3.875155 2.013462
v -0.255585 3.809489 2.177472
v -0.476773 3.903102 2.024539
v -0.575360 4.065862 2.143657
v -0.674180 4.103687 2.080375
v -0.677207 4.089343 2.060982
v -0.271905 3.735152 2.270738
v -0.317173 3.791500 2.261341
v -0.366027 3.851777 2.238988
v -0.619668 3.984375 2.031827
v -0.556167 4.012007 2.048925
v -0.520981 4.033162 2.193660
v -0.431942 3.913289 2.211802
v -0.249168 3.745760 2.279630
v -0.329343 3.883683 2.192918
v -0.372198 3.817651 2.079126
v -0.563886 3.973075 2.021776
v -0.540241 4.033602 2.103145
v -0.310327 3.844122 2.252899
v -0.216114 3.717325 2.276747
v -0.314691 3.815108 2.245207
v -0.225488 3.720409 2.219396
v -0.220484 3.710175 2.256855
v -0.340434 3.804598 2.187225
v -0.241508 3.742151 2.184081
v -0.326463 3.822635 2.225564
v -0.326183 3.782850 2.173900
v -1.418664 4.145790 0.195806
v -0.611232 3.781025 -0.115276
v -0.490110 3.837590 0.199050
v -1.198618 3.727296 0.633845
v -2.366728 4.067706 0.274247
v -2.452602 4.256934 1.212536
v -3.209945 4.482803 1.259116
v -3.153039 4.608368 -0.972956
v -4.486948 5.241539 0.874873
v -1.488034 3.920468 -0.313802
v -0.680722 3.745411 -0.444605
v -2.400225 4.116732 -0.175088
v -4.530373 4.848426 -0.329574
v -3.756141 4.409831 -0.080165
v -4.085159 4.883788 0.563871
v -2.620882 4.314485 1.212985
v -0.532118 3.767686 0.294671
v -0.531804 3.815208 -0.007290
v -0.743428 3.871066 0.157300
v -1.346934 3.991841 0.419075
v -1.044885 3.984066 -0.043600
v -2.355351 4.129712 0.594661
v -1.815602 3.914629 1.052430
v -1.883387 4.109417 0.321907
v -2.779422 4.359465 1.262281
v -3.431069 4.495580 -0.478200
v -2.773744 4.232895 -0.185689
v -3.807781 4.788866 1.125801
v -1.017180 3.776751 -0.381861
v -1.933107 4.072412 -0.151257
v -2.780436 4.385080 -0.547962
v -2.333971 4.059988 0.042663
v -1.501650 4.011128 -0.055086
v -0.665833 3.734888 -0.245932
v -4.178275 4.910626 0.087396
v -3.741494 4.618940 0.325020
v -3.001625 4.364781 -0.135274
v -4.199736 4.670399 -0.135819
v -3.182002 4.372481 0.431362
v -4.205341 4.990240 0.797559
v -2.604616 4.360435 1.150879
v -3.352744 4.609412 0.963612
v -0.494804 3.834457 0.319989
v -0.715077 3.727797 0.307316
v -0.925447 3.991910 0.072697
v -1.855859 4.045804 0.631234
v -3.562600 4.637180 0.619216
v -1.084109 3.799784 -0.199574
v -1.903584 4.095989 0.079584
v -3.204898 4.416171 -0.140850
v -2.648933 4.200212 -0.228818
v -2.799005 4.221814 0.021279
v -3.807632 4.585686 0.168736
v -3.534042 4.612643 1.081996
v -0.584614 3.814049 0.172898
v -3.615399 4.395306 -0.268245
v -2.568257 4.100610 0.067351
v -2.574337 4.229824 -0.382921
v -2.692868 4.358065 0.491413
v -3.193992 4.331161 0.155602
v -2.544799 4.110002 -0.109455
v -2.577307 4.222814 0.319419
v -3.525675 4.612896 1.198853
v -2.879712 4.460258 0.851695
v -3.967801 4.473809 -0.067517
v -2.975219 4.408425 1.107974
v -2.928190 4.398175 0.987442
v -3.438719 4.506658 0.357266
v -3.179793 4.468669 1.190612
v -0.466781 3.804466 0.195211
v 0.012330 2.918346 -1.231897
v -0.526929 2.413706 0.420642
v -0.700847 3.665432 0.285708
v -0.206489 2.576394 -0.963246
v -0.456762 2.863897 -1.122424
v -0.691017 2.875674 1.081773
v -0.540979 3.265751 1.203046
v -0.305446 4.002865 1.941655
v -0.254462 3.560883 1.842549
v 0.184138 1.706609 -1.044750
v 0.056573 2.316813 -1.658468
v -0.585757 2.306472 -0.662283
v -0.631377 2.551972 -1.236017
v -0.278669 3.775183 2.303936
v -0.280531 3.553807 2.521458
v -0.182049 2.493509 2.402461
v -0.109063 2.566863 2.546608
v -0.270368 2.448642 0.395564
v -0.901246 3.470068 0.350926
v -1.060527 2.983211 0.581662
v -0.849707 3.414483 0.859014
v -0.375717 2.044542 1.052224
v -1.242744 2.426271 0.741140
v -0.424871 1.710889 0.872604
v -0.890074 1.986672 0.316554
v -0.619787 1.351642 1.741323
v -0.601712 1.317841 1.850144
v -0.682319 1.349879 1.777032
v -0.661854 1.323169 1.875039
v -0.076573 2.395819 2.398714
v -0.121660 2.421273 2.466862
v -0.119014 3.338779 2.696305
v -0.304408 3.276010 2.243671
v -0.572321 0.818386 1.783006
v -0.589908 0.856554 2.058353
v -0.714014 0.816469 1.870430
v -0.717359 0.874818 2.143406
v -0.556885 0.614544 1.860800
v -0.562216 0.598318 2.196090
v -0.670976 0.624508 1.987176
v -0.742763 0.638653 2.269097
v -0.967217 2.303396 1.125750
v -1.137370 2.009278 1.063367
v -0.758278 1.782776 1.198566
v -0.577322 2.019223 1.249745
v -0.588394 2.107136 1.564034
v -0.859413 2.080687 1.601516
v -0.877417 1.966377 1.735705
v -0.636515 1.921659 1.638444
v -0.438423 3.312478 -0.398347
v -0.605548 2.378640 -0.319680
v -0.834213 2.988267 -0.420244
v -0.058065 1.555861 -1.267051
v -0.036274 1.849174 -1.501846
v -0.544474 1.767488 -1.090608
v -0.391685 1.966718 -1.456490
v -0.034968 1.353567 -0.797298
v -0.216519 1.501486 -0.631205
v -0.206617 1.313295 -1.001936
v -0.392415 1.389431 -0.787940
v 0.148476 1.291656 -1.332648
v 0.014627 1.340644 -1.140393
v -0.098124 1.350702 -1.482526
v -0.213464 1.261822 -1.214170
v 0.039820 0.761412 -1.134459
v 0.001601 0.779280 -1.061546
v -0.047990 0.752342 -1.184393
v -0.078441 0.753439 -1.096678
v 0.047968 0.248479 -0.957497
v 0.029685 0.266879 -0.796952
v -0.024081 0.232929 -1.005336
v -0.034197 0.255174 -0.870464
v 0.034339 -0.031028 -0.888170
v 0.026831 -0.018397 -0.603454
v -0.105665 -0.037856 -0.926922
v -0.126805 -0.032203 -0.701944
v -0.063518 2.937603 2.609952
v -0.255736 2.749995 2.284715
v 0.150707 2.349949 -0.990041
v -0.760756 2.289742 0.907954
v -0.324598 2.121744 -0.238996
v -0.404853 2.025611 0.298431
v -0.134851 2.399558 -1.012198
v -0.854174 2.734627 0.292794
v -0.088018 3.121624 -0.830472
v -0.139546 2.385304 -0.962159
v 0.245977 2.314869 -1.013257
v -0.184405 2.987605 -1.204406
v -0.435659 2.652557 -0.969624
v -0.397487 2.463852 -0.831337
v -0.907217 3.160136 0.054920
v -0.847284 3.033569 0.229899
v -0.615214 2.141306 0.251703
v -0.559661 3.796012 0.234812
v -0.654823 3.080881 1.156244
v -0.748202 2.708299 0.985636
v -0.323384 3.103644 1.348609
v -0.441830 3.651661 1.537998
v -0.696844 3.804879 0.649132
v -0.167123 4.402828 1.783345
v -0.184469 3.372654 1.873515
v -0.288425 3.860334 1.852705
v -0.222593 4.237272 0.775001
v -0.612821 3.995517 1.126647
v 0.217706 1.931085 -1.421952
v -0.066149 1.999182 -0.858569
v -0.283078 2.373726 -1.556002
v -0.723238 2.456749 -0.880361
v -0.513106 2.686557 -1.311892
v -0.073123 2.711763 -1.542751
v -0.076102 4.087863 2.292832
v -0.136162 3.573271 2.596684
v -0.347965 3.673097 2.441198
v -0.298358 3.747798 2.178577
v -0.332621 3.471318 2.305187
v -0.155106 2.526131 2.105618
v -0.010497 2.444393 2.622987
v -0.146212 2.565029 2.468832
v -0.089184 2.651790 2.585661
v -0.407453 3.444867 2.154051
v -0.466000 2.510241 0.136714
v -0.855299 3.250349 0.329108
v -0.966201 3.225293 0.873246
v -0.864306 3.541221 0.678816
v -0.410710 2.516171 0.411914
v -0.902234 2.897876 0.868650
v -0.693912 3.434015 0.852177
v -0.878173 3.542817 0.240933
v -0.774053 2.473031 0.922608
v -0.522819 1.823870 0.592172
v -0.378111 1.872874 1.011687
v -1.194001 2.173943 0.426559
v -0.943585 2.383247 0.248922
v -0.172976 2.028553 0.662949
v -0.306153 2.463166 0.898618
v -1.068804 2.523697 0.635604
v -0.596301 1.333789 1.790418
v -0.683346 1.336711 1.832570
v -0.656711 1.357358 1.738538
v -0.629848 1.314505 1.882772
v -0.552673 1.673184 1.836553
v -1.057736 1.847940 0.677497
v -0.670539 1.744644 1.032865
v -0.538854 2.113370 1.112816
v -0.040949 2.392861 2.377766
v -0.077938 2.403647 2.461704
v -0.090256 2.412969 2.432413
v -0.104627 2.448032 2.556440
v -0.155710 2.448528 2.408103
v -0.201438 3.407854 2.620085
v -0.252075 3.111902 2.292257
v -0.190598 3.213918 1.973907
v -0.063369 3.334546 2.714678
v -0.268844 3.296453 2.440726
v -0.573094 0.820621 1.891230
v -0.753335 0.846038 2.015968
v -0.632518 0.810558 1.783735
v -0.630582 0.885783 2.177311
v -0.600586 1.030517 1.884786
v -0.676932 1.033314 1.908142
v -0.654851 1.028901 1.789323
v -0.586695 1.042284 1.761300
v -0.535730 0.606679 2.029910
v -0.711276 0.617448 2.146935
v -0.617729 0.606353 1.917511
v -0.654804 0.615515 2.276864
v -0.577487 0.677399 2.120847
v -0.752571 0.695075 2.200904
v -0.681089 0.680658 1.916410
v -0.537401 0.692591 1.745206
v -1.103136 2.366035 0.878345
v -0.994607 2.053263 1.289430
v -0.823012 1.804322 1.437519
v -0.588731 1.892699 1.450130
v -0.735542 2.241873 1.216776
v -0.621422 1.850267 1.257917
v -0.928044 1.818430 1.098517
v -1.171640 2.195940 1.057161
v -0.797040 2.230731 1.315961
v -0.703032 1.695855 1.891753
v -0.789606 1.697217 1.731061
v -0.641243 1.678240 1.670096
v -0.552806 1.968013 1.623991
v -0.765321 1.934954 1.678211
v -0.909693 2.003846 1.705872
v -0.740065 2.138018 1.540089
v -0.573375 3.421277 -0.073033
v -0.743834 2.403118 0.022792
v -0.523442 2.905190 -0.836342
v -0.658428 3.188417 -0.407333
v -0.215868 2.082171 -0.160816
v -0.785362 2.622313 -0.320693
v -0.011877 1.692680 -1.423052
v -0.278822 1.609060 -1.261601
v -0.207231 1.898415 -1.513069
v -0.452442 1.861538 -1.310809
v -0.493423 2.190059 -1.431705
v 0.037858 2.006809 -1.553171
v 0.119239 1.576682 -1.174027
v -0.762195 2.066496 -0.705194
v -0.087273 1.431518 -0.687998
v -0.331871 1.334967 -0.931998
v -0.087108 1.321227 -0.927214
v -0.346692 1.470286 -0.667746
v -0.137411 1.462509 -1.130754
v 0.056771 1.547407 -0.890173
v -0.315519 1.928282 -0.653650
v -0.511478 1.643857 -0.880983
v 0.188926 1.930347 -1.453583
v 0.185539 2.400898 -1.637131
v 0.132515 2.782399 -1.177578
v -0.316387 3.412642 -0.413399
v -0.366390 3.795881 0.111597
v 0.123176 1.325287 -1.201694
v -0.182682 1.251600 -1.412878
v 0.032824 1.364682 -1.438439
v -0.127431 1.307570 -1.125642
v -0.241658 1.298371 -1.121000
v -0.229289 1.437168 -1.057281
v -0.013969 1.422278 -1.021439
v -0.079802 1.275428 -0.960262
v 0.037152 0.774883 -1.088463
v -0.080678 0.746647 -1.146623
v 0.004425 0.754518 -1.176629
v -0.045208 0.768664 -1.064138
v -0.062459 1.077729 -1.373230
v 0.104851 1.065135 -1.245587
v 0.022364 1.081899 -1.150910
v -0.124944 1.052342 -1.200194
v 0.050758 0.261336 -0.870137
v -0.042806 0.248349 -0.952505
v 0.013439 0.231583 -1.006475
v -0.005201 0.262776 -0.797746
v -0.004657 0.538314 -0.945588
v -0.068439 0.514524 -0.972476
v -0.046836 0.481836 -1.036877
v 0.019893 0.500009 -1.005239
v 0.042820 -0.044426 -0.745626
v -0.130640 -0.046991 -0.839835
v -0.039621 -0.051108 -0.923349
v -0.056282 -0.044379 -0.604122
v -0.070485 0.061619 -0.666536
v -0.068036 0.069997 -0.879350
v 0.041838 0.065795 -0.847595
v 0.034247 0.086350 -0.612528
v -0.096389 3.150390 2.689778
v -0.227050 2.626638 2.372345
v -0.226732 2.782473 2.055289
v -0.005389 2.959322 2.653432
v -0.186298 2.870929 2.460697
v 0.012906 2.298371 -0.929551
v -0.385621 1.937601 0.921051
v -0.470900 2.197556 -0.315750
v -0.176697 1.933122 0.415587
v 0.033889 2.542705 -0.943559
v 0.100474 2.061895 -1.131454
v -0.379154 2.746260 1.243183
v -0.739608 2.063937 0.610175
v -0.347746 2.017013 -0.062364
v 0.001051 2.498201 -0.977931
v -0.214935 2.623944 -1.002196
v 0.041638 2.063599 -1.341785
v -0.283316 2.742714 -1.462477
v -0.987602 2.810526 -0.033851
v -0.695222 1.878705 0.744031
v -0.203142 1.939214 -0.089378
v -0.788822 3.330472 -0.011355
v -0.526008 2.954185 1.213081
v -0.220899 3.522607 1.636706
v -0.372040 2.133436 0.339404
v -0.065165 4.224698 2.100317
v -0.371502 4.216502 0.940141
v -0.541609 3.778216 1.412737
v -0.233142 2.131088 -1.567462
v -0.336597 2.651827 -1.004351
v -0.215256 3.785611 2.547891
v -0.356591 3.591827 2.226427
v -0.174056 2.619492 2.463062
v -0.129678 2.456844 2.450589
v 0.012343 2.639126 2.614154
v -0.197520 2.613240 2.093370
v -0.977318 3.363313 0.591587
v -0.817513 3.152829 1.040723
v -0.833986 3.103924 0.201823
v -0.759134 3.694566 0.428447
v -0.595902 1.684294 1.900581
v -0.614528 2.693669 0.675525
v -1.077718 2.505671 0.467315
v -0.224749 2.053787 0.766722
v -0.642613 1.033811 1.923547
v -0.788570 1.699223 1.815229
v -0.727512 1.688209 1.669075
v -0.573108 1.673910 1.743953
v -0.041267 2.400084 2.416826
v -0.090538 2.474981 2.115170
v -0.042417 2.407537 2.562516
v -0.190003 3.299002 1.910534
v -0.109633 3.471485 2.680276
v -0.282215 3.436195 2.407193
v -0.668030 0.687790 2.241289
v -0.678711 1.027973 1.850327
v -0.619678 1.039903 1.754186
v -0.577713 1.030532 1.818825
v -0.614796 0.586471 2.127082
v -0.725204 0.698720 2.074488
v -0.634927 0.666233 1.790840
v -0.535365 0.675216 1.934443
v -0.721199 2.321516 1.060521
v -0.537999 1.913869 1.121617
v -0.829069 1.745744 0.843891
v -1.216547 2.085241 0.684981
v -0.597253 2.056206 1.381549
v -0.696191 1.817436 1.479012
v -0.919864 1.867863 1.333030
v -0.980863 2.242027 1.293255
v -0.267182 3.015038 -0.819219
v 0.147347 2.520550 -0.945472
v -0.577023 2.608644 -0.813858
v -0.236455 1.709674 -1.413835
v 0.155710 1.772290 -1.402260
v -0.723823 2.194674 -1.050387
v 0.014477 1.465344 -1.044787
v -0.271109 1.380201 -1.115745
v -0.063531 1.727216 -0.725911
v -0.562454 1.830076 -0.641778
v -0.320614 1.518315 -1.082580
v 0.194149 2.075051 -1.085505
v 0.083512 2.679245 -1.524832
v 0.018428 3.140833 -0.800610
v -0.419108 3.480151 -0.119953
v -0.214356 4.147053 0.518279
v 0.044440 1.072778 -1.336188
v -0.118183 1.464571 -1.037027
v -0.016596 1.344118 -0.974599
v -0.160437 1.257915 -1.041728
v -0.041767 0.533519 -0.946804
v 0.092101 1.076264 -1.180473
v -0.063932 1.065211 -1.157377
v -0.129836 1.067040 -1.278966
v -0.086282 0.057947 -0.799289
v -0.070466 0.493216 -1.009883
v -0.008716 0.482955 -1.034779
v 0.021083 0.524150 -0.968250
v -0.054959 -0.077650 -0.795743
v -0.016643 0.065656 -0.894569
v 0.063811 0.068508 -0.704964
v -0.023036 0.073726 -0.598819
v -0.281699 3.040787 2.152136
v -0.037402 3.145442 2.713936
v -0.219304 3.121006 2.475312
v -0.145954 2.488627 -0.899700
v -0.239266 2.123496 -0.974879
v -0.241942 2.375312 1.207475
v -0.518381 2.130070 0.042958
v -0.263946 2.557330 -0.975565
v 0.089300 2.088812 -1.206590
v -0.199063 3.344786 2.579142
v -0.274990 3.387719 2.426810
v -0.210006 3.389765 2.545748
v -0.322957 3.643422 2.412570
v -0.241128 3.442291 2.518635
v -0.278398 3.535654 2.469003
v -0.306538 3.712699 2.310873
v -0.300511 3.379794 2.306522
v -0.357134 3.634705 2.161904
v -0.330410 3.460921 2.215557
v -0.770602 2.958688 0.707766
v -0.570796 3.512719 1.016929
v -0.278412 3.735314 1.807546
v -0.313964 3.612892 2.480526
v -0.934432 2.921424 0.317906
v -0.850387 3.476210 0.785954
v -0.998501 2.460950 0.858172
v -0.632529 1.899029 0.448058
v -0.598786 1.325539 1.820605
v -0.672360 1.329752 1.854072
v -0.598601 0.832881 1.962307
v -0.735104 0.861359 2.083883
v -0.546217 0.600610 2.114742
v -0.730999 0.622264 2.208799
v -0.832317 2.296671 1.177358
v -1.030755 1.904085 1.086752
v -0.553796 2.029382 1.598391
v -0.888530 2.037481 1.663170
v -0.632673 2.213059 0.219441
v -0.545568 3.751778 1.467487
v -0.166557 3.664063 2.540463
v -0.359138 3.537711 2.241443
v -0.978051 3.290682 0.731128
v -0.737365 3.593540 0.640134
v -0.752417 2.645770 0.723967
v -0.754394 1.694999 1.852020
v -0.561588 1.672917 1.788069
v -0.678043 1.029678 1.878533
v -0.588585 1.029571 1.851483
v -0.638685 0.587247 2.204136
v -0.743196 0.697235 2.140843
v -0.551290 0.681467 2.025853
v -0.882586 2.385252 1.005106
v -0.928642 1.788376 0.759516
v -0.679053 2.138333 1.343720
v -0.952416 1.948786 1.308586
v -0.298944 3.585692 2.438408
v -0.370693 3.555621 2.168498
v -0.260553 3.654940 2.270522
v -0.266602 3.496143 2.324195
v -0.290470 3.590674 2.294588
v -0.231722 3.492779 2.380623
v -0.256351 3.599753 2.380118
v -0.203385 3.500116 2.437883
v -0.225211 3.547861 2.416521
v -0.261491 3.646020 2.327351
v -0.285594 3.527842 2.303906
v -0.238908 3.571588 2.398361
v -0.147692 3.147317 2.621241
v -0.132923 2.914968 2.570516
v -0.122304 2.609139 2.490291
v -0.128737 2.648693 2.524185
v -0.096915 2.448294 2.367087
v -0.057861 2.434512 2.349137
v -0.147384 2.613185 2.322286
v -0.226707 2.741638 2.170616
v -0.123271 2.499343 2.364062
v -0.079741 2.434818 2.364984
v -0.230546 2.937581 2.192124
v -0.348781 3.496148 1.975103
v -0.326989 3.370601 1.946559
v -0.351958 3.631089 1.956236
v -0.333480 3.801960 1.957839
v -0.346062 3.239369 2.065081
v -0.345519 3.320854 1.997614
v -0.363075 3.672431 2.099622
v -0.396214 3.568554 2.099152
v -0.135136 2.485624 2.165477
v -0.158263 2.533926 2.164577
v -0.192240 2.613164 2.157619
v -0.094447 2.472861 2.144325
v -0.117374 2.472540 2.162069
v -0.138479 2.754797 2.558180
v -0.080582 2.767629 2.594426
v -0.259307 2.716660 2.345540
v -0.186253 2.748128 2.452981
v -0.180788 2.674277 2.282846
v 0.006120 2.787821 2.621259
v -0.210371 2.678165 2.073545
v -0.206713 2.646899 2.163609
v -0.098418 2.491842 2.359228
v -0.065918 2.480374 2.344291
v -0.142477 2.630299 2.311350
v -0.209118 2.739740 2.173962
v -0.121632 2.535554 2.349280
v -0.084126 2.480629 2.357477
v -0.134298 2.526819 2.167832
v -0.154464 2.567122 2.164336
v -0.181638 2.631587 2.165297
v -0.101372 2.517094 2.144814
v -0.120171 2.516558 2.161204
v -0.171088 2.681752 2.274005
v -0.193642 2.658913 2.172439
v -0.089774 2.552778 2.326937
v -0.034928 2.528067 2.327134
v -0.156152 2.755021 2.254739
v -0.230211 2.895961 2.189602
v -0.126749 2.618312 2.301104
v -0.067372 2.535104 2.331171
v -0.124993 2.586705 2.149461
v -0.153794 2.645034 2.150954
v -0.192601 2.738465 2.161621
v -0.076059 2.572937 2.113906
v -0.103370 2.571474 2.141782
v -0.194533 2.825814 2.225310
v -0.210076 2.778485 2.173714
v -0.066353 2.547417 2.363655
v -0.016524 2.529086 2.350889
v -0.131294 2.747446 2.297442
v -0.207135 2.889578 2.219278
v -0.102683 2.611933 2.340849
v -0.044098 2.530040 2.366945
v -0.169649 2.818101 2.266573
v -0.210781 2.915929 2.145593
v -0.106036 2.603827 2.107979
v -0.134262 2.662158 2.112261
v -0.172828 2.756335 2.123159
v -0.063980 2.592963 2.070217
v -0.093910 2.590627 2.101874
v -0.190140 2.796519 2.136032
v -0.186964 2.907447 2.182774
v -0.326344 2.609017 -0.960520
v -0.784143 2.710793 0.182336
v -0.679529 2.987293 1.118320
v 0.210061 1.796412 -1.233321
v -0.651275 2.379361 -0.776330
v -0.600281 2.774076 0.306394
v -1.020435 3.096036 0.745359
v -0.674948 2.471663 -0.280421
v -0.033456 1.613180 -1.334962
v -0.486230 1.813963 -1.197387
v -0.508569 2.459804 1.109179
v -0.052244 2.531725 -0.982963
v -0.851359 2.618906 -0.010179
v -0.660011 2.870627 1.091104
v -0.059670 2.641256 -1.001354
v -0.918697 3.163692 0.352988
v -0.846152 3.030716 1.014611
v -0.555248 2.750079 0.345220
v -0.520732 2.482616 -0.790535
v -0.257835 1.654741 -1.335975
v 0.141957 1.668920 -1.298473
v -0.741316 2.127426 -0.880410
v 0.223343 1.980409 -1.339224
v -0.293013 2.126896 1.095143
v -0.205209 2.466147 -0.960640
v -0.999572 3.149301 0.537823
v 0.103240 3.824573 0.138946
v 0.367237 2.823945 -1.086606
v 0.788314 2.577703 -0.148134
v 0.364393 3.817842 0.242020
v 0.302368 2.454874 -0.686928
v 0.769732 2.755578 -0.758523
v 0.712017 2.993188 1.053342
v 0.492995 3.397343 1.083868
v 0.405527 3.864353 1.896741
v 0.162123 3.528702 1.800099
v 0.210315 1.783309 -1.505169
v 0.584827 2.374702 -1.572336
v 0.519372 1.920617 -0.602074
v 0.925077 2.364165 -0.782771
v 0.286355 3.752438 2.224972
v 0.345029 3.550184 2.425565
v 0.221599 2.494191 2.339315
v 0.195883 2.567379 2.498902
v 0.901791 2.771649 -0.094209
v 0.753597 3.645980 0.279306
v 1.030612 2.935179 0.637193
v 0.705687 3.506624 0.684804
v 0.251122 1.803780 0.006056
v 0.125245 2.323388 0.629729
v 0.667639 1.812071 -0.068957
v 0.742856 2.298123 0.576338
v 0.155194 0.650071 0.009823
v 0.142851 0.585016 0.101376
v 0.216364 0.646035 0.046897
v 0.200654 0.589811 0.128588
v 0.120339 2.396152 2.367909
v 0.184002 2.421790 2.419045
v 0.248541 3.339398 2.638804
v 0.286720 3.277412 2.150965
v 0.157089 0.137192 -0.045221
v 0.172735 0.173267 0.234197
v 0.296840 0.133184 0.046274
v 0.300186 0.191534 0.319250
v 0.139712 -0.068744 0.036643
v 0.145043 -0.084970 0.371934
v 0.253803 -0.058777 0.163020
v 0.325589 -0.044631 0.444942
v 0.128582 1.752057 0.548107
v 0.460888 1.638277 0.596861
v 0.500750 1.505513 0.145167
v 0.194491 1.631474 0.094879
v -0.008469 1.418453 0.301725
v 0.217257 1.257667 0.421768
v 0.296143 1.203807 0.235524
v 0.126477 1.326453 0.068197
v 0.197820 3.403711 -0.328600
v 0.488126 2.561397 -0.135360
v 0.661444 3.234176 -0.166512
v 0.474833 1.756280 -1.633356
v 0.623511 2.062284 -1.639729
v 0.765840 1.731045 -1.252707
v 0.888838 2.081936 -1.401311
v 0.277874 1.326750 -1.447897
v 0.409225 1.335850 -1.258641
v 0.445496 1.395355 -1.577441
v 0.566494 1.318792 -1.397493
v 0.431102 1.681091 -2.075912
v 0.417697 1.476481 -1.853903
v 0.705359 1.774212 -1.946849
v 0.715363 1.414523 -1.816312
v 0.549463 1.179222 -2.336369
v 0.570408 1.114876 -2.269940
v 0.658592 1.210256 -2.348096
v 0.669871 1.125861 -2.291407
v 0.570817 0.754162 -2.662279
v 0.589613 0.704062 -2.497980
v 0.641014 0.769938 -2.722340
v 0.649757 0.706540 -2.580268
v 0.502207 0.478586 -2.697937
v 0.514007 0.375143 -2.432517
v 0.639800 0.471559 -2.743335
v 0.665267 0.386928 -2.534871
v 0.170643 2.937999 2.573320
v 0.254642 2.749387 2.219354
v 0.432084 2.514336 -1.011990
v 0.809337 2.360219 0.866929
v 0.196748 2.210827 -0.140950
v 0.427808 2.081339 0.121439
v 0.479874 2.473732 -1.004220
v 1.029349 2.602943 0.274920
v 0.303384 3.108361 -0.700404
v 0.355768 2.378725 -0.816770
v 0.466285 2.462848 -1.054913
v -0.090096 2.376399 -0.745504
v 0.542399 2.479953 -0.562152
v 0.222242 2.425701 -0.548186
v 0.732682 3.413969 -0.033727
v 0.836312 3.303248 0.116926
v 0.631637 2.256998 0.083683
v 0.202309 3.859582 0.171243
v 0.651074 3.210571 1.067130
v 0.802181 2.802229 0.930397
v 0.335271 3.237711 1.293565
v 0.248120 3.701275 1.454156
v 0.283866 3.985562 0.593769
v 0.441501 4.296829 1.738497
v 0.066376 3.367220 1.835829
v 0.308540 3.746470 1.799899
v 0.166655 4.193967 0.695778
v 0.508448 3.905137 0.963620
v 0.321755 2.052565 -1.633662
v 0.269581 1.905854 -1.210789
v 0.838557 2.450292 -1.305838
v 0.713526 2.158056 -0.541049
v 0.869954 2.578253 -0.847407
v 0.618403 2.724037 -1.370732
v 0.264247 4.015424 2.271413
v 0.233677 3.573896 2.538827
v 0.385150 3.658345 2.333305
v 0.265491 3.737089 2.093592
v 0.332056 3.472441 2.201206
v 0.099509 2.526561 2.065787
v 0.125758 2.444623 2.601671
v 0.207509 2.565627 2.413496
v 0.188603 2.652260 2.542204
v 0.357240 3.446159 2.034424
v 1.084375 2.897308 0.207251
v 0.836578 3.369624 0.200021
v 0.861593 3.271297 0.707888
v 0.695825 3.605865 0.500310
v 0.767690 2.672541 -0.201507
v 0.830207 3.016057 0.899253
v 0.565809 3.519996 0.735538
v 0.690517 3.732199 0.196129
v 0.141296 2.132031 0.274044
v 0.838689 2.129665 0.172255
v 0.428304 1.774689 -0.058159
v 0.576480 2.394098 0.794837
v 0.970370 2.542563 0.555540
v 0.777736 2.200037 -0.159419
v 0.246430 2.267096 -0.125638
v 0.371817 2.592066 0.729587
v 0.134242 0.615981 0.050160
v 0.218681 0.617123 0.095147
v 0.190767 0.660987 0.011106
v 0.171919 0.576771 0.131148
v 0.037595 0.903800 0.183569
v 0.657415 2.017215 0.601807
v 0.563682 1.637339 0.101687
v 0.199047 1.738233 0.102708
v 0.080030 2.393066 2.358841
v 0.140852 2.404017 2.427477
v 0.143605 2.413364 2.395828
v 0.195054 2.448539 2.509559
v 0.198389 2.449127 2.352709
v 0.303523 3.408706 2.541089
v 0.252093 3.113126 2.213831
v 0.097044 3.213024 1.929425
v 0.201180 3.334991 2.673290
v 0.313295 3.297435 2.349655
v 0.155921 0.137333 0.067074
v 0.336162 0.162754 0.191813
v 0.217473 0.130253 -0.045257
v 0.213408 0.202496 0.353156
v 0.183414 0.347229 0.060630
v 0.259760 0.350028 0.083986
v 0.237861 0.346716 -0.035731
v 0.166732 0.361611 -0.058718
v 0.118557 -0.076610 0.205754
v 0.294103 -0.065837 0.322779
v 0.200556 -0.076934 0.093355
v 0.237631 -0.067772 0.452708
v 0.160314 -0.005889 0.296691
v 0.335398 0.011791 0.376749
v 0.263916 -0.002628 0.092255
v 0.121337 0.010897 -0.081424
v 0.160360 2.098835 0.562416
v 0.332281 1.450631 0.513880
v 0.429901 1.355451 0.158436
v 0.190362 1.498575 0.055854
v 0.096024 1.689914 0.298310
v 0.346695 1.551353 0.045725
v 0.548306 1.552771 0.343933
v 0.275682 1.752718 0.679082
v 0.071914 1.578153 0.436550
v 0.160769 0.911895 0.264954
v 0.259077 0.990489 0.131838
v 0.138695 0.984193 0.052006
v 0.032734 1.384139 0.136927
v 0.226701 1.275124 0.121857
v 0.298259 1.160352 0.337224
v 0.090690 1.371423 0.410573
v 0.280824 3.576329 -0.070409
v 0.698342 2.531206 -0.135802
v 0.650977 2.912710 -0.443531
v 0.445926 3.357690 -0.273582
v 0.086040 2.140127 -0.099144
v 0.695813 2.900568 -0.009178
v 0.543397 1.921412 -1.663219
v 0.641276 1.754588 -1.532901
v 0.766767 2.086674 -1.555213
v 0.855126 1.928200 -1.344038
v 0.950141 2.213459 -1.206353
v 0.573345 2.181698 -1.629814
v 0.311764 1.754773 -1.625076
v 0.718155 1.684102 -0.721823
v 0.319322 1.323238 -1.338251
v 0.530741 1.361349 -1.514391
v 0.332725 1.369987 -1.537827
v 0.516828 1.318759 -1.284777
v 0.455804 1.593873 -1.582344
v 0.250543 1.555217 -1.438391
v 0.406371 1.680658 -1.026274
v 0.668729 1.544934 -1.258344
v 0.239426 1.931347 -1.470520
v 0.443553 2.396039 -1.577165
v 0.257189 2.782318 -1.150529
v 0.056980 3.463368 -0.373791
v -0.005766 3.808547 0.087668
v 0.356302 1.568668 -1.963398
v 0.800390 1.599321 -1.928463
v 0.583104 1.792475 -2.029672
v 0.561395 1.389534 -1.786621
v 0.504973 1.429687 -1.722120
v 0.437568 1.525007 -1.628657
v 0.245738 1.554674 -1.730424
v 0.284136 1.372767 -1.714909
v 0.538942 1.142362 -2.298284
v 0.684993 1.168650 -2.324115
v 0.599656 1.210879 -2.356258
v 0.623832 1.106577 -2.268415
v 0.706102 1.534608 -2.149864
v 0.461516 1.459869 -2.174977
v 0.499752 1.354112 -2.070112
v 0.690814 1.344651 -2.054478
v 0.570387 0.734555 -2.565464
v 0.662165 0.740384 -2.667926
v 0.602807 0.773586 -2.720192
v 0.621029 0.691082 -2.505321
v 0.604926 0.885486 -2.409064
v 0.679532 0.901088 -2.440367
v 0.659181 0.945580 -2.509304
v 0.582652 0.922463 -2.480024
v 0.495226 0.408961 -2.572694
v 0.666969 0.427319 -2.667598
v 0.571634 0.465843 -2.741800
v 0.594001 0.343835 -2.446810
v 0.617776 0.463160 -2.463526
v 0.619603 0.549611 -2.662775
v 0.506685 0.553005 -2.621823
v 0.517462 0.476051 -2.399060
v 0.225623 3.150933 2.639401
v 0.254297 2.627152 2.298631
v 0.155002 2.777701 2.019312
v 0.128500 2.959548 2.632487
v 0.242040 2.871818 2.394420
v 0.477451 2.507615 -0.910962
v 0.588450 2.019679 0.834764
v 0.336387 2.313374 -0.144364
v 0.283206 1.985632 0.384477
v 0.174299 2.554405 -0.889803
v 0.498663 2.144826 -1.101960
v 0.463402 2.862646 1.245083
v 0.547466 2.384457 0.287697
v 0.300940 2.065349 -0.129961
v 0.365423 2.537342 -0.863193
v 0.509732 2.429894 -0.655369
v 0.338591 2.044912 -1.252447
v 0.792201 2.682481 -1.137545
v 0.887167 2.999947 -0.211421
v 0.425191 2.208900 0.425643
v 0.179993 1.963350 -0.119595
v 0.515531 3.527960 -0.028203
v 0.555844 3.104389 1.181842
v 0.076825 3.532792 1.597051
v 0.961603 2.466342 0.088309
v 0.315733 4.142108 2.082728
v 0.344985 4.131668 0.822685
v 0.414349 3.765815 1.281791
v 0.810833 2.274153 -1.463885
v 0.578939 2.444564 -0.606992
v 0.288316 3.733258 2.491483
v 0.330431 3.592988 2.118952
v 0.232059 2.620167 2.399600
v 0.186550 2.457379 2.401119
v 0.100672 2.639276 2.600335
v 0.136861 2.612830 2.045846
v 0.862220 3.345731 0.416811
v 0.784184 3.241317 0.904926
v 0.794508 3.355544 0.135412
v 0.602811 3.808187 0.371871
v 0.066859 0.891756 0.254293
v 0.362577 2.711297 0.352834
v 0.809882 2.615394 0.796314
v 0.524373 2.082874 -0.035541
v 0.225441 0.350525 0.099391
v 0.245833 0.953788 0.206476
v 0.214818 1.003936 0.068346
v 0.067115 0.942531 0.102246
v 0.092238 2.400310 2.395941
v 0.040898 2.475203 2.094609
v 0.137804 2.407842 2.534322
v 0.077666 3.298023 1.869056
v 0.234280 3.472066 2.626475
v 0.315327 3.437204 2.313713
v 0.250857 0.004504 0.417134
v 0.262040 0.344459 0.025342
v 0.198874 0.366072 -0.067682
v 0.160998 0.346098 -0.005579
v 0.197623 -0.096816 0.302926
v 0.308031 0.015436 0.250332
v 0.217754 -0.017053 -0.033316
v 0.118192 -0.008073 0.110287
v 0.130111 1.865116 0.298706
v 0.360828 1.640615 0.028285
v 0.709608 1.800318 0.318219
v 0.396988 2.175299 0.719957
v 0.095095 1.567346 0.193750
v 0.315876 1.411181 0.058173
v 0.459617 1.383078 0.318752
v 0.144926 1.530188 0.594638
v 0.418858 3.034986 -0.588056
v 0.223399 2.546493 -0.934415
v 0.504682 2.515325 -0.376253
v 0.715277 1.909942 -1.567340
v 0.402282 1.977570 -1.681685
v 0.900223 1.956527 -0.848108
v 0.315626 1.568006 -1.557749
v 0.515367 1.495605 -1.667489
v 0.289285 1.599944 -1.244305
v 0.606573 1.548712 -0.995712
v 0.584306 1.585393 -1.485961
v 0.530112 2.185039 -1.089298
v 0.434821 2.704670 -1.454144
v 0.218140 3.127752 -0.731287
v 0.109283 3.586797 -0.110577
v 0.033373 4.124885 0.451616
v 0.573369 1.531987 -2.188895
v 0.329380 1.571532 -1.652782
v 0.233653 1.453579 -1.723971
v 0.387396 1.383522 -1.759572
v 0.647092 0.885165 -2.410591
v 0.440117 1.399760 -2.123926
v 0.601179 1.327504 -2.048005
v 0.729923 1.422465 -2.079264
v 0.633121 0.510706 -2.587608
v 0.684315 0.926341 -2.481355
v 0.616448 0.942905 -2.510128
v 0.578279 0.899379 -2.437204
v 0.588992 0.389167 -2.635880
v 0.565659 0.560224 -2.674484
v 0.485898 0.499899 -2.489371
v 0.573009 0.452841 -2.394193
v 0.237301 3.041060 2.072701
v 0.176848 3.145802 2.680418
v 0.277171 3.121850 2.397680
v 0.181586 2.486754 -0.755426
v 0.453904 1.994883 -1.062238
v 0.434385 2.437509 1.179291
v 0.472327 2.213372 -0.050113
v 0.468523 2.368609 -0.669557
v 0.337294 2.099663 -1.165749
v 0.288963 3.345608 2.502794
v 0.314597 3.388714 2.334574
v 0.289037 3.390607 2.467676
v 0.353152 3.634781 2.311078
v 0.310219 3.443222 2.432382
v 0.327242 3.532172 2.376223
v 0.308921 3.704134 2.219291
v 0.302136 3.380919 2.212161
v 0.312506 3.630899 2.059247
v 0.302610 3.461991 2.116529
v 0.740400 2.893053 0.660580
v 0.400258 3.613034 0.885393
v 0.221157 3.656612 1.760582
v 0.362696 3.602355 2.379630
v 1.058142 2.930166 0.421322
v 0.694087 3.547407 0.601856
v 0.123713 2.228710 0.423698
v 0.848014 2.278290 0.346815
v 0.137927 0.599829 0.076646
v 0.209128 0.603000 0.112521
v 0.181428 0.149594 0.138151
v 0.317931 0.178074 0.259727
v 0.129044 -0.082679 0.290587
v 0.313826 -0.061020 0.384644
v 0.103315 1.693192 0.419917
v 0.517056 1.583685 0.464295
v 0.007093 1.406446 0.208064
v 0.263343 1.194112 0.379123
v 0.971764 2.529086 0.306726
v 0.367239 3.788643 1.357852
v 0.233841 3.649008 2.484441
v 0.337620 3.538889 2.132444
v 0.859543 3.304415 0.564056
v 0.552574 3.716938 0.555803
v 0.439302 2.691505 0.532807
v 0.211751 0.932163 0.233835
v 0.051424 0.923305 0.139886
v 0.261309 0.345996 0.053750
v 0.171675 0.345761 0.027108
v 0.221512 -0.096039 0.379980
v 0.326023 0.013951 0.316688
v 0.134117 -0.001821 0.201697
v 0.133511 1.956376 0.415058
v 0.717396 1.905956 0.450790
v 0.087054 1.576645 0.298653
v 0.409185 1.413574 0.409614
v 0.336955 3.579081 2.342347
v 0.326285 3.556798 2.059464
v 0.252242 3.655807 2.190301
v 0.274915 3.497057 2.239480
v 0.288290 3.591651 2.204048
v 0.258947 3.493607 2.303863
v 0.279831 3.595051 2.298833
v 0.246653 3.498163 2.368727
v 0.260131 3.543899 2.342797
v 0.270265 3.643028 2.245850
v 0.286699 3.528809 2.214377
v 0.267237 3.565686 2.322320
v 0.253552 3.147993 2.558469
v 0.224762 2.915572 2.514560
v 0.191153 2.609669 2.441254
v 0.207501 2.649262 2.471584
v 0.129878 2.448677 2.331608
v 0.087252 2.434757 2.326436
v 0.162865 2.613454 2.274830
v 0.192744 2.737965 2.135964
v 0.153883 2.499811 2.320704
v 0.112926 2.435144 2.334843
v 0.200856 2.937771 2.131696
v 0.247026 3.492714 1.880873
v 0.216489 3.371402 1.858600
v 0.261324 3.598405 1.871841
v 0.297461 3.711259 1.884935
v 0.271416 3.240249 1.968024
v 0.250204 3.321818 1.903114
v 0.303838 3.658596 1.999857
v 0.329630 3.569011 1.986295
v 0.098694 2.486020 2.128896
v 0.120626 2.534392 2.120966
v 0.152720 2.611909 2.114190
v 0.053531 2.473112 2.121175
v 0.080783 2.472875 2.131070
v 0.226812 2.755415 2.501034
v 0.182709 2.768074 2.553237
v 0.276606 2.716784 2.269430
v 0.240042 2.748805 2.388096
v 0.182629 2.673764 2.233788
v 0.108279 2.787993 2.605277
v 0.144749 2.675628 2.034389
v 0.170202 2.644102 2.125444
v 0.128765 2.492227 2.323688
v 0.093294 2.480643 2.319384
v 0.154736 2.630445 2.266688
v 0.177818 2.735664 2.146697
v 0.147461 2.536008 2.307190
v 0.114658 2.480965 2.326380
v 0.098742 2.527212 2.131375
v 0.117114 2.567331 2.122959
v 0.145820 2.629630 2.129003
v 0.060225 2.517367 2.119534
v 0.083183 2.516901 2.129393
v 0.170758 2.680991 2.230132
v 0.160916 2.655791 2.140157
v 0.110139 2.553106 2.295674
v 0.058382 2.528225 2.312536
v 0.151090 2.753904 2.223522
v 0.200057 2.895910 2.129752
v 0.136670 2.618524 2.260838
v 0.090370 2.535371 2.306494
v 0.084520 2.586765 2.118129
v 0.114806 2.643062 2.123580
v 0.158465 2.734055 2.140991
v 0.026593 2.573111 2.097847
v 0.061323 2.571717 2.116159
v 0.178541 2.824822 2.189846
v 0.178261 2.775140 2.143000
v 0.099030 2.547685 2.337791
v 0.048035 2.529196 2.340790
v 0.140455 2.746862 2.270270
v 0.187514 2.889833 2.169517
v 0.125932 2.612143 2.305856
v 0.079085 2.530248 2.347674
v 0.167650 2.817796 2.236368
v 0.168059 2.915573 2.091360
v 0.053682 2.603918 2.083712
v 0.083592 2.660924 2.087234
v 0.126061 2.753413 2.097140
v 0.001530 2.593074 2.059968
v 0.040099 2.590816 2.081011
v 0.146337 2.794184 2.101379
v 0.156899 2.907433 2.136280
v 0.391275 2.441051 -0.610036
v 0.776883 2.872039 -0.062775
v 0.683072 3.111695 1.064418
v 0.261559 1.920624 -1.581346
v 0.619252 2.034032 -0.571131
v 0.901215 3.101214 0.077042
v 0.949410 3.118780 0.672047
v 0.587410 2.727435 0.065665
v 0.503375 1.838674 -1.650461
v 0.804782 1.825672 -1.292491
v 0.654594 2.555124 1.054048
v 0.402414 2.559652 -0.905743
v 0.783578 2.760337 -0.210298
v 0.684770 2.989202 1.066960
v 0.443344 2.448768 -0.712203
v 1.000935 3.121833 0.312742
v 0.825217 3.121965 0.923142
v 0.741476 2.965279 -0.001214
v 0.314707 2.434678 -0.443771
v 0.675559 1.831624 -1.551180
v 0.354800 1.865369 -1.657472
v 0.805959 1.817666 -0.784897
v 0.236130 2.015581 -1.457291
v 0.509076 2.190154 1.037766
v 0.392162 2.406927 -0.767896
v 0.981147 3.119645 0.493823
v -0.464517 3.676359 0.373976
v -0.404425 3.747368 0.154168
v -0.392139 3.724423 -0.082532
v -0.494548 3.386843 -0.279681
v -0.638664 3.275203 0.006155
v -0.595340 3.488860 0.161555
v -0.555968 3.577165 0.341765
v -0.631812 3.590055 0.059166
v -0.672368 3.333183 -0.032894
v -0.546080 3.665121 0.286418
v -0.547421 3.597441 0.234175
v -0.668395 3.636023 0.018566
v -0.734733 3.415550 -0.056033
v -0.575763 3.691334 0.235460
v -0.691320 3.692311 0.001352
v -0.802352 3.546804 -0.064607
v -0.588088 3.722071 0.172513
v -0.723326 3.719444 0.054639
v -0.802395 3.714415 0.169010
v -0.626644 3.716897 0.207197
v -0.872903 3.691541 -0.053669
v -0.941922 3.814836 0.004557
v -0.863739 3.523124 -0.140278
v -0.744947 3.596649 -0.199667
v -0.748889 3.394184 -0.184900
v -1.031067 3.767285 -0.087190
v -0.971906 3.848430 -0.122114
v -1.161010 3.924253 0.071879
v -1.058407 3.826951 0.159276
v -1.119124 4.013553 0.086963
v -1.298288 3.973398 0.232714
v -1.265750 4.059200 0.254254
v -1.235911 3.860661 0.286332
v -1.413075 4.006755 0.311530
v -1.499030 4.038854 0.339329
v -1.387009 4.106685 0.337598
v -1.394008 3.892358 0.375185
v -1.496667 3.889308 0.426250
v -1.326109 3.838511 0.454847
v -1.468053 3.835309 0.546246
v -1.142862 3.794646 0.370976
v -1.268042 3.844346 0.516588
v -1.065333 3.783035 0.436702
v -1.445027 3.863859 0.638984
v -1.234174 3.881464 0.547663
v -1.432154 3.919976 0.685788
v -1.017584 3.806282 0.471538
v -1.223426 3.955890 0.543117
v -1.429576 4.020180 0.701391
v -0.998850 3.867270 0.470593
v -1.258494 4.049030 0.490401
v -1.434714 4.132759 0.625511
v -1.026635 3.969758 0.420076
v -1.333797 4.115555 0.427585
v -1.141115 4.050873 0.332551
v -1.446296 4.188212 0.513630
v -1.473071 4.164855 0.374970
v -1.590250 4.262228 0.647101
v -1.603604 4.204963 0.759035
v -1.591549 4.228475 0.489409
v -1.938784 4.253599 0.897436
v -1.942173 4.223261 0.981734
v -1.933457 4.219975 0.801385
v -2.273666 4.293143 1.094673
v -2.401835 4.294786 0.983959
v -2.264835 4.259573 1.026563
v -2.274570 4.281167 1.162179
v -2.262449 4.238755 1.217556
v -2.437325 4.345121 1.118981
v -2.463603 4.312296 1.233691
v -2.486711 4.375884 1.066904
v -2.593436 4.405670 1.015890
v -2.466735 4.348738 0.962288
v -2.530603 4.357578 1.204702
v -2.571618 4.328814 1.269125
v -2.633179 4.382373 1.163034
v -2.656928 4.300868 1.156440
v -2.667747 4.400842 1.114491
v -2.645898 4.352035 1.265257
v -2.931412 4.487647 1.255002
v -2.890497 4.457622 1.325830
v -4.479303 5.200153 0.887987
v -2.969501 4.435608 1.236653
v -4.485824 5.193367 0.887006
v -2.933904 4.409900 1.297652
v -4.486179 5.194090 0.895693
v -2.664110 4.290856 1.235818
v -2.586948 4.265578 1.243598
v -2.531423 4.252349 1.252919
v -2.562981 4.244089 1.186339
v -2.478582 4.226255 1.217743
v -2.541098 4.230612 1.089789
v -2.518452 4.216801 0.998686
v -2.460815 4.202251 1.114960
v -2.622406 4.305398 1.046699
v -2.591084 4.260658 0.949925
v -2.639140 4.327604 0.984178
v -2.660570 4.343688 1.050053
v -2.684152 4.337902 1.116541
v -2.633840 4.419161 1.011758
v -2.815553 4.380242 0.925120
v -2.777338 4.449685 0.892677
v -2.931587 4.409214 0.823395
v -2.875455 4.388962 0.976999
v -3.012857 4.434184 0.865269
v -2.862334 4.454356 0.970644
v -3.007129 4.494043 0.854662
v -3.173335 4.533851 0.730454
v -2.891988 4.470405 0.795051
v -3.036825 4.497130 0.684594
v -3.246092 4.541280 0.559838
v -3.072635 4.440648 0.718254
v -3.289335 4.489371 0.582191
v -3.170626 4.474078 0.751795
v -3.397136 4.524996 0.612734
v -3.570120 4.579754 0.481473
v -3.378232 4.581772 0.593836
v -3.544118 4.628063 0.472532
v -4.565766 4.875006 -0.341321
v -3.441390 4.586946 0.454050
v -4.559938 4.867656 -0.343648
v -4.531111 4.847215 -0.312721
v -4.566335 4.863621 -0.339944
v -4.571900 4.870865 -0.337797
v -2.618250 4.412214 0.977953
v -2.619569 4.287564 0.910951
v -2.861417 4.340583 0.633741
v -2.846353 4.292505 0.558160
v -3.145861 4.358311 0.217166
v -2.841157 4.421835 0.640116
v -3.130250 4.433702 0.227738
v -2.785528 4.372259 0.504284
v -2.567030 4.367316 0.848077
v -3.070599 4.374005 0.109542
v -3.092366 4.355806 0.114169
v -2.803487 4.344182 0.504801
v -3.233041 4.502820 -0.391759
v -3.084535 4.304493 0.124871
v -2.593741 4.285010 0.838560
v -3.110457 4.317387 0.096960
v -3.122891 4.320880 0.144937
v -3.208507 4.478197 -0.434500
v -3.229181 4.519702 -0.437751
v -3.162540 4.583127 -0.798056
v -3.247724 4.465140 -0.430444
v -3.187889 4.576162 -0.806829
v -3.320337 4.475250 -0.436957
v -3.240439 4.583036 -0.835865
v -3.364407 4.543323 -0.433015
v -3.253114 4.630835 -0.832214
v -3.210956 4.543489 -0.406351
v -3.169130 4.630884 -0.790553
v -3.159323 4.625514 -1.011951
v -3.195650 4.608904 -0.793159
v -3.134892 4.619829 -0.997801
v -3.141674 4.615140 -1.001021
v -3.163236 4.617397 -1.014631
v -3.183783 4.619323 -1.024783
v -3.179900 4.626862 -1.020904
v -2.565652 4.255716 0.862878
v -2.490412 4.229440 0.914281
v -2.563303 4.338826 0.852621
v -2.460988 4.305912 0.892941
v -2.549542 4.362704 0.885112
v -2.422453 4.202485 0.971338
v -2.262948 4.181825 1.018437
v -2.435227 4.192231 1.025802
v -2.249118 4.142440 1.069682
v -1.937399 4.032479 0.838191
v -2.245667 4.144667 1.141644
v -1.934681 4.007267 0.938571
v -2.246662 4.170796 1.194582
v -2.251393 4.193620 1.212090
v -1.931980 4.035487 1.013510
v -1.606791 3.918670 0.784948
v -1.933325 4.081466 1.046340
v -1.607357 3.982865 0.835053
v -1.939076 4.151005 1.043349
v -1.612019 4.087447 0.840277
v -1.613086 3.874285 0.674054
v -1.621311 3.922921 0.527325
v -1.612682 4.083299 0.436732
v -1.935291 4.123650 0.773737
v -2.521034 4.304827 1.271284
v -4.480122 5.201446 0.897220
v -0.899379 4.029529 0.230525
v -0.789970 3.997472 0.051911
v -0.824200 3.904540 0.375581
v -0.801636 3.911075 0.332013
v -0.789939 3.820320 0.433689
v -0.728524 3.852588 0.421333
v -0.811900 3.745361 0.411996
v -0.680652 3.744755 0.359485
v -0.862974 3.715454 0.361039
v -0.717521 3.698227 0.288473
v -0.940012 3.740694 0.269146
v -0.618616 3.773156 0.304752
v -0.578369 3.781448 0.254013
v -0.716320 3.867104 0.382929
v -0.616921 3.829646 0.288603
v -0.643080 3.865201 0.122298
v -0.503007 3.861810 0.023519
v -0.659768 3.820308 -0.143607
v -0.535855 3.730264 -0.231496
v -0.473932 3.710349 -0.253739
v -0.600137 3.531994 -0.317604
v -0.533562 3.483801 -0.364450
v -0.509508 3.431167 -0.347330
v -0.686366 3.355964 -0.232688
v -0.642790 3.328489 -0.253247
v -0.608729 3.295490 -0.229700
v -0.441175 3.592120 -0.211462
v -0.449234 3.673123 -0.247702
v -0.401776 3.811922 -0.092152
v -0.428432 3.863758 -0.050747
v -0.444262 3.801467 0.150249
v -0.525163 3.821189 0.232587
v -0.514249 3.731717 0.306027
v -0.527414 3.628523 0.437574
v -0.559360 3.758772 0.289478
v -3.741995 4.780986 1.111513
v -3.770033 4.755946 1.104910
v -3.757864 4.744580 1.141548
v -3.729448 4.765743 1.155637
v -3.351721 4.601133 1.203715
v -3.381627 4.560288 1.188997
v -3.354341 4.540750 1.236615
v -3.320861 4.578514 1.258786
v -4.100645 4.986677 1.030638
v -4.108264 4.989517 1.003717
v -4.126422 4.973998 1.002341
v -4.119501 4.971267 1.026069
v -4.046548 4.749052 0.055010
v -4.006300 4.704483 0.058821
v -4.548722 4.855418 -0.326333
v -4.068136 4.730379 0.069886
v -3.729839 4.637917 0.262675
v -4.539917 4.851316 -0.319527
v -3.795027 4.685807 0.262794
v -3.819113 4.655485 0.275671
v -3.173627 4.375031 -0.163141
v -3.200805 4.369077 -0.137208
v -3.249185 4.395308 -0.102113
v -3.261206 4.464232 -0.077930
v -3.149864 4.443355 -0.135110
v -3.231111 4.511261 -0.414755
v -3.003639 4.349447 0.425453
v -2.985703 4.427768 0.433927
v -2.929958 4.371517 0.302712
v -3.183483 4.392392 -0.130214
v -3.097625 4.310635 0.110987
v -2.987491 4.300619 0.351823
v 2.450294 1.130645 -1.577449
v 2.499784 1.092790 -1.511056
v 2.565409 1.045949 -1.434770
v 2.372553 1.131232 -1.491587
v 2.444469 1.092988 -1.449178
v 2.527458 1.046085 -1.392315
v 2.628617 0.998853 -1.353075
v 2.615551 0.998900 -1.338459
v 0.222763 2.944696 -1.129508
v 0.097865 2.816538 -1.177845
v 0.228159 2.685198 -1.166280
v 0.353056 2.813357 -1.117943
v 0.279547 2.947225 -1.371283
v 0.154915 2.825708 -1.387878
v 0.271006 2.701190 -1.347967
v 0.395638 2.822707 -1.331372
v 0.323666 2.890045 -1.562277
v 0.197935 2.786423 -1.540720
v 0.296976 2.681228 -1.464973
v 0.424191 2.783603 -1.487610
v 0.355815 2.765331 -1.695500
v 0.221055 2.712514 -1.645090
v 0.294550 2.632202 -1.536097
v 0.428544 2.687883 -1.585111
v 0.383954 2.642917 -1.758216
v 0.254593 2.580972 -1.741541
v 0.299455 2.530484 -1.610268
v 0.428498 2.580273 -1.637857
v 0.445061 2.519121 -1.823943
v 0.335048 2.444168 -1.818455
v 0.370420 2.399999 -1.698111
v 0.480140 2.474688 -1.703691
v 0.534290 2.379500 -1.886638
v 0.430637 2.315037 -1.879477
v 0.458831 2.282457 -1.765003
v 0.562360 2.347169 -1.772071
v 0.611899 2.208574 -1.939007
v 0.507900 2.167612 -1.936376
v 0.523711 2.134800 -1.830594
v 0.627530 2.175796 -1.833387
v 0.681329 2.035388 -1.985444
v 0.589776 1.994506 -1.999946
v 0.588458 1.963284 -1.903610
v 0.679894 2.004110 -1.889226
v 0.780313 1.884377 -2.016917
v 0.716008 1.826010 -2.043056
v 0.707395 1.797059 -1.957492
v 0.772187 1.854915 -1.931358
v 0.920385 1.767039 -2.040236
v 0.876619 1.703488 -2.062388
v 0.871987 1.679998 -1.985768
v 0.915771 1.743522 -1.963642
v 1.071494 1.663686 -2.055542
v 1.033736 1.607422 -2.072033
v 1.029438 1.590804 -2.004380
v 1.068108 1.646360 -1.988148
v 1.213192 1.573167 -2.060180
v 1.185786 1.528930 -2.088748
v 1.176790 1.501294 -2.036994
v 1.203957 1.545578 -2.008692
v 1.341212 1.502484 -2.051272
v 1.323512 1.467616 -2.089232
v 1.301757 1.435671 -2.050575
v 1.320642 1.469918 -2.011676
v 1.428482 1.445065 -2.035507
v 1.417045 1.415691 -2.074852
v 1.396214 1.382032 -2.043721
v 1.405109 1.412737 -2.004222
v 1.496029 1.411684 -2.024765
v 1.492208 1.380391 -2.058643
v 1.476924 1.349409 -2.028030
v 1.480221 1.380852 -1.994097
v 1.567577 1.393749 -2.010614
v 1.569136 1.362544 -2.039015
v 1.558464 1.334773 -2.009148
v 1.556983 1.365820 -1.980749
v 1.648566 1.385010 -1.992765
v 1.652555 1.355625 -2.016436
v 1.644325 1.331781 -1.988081
v 1.640318 1.361155 -1.964597
v 1.740083 1.352098 -1.990644
v 1.728051 1.359381 -1.945269
v 1.829145 1.346747 -1.961623
v 1.817755 1.355283 -1.922687
v 1.918677 1.359440 -1.913911
v 1.921046 1.338851 -1.927275
v 1.911825 1.325525 -1.908230
v 1.909048 1.346403 -1.894822
v 2.016374 1.344701 -1.861749
v 2.020583 1.328587 -1.874182
v 2.010947 1.315841 -1.860922
v 2.006766 1.331948 -1.848495
v 2.133824 1.309081 -1.782723
v 2.137629 1.298167 -1.794539
v 2.127955 1.286949 -1.787245
v 2.124170 1.297874 -1.775511
v 2.271490 1.232602 -1.670390
v 2.274579 1.224719 -1.679184
v 2.266141 1.216884 -1.675124
v 2.263055 1.224766 -1.666328
v 2.435260 1.111294 -1.515863
v 2.436794 1.106508 -1.522010
v 2.430840 1.101758 -1.519799
v 2.429306 1.106542 -1.513656
v 0.095584 4.337622 1.464918
v 0.091151 4.091702 2.066567
v -0.191354 3.816878 0.127178
v 0.237724 2.721519 -0.921256
v -0.102565 3.236894 -0.415626
v 0.275432 4.757248 1.576445
v 0.319416 4.445053 2.363280
v -0.063406 4.427908 -0.002321
v 0.464898 3.194558 -1.035952
v -0.037486 3.848872 -0.736147
v -0.042144 4.185519 0.692433
v 0.110496 4.682585 0.635670
v -0.132111 3.391763 -0.074885
v -0.088019 4.208928 -0.444837
v 0.026717 3.035778 -0.628876
v 0.149960 3.619710 -0.886998
v 0.113574 4.251986 1.798559
v 0.153927 4.673023 1.974423
v 0.207654 2.745258 -1.078092
v 0.035682 4.320205 1.014105
v 0.059325 4.752877 1.167911
v -0.125518 3.979206 0.465051
v -0.139949 4.584351 0.269831
v -0.144745 3.488256 0.097510
v -0.232754 4.399058 -0.212693
v -0.136311 3.342693 -0.261686
v -0.213013 3.995594 -0.641195
v -0.059611 3.111403 -0.496365
v -0.107829 3.703629 -0.851638
v 0.142262 2.968918 -0.807640
v 0.120154 3.524861 -1.015188
v 0.088101 3.959025 2.228907
v 0.136653 4.075187 2.780459
v 0.002104 3.717000 2.466262
v -0.012837 3.651808 2.839138
v -0.019115 3.330522 2.636829
v -0.121221 3.292268 -0.350685
v 0.114039 4.311457 1.646334
v 0.229027 2.865094 -0.865841
v -0.166506 3.888592 0.295175
v -0.114880 3.916224 -0.716531
v 0.225678 4.721384 1.815565
v 0.249603 3.442017 -1.088454
v -0.112312 4.496687 0.132018
v -0.002549 4.267671 0.830054
v 0.091312 4.732150 0.906419
v -0.126286 3.405671 0.004565
v -0.165566 4.332526 -0.331171
v -0.023417 3.097988 -0.572507
v 0.016972 3.652160 -0.883966
v 0.107224 4.179483 1.947718
v 0.232078 4.588350 2.148862
v 0.178670 2.683686 -1.049532
v 0.329783 2.835569 -1.035181
v 0.072692 4.340672 1.244774
v 0.167405 4.765819 1.365453
v -0.081867 4.075686 0.598841
v -0.013705 4.646478 0.427661
v -0.190030 3.675487 0.094186
v -0.149744 4.415170 -0.133099
v -0.140059 3.375500 -0.166755
v -0.156396 4.099702 -0.544600
v -0.083440 3.177044 -0.456979
v -0.076897 3.778167 -0.797774
v 0.076604 3.032825 -0.716673
v 0.136052 3.572759 -0.936596
v 0.277982 4.523342 2.256512
v 0.263990 4.270865 2.599211
v 0.025192 3.830575 2.355057
v 0.045048 3.869115 2.849110
v -0.036785 3.539350 2.548222
v -0.275689 4.165479 2.639684
v -0.046596 3.749551 2.400384
v -0.476680 4.147828 2.589842
v -0.192824 3.730009 2.330684
v -0.198940 3.581798 2.467081
v -0.484900 4.036075 2.702389
v -0.056016 3.626036 2.521415
v -0.284407 4.062399 2.746557
v -0.592926 4.476973 2.296699
v -0.658938 4.469460 2.284970
v -0.665901 4.460518 2.321554
v -0.600009 4.470202 2.331866
v -0.656967 4.758910 2.201882
v -0.670812 4.752285 2.205003
v -0.678237 4.762624 2.208431
v -0.664391 4.769249 2.205311
v -0.374593 4.176790 2.594206
v -0.118135 3.764407 2.341942
v -0.222612 3.647038 2.389034
v -0.155153 3.846925 2.705071
v -0.386240 4.029093 2.745052
v -0.129252 3.580877 2.516879
v -0.348083 3.811242 2.653131
v -0.145752 3.969287 2.584861
v -0.518432 4.087831 2.637290
v -0.024429 3.695522 2.471430
v -0.340501 3.950669 2.522113
v -0.242412 4.118064 2.701923
v -0.624615 4.474688 2.284109
v -0.634273 4.463886 2.333438
v -0.674785 4.463376 2.301194
v -0.584101 4.475201 2.316347
v -0.596259 4.252308 2.538003
v -0.589158 4.313357 2.460954
v -0.454681 4.268877 2.565918
v -0.447231 4.323690 2.492945
v -0.661500 4.776833 2.204125
v -0.670913 4.789015 2.206902
v -0.674143 4.778740 2.207757
v -0.658270 4.787107 2.203271
v -0.650454 4.646337 2.210801
v -0.658658 4.658041 2.222573
v -0.684817 4.650218 2.223009
v -0.676629 4.638785 2.211060
v -0.114247 3.914243 2.655059
v -0.241158 3.981663 2.531721
v -0.253343 3.805580 2.702018
v -0.619288 4.280313 2.493855
v -0.380319 3.873400 2.578388
v -0.649610 4.655849 2.216582
v -0.526833 4.249728 2.566031
v -0.516829 4.329383 2.462892
v -0.424379 4.298808 2.535042
v -0.663282 4.829422 2.206258
v -0.673181 4.658444 2.224903
v -0.685393 4.645209 2.217211
v -0.661823 4.642615 2.208891
v 0.377726 4.166583 2.537465
v 0.087859 3.749779 2.379350
v 0.553948 4.149570 2.428612
v 0.205876 3.730683 2.268312
v 0.253845 3.582563 2.396249
v 0.596515 4.037902 2.533214
v 0.134199 3.626358 2.491657
v 0.419006 4.063589 2.636516
v 0.574027 4.478945 2.114143
v 0.633328 4.471643 2.082811
v 0.651161 4.462744 2.115515
v 0.591535 4.472216 2.145463
v 0.605124 4.761044 2.004443
v 0.619282 4.754466 2.003183
v 0.627365 4.764831 2.004185
v 0.613207 4.771409 2.005445
v 0.457976 4.178197 2.463960
v 0.138082 3.764840 2.301860
v 0.252335 3.647840 2.314734
v 0.283965 3.847668 2.636376
v 0.515622 4.030618 2.603966
v 0.202699 3.581438 2.464949
v 0.451930 3.812594 2.527978
v 0.237897 3.969936 2.524843
v 0.608392 4.089736 2.461011
v 0.088627 3.695713 2.453743
v 0.404237 3.951927 2.405607
v 0.365203 4.119092 2.606869
v 0.600365 4.476758 2.092476
v 0.624662 4.466014 2.136492
v 0.653393 4.465621 2.093416
v 0.571631 4.477154 2.135546
v 0.651636 4.254417 2.342785
v 0.621143 4.315403 2.271617
v 0.525295 4.270534 2.412612
v 0.495735 4.325284 2.345429
v 0.610066 4.778982 2.005203
v 0.619838 4.791196 2.004979
v 0.623208 4.780933 2.004802
v 0.606696 4.789246 2.005381
v 0.602016 4.648454 2.014867
v 0.613385 4.660192 2.023577
v 0.638453 4.652455 2.016000
v 0.627044 4.640988 2.007116
v 0.229518 3.914824 2.601280
v 0.312474 3.982598 2.445112
v 0.376666 3.806644 2.603461
v 0.659990 4.282475 2.293727
v 0.459594 3.874820 2.446994
v 0.602947 4.657967 2.020634
v 0.594097 4.251623 2.390674
v 0.552809 4.331191 2.295560
v 0.486913 4.300348 2.392481
v 0.612242 4.831578 2.006716
v 0.627924 4.660644 2.021360
v 0.637247 4.647445 2.010299
v 0.612271 4.644769 2.009574
v -0.194497 2.790520 2.249438
v -0.181302 2.817306 2.334069
v -0.173771 2.665424 2.285805
v -0.160576 2.692209 2.370437
v -0.127256 2.559421 2.312108
v -0.114061 2.586206 2.396740
v -0.062035 2.488650 2.324342
v -0.048839 2.515435 2.408973
v 0.083476 2.488896 2.301579
v 0.096672 2.515681 2.386210
v 0.141613 2.559875 2.270047
v 0.154808 2.586661 2.354678
v 0.177523 2.666018 2.230850
v 0.190719 2.692803 2.315481
v 0.185741 2.791163 2.189954
v 0.198936 2.817948 2.274585
v -0.226332 3.569912 2.335175
v -0.234316 3.513144 2.334919
v -0.251469 3.485275 2.347674
v -0.273602 3.555048 2.379087
v -0.222633 3.542174 2.347089
v -0.223096 3.517528 2.360532
v -0.227650 3.499724 2.373457
v -0.235601 3.491475 2.383897
v -0.245740 3.494036 2.390260
v -0.256522 3.507016 2.391582
v -0.266306 3.528440 2.387658
v -0.218034 3.551828 2.358207
v -0.214598 3.535365 2.381074
v -0.216547 3.523029 2.400296
v -0.223583 3.516701 2.412946
v -0.234636 3.517341 2.417101
v -0.248023 3.524854 2.412124
v -0.261706 3.538094 2.398775
v -0.216140 3.566175 2.363600
v -0.211099 3.561875 2.391041
v -0.211975 3.557668 2.413318
v -0.218634 3.554192 2.427042
v -0.230064 3.551979 2.430122
v -0.244524 3.551364 2.422090
v -0.259813 3.552442 2.404169
v -0.217459 3.581372 2.361825
v -0.213536 3.589956 2.387761
v -0.215159 3.594357 2.409034
v -0.222081 3.593905 2.422404
v -0.233249 3.588669 2.425837
v -0.246962 3.579445 2.418811
v -0.261132 3.567639 2.402394
v -0.221638 3.593348 2.353357
v -0.221257 3.612083 2.372114
v -0.225247 3.623268 2.388590
v -0.233000 3.625197 2.400276
v -0.243336 3.617579 2.405394
v -0.254682 3.601572 2.403164
v -0.265310 3.579614 2.393926
v -0.227556 3.598892 2.340465
v -0.232192 3.622327 2.348292
v -0.239535 3.636652 2.357466
v -0.248465 3.639684 2.366587
v -0.257624 3.630963 2.374269
v -0.265618 3.611816 2.379343
v -0.271228 3.585158 2.381034
v -0.233628 3.596519 2.326603
v -0.243412 3.617944 2.322679
v -0.254194 3.630924 2.324000
v -0.264333 3.633485 2.330364
v -0.272284 3.625236 2.340804
v -0.276838 3.607432 2.353729
v -0.277301 3.582785 2.367172
v -0.238228 3.586866 2.315486
v -0.251911 3.600106 2.302137
v -0.265298 3.607618 2.297160
v -0.276351 3.608259 2.301313
v -0.283387 3.601930 2.313965
v -0.285336 3.589595 2.333187
v -0.281900 3.573132 2.356055
v -0.240121 3.572518 2.310092
v -0.255410 3.573596 2.292170
v -0.269870 3.572980 2.284138
v -0.281300 3.570767 2.287219
v -0.287959 3.567292 2.300942
v -0.288835 3.563084 2.323221
v -0.283794 3.558784 2.350661
v -0.238802 3.557321 2.311867
v -0.252973 3.545514 2.295450
v -0.266685 3.536291 2.288424
v -0.277853 3.531055 2.291857
v -0.284775 3.530602 2.305228
v -0.286398 3.535003 2.326501
v -0.282475 3.543587 2.352436
v -0.234624 3.545346 2.320335
v -0.245252 3.523387 2.311097
v -0.256598 3.507380 2.308867
v -0.266934 3.499762 2.313985
v -0.274687 3.501692 2.325671
v -0.278677 3.512877 2.342148
v -0.278296 3.531612 2.360904
v -0.228706 3.539802 2.333227
v -0.242310 3.493996 2.339991
v -0.260399 3.488308 2.356796
v -0.267742 3.502633 2.365969
v -0.272378 3.526068 2.373796
v 0.239680 3.570697 2.262270
v 0.247391 3.513954 2.259558
v 0.267711 3.486149 2.266451
v 0.298152 3.556010 2.289639
v 0.239888 3.542953 2.274730
v 0.244515 3.518315 2.287376
v 0.252858 3.500533 2.298284
v 0.263644 3.492316 2.305792
v 0.275234 3.494913 2.308758
v 0.285861 3.507929 2.306729
v 0.293909 3.529384 2.300016
v 0.238872 3.552596 2.286725
v 0.242639 3.536134 2.309541
v 0.250405 3.523816 2.327245
v 0.260990 3.517516 2.337138
v 0.272781 3.518195 2.337717
v 0.283984 3.525749 2.328894
v 0.292893 3.539028 2.312011
v 0.238669 3.566941 2.292448
v 0.242263 3.562638 2.320114
v 0.249915 3.558445 2.341058
v 0.260459 3.554999 2.352090
v 0.272291 3.552825 2.351532
v 0.283609 3.552253 2.339467
v 0.292690 3.553371 2.317734
v 0.239333 3.582141 2.290363
v 0.243490 3.590726 2.316262
v 0.251518 3.595143 2.336024
v 0.262195 3.594721 2.346642
v 0.273894 3.589522 2.346498
v 0.284836 3.580340 2.335614
v 0.293354 3.568573 2.315648
v 0.240686 3.594126 2.281029
v 0.245991 3.612870 2.299016
v 0.254785 3.624075 2.313492
v 0.265731 3.626037 2.322253
v 0.277161 3.618455 2.323965
v 0.287336 3.602484 2.318368
v 0.294707 3.580556 2.306314
v 0.242366 3.599683 2.266948
v 0.249095 3.623137 2.272998
v 0.258840 3.637490 2.279497
v 0.270120 3.640558 2.285457
v 0.281217 3.631870 2.289970
v 0.290440 3.612751 2.292350
v 0.296387 3.586113 2.292234
v 0.243923 3.597322 2.251893
v 0.251970 3.618777 2.245179
v 0.262598 3.631794 2.243150
v 0.274187 3.634391 2.246116
v 0.284974 3.626173 2.253624
v 0.293316 3.608392 2.264532
v 0.297943 3.583754 2.277179
v 0.244938 3.587679 2.239897
v 0.253847 3.600957 2.223014
v 0.265050 3.608511 2.214190
v 0.276841 3.609190 2.214770
v 0.287426 3.602890 2.224663
v 0.295193 3.590572 2.242367
v 0.298959 3.574110 2.265183
v 0.245141 3.573334 2.234175
v 0.254222 3.574453 2.212442
v 0.265540 3.573882 2.200376
v 0.277372 3.571707 2.199818
v 0.287916 3.568262 2.210850
v 0.295568 3.564068 2.231794
v 0.299162 3.559766 2.259461
v 0.244477 3.558134 2.236260
v 0.252995 3.546366 2.216294
v 0.263937 3.537184 2.205411
v 0.275637 3.531986 2.205267
v 0.286313 3.531564 2.215884
v 0.294341 3.535981 2.235647
v 0.298498 3.544565 2.261546
v 0.243124 3.546150 2.245594
v 0.250495 3.524222 2.233540
v 0.260670 3.508251 2.227943
v 0.272101 3.500669 2.229656
v 0.283046 3.502630 2.238417
v 0.291841 3.513837 2.252893
v 0.297145 3.532581 2.270880
v 0.241444 3.540593 2.259675
v 0.256615 3.494836 2.261937
v 0.278991 3.489216 2.272411
v 0.288737 3.503569 2.278911
v 0.295465 3.527024 2.284961
v -0.450758 4.014154 2.268468
v -0.184282 3.804268 2.318600
v -0.482045 4.036905 2.097797
v -0.176245 3.848092 2.237455
v -0.515412 3.957542 1.972039
v -0.261808 3.841938 2.112111
v -0.576437 4.093605 2.167989
v -0.740724 4.152815 2.029772
v -0.355857 3.913693 2.272071
v -0.225049 3.742741 2.315007
v -0.306614 3.936826 2.282136
v -0.456919 4.043229 2.167239
v -0.174378 3.837807 2.285502
v -0.331738 3.960524 2.190912
v -0.382057 3.853498 2.022300
v -0.207673 3.845874 2.185845
v -0.499446 4.003492 2.045551
v -0.682865 4.128398 2.095839
v -0.289587 3.820533 2.291041
v -0.662620 4.077386 2.006203
v -0.615652 4.093036 2.070114
v -0.502044 4.055907 2.237782
v -0.411923 3.963990 2.272195
v -0.194634 3.754503 2.328204
v -0.315263 3.962405 2.243077
v -0.360921 3.916928 2.120076
v -0.609522 4.067066 2.052314
v -0.570440 4.095677 2.119698
v -0.296424 3.886314 2.295728
v -0.241707 3.785990 2.270726
v -0.329288 3.877852 2.216943
v -0.485189 3.993267 2.215529
v -0.454263 3.984517 2.148685
v -0.453354 3.935283 2.070672
v -0.235869 3.820013 2.209121
v -0.234337 3.812962 2.245125
v -0.347236 3.866194 2.150915
v -0.303334 3.785612 2.133409
v -0.403825 3.798217 2.060549
v -0.504756 3.875155 2.013462
v -0.255585 3.809489 2.177472
v -0.476773 3.903102 2.024539
v -0.575360 4.065862 2.143657
v -0.674180 4.103687 2.080375
v -0.677207 4.089343 2.060982
v -0.271905 3.735152 2.270738
v -0.317173 3.791500 2.261341
v -0.366027 3.851777 2.238988
v -0.619668 3.984375 2.031827
v -0.556167 4.012007 2.048925
v -0.520981 4.033162 2.193660
v -0.431942 3.913289 2.211802
v -0.249168 3.745760 2.279630
v -0.329343 3.883683 2.192918
v -0.372198 3.817651 2.079126
v -0.563886 3.973075 2.021776
v -0.540241 4.033602 2.103145
v -0.310327 3.844122 2.252899
v -0.216114 3.717325 2.276747
v -0.314691 3.815108 2.245207
v -0.225488 3.720409 2.219396
v -0.220484 3.710175 2.256855
v -0.340434 3.804598 2.187225
v -0.241508 3.742151 2.184081
v -0.326463 3.822635 2.225564
v -0.326183 3.782850 2.173900
v 0.431550 4.015646 2.130441
v 0.193808 3.804907 2.259453
v 0.409142 4.038412 1.958381
v 0.161229 3.848662 2.184661
v 0.402767 3.959094 1.828401
v 0.204441 3.842726 2.039172
v 0.520275 4.095459 1.996421
v 0.634305 4.155140 1.814664
v 0.342615 3.914874 2.162803
v 0.231732 3.743514 2.243549
v 0.298723 3.937849 2.187438
v 0.406405 4.044688 2.032182
v 0.174159 3.838396 2.230977
v 0.294707 3.961583 2.092913
v 0.291477 3.854637 1.916934
v 0.175399 3.846521 2.125918
v 0.409865 4.005029 1.903300
v 0.599468 4.130566 1.895233
v 0.285611 3.821505 2.201058
v 0.552982 4.079440 1.816037
v 0.527727 4.094970 1.891246
v 0.470877 4.057551 2.085580
v 0.395875 3.965356 2.145824
v 0.206762 3.755182 2.265410
v 0.294946 3.963436 2.147617
v 0.301004 3.918047 2.016526
v 0.516538 4.068969 1.876155
v 0.499809 4.097486 1.952271
v 0.293337 3.887311 2.203467
v 0.233928 3.786794 2.196319
v 0.300596 3.878917 2.118405
v 0.448236 3.994844 2.069506
v 0.398402 3.985959 2.015295
v 0.373872 3.936681 1.941262
v 0.209442 3.820765 2.139457
v 0.219003 3.813728 2.174206
v 0.297559 3.867284 2.050045
v 0.250672 3.786548 2.046742
v 0.324068 3.799448 1.946678
v 0.405542 3.876693 1.871057
v 0.218584 3.810291 2.103295
v 0.382187 3.904554 1.890165
v 0.511910 4.067699 1.973567
v 0.586556 4.105818 1.883148
v 0.583563 4.091474 1.863750
v 0.262854 3.736056 2.187081
v 0.302904 3.792548 2.164337
v 0.342398 3.852975 2.128163
v 0.520213 3.986301 1.853506
v 0.464878 4.013733 1.889194
v 0.475508 4.034847 2.037771
v 0.396659 3.914689 2.082177
v 0.243884 3.746594 2.202498
v 0.293292 3.884735 2.095514
v 0.299562 3.818787 1.974037
v 0.464064 3.974813 1.860965
v 0.466202 4.035303 1.945698
v 0.293634 3.845143 2.158417
v 0.211622 3.718048 2.209833
v 0.295535 3.816140 2.149744
v 0.203022 3.721133 2.152361
v 0.209731 3.710902 2.189553
v 0.302373 3.805685 2.086665
v 0.207419 3.742909 2.113852
v 0.300720 3.823695 2.127448
v 0.284806 3.783882 2.078319
vn 0.1137 0.9244 0.3640
vn -0.2797 0.9112 0.3026
vn -0.2976 0.9546 -0.0116
vn -0.1977 0.9747 -0.1045
vn -0.4163 0.8759 0.2440
vn -0.3262 0.9376 0.1202
vn -0.1439 0.9384 -0.3141
vn -0.1521 0.8463 -0.5106
vn -0.2188 0.8219 -0.5259
vn -0.2775 0.9551 -0.1033
vn -0.0929 0.9503 -0.2971
vn -0.3842 0.9192 -0.0865
vn -0.2311 0.9300 -0.2859
vn -0.2637 0.9027 -0.3400
vn -0.1206 0.8967 -0.4258
vn -0.2073 0.8283 -0.5206
vn -0.1852 0.7975 -0.5742
vn -0.1096 0.9851 -0.1324
vn -0.1919 0.8818 -0.4309
vn -0.1792 0.8811 -0.4376
vn -0.0013 0.9900 0.1409
vn -0.0653 0.9978 0.0073
vn 0.0293 0.9966 0.0773
vn -0.0785 0.9933 -0.0853
vn -0.2133 0.9704 -0.1133
vn -0.1570 0.9562 -0.2470
vn -0.1008 0.8456 -0.5243
vn -0.0698 0.8810 -0.4679
vn -0.1215 0.8109 -0.5724
vn -0.1971 0.8736 -0.4450
vn -0.0673 0.9701 -0.2333
vn -0.0085 0.9892 -0.1461
vn -0.0790 0.8861 -0.4567
vn 0.0011 0.9237 -0.3831
vn 0.0836 0.9466 -0.3114
vn -0.1074 0.8920 -0.4391
vn 0.0357 0.8786 -0.4762
vn 0.0476 0.8730 -0.4854
vn 0.0919 0.9033 -0.4191
vn 0.0679 0.8957 -0.4394
vn -0.0231 0.9504 -0.3101
vn 0.0933 0.9231 -0.3730
vn -0.0124 0.8909 -0.4540
vn -0.0060 0.9033 -0.4290
vn 0.0254 0.9204 -0.3901
vn -0.0271 0.8878 -0.4595
vn 0.0068 0.8953 -0.4455
vn -0.1117 0.8416 -0.5284
vn -0.0544 0.8483 -0.5266
vn -0.0941 0.7903 -0.6054
vn -0.2122 0.8178 -0.5349
vn -0.2292 0.7023 -0.6740
vn -0.1869 0.7037 -0.6855
vn -0.2207 0.7284 -0.6487
vn -0.2124 0.7978 -0.5642
vn -0.2192 0.9116 -0.3477
vn 0.0333 0.4218 -0.9061
vn -0.0193 0.9775 -0.2100
vn -0.1606 0.9861 -0.0420
vn -0.0942 0.9736 -0.2081
vn -0.2500 0.8766 -0.4113
vn 0.0818 0.2272 -0.9704
vn 0.1180 0.1388 -0.9833
vn 0.1272 0.8767 0.4639
vn -0.2917 0.8238 0.4861
vn 0.2350 0.8572 0.4583
vn 0.2726 0.8843 0.3790
vn -0.1239 0.8281 -0.5467
vn -0.0598 0.8561 -0.5133
vn 0.1981 0.8773 -0.4372
vn 0.5641 0.8065 -0.1770
vn 0.7671 0.5704 -0.2937
vn 0.3953 0.6863 -0.6105
vn 0.9232 0.3361 0.1863
vn 0.9211 0.1752 0.3475
vn 0.8454 0.1498 0.5127
vn 0.8301 0.3723 -0.4153
vn 0.2860 0.4073 -0.8674
vn 0.2805 -0.3723 -0.8847
vn 0.2650 0.0215 -0.9640
vn 0.7608 -0.1354 -0.6347
vn 0.1252 0.2005 -0.9717
vn 0.5461 0.2701 -0.7930
vn 0.6311 0.5677 -0.5285
vn 0.4602 0.7221 -0.5165
vn 0.8484 0.2869 0.4448
vn 0.2081 -0.5259 0.8247
vn 0.1657 -0.4849 0.8587
vn 0.4109 -0.6229 0.6657
vn 0.7538 -0.6391 0.1529
vn 0.7186 -0.6804 -0.1437
vn 0.6689 -0.6697 0.3227
vn 0.6835 -0.6597 0.3126
vn 0.7823 -0.5505 0.2915
vn 0.5263 -0.8324 0.1738
vn 0.4664 -0.8824 -0.0612
vn 0.1947 -0.4521 -0.8705
vn 0.2890 -0.4723 -0.8327
vn 0.2195 -0.6802 -0.6994
vn 0.0174 -0.6809 -0.7321
vn 0.4418 -0.5234 -0.7286
vn 0.4840 -0.5472 -0.6829
vn 0.5152 0.6023 -0.6098
vn 0.3948 0.6615 -0.6376
vn 0.4374 0.7338 -0.5199
vn 0.2635 0.7148 -0.6478
vn 0.3089 0.7223 -0.6187
vn 0.3918 0.7373 -0.5503
vn 0.6930 0.1204 0.7108
vn 0.6511 0.3936 0.6490
vn 0.5427 0.1169 0.8318
vn 0.5959 -0.0894 0.7981
vn 0.7681 0.3528 0.5343
vn 0.5158 -0.0806 0.8529
vn 0.2028 -0.3289 0.9223
vn 0.3203 -0.1528 0.9349
vn 0.6369 -0.1700 0.7519
vn 0.7266 -0.6648 0.1736
vn 0.8968 -0.3827 0.2219
vn 0.6674 -0.5203 -0.5328
vn 0.3928 -0.6329 -0.6672
vn 0.5794 -0.8149 -0.0170
vn 0.3760 -0.7519 -0.5416
vn 0.5937 0.1960 -0.7804
vn 0.9485 0.0532 -0.3123
vn 0.9734 -0.1800 -0.1416
vn 0.5305 -0.2275 -0.8166
vn 0.9974 -0.0667 -0.0283
vn 0.9253 -0.1233 0.3586
vn 0.8194 -0.4061 0.4046
vn 0.9608 -0.2702 0.0622
vn 0.7349 -0.2599 0.6264
vn 0.9461 -0.2159 0.2416
vn 0.9562 -0.2910 -0.0327
vn 0.4349 -0.4421 -0.7845
vn 0.9625 -0.1593 0.2194
vn 0.7198 0.6534 0.2343
vn 0.6081 0.5665 0.5561
vn 0.9868 0.0246 0.1602
vn 0.4612 0.8871 -0.0172
vn 0.0144 0.8357 0.5490
vn 0.0281 0.6509 0.7586
vn 0.5955 0.5989 0.5354
vn 0.9727 0.2128 -0.0927
vn 0.6840 0.6787 -0.2675
vn 0.8411 -0.5211 -0.1447
vn 0.5998 0.7162 -0.3569
vn 0.8890 0.3760 0.2614
vn 0.7820 -0.5727 0.2461
vn 0.9148 -0.4037 0.0102
vn 0.8502 -0.5224 0.0651
vn 0.7830 -0.6126 -0.1079
vn 0.7205 -0.6557 -0.2257
vn 0.7190 0.3117 -0.6212
vn 0.1746 0.2986 -0.9383
vn 0.9897 0.0587 -0.1308
vn 0.9081 -0.0984 -0.4071
vn 0.6735 0.0299 -0.7386
vn 0.3698 0.0794 -0.9257
vn 0.7640 -0.6441 0.0378
vn 0.4387 -0.8383 0.3239
vn 0.4697 -0.7576 -0.4533
vn 0.9155 -0.3652 -0.1686
vn 0.8646 0.2113 0.4558
vn 0.6406 -0.7512 -0.1592
vn -0.2852 0.7465 -0.6011
vn -0.5669 -0.5125 0.6450
vn -0.7360 -0.5927 0.3270
vn 0.5810 0.2860 0.7620
vn 0.9969 -0.0647 -0.0444
vn 0.0329 0.4360 0.8994
vn 0.4039 0.3081 0.8614
vn 0.0891 0.4380 0.8945
vn 0.1703 0.6189 0.7668
vn 0.4799 0.5145 0.7107
vn 0.9342 -0.2761 0.2259
vn 0.9636 0.0110 0.2672
vn 0.8646 -0.2603 -0.4297
vn 0.3033 -0.3901 -0.8694
vn 0.7387 -0.4399 -0.5107
vn 0.9524 0.2993 0.0585
vn 0.9849 0.0749 0.1563
vn 0.8604 0.3631 0.3576
vn 0.9181 0.3386 0.2059
vn 0.9950 -0.0319 0.0951
vn 0.9469 0.2743 0.1679
vn 0.9294 0.2361 0.2838
vn 0.8957 0.1487 0.4191
vn 0.8892 -0.2844 -0.3584
vn 0.9963 -0.0282 0.0810
vn 0.9863 -0.0046 0.1646
vn 0.9477 -0.2355 -0.2156
vn 0.9089 -0.1200 0.3994
vn 0.9237 -0.0803 0.3747
vn 0.9144 -0.2154 0.3428
vn 0.9467 -0.1657 0.2764
vn 0.9058 -0.2481 0.3436
vn 0.8096 -0.2559 0.5283
vn 0.8561 -0.3767 -0.3538
vn 0.8285 -0.4142 -0.3769
vn 0.9313 -0.3631 0.0305
vn 0.7227 -0.5999 -0.3433
vn 0.8909 -0.3653 0.2699
vn 0.7498 -0.6007 -0.2774
vn 0.4517 -0.8875 -0.0906
vn 0.3135 -0.9232 -0.2222
vn 0.7293 -0.2009 0.6541
vn 0.6049 -0.2397 0.7594
vn 0.6318 -0.1037 0.7682
vn 0.7100 -0.0795 0.6997
vn 0.4896 -0.2280 0.8416
vn 0.6308 -0.1556 0.7602
vn 0.4777 -0.0693 0.8758
vn 0.5332 -0.0945 0.8407
vn 0.0305 -0.4690 0.8827
vn 0.3918 -0.3821 0.8370
vn 0.8064 -0.0821 0.5857
vn 0.9577 -0.0579 0.2819
vn 0.4221 -0.0220 -0.9063
vn 0.7143 -0.1101 -0.6911
vn 0.7092 -0.2004 -0.6759
vn 0.3961 -0.1251 -0.9096
vn 0.8967 -0.3761 -0.2334
vn 0.9102 -0.2964 0.2892
vn 0.7314 -0.3439 -0.5889
vn 0.8992 -0.3072 0.3114
vn 0.8352 -0.3831 0.3945
vn 0.5843 -0.5758 -0.5718
vn 0.4214 -0.2631 -0.8679
vn 0.3470 -0.5008 -0.7930
vn 0.6669 0.3590 -0.6529
vn 0.8357 0.4140 -0.3608
vn 0.8773 0.4774 0.0483
vn 0.9274 0.3304 -0.1756
vn 0.8906 0.4469 -0.0846
vn 0.7897 0.5476 0.2767
vn 0.8467 0.5105 0.1497
vn 0.6959 0.6137 0.3729
vn 0.6483 0.6343 0.4212
vn 0.7954 0.5145 0.3203
vn 0.9178 0.3905 0.0712
vn 0.8898 0.3421 0.3021
vn 0.7046 0.4843 0.5186
vn 0.6118 0.6225 0.4881
vn 0.5649 -0.0626 0.8227
vn 0.7093 -0.2174 0.6705
vn 0.7944 0.2037 0.5722
vn 0.3749 0.2345 -0.8969
vn 0.3509 0.9355 0.0407
vn 0.4710 0.5818 -0.6631
vn 0.5839 0.8106 0.0444
vn 0.6359 0.6077 0.4758
vn 0.0913 -0.4849 0.8698
vn -0.6158 -0.3118 0.7236
vn -0.5414 -0.3484 0.7652
vn 0.2086 -0.3706 0.9050
vn -0.9758 0.1614 0.1477
vn -0.9636 -0.2321 0.1327
vn -0.9095 -0.2846 0.3029
vn -0.3381 -0.3143 0.8871
vn 0.5846 -0.1433 0.7985
vn 0.1634 0.9698 -0.1811
vn 0.9046 0.2045 -0.3741
vn -0.5608 0.7591 -0.3306
vn -0.5634 0.7991 -0.2098
vn 0.3377 -0.0904 -0.9369
vn -0.5597 0.2461 -0.7913
vn -0.5193 -0.2035 -0.8300
vn -0.9882 0.1176 -0.0978
vn -0.9487 0.3151 0.0245
vn 0.4656 -0.4715 0.7489
vn -0.6165 0.4683 0.6330
vn -0.8020 0.2356 0.5489
vn 0.0899 -0.1485 0.9848
vn -0.4584 -0.2008 -0.8657
vn -0.0920 -0.1578 -0.9832
vn -0.0587 -0.3237 -0.9443
vn -0.3223 0.4013 0.8573
vn 0.8031 0.3966 0.4446
vn -0.9527 -0.0149 0.3036
vn -0.9356 0.2502 0.2491
vn -0.3356 0.5543 0.7617
vn 0.6993 0.5127 0.4982
vn 0.8542 -0.3965 -0.3364
vn 0.7788 -0.4951 0.3852
vn 0.9008 -0.2911 0.3222
vn 0.9532 -0.0427 -0.2993
vn 0.5014 -0.4799 0.7199
vn 0.6206 -0.3650 0.6940
vn 0.8824 -0.0539 0.4673
vn 0.9822 -0.0279 0.1857
vn 0.9347 0.0682 -0.3489
vn -0.2713 0.0260 -0.9621
vn 0.4433 -0.2274 -0.8671
vn 0.5995 0.0954 -0.7947
vn -0.2289 0.0794 -0.9702
vn 0.4429 0.1661 -0.8811
vn -0.4861 0.1147 -0.8664
vn -0.9412 0.2455 -0.2323
vn -0.8067 0.1909 -0.5593
vn -0.8351 -0.0449 -0.5482
vn -0.9563 -0.1234 -0.2652
vn -0.9567 -0.0867 -0.2780
vn -0.9812 -0.1915 -0.0224
vn -0.0703 -0.9287 -0.3640
vn 0.0507 -0.9442 -0.3255
vn 0.0239 -0.9911 0.1312
vn -0.0858 -0.9860 0.1428
vn 0.2643 -0.9623 -0.0637
vn -0.0095 -0.9999 0.0122
vn 0.1643 -0.9209 -0.3534
vn 0.0670 -0.9064 -0.4170
vn 0.5689 -0.6607 0.4897
vn 0.0718 -0.8031 0.5915
vn -0.0573 -0.8159 0.5753
vn -0.2241 -0.6989 0.6792
vn 0.3935 -0.8212 0.4132
vn -0.0208 -0.9608 0.2765
vn 0.2295 -0.5417 -0.8086
vn 0.2430 -0.6010 -0.7614
vn 0.6970 -0.1770 -0.6949
vn 0.4818 -0.2695 -0.8338
vn 0.2681 -0.2870 -0.9196
vn 0.5022 0.3845 0.7746
vn 0.9414 -0.0610 0.3319
vn 0.1889 0.4557 0.8699
vn 0.2499 0.1510 0.9564
vn 0.4575 0.1109 0.8823
vn 0.8252 -0.0107 0.5648
vn 0.9509 0.3092 -0.0117
vn 0.9997 0.0179 0.0135
vn 0.6724 -0.5354 -0.5111
vn 0.9771 -0.1808 -0.1125
vn 0.9062 0.0325 -0.4216
vn 0.7800 -0.5052 -0.3692
vn 0.9784 -0.1894 0.0824
vn 0.9978 -0.0604 0.0263
vn 0.9912 -0.1322 0.0022
vn -0.2774 0.5133 0.8122
vn 0.8975 0.1425 0.4174
vn -0.8980 0.2931 0.3281
vn -0.7633 -0.3682 0.5309
vn -0.1887 -0.3182 0.9291
vn 0.6675 -0.1784 0.7229
vn 0.9770 0.1843 -0.1068
vn 0.8533 0.0916 -0.5133
vn 0.9405 0.2920 0.1740
vn 0.9693 0.2354 0.0707
vn 0.9939 0.0754 -0.0806
vn 0.9041 -0.0957 -0.4164
vn 0.3317 0.1132 -0.9366
vn -0.6516 0.0508 -0.7569
vn 0.5087 -0.0699 -0.8581
vn -0.6708 0.1037 -0.7344
vn -0.9996 0.0001 0.0266
vn -0.9763 -0.0361 0.2136
vn -0.9711 0.2015 0.1277
vn -0.9751 0.1717 0.1401
vn -0.8457 -0.4963 0.1963
vn -0.8128 -0.5816 0.0342
vn 0.0606 -0.9971 -0.0465
vn 0.0888 -0.9898 0.1116
vn -0.5052 -0.8003 -0.3230
vn 0.3044 -0.9230 -0.2355
vn 0.6808 -0.7066 -0.1929
vn 0.6645 -0.7268 -0.1739
vn 0.6999 -0.7138 -0.0249
vn 0.9501 -0.2691 -0.1581
vn 0.8599 -0.4105 -0.3034
vn 0.9846 -0.1477 -0.0930
vn 0.5347 -0.5147 -0.6702
vn -0.5525 -0.2080 -0.8072
vn -0.9969 0.0682 0.0385
vn -0.9572 0.2515 0.1434
vn -0.9847 0.0470 -0.1676
vn -0.9965 0.0385 0.0740
vn -0.7872 -0.0189 -0.6165
vn -0.6116 0.2917 -0.7354
vn -0.9155 0.3518 -0.1951
vn -0.9671 0.2519 -0.0347
vn -0.0619 -0.2201 -0.9735
vn 0.6368 -0.5298 -0.5601
vn 0.7474 -0.3980 -0.5320
vn 0.1469 -0.0633 -0.9871
vn 0.8856 -0.4548 0.0943
vn 0.6382 -0.2481 0.7288
vn 0.8579 -0.3422 0.3833
vn 0.4744 -0.4181 0.7746
vn 0.7149 -0.5086 0.4799
vn 0.8469 -0.5092 0.1528
vn -0.0536 -0.1561 0.9863
vn -0.8557 -0.0251 0.5169
vn -0.8894 0.1032 0.4454
vn -0.2045 -0.1560 0.9664
vn -0.7679 0.4855 -0.4179
vn -0.8568 0.4996 -0.1276
vn -0.3276 0.1848 -0.9266
vn 0.2632 -0.2822 -0.9225
vn 0.6911 -0.5305 -0.4910
vn 0.8216 -0.5338 0.2002
vn 0.2841 -0.5460 0.7882
vn 0.6174 -0.5163 0.5935
vn -0.4533 -0.2739 0.8482
vn -0.9391 0.2045 0.2761
vn 0.5903 0.7388 -0.3251
vn 0.9518 0.2594 -0.1638
vn 0.4043 0.8030 -0.4380
vn -0.1143 -0.1047 0.9879
vn -0.5470 -0.3225 0.7725
vn 0.1810 -0.8915 0.4154
vn 0.6441 -0.7292 0.2311
vn -0.6530 -0.7561 0.0420
vn 0.2484 -0.9279 -0.2779
vn 0.8858 -0.4559 0.0869
vn 0.5150 -0.8527 0.0873
vn 0.2310 -0.2953 -0.9271
vn 0.2756 -0.1522 -0.9491
vn 0.6478 -0.3315 -0.6859
vn 0.6319 -0.4465 -0.6335
vn 0.8712 -0.4070 -0.2746
vn 0.8336 -0.5115 -0.2086
vn -0.8358 0.0544 -0.5464
vn -0.4986 0.1991 -0.8436
vn -0.1823 0.0512 -0.9819
vn -0.3466 -0.1196 -0.9304
vn 0.3390 0.0608 0.9388
vn 0.8977 -0.3419 0.2777
vn 0.0018 -0.1352 0.9908
vn -0.4418 -0.2795 0.8525
vn 0.3097 -0.7064 0.6365
vn 0.7821 -0.4463 0.4349
vn 0.8522 -0.5003 -0.1530
vn -0.9695 -0.0397 -0.2420
vn -0.4881 -0.2119 -0.8467
vn -0.5642 -0.1990 -0.8013
vn -0.9796 -0.1630 -0.1175
vn 0.2114 -0.3243 -0.9220
vn 0.2231 -0.2264 -0.9481
vn 0.5027 0.8644 0.0072
vn -0.7936 0.5929 0.1367
vn -0.9929 -0.0923 0.0750
vn 0.9606 0.1206 -0.2502
vn 0.6421 0.3525 0.6807
vn 0.1472 0.6102 0.7784
vn 0.6693 -0.7139 -0.2057
vn 0.5769 -0.6710 0.4659
vn 0.6464 -0.5469 0.5321
vn 0.9712 0.1270 0.2015
vn 0.5877 0.7975 0.1368
vn -0.9729 0.0340 0.2287
vn -0.8855 -0.2310 0.4032
vn -0.6978 -0.4472 0.5595
vn -0.7733 -0.5948 0.2195
vn -0.4526 -0.7682 0.4528
vn 0.2432 -0.8271 0.5067
vn 0.8698 -0.4885 -0.0695
vn 0.2690 -0.9201 0.2847
vn 0.6650 -0.4122 -0.6228
vn 0.7543 -0.2712 -0.5979
vn 0.0629 -0.7281 0.6825
vn -0.7233 -0.3654 0.5859
vn -0.2957 -0.5955 0.7469
vn -0.6547 -0.5159 0.5524
vn -0.2630 0.2614 -0.9287
vn -0.1632 0.3124 -0.9358
vn -0.7707 0.1669 -0.6150
vn -0.4181 0.0337 -0.9078
vn -0.9330 0.0776 -0.3514
vn -0.9589 0.2806 -0.0416
vn -0.9470 0.0888 -0.3087
vn -0.8484 0.0168 -0.5291
vn -0.0555 0.6836 -0.7277
vn -0.3150 0.7960 -0.5169
vn -0.3456 0.6964 -0.6289
vn -0.5045 0.7008 -0.5044
vn -0.2978 0.8307 -0.4705
vn 0.0194 0.8445 -0.5352
vn -0.0519 0.7721 -0.6334
vn -0.3624 0.6428 -0.6749
vn 0.2909 0.4946 -0.8190
vn 0.1345 0.6284 -0.7661
vn 0.0402 0.7870 -0.6156
vn -0.3133 0.7430 -0.5914
vn 0.5860 0.5896 -0.5559
vn 0.7235 0.5235 -0.4501
vn -0.6280 0.5804 -0.5184
vn -0.0206 0.9503 -0.3106
vn -0.0071 0.4874 -0.8732
vn -0.6877 0.2147 -0.6935
vn 0.6585 0.3777 -0.6509
vn 0.5801 0.3869 -0.7168
vn -0.1952 0.4543 -0.8692
vn -0.7898 0.1713 -0.5889
vn -0.2010 0.7738 0.6007
vn -0.8545 0.5182 0.0350
vn -0.8047 -0.5024 -0.3165
vn -0.2779 -0.9094 -0.3094
vn -0.9067 -0.1720 -0.3851
vn -0.4892 -0.7947 -0.3594
vn -0.0450 -0.9152 -0.4005
vn 0.0014 -0.9367 0.3501
vn 0.7974 -0.3961 0.4553
vn 0.1803 -0.6109 0.7709
vn 0.4339 -0.4746 0.7658
vn 0.9045 -0.2657 0.3336
vn -0.5024 -0.5819 0.6395
vn -0.4709 -0.4524 0.7574
vn -0.5331 0.0734 0.8429
vn 0.6560 -0.0715 0.7514
vn 0.9694 -0.1456 0.1978
vn -0.9414 -0.3086 -0.1362
vn -0.6226 -0.7056 0.3384
vn -0.9541 -0.2923 0.0656
vn -0.0516 -0.8681 0.4937
vn 0.6924 -0.6525 0.3080
vn 0.9805 -0.1282 -0.1490
vn 0.9895 0.0076 -0.1444
vn 0.5110 0.2438 -0.8243
vn 0.9742 -0.0425 -0.2216
vn 0.9922 0.1207 0.0328
vn 0.7371 0.1773 -0.6521
vn 0.9077 0.0437 0.4174
vn 0.8892 -0.4493 0.0868
vn 0.8544 -0.4068 -0.3233
vn 0.5943 -0.0127 -0.8041
vn 0.9876 0.0637 -0.1433
vn 0.5468 0.5206 -0.6557
vn -0.3872 0.5923 -0.7065
vn -0.9185 0.2205 -0.3282
vn -0.3674 0.3422 -0.8648
vn -0.8986 0.2628 -0.3513
vn -0.9720 -0.1498 0.1813
vn -0.9752 0.1664 0.1463
vn -0.6163 -0.6390 0.4603
vn -0.8196 -0.5463 -0.1726
vn -0.0841 -0.9162 -0.3918
vn 0.2894 -0.8475 0.4449
vn -0.7946 -0.0790 -0.6019
vn -0.2315 -0.1735 -0.9572
vn -0.3702 0.3018 -0.8786
vn -0.9249 0.2618 -0.2756
vn -0.9696 0.1584 0.1867
vn -0.5316 0.0955 0.8416
vn 0.4086 -0.0684 0.9101
vn 0.4326 -0.1563 -0.8879
vn 0.6323 -0.3760 -0.6773
vn 0.9472 -0.1176 -0.2984
vn 0.5077 -0.1742 0.8438
vn 0.7807 -0.1985 0.5926
vn 0.3484 -0.1139 0.9304
vn 0.9827 -0.1821 -0.0335
vn 0.9943 -0.1032 0.0257
vn 0.9872 -0.1437 0.0697
vn 0.9822 -0.1698 -0.0809
vn 0.9707 -0.1531 0.1852
vn 0.9338 -0.1703 0.3146
vn 0.2713 -0.9273 -0.2577
vn 0.4785 -0.5896 -0.6507
vn -0.1829 -0.5321 -0.8267
vn 0.5320 -0.8274 -0.1800
vn 0.2761 -0.8742 -0.3994
vn 0.3388 -0.6216 0.7063
vn 0.5532 -0.8328 -0.0216
vn 0.4798 0.1506 -0.8644
vn 0.1778 -0.3210 0.9303
vn 0.2494 -0.4861 0.8376
vn -0.1519 -0.3675 0.9175
vn -0.0802 -0.5982 0.7973
vn 0.9171 0.1213 0.3796
vn 0.5990 -0.7870 -0.1476
vn 0.4706 -0.5638 -0.6787
vn 0.2060 -0.1775 -0.9623
vn -0.7308 0.2266 0.6438
vn -0.9211 -0.0117 0.3891
vn -0.9154 0.3998 -0.0472
vn -0.9668 0.1748 0.1862
vn 0.9870 -0.1405 0.0784
vn 0.9945 -0.0554 -0.0887
vn 0.6112 -0.5784 -0.5404
vn 0.7165 -0.3946 -0.5753
vn 0.8455 -0.1843 -0.5012
vn 0.9919 0.1151 0.0537
vn 0.8259 -0.3903 -0.4068
vn 0.8759 -0.2419 -0.4175
vn 0.9748 0.0480 -0.2176
vn 0.9994 -0.0333 -0.0025
vn 0.8310 -0.4636 -0.3076
vn 0.1306 -0.3813 -0.9152
vn 0.1279 -0.3247 -0.9371
vn 0.1312 -0.4450 -0.8858
vn 0.1621 -0.4167 -0.8945
vn 0.2290 -0.4529 -0.8616
vn 0.0632 -0.3527 -0.9336
vn 0.1906 -0.6896 -0.6987
vn 0.8367 -0.2492 -0.4878
vn 0.9304 -0.3452 -0.1235
vn 0.0650 -0.2363 -0.9695
vn -0.0243 -0.3133 -0.9493
vn 0.2497 0.0590 0.9665
vn 0.1338 0.0667 0.9888
vn 0.0318 -0.4078 -0.9125
vn 0.1337 -0.4889 -0.8621
vn 0.1979 -0.0708 0.9777
vn -0.5030 -0.5427 -0.6726
vn -0.4883 -0.4123 0.7691
vn -0.2088 0.0672 0.9756
vn -0.3241 0.1055 0.9401
vn 0.1458 -0.1736 -0.9740
vn 0.1211 -0.1203 -0.9853
vn -0.1950 0.2400 0.9510
vn 0.1293 -0.0675 0.9893
vn -0.9723 0.1083 -0.2070
vn -0.8883 -0.4383 0.1374
vn -0.3823 0.3289 0.8635
vn -0.2614 0.5582 0.7875
vn 0.1128 0.6170 -0.7788
vn -0.3850 0.3595 -0.8500
vn -0.2920 0.3106 0.9046
vn 0.2985 0.5689 -0.7663
vn -0.0481 0.7110 0.7016
vn -0.8602 -0.0552 -0.5070
vn -0.4518 0.0915 0.8874
vn -0.5135 0.1732 0.8404
vn -0.5699 -0.0586 -0.8196
vn -0.3900 -0.2651 -0.8818
vn -0.3638 0.2299 0.9027
vn -0.9748 0.0808 -0.2082
vn -0.9540 0.2281 -0.1946
vn 0.0829 0.9959 -0.0350
vn -0.3496 0.9366 -0.0232
vn -0.9593 0.1927 -0.2063
vn -0.7842 0.6072 -0.1278
vn 0.2985 0.9502 -0.0893
vn -0.9111 -0.2579 -0.3216
vn -0.7605 -0.4739 0.4438
vn -0.6614 0.1541 0.7340
vn -0.5354 0.4686 0.7027
vn -0.3569 0.6987 0.6200
vn -0.6147 0.2397 0.7515
vn -0.5907 0.3141 0.7432
vn -0.2859 -0.9209 -0.2648
vn -0.0312 0.8118 0.5831
vn 0.0263 0.8156 0.5780
vn -0.9574 0.1367 -0.2542
vn -0.1925 0.9503 -0.2446
vn -0.2211 0.6855 -0.6937
vn -0.3950 0.6529 -0.6463
vn -0.7158 0.4945 -0.4930
vn -0.7710 0.5365 -0.3432
vn -0.4822 0.8094 -0.3352
vn -0.4191 0.1226 -0.8996
vn -0.9257 0.3439 -0.1578
vn -0.0184 -0.0470 -0.9987
vn -0.7723 -0.5106 -0.3780
vn -0.8892 -0.4549 0.0482
vn -0.9710 -0.2311 0.0608
vn -0.8144 -0.4541 -0.3613
vn -0.9580 0.2839 0.0391
vn -0.8410 0.2329 -0.4883
vn -0.7368 -0.0852 0.6707
vn -0.6540 0.6477 -0.3909
vn -0.6654 -0.2946 0.6859
vn -0.0885 -0.9250 -0.3695
vn -0.1495 -0.9123 -0.3813
vn -0.4011 -0.9130 0.0742
vn -0.1882 -0.9164 -0.3531
vn -0.8009 -0.5987 0.0121
vn -0.4883 -0.8547 -0.1761
vn -0.2480 -0.7885 0.5628
vn -0.8265 -0.2836 0.4863
vn 0.0446 -0.9294 0.3664
vn -0.1586 -0.3548 -0.9214
vn 0.1075 -0.8462 -0.5219
vn -0.0558 -0.8244 -0.5632
vn -0.1468 -0.5847 -0.7978
vn -0.3389 -0.8244 -0.4534
vn -0.1904 -0.7946 -0.5764
vn -0.6652 0.6120 -0.4278
vn -0.5149 0.6877 -0.5117
vn -0.4528 0.6864 -0.5690
vn -0.4160 0.7361 -0.5339
vn -0.5858 0.6818 -0.4381
vn -0.4839 0.6935 -0.5338
vn -0.5717 -0.2288 0.7879
vn -0.4628 -0.2544 0.8491
vn -0.4389 -0.1630 0.8836
vn -0.5768 0.0763 0.8133
vn -0.3012 -0.3316 0.8940
vn -0.7360 0.0244 0.6766
vn -0.2072 -0.2419 0.9479
vn 0.0122 -0.4009 0.9160
vn -0.4864 -0.2580 0.8348
vn -0.6424 -0.7128 0.2815
vn -0.8318 -0.2907 0.4729
vn -0.5703 -0.6007 -0.5603
vn -0.8585 -0.4156 -0.3005
vn -0.4752 -0.8583 0.1936
vn -0.5020 -0.7196 -0.4798
vn 0.7657 0.6432 -0.0038
vn 0.9614 -0.2734 -0.0297
vn 0.3088 -0.3303 -0.8919
vn 0.0837 0.2153 -0.9730
vn -0.7188 0.1394 -0.6811
vn -0.2477 -0.1986 -0.9483
vn -0.7499 0.0285 -0.6610
vn -0.9862 0.1266 -0.1066
vn -0.0147 -0.6982 -0.7157
vn -0.3882 -0.4974 -0.7759
vn 0.4292 -0.9024 0.0380
vn 0.1729 -0.8112 -0.5587
vn -0.8690 0.3772 0.3203
vn -0.8962 0.3385 0.2867
vn -0.2104 0.7945 0.5697
vn -0.3652 0.8771 0.3119
vn 0.3735 0.7596 0.5325
vn -0.1686 0.9841 0.0558
vn -0.2386 0.7746 0.5858
vn 0.3092 0.5826 0.7516
vn -0.8770 0.4689 0.1044
vn -0.9142 0.3908 0.1070
vn -0.5668 0.8127 -0.1349
vn -0.5216 0.8343 -0.1785
vn -0.9414 0.0498 0.3336
vn -0.9082 -0.0971 0.4071
vn -0.9516 -0.0465 0.3037
vn -0.9708 0.1327 0.2000
vn -0.9951 0.0583 0.0794
vn -0.9886 -0.0908 0.1202
vn 0.2500 -0.2921 -0.9232
vn -0.3336 -0.1428 -0.9318
vn -0.7269 -0.0797 -0.6821
vn -0.2787 -0.3537 -0.8929
vn -0.5998 -0.3042 -0.7401
vn 0.1042 -0.4034 -0.9091
vn -0.8586 -0.0570 0.5095
vn -0.9013 -0.4325 -0.0258
vn -0.4598 -0.8526 0.2484
vn -0.1987 -0.8952 -0.3989
vn -0.7429 -0.5552 -0.3739
vn -0.2812 -0.7356 0.6163
vn -0.1106 -0.8783 0.4651
vn 0.4870 0.8604 0.1502
vn -0.4765 0.8771 0.0604
vn -0.9657 0.0653 0.2514
vn -0.3660 0.4421 0.8189
vn 0.2637 0.4168 0.8699
vn -0.1527 0.2955 0.9431
vn -0.2295 0.4979 0.8363
vn 0.0769 0.6056 0.7920
vn 0.1744 0.4377 0.8821
vn -0.8369 -0.2254 0.4987
vn -0.8340 -0.0208 0.5514
vn -0.9536 -0.2619 -0.1488
vn -0.8557 -0.4457 -0.2631
vn -0.5531 -0.3917 -0.7353
vn -0.8944 0.2882 0.3421
vn -0.8238 0.3226 0.4662
vn -0.7164 0.3562 0.6000
vn -0.8903 0.0713 0.4497
vn -0.9181 -0.0357 0.3947
vn -0.7300 0.1452 0.6679
vn -0.8093 0.2303 0.5404
vn -0.8498 0.2698 0.4528
vn -0.9604 -0.2681 -0.0757
vn -0.9698 -0.2272 0.0888
vn -0.8833 -0.0116 0.4686
vn -0.9217 -0.0306 0.3868
vn -0.7633 -0.0835 0.6406
vn -0.7424 -0.1223 0.6587
vn -0.7594 -0.2226 0.6114
vn -0.6065 -0.2594 0.7516
vn -0.7564 -0.2512 0.6040
vn -0.8151 -0.1700 0.5538
vn -0.9236 -0.3736 -0.0856
vn -0.9027 -0.4167 -0.1070
vn -0.7910 -0.6024 -0.1065
vn -0.8762 -0.3661 0.3133
vn -0.7967 -0.6033 -0.0355
vn -0.7647 -0.3681 0.5289
vn -0.3633 -0.9244 -0.1163
vn -0.4549 -0.8891 0.0512
vn -0.4940 -0.2030 0.8454
vn -0.4622 -0.0815 0.8830
vn -0.3667 -0.1053 0.9244
vn -0.3433 -0.2413 0.9077
vn -0.3679 -0.1572 0.9165
vn -0.2084 -0.2292 0.9508
vn -0.1871 -0.0704 0.9798
vn -0.1161 -0.3829 0.9165
vn 0.2420 -0.4686 0.8496
vn -0.2506 -0.0959 0.9633
vn -0.5887 -0.0844 0.8039
vn -0.8256 -0.0609 0.5609
vn -0.7154 -0.0318 -0.6980
vn -0.7135 -0.0842 -0.6956
vn -0.9130 -0.1576 -0.3763
vn -0.9158 -0.1021 -0.3884
vn -0.7441 -0.3839 0.5468
vn -0.9301 -0.3647 0.0430
vn -0.8892 -0.3156 -0.3313
vn -0.7333 -0.5714 -0.3686
vn -0.6763 -0.4041 0.6159
vn -0.7440 -0.3772 0.5515
vn -0.7036 -0.2213 -0.6752
vn -0.5819 -0.4928 -0.6470
vn 0.1475 0.8440 0.5156
vn -0.6696 0.2170 -0.7103
vn -0.9565 0.2711 -0.1074
vn -0.9198 0.0248 -0.3917
vn -0.6584 0.6928 0.2942
vn -0.9616 0.2483 -0.1166
vn -0.9304 0.3392 0.1391
vn -0.8021 0.2721 0.5317
vn -0.4740 0.6178 0.6274
vn -0.4862 0.7117 0.5071
vn -0.9469 0.2086 -0.2446
vn -0.9676 0.0129 0.2520
vn -0.5658 0.5254 0.6354
vn -0.6319 0.2139 0.7449
vn -0.7187 -0.1991 0.6661
vn -0.8207 -0.1920 0.5381
vn -0.5113 -0.3438 0.7877
vn -0.3979 -0.2374 0.8862
vn -0.9148 -0.3955 -0.0815
vn -0.6145 0.3479 -0.7081
vn -0.6810 0.7278 -0.0807
vn -0.6318 0.5909 0.5017
vn -0.5775 0.4794 0.6608
vn -0.2390 0.2847 0.9283
vn 0.2923 0.2768 0.9154
vn -0.0756 0.7896 0.6089
vn 0.8416 0.1939 0.5041
vn 0.6253 0.7270 0.2837
vn 0.3090 0.0331 0.9505
vn 0.9187 -0.0216 0.3944
vn -0.6055 0.0056 0.7958
vn -0.4909 0.3399 0.8022
vn 0.5353 0.5682 0.6250
vn 0.7070 0.7058 0.0454
vn -0.4334 0.6393 -0.6352
vn 0.7132 0.5965 0.3680
vn -0.9272 -0.2664 -0.2632
vn 0.0892 0.6684 0.7384
vn 0.6475 0.1249 0.7518
vn -0.2383 0.8358 0.4946
vn -0.9961 0.0630 0.0613
vn -0.7267 0.6403 0.2488
vn -0.9166 -0.1290 -0.3785
vn -0.8815 0.4596 0.1083
vn 0.9063 0.0717 0.4165
vn -0.0647 -0.0149 0.9978
vn 0.6661 -0.4029 0.6277
vn -0.7787 0.4139 0.4715
vn 0.3219 0.5490 0.7714
vn 0.9423 0.1303 0.3085
vn 0.3356 0.5543 0.7617
vn 0.9355 0.2503 0.2495
vn -0.6995 0.5125 0.4980
vn -0.8117 -0.5679 -0.1362
vn -0.8330 -0.2779 -0.4785
vn -0.8532 -0.0769 0.5159
vn -0.7610 -0.1257 0.6365
vn -0.6772 0.3196 0.6627
vn -0.4865 0.1744 0.8561
vn -0.8868 -0.0621 0.4579
vn -0.8984 -0.2051 -0.3884
vn -0.9755 -0.1410 0.1692
vn 0.5416 -0.6308 -0.5557
vn 0.2587 -0.1821 -0.9486
vn -0.4035 -0.1781 -0.8975
vn -0.3096 -0.8806 -0.3589
vn -0.3773 -0.1965 -0.9050
vn 0.5368 -0.0918 -0.8387
vn 0.9286 0.3591 0.0940
vn 0.9995 -0.0015 0.0301
vn 0.8795 -0.1540 -0.4503
vn 0.9563 -0.1509 -0.2504
vn 0.9784 -0.0208 -0.2057
vn 0.9977 -0.0292 0.0612
vn -0.0412 -0.9287 -0.3686
vn 0.1286 -0.9857 0.1092
vn 0.0206 -0.9911 0.1317
vn -0.1446 -0.9445 -0.2950
vn -0.2680 -0.9632 0.0195
vn 0.0160 -0.9998 0.0082
vn -0.1885 -0.9068 -0.3771
vn -0.2620 -0.9214 -0.2869
vn -0.3918 -0.6627 0.6382
vn 0.2332 -0.8157 0.5294
vn 0.1148 -0.8033 0.5843
vn 0.4232 -0.6979 0.5778
vn -0.2458 -0.8223 0.5132
vn 0.1075 -0.9606 0.2564
vn -0.4691 -0.5888 -0.6582
vn -0.4607 -0.5300 -0.7119
vn -0.6994 -0.2632 -0.6645
vn -0.8524 -0.1285 -0.5069
vn -0.5354 -0.2837 -0.7956
vn -0.7931 -0.0665 0.6055
vn -0.2405 0.3823 0.8922
vn 0.0843 0.4555 0.8862
vn -0.1666 0.1098 0.9799
vn 0.0536 0.1507 0.9871
vn -0.6132 -0.0131 0.7898
vn -0.9547 0.2556 0.1521
vn -0.9076 0.3104 0.2828
vn -0.7969 -0.5329 -0.2846
vn -0.8538 -0.5065 -0.1205
vn -0.9919 0.0012 -0.1268
vn -0.9627 -0.1927 0.1898
vn -0.9420 -0.0639 0.3295
vn -0.9059 -0.1925 0.3772
vn -0.9428 -0.1367 0.3039
vn -0.8975 0.1425 0.4174
vn 0.2774 0.5133 0.8122
vn 0.8980 0.2931 0.3281
vn 0.1887 -0.3182 0.9291
vn 0.7633 -0.3682 0.5309
vn -0.6675 -0.1785 0.7229
vn -0.8591 -0.0359 -0.5105
vn -0.9895 0.1064 -0.0976
vn -0.9550 0.2448 0.1673
vn -0.9695 0.2350 0.0700
vn -0.9022 -0.0947 -0.4207
vn -0.9938 0.0757 -0.0812
vn 0.6793 -0.0176 -0.7337
vn -0.3294 -0.0903 -0.9399
vn -0.5089 -0.0723 -0.8578
vn 0.6772 0.1059 -0.7282
vn 0.9722 0.0746 0.2219
vn 0.9964 0.0685 0.0492
vn 0.9711 0.2011 0.1285
vn 0.9750 0.1717 0.1413
vn 0.8457 -0.4963 0.1963
vn -0.0888 -0.9898 0.1116
vn -0.0606 -0.9971 -0.0465
vn 0.8125 -0.5820 0.0346
vn -0.3044 -0.9230 -0.2354
vn 0.5026 -0.8025 -0.3215
vn -0.6645 -0.7268 -0.1739
vn -0.6808 -0.7067 -0.1929
vn -0.6999 -0.7138 -0.0249
vn -0.8596 -0.4084 -0.3072
vn -0.9501 -0.2691 -0.1581
vn -0.9846 -0.1477 -0.0930
vn 0.5548 -0.2041 -0.8066
vn -0.5329 -0.5031 -0.6803
vn 0.9572 0.2515 0.1434
vn 0.9969 0.0667 0.0413
vn -0.0214 0.8300 0.5573
vn 0.4093 0.7422 0.5306
vn 0.6690 0.4131 0.6178
vn 0.5959 0.7055 0.3836
vn 0.9770 0.0656 0.2027
vn 0.2536 0.8879 0.3839
vn 0.6539 -0.4659 0.5962
vn 0.1033 -0.9734 0.2045
vn 0.6711 -0.7267 0.1468
vn 0.0042 -0.9890 0.1479
vn -0.2704 -0.9547 -0.1240
vn -0.3613 -0.9151 -0.1790
vn -0.6136 -0.7524 -0.2396
vn -0.7087 -0.6571 0.2570
vn -0.8471 -0.4109 0.3370
vn -0.5243 -0.8384 0.1487
vn -0.9559 -0.2896 -0.0490
vn -0.6387 0.5777 0.5082
vn -0.9075 0.2280 0.3528
vn -0.2839 0.8890 0.3591
vn 0.6773 0.7286 0.1017
vn 0.9473 0.3203 -0.0069
vn 0.8538 -0.5128 0.0894
vn 0.3241 -0.9010 0.2883
vn -0.2725 -0.9303 0.2455
vn -0.7646 -0.6201 0.1758
vn -0.9190 -0.2650 0.2918
vn -0.8617 0.0149 0.5072
vn -0.5075 0.7125 0.4846
vn 0.2162 0.9342 0.2839
vn -0.7185 0.3997 -0.5693
vn -0.2872 0.7900 -0.5417
vn -0.3024 0.5004 -0.8113
vn 0.1972 -0.6518 0.7323
vn -0.5536 -0.6003 -0.5772
vn -0.3430 -0.9151 0.2122
vn -0.3677 -0.7941 0.4839
vn 0.2149 -0.8363 0.5044
vn 0.1105 -0.2284 0.9673
vn -0.5694 -0.7558 -0.3233
vn -0.8027 -0.4595 -0.3801
vn 0.1342 -0.7798 -0.6115
vn -0.4177 -0.6836 -0.5985
vn -0.3465 -0.6010 -0.7202
vn 0.1684 -0.6217 -0.7649
vn -0.7304 -0.4380 -0.5241
vn -0.7746 -0.4544 -0.4400
vn 0.8985 0.2370 0.3696
vn 0.6795 -0.6186 -0.3945
vn 0.6575 -0.4813 -0.5797
vn 0.8542 -0.2921 -0.4302
vn -0.9621 -0.0549 -0.2670
vn -0.8108 0.5723 0.1226
vn -0.5801 0.7442 0.3311
vn -0.9918 0.0401 -0.1216
vn -0.8796 -0.0518 0.4728
vn -0.1595 0.5254 0.8358
vn -0.8201 -0.4774 -0.3156
vn 0.9402 -0.0806 0.3310
vn 0.9007 -0.2326 0.3670
vn 0.6328 -0.7310 -0.2554
vn 0.6662 -0.7072 -0.2366
vn -0.0106 -0.7831 -0.6217
vn 0.0740 -0.8258 -0.5591
vn 0.7217 -0.1188 0.6819
vn -0.9832 -0.1599 -0.0876
vn 0.7038 -0.6315 0.3253
vn -0.3839 0.8743 0.2969
vn -0.9441 0.2766 -0.1795
vn -0.8267 -0.4134 -0.3818
vn -0.5556 -0.8298 -0.0512
vn -0.6615 -0.7430 0.1019
vn -0.8150 -0.1239 -0.5660
vn -0.8563 -0.5031 0.1168
vn -0.2696 0.4132 -0.8698
vn 0.2984 0.2206 0.9286
vn 0.6332 0.1960 0.7487
vn 0.7156 0.2849 0.6378
vn 0.5433 -0.4575 0.7039
vn 0.1568 -0.3316 0.9303
vn -0.8527 -0.5206 -0.0423
vn -0.5741 -0.3059 0.7595
vn -0.4121 -0.5843 0.6991
vn -0.5960 -0.6108 -0.5214
vn -0.4696 -0.6882 -0.5531
vn 0.0759 -0.4208 0.9040
vn -0.2205 -0.6718 0.7072
vn -0.0420 -0.8265 0.5614
vn -0.0368 -0.6543 0.7553
vn 0.6908 0.3076 -0.6544
vn 0.8121 -0.0648 -0.5799
vn 0.7350 -0.3232 -0.5961
vn 0.3930 0.1766 -0.9024
vn 0.5435 0.5701 0.6161
vn 0.1220 0.9205 0.3712
vn 0.8953 0.1300 0.4261
vn -0.8329 0.4194 -0.3612
vn 0.6433 0.6700 -0.3705
vn 0.3745 0.6594 -0.6518
vn 0.6526 0.6349 -0.4137
vn 0.8111 0.5240 -0.2598
vn 0.1245 0.9351 -0.3318
vn 0.5727 0.7118 -0.4065
vn 0.3487 0.7683 -0.5367
vn -0.1594 0.8717 -0.4634
vn -0.4023 0.6149 -0.6783
vn 0.0296 0.8028 -0.5956
vn -0.2815 0.7717 -0.5703
vn -0.3485 0.6326 -0.6916
vn -0.6559 0.7224 -0.2188
vn -0.6146 0.7223 -0.3172
vn 0.9333 0.2072 -0.2933
vn 0.9395 -0.2530 -0.2311
vn 0.4997 -0.3717 -0.7824
vn 0.4483 0.5331 -0.7175
vn -0.1360 -0.4558 -0.8796
vn 0.4868 -0.4375 -0.7560
vn -0.3068 -0.4695 -0.8279
vn 0.9346 -0.2465 -0.2563
vn 0.4376 0.8429 0.3131
vn -0.1365 0.9440 0.3002
vn 0.1457 -0.9502 0.2753
vn 0.4450 -0.8538 0.2701
vn 0.8551 0.1923 0.4815
vn 0.3934 -0.7227 0.5683
vn 0.0369 -0.9934 0.1088
vn 0.0084 -0.9063 0.4226
vn -0.9199 0.0848 0.3829
vn -0.9435 0.0758 0.3226
vn -0.5157 0.3564 0.7791
vn -0.4366 0.3173 0.8418
vn 0.3636 0.4309 0.8259
vn 0.2437 0.3284 0.9126
vn -0.5034 0.5445 0.6709
vn 0.5593 0.5227 0.6434
vn -0.9462 0.1975 0.2564
vn 0.2423 0.0947 0.9656
vn 0.8189 -0.0248 0.5734
vn 0.8692 0.0806 0.4879
vn -0.8988 -0.1576 0.4090
vn -0.3521 0.0454 0.9349
vn -0.8519 -0.3790 -0.3615
vn -0.9200 -0.2412 -0.3089
vn -0.5311 -0.2738 -0.8018
vn -0.7548 0.1194 -0.6450
vn -0.9397 0.3407 -0.0288
vn -0.9880 -0.0138 -0.1537
vn -0.8601 0.3710 0.3502
vn -0.9022 -0.4113 -0.1296
vn -0.9210 -0.2901 0.2601
vn -0.6369 -0.2420 -0.7320
vn -0.4698 -0.3177 -0.8236
vn -0.9664 -0.1572 -0.2034
vn 0.9484 -0.0769 -0.3076
vn 0.4676 -0.2504 -0.8477
vn 0.3723 -0.3236 -0.8699
vn 0.9122 -0.1228 -0.3908
vn 0.9426 0.1685 0.2881
vn 0.9864 0.1287 0.1019
vn 0.5721 -0.4671 0.6742
vn -0.3467 -0.5718 0.7435
vn -0.0213 -0.9998 0.0007
vn 0.7573 -0.6511 0.0508
vn 0.1603 -0.5559 -0.8157
vn 0.7467 -0.3992 -0.5321
vn 0.9220 -0.1007 -0.3739
vn 0.2973 -0.1518 -0.9426
vn 0.5783 0.3301 0.7461
vn 0.9926 0.0141 0.1208
vn -0.3692 0.3640 0.8551
vn -0.6914 -0.1711 -0.7019
vn -0.8044 -0.3816 -0.4554
vn -0.9917 -0.1283 0.0082
vn -0.5617 -0.2008 0.8026
vn -0.2252 -0.1754 0.9584
vn -0.0473 -0.1145 0.9923
vn -0.9457 -0.1856 0.2667
vn -0.9599 -0.1728 0.2206
vn -0.9180 -0.1454 0.3691
vn -0.9388 -0.1067 0.3275
vn -0.7925 -0.1731 0.5848
vn -0.8672 -0.1561 0.4728
vn -0.4510 -0.7573 -0.4723
vn -0.2349 -0.9644 0.1215
vn 0.1600 -0.1912 0.9684
vn -0.5184 -0.7781 -0.3548
vn -0.6910 -0.5835 -0.4266
vn -0.9027 -0.3832 0.1955
vn -0.7357 -0.4304 -0.5229
vn -0.3632 0.3318 -0.8706
vn -0.0587 -0.4969 0.8658
vn -0.0065 -0.3105 0.9506
vn 0.2811 -0.3088 0.9086
vn 0.2724 -0.5683 0.7764
vn -0.8737 -0.0522 0.4837
vn -0.8121 -0.5254 -0.2537
vn -0.6787 -0.6953 -0.2365
vn -0.8810 -0.4562 -0.1256
vn -0.2980 0.7954 0.5278
vn 0.0054 0.5832 0.8123
vn 0.4434 0.1957 0.8747
vn 0.8330 0.3152 0.4546
vn -0.9154 -0.1444 0.3757
vn -0.9744 -0.0569 0.2175
vn -0.7583 -0.5605 -0.3329
vn -0.8583 -0.3886 -0.3352
vn -0.9573 -0.1701 -0.2338
vn -0.9297 0.1127 0.3505
vn -0.9604 -0.2319 -0.1546
vn -0.9152 -0.3728 -0.1534
vn -0.9935 0.1009 0.0536
vn -0.9548 0.0169 0.2969
vn -0.8869 -0.4578 -0.0616
vn -0.4026 -0.3822 -0.8318
vn -0.4075 -0.3239 -0.8538
vn -0.3960 -0.4239 -0.8146
vn -0.4261 -0.4177 -0.8025
vn -0.4797 -0.4541 -0.7508
vn -0.3441 -0.3534 -0.8699
vn -0.3965 -0.6450 -0.6532
vn -0.9262 -0.0344 -0.3754
vn -0.9783 0.1708 -0.1170
vn -0.2660 -0.3136 -0.9115
vn -0.3572 -0.2371 -0.9034
vn 0.1855 0.0434 0.9817
vn 0.1249 -0.0564 0.9906
vn -0.4007 -0.4350 -0.8063
vn -0.3095 -0.4013 -0.8621
vn 0.1845 -0.2589 0.9481
vn 0.8102 -0.4288 0.3996
vn 0.2709 -0.4665 -0.8420
vn 0.5969 0.1047 0.7955
vn 0.5011 0.0625 0.8631
vn -0.4356 -0.1747 -0.8830
vn -0.4158 -0.1212 -0.9013
vn 0.4758 0.2407 0.8460
vn 0.1126 -0.2060 0.9721
vn 0.8944 -0.4274 -0.1320
vn 0.8556 0.0805 -0.5114
vn 0.4905 0.5576 0.6697
vn 0.6395 0.3194 0.6993
vn 0.1046 0.3633 -0.9258
vn -0.3475 0.6162 -0.7067
vn 0.6109 0.2447 0.7530
vn -0.5201 0.5672 -0.6385
vn 0.2579 0.7116 0.6535
vn 0.6554 0.0005 -0.7553
vn 0.7507 0.1609 0.6407
vn 0.7589 0.1165 0.6407
vn 0.0902 -0.2049 -0.9746
vn 0.2897 -0.0483 -0.9559
vn 0.7046 0.1132 0.7005
vn 0.8479 0.2313 -0.4771
vn 0.8600 0.1270 -0.4942
vn 0.3213 0.9385 -0.1267
vn -0.0929 0.9956 -0.0075
vn 0.8467 0.2138 -0.4872
vn 0.7025 0.6154 -0.3575
vn -0.3148 0.9491 0.0061
vn 0.7786 -0.2813 -0.5609
vn 0.8813 0.2336 0.4107
vn 0.8911 -0.4256 0.1575
vn 0.5361 0.6944 0.4800
vn 0.7617 0.4318 0.4830
vn 0.8586 0.2523 0.4463
vn 0.8749 0.2551 0.4118
vn 0.1984 -0.9292 -0.3119
vn 0.1488 0.8159 0.5587
vn 0.2061 0.8120 0.5461
vn 0.9534 0.0357 0.2996
vn 0.9314 -0.3580 -0.0654
vn 0.8694 -0.1041 0.4830
vn 0.9444 0.1687 0.2822
vn 0.9780 -0.1973 -0.0685
vn 0.8830 0.2648 0.3875
vn 0.8864 0.4129 0.2091
vn 0.8341 -0.5333 0.1406
vn 0.6860 -0.3894 0.6147
vn 0.6658 -0.0631 0.7435
vn 0.7427 0.3826 0.5496
vn 0.7055 -0.6490 0.2846
vn 0.4596 -0.7381 0.4940
vn 0.2045 -0.7788 0.5931
vn 0.5544 -0.8231 0.1227
vn 0.1864 -0.9767 0.1067
vn -0.2608 -0.9385 0.2264
vn 0.5335 -0.8398 -0.1005
vn 0.2014 -0.9794 -0.0139
vn -0.1155 -0.9486 0.2948
vn 0.6687 -0.4575 -0.5860
vn 0.7035 -0.3292 -0.6299
vn 0.6434 -0.3609 -0.6752
vn 0.2348 0.5208 -0.8208
vn 0.1983 0.2763 -0.9404
vn 0.1826 0.2305 -0.9558
vn 0.7564 -0.2519 -0.6037
vn 0.5214 -0.8362 -0.1701
vn 0.3443 0.7309 -0.5893
vn 0.6843 -0.3490 -0.6402
vn 0.5169 -0.8366 -0.1814
vn 0.2760 0.6398 -0.7172
vn 0.0389 0.4023 -0.9147
vn 0.4842 -0.4669 -0.7400
vn 0.3965 -0.8870 -0.2365
vn 0.4989 -0.4111 -0.7630
vn 0.4472 -0.8681 -0.2155
vn 0.0773 0.3781 -0.9225
vn 0.1918 -0.9447 0.2660
vn 0.1445 -0.9277 0.3441
vn 0.3779 -0.9027 0.2056
vn -0.0464 -0.6819 0.7299
vn -0.2283 -0.6001 0.7666
vn 0.1981 -0.7349 0.6486
vn -0.0634 -0.2516 0.9657
vn -0.3415 -0.1063 0.9339
vn -0.5295 -0.0624 0.8460
vn -0.5464 0.5165 0.6593
vn -0.6690 0.4579 0.5854
vn -0.2363 0.4160 0.8781
vn -0.6612 0.7317 0.1657
vn -0.5624 0.8117 0.1575
vn -0.3122 0.8764 0.3666
vn -0.4403 0.8206 -0.3643
vn -0.4948 0.7922 -0.3571
vn -0.2456 0.9563 -0.1588
vn -0.5087 0.8237 0.2504
vn -0.2366 0.9265 -0.2925
vn 0.2728 0.5255 -0.8059
vn -0.3989 0.8829 0.2476
vn -0.0687 0.9540 -0.2918
vn 0.4761 0.4275 -0.7685
vn -0.2911 0.9529 0.0852
vn -0.1729 0.9208 -0.3495
vn 0.0042 0.4373 -0.8993
vn -0.2351 0.9644 -0.1214
vn -0.4025 0.4782 -0.7806
vn -0.5044 0.5626 0.6550
vn -0.3400 0.6089 0.7166
vn -0.3981 0.7545 0.5218
vn -0.2112 0.8194 -0.5330
vn -0.1730 0.9618 -0.2122
vn -0.0997 0.9819 0.1608
vn -0.1179 0.7836 -0.6099
vn 0.3072 0.9181 -0.2505
vn 0.2869 0.9539 0.0884
vn -0.4814 0.4183 0.7703
vn -0.1823 0.5570 0.8102
vn -0.2928 0.5826 0.7582
vn 0.4833 -0.8737 0.0555
vn 0.5387 -0.5804 0.6107
vn 0.1996 0.7473 0.6338
vn 0.2011 0.7909 -0.5779
vn 0.2749 -0.7134 -0.6446
vn -0.0531 0.6739 -0.7370
vn -0.3367 0.5931 0.7313
vn 0.5098 -0.6311 -0.5846
vn -0.4060 0.5644 -0.7187
vn 0.2002 0.5930 -0.7799
vn 0.8947 -0.2815 -0.3468
vn 0.2985 -0.4071 0.8633
vn 0.7071 0.1276 0.6955
vn -0.1080 -0.7130 0.6928
vn -0.0758 -0.7685 0.6353
vn -0.4595 0.6540 0.6009
vn 0.0743 0.9466 0.3138
vn -0.1031 -0.6626 0.7418
vn 0.0788 -0.9544 0.2879
vn -0.4333 -0.4729 0.7673
vn -0.2053 -0.6125 0.7633
vn 0.1889 -0.9426 0.2754
vn 0.5925 -0.7968 0.1183
vn 0.0966 -0.9368 0.3363
vn 0.1444 -0.9710 0.1906
vn 0.3294 -0.9026 0.2772
vn 0.0581 -0.9972 0.0467
vn 0.2086 -0.8740 -0.4388
vn 0.6312 -0.3910 0.6698
vn 0.5777 0.7855 0.2218
vn 0.2451 -0.9070 0.3426
vn -0.0961 -0.9123 -0.3980
vn 0.3124 -0.5464 0.7771
vn -0.3598 0.4539 -0.8152
vn -0.3301 0.3413 -0.8801
vn -0.1093 -0.9444 -0.3101
vn 0.2925 -0.5022 0.8138
vn 0.1654 0.8003 0.5764
vn 0.1780 0.8472 0.5006
vn 0.2557 -0.4767 0.8411
vn 0.1402 0.8738 0.4656
vn -0.2665 0.2857 -0.9205
vn -0.0748 -0.9601 -0.2695
vn 0.0847 0.8988 0.4302
vn -0.2099 0.2769 -0.9377
vn -0.0274 -0.9608 -0.2758
vn 0.2463 -0.4480 0.8594
vn 0.2069 -0.4406 0.8735
vn 0.2435 -0.3812 0.8918
vn 0.0570 0.9381 0.3416
vn -0.1885 0.2662 -0.9453
vn 0.2475 -0.1707 0.9537
vn 0.8667 -0.1676 0.4699
vn 0.6485 0.7589 -0.0595
vn 0.0356 0.9590 0.2811
vn 0.1213 0.2944 -0.9480
vn -0.1847 0.3754 -0.9083
vn 0.0629 0.8245 0.5624
vn 0.0682 -0.9750 -0.2114
vn 0.0374 -0.9528 -0.3012
vn 0.4837 -0.7654 -0.4245
vn 0.4669 -0.4629 0.7535
vn 0.5156 0.8082 0.2845
vn -0.0161 -0.9326 0.3605
vn 0.4338 -0.4878 0.7575
vn 0.0573 -0.8990 0.4342
vn -0.0644 -0.9234 0.3785
vn 0.4598 -0.5084 0.7281
vn 0.5944 0.7491 0.2925
vn 0.5211 0.7959 0.3082
vn -0.3503 0.6109 -0.7100
vn -0.4817 0.3912 -0.7842
vn -0.7358 0.0410 -0.6760
vn -0.3539 0.6107 -0.7084
vn -0.6464 -0.2490 -0.7212
vn -0.6776 -0.6087 -0.4128
vn -0.7422 -0.1577 -0.6513
vn -0.7912 -0.0422 -0.6101
vn -0.3493 -0.8799 -0.3222
vn -0.5279 -0.7937 -0.3024
vn -0.6167 -0.7705 -0.1616
vn -0.6143 -0.7262 -0.3086
vn -0.2223 -0.9169 0.3315
vn -0.8318 -0.2949 -0.4702
vn -0.8704 -0.3668 -0.3285
vn -0.2285 -0.9165 0.3282
vn -0.8013 -0.0760 -0.5934
vn -0.8957 -0.0502 -0.4418
vn -0.9000 0.1613 -0.4049
vn -0.9440 -0.2293 -0.2375
vn -0.2648 -0.8992 0.3483
vn 0.3712 -0.6227 0.6888
vn 0.3970 -0.7089 0.5829
vn 0.4482 -0.7733 0.4485
vn 0.7181 0.6352 0.2843
vn 0.8789 0.4321 0.2023
vn 0.9033 0.4020 -0.1496
vn -0.6484 0.2731 -0.7106
vn -0.6032 0.4231 -0.6761
vn -0.5629 0.5748 -0.5939
vn 0.6649 -0.0695 -0.7437
vn -0.2050 -0.0005 -0.9788
vn -0.7866 0.1890 -0.5878
vn -0.5248 -0.6503 -0.5492
vn -0.2008 -0.9225 -0.3296
vn 0.4641 -0.8858 0.0013
vn -0.4825 0.0529 -0.8743
vn -0.0041 -0.8784 -0.4778
vn -0.2028 -0.8056 -0.5567
vn -0.3164 0.2004 -0.9272
vn -0.2461 -0.7409 -0.6249
vn 0.3022 -0.6221 -0.7223
vn 0.3833 -0.9235 0.0114
vn 0.2615 -0.8551 0.4477
vn 0.6045 -0.7860 -0.1298
vn 0.7022 -0.3483 -0.6210
vn 0.3168 -0.8404 0.4397
vn 0.0115 -0.5640 0.8257
vn -0.0558 -0.5340 0.8436
vn -0.2345 -0.0052 0.9721
vn -0.3810 0.0173 0.9244
vn -0.4926 0.0100 0.8702
vn -0.1875 -0.5275 0.8286
vn 0.2638 -0.8652 0.4265
vn -0.5886 0.5122 0.6255
vn 0.6222 -0.7631 -0.1748
vn 0.7026 -0.2780 -0.6550
vn -0.0346 0.9977 -0.0589
vn 0.0279 0.8696 0.4930
vn -0.0401 0.9346 -0.3534
vn -0.1331 0.9728 0.1896
vn -0.1437 0.1594 0.9767
vn -0.2578 0.1926 0.9468
vn -0.0990 -0.4901 0.8660
vn -0.3418 -0.6525 0.6764
vn 0.1355 -0.8586 0.4944
vn 0.3566 -0.9303 0.0861
vn -0.4528 -0.6552 0.6047
vn -0.5990 0.3637 0.7134
vn -0.0904 -0.4191 0.9034
vn -0.6699 0.4202 0.6121
vn -0.3682 0.9120 -0.1809
vn -0.7082 0.6811 -0.1859
vn -0.1478 0.7705 -0.6201
vn -0.1245 0.6478 -0.7515
vn -0.5791 0.2909 -0.7616
vn -0.8916 0.2935 -0.3449
vn -0.3641 0.0129 -0.9313
vn 0.5855 -0.3731 -0.7197
vn 0.4511 -0.4258 -0.7844
vn -0.6077 -0.3377 -0.7189
vn -0.9562 -0.1788 -0.2319
vn 0.5615 -0.4612 -0.6870
vn -0.4174 -0.5220 -0.7439
vn -0.9620 -0.2707 0.0345
vn -0.9578 -0.2539 -0.1348
vn -0.9526 -0.2966 -0.0679
vn -0.9194 -0.1941 0.3422
vn -0.8418 0.0157 0.5395
vn -0.9054 0.1591 0.3936
vn -0.0278 -0.0308 0.9991
vn -0.2073 0.3921 0.8963
vn 0.1277 0.7782 0.6150
vn 0.6585 0.6551 0.3704
vn -0.2613 0.6697 0.6952
vn -0.0682 -0.7229 0.6876
vn -0.2473 -0.0602 0.9671
vn -0.5727 0.8116 0.1160
vn 0.4492 -0.8087 -0.3797
vn 0.5485 -0.6583 0.5156
vn 0.1023 0.4661 -0.8788
vn 0.2992 -0.1422 -0.9435
vn 0.2473 -0.1528 0.9568
vn 0.0422 0.9547 0.2946
vn -0.1712 0.6507 0.7398
vn -0.7665 0.6242 0.1513
vn -0.6104 -0.4838 0.6272
vn -0.9973 -0.0639 -0.0354
vn -0.6229 -0.5306 0.5748
vn -0.3226 0.3543 0.8777
vn -0.5983 -0.6838 0.4177
vn -0.2952 0.4072 0.8643
vn 0.7181 0.6475 -0.2550
vn 0.1075 0.6087 -0.7861
vn 0.5741 -0.4873 -0.6580
vn -0.1028 -0.0711 -0.9922
vn 0.4984 -0.5359 -0.6815
vn 0.8475 0.3357 -0.4111
vn 0.3461 -0.6871 -0.6388
vn 0.8267 0.4054 -0.3903
vn 0.2267 -0.7216 -0.6541
vn 0.7858 0.5598 -0.2629
vn -0.6270 -0.7185 0.3009
vn -0.1717 0.5632 0.8083
vn 0.0096 0.9999 0.0120
vn 0.0426 0.9908 -0.1288
vn -0.9591 0.0705 -0.2743
vn -0.9636 0.0588 -0.2608
vn 0.9801 0.0346 0.1954
vn 0.9827 0.0448 0.1798
vn 0.0066 -0.9967 -0.0811
vn -0.0221 -0.9988 0.0447
vn 0.1420 0.8741 -0.4646
vn -0.9499 0.1005 -0.2960
vn 0.9926 0.0319 0.1171
vn -0.0889 -0.9205 0.3806
vn 0.2663 0.6214 -0.7369
vn -0.9245 0.1108 -0.3648
vn 0.9760 -0.0870 0.1998
vn -0.3050 -0.6987 0.6472
vn 0.3629 0.5317 -0.7653
vn -0.8663 -0.0419 -0.4977
vn 0.8721 -0.0699 0.4843
vn -0.4338 -0.6066 0.6662
vn 0.4012 0.5781 -0.7105
vn -0.7653 -0.1834 -0.6170
vn 0.8076 0.1104 0.5793
vn -0.4044 -0.6560 0.6372
vn 0.4827 0.5260 -0.7003
vn -0.7273 -0.1754 -0.6635
vn 0.7990 0.1471 0.5831
vn -0.4133 -0.5889 0.6945
vn 0.5772 0.4460 -0.6840
vn -0.7223 -0.1028 -0.6839
vn 0.7622 0.0436 0.6459
vn -0.5396 -0.5137 0.6671
vn 0.6171 0.4812 -0.6225
vn -0.6289 -0.1358 -0.7656
vn 0.6285 0.0427 0.7766
vn -0.6396 -0.5560 0.5308
vn 0.5711 0.6206 -0.5373
vn -0.4664 -0.2828 -0.8381
vn 0.4582 0.1607 0.8742
vn -0.5672 -0.6971 0.4384
vn 0.4805 0.7186 -0.5026
vn -0.3335 -0.3746 -0.8651
vn 0.3830 0.3081 0.8709
vn -0.4301 -0.7758 0.4617
vn 0.4593 0.7527 -0.4716
vn -0.2918 -0.3799 -0.8778
vn 0.3597 0.3290 0.8732
vn -0.3857 -0.7939 0.4700
vn 0.4768 0.8217 -0.3121
vn -0.1723 -0.2401 -0.9553
vn 0.2196 0.1928 0.9564
vn -0.4282 -0.8665 0.2567
vn 0.5110 0.8565 -0.0721
vn 0.0511 -0.0613 -0.9968
vn 0.0062 0.0608 0.9981
vn -0.4652 -0.8851 0.0124
vn 0.4835 0.8722 0.0734
vn 0.1761 -0.0291 -0.9839
vn -0.1436 -0.0505 0.9883
vn -0.4219 -0.9020 -0.0918
vn 0.3426 0.9386 0.0414
vn 0.2181 -0.0720 -0.9733
vn -0.1803 -0.0390 0.9828
vn -0.2699 -0.9617 -0.0485
vn 0.1858 0.9821 -0.0314
vn 0.2512 -0.1027 -0.9625
vn -0.1930 0.0295 0.9808
vn -0.1158 -0.9926 0.0355
vn 0.1097 0.9896 -0.0935
vn 0.2769 -0.1240 -0.9529
vn -0.2120 0.1027 0.9719
vn -0.0414 -0.9939 0.1022
vn 0.1127 0.9843 -0.1361
vn 0.2968 -0.1572 -0.9419
vn -0.2326 0.1649 0.9585
vn -0.0487 -0.9871 0.1527
vn 0.1591 0.9717 -0.1743
vn 0.3212 -0.1953 -0.9267
vn -0.2576 0.2113 0.9429
vn -0.0903 -0.9810 0.1715
vn 0.2057 0.9646 -0.1648
vn 0.3978 -0.1901 -0.8976
vn -0.3411 0.2121 0.9158
vn -0.1270 -0.9833 0.1304
vn 0.2325 0.9722 -0.0259
vn 0.5126 -0.0942 -0.8534
vn -0.4595 0.1440 0.8764
vn -0.1721 -0.9850 0.0114
vn 0.2870 0.9458 0.1518
vn 0.6094 0.0012 -0.7929
vn -0.5635 0.0572 0.8241
vn -0.2325 -0.9586 -0.1646
vn 0.3401 0.9003 0.2718
vn 0.6740 0.0064 -0.7387
vn -0.6414 0.0190 0.7670
vn -0.3031 -0.9117 -0.2772
vn 0.3480 0.8803 0.3223
vn 0.7002 0.0102 -0.7138
vn -0.6623 0.0367 0.7484
vn -0.3458 -0.8911 -0.2938
vn 0.9893 0.0223 -0.1444
vn 0.9580 -0.0210 -0.2860
vn 0.9586 -0.0104 -0.2845
vn 0.9945 0.0106 -0.1045
vn 0.8974 -0.0920 -0.4315
vn 0.8985 -0.1144 -0.4238
vn 0.9693 -0.1323 -0.2073
vn 0.9565 -0.1439 -0.2538
vn 0.9364 -0.1110 0.3329
vn 0.9358 0.0139 0.3522
vn 0.9680 0.0256 0.2496
vn 0.9483 0.0335 0.3158
vn 0.9774 -0.1897 -0.0930
vn 0.9774 -0.1897 -0.0931
vn 0.9534 0.2651 0.1439
vn 0.9891 0.0679 -0.1309
vn 0.9885 0.0823 -0.1265
vn 0.8884 0.3432 0.3049
vn 0.8195 0.1662 0.5484
vn 0.9017 0.1089 0.4184
vn 0.9828 0.0217 -0.1836
vn 0.9648 0.0266 -0.2616
vn 0.9295 -0.0310 -0.3676
vn 0.9217 -0.0009 -0.3880
vn 0.9732 0.1891 0.1310
vn 0.9798 0.1724 0.1012
vn 0.9700 0.1629 -0.1806
vn 0.9665 0.1500 -0.2082
vn 0.9312 0.0135 -0.3642
vn 0.9246 0.0194 -0.3805
vn 0.9825 -0.1463 -0.1154
vn 0.9692 -0.1156 -0.2174
vn 0.7387 0.3616 0.5688
vn 0.7881 0.3393 0.5136
vn 0.9666 0.1477 0.2093
vn 0.9639 0.1569 0.2152
vn 0.9900 0.1111 0.0871
vn 0.9777 0.0303 -0.2077
vn 0.9680 -0.2157 0.1285
vn 0.9682 -0.2143 0.1289
vn 0.8182 0.2893 0.4969
vn 0.8676 0.2479 0.4310
vn 0.9342 -0.2762 0.2259
vn 0.9298 -0.2304 0.2872
vn 0.9959 -0.0874 0.0251
vn 0.9922 -0.1222 0.0227
vn 0.7979 -0.5499 -0.2469
vn 0.9976 -0.0371 -0.0590
vn 0.9970 -0.0547 -0.0543
vn 0.9407 0.1694 0.2940
vn 0.8919 0.1917 0.4096
vn 0.9237 0.3031 0.2343
vn 0.9225 0.3022 0.2401
vn 0.9775 0.0483 -0.2055
vn 0.9927 0.0796 -0.0907
vn 0.6761 0.4291 0.5990
vn 0.6533 0.4183 0.6311
vn 0.5241 0.3627 0.7706
vn 0.5385 0.3475 0.7677
vn 0.9706 -0.1405 0.1953
vn 0.9693 -0.1367 0.2042
vn 0.9956 -0.0234 -0.0904
vn 0.9971 -0.0176 -0.0740
vn 0.9896 -0.0790 -0.1203
vn 0.9867 -0.1076 -0.1216
vn 0.9805 -0.1445 -0.1335
vn 0.9817 -0.1186 -0.1487
vn 0.9821 -0.0935 -0.1633
vn 0.9885 -0.0752 0.1309
vn 0.9972 -0.0476 0.0585
vn 0.1236 0.2805 0.9519
vn -0.3764 0.6124 0.6952
vn -0.7086 0.2739 0.6503
vn -0.2017 -0.1822 0.9624
vn -0.8147 0.1704 0.5544
vn -0.3178 -0.3589 0.8776
vn -0.8050 0.5910 -0.0522
vn -0.8020 0.5945 -0.0584
vn -0.7103 0.7036 -0.0196
vn -0.5325 -0.0941 -0.8412
vn -0.4499 0.5669 -0.6901
vn -0.3893 0.6894 -0.6109
vn 0.1630 0.1644 -0.9728
vn 0.2791 0.3076 -0.9096
vn -0.1600 -0.3752 -0.9130
vn 0.3812 -0.4956 0.7804
vn 0.5387 0.0594 0.8404
vn 0.7831 -0.5932 0.1867
vn 0.9129 -0.1397 0.3836
vn 0.3081 -0.6697 0.6758
vn 0.7347 -0.6746 0.0711
vn -0.2567 -0.6853 -0.6815
vn 0.8081 -0.3736 -0.4555
vn 0.7711 -0.4101 -0.4870
vn 0.8961 0.2236 0.3835
vn 0.7351 -0.4128 -0.5378
vn 0.8151 0.3860 0.4320
vn -0.0506 -0.5650 -0.8235
vn 0.7403 -0.3070 -0.5982
vn 0.7154 -0.3607 -0.5985
vn 0.1580 0.6711 0.7243
vn -0.0099 0.3430 0.9393
vn -0.7833 0.2606 0.5644
vn -0.6365 0.6401 0.4304
vn -0.7982 -0.0736 -0.5978
vn -0.8473 -0.2664 -0.4594
vn 0.2742 0.9607 0.0427
vn -0.8155 -0.0071 -0.5787
vn -0.0225 0.1219 0.9923
vn 0.4660 0.5797 0.6684
vn 0.3035 0.6639 0.6835
vn 0.4367 0.5777 0.6897
vn -0.9221 0.0587 -0.3826
vn -0.4440 -0.6102 -0.6562
vn -0.4400 -0.5280 -0.7264
vn -0.1251 0.8138 0.5675
vn 0.9867 0.1266 0.1016
vn -0.9427 -0.2494 -0.2217
vn -0.2461 0.9691 0.0200
vn -0.0602 -0.0339 0.9976
vn -0.0242 0.0267 -0.9994
vn 0.0503 -0.0193 -0.9985
vn 0.9645 0.2276 0.1340
vn 0.3778 0.2850 0.8809
vn 0.0549 -0.2592 -0.9643
vn 0.7166 -0.0540 -0.6954
vn -0.3516 -0.2116 -0.9119
vn 0.1721 0.2805 0.9443
vn 0.4866 -0.1810 0.8547
vn 0.8725 0.2765 0.4029
vn 0.5687 0.6140 0.5473
vn 0.5718 -0.3574 0.7384
vn 0.9445 0.1733 0.2792
vn 0.7439 0.5971 -0.3003
vn 0.7487 0.5936 -0.2952
vn 0.6681 0.7059 -0.2352
vn 0.2157 0.5681 -0.7942
vn 0.2504 -0.0928 -0.9637
vn 0.1818 0.6904 -0.7002
vn -0.5446 0.3062 -0.7808
vn -0.4528 0.1634 -0.8765
vn -0.1253 -0.3752 -0.9185
vn -0.2565 0.0581 0.9648
vn -0.1230 -0.4965 0.8593
vn -0.7517 -0.1425 0.6440
vn -0.6867 -0.5957 0.4167
vn -0.6757 -0.6770 0.2917
vn -0.0848 -0.6703 0.7372
vn -0.8817 -0.4129 -0.2285
vn -0.9073 -0.3765 -0.1871
vn 0.0386 -0.6848 -0.7277
vn -0.7368 0.2208 0.6390
vn -0.6455 0.3835 0.6605
vn -0.8628 -0.4155 -0.2878
vn -0.2015 -0.5653 -0.7999
vn -0.8628 -0.3633 -0.3516
vn -0.8866 -0.3097 -0.3436
vn 0.0686 0.6709 0.7383
vn 0.7354 0.6424 0.2158
vn 0.9174 0.2634 0.2984
vn 0.2952 0.3435 0.8915
vn 0.6674 -0.2639 -0.6964
vn 0.5777 -0.0713 -0.8131
vn 0.5999 -0.0047 -0.8001
vn -0.2509 0.9599 0.1248
vn 0.3240 0.1225 0.9381
vn -0.2416 0.5786 0.7791
vn -0.0824 0.6632 0.7439
vn -0.2071 0.5766 0.7904
vn 0.2244 -0.6090 -0.7607
vn 0.7610 0.0615 -0.6459
vn 0.1988 -0.5270 -0.8263
vn 0.2898 0.8145 0.5026
vn -0.9090 0.1234 0.3982
vn 0.3620 -0.0332 0.9316
vn 0.2368 0.9700 -0.0552
vn 0.8307 -0.2465 -0.4991
vn -0.2822 0.0263 -0.9590
vn -0.3528 -0.0199 -0.9355
vn -0.0916 0.2842 0.9544
vn -0.8782 0.2245 0.4223
vn -0.8945 -0.0567 -0.4434
vn -0.3459 -0.2599 -0.9016
vn 0.0570 -0.2109 -0.9758
vn 0.9872 -0.1043 -0.1209
vn 0.9417 -0.3338 -0.0412
vn 0.7869 -0.6129 0.0713
vn 0.3748 -0.8991 0.2261
vn -0.2848 -0.9002 0.3293
vn -0.7256 -0.6154 0.3079
vn -0.9082 -0.3369 0.2482
vn -0.9766 -0.1076 0.1863
vn 0.8854 -0.4611 0.0597
vn 0.8446 -0.4503 0.2897
vn 0.4296 -0.8026 0.4138
vn 0.5562 -0.8310 -0.0040
vn -0.1390 -0.9814 -0.1328
vn -0.3060 -0.8848 0.3513
vn -0.8048 -0.5707 0.1629
vn -0.7226 -0.6685 -0.1762
vn -0.9245 -0.3506 -0.1499
vn -0.9518 -0.3043 0.0394
vn -0.9910 -0.1285 -0.0387
vn -0.9810 -0.1460 -0.1275
vn 0.9723 -0.2169 0.0875
vn 0.9603 -0.2079 0.1862
vn -0.9935 0.0301 -0.1095
vn 0.9935 -0.0301 0.1095
vn 0.9526 -0.1476 0.2661
vn 0.8197 -0.3116 0.4806
vn 0.3607 -0.5404 0.7602
vn -0.3900 -0.5614 0.7299
vn -0.8432 -0.3478 0.4100
vn -0.9665 -0.1829 0.1800
vn -0.9970 -0.0723 0.0290
vn -0.8395 -0.0444 0.5416
vn -0.9677 -0.0125 0.2516
vn -0.9980 0.0089 0.0622
vn 0.9519 -0.0538 0.3018
vn 0.8216 -0.0889 0.5631
vn 0.3760 -0.1300 0.9174
vn -0.3704 -0.0989 0.9236
vn 0.9582 0.0442 0.2827
vn 0.8484 0.1393 0.5108
vn 0.4686 0.2910 0.8341
vn -0.2519 0.4011 0.8807
vn -0.7903 0.3034 0.5324
vn -0.9544 0.1792 0.2389
vn -0.9938 0.0983 0.0528
vn -0.9258 0.3543 0.1320
vn -0.9846 0.1750 -0.0003
vn 0.9691 0.1170 0.2173
vn 0.8873 0.2976 0.3523
vn 0.6006 0.5822 0.5480
vn -0.0654 0.8039 0.5911
vn -0.6911 0.6320 0.3508
vn 0.9810 0.1460 0.1275
vn 0.9245 0.3506 0.1499
vn 0.7226 0.6685 0.1762
vn 0.1390 0.9814 0.1328
vn -0.5562 0.8310 0.0040
vn -0.8854 0.4610 -0.0597
vn -0.9723 0.2169 -0.0875
vn -0.9603 0.2079 -0.1862
vn 0.9910 0.1285 0.0387
vn 0.9518 0.3043 -0.0394
vn 0.8048 0.5707 -0.1629
vn 0.3060 0.8848 -0.3513
vn -0.4297 0.8026 -0.4138
vn -0.8446 0.4503 -0.2897
vn 0.9665 0.1829 -0.1800
vn 0.8432 0.3478 -0.4100
vn 0.3900 0.5614 -0.7299
vn -0.3607 0.5404 -0.7602
vn -0.8197 0.3116 -0.4806
vn -0.9526 0.1476 -0.2661
vn 0.9970 0.0723 -0.0290
vn 0.9980 -0.0089 -0.0622
vn 0.9678 0.0125 -0.2516
vn 0.8395 0.0444 -0.5416
vn 0.3704 0.0988 -0.9236
vn -0.3760 0.1300 -0.9174
vn -0.8216 0.0889 -0.5631
vn -0.9519 0.0538 -0.3017
vn 0.7902 -0.3034 -0.5324
vn 0.2519 -0.4011 -0.8807
vn -0.4686 -0.2910 -0.8341
vn -0.8483 -0.1393 -0.5108
vn -0.9582 -0.0442 -0.2827
vn 0.9938 -0.0983 -0.0528
vn 0.9544 -0.1792 -0.2389
vn 0.9846 -0.1750 0.0003
vn 0.9258 -0.3543 -0.1320
vn 0.6910 -0.6320 -0.3508
vn 0.0654 -0.8039 -0.5911
vn -0.6006 -0.5822 -0.5480
vn -0.8873 -0.2976 -0.3523
vn -0.9691 -0.1169 -0.2172
vn -0.8233 -0.4639 0.3270
vn -0.5281 -0.8329 0.1656
vn -0.2801 -0.8038 0.5248
vn -0.7143 -0.4529 0.5335
vn 0.0950 -0.9810 -0.1694
vn 0.6364 -0.6662 -0.3888
vn 0.8180 -0.5680 -0.0910
vn 0.4016 -0.8836 0.2406
vn 0.8357 -0.3476 -0.4252
vn 0.8957 -0.1429 -0.4211
vn 0.9322 -0.1253 -0.3396
vn 0.9193 -0.3012 -0.2533
vn -0.8984 -0.2200 0.3802
vn -0.8568 -0.2110 0.4704
vn 0.9125 0.0333 -0.4077
vn -0.9125 -0.0333 0.4077
vn -0.6328 -0.3140 0.7078
vn -0.8253 -0.1506 0.5442
vn 0.5961 -0.5597 0.5756
vn -0.1095 -0.5412 0.8337
vn 0.9759 -0.1796 -0.1238
vn 0.9292 -0.3448 0.1327
vn 0.9584 -0.0690 -0.2769
vn 0.9984 -0.0091 -0.0560
vn 0.9649 -0.0414 0.2593
vn 0.9693 0.0122 -0.2456
vn -0.8140 -0.0568 0.5780
vn -0.0774 -0.1308 0.9884
vn -0.6101 -0.0913 0.7871
vn 0.6351 -0.0972 0.7663
vn -0.8262 0.0412 0.5619
vn -0.1925 0.2899 0.9375
vn -0.6523 0.1367 0.7456
vn 0.9141 0.3063 0.2658
vn 0.5075 0.4024 0.7619
vn 0.9621 0.1015 -0.2532
vn 0.9811 0.1825 -0.0639
vn 0.9368 0.1782 -0.3009
vn 0.9207 0.3574 -0.1569
vn -0.7383 0.2949 0.6066
vn -0.8568 0.1139 0.5029
vn 0.2402 0.8044 0.5433
vn -0.4065 0.5805 0.7055
vn 0.7631 0.6344 0.1233
vn -0.8357 0.3476 0.4252
vn -0.8957 0.1429 0.4211
vn -0.0950 0.9810 0.1694
vn -0.6365 0.6662 0.3888
vn 0.8233 0.4639 -0.3270
vn 0.5281 0.8329 -0.1656
vn 0.8984 0.2200 -0.3802
vn 0.8568 0.2110 -0.4704
vn -0.9322 0.1253 0.3396
vn -0.8180 0.5679 0.0910
vn -0.9193 0.3012 0.2533
vn 0.2801 0.8038 -0.5248
vn -0.4016 0.8836 -0.2406
vn 0.7143 0.4529 -0.5335
vn -0.9292 0.3448 -0.1327
vn -0.9759 0.1796 0.1238
vn 0.1095 0.5412 -0.8337
vn -0.5961 0.5597 -0.5756
vn 0.8253 0.1506 -0.5442
vn 0.6328 0.3140 -0.7078
vn -0.9584 0.0690 0.2769
vn -0.9984 0.0091 0.0560
vn -0.9693 -0.0122 0.2456
vn -0.6351 0.0971 -0.7663
vn -0.9649 0.0414 -0.2593
vn 0.6101 0.0913 -0.7870
vn 0.0774 0.1308 -0.9884
vn 0.8140 0.0568 -0.5780
vn -0.5075 -0.4024 -0.7619
vn -0.9141 -0.3063 -0.2658
vn 0.6523 -0.1367 -0.7456
vn 0.1925 -0.2899 -0.9375
vn 0.8262 -0.0412 -0.5619
vn -0.9621 -0.1015 0.2532
vn -0.9811 -0.1825 0.0639
vn -0.9368 -0.1782 0.3009
vn -0.7631 -0.6344 -0.1233
vn -0.9207 -0.3574 0.1569
vn 0.4065 -0.5805 -0.7055
vn -0.2402 -0.8044 -0.5433
vn 0.8568 -0.1139 -0.5029
vn 0.7383 -0.2949 -0.6066
vn 0.4925 0.4233 0.7604
vn -0.4939 0.8635 0.1025
vn -0.4630 0.8331 0.3027
vn -0.0013 0.5374 0.8433
vn -0.9337 0.1152 0.3390
vn -0.7059 -0.0408 0.7072
vn -0.6853 0.7124 -0.1512
vn -0.9992 -0.0190 -0.0350
vn -0.6466 0.7049 -0.2916
vn -0.6765 0.6420 -0.3607
vn -0.7199 0.6135 -0.3245
vn -0.9533 -0.0802 -0.2912
vn -0.7107 -0.0556 -0.7013
vn -0.8958 0.0104 -0.4444
vn -0.3951 0.1282 -0.9096
vn -0.5589 0.7909 -0.2494
vn -0.6006 0.6971 -0.3916
vn 0.0459 0.1415 -0.9889
vn 0.5508 0.5333 -0.6421
vn 0.5342 0.5587 0.6344
vn -0.4281 0.9036 0.0128
vn 0.6658 0.5859 0.4619
vn 0.6513 0.4795 0.5881
vn -0.4699 -0.5658 0.6776
vn 0.5240 0.0050 0.8517
vn 0.6519 -0.1959 0.7326
vn 0.7508 -0.2034 0.6284
vn 0.7403 -0.3347 0.5831
vn 0.1738 -0.8732 0.4553
vn 0.7542 -0.6554 0.0406
vn 0.0938 -0.6442 -0.7591
vn 0.5833 -0.7961 -0.1616
vn 0.6578 -0.7521 -0.0413
vn -0.4560 -0.6013 -0.6561
vn -0.2199 -0.9215 -0.3201
vn -0.0517 -0.9971 0.0563
vn 0.7492 -0.6057 0.2682
vn 0.7679 -0.5480 0.3318
vn 0.8250 -0.2065 0.5260
vn 0.6749 -0.2616 0.6900
vn -0.0315 -0.9812 0.1902
vn 0.1860 -0.9599 0.2098
vn 0.3442 -0.9386 -0.0218
vn 0.5297 -0.8355 -0.1459
vn 0.4611 -0.3103 0.8313
vn 0.5941 -0.6002 0.5355
vn 0.6632 -0.7480 0.0250
vn 0.7523 -0.6526 0.0906
vn 0.6260 -0.7696 0.1257
vn 0.7677 -0.6310 0.1118
vn 0.7409 -0.6105 0.2800
vn 0.7073 -0.6807 0.1906
vn -0.2674 -0.3562 -0.8953
vn -0.6314 -0.5382 -0.5583
vn 0.4964 -0.7268 -0.4746
vn 0.5021 -0.7612 -0.4105
vn 0.5476 -0.6534 -0.5227
vn 0.3178 -0.8297 -0.4589
vn 0.7839 -0.6185 0.0547
vn 0.7619 -0.6463 0.0415
vn 0.7455 -0.6657 0.0321
vn 0.6774 -0.7353 -0.0227
vn 0.6577 -0.7523 -0.0393
vn 0.5165 -0.8440 -0.1447
vn -0.2381 0.4220 0.8747
vn 0.2570 0.5379 0.8029
vn 0.5305 0.8348 0.1472
vn 0.4987 0.8651 -0.0528
vn 0.8882 -0.0381 0.4578
vn 0.9922 0.1184 0.0377
vn 0.9408 -0.0157 -0.3385
vn 0.6040 0.7146 -0.3529
vn 0.5243 0.7069 -0.4747
vn 0.5844 0.6157 -0.5285
vn 0.5320 0.6441 -0.5497
vn 0.8191 -0.0772 -0.5685
vn 0.7172 0.0132 -0.6967
vn 0.4628 -0.0536 -0.8849
vn 0.0980 0.1290 -0.9868
vn 0.4500 0.6989 -0.5559
vn 0.4534 0.7926 -0.4077
vn -0.3461 0.1408 -0.9275
vn -0.7223 0.5311 -0.4430
vn 0.4086 0.9050 -0.1181
vn -0.3168 0.5572 0.7675
vn -0.4949 0.5840 0.6434
vn -0.4421 0.4777 0.7592
vn -0.2389 0.0037 0.9710
vn 0.6562 -0.5639 0.5014
vn -0.3963 -0.1977 0.8966
vn -0.5257 -0.3368 0.7812
vn -0.5223 -0.2056 0.8276
vn -0.0236 -0.8736 0.4861
vn -0.7036 -0.6579 0.2687
vn -0.6365 -0.7543 0.1612
vn -0.6021 -0.7981 0.0239
vn -0.3190 -0.6449 -0.6945
vn 0.1147 -0.9209 -0.3725
vn 0.2358 -0.6002 -0.7643
vn -0.6295 -0.6080 0.4839
vn 0.0697 -0.9969 0.0373
vn -0.6281 -0.5503 0.5502
vn -0.4311 -0.2635 0.8630
vn -0.6242 -0.2090 0.7528
vn 0.0913 -0.9810 0.1710
vn -0.3313 -0.9398 0.0838
vn -0.1098 -0.9604 0.2561
vn -0.5462 -0.8373 0.0225
vn -0.4002 -0.6019 0.6911
vn -0.1842 -0.3114 0.9323
vn -0.6215 -0.7501 0.2259
vn -0.6865 -0.6550 0.3157
vn -0.6948 -0.6334 0.3406
vn -0.5551 -0.7716 0.3105
vn -0.6180 -0.6128 0.4925
vn -0.6130 -0.6830 0.3972
vn 0.4325 -0.5364 -0.7247
vn -0.0176 -0.3558 -0.9344
vn -0.6153 -0.7287 -0.3007
vn -0.6789 -0.6555 -0.3308
vn -0.6010 -0.7631 -0.2379
vn -0.4400 -0.8310 -0.3403
vn -0.7277 -0.6210 0.2912
vn -0.6979 -0.6682 0.2579
vn -0.7107 -0.6488 0.2719
vn -0.6358 -0.7544 0.1631
vn -0.6495 -0.7375 0.1849
vn -0.5333 -0.8457 0.0195
vn -0.0805 0.8721 0.4826
vn 0.3220 0.9330 -0.1607
vn 0.3733 0.9234 0.0893
vn 0.3358 0.8552 0.3948
vn 0.3218 0.8628 0.3899
vn 0.3901 0.7847 0.4818
vn 0.2178 0.8945 -0.3905
vn 0.1465 0.9877 -0.0552
vn 0.2387 0.8108 -0.5344
vn 0.0270 0.9993 0.0267
vn 0.2621 0.9441 0.2002
vn 0.3803 0.9056 0.1878
vn 0.3861 0.9200 -0.0672
vn 0.3780 0.9245 -0.0492
vn 0.2284 0.9672 -0.1108
vn 0.6229 0.5750 -0.5304
vn 0.6248 0.6254 -0.4674
vn 0.3843 0.9190 -0.0885
vn 0.5186 0.7403 -0.4279
vn 0.4705 0.8378 -0.2770
vn 0.2676 0.9620 0.0551
vn 0.1829 0.9712 0.1527
vn 0.2854 0.9573 0.0449
vn 0.1495 0.9772 0.1511
vn 0.4196 0.9071 -0.0339
vn 0.3995 0.9146 0.0633
vn 0.1438 0.9171 -0.3719
vn 0.2013 0.9043 -0.3764
vn 0.1286 0.9263 -0.3541
vn 0.1940 0.9784 -0.0710
vn 0.2759 0.9405 -0.1984
vn 0.1243 0.9921 -0.0156
vn 0.0102 0.9914 -0.1304
vn 0.0481 0.9974 0.0527
vn 0.0990 0.9916 -0.0826
vn 0.0718 0.9668 0.2453
vn 0.2245 0.9432 0.2451
vn 0.0154 0.9661 0.2578
vn -0.0230 0.9726 0.2312
vn 0.2905 0.9513 0.1036
vn 0.3321 0.9403 -0.0750
vn 0.0453 0.9975 0.0537
vn 0.0020 0.9914 0.1308
vn 0.3213 0.8832 0.3415
vn 0.2033 0.9046 0.3746
vn 0.3432 0.8890 0.3032
vn 0.2552 0.9400 0.2265
vn 0.3788 0.9233 -0.0641
vn 0.4091 0.8947 0.1794
vn 0.5543 0.8098 -0.1926
vn 0.5646 0.7895 -0.2407
vn 0.5001 0.6323 -0.5916
vn 0.5727 0.6263 -0.5289
vn 0.5352 0.6428 -0.5481
vn 0.4127 0.8061 -0.4241
vn 0.5171 0.8483 -0.1142
vn 0.4295 0.9024 0.0356
vn 0.3269 0.9398 0.0995
vn 0.2704 0.9621 -0.0343
vn 0.4486 0.8930 -0.0358
vn 0.3251 0.9443 -0.0517
vn 0.5696 0.7969 -0.2010
vn 0.5581 0.8095 -0.1824
vn 0.2050 0.7640 0.6119
vn -0.2013 0.7448 0.6362
vn -0.3863 0.7342 0.5584
vn -0.4059 0.7821 0.4728
vn 0.3106 0.8986 -0.3099
vn 0.3542 0.8901 -0.2869
vn 0.2966 0.8257 -0.4799
vn 0.0523 0.5399 -0.8401
vn -0.3597 0.5289 -0.7687
vn -0.2301 0.8758 -0.4242
vn -0.8604 0.3628 -0.3578
vn -0.8208 0.4794 -0.3106
vn -0.4279 0.0930 -0.8990
vn -0.8698 0.4410 -0.2213
vn -0.0203 -0.0776 -0.9968
vn -0.7757 -0.5701 -0.2706
vn -0.8622 -0.4815 0.1573
vn -0.9764 -0.2028 0.0746
vn -0.8755 -0.3610 -0.3213
vn -0.9541 0.2995 0.0048
vn -0.8274 0.2882 -0.4821
vn -0.7522 -0.0350 0.6580
vn -0.6420 0.6600 -0.3900
vn -0.6964 -0.2216 0.6826
vn -0.0937 -0.9313 -0.3521
vn -0.1172 -0.9277 -0.3545
vn -0.5353 -0.8307 0.1529
vn -0.2151 -0.9046 -0.3679
vn -0.8316 -0.5528 -0.0537
vn -0.5015 -0.8278 -0.2515
vn -0.1898 -0.7870 0.5870
vn -0.8145 -0.2382 0.5291
vn 0.0880 -0.9187 0.3850
vn -0.0452 -0.4490 -0.8924
vn 0.1174 -0.8622 -0.4927
vn -0.0957 -0.8418 -0.5312
vn -0.1421 -0.6825 -0.7169
vn -0.4184 -0.8549 -0.3068
vn -0.2221 -0.8413 -0.4929
vn -0.6642 0.6033 -0.4415
vn -0.5263 0.6821 -0.5077
vn -0.4570 0.6867 -0.5653
vn -0.4278 0.7275 -0.5365
vn -0.5814 0.6873 -0.4355
vn -0.4700 0.7046 -0.5315
vn -0.5717 -0.2289 0.7879
vn -0.4631 -0.2547 0.8489
vn -0.4389 -0.1629 0.8836
vn -0.5768 0.0762 0.8134
vn -0.3013 -0.3316 0.8940
vn -0.4865 -0.2576 0.8349
vn -0.6447 -0.7088 0.2863
vn -0.8308 -0.2772 0.4827
vn -0.5763 -0.5960 -0.5592
vn -0.8744 -0.3963 -0.2799
vn -0.4756 -0.8580 0.1941
vn -0.5031 -0.7189 -0.4796
vn 0.9231 0.3764 -0.0793
vn 0.9746 -0.2234 -0.0164
vn 0.4999 -0.4293 -0.7522
vn 0.3709 0.1714 -0.9127
vn -0.5260 0.1313 -0.8403
vn -0.0868 -0.3089 -0.9471
vn -0.5567 -0.0106 -0.8307
vn -0.9775 0.1085 -0.1807
vn 0.0595 -0.7510 -0.6576
vn -0.3109 -0.5614 -0.7669
vn 0.4465 -0.8896 0.0959
vn 0.2101 -0.8497 -0.4835
vn -0.8751 0.3674 0.3151
vn -0.8990 0.3381 0.2783
vn -0.2104 0.7944 0.5698
vn -0.3653 0.8771 0.3118
vn -0.1693 0.9840 0.0554
vn -0.2387 0.7745 0.5859
vn -0.8758 0.4715 0.1035
vn -0.9132 0.3937 0.1054
vn -0.5659 0.8131 -0.1363
vn -0.5199 0.8343 -0.1835
vn -0.9414 0.0498 0.3337
vn -0.9053 -0.0943 0.4142
vn -0.9502 -0.0510 0.3075
vn -0.9702 0.1405 0.1973
vn -0.9955 0.0491 0.0808
vn -0.9876 -0.0576 0.1461
vn 0.1995 -0.2931 -0.9351
vn -0.3160 -0.1406 -0.9383
vn -0.7143 -0.0775 -0.6955
vn -0.2618 -0.3473 -0.9005
vn -0.5988 -0.3026 -0.7416
vn 0.0845 -0.3880 -0.9178
vn -0.8316 -0.5553 -0.0141
vn -0.7683 -0.4328 -0.4717
vn -0.2107 -0.6191 -0.7565
vn -0.6210 -0.7656 0.1678
vn -0.8078 -0.0199 0.5892
vn -0.3505 -0.4573 -0.8173
vn 0.0248 0.0468 0.9986
vn 0.3812 0.8586 0.3427
vn -0.1083 0.3598 0.9267
vn -0.9654 0.0676 0.2517
vn -0.3661 0.4421 0.8189
vn -0.1528 0.2956 0.9430
vn -0.8370 -0.2248 0.4990
vn -0.8337 -0.0206 0.5518
vn -0.9557 -0.2562 -0.1453
vn -0.8576 -0.4421 -0.2627
vn -0.5530 -0.3883 -0.7371
vn -0.8944 0.2882 0.3422
vn -0.8242 0.3218 0.4660
vn -0.7166 0.3557 0.5999
vn -0.8903 0.0717 0.4497
vn -0.9182 -0.0353 0.3945
vn -0.7303 0.1450 0.6676
vn -0.8097 0.2298 0.5400
vn -0.8500 0.2695 0.4526
vn -0.9561 -0.2863 -0.0618
vn -0.9663 -0.2409 0.0904
vn -0.8865 -0.0087 0.4626
vn -0.9225 -0.0303 0.3848
vn -0.7641 -0.0833 0.6396
vn -0.7427 -0.1226 0.6583
vn -0.7631 -0.2195 0.6079
vn -0.6076 -0.2588 0.7509
vn -0.7566 -0.2510 0.6037
vn -0.8159 -0.1691 0.5529
vn -0.9210 -0.3830 -0.0711
vn -0.9021 -0.4185 -0.1053
vn -0.6801 -0.0167 -0.7329
vn -0.6559 -0.1242 -0.7445
vn -0.8848 -0.1977 -0.4220
vn -0.8943 -0.1044 -0.4352
vn -0.7774 -0.2898 0.5582
vn -0.9283 -0.3668 0.0604
vn -0.8776 -0.3433 -0.3346
vn -0.7309 -0.5764 -0.3654
vn -0.6748 -0.3820 0.6315
vn -0.7606 -0.3036 0.5738
vn -0.6667 -0.2641 -0.6970
vn -0.5719 -0.5018 -0.6490
vn 0.3028 0.9086 -0.2878
vn -0.5482 0.1658 -0.8197
vn -0.9569 0.2663 -0.1160
vn -0.9168 -0.0352 -0.3978
vn -0.6625 0.6897 0.2921
vn -0.9668 0.2337 -0.1031
vn -0.9304 0.3391 0.1390
vn -0.8021 0.2720 0.5317
vn -0.4742 0.6177 0.6274
vn -0.4865 0.7116 0.5069
vn -0.9290 0.2094 -0.3051
vn -0.9688 0.0108 0.2475
vn -0.5659 0.5254 0.6354
vn -0.6320 0.2138 0.7449
vn -0.7188 -0.1993 0.6660
vn -0.8851 -0.1001 0.4546
vn -0.5345 -0.3299 0.7781
vn -0.0701 0.3599 0.9303
vn -0.7245 -0.4586 -0.5146
vn -0.5553 0.3929 -0.7330
vn -0.6849 0.7245 -0.0781
vn -0.6321 0.5907 0.5016
vn -0.5788 0.4711 0.6657
vn -0.0792 0.7884 0.6101
vn 0.6165 0.7393 0.2710
vn -0.5170 0.1607 0.8408
vn 0.4844 0.6140 0.6232
vn 0.6664 0.7419 0.0747
vn -0.4272 0.5977 -0.6785
vn 0.6401 0.6142 0.4615
vn 0.5163 0.8390 -0.1720
vn -0.0102 0.6909 0.7229
vn 0.6479 0.1265 0.7512
vn -0.3361 0.7491 0.5709
vn -0.9571 0.1923 -0.2166
vn -0.7837 0.5487 0.2913
vn -0.8545 -0.1547 -0.4959
vn -0.8888 0.4230 0.1765
vn 0.9176 0.0611 0.3927
vn 0.4549 0.6268 0.6326
vn 0.6692 -0.3689 0.6450
vn -0.8117 -0.5679 -0.1361
vn -0.7609 -0.1259 0.6366
vn -0.6772 0.3178 0.6636
vn 0.5437 -0.6264 -0.5585
vn -0.3095 -0.8806 -0.3589
vn 0.9221 0.3762 0.0901
vn 0.9566 -0.1419 -0.2544
vn 0.9784 -0.0208 -0.2056
vn -0.3918 -0.6616 0.6394
vn 0.1148 -0.8033 0.5844
vn -0.4696 -0.5876 -0.6589
vn -0.4639 -0.5250 -0.7135
vn -0.7044 -0.2573 -0.6616
vn -0.8548 -0.1173 -0.5055
vn -0.5344 -0.2822 -0.7967
vn -0.7930 -0.0665 0.6055
vn -0.9550 0.2662 0.1307
vn -0.9061 0.3143 0.2832
vn -0.7971 -0.5333 -0.2831
vn -0.8533 -0.5075 -0.1197
vn -0.9920 0.0004 -0.1264
vn -0.9626 -0.1929 0.1900
vn -0.9419 -0.0636 0.3298
vn -0.9428 -0.1355 0.3047
vn -0.1380 0.8184 0.5578
vn 0.3948 0.7466 0.5355
vn 0.6596 0.4287 0.6173
vn 0.5107 0.7391 0.4393
vn 0.9610 0.1403 0.2383
vn 0.1788 0.8944 0.4099
vn 0.6583 -0.4120 0.6300
vn 0.1127 -0.9695 0.2177
vn 0.6914 -0.7062 0.1524
vn 0.0268 -0.9885 0.1491
vn -0.2590 -0.9588 -0.1169
vn -0.3581 -0.9187 -0.1666
vn -0.5881 -0.7822 -0.2059
vn -0.7003 -0.6655 0.2582
vn -0.8395 -0.4312 0.3306
vn -0.5180 -0.8423 0.1490
vn -0.9517 -0.3070 0.0005
vn -0.7026 0.5333 0.4710
vn -0.9107 0.2217 0.3487
vn -0.3298 0.8741 0.3566
vn 0.6327 0.7597 0.1501
vn 0.9326 0.3605 -0.0153
vn 0.8655 -0.4946 0.0794
vn 0.3329 -0.8986 0.2857
vn -0.2678 -0.9320 0.2442
vn -0.7601 -0.6257 0.1754
vn -0.9166 -0.2713 0.2936
vn -0.8597 -0.0093 0.5107
vn -0.5359 0.6798 0.5006
vn 0.1711 0.9326 0.3178
vn -0.7506 0.4250 -0.5059
vn -0.3607 0.8193 -0.4457
vn -0.0635 0.8383 -0.5415
vn -0.0101 -0.6557 0.7549
vn -0.4716 -0.7879 -0.3960
vn -0.2520 -0.9239 0.2879
vn -0.2540 -0.6700 0.6976
vn 0.1734 -0.8859 0.4303
vn 0.1238 -0.2813 0.9516
vn -0.5854 -0.6656 -0.4629
vn -0.7831 -0.3493 -0.5146
vn 0.1251 -0.7822 -0.6104
vn -0.4187 -0.6832 -0.5982
vn -0.3435 -0.5981 -0.7240
vn 0.1494 -0.6210 -0.7695
vn -0.7304 -0.4379 -0.5241
vn 0.9527 0.0164 0.3034
vn 0.6858 -0.6136 -0.3913
vn 0.6343 -0.4802 -0.6059
vn 0.8322 -0.3067 -0.4619
vn -0.9537 -0.1477 -0.2619
vn -0.7648 0.5492 0.3368
vn -0.4928 0.5761 0.6521
vn -0.9968 -0.0650 -0.0471
vn -0.8576 -0.0593 0.5110
vn -0.1084 0.4961 0.8615
vn 0.9506 -0.0832 0.2992
vn 0.9014 -0.2379 0.3618
vn 0.6397 -0.7256 -0.2535
vn 0.6826 -0.6943 -0.2281
vn -0.0105 -0.7831 -0.6218
vn 0.0728 -0.8283 -0.5556
vn 0.7221 -0.1155 0.6821
vn 0.7032 -0.6320 0.3258
vn -0.9441 0.2765 -0.1795
vn -0.8266 -0.4136 -0.3817
vn -0.5556 -0.8299 -0.0511
vn -0.6616 -0.7428 0.1022
vn -0.2697 0.4132 -0.8698
vn 0.2581 0.1992 0.9454
vn 0.6313 0.1615 0.7586
vn 0.6910 0.3226 0.6469
vn 0.5404 -0.4593 0.7050
vn 0.1533 -0.3349 0.9297
vn -0.8527 -0.5208 -0.0419
vn -0.5722 -0.2913 0.7666
vn -0.4102 -0.5844 0.7001
vn -0.5960 -0.6108 -0.5213
vn -0.4701 -0.6886 -0.5522
vn -0.0184 -0.4815 0.8762
vn -0.1802 -0.7081 0.6828
vn -0.0177 -0.8184 0.5744
vn -0.0110 -0.6955 0.7185
vn 0.7393 0.2736 -0.6152
vn 0.8087 -0.0645 -0.5847
vn 0.7598 -0.2789 -0.5873
vn 0.4336 0.1486 -0.8888
vn 0.3390 0.7048 0.6232
vn 0.0704 0.9453 0.3185
vn 0.8632 0.2689 0.4273
vn -0.8723 0.4101 -0.2662
vn 0.7480 0.5905 -0.3031
vn 0.4909 0.5690 -0.6598
vn 0.7687 0.5341 -0.3518
vn 0.8595 0.4631 -0.2163
vn 0.1300 0.9311 -0.3408
vn 0.6031 0.6923 -0.3962
vn 0.4000 0.7735 -0.4916
vn -0.1676 0.8646 -0.4737
vn -0.4359 0.6165 -0.6557
vn 0.0446 0.8029 -0.5945
vn -0.2942 0.7669 -0.5704
vn -0.3389 0.6431 -0.6867
vn -0.6703 0.7111 -0.2122
vn -0.6119 0.7221 -0.3226
vn 0.4483 0.5330 -0.7175
vn 0.4373 0.8431 0.3131
vn 0.1459 -0.9501 0.2757
vn 0.4444 -0.8541 0.2703
vn 0.0370 -0.9934 0.1090
vn -0.6842 -0.1518 -0.7133
vn -0.8062 -0.3762 -0.4567
vn -0.9935 -0.1131 0.0126
vn -0.9456 -0.1845 0.2680
vn -0.9596 -0.1703 0.2241
vn -0.9179 -0.1459 0.3691
vn -0.9386 -0.1062 0.3283
vn -0.4286 -0.8088 -0.4026
vn -0.1982 -0.9103 -0.3635
vn 0.0048 -0.3029 0.9530
vn -0.3795 -0.7120 -0.5907
vn -0.6377 -0.7009 -0.3194
vn -0.8919 -0.3653 0.2667
vn -0.6310 -0.7088 -0.3155
vn -0.2438 0.3521 -0.9037
vn -0.0595 -0.4893 0.8701
vn 0.2840 -0.5567 0.7807
vn -0.8751 -0.0552 0.4808
vn -0.7999 -0.5406 -0.2607
vn -0.6988 -0.7051 -0.1205
vn -0.8894 -0.4544 0.0505
vn -0.0405 0.6934 0.7194
vn 0.2312 0.4193 0.8779
vn 0.6452 0.3989 0.6516
vn 0.8258 0.5307 0.1905
vn -0.9157 -0.1435 0.3755
vn -0.9754 -0.0521 0.2144
vn -0.7590 -0.5601 -0.3320
vn -0.8602 -0.3841 -0.3355
vn -0.9581 -0.1604 -0.2371
vn -0.9303 0.1149 0.3483
vn -0.9605 -0.2278 -0.1597
vn -0.9159 -0.3703 -0.1550
vn -0.9929 0.1124 0.0395
vn -0.9553 0.0269 0.2943
vn -0.8871 -0.4575 -0.0611
vn -0.4067 -0.3263 -0.8533
vn -0.3942 -0.4472 -0.8029
vn -0.3942 -0.6909 -0.6060
vn -0.9277 -0.0000 -0.3734
vn -0.9771 0.1777 -0.1171
vn -0.2656 -0.3142 -0.9114
vn -0.3571 -0.2372 -0.9034
vn 0.1746 0.0669 0.9824
vn 0.0569 0.0597 0.9966
vn -0.3881 -0.4913 -0.7798
vn -0.3074 -0.4094 -0.8590
vn 0.1109 -0.0695 0.9914
vn 0.7014 -0.4200 0.5758
vn 0.2703 -0.5405 -0.7967
vn 0.5963 0.1055 0.7958
vn 0.4972 0.0670 0.8650
vn 0.1811 -0.0657 0.9813
vn 0.8850 -0.4434 -0.1417
vn 0.8612 0.1051 -0.4974
vn 0.4896 0.5581 0.6700
vn 0.6286 0.3276 0.7053
vn 0.1048 0.3633 -0.9258
vn 0.5544 0.3093 0.7726
vn 0.6627 -0.0493 -0.7473
vn 0.7042 0.0865 0.7047
vn 0.7480 0.1681 0.6421
vn 0.1040 -0.2621 -0.9594
vn 0.2928 -0.0523 -0.9547
vn 0.6228 0.2270 0.7487
vn 0.8482 0.2311 -0.4766
vn 0.8637 0.0898 -0.4960
vn 0.8487 0.2043 -0.4878
vn 0.7027 0.6151 -0.3575
vn 0.7693 -0.2624 -0.5825
vn 0.8558 0.1458 0.4963
vn 0.8570 -0.4797 0.1883
vn 0.5302 0.6979 0.4816
vn 0.7254 0.4663 0.5063
vn 0.7908 0.3095 0.5281
vn 0.8165 0.2326 0.5284
vn 0.1911 -0.9212 -0.3389
vn 0.2059 0.8120 0.5461
vn 0.9502 0.0614 0.3056
vn 0.5038 0.8638 -0.0057
vn 0.7199 0.6644 -0.2009
vn 0.6544 0.7521 -0.0776
vn 0.4574 0.8028 -0.3825
vn 0.6720 0.7405 0.0129
vn 0.7890 0.5006 0.3562
vn 0.8697 0.1520 0.4696
vn 0.8319 0.3686 -0.4148
vn 0.2872 0.4015 -0.8697
vn 0.0291 -0.5133 -0.8577
vn 0.1270 -0.1661 -0.9779
vn 0.7261 -0.0992 -0.6804
vn 0.2448 0.2209 -0.9441
vn 0.4841 0.2943 -0.8240
vn 0.6266 0.5964 -0.5017
vn 0.4636 0.7228 -0.5126
vn 0.8240 0.0972 0.5582
vn 0.1996 -0.5954 0.7782
vn 0.2412 -0.6780 0.6944
vn 0.4697 -0.7234 0.5060
vn 0.7574 -0.6425 -0.1165
vn 0.5550 -0.8189 0.1464
vn 0.6669 -0.7450 -0.0163
vn 0.7161 -0.6639 0.2154
vn 0.8145 -0.5027 0.2895
vn 0.5649 -0.7971 0.2133
vn 0.3773 -0.9244 0.0559
vn 0.2294 -0.3946 -0.8898
vn 0.2993 -0.4531 -0.8397
vn 0.1549 -0.7165 -0.6802
vn 0.0152 -0.6628 -0.7486
vn 0.4638 -0.4728 -0.7492
vn 0.3670 -0.5290 -0.7652
vn 0.4547 0.6436 -0.6156
vn 0.3613 0.6915 -0.6255
vn 0.3790 0.7503 -0.5416
vn 0.2404 0.7272 -0.6430
vn 0.3094 0.7169 -0.6248
vn 0.3899 0.7372 -0.5518
vn 0.6511 0.3937 0.6490
vn 0.5966 -0.0902 0.7975
vn 0.5157 -0.0807 0.8529
vn 0.6416 -0.1744 0.7469
vn 0.7267 -0.6647 0.1736
vn 0.8985 -0.3757 0.2269
vn 0.6642 -0.5150 -0.5419
vn 0.3882 -0.6357 -0.6672
vn 0.5789 -0.8152 -0.0176
vn 0.3751 -0.7525 -0.5414
vn 0.5329 0.2256 -0.8156
vn 0.9699 0.0864 -0.2276
vn 0.9466 -0.2532 -0.1998
vn 0.5191 -0.2313 -0.8228
vn 0.9930 0.0700 0.0950
vn 0.9358 0.0180 0.3521
vn 0.8451 -0.3939 0.3615
vn 0.9298 -0.3435 0.1318
vn 0.7056 -0.4176 0.5726
vn 0.8972 -0.3721 0.2379
vn 0.9334 -0.3578 -0.0262
vn 0.4877 -0.4598 -0.7421
vn 0.9598 -0.1753 0.2191
vn 0.7199 0.6530 0.2351
vn 0.6088 0.5653 0.5566
vn 0.9890 0.0178 0.1467
vn 0.4610 0.8872 -0.0169
vn 0.5961 0.5991 0.5346
vn 0.9721 0.2160 -0.0913
vn 0.6850 0.6788 -0.2645
vn 0.8395 -0.5242 -0.1429
vn 0.6001 0.7178 -0.3530
vn 0.8890 0.3759 0.2614
vn 0.7814 -0.5736 0.2459
vn 0.9108 -0.4125 0.0137
vn 0.8579 -0.5084 0.0747
vn 0.7754 -0.6256 -0.0857
vn 0.7379 -0.6408 -0.2120
vn 0.7179 0.3149 -0.6208
vn 0.1807 0.3041 -0.9354
vn 0.9899 0.0599 -0.1287
vn 0.9081 -0.0983 -0.4071
vn 0.6724 0.0314 -0.7395
vn 0.3713 0.0822 -0.9249
vn 0.5512 -0.7183 0.4246
vn 0.5168 -0.3736 0.7703
vn 0.0763 -0.9970 -0.0098
vn -0.0759 -0.9462 -0.3145
vn 0.5730 -0.5504 -0.6072
vn 0.0199 -0.9706 -0.2400
vn 0.0098 0.4613 -0.8872
vn -0.5890 -0.7864 -0.1860
vn 0.0084 -0.1366 0.9906
vn 0.5803 0.2861 0.7625
vn 0.9971 -0.0625 -0.0429
vn 0.4041 0.3084 0.8612
vn 0.4798 0.5144 0.7108
vn 0.9349 -0.2751 0.2241
vn 0.9636 0.0108 0.2672
vn 0.8616 -0.2651 -0.4327
vn 0.3041 -0.3933 -0.8676
vn 0.7368 -0.4432 -0.5106
vn 0.9526 0.2987 0.0580
vn 0.9849 0.0745 0.1563
vn 0.8607 0.3625 0.3574
vn 0.9186 0.3377 0.2051
vn 0.9949 -0.0326 0.0955
vn 0.9468 0.2727 0.1711
vn 0.9308 0.2348 0.2803
vn 0.8960 0.1484 0.4186
vn 0.8895 -0.2661 -0.3714
vn 0.9961 -0.0283 0.0838
vn 0.9850 -0.0079 0.1722
vn 0.9505 -0.2225 -0.2169
vn 0.9087 -0.1197 0.3999
vn 0.9231 -0.0805 0.3760
vn 0.9118 -0.2187 0.3476
vn 0.9461 -0.1666 0.2777
vn 0.9056 -0.2483 0.3439
vn 0.8087 -0.2565 0.5293
vn 0.8540 -0.3680 -0.3679
vn 0.8286 -0.4124 -0.3787
vn 0.4653 -0.0369 -0.8844
vn 0.7486 -0.1076 -0.6542
vn 0.7489 -0.1625 -0.6424
vn 0.4642 -0.0862 -0.8815
vn 0.8933 -0.3723 -0.2517
vn 0.8742 -0.3928 0.2855
vn 0.7419 -0.3182 -0.5902
vn 0.8751 -0.3841 0.2943
vn 0.8313 -0.4061 0.3794
vn 0.5850 -0.5712 -0.5757
vn 0.4621 -0.2212 -0.8588
vn 0.3568 -0.4920 -0.7941
vn 0.6066 0.4292 -0.6692
vn 0.8353 0.4189 -0.3562
vn 0.8813 0.4673 0.0705
vn 0.8987 0.4207 -0.1240
vn 0.8843 0.4654 -0.0375
vn 0.7825 0.5482 0.2954
vn 0.8467 0.5107 0.1493
vn 0.6960 0.6138 0.3726
vn 0.6483 0.6345 0.4210
vn 0.7954 0.5146 0.3201
vn 0.8994 0.4197 0.1219
vn 0.8880 0.3437 0.3056
vn 0.7046 0.4844 0.5186
vn 0.6119 0.6225 0.4879
vn 0.5179 -0.0317 0.8549
vn 0.6922 -0.1373 0.7086
vn 0.7946 0.2034 0.5721
vn 0.3788 0.2673 -0.8860
vn 0.9361 0.3492 -0.0422
vn 0.4973 0.6000 -0.6267
vn 0.5614 0.8255 0.0579
vn 0.6360 0.6076 0.4756
vn 0.0910 -0.4840 0.8703
vn -0.6150 -0.3189 0.7212
vn -0.9817 0.1321 0.1374
vn 0.1482 0.9720 -0.1822
vn 0.9087 0.2011 -0.3658
vn -0.5756 0.7707 -0.2735
vn -0.5724 0.7919 -0.2127
vn 0.4683 -0.0795 -0.8800
vn -0.5749 0.2620 -0.7751
vn -0.6217 -0.1731 -0.7639
vn -0.9793 0.1503 -0.1355
vn -0.9706 0.2366 0.0441
vn 0.4712 -0.4019 0.7852
vn -0.6576 0.4618 0.5953
vn -0.8272 0.2513 0.5025
vn 0.1091 -0.2326 0.9664
vn -0.5198 -0.1540 -0.8403
vn -0.0852 -0.1143 -0.9898
vn -0.0927 -0.3892 -0.9165
vn 0.5013 -0.4798 0.7200
vn -0.2701 0.0237 -0.9625
vn -0.9418 0.2292 -0.2459
vn -0.8043 0.1836 -0.5651
vn 0.0671 -0.9064 -0.4170
vn 0.5686 -0.6618 0.4887
vn 0.0718 -0.8031 0.5916
vn 0.2272 -0.5462 -0.8063
vn 0.2428 -0.6019 -0.7607
vn 0.6961 -0.1739 -0.6965
vn 0.4766 -0.2739 -0.8354
vn 0.2693 -0.2885 -0.9188
vn 0.9413 -0.0610 0.3319
vn 0.9509 0.3095 -0.0078
vn 0.9998 0.0066 -0.0197
vn 0.6720 -0.5343 -0.5128
vn 0.9771 -0.1807 -0.1125
vn 0.9061 0.0308 -0.4219
vn 0.7802 -0.5042 -0.3701
vn 0.9978 -0.0607 0.0260
vn 0.9910 -0.1335 0.0014
vn -0.9724 0.0869 -0.2163
vn -0.9982 0.0443 0.0406
vn -0.7932 -0.0267 -0.6083
vn -0.6023 0.1594 -0.7822
vn -0.9701 0.1433 -0.1961
vn -0.9835 0.1810 0.0068
vn -0.1147 -0.3846 -0.9159
vn 0.6512 -0.5899 -0.4774
vn 0.7385 -0.4425 -0.5088
vn 0.1256 -0.1429 -0.9817
vn 0.8839 -0.4563 0.1021
vn 0.6391 -0.2770 0.7175
vn 0.8585 -0.3435 0.3808
vn 0.4664 -0.4242 0.7763
vn 0.7122 -0.5150 0.4770
vn 0.8402 -0.5182 0.1596
vn -0.0887 -0.1886 0.9780
vn -0.8399 -0.0509 0.5404
vn -0.8812 0.1015 0.4616
vn -0.2081 -0.1521 0.9662
vn -0.8263 0.3438 -0.4461
vn -0.9465 0.3084 -0.0950
vn -0.3406 0.1284 -0.9314
vn 0.2591 -0.2951 -0.9197
vn 0.6869 -0.5370 -0.4897
vn 0.8164 -0.5416 0.2001
vn 0.2685 -0.5611 0.7830
vn 0.6119 -0.5270 0.5897
vn -0.4665 -0.2957 0.8336
vn -0.9515 0.1420 0.2730
vn 0.5965 0.4496 -0.6649
vn 0.8982 0.1555 -0.4111
vn 0.6836 0.5407 -0.4902
vn 0.3118 -0.2065 0.9274
vn -0.5078 -0.8577 0.0802
vn 0.4546 -0.6467 0.6125
vn 0.7191 -0.6500 0.2457
vn -0.4768 -0.8665 0.1478
vn 0.3820 -0.8980 -0.2186
vn 0.7170 -0.6580 0.2301
vn 0.6252 -0.7713 -0.1195
vn 0.2301 -0.2974 -0.9266
vn 0.2790 -0.1524 -0.9481
vn 0.6475 -0.3315 -0.6862
vn 0.6316 -0.4466 -0.6338
vn -0.8298 0.0664 -0.5540
vn -0.5177 0.2066 -0.8302
vn -0.1842 0.0527 -0.9815
vn -0.3488 -0.1274 -0.9285
vn 0.3081 0.0237 0.9511
vn 0.8973 -0.3393 0.2822
vn -0.0146 -0.1586 0.9872
vn -0.4516 -0.2751 0.8487
vn 0.3130 -0.7051 0.6363
vn 0.7841 -0.4418 0.4358
vn -0.9704 -0.0469 -0.2368
vn -0.4771 -0.2220 -0.8504
vn -0.5588 -0.2036 -0.8039
vn -0.9802 -0.1636 -0.1116
vn 0.2122 -0.3250 -0.9216
vn -0.7936 0.5930 0.1364
vn -0.9928 -0.0933 0.0750
vn 0.9606 0.1209 -0.2502
vn 0.6421 0.3526 0.6807
vn 0.6694 -0.7135 -0.2070
vn 0.5771 -0.6708 0.4658
vn 0.9712 0.1270 0.2016
vn -0.9647 0.0033 0.2635
vn -0.8854 -0.2199 0.4095
vn -0.7076 -0.4357 0.5563
vn -0.7715 -0.5966 0.2210
vn -0.4503 -0.7684 0.4548
vn 0.2451 -0.8269 0.5062
vn 0.8703 -0.4874 -0.0701
vn 0.2742 -0.9194 0.2820
vn 0.6650 -0.4117 -0.6231
vn 0.7543 -0.2711 -0.5979
vn 0.2066 -0.7001 0.6835
vn -0.4399 -0.8853 -0.1507
vn -0.3271 -0.4525 0.8296
vn -0.6871 -0.5854 0.4304
vn -0.2851 0.2343 -0.9294
vn -0.1702 0.2975 -0.9394
vn -0.7843 0.1589 -0.5997
vn -0.4153 0.0334 -0.9091
vn -0.9039 0.1464 -0.4019
vn -0.9636 0.2587 -0.0677
vn -0.9452 0.1057 -0.3088
vn -0.7703 0.3295 -0.5459
vn -0.0810 0.7062 -0.7033
vn -0.2778 0.8339 -0.4768
vn -0.3974 0.6734 -0.6234
vn -0.4947 0.7148 -0.4942
vn -0.2615 0.8442 -0.4678
vn 0.0212 0.8434 -0.5368
vn 0.0301 0.7650 -0.6434
vn -0.3047 0.6644 -0.6824
vn 0.2603 0.5023 -0.8246
vn 0.1404 0.6191 -0.7726
vn 0.0346 0.7809 -0.6237
vn -0.2989 0.7497 -0.5905
vn 0.5794 0.5971 -0.5547
vn 0.7142 0.5355 -0.4507
vn -0.0206 0.9503 -0.3105
vn -0.0070 0.4874 -0.8732
vn -0.1951 0.4543 -0.8692
vn -0.2009 0.7738 0.6007
vn -0.8546 0.5181 0.0349
vn -0.8038 -0.5033 -0.3171
vn -0.2757 -0.9098 -0.3102
vn -0.0443 -0.9151 -0.4007
vn -0.9414 -0.3086 -0.1361
vn -0.9541 -0.2923 0.0657
vn 0.4427 -0.1753 -0.8794
vn 0.6310 -0.3811 -0.6757
vn 0.9444 -0.1311 -0.3016
vn 0.9825 -0.1831 -0.0348
vn 0.9943 -0.1038 0.0250
vn 0.9873 -0.1430 0.0699
vn 0.9815 -0.1718 -0.0841
vn 0.2038 -0.9190 -0.3375
vn 0.4969 -0.4233 -0.7576
vn -0.6701 -0.3765 -0.6397
vn 0.5056 -0.8125 -0.2902
vn 0.5582 -0.2456 -0.7925
vn 0.3181 -0.5043 0.8028
vn 0.7182 -0.6936 -0.0559
vn 0.4815 0.4578 -0.7474
vn 0.2591 -0.4930 0.8306
vn -0.0728 -0.6040 0.7936
vn 0.9186 0.1178 0.3772
vn 0.6309 -0.7755 -0.0211
vn 0.4883 -0.5040 -0.7124
vn 0.2894 -0.2484 -0.9244
vn -0.4458 0.3040 0.8419
vn -0.8032 0.2735 0.5293
vn -0.9648 0.2621 -0.0222
vn -0.9788 0.1598 0.1285
vn 0.9869 -0.1413 0.0781
vn 0.9945 -0.0574 -0.0876
vn 0.6108 -0.5765 -0.5428
vn 0.7183 -0.3913 -0.5753
vn 0.8505 -0.1726 -0.4969
vn 0.9921 0.1140 0.0519
vn 0.8253 -0.3879 -0.4104
vn 0.8732 -0.2415 -0.4234
vn 0.9733 0.0586 -0.2219
vn 0.9998 -0.0191 -0.0037
vn 0.8298 -0.4629 -0.3118
vn 0.1285 -0.3223 -0.9379
vn 0.1291 -0.4218 -0.8975
vn 0.1785 -0.6438 -0.7441
vn 0.8404 -0.2348 -0.4885
vn 0.9206 -0.3644 -0.1407
vn -0.0240 -0.3127 -0.9495
vn 0.1829 -0.0567 0.9815
vn 0.1234 0.0434 0.9914
vn 0.0328 -0.3997 -0.9161
vn 0.1376 -0.4327 -0.8910
vn 0.1149 -0.2595 0.9589
vn -0.5167 -0.4682 -0.7168
vn -0.6427 -0.4263 0.6366
vn -0.2131 0.0628 0.9750
vn -0.3247 0.1048 0.9400
vn 0.1907 -0.2085 0.9592
vn -0.9715 0.0819 -0.2226
vn -0.8925 -0.4250 0.1507
vn -0.3941 0.3210 0.8612
vn -0.2622 0.5577 0.7875
vn -0.3849 0.3596 -0.8500
vn -0.3507 0.2475 0.9032
vn -0.8558 -0.0032 -0.5172
vn -0.5130 0.1643 0.8425
vn -0.5228 0.1221 0.8437
vn -0.5673 -0.0543 -0.8217
vn -0.3826 -0.2068 -0.9005
vn -0.4537 0.1188 0.8832
vn -0.9707 0.1211 -0.2073
vn -0.9537 0.2291 -0.1947
vn -0.9571 0.2037 -0.2062
vn -0.7840 0.6075 -0.1279
vn -0.9129 -0.2806 -0.2966
vn -0.7997 -0.4224 0.4266
vn -0.7097 0.2386 0.6629
vn -0.5752 0.4361 0.6921
vn -0.3627 0.6955 0.6203
vn -0.7022 0.2616 0.6622
vn -0.6766 0.2600 0.6890
vn -0.2838 -0.9295 -0.2355
vn -0.0314 0.8117 0.5832
vn -0.9593 0.0923 -0.2668
vn -0.8736 -0.4343 0.2196
vn -0.9223 -0.3375 0.1882
vn -0.9378 0.1069 0.3303
vn -0.8463 -0.1196 0.5192
vn -0.9776 0.1756 0.1159
vn -0.9539 0.0182 0.2997
vn -0.7554 -0.4516 0.4747
vn -0.7182 -0.0953 0.6893
vn -0.8917 0.1198 0.4365
vn -0.8836 -0.1487 0.4439
vn -0.5369 -0.4168 0.7335
vn -0.5090 -0.4393 0.7403
vn -0.6470 -0.5848 0.4893
vn -0.4118 -0.6160 0.6715
vn -0.2211 -0.9227 0.3159
vn 0.2841 -0.9339 0.2171
vn -0.2220 -0.9737 -0.0519
vn -0.4366 -0.8667 0.2414
vn 0.1635 -0.9691 0.1846
vn -0.8535 -0.4940 -0.1657
vn -0.8068 -0.4562 -0.3754
vn -0.8401 -0.4455 -0.3096
vn -0.3024 0.4359 -0.8477
vn -0.4116 0.1758 -0.8942
vn -0.4554 0.2139 -0.8642
vn -0.4328 -0.8808 -0.1920
vn -0.7576 -0.2332 -0.6096
vn -0.3111 0.7765 -0.5480
vn -0.4634 -0.7860 -0.4093
vn -0.6387 -0.1399 -0.7566
vn -0.2094 0.8102 -0.5474
vn -0.4447 -0.1138 -0.8884
vn 0.0065 0.7349 -0.6781
vn -0.3860 -0.7264 -0.5686
vn -0.4563 -0.6920 -0.5594
vn -0.4814 -0.0458 -0.8753
vn -0.0501 0.7351 -0.6761
vn -0.1786 -0.9786 -0.1023
vn -0.1720 -0.9837 -0.0525
vn -0.3010 -0.9497 -0.0866
vn 0.0498 -0.9031 0.4266
vn 0.1946 -0.8561 0.4788
vn -0.1399 -0.9151 0.3782
vn 0.1086 -0.5014 0.8584
vn 0.3269 -0.4242 0.8445
vn 0.5003 -0.3917 0.7722
vn 0.5158 0.2562 0.8175
vn 0.6487 0.1906 0.7368
vn 0.3143 0.2181 0.9239
vn 0.5344 0.7008 0.4725
vn 0.6455 0.6049 0.4663
vn 0.3708 0.7049 0.6047
vn 0.4394 0.8983 -0.0013
vn 0.4900 0.8715 0.0204
vn 0.2610 0.9597 0.1042
vn 0.2513 0.9650 0.0754
vn 0.5147 0.6673 0.5384
vn -0.2478 0.7943 -0.5547
vn 0.0770 0.9968 0.0202
vn 0.4077 0.7595 0.5069
vn -0.4580 0.6574 -0.5983
vn 0.2425 0.9666 -0.0833
vn 0.3522 0.8738 0.3354
vn 0.0021 0.6629 -0.7487
vn 0.6196 0.5252 -0.5834
vn 0.4024 0.9036 0.1472
vn 0.3165 0.3518 0.8810
vn 0.5202 0.3239 0.7903
vn 0.3744 0.4916 0.7863
vn 0.5314 0.8052 -0.2632
vn 0.4085 0.9123 0.0289
vn 0.2599 0.8969 0.3577
vn 0.5236 0.7814 -0.3395
vn -0.0468 0.9928 -0.1104
vn -0.0508 0.9886 0.1415
vn 0.0210 0.3818 0.9240
vn 0.2514 0.1658 0.9536
vn 0.1564 0.3701 0.9157
vn -0.6870 -0.6876 -0.2348
vn -0.2485 0.7740 0.5824
vn -0.8197 -0.4185 0.3911
vn -0.2095 -0.5118 -0.8332
vn 0.2075 0.8794 -0.4284
vn 0.3700 0.6786 -0.6344
vn 0.2064 0.3694 0.9061
vn 0.5072 0.5308 -0.6790
vn -0.0365 0.7178 -0.6953
vn -0.2191 0.8488 0.4812
vn 0.1275 0.6555 0.7444
vn -0.2205 -0.7010 -0.6782
vn -0.7187 -0.1894 -0.6691
vn -0.3361 -0.8258 0.4530
vn -0.3116 -0.7910 0.5265
vn -0.5535 -0.5444 0.6302
vn -0.9079 -0.0773 0.4120
vn -0.3962 -0.9159 0.0642
vn -0.3355 -0.7430 0.5791
vn -0.0718 -0.7687 0.6356
vn -0.0075 -0.6677 0.7444
vn -0.7522 -0.6393 -0.1595
vn -0.4630 -0.8861 0.0211
vn -0.2832 -0.9513 0.1216
vn -0.6081 -0.7930 -0.0373
vn -0.3943 -0.9170 -0.0604
vn -0.2203 -0.9649 -0.1427
vn -0.2205 -0.7747 -0.5927
vn -0.3134 0.9133 0.2602
vn -0.9057 -0.1965 0.3756
vn -0.5708 -0.8175 0.0769
vn -0.5866 -0.5884 0.5564
vn 0.1373 -0.8904 -0.4339
vn 0.6456 0.4527 -0.6151
vn 0.1017 -0.9093 -0.4035
vn 0.6376 0.3833 -0.6683
vn -0.5968 -0.5356 0.5975
vn -0.2711 0.7588 0.5923
vn -0.2296 0.8088 0.5413
vn -0.1504 0.8507 0.5037
vn -0.5671 -0.4949 0.6584
vn 0.5813 0.3387 -0.7398
vn 0.0496 -0.9241 -0.3790
vn 0.5602 0.3965 -0.7273
vn -0.1142 0.8721 0.4758
vn 0.0597 -0.9051 -0.4210
vn -0.5895 -0.4357 0.6802
vn -0.6389 -0.3766 0.6708
vn -0.5548 0.2382 0.7972
vn -0.0629 0.9337 0.3524
vn 0.5729 0.4652 -0.6748
vn -0.5145 0.3971 0.7600
vn 0.2270 0.9739 0.0074
vn -0.2717 0.8088 -0.5216
vn -0.9654 0.2375 0.1079
vn 0.7136 -0.5015 0.4893
vn 0.2925 -0.0717 -0.9536
vn 0.0346 0.9613 0.2732
vn -0.6350 -0.3004 0.7117
vn -0.3154 -0.9489 -0.0043
vn -0.5764 -0.7194 -0.3877
vn -0.3836 0.8819 0.2740
vn -0.7872 -0.3427 0.5127
vn -0.3094 -0.9337 0.1802
vn -0.7794 -0.3549 0.5163
vn -0.8163 -0.4258 0.3903
vn -0.4499 -0.8881 0.0945
vn -0.3790 -0.9037 0.1989
vn -0.3949 0.8739 0.2835
vn -0.4838 0.8222 0.2997
vn 0.7107 0.5550 -0.4323
vn 0.7784 0.3294 -0.5344
vn 0.8279 0.0625 -0.5574
vn 0.8157 0.4815 -0.3206
vn 0.7678 -0.3363 -0.5452
vn 0.7404 -0.5196 -0.4264
vn 0.5230 0.8522 -0.0121
vn 0.9402 -0.1750 -0.2923
vn 0.2749 -0.8767 -0.3948
vn 0.4802 -0.8167 -0.3201
vn 0.4252 -0.8831 -0.1983
vn -0.7743 -0.5747 0.2648
vn -0.2845 -0.9471 -0.1489
vn -0.0203 -0.9627 -0.2698
vn 0.9319 -0.3455 -0.1102
vn 0.7072 -0.6222 -0.3357
vn 0.9994 -0.0332 0.0070
vn 0.9881 0.0226 -0.1520
vn 0.9545 -0.2950 0.0423
vn 0.9813 0.1168 0.1529
vn 0.1011 -0.9703 -0.2198
vn -0.7838 -0.6120 0.1053
vn -0.6491 -0.7425 -0.1656
vn -0.5829 -0.7399 -0.3359
vn -0.6605 0.6605 0.3571
vn -0.8693 0.4841 0.1000
vn -0.7473 0.6375 -0.1875
vn 0.8986 0.3910 -0.1990
vn 0.8404 0.5420 -0.0019
vn 0.7561 0.6360 0.1546
vn 0.6264 0.4963 -0.6011
vn -0.2535 0.5396 -0.8029
vn 0.9625 0.2714 0.0018
vn 0.7332 -0.3388 -0.5896
vn 0.3519 -0.5901 -0.7266
vn -0.3914 -0.5721 -0.7208
vn 0.7353 0.0142 -0.6776
vn -0.0460 -0.7838 -0.6193
vn 0.1862 -0.7599 -0.6228
vn 0.6375 0.2103 -0.7412
vn 0.1936 -0.7034 -0.6839
vn -0.3095 -0.4385 -0.8438
vn -0.3819 -0.8937 -0.2354
vn -0.2533 -0.9462 0.2012
vn -0.5886 -0.7008 -0.4030
vn -0.6846 -0.1136 -0.7200
vn -0.2905 -0.9482 0.1286
vn 0.0864 -0.7844 0.6142
vn -0.0256 -0.7822 0.6225
vn 0.1969 -0.3083 0.9307
vn 0.4057 -0.2842 0.8687
vn 0.4893 -0.3158 0.8129
vn 0.1760 -0.8015 0.5716
vn -0.2721 -0.9603 0.0619
vn 0.5917 0.2425 0.7688
vn -0.6162 -0.6317 -0.4704
vn -0.6758 0.0043 -0.7370
vn 0.3215 0.9428 0.0878
vn 0.2981 0.7247 0.6213
vn 0.3583 0.8813 -0.3081
vn 0.4800 0.8255 0.2969
vn 0.2780 0.1103 0.9542
vn 0.4915 0.3517 0.7967
vn 0.1709 -0.6264 0.7606
vn 0.5517 -0.5288 0.6450
vn -0.0996 -0.9565 0.2740
vn -0.3053 -0.9440 -0.1253
vn 0.7406 -0.3123 0.5950
vn 0.6098 0.6757 0.4142
vn 0.0938 -0.3019 0.9487
vn 0.5334 0.6565 0.5334
vn 0.4224 0.9056 0.0387
vn 0.1141 0.9901 -0.0820
vn 0.0379 0.7702 -0.6366
vn -0.2448 0.6729 -0.6980
vn 0.1964 0.6026 -0.7735
vn 0.3634 0.9173 -0.1628
vn -0.0012 0.0872 -0.9962
vn -0.7387 -0.4722 -0.4809
vn -0.4478 -0.6603 -0.6029
vn 0.3813 -0.3225 -0.8664
vn 0.8079 0.1700 -0.5642
vn -0.4235 -0.7956 -0.4331
vn 0.5457 -0.5454 -0.6362
vn 0.9391 -0.0688 -0.3366
vn 0.8328 0.4771 -0.2807
vn 0.9760 0.1519 -0.1560
vn 0.4117 0.7453 0.5245
vn 0.7372 0.5991 0.3123
vn 0.7673 0.5682 0.2971
vn -0.3467 0.2424 0.9061
vn -0.0139 0.6583 0.7526
vn -0.2927 0.7933 0.5339
vn -0.8287 0.4676 0.3077
vn -0.0223 0.4518 0.8918
vn 0.0413 0.5432 0.8386
vn -0.5191 -0.6552 0.5489
vn -0.3943 -0.7925 0.4652
vn -0.1888 -0.6534 -0.7331
vn -0.1291 -0.5930 -0.7947
vn 0.4892 0.6342 -0.5988
vn 0.3795 0.7571 -0.5318
vn -0.5576 0.3019 0.7733
vn 0.0933 0.9828 0.1595
vn 0.0097 0.9999 0.0120
vn 0.9827 0.0449 0.1799
vn -0.9591 0.0706 -0.2742
vn -0.0222 -0.9988 0.0448
vn 0.9926 0.0326 0.1166
vn 0.1423 0.8733 -0.4659
vn -0.9497 0.1016 -0.2964
vn -0.0894 -0.9193 0.3832
vn 0.9763 -0.0872 0.1982
vn 0.2667 0.6176 -0.7399
vn -0.9244 0.1105 -0.3650
vn -0.3055 -0.6948 0.6511
vn 0.8713 -0.0715 0.4856
vn 0.3636 0.5283 -0.7672
vn -0.8667 -0.0428 -0.4970
vn -0.4347 -0.6045 0.6676
vn 0.8073 0.1100 0.5798
vn 0.4015 0.5782 -0.7103
vn -0.7650 -0.1832 -0.6174
vn -0.4047 -0.6561 0.6370
vn 0.7991 0.1475 0.5828
vn 0.4833 0.5252 -0.7005
vn -0.7270 -0.1750 -0.6639
vn -0.4141 -0.5878 0.6950
vn 0.7625 0.0437 0.6455
vn 0.5784 0.4430 -0.6850
vn -0.7221 -0.1026 -0.6841
vn -0.5409 -0.5107 0.6683
vn 0.6281 0.0422 0.7770
vn 0.6187 0.4781 -0.6234
vn -0.6292 -0.1361 -0.7652
vn -0.6410 -0.5536 0.5316
vn 0.4576 0.1599 0.8747
vn 0.5716 0.6200 -0.5375
vn -0.4667 -0.2833 -0.8378
vn -0.5674 -0.6970 0.4385
vn 0.3831 0.3080 0.8708
vn 0.4796 0.7194 -0.5025
vn -0.3334 -0.3746 -0.8652
vn -0.4290 -0.7765 0.4615
vn 0.3607 0.3305 0.8722
vn 0.4622 0.7508 -0.4718
vn -0.2910 -0.3782 -0.8788
vn -0.3884 -0.7923 0.4705
vn 0.2201 0.1927 0.9562
vn 0.4846 0.8170 -0.3124
vn -0.1730 -0.2395 -0.9554
vn -0.4363 -0.8621 0.2576
vn 0.0080 0.0576 0.9983
vn 0.5177 0.8526 -0.0706
vn 0.0482 -0.0609 -0.9970
vn -0.4724 -0.8813 0.0125
vn -0.1392 -0.0574 0.9886
vn 0.4849 0.8712 0.0769
vn 0.1702 -0.0256 -0.9851
vn -0.4232 -0.9012 -0.0933
vn -0.1712 -0.0474 0.9841
vn 0.3396 0.9394 0.0470
vn 0.2100 -0.0634 -0.9756
vn -0.2672 -0.9622 -0.0530
vn -0.1816 0.0197 0.9832
vn 0.1824 0.9830 -0.0235
vn 0.2406 -0.0924 -0.9662
vn -0.1124 -0.9933 0.0276
vn -0.1980 0.0935 0.9757
vn 0.1070 0.9905 -0.0865
vn 0.2634 -0.1143 -0.9579
vn -0.0379 -0.9951 0.0917
vn -0.2218 0.1587 0.9621
vn 0.1130 0.9839 -0.1387
vn 0.2861 -0.1504 -0.9463
vn -0.0449 -0.9892 0.1397
vn -0.2484 0.2062 0.9465
vn 0.1558 0.9741 -0.1639
vn 0.3120 -0.1902 -0.9309
vn -0.0913 -0.9805 0.1742
vn -0.3309 0.2065 0.9208
vn 0.2024 0.9661 -0.1602
vn 0.3879 -0.1860 -0.9028
vn -0.1252 -0.9838 0.1283
vn -0.4540 0.1401 0.8799
vn 0.2294 0.9730 -0.0261
vn 0.5067 -0.0911 -0.8573
vn -0.1682 -0.9857 0.0098
vn -0.5605 0.0556 0.8263
vn 0.2853 0.9465 0.1509
vn 0.6064 0.0038 -0.7952
vn -0.2300 -0.9591 -0.1649
vn -0.6402 0.0181 0.7680
vn 0.3400 0.9004 0.2714
vn 0.6729 0.0075 -0.7397
vn -0.3024 -0.9118 -0.2776
vn -0.6618 0.0362 0.7488
vn 0.3481 0.8803 0.3222
vn 0.6998 0.0106 -0.7142
vn -0.3456 -0.8911 -0.2941
vn -0.9495 0.2921 0.1146
vn -0.9482 0.2769 0.1559
vn -0.9536 0.2914 -0.0762
vn -0.9550 0.2841 -0.0848
vn -0.9944 0.0824 -0.0656
vn -0.9757 0.0978 0.1960
vn -0.9617 0.1153 0.2485
vn -0.9964 0.0720 -0.0450
vn -0.8165 0.3190 -0.4812
vn -0.4634 -0.2269 -0.8566
vn -0.5826 -0.2529 -0.7724
vn -0.4438 -0.1415 -0.8849
vn -0.9856 0.1589 0.0585
vn -0.9856 0.1589 0.0587
vn -0.9335 -0.1312 -0.3337
vn -0.9806 -0.0485 -0.1900
vn -0.8418 -0.2653 -0.4702
vn -0.8526 -0.2682 -0.4485
vn -0.8114 -0.1973 -0.5501
vn -0.8784 -0.1535 -0.4526
vn -0.9348 0.2624 0.2393
vn -0.9772 0.2111 -0.0241
vn -0.9834 0.1804 -0.0177
vn -0.9537 0.2600 0.1512
vn -0.9920 -0.1057 -0.0684
vn -0.9958 -0.0859 -0.0321
vn -0.9990 0.0010 -0.0448
vn -0.9524 -0.1332 -0.2741
vn -0.9516 -0.1408 -0.2733
vn -0.9977 -0.0099 -0.0677
vn -0.9896 0.0979 0.1054
vn -0.9775 0.0681 0.1998
vn -0.7585 -0.1842 -0.6251
vn -0.5380 -0.3764 -0.7542
vn -0.5436 -0.3781 -0.7493
vn -0.7381 -0.1985 -0.6448
vn -0.9725 -0.1306 -0.1930
vn -0.9988 -0.0469 0.0163
vn -0.9523 0.1540 0.2633
vn -0.9527 0.1523 0.2631
vn -0.8940 -0.2404 -0.3780
vn -0.9486 -0.1776 -0.2621
vn -0.8533 0.5018 -0.1419
vn -0.8303 0.5514 0.0810
vn -0.9453 0.1066 0.3083
vn -0.9417 0.1491 0.3017
vn -0.6083 0.5512 0.5711
vn -0.8924 0.2033 0.4028
vn -0.8937 0.2190 0.3916
vn -0.9518 0.0884 0.2937
vn -0.9464 0.1282 0.2966
vn -0.9601 0.1120 0.2562
vn -0.9594 0.1147 0.2577
vn -0.9723 0.1724 0.1580
vn -0.9849 0.1570 0.0729
vn -0.9968 0.0381 0.0696
vn -0.9956 0.0624 0.0705
vn -0.9665 -0.0065 -0.2565
vn -0.9662 -0.0009 -0.2578
vn -0.9127 0.2574 0.3175
vn -0.9167 0.2517 0.3105
vn -0.9026 0.4300 0.0187
vn -0.9313 0.3638 -0.0153
vn -0.9209 0.3895 -0.0134
vn -0.9020 0.4302 0.0361
vn -0.9832 0.1812 0.0201
vn -0.9644 0.2644 -0.0039
vn -0.9939 0.1016 0.0425
vn -0.9071 0.3462 0.2393
vn -0.9085 0.3828 0.1678
vn 0.9292 -0.3449 0.1327
vn 0.9984 -0.0092 -0.0560
vn 0.9621 0.1016 -0.2532
vn 0.2402 0.8045 0.5433
vn -0.6364 0.6662 0.3888
vn -0.8180 0.5680 0.0910
vn -0.9984 0.0092 0.0560
vn 0.6101 0.0913 -0.7871
vn 0.1924 -0.2899 -0.9375
vn -0.9621 -0.1016 0.2532
vn 0.3607 -0.5404 0.7601
vn 0.9691 0.1170 0.2172
vn 0.6006 0.5822 0.5479
vn 0.1390 0.9813 0.1328
vn -0.8854 0.4611 -0.0597
vn 0.8049 0.5707 -0.1629
vn -0.4296 0.8026 -0.4138
vn 0.9677 0.0125 -0.2516
vn -0.9519 0.0538 -0.3018
vn 0.7903 -0.3034 -0.5324
vn -0.8484 -0.1393 -0.5108
vt 0.319673 0.052975
vt 0.368581 0.049920
vt 0.378696 0.090318
vt 0.325694 0.087233
vt 0.430361 0.026543
vt 0.434345 0.089745
vt 0.434330 0.142945
vt 0.380560 0.144824
vt 0.327013 0.146042
vt 0.492877 0.091042
vt 0.487294 0.144026
vt 0.496116 0.027026
vt 0.551720 0.024655
vt 0.545520 0.113850
vt 0.536619 0.165655
vt 0.844045 0.274682
vt 0.703373 0.142812
vt 0.693844 0.110628
vt 0.809152 0.201253
vt 0.628447 0.084435
vt 0.577932 0.020845
vt 0.636576 0.066269
vt 0.593648 0.022657
vt 0.645065 0.053528
vt 0.695275 0.083676
vt 0.796944 0.144124
vt 0.372045 0.206043
vt 0.317290 0.223932
vt 0.426509 0.187628
vt 0.413625 0.227162
vt 0.355818 0.265951
vt 0.317176 0.277442
vt 0.479462 0.182461
vt 0.529499 0.200587
vt 0.530184 0.235943
vt 0.471573 0.214041
vt 0.647975 0.349937
vt 0.611213 0.183769
vt 0.645497 0.194771
vt 0.678263 0.276296
vt 0.581467 0.104212
vt 0.653257 0.173523
vt 0.698440 0.254395
vt 0.559536 0.260751
vt 0.549241 0.218947
vt 0.568983 0.237307
vt 0.588888 0.285559
vt 0.559795 0.194971
vt 0.582972 0.224287
vt 0.582601 0.173368
vt 0.564060 0.143609
vt 0.747730 0.235645
vt 0.685946 0.160610
vt 0.710289 0.168749
vt 0.776159 0.238721
vt 0.721965 0.071127
vt 0.822808 0.114015
vt 0.623119 0.028423
vt 0.673129 0.050028
vt 0.678487 0.042356
vt 0.722766 0.055375
vt 0.766006 0.068089
vt 0.871265 0.099970
vt 0.355006 0.032149
vt 0.376732 0.020257
vt 0.322491 0.032417
vt 0.340319 0.019454
vt 0.718617 0.232495
vt 0.661017 0.152276
vt 0.889846 0.514207
vt 0.877329 0.538897
vt 0.849375 0.517401
vt 0.854025 0.489379
vt 0.852586 0.564856
vt 0.834147 0.549801
vt 0.880279 0.125017
vt 0.905674 0.118475
vt 0.917473 0.129851
vt 0.881183 0.146593
vt 0.861476 0.135113
vt 0.860729 0.168315
vt 0.780821 0.639969
vt 0.808603 0.645856
vt 0.818583 0.687342
vt 0.784517 0.681350
vt 0.854809 0.654299
vt 0.871370 0.707396
vt 0.924091 0.792518
vt 0.844073 0.722277
vt 0.794958 0.717653
vt 0.608481 0.716469
vt 0.629253 0.713724
vt 0.637097 0.782240
vt 0.592974 0.765989
vt 0.655287 0.716515
vt 0.663319 0.780284
vt 0.692265 0.849642
vt 0.659308 0.842246
vt 0.598359 0.844199
vt 0.657567 0.628344
vt 0.674351 0.629325
vt 0.650462 0.673692
vt 0.632286 0.672123
vt 0.691544 0.629443
vt 0.669688 0.672860
vt 0.887329 0.656518
vt 0.895425 0.719468
vt 0.919726 0.654061
vt 0.924586 0.716639
vt 0.955505 0.760956
vt 0.947251 0.774740
vt 0.772245 0.893299
vt 0.791802 0.901882
vt 0.765269 0.914745
vt 0.749083 0.891964
vt 0.808690 0.922594
vt 0.766102 0.950179
vt 0.734340 0.978141
vt 0.731747 0.918948
vt 0.711687 0.883735
vt 0.512125 0.369691
vt 0.487782 0.380594
vt 0.476801 0.332054
vt 0.471904 0.398386
vt 0.468551 0.345902
vt 0.445931 0.301839
vt 0.462500 0.295370
vt 0.492102 0.331419
vt 0.479093 0.299812
vt 0.801504 0.741257
vt 0.820359 0.783740
vt 0.790767 0.778864
vt 0.774200 0.753001
vt 0.819074 0.809119
vt 0.811465 0.834501
vt 0.788166 0.822719
vt 0.791402 0.799578
vt 0.493571 0.802129
vt 0.471160 0.817383
vt 0.460102 0.787120
vt 0.479468 0.771550
vt 0.532988 0.762731
vt 0.512023 0.788590
vt 0.495516 0.758205
vt 0.515753 0.734920
vt 0.413326 0.306655
vt 0.395610 0.327096
vt 0.386227 0.299010
vt 0.411423 0.275191
vt 0.373392 0.332856
vt 0.370274 0.297824
vt 0.361383 0.273805
vt 0.380572 0.278791
vt 0.405628 0.265069
vt 0.417055 0.441901
vt 0.399220 0.437748
vt 0.392942 0.392379
vt 0.415673 0.386313
vt 0.390331 0.441449
vt 0.379825 0.397930
vt 0.456383 0.406757
vt 0.440734 0.416124
vt 0.446059 0.365169
vt 0.457399 0.355687
vt 0.425890 0.309669
vt 0.436821 0.307528
vt 0.880514 0.165166
vt 0.868630 0.183059
vt 0.898045 0.156698
vt 0.893475 0.173586
vt 0.884080 0.181458
vt 0.876960 0.189542
vt 0.801256 0.585198
vt 0.794835 0.579401
vt 0.780734 0.585900
vt 0.760864 0.586580
vt 0.755570 0.571080
vt 0.774885 0.575173
vt 0.754704 0.543431
vt 0.772638 0.556492
vt 0.937693 0.118123
vt 0.942168 0.123225
vt 0.572846 0.891887
vt 0.627373 0.925236
vt 0.556879 0.934607
vt 0.541717 0.905534
vt 0.611266 0.965552
vt 0.572133 0.976569
vt 0.535073 0.943530
vt 0.542821 0.978440
vt 0.514562 0.976368
vt 0.515592 0.945988
vt 0.531222 0.913149
vt 0.520645 0.919523
vt 0.306321 0.752338
vt 0.333669 0.783502
vt 0.307221 0.787761
vt 0.495694 0.887342
vt 0.506723 0.866227
vt 0.513346 0.876950
vt 0.510289 0.888346
vt 0.523035 0.856519
vt 0.533662 0.856168
vt 0.528803 0.867844
vt 0.517220 0.872935
vt 0.357832 0.878076
vt 0.387094 0.900424
vt 0.363626 0.903281
vt 0.352384 0.886517
vt 0.396759 0.920948
vt 0.368279 0.922096
vt 0.340559 0.909582
vt 0.348821 0.922207
vt 0.340018 0.919940
vt 0.331515 0.916153
vt 0.336705 0.894297
vt 0.315509 0.908055
vt 0.312358 0.921403
vt 0.308834 0.913861
vt 0.316861 0.938842
vt 0.308005 0.927353
vt 0.300732 0.925405
vt 0.294830 0.922483
vt 0.401587 0.935666
vt 0.405580 0.948781
vt 0.377064 0.950308
vt 0.371924 0.934244
vt 0.409893 0.960995
vt 0.385891 0.961260
vt 0.352169 0.955901
vt 0.360893 0.963603
vt 0.319257 0.969491
vt 0.319869 0.956310
vt 0.352216 0.935558
vt 0.336537 0.931935
vt 0.346500 0.723337
vt 0.319643 0.707183
vt 0.324978 0.691203
vt 0.348948 0.711951
vt 0.311647 0.695741
vt 0.321455 0.680593
vt 0.329441 0.682165
vt 0.324746 0.675831
vt 0.332805 0.666720
vt 0.338423 0.672170
vt 0.353427 0.701073
vt 0.358112 0.682921
vt 0.825441 0.749232
vt 0.850164 0.757469
vt 0.849469 0.800300
vt 0.834678 0.791886
vt 0.874273 0.787808
vt 0.869159 0.819809
vt 0.844072 0.823532
vt 0.862169 0.835522
vt 0.853057 0.850575
vt 0.834695 0.844991
vt 0.831371 0.816209
vt 0.822892 0.839661
vt 0.813844 0.877884
vt 0.847924 0.879299
vt 0.753310 0.884988
vt 0.786007 0.867857
vt 0.799700 0.872790
vt 0.849575 0.736637
vt 0.809036 0.728518
vt 0.885979 0.788763
vt 0.895113 0.880551
vt 0.882415 0.838204
vt 0.855855 0.906630
vt 0.868686 0.860846
vt 0.421911 0.683146
vt 0.404123 0.689624
vt 0.388594 0.653208
vt 0.399176 0.650442
vt 0.389862 0.689976
vt 0.379778 0.654848
vt 0.370836 0.616618
vt 0.375774 0.614733
vt 0.379717 0.614014
vt 0.722396 0.836170
vt 0.695579 0.784655
vt 0.740527 0.794783
vt 0.741968 0.811471
vt 0.747407 0.713177
vt 0.743514 0.762836
vt 0.579291 0.698801
vt 0.548275 0.722586
vt 0.516592 0.704108
vt 0.547152 0.678891
vt 0.391089 0.822694
vt 0.371550 0.826324
vt 0.373893 0.786526
vt 0.389897 0.790552
vt 0.773524 0.841421
vt 0.751579 0.830263
vt 0.446366 0.826888
vt 0.416383 0.817566
vt 0.407253 0.793947
vt 0.434648 0.798992
vt 0.769938 0.720794
vt 0.754581 0.748800
vt 0.539121 0.738864
vt 0.517567 0.717593
vt 0.354570 0.582092
vt 0.358648 0.579620
vt 0.350227 0.587626
vt 0.327151 0.572710
vt 0.331144 0.561469
vt 0.337922 0.555861
vt 0.446417 0.665770
vt 0.437516 0.672733
vt 0.411763 0.645038
vt 0.420893 0.639329
vt 0.430888 0.676986
vt 0.405990 0.647454
vt 0.382438 0.613192
vt 0.385195 0.612434
vt 0.391427 0.609822
vt 0.462784 0.647564
vt 0.455239 0.657411
vt 0.427721 0.632395
vt 0.432205 0.624560
vt 0.396336 0.606842
vt 0.399008 0.603664
vt 0.379714 0.691718
vt 0.371372 0.693887
vt 0.369306 0.657910
vt 0.374347 0.656425
vt 0.469981 0.633782
vt 0.435073 0.614451
vt 0.402552 0.598529
vt 0.364546 0.619992
vt 0.367689 0.618291
vt 0.277461 0.923800
vt 0.288135 0.922919
vt 0.291536 0.929686
vt 0.280160 0.933984
vt 0.300999 0.931872
vt 0.285458 0.945232
vt 0.345943 0.663157
vt 0.355597 0.663935
vt 0.337663 0.663595
vt 0.339174 0.661691
vt 0.342612 0.661270
vt 0.351159 0.655741
vt 0.308929 0.949392
vt 0.298637 0.960514
vt 0.464238 0.287667
vt 0.474641 0.288566
vt 0.439240 0.286969
vt 0.450483 0.285007
vt 0.358112 0.796267
vt 0.340091 0.799439
vt 0.357503 0.787010
vt 0.494425 0.947444
vt 0.489730 0.925564
vt 0.488526 0.971757
vt 0.464227 0.967843
vt 0.469947 0.951322
vt 0.472713 0.940597
vt 0.564927 0.861406
vt 0.545021 0.848313
vt 0.554001 0.839250
vt 0.519008 0.909470
vt 0.499277 0.912159
vt 0.510134 0.898397
vt 0.518175 0.895996
vt 0.486533 0.914203
vt 0.487008 0.890943
vt 0.488371 0.865829
vt 0.318065 0.543947
vt 0.327968 0.538293
vt 0.308520 0.559914
vt 0.301724 0.549713
vt 0.310784 0.538351
vt 0.319914 0.533060
vt 0.365429 0.577853
vt 0.373181 0.576226
vt 0.362122 0.578712
vt 0.343693 0.554549
vt 0.350330 0.552904
vt 0.365137 0.549841
vt 0.379372 0.575069
vt 0.383303 0.573970
vt 0.377256 0.548187
vt 0.384804 0.547421
vt 0.346278 0.594539
vt 0.348126 0.591116
vt 0.389506 0.571673
vt 0.396180 0.546058
vt 0.320709 0.589680
vt 0.323541 0.581966
vt 0.042269 0.708635
vt 0.041097 0.717993
vt 0.034985 0.705395
vt 0.034627 0.696707
vt 0.034257 0.735531
vt 0.029119 0.727726
vt 0.024470 0.718699
vt 0.024509 0.700113
vt 0.024470 0.692554
vt 0.342714 0.536126
vt 0.360203 0.532840
vt 0.334979 0.537050
vt 0.326663 0.529634
vt 0.334161 0.527311
vt 0.353511 0.525673
vt 0.372711 0.531160
vt 0.381621 0.532908
vt 0.365286 0.520538
vt 0.381372 0.520649
vt 0.302544 0.581004
vt 0.305977 0.571032
vt 0.396764 0.524659
vt 0.403166 0.513378
vt 0.297370 0.568553
vt 0.299148 0.558933
vt 0.380869 0.757107
vt 0.391347 0.764566
vt 0.509372 0.688136
vt 0.523746 0.670857
vt 0.492910 0.677995
vt 0.506487 0.664816
vt 0.385475 0.735464
vt 0.395026 0.739283
vt 0.499320 0.702447
vt 0.490895 0.718039
vt 0.474453 0.703248
vt 0.483916 0.689486
vt 0.475505 0.736584
vt 0.450450 0.756995
vt 0.464243 0.745829
vt 0.441642 0.734880
vt 0.452338 0.725872
vt 0.461628 0.718527
vt 0.426548 0.771864
vt 0.403570 0.774975
vt 0.406022 0.743023
vt 0.421896 0.744508
vt 0.381352 0.717207
vt 0.390740 0.717948
vt 0.478666 0.665778
vt 0.490521 0.655766
vt 0.470459 0.675513
vt 0.461686 0.686920
vt 0.451580 0.700135
vt 0.434567 0.714737
vt 0.443994 0.706784
vt 0.416822 0.721934
vt 0.402159 0.719638
vt 0.894520 0.587922
vt 0.857298 0.601530
vt 0.919064 0.575587
vt 0.674560 0.533371
vt 0.696776 0.543327
vt 0.691640 0.579481
vt 0.671098 0.579154
vt 0.708098 0.552302
vt 0.708553 0.582908
vt 0.804862 0.602364
vt 0.779369 0.600660
vt 0.885972 0.206458
vt 0.881729 0.200777
vt 0.891533 0.194205
vt 0.895990 0.199951
vt 0.902267 0.182694
vt 0.909525 0.188978
vt 0.864418 0.211356
vt 0.859759 0.200748
vt 0.870636 0.202433
vt 0.875754 0.209896
vt 0.943543 0.137752
vt 0.925741 0.159575
vt 0.949480 0.147859
vt 0.955227 0.157645
vt 0.941581 0.176136
vt 0.933789 0.167989
vt 0.916551 0.195063
vt 0.868929 0.221628
vt 0.880709 0.217121
vt 0.891307 0.228506
vt 0.881994 0.233726
vt 0.890080 0.211958
vt 0.899773 0.222628
vt 0.910446 0.237311
vt 0.903116 0.242029
vt 0.895902 0.246466
vt 0.919555 0.235004
vt 0.926946 0.263473
vt 0.919208 0.262595
vt 0.929668 0.232217
vt 0.933184 0.264692
vt 0.942668 0.291940
vt 0.932579 0.290683
vt 0.923705 0.288670
vt 0.984029 0.190947
vt 0.966341 0.214658
vt 0.961608 0.195572
vt 0.843822 0.231791
vt 0.867320 0.241944
vt 0.887612 0.248650
vt 0.953192 0.233154
vt 0.946278 0.227861
vt 0.943630 0.198478
vt 0.927091 0.209090
vt 0.938081 0.228048
vt 0.900306 0.205514
vt 0.910526 0.217147
vt 0.687419 0.496824
vt 0.697369 0.518092
vt 0.701090 0.476395
vt 0.704502 0.516552
vt 0.827470 0.428508
vt 0.816786 0.446034
vt 0.774973 0.438168
vt 0.780451 0.426552
vt 0.849882 0.171313
vt 0.850479 0.198947
vt 0.852471 0.207959
vt 0.854400 0.216685
vt 0.758663 0.437115
vt 0.759841 0.444418
vt 0.745191 0.450469
vt 0.737568 0.447341
vt 0.858866 0.468317
vt 0.901661 0.496072
vt 0.848468 0.142880
vt 0.873297 0.446978
vt 0.915899 0.487555
vt 0.962976 0.648185
vt 0.939841 0.652167
vt 0.932439 0.571401
vt 0.946149 0.569847
vt 0.993814 0.740409
vt 0.967890 0.747710
vt 0.946376 0.712697
vt 0.979478 0.703545
vt 0.373115 0.413956
vt 0.363772 0.390402
vt 0.379356 0.444900
vt 0.361383 0.439885
vt 0.910100 0.298067
vt 0.917678 0.292389
vt 0.925256 0.309571
vt 0.921362 0.314965
vt 0.930923 0.305867
vt 0.940892 0.334581
vt 0.937701 0.335749
vt 0.934723 0.337715
vt 0.911611 0.266283
vt 0.904281 0.270107
vt 0.953403 0.258378
vt 0.947046 0.257824
vt 0.898336 0.270110
vt 0.902514 0.300631
vt 0.962963 0.285977
vt 0.955887 0.286319
vt 0.939854 0.261203
vt 0.948738 0.289572
vt 0.947377 0.335843
vt 0.950437 0.335242
vt 0.954812 0.356783
vt 0.952345 0.357780
vt 0.953317 0.334115
vt 0.956988 0.355896
vt 0.967736 0.372560
vt 0.965245 0.374282
vt 0.959356 0.376510
vt 0.957363 0.308271
vt 0.953036 0.308466
vt 0.918787 0.317769
vt 0.932096 0.339342
vt 0.956080 0.333327
vt 0.947790 0.309607
vt 0.943137 0.309732
vt 0.938230 0.307408
vt 0.944142 0.335409
vt 0.949431 0.379332
vt 0.953045 0.378590
vt 0.962188 0.393704
vt 0.954619 0.393873
vt 0.972085 0.393112
vt 0.970230 0.401277
vt 0.961036 0.402807
vt 0.955246 0.403524
vt 0.949664 0.358611
vt 0.947193 0.359100
vt 0.944606 0.359567
vt 0.941593 0.359808
vt 0.947199 0.379703
vt 0.943206 0.380182
vt 0.959231 0.355310
vt 0.938711 0.359735
vt 0.936269 0.380198
vt 0.971941 0.368281
vt 0.074289 0.717818
vt 0.072413 0.701477
vt 0.083744 0.695571
vt 0.084069 0.717189
vt 0.072919 0.684986
vt 0.081854 0.681197
vt 0.089472 0.680495
vt 0.092651 0.690387
vt 0.092651 0.706473
vt 0.949322 0.394583
vt 0.941566 0.395533
vt 0.950973 0.403291
vt 0.945825 0.402060
vt 0.983622 0.382255
vt 0.979796 0.388013
vt 0.930943 0.399595
vt 0.936623 0.406373
vt 0.992755 0.385893
vt 0.984888 0.394147
vt 0.977649 0.391506
vt 0.979440 0.399959
vt 0.351915 0.760072
vt 0.312855 0.802231
vt 0.303089 0.731520
vt 0.437075 0.950526
vt 0.439146 0.938928
vt 0.436618 0.963033
vt 0.470394 0.852166
vt 0.469832 0.891393
vt 0.436001 0.898279
vt 0.434370 0.864089
vt 0.477366 0.917510
vt 0.439537 0.924085
vt 0.729307 0.591474
vt 0.716317 0.630031
vt 0.734696 0.570441
vt 0.754687 0.599010
vt 0.753923 0.634270
vt 0.724579 0.512795
vt 0.716717 0.460118
vt 0.735762 0.481629
vt 0.694051 0.898646
vt 0.676399 0.869990
vt 0.665625 0.930073
vt 0.631448 0.886442
vt 0.733413 0.869908
vt 0.689422 0.713776
vt 0.699236 0.673294
vt 0.751535 0.675549
vt 0.953638 0.130446
vt 0.777064 0.547153
vt 0.786958 0.558895
vt 0.791148 0.569994
vt 0.966041 0.134437
vt 0.751684 0.490039
vt 0.767484 0.535785
vt 0.829341 0.222703
vt 0.978050 0.138301
vt 0.992755 0.173189
vt 0.507930 0.849725
vt 0.510337 0.830867
vt 0.528001 0.904240
vt 0.537248 0.899230
vt 0.556920 0.886499
vt 0.530161 0.843632
vt 0.035054 0.687903
vt 0.025094 0.685417
vt 0.042812 0.699526
vt 0.527630 0.890218
vt 0.537098 0.882879
vt 0.537624 0.831650
vt 0.545455 0.876132
vt 0.522601 0.893150
vt 0.297571 0.910449
vt 0.304983 0.901665
vt 0.321725 0.885334
vt 0.289630 0.912342
vt 0.294176 0.912847
vt 0.276490 0.909732
vt 0.334267 0.877115
vt 0.350429 0.865633
vt 0.395688 0.855131
vt 0.283955 0.753873
vt 0.430884 0.291730
vt 0.421675 0.296188
vt 0.421503 0.280740
vt 0.428645 0.277689
vt 0.436350 0.268716
vt 0.451999 0.278170
vt 0.283452 0.811649
vt 0.280743 0.780530
vt 0.296692 0.903764
vt 0.299977 0.901910
vt 0.328709 0.667096
vt 0.333423 0.662974
vt 0.308393 0.895626
vt 0.322921 0.881931
vt 0.321619 0.675636
vt 0.332938 0.874945
vt 0.345541 0.865454
vt 0.335098 0.660723
vt 0.336899 0.657491
vt 0.292710 0.903046
vt 0.278122 0.901009
vt 0.343545 0.649141
vt 0.319003 0.680435
vt 0.309979 0.691625
vt 0.341402 0.847559
vt 0.353612 0.830516
vt 0.328135 0.657382
vt 0.330350 0.651344
vt 0.288254 0.893193
vt 0.296303 0.892139
vt 0.325420 0.662348
vt 0.277872 0.892754
vt 0.332552 0.642556
vt 0.332743 0.860805
vt 0.289334 0.709114
vt 0.304742 0.695283
vt 0.308442 0.688386
vt 0.303156 0.889979
vt 0.317860 0.881827
vt 0.317861 0.672355
vt 0.324535 0.859034
vt 0.333186 0.848601
vt 0.286561 0.887170
vt 0.292034 0.885010
vt 0.309822 0.878458
vt 0.296936 0.884248
vt 0.278929 0.889828
vt 0.345465 0.834324
vt 0.282715 0.706232
vt 0.298001 0.692892
vt 0.319903 0.657692
vt 0.323943 0.652764
vt 0.301598 0.686626
vt 0.311053 0.670461
vt 0.346138 0.826395
vt 0.351857 0.820844
vt 0.328213 0.645209
vt 0.330454 0.639396
vt 0.439325 0.487106
vt 0.434726 0.530127
vt 0.422591 0.530733
vt 0.429321 0.490067
vt 0.419565 0.543718
vt 0.411629 0.545310
vt 0.446778 0.491065
vt 0.439792 0.529971
vt 0.422646 0.551652
vt 0.417519 0.552602
vt 0.453522 0.502246
vt 0.443072 0.535657
vt 0.426984 0.555064
vt 0.461473 0.516682
vt 0.446686 0.546620
vt 0.432150 0.564120
vt 0.469578 0.533788
vt 0.452790 0.559648
vt 0.441089 0.574891
vt 0.470569 0.480597
vt 0.484651 0.502473
vt 0.463202 0.464888
vt 0.499224 0.491265
vt 0.484115 0.462164
vt 0.478021 0.446255
vt 0.499872 0.526478
vt 0.479609 0.548792
vt 0.517512 0.518646
vt 0.510987 0.544850
vt 0.493789 0.559327
vt 0.527007 0.537830
vt 0.533799 0.553282
vt 0.519909 0.557712
vt 0.505177 0.568637
vt 0.526814 0.567950
vt 0.511502 0.579636
vt 0.540858 0.564807
vt 0.494039 0.580313
vt 0.502180 0.592509
vt 0.480602 0.573370
vt 0.486273 0.588774
vt 0.495832 0.603079
vt 0.471832 0.583331
vt 0.603521 0.526321
vt 0.609693 0.531550
vt 0.605637 0.544497
vt 0.596946 0.543705
vt 0.608733 0.555221
vt 0.600897 0.558294
vt 0.585302 0.544034
vt 0.589072 0.561081
vt 0.593766 0.524299
vt 0.572351 0.562831
vt 0.567792 0.545754
vt 0.576748 0.526648
vt 0.550310 0.549104
vt 0.557271 0.563765
vt 0.552212 0.531771
vt 0.578952 0.582551
vt 0.566562 0.580413
vt 0.550903 0.576884
vt 0.590477 0.616909
vt 0.579505 0.616660
vt 0.567447 0.615764
vt 0.601540 0.647962
vt 0.593997 0.649685
vt 0.584846 0.650840
vt 0.604038 0.666814
vt 0.589487 0.667305
vt 0.602350 0.614788
vt 0.609814 0.644615
vt 0.616088 0.662408
vt 0.300628 0.346474
vt 0.310428 0.344506
vt 0.308963 0.362495
vt 0.301186 0.358535
vt 0.309899 0.377007
vt 0.300851 0.374575
vt 0.289310 0.340270
vt 0.287607 0.356298
vt 0.288267 0.373104
vt 0.304302 0.382481
vt 0.298715 0.383345
vt 0.290268 0.384880
vt 0.249725 0.486020
vt 0.246932 0.492253
vt 0.239608 0.493044
vt 0.240561 0.486203
vt 0.137349 0.301693
vt 0.128079 0.303871
vt 0.116969 0.268156
vt 0.123452 0.264438
vt 0.228128 0.498150
vt 0.226816 0.493581
vt 0.115792 0.304034
vt 0.109946 0.274632
vt 0.093192 0.123920
vt 0.090846 0.126018
vt 0.083484 0.075465
vt 0.084463 0.075110
vt 0.095506 0.122575
vt 0.085369 0.074515
vt 0.211633 0.431229
vt 0.204110 0.469785
vt 0.197146 0.465123
vt 0.202649 0.431939
vt 0.208980 0.612753
vt 0.211343 0.614222
vt 0.211633 0.662941
vt 0.210674 0.662760
vt 0.108283 0.307037
vt 0.102407 0.272837
vt 0.088170 0.125303
vt 0.082399 0.075195
vt 0.293082 0.402149
vt 0.295404 0.393401
vt 0.304318 0.395248
vt 0.305486 0.402391
vt 0.301052 0.390808
vt 0.291879 0.392714
vt 0.310296 0.395758
vt 0.314832 0.401179
vt 0.307020 0.387980
vt 0.305585 0.413516
vt 0.292389 0.415170
vt 0.314505 0.413037
vt 0.305937 0.424054
vt 0.295565 0.427283
vt 0.314832 0.423225
vt 0.251822 0.759210
vt 0.255864 0.754714
vt 0.262826 0.758471
vt 0.263159 0.765264
vt 0.217845 0.497767
vt 0.215707 0.492098
vt 0.227707 0.483139
vt 0.215707 0.485334
vt 0.217848 0.477931
vt 0.227606 0.478121
vt 0.290373 0.430619
vt 0.287607 0.421306
vt 0.259257 0.732323
vt 0.268148 0.732000
vt 0.229464 0.519424
vt 0.219956 0.519792
vt 0.230268 0.536260
vt 0.221565 0.537263
vt 0.261511 0.714860
vt 0.271674 0.711824
vt 0.249625 0.519069
vt 0.242300 0.520560
vt 0.250498 0.539814
vt 0.243983 0.541839
vt 0.251135 0.562929
vt 0.244927 0.565986
vt 0.231484 0.556311
vt 0.223200 0.557014
vt 0.243451 0.595075
vt 0.232979 0.583216
vt 0.225599 0.584944
vt 0.264531 0.695500
vt 0.274314 0.689038
vt 0.265611 0.667223
vt 0.273756 0.657982
vt 0.249712 0.594622
vt 0.251822 0.492305
vt 0.271066 0.632926
vt 0.246178 0.620679
vt 0.240058 0.619222
vt 0.232194 0.609061
vt 0.235476 0.693600
vt 0.223820 0.766454
vt 0.222432 0.765946
vt 0.231996 0.692681
vt 0.220406 0.765299
vt 0.227463 0.687308
vt 0.215707 0.759718
vt 0.230021 0.648186
vt 0.217622 0.761227
vt 0.255046 0.489271
vt 0.255050 0.486625
vt 0.255910 0.486020
vt 0.266227 0.559063
vt 0.220414 0.766574
vt 0.219752 0.430245
vt 0.228801 0.432682
vt 0.184064 0.756636
vt 0.175627 0.752180
vt 0.169689 0.705702
vt 0.178054 0.710388
vt 0.175582 0.682073
vt 0.167237 0.677633
vt 0.165037 0.649547
vt 0.172707 0.654835
vt 0.225554 0.400444
vt 0.232430 0.372537
vt 0.239866 0.376941
vt 0.233995 0.403861
vt 0.241385 0.469361
vt 0.244235 0.425440
vt 0.251410 0.398658
vt 0.255420 0.370667
vt 0.247952 0.425103
vt 0.262548 0.372583
vt 0.267404 0.340066
vt 0.275890 0.308372
vt 0.219174 0.004366
vt 0.232303 0.046924
vt 0.241446 0.100369
vt 0.235807 0.099740
vt 0.253885 0.129474
vt 0.266555 0.159054
vt 0.236458 0.105625
vt 0.237266 0.102823
vt 0.168222 0.747867
vt 0.159772 0.650465
vt 0.160177 0.648114
vt 0.161285 0.645158
vt 0.163988 0.614679
vt 0.160193 0.611889
vt 0.168026 0.579649
vt 0.172345 0.581291
vt 0.249579 0.135231
vt 0.267256 0.161723
vt 0.268273 0.164446
vt 0.263088 0.164446
vt 0.278367 0.204271
vt 0.273844 0.205609
vt 0.173230 0.536957
vt 0.176313 0.537070
vt 0.170743 0.617658
vt 0.180521 0.581680
vt 0.182877 0.535587
vt 0.249057 0.336868
vt 0.240987 0.334891
vt 0.246934 0.296919
vt 0.255807 0.297949
vt 0.264616 0.252741
vt 0.269945 0.254478
vt 0.263546 0.337855
vt 0.271542 0.304706
vt 0.279407 0.259242
vt 0.275818 0.305500
vt 0.276064 0.302634
vt 0.283134 0.260172
vt 0.276896 0.233098
vt 0.279298 0.234027
vt 0.282202 0.235549
vt 0.279473 0.228050
vt 0.278502 0.228250
vt 0.278390 0.230739
vt 0.277334 0.230827
vt 0.178740 0.514244
vt 0.181513 0.513615
vt 0.184064 0.513348
vt 0.276009 0.232544
vt 0.224982 0.000343
vt 0.215707 0.000391
vt 0.296053 0.437414
vt 0.291107 0.439242
vt 0.306051 0.434036
vt 0.304820 0.329994
vt 0.300406 0.337958
vt 0.288409 0.335306
vt 0.293805 0.326978
vt 0.244500 0.470232
vt 0.241121 0.473869
vt 0.314009 0.333632
vt 0.314705 0.429653
vt 0.581159 0.665899
vt 0.574387 0.652745
vt 0.565139 0.657086
vt 0.576675 0.665787
vt 0.558753 0.663302
vt 0.571331 0.672343
vt 0.544579 0.628036
vt 0.555357 0.619409
vt 0.538194 0.638009
vt 0.554786 0.668583
vt 0.535142 0.646267
vt 0.564476 0.681236
vt 0.614282 0.641430
vt 0.616887 0.639633
vt 0.623680 0.655919
vt 0.610271 0.611494
vt 0.615751 0.608193
vt 0.605050 0.576950
vt 0.612446 0.571769
vt 0.508041 0.621762
vt 0.511569 0.608647
vt 0.594313 0.581675
vt 0.519806 0.593858
vt 0.534969 0.581069
vt 0.314009 0.386711
vt 0.557738 0.510754
vt 0.586538 0.504006
vt 0.541830 0.489250
vt 0.579099 0.485520
vt 0.601695 0.503666
vt 0.598851 0.488256
vt 0.611748 0.508097
vt 0.611893 0.490718
vt 0.619921 0.514109
vt 0.623680 0.491912
vt 0.454631 0.581440
vt 0.464232 0.568690
vt 0.605535 0.473753
vt 0.617774 0.471390
vt 0.586360 0.470984
vt 0.598350 0.460100
vt 0.611229 0.458715
vt 0.570946 0.457249
vt 0.551159 0.466715
vt 0.541957 0.452802
vt 0.520299 0.464623
vt 0.510074 0.447004
vt 0.504596 0.436355
vt 0.538414 0.443373
vt 0.473739 0.439808
vt 0.459268 0.455597
vt 0.455223 0.450376
vt 0.468800 0.435018
vt 0.502288 0.425876
vt 0.446416 0.452451
vt 0.463046 0.424572
vt 0.501796 0.413538
vt 0.538003 0.432390
vt 0.540252 0.418725
vt 0.570355 0.440412
vt 0.567980 0.449013
vt 0.575938 0.432451
vt 0.595158 0.452509
vt 0.595823 0.446444
vt 0.600906 0.439821
vt 0.605926 0.449658
vt 0.611406 0.436986
vt 0.402848 0.554044
vt 0.607699 0.453749
vt 0.104348 0.225643
vt 0.098568 0.223521
vt 0.093592 0.174191
vt 0.097825 0.175567
vt 0.202828 0.514338
vt 0.208170 0.518080
vt 0.210399 0.566362
vt 0.206601 0.563694
vt 0.114485 0.217079
vt 0.109438 0.220098
vt 0.101516 0.171737
vt 0.105180 0.169544
vt 0.253843 0.490773
vt 0.267888 0.596117
vt 0.219129 0.762758
vt 0.234728 0.655626
vt 0.239536 0.656839
vt 0.291129 0.593700
vt 0.290337 0.593257
vt 0.290358 0.587455
vt 0.280154 0.618457
vt 0.290382 0.610377
vt 0.290351 0.614768
vt 0.285007 0.606608
vt 0.290370 0.605445
vt 0.300548 0.618457
vt 0.288458 0.597531
vt 0.290340 0.599439
vt 0.295697 0.606607
vt 0.289565 0.593698
vt 0.292241 0.597531
vt 0.042464 0.757242
vt 0.043235 0.750998
vt 0.043256 0.756800
vt 0.053439 0.781999
vt 0.043243 0.778311
vt 0.043211 0.773919
vt 0.048586 0.770151
vt 0.043224 0.768988
vt 0.033045 0.781999
vt 0.045135 0.761074
vt 0.043253 0.762982
vt 0.037896 0.770150
vt 0.044028 0.757240
vt 0.041353 0.761074
vt 0.083338 0.655357
vt 0.081585 0.613751
vt 0.111405 0.609267
vt 0.117231 0.646940
vt 0.048857 0.649821
vt 0.051493 0.611791
vt 0.016677 0.641962
vt 0.021259 0.607372
vt 0.141160 0.602320
vt 0.148635 0.636401
vt 0.080297 0.583187
vt 0.108086 0.580643
vt 0.052391 0.582990
vt 0.023775 0.580813
vt 0.136418 0.576066
vt 0.079219 0.557623
vt 0.105811 0.556734
vt 0.052647 0.558975
vt 0.025107 0.558938
vt 0.133251 0.554381
vt 0.078177 0.532898
vt 0.103409 0.532952
vt 0.053040 0.535074
vt 0.027794 0.535838
vt 0.128630 0.531589
vt 0.077072 0.506652
vt 0.100746 0.506505
vt 0.053468 0.508497
vt 0.030110 0.508868
vt 0.124053 0.504909
vt 0.075846 0.477562
vt 0.097620 0.476860
vt 0.054090 0.478694
vt 0.032577 0.478491
vt 0.119039 0.474848
vt 0.074498 0.445584
vt 0.094269 0.444565
vt 0.054712 0.446231
vt 0.035058 0.445747
vt 0.113812 0.442429
vt 0.073071 0.411701
vt 0.090896 0.410622
vt 0.055218 0.412124
vt 0.037421 0.411575
vt 0.108584 0.408578
vt 0.071620 0.377238
vt 0.087559 0.376206
vt 0.055649 0.377549
vt 0.039705 0.377000
vt 0.103401 0.374318
vt 0.070196 0.343408
vt 0.084278 0.342445
vt 0.056082 0.343631
vt 0.041988 0.343079
vt 0.098276 0.340711
vt 0.068836 0.311079
vt 0.081079 0.310181
vt 0.056561 0.311210
vt 0.044322 0.310648
vt 0.093229 0.308595
vt 0.067547 0.280344
vt 0.077965 0.279592
vt 0.057101 0.280466
vt 0.046686 0.280109
vt 0.088315 0.278364
vt 0.066476 0.254807
vt 0.076099 0.254139
vt 0.056830 0.254948
vt 0.047169 0.254822
vt 0.085716 0.253206
vt 0.065703 0.236437
vt 0.074865 0.235761
vt 0.056519 0.236535
vt 0.047397 0.236237
vt 0.083925 0.234698
vt 0.065079 0.221649
vt 0.073268 0.220878
vt 0.056852 0.221575
vt 0.048716 0.221035
vt 0.081331 0.219651
vt 0.064463 0.207162
vt 0.071766 0.206455
vt 0.057127 0.207081
vt 0.049792 0.206586
vt 0.079033 0.205341
vt 0.063811 0.191823
vt 0.070360 0.191259
vt 0.057236 0.191819
vt 0.050639 0.191492
vt 0.076907 0.190374
vt 0.063127 0.175733
vt 0.068965 0.175297
vt 0.057274 0.175794
vt 0.051401 0.175594
vt 0.074800 0.174601
vt 0.062424 0.159106
vt 0.067540 0.158771
vt 0.057298 0.159203
vt 0.052161 0.159088
vt 0.072649 0.158223
vt 0.061683 0.141531
vt 0.066099 0.141247
vt 0.057259 0.141619
vt 0.052826 0.141529
vt 0.070509 0.140785
vt 0.060835 0.121342
vt 0.064463 0.121099
vt 0.057198 0.121405
vt 0.053562 0.121340
vt 0.068082 0.120730
vt 0.059763 0.095833
vt 0.062650 0.095650
vt 0.056872 0.095893
vt 0.053979 0.095877
vt 0.065531 0.095392
vt 0.058343 0.062043
vt 0.060483 0.061918
vt 0.056200 0.062099
vt 0.054056 0.062112
vt 0.062621 0.061752
vt 0.056451 0.017085
vt 0.057847 0.017069
vt 0.055058 0.017186
vt 0.053665 0.017265
vt 0.059242 0.017030
vt 0.616139 0.416151
vt 0.643590 0.400544
vt 0.666631 0.456362
vt 0.643170 0.471877
vt 0.101671 0.050890
vt 0.199339 0.053900
vt 0.206145 0.082212
vt 0.118977 0.074580
vt 0.259631 0.962129
vt 0.196609 0.958335
vt 0.190374 0.925898
vt 0.257528 0.939382
vt 0.672867 0.387874
vt 0.691955 0.443411
vt 0.839256 0.922062
vt 0.856883 0.916940
vt 0.879322 0.990602
vt 0.866612 0.993993
vt 0.191069 0.900012
vt 0.258950 0.916948
vt 0.144450 0.126662
vt 0.212585 0.147409
vt 0.210438 0.179924
vt 0.150014 0.154408
vt 0.876320 0.909660
vt 0.893981 0.989013
vt 0.926883 0.984988
vt 0.913336 0.891058
vt 0.928809 0.883788
vt 0.947175 0.983593
vt 0.205770 0.211290
vt 0.152024 0.182226
vt 0.273926 0.881795
vt 0.196847 0.854039
vt 0.204399 0.834358
vt 0.277549 0.865787
vt 0.945176 0.880194
vt 0.969539 0.986164
vt 0.702799 0.375174
vt 0.717021 0.431625
vt 0.212184 0.815283
vt 0.289412 0.858301
vt 0.262088 0.982369
vt 0.222341 0.986669
vt 0.199277 0.241936
vt 0.150279 0.209562
vt 0.252298 0.993974
vt 0.209981 0.114043
vt 0.134093 0.099874
vt 0.192677 0.272599
vt 0.142842 0.235822
vt 0.962299 0.877398
vt 0.991320 0.969741
vt 0.895171 0.900469
vt 0.909518 0.987033
vt 0.069679 0.018045
vt 0.194086 0.003789
vt 0.193191 0.028738
vt 0.091996 0.027479
vt 0.220221 0.797154
vt 0.292112 0.844831
vt 0.193670 0.876932
vt 0.261375 0.895488
vt 0.229296 0.778092
vt 0.297504 0.832395
vt 0.720679 0.365967
vt 0.742179 0.424076
vt 0.817266 0.409898
vt 0.783031 0.345665
vt 0.832461 0.344658
vt 0.848400 0.405826
vt 0.873491 0.359720
vt 0.886884 0.415268
vt 0.907155 0.388128
vt 0.936697 0.440010
vt 0.738560 0.356760
vt 0.780821 0.413158
vt 0.081691 0.924057
vt 0.072607 0.921775
vt 0.073402 0.950462
vt 0.084786 0.952553
vt 0.072064 0.988783
vt 0.090374 0.989771
vt 0.062360 0.944771
vt 0.055444 0.984807
vt 0.066775 0.913340
vt 0.055352 0.904077
vt 0.049321 0.937713
vt 0.042377 0.979733
vt 0.033376 0.934481
vt 0.031882 0.974019
vt 0.038392 0.900344
vt 0.097712 0.949329
vt 0.092849 0.919038
vt 0.109066 0.941354
vt 0.101729 0.910398
vt 0.107077 0.986939
vt 0.121898 0.981173
vt 0.118290 0.892892
vt 0.104320 0.864146
vt 0.097432 0.869799
vt 0.105558 0.900185
vt 0.096449 0.876560
vt 0.087344 0.838664
vt 0.084863 0.840999
vt 0.090705 0.836735
vt 0.134235 0.972765
vt 0.119326 0.932417
vt 0.132852 0.926143
vt 0.143488 0.963526
vt 0.069484 0.844906
vt 0.065790 0.815446
vt 0.061944 0.816264
vt 0.063726 0.844828
vt 0.059596 0.817382
vt 0.060390 0.843084
vt 0.064032 0.802790
vt 0.061790 0.806105
vt 0.064854 0.804315
vt 0.087363 0.882847
vt 0.076227 0.886675
vt 0.077863 0.843262
vt 0.065532 0.879012
vt 0.055876 0.872852
vt 0.043479 0.870775
vt 0.054631 0.841564
vt 0.048518 0.841457
vt 0.068192 0.885307
vt 0.069471 0.799400
vt 0.064493 0.799435
vt 0.064030 0.801814
vt 0.064664 0.801831
vt 0.060310 0.804860
vt 0.056462 0.807654
vt 0.075339 0.814612
vt 0.070957 0.814395
vt 0.080882 0.815152
vt 0.077524 0.814777
vt 0.072687 0.797680
vt 0.076652 0.801415
vt 0.056858 0.817830
vt 0.053489 0.818499
vt 0.996407 0.007899
vt 0.996407 0.068285
vt 0.970743 0.068285
vt 0.970743 0.007899
vt 0.945079 0.068285
vt 0.945079 0.007899
vt 0.919414 0.068285
vt 0.919414 0.007899
vt 0.893750 0.068285
vt 0.893750 0.007899
vt 0.868085 0.068285
vt 0.868085 0.007899
vt 0.842421 0.068285
vt 0.842421 0.007899
vt 0.816757 0.068285
vt 0.816757 0.007899
vt 0.791092 0.068285
vt 0.791092 0.007899
vt 0.172739 0.836050
vt 0.173056 0.843879
vt 0.181975 0.845954
vt 0.181795 0.833314
vt 0.161429 0.765442
vt 0.153862 0.766352
vt 0.155460 0.770808
vt 0.160592 0.770299
vt 0.159888 0.774085
vt 0.156705 0.774329
vt 0.157720 0.777376
vt 0.159235 0.777285
vt 0.165140 0.838585
vt 0.165329 0.842313
vt 0.193261 0.848553
vt 0.193354 0.829921
vt 0.158566 0.780150
vt 0.158333 0.840923
vt 0.163588 0.845632
vt 0.169463 0.850848
vt 0.176198 0.856904
vt 0.184690 0.864535
vt 0.151247 0.773639
vt 0.154045 0.776086
vt 0.156436 0.778206
vt 0.147734 0.770540
vt 0.148879 0.778148
vt 0.152561 0.778915
vt 0.155720 0.779555
vt 0.160463 0.847657
vt 0.162889 0.855145
vt 0.165916 0.863814
vt 0.144252 0.777096
vt 0.169710 0.874770
vt 0.156801 0.847952
vt 0.155067 0.855745
vt 0.153342 0.864993
vt 0.144228 0.784720
vt 0.148951 0.783322
vt 0.152640 0.782130
vt 0.155758 0.781069
vt 0.151175 0.876865
vt 0.154373 0.784838
vt 0.156556 0.782344
vt 0.153514 0.846357
vt 0.148064 0.852329
vt 0.141560 0.859604
vt 0.132774 0.869382
vt 0.151735 0.787829
vt 0.148157 0.791814
vt 0.151506 0.843270
vt 0.143888 0.845750
vt 0.134932 0.848525
vt 0.123384 0.851887
vt 0.156527 0.790003
vt 0.157243 0.786237
vt 0.157903 0.783026
vt 0.155683 0.794842
vt 0.159431 0.782937
vt 0.151321 0.839528
vt 0.143563 0.837908
vt 0.134615 0.835966
vt 0.163249 0.793998
vt 0.161640 0.789560
vt 0.160445 0.786013
vt 0.123384 0.833259
vt 0.147237 0.830984
vt 0.140402 0.824973
vt 0.169358 0.789801
vt 0.165841 0.786712
vt 0.163092 0.784203
vt 0.160694 0.782080
vt 0.153075 0.836212
vt 0.131926 0.817261
vt 0.156206 0.834185
vt 0.153786 0.826701
vt 0.150764 0.817994
vt 0.146917 0.807033
vt 0.168202 0.782207
vt 0.164554 0.781359
vt 0.161404 0.780736
vt 0.172825 0.783245
vt 0.163411 0.816914
vt 0.165454 0.805029
vt 0.168112 0.777052
vt 0.164441 0.778169
vt 0.161361 0.779229
vt 0.159879 0.833897
vt 0.161566 0.826133
vt 0.172825 0.775627
vt 0.163176 0.835491
vt 0.168573 0.829421
vt 0.175140 0.822269
vt 0.168935 0.768511
vt 0.165398 0.772531
vt 0.162741 0.775487
vt 0.160569 0.777964
vt 0.183806 0.812557
vt 0.575809 0.365766
vt 0.586309 0.357637
vt 0.587587 0.379850
vt 0.584214 0.384602
vt 0.593515 0.403166
vt 0.588892 0.407265
vt 0.592663 0.375426
vt 0.598586 0.399442
vt 0.593232 0.351570
vt 0.600602 0.348425
vt 0.602601 0.370834
vt 0.603562 0.393586
vt 0.616808 0.366408
vt 0.610546 0.384337
vt 0.611109 0.344848
vt 0.588937 0.333536
vt 0.592977 0.334276
vt 0.595728 0.325713
vt 0.585987 0.315193
vt 0.575692 0.356446
vt 0.584817 0.340968
vt 0.581736 0.326119
vt 0.578963 0.342962
vt 0.584537 0.412250
vt 0.581810 0.390826
vt 0.575692 0.373870
vt 0.577841 0.398282
vt 0.576880 0.383450
vt 0.580153 0.411334
vt 0.558750 0.352357
vt 0.539679 0.369276
vt 0.538215 0.366611
vt 0.549435 0.348895
vt 0.533608 0.385191
vt 0.530230 0.381380
vt 0.527596 0.376749
vt 0.534863 0.361777
vt 0.538914 0.344959
vt 0.527730 0.355435
vt 0.533131 0.341201
vt 0.526273 0.371519
vt 0.525582 0.364281
vt 0.525358 0.352408
vt 0.529106 0.338712
vt 0.539891 0.330084
vt 0.545722 0.330776
vt 0.540789 0.323009
vt 0.554715 0.311887
vt 0.552536 0.334815
vt 0.561344 0.344110
vt 0.558885 0.312856
vt 0.560974 0.332079
vt 0.539554 0.376128
vt 0.536925 0.387761
vt 0.551547 0.362686
vt 0.546365 0.373286
vt 0.541680 0.381879
vt 0.537917 0.386737
vt 0.561458 0.365604
vt 0.555636 0.374176
vt 0.525234 0.327554
vt 0.545173 0.308940
vt 0.521886 0.377061
vt 0.518536 0.366938
vt 0.537779 0.392153
vt 0.534090 0.395130
vt 0.559893 0.294685
vt 0.528292 0.392845
vt 0.563917 0.311260
vt 0.566572 0.332231
vt 0.567850 0.348268
vt 0.518536 0.349343
vt 0.566036 0.358348
vt 0.545865 0.385540
vt 0.524085 0.389057
vt 0.521848 0.383779
vt 0.514485 0.307478
vt 0.514485 0.280682
vt 0.518520 0.281152
vt 0.517564 0.310810
vt 0.524956 0.284770
vt 0.525828 0.312226
vt 0.531082 0.290483
vt 0.529558 0.308181
s 1
usemtl Material.001
f 3/1/1 19/2/2 45/3/3 18/4/4
f 19/2/2 4/5/5 20/6/6 45/3/3
f 45/3/3 20/6/6 1/7/7 21/8/8
f 18/4/4 45/3/3 21/8/8 2/9/9
f 1/7/7 20/6/6 46/10/10 24/11/11
f 20/6/6 4/5/5 23/12/12 46/10/10
f 46/10/10 23/12/12 6/13/13 22/14/14
f 24/11/11 46/10/10 22/14/14 5/15/15
f 13/16/16 36/17/17 47/18/18 35/19/19
f 64/20/20 6/13/13 41/21/21 67/22/22
f 67/22/22 41/21/21 16/23/23 66/24/24
f 35/19/19 47/18/18 42/25/25 15/26/26
f 2/9/9 21/8/8 48/27/27 34/28/28
f 21/8/8 1/7/7 33/29/29 48/27/27
f 48/27/27 33/29/29 10/30/30 29/31/31
f 34/28/28 48/27/27 29/31/31 11/32/32
f 1/7/7 24/11/11 49/33/33 33/29/29
f 24/11/11 5/15/15 32/34/34 49/33/33
f 49/33/33 32/34/34 12/35/35 30/36/36
f 33/29/29 49/33/33 30/36/36 10/30/30
f 8/37/37 37/38/38 50/39/39 26/40/40
f 59/41/41 60/42/42 50/39/39 37/38/38
f 56/43/43 26/40/40 50/39/39 60/42/42
f 58/44/44 61/45/45 51/46/46 31/47/47
f 57/48/48 27/49/49 51/46/46 61/45/45
f 8/37/37 31/47/47 51/46/46 27/49/49
f 8/37/37 27/49/49 52/50/50 37/38/38
f 57/48/48 62/51/51 52/50/50 27/49/49
f 59/41/41 37/38/38 52/50/50 62/51/51
f 65/52/52 68/53/53 53/54/54 38/55/55
f 64/20/20 36/17/17 53/54/54 68/53/53
f 13/16/16 38/55/55 53/54/54 36/17/17
f 15/26/26 42/25/25 54/56/56 40/57/57
f 66/24/24 16/23/23 25/58/58 69/59/59
f 69/59/59 25/58/58 7/60/60 63/61/61
f 40/57/57 54/56/56 28/62/62 9/63/63
f 4/5/5 19/2/2 55/64/64 44/65/65
f 3/1/1 43/66/66 55/64/64 19/2/2
f 17/67/67 44/65/65 55/64/64 43/66/66
f 6/13/13 59/41/41 62/51/51 22/14/14
f 5/15/15 22/14/14 62/51/51 57/48/48
f 5/15/15 57/48/48 61/45/45 32/34/34
f 12/35/35 32/34/34 61/45/45 58/44/44
f 14/68/68 56/43/43 60/42/42 39/69/69
f 6/13/13 39/69/69 60/42/42 59/41/41
f 54/56/56 69/59/59 63/61/61 28/62/62
f 42/25/25 66/24/24 69/59/59 54/56/56
f 6/13/13 64/20/20 68/53/53 39/69/69
f 14/68/68 39/69/69 68/53/53 65/52/52
f 47/18/18 67/22/22 66/24/24 42/25/25
f 36/17/17 64/20/20 67/22/22 47/18/18
f 73/70/70 182/71/71 379/72/72 208/73/73
f 182/71/71 77/74/74 207/75/75 379/72/72
f 379/76/72 207/77/75 89/78/76 205/79/77
f 208/80/73 379/76/72 205/79/77 87/81/78
f 624/82/79 299/83/80 380/84/81 630/85/82
f 299/83/80 137/86/83 185/87/84 380/84/81
f 380/84/81 185/87/84 75/88/85 186/89/86
f 630/85/82 380/84/81 186/89/86 617/90/87
f 70/91/88 370/92/89 381/93/90 193/94/91
f 370/92/89 175/95/92 374/96/93 381/93/90
f 381/93/90 374/96/93 172/97/94 367/98/95
f 193/94/91 381/93/90 367/98/95 78/99/96
f 134/100/97 298/101/98 382/102/99 177/103/100
f 298/101/98 174/104/101 375/105/102 382/102/99
f 382/102/99 375/105/102 175/95/92 370/92/89
f 177/103/100 382/102/99 370/92/89 70/91/88
f 137/86/83 297/106/103 383/107/104 185/87/84
f 297/106/103 135/108/105 294/109/106 383/107/104
f 383/107/104 294/109/106 71/110/107 188/111/108
f 185/87/84 383/107/104 188/111/108 75/88/85
f 619/112/109 190/113/110 384/114/111 631/115/112
f 190/113/110 81/116/113 192/117/114 384/114/111
f 384/114/111 192/117/114 79/118/115 373/119/116
f 631/115/112 384/114/111 373/119/116 628/120/117
f 79/121/115 192/122/114 385/123/118
f 192/122/114 81/124/113 194/125/119 385/123/118
f 385/123/118 194/125/119 85/126/120 197/127/121
f 200/128/122 385/123/118 197/127/121 84/129/123
f 98/130/124 223/131/125 386/132/126 236/133/127
f 489/134/128 100/135/129 235/136/130 503/137/131
f 503/138/131 235/139/130 105/140/132 492/141/133
f 236/142/127 386/143/126 232/144/134 104/145/135
f 83/146/136 196/147/137 387/148/138 213/149/139
f 196/147/137 82/150/140 198/151/141 387/148/138
f 387/148/138 198/151/141 90/152/142 209/153/143
f 213/149/139 387/148/138 209/153/143 91/154/144
f 75/155/85 188/156/108 388/157/145 202/158/146
f 188/156/108 71/159/107 201/160/147 388/157/145
f 388/157/145 201/160/147 82/150/140 196/147/137
f 202/158/146 388/157/145 196/147/137 83/146/136
f 485/161/148 195/162/149 389/163/150 504/164/151
f 195/162/149 75/155/85 202/158/146 389/163/150
f 389/163/150 202/158/146 83/146/136 199/165/152
f 504/164/151 389/163/150 199/165/152 486/166/153
f 87/81/78 205/79/77 390/167/154 305/168/155
f 205/79/77 89/78/76 304/169/156 390/167/154
f 390/167/154 304/169/156 141/170/157 302/171/158
f 305/168/155 390/167/154 302/171/158 139/172/159
f 77/74/74 183/173/160 391/174/161 207/75/75
f 616/175/162 76/176/163 376/177/164 632/178/165
f 632/178/165 376/177/164 176/179/166 629/180/167
f 207/77/75 391/181/161 377/182/168 89/78/76
f 91/183/144 209/184/143 392/185/169 212/186/170
f 209/184/143 90/187/142 211/188/171 392/185/169
f 505/189/172 487/190/173 92/191/174 210/192/175
f 488/193/176 505/189/172 210/192/175 93/194/177
f 465/195/178 258/196/179 549/197/180
f 200/128/122 79/121/115 385/123/118
f 415/198/181 214/199/182 524/200/183 526/201/184
f 506/202/185 393/203/186 525/204/187 531/205/188
f 170/206/189 365/207/190 562/208/191 561/209/192
f 365/207/190 534/210/193 559/211/194 562/208/191
f 394/212/195 536/213/196 535/214/197 218/215/198
f 362/216/199 394/212/195 218/215/198 95/217/200
f 95/217/200 218/215/198 395/218/201 252/219/202
f 218/215/198 535/214/197 395/218/201
f 395/218/201 251/220/203 113/221/204
f 252/219/202 395/218/201 249/222/205 111/223/206
f 167/224/207 364/225/208 565/226/209 560/227/210
f 364/225/208 168/228/211 563/229/212 565/226/209
f 396/230/213 222/231/214 96/232/215 217/233/216
f 220/234/217 396/230/213 217/233/216 97/235/218
f 169/236/219 363/237/220 566/238/221 567/239/222
f 363/237/220 541/240/223 568/241/224 566/238/221
f 397/242/225 555/243/226 554/244/227 216/245/228
f 361/246/229 397/242/225 216/245/228 94/247/230
f 622/248/231 224/249/232 398/250/233 633/251/234
f 224/249/232 99/252/235 226/253/236 398/250/233
f 507/254/237 490/255/238 101/256/239 225/257/240
f 643/258/241 507/254/237 225/257/240 623/259/242
f 81/116/113 190/113/110 399/260/243 229/261/244
f 619/112/109 80/262/245 228/263/246 634/264/247
f 634/264/247 228/263/246 100/135/129 623/259/242
f 229/261/244 399/260/243 225/257/240 101/256/239
f 617/90/87 186/89/86 400/265/248 635/266/249
f 186/89/86 75/88/85 230/267/250 400/265/248
f 400/265/248 230/267/250 99/252/235 224/249/232
f 635/266/249 400/265/248 224/249/232 622/248/231
f 75/88/85 195/268/149 401/269/251 230/267/250
f 485/270/148 81/116/113 229/261/244 508/271/252
f 508/271/252 229/261/244 101/256/239 490/255/238
f 230/267/250 401/269/251 226/253/236 99/252/235
f 131/272/253 292/273/254 402/274/255 286/275/256
f 292/273/254 130/276/257 243/277/258 402/274/255
f 402/274/255 243/277/258 107/278/259 242/279/260
f 286/275/256 402/274/255 242/279/260 109/280/261
f 484/281/262 178/282/263 403/283/264 509/284/265
f 178/282/263 74/285/266 237/286/267 403/283/264
f 403/287/264 237/288/267 102/289/268 231/290/269
f 509/291/265 403/292/264 231/293/269 491/294/270
f 100/135/129 228/263/246 404/295/271 235/136/130
f 228/263/246 80/262/245 238/296/272 404/295/271
f 404/297/271 238/298/272 103/299/273 234/300/274
f 235/139/130 404/297/271 234/300/274 105/140/132
f 74/285/266 227/301/275 405/302/276 237/286/267
f 227/301/275 98/130/124 236/133/127 405/302/276
f 405/303/276 236/142/127 104/145/135 233/304/277
f 237/288/267 405/303/276 233/304/277 102/289/268
f 109/280/261 242/279/260 406/305/278 266/306/279
f 242/279/260 107/278/259 265/307/280 406/305/278
f 406/305/278 265/307/280 119/308/281 264/309/282
f 266/306/279 406/305/278 264/309/282 121/310/283
f 132/311/284 291/312/285 407/313/286 287/314/287
f 502/315/288 131/272/253 286/275/256 510/316/289
f 510/316/289 286/275/256 109/280/261 494/317/290
f 287/314/287 407/313/286 240/318/291 108/319/292
f 133/320/293 290/321/294 408/322/295 288/323/296
f 290/321/294 132/311/284 287/314/287 408/322/295
f 408/322/295 287/314/287 108/319/292 241/324/297
f 288/323/296 408/322/295 241/324/297 106/325/298
f 501/326/299 289/327/300 409/328/301 511/329/302
f 289/330/300 133/320/293 288/323/296 409/331/301
f 409/331/301 288/323/296 106/325/298 239/332/303
f 511/329/302 409/328/301 239/333/303 493/334/304
f 110/335/305 247/336/306 410/337/307 250/338/308
f 247/336/306 111/223/206 249/222/205 410/337/307
f 410/337/307 249/222/205 113/221/204 248/339/309
f 250/338/308 410/337/307 248/339/309 112/340/310
f 94/247/230 216/245/228 411/341/311 253/342/312
f 216/245/228 554/244/227 553/343/313 411/341/311
f 411/341/311 553/343/313 557/344/314 556/345/315
f 253/342/312 411/341/311 556/345/315 558/346/316
f 97/235/218 217/233/216 412/347/317 251/220/203
f 217/233/216 96/232/215 219/348/318 412/347/317
f 412/347/317 219/348/318 112/340/310 248/339/309
f 251/220/203 412/347/317 248/339/309 113/221/204
f 84/129/123 197/127/121 413/349/319 215/350/320
f 197/127/121 85/126/120 545/351/321 546/352/322
f 215/353/320 413/354/319 258/196/179 114/355/323
f 93/194/177 210/192/175 414/356/324 255/357/325
f 210/192/175 92/191/174 257/358/326 414/356/324
f 414/356/324 257/358/326 117/359/327 259/360/328
f 255/357/325 414/356/324 259/360/328 115/361/329
f 213/362/139 482/363/330 551/364/331
f 479/365/332 478/366/333 528/367/334 529/368/335
f 415/198/181 478/366/333 476/369/336 475/370/337
f 481/371/338 415/198/181 475/370/337
f 121/310/283 264/309/282 416/372/339 274/373/340
f 264/309/282 119/308/281 273/374/341 416/372/339
f 416/372/339 273/374/341 123/375/342 272/376/343
f 274/373/340 416/372/339 272/376/343 125/377/344
f 108/319/292 240/318/291 417/378/345 267/379/346
f 494/317/290 109/280/261 266/306/279 512/380/347
f 512/380/347 266/306/279 121/310/283 496/381/348
f 267/379/346 417/378/345 262/382/349 120/383/350
f 106/325/298 241/324/297 418/384/351 268/385/352
f 241/324/297 108/319/292 267/379/346 418/384/351
f 418/384/351 267/379/346 120/383/350 263/386/353
f 268/385/352 418/384/351 263/386/353 118/387/354
f 493/334/304 239/333/303 419/388/355 513/389/356
f 239/332/303 106/325/298 268/385/352 419/390/355
f 419/390/355 268/385/352 118/387/354 261/391/357
f 513/389/356 419/388/355 261/392/357 495/393/358
f 497/394/359 269/395/360 420/396/361 514/397/362
f 269/395/360 122/398/363 271/399/364 420/396/361
f 420/396/361 271/399/364 124/400/365 270/401/366
f 514/397/362 420/396/361 270/401/366 498/402/367
f 120/383/350 262/382/349 421/403/368 275/404/369
f 496/381/348 121/310/283 274/373/340 515/405/370
f 515/405/370 274/373/340 125/377/344 498/406/367
f 275/404/369 421/403/368 270/407/366 124/408/365
f 118/387/354 263/386/353 422/409/371 276/410/372
f 263/386/353 120/383/350 275/404/369 422/409/371
f 422/409/371 275/404/369 124/408/365 271/411/364
f 276/410/372 422/409/371 271/411/364 122/412/363
f 495/393/358 261/392/357 423/413/373 516/414/374
f 261/391/357 118/387/354 276/410/372 423/415/373
f 423/415/373 276/410/372 122/412/363 269/416/360
f 516/414/374 423/413/373 269/417/360 497/418/359
f 491/294/270 231/293/269 424/419/375 517/420/376
f 231/290/269 102/289/268 246/421/377 424/422/375
f 424/422/375 246/421/377 129/423/378 281/424/379
f 517/420/376 424/419/375 281/425/379 499/426/380
f 102/289/268 233/304/277 425/427/381 246/421/377
f 233/304/277 104/145/135 245/428/382 425/427/381
f 425/427/381 245/428/382 128/429/383 282/430/384
f 246/421/377 425/427/381 282/430/384 129/423/378
f 104/145/135 232/144/134 426/431/385 245/428/382
f 492/141/133 105/140/132 244/432/386 518/433/387
f 518/433/387 244/432/386 127/434/388 500/435/389
f 245/428/382 426/431/385 283/436/390 128/429/383
f 105/140/132 234/300/274 427/437/391 244/432/386
f 234/300/274 103/299/273 277/438/392 427/437/391
f 427/437/391 277/438/392 126/439/393 284/440/394
f 244/432/386 427/437/391 284/440/394 127/434/388
f 499/426/380 281/425/379 428/441/395 519/442/396
f 281/424/379 129/423/378 280/443/397 428/444/395
f 428/444/395 280/443/397 133/320/293 289/330/300
f 519/442/396 428/441/395 289/327/300 501/326/299
f 129/423/378 282/430/384 429/445/398 280/443/397
f 282/430/384 128/429/383 279/446/399 429/445/398
f 429/445/398 279/446/399 132/311/284 290/321/294
f 280/443/397 429/445/398 290/321/294 133/320/293
f 128/429/383 283/436/390 430/447/400 279/446/399
f 500/435/389 127/434/388 278/448/401 520/449/402
f 520/449/402 278/448/401 131/272/253 502/315/288
f 279/446/399 430/447/400 291/312/285 132/311/284
f 127/434/388 284/440/394 431/450/403 278/448/401
f 284/440/394 126/439/393 285/451/404 431/450/403
f 431/450/403 285/451/404 130/276/257 292/273/254
f 278/448/401 431/450/403 292/273/254 131/272/253
f 77/74/74 182/71/71 432/452/405 296/453/406
f 182/71/71 73/70/70 179/454/407 432/452/405
f 432/452/405 179/454/407 135/108/105 297/106/103
f 296/453/406 432/452/405 297/106/103 137/86/83
f 72/455/408 181/456/409 433/457/410 293/458/411
f 181/456/409 171/459/412 371/460/413 433/457/410
f 433/457/410 371/460/413 174/104/101 298/101/98
f 293/458/411 433/457/410 298/101/98 134/100/97
f 616/175/162 183/173/160 434/461/414 636/462/415
f 183/173/160 77/74/74 296/453/406 434/461/414
f 434/461/414 296/453/406 137/86/83 299/83/80
f 636/462/415 434/461/414 299/83/80 624/82/79
f 625/463/416 300/464/417 435/465/418 637/466/419
f 300/464/417 139/172/159 302/171/158 435/465/418
f 435/465/418 302/171/158 141/170/157 303/467/420
f 637/466/419 435/465/418 303/467/420 626/468/421
f 620/469/422 203/470/423 436/471/424 638/472/425
f 203/470/423 87/81/78 305/168/155 436/471/424
f 436/471/424 305/168/155 139/172/159 300/464/417
f 638/472/425 436/471/424 300/464/417 625/463/416
f 89/78/76 206/473/426 437/474/427 304/169/156
f 621/475/428 88/476/429 307/477/430 639/478/431
f 639/478/431 307/477/430 140/479/432 626/468/421
f 304/169/156 437/474/427 303/467/420 141/170/157
f 86/480/433 306/481/434 438/482/435 313/483/436
f 306/481/434 138/484/437 312/485/438 438/482/435
f 438/482/435 312/485/438 144/486/439 310/487/440
f 313/483/436 438/482/435 310/487/440 142/488/441
f 144/486/439 309/489/442 439/490/443 332/491/444
f 309/489/442 145/492/445 331/493/446 439/490/443
f 439/490/443 331/493/446 154/494/447 328/495/448
f 332/491/444 439/490/443 328/495/448 153/496/449
f 88/476/429 204/497/450 440/498/451 314/499/452
f 204/500/450 86/480/433 313/483/436 440/501/451
f 440/501/451 313/483/436 142/488/441 308/502/453
f 314/499/452 440/498/451 308/503/453 143/504/454
f 140/479/432 307/477/430 441/505/455 315/506/456
f 307/477/430 88/476/429 314/499/452 441/505/455
f 441/505/455 314/499/452 143/504/454 311/507/457
f 315/506/456 441/505/455 311/507/457 145/492/445
f 138/484/437 301/508/458 442/509/459 312/485/438
f 301/508/458 140/479/432 315/506/456 442/509/459
f 442/509/459 315/506/456 145/492/445 309/489/442
f 312/485/438 442/509/459 309/489/442 144/486/439
f 72/455/408 368/510/460 443/511/461 181/456/409
f 173/512/462 372/513/463 443/511/461 368/510/460
f 171/459/412 181/456/409 443/511/461 372/513/463
f 147/514/464 318/515/465 444/516/466 319/517/467
f 318/518/465 87/81/78 203/470/423 444/519/466
f 640/520/468 620/469/422 86/480/433 317/521/469
f 627/522/470 640/523/468 317/524/469 146/525/471
f 73/70/70 208/73/73 445/526/472 320/527/473
f 208/80/73 87/81/78 318/518/465 445/528/472
f 445/526/472 318/515/465 147/514/464 321/529/474
f 320/527/473 445/526/472 321/529/474 148/530/475
f 149/531/476 322/532/477 446/533/478 323/534/479
f 322/532/477 135/108/105 179/454/407 446/533/478
f 446/533/478 179/454/407 73/70/70 320/527/473
f 323/534/479 446/533/478 320/527/473 148/530/475
f 150/535/480 324/536/481 447/537/482 325/538/483
f 324/536/481 71/110/107 294/109/106 447/537/482
f 447/537/482 294/109/106 135/108/105 322/532/477
f 325/538/483 447/537/482 322/532/477 149/531/476
f 82/150/140 201/160/147 448/539/484 326/540/485
f 71/159/107 324/541/481 448/539/484 201/160/147
f 150/542/480 326/540/485 448/539/484 324/541/481
f 151/543/486 329/544/487 449/545/488 340/546/489
f 329/544/487 153/496/449 339/547/490 449/545/488
f 449/545/488 339/547/490 157/548/491 337/549/492
f 340/546/489 449/545/488 337/549/492 155/550/493
f 142/488/441 310/487/440 450/551/494 333/552/495
f 310/487/440 144/486/439 332/491/444 450/551/494
f 450/551/494 332/491/444 153/496/449 329/544/487
f 333/552/495 450/551/494 329/544/487 151/543/486
f 143/504/454 308/503/453 451/553/496 334/554/497
f 308/502/453 142/488/441 333/552/495 451/555/496
f 451/555/496 333/552/495 151/543/486 327/556/498
f 334/554/497 451/553/496 327/557/498 152/558/499
f 145/492/445 311/507/457 452/559/500 331/493/446
f 311/507/457 143/504/454 334/554/497 452/559/500
f 452/559/500 334/554/497 152/558/499 330/560/501
f 331/493/446 452/559/500 330/560/501 154/494/447
f 158/561/502 338/562/503 453/563/504 348/564/505
f 338/562/503 156/565/506 347/566/507 453/563/504
f 453/563/504 347/566/507 160/567/508 346/568/509
f 348/564/505 453/563/504 346/568/509 162/569/510
f 152/558/499 327/557/498 454/570/511 341/571/512
f 327/556/498 151/543/486 340/546/489 454/572/511
f 454/572/511 340/546/489 155/550/493 335/573/513
f 341/571/512 454/570/511 335/574/513 156/565/506
f 154/494/447 330/560/501 455/575/514 342/576/515
f 330/560/501 152/558/499 341/571/512 455/575/514
f 455/575/514 341/571/512 156/565/506 338/562/503
f 342/576/515 455/575/514 338/562/503 158/561/502
f 153/496/449 328/495/448 456/577/516 339/547/490
f 328/495/448 154/494/447 342/576/515 456/577/516
f 456/577/516 342/576/515 158/561/502 336/578/517
f 339/547/490 456/577/516 336/578/517 157/548/491
f 161/579/518 344/580/519 457/581/520 356/582/521
f 344/580/519 162/569/510 355/583/522 457/581/520
f 457/581/520 355/583/522 166/584/523 352/585/524
f 356/582/521 457/581/520 352/585/524 165/586/525
f 157/548/491 336/578/517 458/587/526 349/588/527
f 336/578/517 158/561/502 348/564/505 458/587/526
f 458/587/526 348/564/505 162/569/510 344/580/519
f 349/588/527 458/587/526 344/580/519 161/579/518
f 155/550/493 337/549/492 459/589/528 350/590/529
f 337/549/492 157/548/491 349/588/527 459/589/528
f 459/589/528 349/588/527 161/579/518 345/591/530
f 350/590/529 459/589/528 345/591/530 159/592/531
f 156/565/506 335/574/513 460/593/532 347/566/507
f 335/573/513 155/550/493 350/590/529 460/594/532
f 460/594/532 350/590/529 159/592/531 343/595/533
f 347/566/507 460/593/532 343/596/533 160/567/508
f 164/597/534 351/598/535 461/599/536 354/600/537
f 351/598/535 163/601/538 353/602/539 461/599/536
f 461/599/536 353/602/539 165/603/525 352/604/524
f 354/600/537 461/599/536 352/604/524 166/605/523
f 159/592/531 345/591/530 462/606/540 357/607/541
f 345/591/530 161/579/518 356/582/521 462/606/540
f 462/606/540 356/582/521 165/586/525 353/608/539
f 357/607/541 462/606/540 353/608/539 163/609/538
f 160/567/508 343/596/533 463/610/542 358/611/543
f 343/595/533 159/592/531 357/607/541 463/612/542
f 463/612/542 357/607/541 163/609/538 351/613/535
f 358/611/543 463/610/542 351/614/535 164/615/534
f 162/569/510 346/568/509 464/616/544 355/583/522
f 346/568/509 160/567/508 358/611/543 464/616/544
f 464/616/544 358/611/543 164/615/534 354/617/537
f 355/583/522 464/616/544 354/617/537 166/584/523
f 114/355/323 258/196/179 465/195/178 254/618/545
f 258/196/179 413/354/319 550/619/546 549/197/180
f 465/195/178 544/620/547 541/240/223 363/237/220
f 254/618/545 465/195/178 363/237/220 169/236/219
f 115/361/329 259/360/328 466/621/548 359/622/549
f 259/360/328 117/359/327 360/623/550 466/621/548
f 466/621/548 360/623/550 168/228/211 364/225/208
f 359/622/549 466/621/548 364/225/208 167/224/207
f 116/624/551 260/625/552 467/626/553 256/627/554
f 260/625/552 474/628/555 533/629/556 467/626/553
f 467/626/553 533/629/556 534/210/193 365/207/190
f 256/627/554 467/626/553 365/207/190 170/206/189
f 174/104/101 371/460/413 468/630/557 369/631/558
f 371/460/413 171/459/412 366/632/559 468/630/557
f 468/630/557 366/632/559 76/176/163 184/633/560
f 369/631/558 468/630/557 184/633/560 136/634/561
f 171/459/412 372/513/463 469/635/562 366/632/559
f 173/512/462 316/636/563 469/635/562 372/513/463
f 146/525/471 378/637/564 469/635/562 316/636/563
f 176/179/166 376/177/164 469/635/562 378/637/564
f 76/176/163 366/632/559 469/635/562 376/177/164
f 628/120/117 373/119/116 470/638/565 641/639/566
f 79/118/115 189/640/567 470/638/565 373/119/116
f 618/641/568 641/639/566 470/638/565 189/640/567
f 172/97/94 374/96/93 178/282/263 191/642/569
f 374/96/93 175/95/92 187/643/570 178/282/263
f 178/282/263 187/643/570 74/285/266
f 191/642/569 178/282/263 484/281/262 80/262/245
f 175/95/92 375/105/102 471/644/571 187/643/570
f 375/105/102 174/104/101 369/631/558 471/644/571
f 471/644/571 369/631/558 136/634/561 295/645/572
f 187/643/570 471/644/571 295/645/572 74/285/266
f 89/78/76 377/182/168 472/646/573 206/473/426
f 629/180/167 642/647/574 472/648/573 377/649/168
f 621/475/428 206/473/426 472/646/573 642/650/574
f 176/179/166 378/637/564 473/651/575 180/652/576
f 378/637/564 146/525/471 317/524/469 473/651/575
f 473/653/575 317/521/469 86/480/433 204/500/450
f 180/654/576 473/655/575 204/497/450 88/476/429
f 483/656/577 481/371/338 116/624/551 221/657/578
f 475/370/337 476/369/336 474/628/555 260/625/552
f 474/628/555 476/369/336 255/357/325 115/361/329
f 478/366/333 479/365/332 93/194/177 255/357/325
f 521/658/579 477/659/580 212/186/170 488/193/176
f 476/369/336 478/366/333 255/357/325
f 477/659/580 480/660/581 91/183/144 212/186/170
f 91/183/144 480/660/581 213/362/139
f 522/661/582 482/363/330 393/203/186 506/202/185
f 482/363/330 213/362/139 393/203/186
f 481/371/338 483/656/577 214/199/182 415/198/181
f 483/656/577 522/661/582 506/202/185 214/199/182
f 479/365/332 521/658/579 488/193/176 93/194/177
f 430/447/400 520/449/402 502/315/288 291/312/285
f 283/436/390 500/435/389 520/449/402 430/447/400
f 285/451/404 519/442/396 501/326/299 130/276/257
f 126/439/393 499/426/380 519/442/396 285/451/404
f 426/431/385 518/433/387 500/435/389 283/436/390
f 232/144/134 492/141/133 518/433/387 426/431/385
f 277/438/392 517/420/376 499/426/380 126/439/393
f 103/299/273 491/294/270 517/420/376 277/438/392
f 273/374/341 516/414/374 497/418/359 123/375/342
f 119/308/281 495/393/358 516/414/374 273/374/341
f 421/403/368 515/405/370 498/406/367 270/407/366
f 262/382/349 496/381/348 515/405/370 421/403/368
f 272/662/343 514/397/362 498/402/367 125/663/344
f 123/664/342 497/394/359 514/397/362 272/662/343
f 265/307/280 513/389/356 495/393/358 119/308/281
f 107/278/259 493/334/304 513/389/356 265/307/280
f 417/378/345 512/380/347 496/381/348 262/382/349
f 240/318/291 494/317/290 512/380/347 417/378/345
f 243/277/258 511/329/302 493/334/304 107/278/259
f 130/276/257 501/326/299 511/329/302 243/277/258
f 407/313/286 510/316/289 494/317/290 240/318/291
f 291/312/285 502/315/288 510/316/289 407/313/286
f 238/298/272 509/291/265 491/294/270 103/299/273
f 80/262/245 484/281/262 509/284/265 238/296/272
f 401/269/251 508/271/252 490/255/238 226/253/236
f 195/268/149 485/270/148 508/271/252 401/269/251
f 633/251/234 398/250/233 507/254/237 643/258/241
f 398/250/233 226/253/236 490/255/238 507/254/237
f 480/660/581 477/659/580 527/665/583 530/666/584
f 522/661/582 483/656/577 221/657/578 552/667/585
f 212/186/170 392/185/169 505/189/172 488/193/176
f 392/185/169 211/188/171 487/190/173 505/189/172
f 194/125/119 504/164/151 486/166/153 85/126/120
f 81/124/113 485/161/148 504/164/151 194/125/119
f 386/143/126 503/138/131 492/141/133 232/144/134
f 223/131/125 489/134/128 503/137/131 386/132/126
f 525/204/187 523/668/586 530/666/584 527/665/583
f 531/205/188 525/204/187 527/665/583 532/669/587
f 524/200/183 529/368/335 528/367/334 526/201/184
f 524/200/183 531/205/188 532/669/587 529/368/335
f 214/199/182 506/202/185 531/205/188 524/200/183
f 477/659/580 521/658/579 532/669/587 527/665/583
f 213/362/139 480/660/581 530/666/584 523/668/586
f 478/366/333 415/198/181 526/201/184 528/367/334
f 393/203/186 213/362/139 523/668/586 525/204/187
f 521/658/579 479/365/332 529/368/335 532/669/587
f 534/210/193 533/629/556 359/622/549 167/224/207
f 395/218/201 535/214/197 97/235/218 251/220/203
f 536/213/196 559/211/194 560/227/210 220/234/217
f 535/214/197 536/213/196 220/234/217 97/235/218
f 533/629/556 474/628/555 115/361/329 359/622/549
f 538/670/588 542/671/589 95/217/200 252/219/202
f 542/671/589 540/672/590 362/216/199 95/217/200
f 539/673/591 543/674/592 111/223/206 247/336/306
f 111/223/206 543/674/592 538/670/588 252/219/202
f 537/675/593 539/673/591 247/336/306 110/335/305
f 540/672/590 564/676/594 561/209/192 362/216/199
f 541/677/223 544/678/547 256/627/554 170/206/189
f 544/620/547 465/195/178 256/679/554
f 547/680/595 548/681/596 551/682/331 552/683/585
f 548/681/596 83/146/136 213/149/139 551/682/331
f 546/352/322 545/351/321 221/684/578 550/685/546
f 550/619/546 221/686/578 116/687/551 549/197/180
f 549/197/180 116/687/551 256/679/554 465/195/178
f 545/351/321 547/680/595 552/683/585 221/684/578
f 482/363/330 522/661/582 552/667/585 551/364/331
f 486/166/153 199/165/152 548/681/596 547/680/595
f 413/349/319 197/127/121 546/352/322 550/685/546
f 85/126/120 486/166/153 547/680/595 545/351/321
f 199/165/152 83/146/136 548/681/596
f 249/222/205 395/218/201 113/221/204
f 561/209/192 564/676/594 170/206/189
f 565/226/209 563/229/212 222/231/214 396/230/213
f 561/209/192 562/208/191 394/212/195 362/216/199
f 564/676/594 541/677/223 170/206/189
f 562/208/191 559/211/194 536/213/196 394/212/195
f 560/227/210 559/211/194 534/210/193 167/224/207
f 560/227/210 565/226/209 396/230/213 220/234/217
f 566/238/221 568/241/224 555/243/226 397/242/225
f 567/239/222 566/238/221 397/242/225 361/246/229
f 481/371/338 475/370/337 260/625/552 116/624/551
f 538/670/588 543/674/592 575/688/597 570/689/598
f 553/343/313 554/244/227 577/690/599 576/691/600
f 540/672/590 542/671/589 574/692/601 572/693/602
f 554/244/227 555/243/226 578/694/603 577/690/599
f 541/677/223 564/676/594 582/695/604 573/696/605
f 556/345/315 557/344/314 580/697/606 579/698/607
f 543/674/592 539/673/591 571/699/608 575/688/597
f 564/676/594 540/672/590 572/693/602 582/695/604
f 539/673/591 537/675/593 569/700/609 571/699/608
f 557/344/314 553/343/313 576/691/600 580/697/606
f 558/346/316 556/345/315 579/698/607 581/701/610
f 555/243/226 568/241/224 583/702/611 578/694/603
f 542/671/589 538/670/588 570/689/598 574/692/601
f 568/241/224 541/240/223 573/703/605 583/702/611
f 573/696/605 582/695/604 597/704/612 588/705/613
f 579/698/607 580/697/606 595/706/614 594/707/615
f 575/688/597 571/699/608 586/708/616 590/709/617
f 580/697/606 576/691/600 591/710/618 595/706/614
f 571/699/608 569/700/609 584/711/619 586/708/616
f 581/701/610 579/698/607 594/707/615 596/712/620
f 582/695/604 572/693/602 587/713/621 597/704/612
f 583/702/611 573/703/605 588/714/613 598/715/622
f 578/694/603 583/702/611 598/715/622 593/716/623
f 574/692/601 570/689/598 585/717/624 589/718/625
f 570/689/598 575/688/597 590/709/617 585/717/624
f 576/691/600 577/690/599 592/719/626 591/710/618
f 572/693/602 574/692/601 589/718/625 587/713/621
f 577/690/599 578/694/603 593/716/623 592/719/626
f 597/704/612 587/713/621 602/720/627 606/721/628
f 590/709/617 586/708/616 601/722/629 605/723/630
f 587/713/621 589/718/625 604/724/631 602/720/627
f 589/718/625 585/717/624 600/725/632 604/724/631
f 586/708/616 584/711/619 599/726/633 601/722/629
f 588/705/613 597/704/612 606/721/628 603/727/634
f 585/717/624 590/709/617 605/723/630 600/725/632
f 598/715/622 588/714/613 607/728/635 614/729/636
f 595/706/614 591/710/618 608/730/637 612/731/638
f 592/719/626 593/716/623 610/732/639 609/733/640
f 588/705/613 603/727/634 615/734/641 607/735/635
f 596/712/620 594/707/615 611/736/642 613/737/643
f 593/716/623 598/715/622 614/729/636 610/732/639
f 594/707/615 595/706/614 612/731/638 611/736/642
f 591/710/618 592/719/626 609/733/640 608/730/637
f 223/131/125 633/251/234 643/258/241 489/134/128
f 88/476/429 621/475/428 642/650/574 180/654/576
f 176/179/166 180/652/576 642/647/574 629/180/167
f 78/99/96 367/98/95 641/639/566 618/641/568
f 172/97/94 628/120/117 641/639/566 367/98/95
f 319/517/644 444/516/466 640/523/468 627/522/470
f 444/519/466 203/470/423 620/469/422 640/520/468
f 437/474/427 639/478/431 626/468/421 303/467/420
f 206/473/426 621/475/428 639/478/431 437/474/427
f 306/481/434 638/472/425 625/463/416 138/484/437
f 86/480/433 620/469/422 638/472/425 306/481/434
f 301/508/458 637/466/419 626/468/421 140/479/432
f 138/484/437 625/463/416 637/466/419 301/508/458
f 184/633/560 636/462/415 624/82/79 136/634/561
f 76/176/163 616/175/162 636/462/415 184/633/560
f 227/301/275 635/266/249 622/248/231 98/130/124
f 74/285/266 617/90/87 635/266/249 227/301/275
f 399/260/243 634/264/247 623/259/242 225/257/240
f 190/113/110 619/112/109 634/264/247 399/260/243
f 489/134/128 643/258/241 623/259/242 100/135/129
f 98/130/124 622/248/231 633/251/234 223/131/125
f 391/174/161 632/178/165 629/180/167 377/649/168
f 183/173/160 616/175/162 632/178/165 391/174/161
f 191/642/569 631/115/112 628/120/117 172/97/94
f 80/262/245 619/112/109 631/115/112 191/642/569
f 295/645/572 630/85/82 617/90/87 74/285/266
f 136/634/561 624/82/79 630/85/82 295/645/572
f 645/70/645 754/73/646 907/72/647 732/71/648
f 732/71/648 907/72/647 753/75/649 649/74/650
f 907/76/647 751/79/651 657/78/652 753/77/649
f 754/80/646 655/81/653 751/79/651 907/76/647
f 1139/82/654 1144/85/655 908/84/656 836/83/657
f 836/83/657 908/84/656 735/87/658 696/86/659
f 908/84/656 736/89/660 647/88/661 735/87/658
f 1144/85/655 1133/90/662 736/89/660 908/84/656
f 70/91/663 193/94/664 909/93/665 898/92/666
f 898/92/666 909/93/665 902/96/667 726/95/668
f 909/93/665 896/98/669 724/97/670 902/96/667
f 193/94/664 78/99/671 896/98/669 909/93/665
f 134/100/672 177/103/673 910/102/674 835/101/675
f 835/101/675 910/102/674 903/105/676 725/104/677
f 910/102/674 898/92/666 726/95/668 903/105/676
f 177/103/673 70/91/663 898/92/666 910/102/674
f 696/86/659 735/87/658 911/107/678 834/106/679
f 834/106/679 911/107/678 831/109/680 694/108/681
f 911/107/678 738/111/682 644/110/683 831/109/680
f 735/87/658 647/88/661 738/111/682 911/107/678
f 1134/112/684 1145/115/685 912/114/686 739/113/687
f 739/113/687 912/114/686 741/117/688 651/116/689
f 912/114/686 901/119/690 79/118/691 741/117/688
f 1145/115/685 1142/120/692 901/119/690 912/114/686
f 79/121/691 913/123/693 741/122/688
f 741/122/688 913/123/693 742/125/694 651/124/689
f 913/123/693 745/127/695 653/126/696 742/125/694
f 200/128/697 84/129/698 745/127/695 913/123/693
f 662/130/699 778/133/700 914/132/701 765/131/702
f 1015/134/703 1029/137/704 777/136/705 664/135/706
f 1029/138/704 1018/141/707 669/140/708 777/139/705
f 778/142/700 668/145/709 774/144/710 914/143/701
f 652/146/711 758/149/712 915/148/713 744/147/714
f 744/147/714 915/148/713 198/151/715 82/150/716
f 915/148/713 755/153/717 90/152/718 198/151/715
f 758/149/712 658/154/719 755/153/717 915/148/713
f 647/155/661 748/158/720 916/157/721 738/156/682
f 738/156/682 916/157/721 747/160/722 644/159/683
f 916/157/721 744/147/714 82/150/716 747/160/722
f 748/158/720 652/146/711 744/147/714 916/157/721
f 1012/161/723 1030/164/724 917/163/725 743/162/726
f 743/162/726 917/163/725 748/158/720 647/155/661
f 917/163/725 746/165/727 652/146/711 748/158/720
f 1030/164/724 1013/166/728 746/165/727 917/163/725
f 655/81/653 842/168/729 918/167/730 751/79/651
f 751/79/651 918/167/730 841/169/731 657/78/652
f 918/167/730 839/171/732 700/170/733 841/169/731
f 842/168/729 698/172/734 839/171/732 918/167/730
f 649/74/650 753/75/649 919/174/735 733/173/736
f 1132/175/737 1146/178/738 904/177/739 648/176/740
f 1146/178/738 1143/180/741 727/179/742 904/177/739
f 753/77/649 657/78/652 905/182/743 919/181/735
f 658/183/719 757/186/744 920/185/745 755/184/717
f 755/184/717 920/185/745 211/188/746 90/187/718
f 1031/189/747 756/192/748 92/191/749 487/190/750
f 1014/193/751 659/194/752 756/192/748 1031/189/747
f 992/195/753 1074/197/754 796/196/755
f 200/128/697 913/123/693 79/121/691
f 943/198/756 1052/201/757 1050/200/758 759/199/759
f 1032/202/760 1057/205/761 1051/204/762 921/203/763
f 722/206/764 1085/209/765 1086/208/766 894/207/767
f 894/207/767 1086/208/766 1083/211/768 1060/210/769
f 922/212/770 762/215/771 1061/214/772 1062/213/773
f 891/216/774 660/217/775 762/215/771 922/212/770
f 660/217/775 793/219/776 923/218/777 762/215/771
f 762/215/771 923/218/777 1061/214/772
f 923/218/777 675/221/778 792/220/779
f 793/219/776 674/223/780 791/222/781 923/218/777
f 721/224/782 1084/227/783 1088/226/784 893/225/785
f 893/225/785 1088/226/784 563/229/786 168/228/787
f 924/230/788 761/233/789 96/232/790 222/231/791
f 763/234/792 661/235/793 761/233/789 924/230/788
f 169/236/794 567/239/795 1089/238/796 892/237/797
f 892/237/797 1089/238/796 1090/241/798 1066/240/799
f 925/242/800 760/245/801 1079/244/802 1080/243/803
f 361/246/804 94/247/805 760/245/801 925/242/800
f 1137/248/806 1147/251/807 926/250/808 766/249/809
f 766/249/809 926/250/808 768/253/810 663/252/811
f 1033/254/812 767/257/813 665/256/814 1016/255/815
f 1157/258/816 1138/259/817 767/257/813 1033/254/812
f 651/116/689 771/261/818 927/260/819 739/113/687
f 1134/112/684 1148/264/820 770/263/821 650/262/822
f 1148/264/820 1138/259/817 664/135/706 770/263/821
f 771/261/818 665/256/814 767/257/813 927/260/819
f 1133/90/662 1149/266/823 928/265/824 736/89/660
f 736/89/660 928/265/824 772/267/825 647/88/661
f 928/265/824 766/249/809 663/252/811 772/267/825
f 1149/266/823 1137/248/806 766/249/809 928/265/824
f 647/88/661 772/267/825 929/269/826 743/268/726
f 1012/270/723 1034/271/827 771/261/818 651/116/689
f 1034/271/827 1016/255/815 665/256/814 771/261/818
f 772/267/825 663/252/811 768/253/810 929/269/826
f 691/272/828 824/275/829 930/274/830 830/273/831
f 830/273/831 930/274/830 785/277/832 690/276/833
f 930/274/830 784/279/834 671/278/835 785/277/832
f 824/275/829 673/280/836 784/279/834 930/274/830
f 1011/281/837 1035/284/838 931/283/839 728/282/840
f 728/282/840 931/283/839 779/286/841 646/285/842
f 931/287/839 773/290/843 666/289/844 779/288/841
f 1035/291/838 1017/294/845 773/293/843 931/292/839
f 664/135/706 777/136/705 932/295/846 770/263/821
f 770/263/821 932/295/846 780/296/847 650/262/822
f 932/297/846 776/300/848 667/299/849 780/298/847
f 777/139/705 669/140/708 776/300/848 932/297/846
f 646/285/842 779/286/841 933/302/850 769/301/851
f 769/301/851 933/302/850 778/133/700 662/130/699
f 933/303/850 775/304/852 668/145/709 778/142/700
f 779/288/841 666/289/844 775/304/852 933/303/850
f 673/280/836 804/306/853 934/305/854 784/279/834
f 784/279/834 934/305/854 803/307/855 671/278/835
f 934/305/854 802/309/856 679/308/857 803/307/855
f 804/306/853 681/310/858 802/309/856 934/305/854
f 692/311/859 825/314/860 935/313/861 829/312/862
f 1028/315/863 1036/316/864 824/275/829 691/272/828
f 1036/316/864 1020/317/865 673/280/836 824/275/829
f 825/314/860 672/319/866 782/318/867 935/313/861
f 693/320/868 826/323/869 936/322/870 828/321/871
f 828/321/871 936/322/870 825/314/860 692/311/859
f 936/322/870 783/324/872 672/319/866 825/314/860
f 826/323/869 670/325/873 783/324/872 936/322/870
f 1027/326/874 1037/329/875 937/328/876 827/327/877
f 827/330/877 937/331/876 826/323/869 693/320/868
f 937/331/876 781/332/878 670/325/873 826/323/869
f 1037/329/875 1019/334/879 781/333/878 937/328/876
f 110/335/880 250/338/881 938/337/882 789/336/883
f 789/336/883 938/337/882 791/222/781 674/223/780
f 938/337/882 790/339/884 675/221/778 791/222/781
f 250/338/881 112/340/885 790/339/884 938/337/882
f 94/247/805 253/342/886 939/341/887 760/245/801
f 760/245/801 939/341/887 1078/343/888 1079/244/802
f 939/341/887 1081/345/889 1082/344/890 1078/343/888
f 253/342/886 558/346/891 1081/345/889 939/341/887
f 661/235/793 792/220/779 940/347/892 761/233/789
f 761/233/789 940/347/892 219/348/893 96/232/790
f 940/347/892 790/339/884 112/340/885 219/348/893
f 792/220/779 675/221/778 790/339/884 940/347/892
f 84/129/698 215/350/894 941/349/895 745/127/695
f 745/127/695 1071/352/896 1070/351/897 653/126/696
f 215/353/894 114/355/898 796/196/755 941/354/895
f 659/194/752 794/357/899 942/356/900 756/192/748
f 756/192/748 942/356/900 257/358/901 92/191/749
f 942/356/900 797/360/902 117/359/903 257/358/901
f 794/357/899 676/361/904 797/360/902 942/356/900
f 758/362/712 1076/364/905 1009/363/906
f 1006/365/907 1055/368/908 1054/367/909 1005/366/910
f 943/198/756 1002/370/911 1003/369/912 1005/366/910
f 1008/371/913 1002/370/911 943/198/756
f 681/310/858 812/373/914 944/372/915 802/309/856
f 802/309/856 944/372/915 811/374/916 679/308/857
f 944/372/915 810/376/917 683/375/918 811/374/916
f 812/373/914 685/377/919 810/376/917 944/372/915
f 672/319/866 805/379/920 945/378/921 782/318/867
f 1020/317/865 1038/380/922 804/306/853 673/280/836
f 1038/380/922 1022/381/923 681/310/858 804/306/853
f 805/379/920 680/383/924 800/382/925 945/378/921
f 670/325/873 806/385/926 946/384/927 783/324/872
f 783/324/872 946/384/927 805/379/920 672/319/866
f 946/384/927 801/386/928 680/383/924 805/379/920
f 806/385/926 678/387/929 801/386/928 946/384/927
f 1019/334/879 1039/389/930 947/388/931 781/333/878
f 781/332/878 947/390/931 806/385/926 670/325/873
f 947/390/931 799/391/932 678/387/929 806/385/926
f 1039/389/930 1021/393/933 799/392/932 947/388/931
f 1023/394/934 1040/397/935 948/396/936 807/395/937
f 807/395/937 948/396/936 809/399/938 682/398/939
f 948/396/936 808/401/940 684/400/941 809/399/938
f 1040/397/935 1024/402/942 808/401/940 948/396/936
f 680/383/924 813/404/943 949/403/944 800/382/925
f 1022/381/923 1041/405/945 812/373/914 681/310/858
f 1041/405/945 1024/406/942 685/377/919 812/373/914
f 813/404/943 684/408/941 808/407/940 949/403/944
f 678/387/929 814/410/946 950/409/947 801/386/928
f 801/386/928 950/409/947 813/404/943 680/383/924
f 950/409/947 809/411/938 684/408/941 813/404/943
f 814/410/946 682/412/939 809/411/938 950/409/947
f 1021/393/933 1042/414/948 951/413/949 799/392/932
f 799/391/932 951/415/949 814/410/946 678/387/929
f 951/415/949 807/416/937 682/412/939 814/410/946
f 1042/414/948 1023/418/934 807/417/937 951/413/949
f 1017/294/845 1043/420/950 952/419/951 773/293/843
f 773/290/843 952/422/951 788/421/952 666/289/844
f 952/422/951 819/424/953 689/423/954 788/421/952
f 1043/420/950 1025/426/955 819/425/953 952/419/951
f 666/289/844 788/421/952 953/427/956 775/304/852
f 775/304/852 953/427/956 787/428/957 668/145/709
f 953/427/956 820/430/958 688/429/959 787/428/957
f 788/421/952 689/423/954 820/430/958 953/427/956
f 668/145/709 787/428/957 954/431/960 774/144/710
f 1018/141/707 1044/433/961 786/432/962 669/140/708
f 1044/433/961 1026/435/963 687/434/964 786/432/962
f 787/428/957 688/429/959 821/436/965 954/431/960
f 669/140/708 786/432/962 955/437/966 776/300/848
f 776/300/848 955/437/966 815/438/967 667/299/849
f 955/437/966 822/440/968 686/439/969 815/438/967
f 786/432/962 687/434/964 822/440/968 955/437/966
f 1025/426/955 1045/442/970 956/441/971 819/425/953
f 819/424/953 956/444/971 818/443/972 689/423/954
f 956/444/971 827/330/877 693/320/868 818/443/972
f 1045/442/970 1027/326/874 827/327/877 956/441/971
f 689/423/954 818/443/972 957/445/973 820/430/958
f 820/430/958 957/445/973 817/446/974 688/429/959
f 957/445/973 828/321/871 692/311/859 817/446/974
f 818/443/972 693/320/868 828/321/871 957/445/973
f 688/429/959 817/446/974 958/447/975 821/436/965
f 1026/435/963 1046/449/976 816/448/977 687/434/964
f 1046/449/976 1028/315/863 691/272/828 816/448/977
f 817/446/974 692/311/859 829/312/862 958/447/975
f 687/434/964 816/448/977 959/450/978 822/440/968
f 822/440/968 959/450/978 823/451/979 686/439/969
f 959/450/978 830/273/831 690/276/833 823/451/979
f 816/448/977 691/272/828 830/273/831 959/450/978
f 649/74/650 833/453/980 960/452/981 732/71/648
f 732/71/648 960/452/981 729/454/982 645/70/645
f 960/452/981 834/106/679 694/108/681 729/454/982
f 833/453/980 696/86/659 834/106/679 960/452/981
f 72/455/983 293/458/984 961/457/985 731/456/986
f 731/456/986 961/457/985 899/460/987 723/459/988
f 961/457/985 835/101/675 725/104/677 899/460/987
f 293/458/984 134/100/672 835/101/675 961/457/985
f 1132/175/737 1150/462/989 962/461/990 733/173/736
f 733/173/736 962/461/990 833/453/980 649/74/650
f 962/461/990 836/83/657 696/86/659 833/453/980
f 1150/462/989 1139/82/654 836/83/657 962/461/990
f 1140/463/991 1151/466/992 963/465/993 837/464/994
f 837/464/994 963/465/993 839/171/732 698/172/734
f 963/465/993 840/467/995 700/170/733 839/171/732
f 1151/466/992 1141/468/996 840/467/995 963/465/993
f 1135/469/997 1152/472/998 964/471/999 749/470/1000
f 749/470/1000 964/471/999 842/168/729 655/81/653
f 964/471/999 837/464/994 698/172/734 842/168/729
f 1152/472/998 1140/463/991 837/464/994 964/471/999
f 657/78/652 841/169/731 965/474/1001 752/473/1002
f 1136/475/1003 1153/478/1004 844/477/1005 656/476/1006
f 1153/478/1004 1141/468/996 699/479/1007 844/477/1005
f 841/169/731 700/170/733 840/467/995 965/474/1001
f 654/480/1008 850/483/1009 966/482/1010 843/481/1011
f 843/481/1011 966/482/1010 849/485/1012 697/484/1013
f 966/482/1010 847/487/1014 703/486/1015 849/485/1012
f 850/483/1009 701/488/1016 847/487/1014 966/482/1010
f 703/486/1015 863/491/1017 967/490/1018 846/489/1019
f 846/489/1019 967/490/1018 862/493/1020 704/492/1021
f 967/490/1018 859/495/1022 708/494/1023 862/493/1020
f 863/491/1017 707/496/1024 859/495/1022 967/490/1018
f 656/476/1006 851/499/1025 968/498/1026 750/497/1027
f 750/500/1027 968/501/1026 850/483/1009 654/480/1008
f 968/501/1026 845/502/1028 701/488/1016 850/483/1009
f 851/499/1025 702/504/1029 845/503/1028 968/498/1026
f 699/479/1007 852/506/1030 969/505/1031 844/477/1005
f 844/477/1005 969/505/1031 851/499/1025 656/476/1006
f 969/505/1031 848/507/1032 702/504/1029 851/499/1025
f 852/506/1030 704/492/1021 848/507/1032 969/505/1031
f 697/484/1013 849/485/1012 970/509/1033 838/508/1034
f 838/508/1034 970/509/1033 852/506/1030 699/479/1007
f 970/509/1033 846/489/1019 704/492/1021 852/506/1030
f 849/485/1012 703/486/1015 846/489/1019 970/509/1033
f 72/455/983 731/456/986 971/511/1035 368/510/1036
f 173/512/1037 368/510/1036 971/511/1035 900/513/1038
f 723/459/988 900/513/1038 971/511/1035 731/456/986
f 147/514/1039 319/517/1040 444/516/1041 854/515/1042
f 854/518/1042 444/519/1041 749/470/1000 655/81/653
f 1154/520/1043 853/521/1044 654/480/1008 1135/469/997
f 627/522/1045 146/525/1046 853/524/1044 1154/523/1043
f 645/70/645 855/527/1047 972/526/1048 754/73/646
f 754/80/646 972/528/1048 854/518/1042 655/81/653
f 972/526/1048 321/529/1049 147/514/1039 854/515/1042
f 855/527/1047 148/530/1050 321/529/1049 972/526/1048
f 149/531/1051 323/534/1052 973/533/1053 856/532/1054
f 856/532/1054 973/533/1053 729/454/982 694/108/681
f 973/533/1053 855/527/1047 645/70/645 729/454/982
f 323/534/1052 148/530/1050 855/527/1047 973/533/1053
f 150/535/1055 325/538/1056 974/537/1057 857/536/1058
f 857/536/1058 974/537/1057 831/109/680 644/110/683
f 974/537/1057 856/532/1054 694/108/681 831/109/680
f 325/538/1056 149/531/1051 856/532/1054 974/537/1057
f 82/150/716 326/540/1059 975/539/1060 747/160/722
f 644/159/683 747/160/722 975/539/1060 857/541/1058
f 150/542/1055 857/541/1058 975/539/1060 326/540/1059
f 705/543/1061 871/546/1062 976/545/1063 860/544/1064
f 860/544/1064 976/545/1063 870/547/1065 707/496/1024
f 976/545/1063 868/549/1066 711/548/1067 870/547/1065
f 871/546/1062 709/550/1068 868/549/1066 976/545/1063
f 701/488/1016 864/552/1069 977/551/1070 847/487/1014
f 847/487/1014 977/551/1070 863/491/1017 703/486/1015
f 977/551/1070 860/544/1064 707/496/1024 863/491/1017
f 864/552/1069 705/543/1061 860/544/1064 977/551/1070
f 702/504/1029 865/554/1071 978/553/1072 845/503/1028
f 845/502/1028 978/555/1072 864/552/1069 701/488/1016
f 978/555/1072 858/556/1073 705/543/1061 864/552/1069
f 865/554/1071 706/558/1074 858/557/1073 978/553/1072
f 704/492/1021 862/493/1020 979/559/1075 848/507/1032
f 848/507/1032 979/559/1075 865/554/1071 702/504/1029
f 979/559/1075 861/560/1076 706/558/1074 865/554/1071
f 862/493/1020 708/494/1023 861/560/1076 979/559/1075
f 712/561/1077 879/564/1078 980/563/1079 869/562/1080
f 869/562/1080 980/563/1079 878/566/1081 710/565/1082
f 980/563/1079 877/568/1083 714/567/1084 878/566/1081
f 879/564/1078 716/569/1085 877/568/1083 980/563/1079
f 706/558/1074 872/571/1086 981/570/1087 858/557/1073
f 858/556/1073 981/572/1087 871/546/1062 705/543/1061
f 981/572/1087 866/573/1088 709/550/1068 871/546/1062
f 872/571/1086 710/565/1082 866/574/1088 981/570/1087
f 708/494/1023 873/576/1089 982/575/1090 861/560/1076
f 861/560/1076 982/575/1090 872/571/1086 706/558/1074
f 982/575/1090 869/562/1080 710/565/1082 872/571/1086
f 873/576/1089 712/561/1077 869/562/1080 982/575/1090
f 707/496/1024 870/547/1065 983/577/1091 859/495/1022
f 859/495/1022 983/577/1091 873/576/1089 708/494/1023
f 983/577/1091 867/578/1092 712/561/1077 873/576/1089
f 870/547/1065 711/548/1067 867/578/1092 983/577/1091
f 715/579/1093 887/582/1094 984/581/1095 875/580/1096
f 875/580/1096 984/581/1095 886/583/1097 716/569/1085
f 984/581/1095 883/585/1098 720/584/1099 886/583/1097
f 887/582/1094 719/586/1100 883/585/1098 984/581/1095
f 711/548/1067 880/588/1101 985/587/1102 867/578/1092
f 867/578/1092 985/587/1102 879/564/1078 712/561/1077
f 985/587/1102 875/580/1096 716/569/1085 879/564/1078
f 880/588/1101 715/579/1093 875/580/1096 985/587/1102
f 709/550/1068 881/590/1103 986/589/1104 868/549/1066
f 868/549/1066 986/589/1104 880/588/1101 711/548/1067
f 986/589/1104 876/591/1105 715/579/1093 880/588/1101
f 881/590/1103 713/592/1106 876/591/1105 986/589/1104
f 710/565/1082 878/566/1081 987/593/1107 866/574/1088
f 866/573/1088 987/594/1107 881/590/1103 709/550/1068
f 987/594/1107 874/595/1108 713/592/1106 881/590/1103
f 878/566/1081 714/567/1084 874/596/1108 987/593/1107
f 718/597/1109 885/600/1110 988/599/1111 882/598/1112
f 882/598/1112 988/599/1111 884/602/1113 717/601/1114
f 988/599/1111 883/604/1098 719/603/1100 884/602/1113
f 885/600/1110 720/605/1099 883/604/1098 988/599/1111
f 713/592/1106 888/607/1115 989/606/1116 876/591/1105
f 876/591/1105 989/606/1116 887/582/1094 715/579/1093
f 989/606/1116 884/608/1113 719/586/1100 887/582/1094
f 888/607/1115 717/609/1114 884/608/1113 989/606/1116
f 714/567/1084 889/611/1117 990/610/1118 874/596/1108
f 874/595/1108 990/612/1118 888/607/1115 713/592/1106
f 990/612/1118 882/613/1112 717/609/1114 888/607/1115
f 889/611/1117 718/615/1109 882/614/1112 990/610/1118
f 716/569/1085 886/583/1097 991/616/1119 877/568/1083
f 877/568/1083 991/616/1119 889/611/1117 714/567/1084
f 991/616/1119 885/617/1110 718/615/1109 889/611/1117
f 886/583/1097 720/584/1099 885/617/1110 991/616/1119
f 114/355/898 254/618/1120 992/195/753 796/196/755
f 796/196/755 1074/197/754 1075/619/1121 941/354/895
f 992/195/753 892/237/797 1066/240/799 1069/620/1122
f 254/618/1120 169/236/794 892/237/797 992/195/753
f 676/361/904 890/622/1123 993/621/1124 797/360/902
f 797/360/902 993/621/1124 360/623/1125 117/359/903
f 993/621/1124 893/225/785 168/228/787 360/623/1125
f 890/622/1123 721/224/782 893/225/785 993/621/1124
f 677/624/1126 795/627/1127 994/626/1128 798/625/1129
f 798/625/1129 994/626/1128 1059/629/1130 1001/628/1131
f 994/626/1128 894/207/767 1060/210/769 1059/629/1130
f 795/627/1127 722/206/764 894/207/767 994/626/1128
f 725/104/677 897/631/1132 995/630/1133 899/460/987
f 899/460/987 995/630/1133 895/632/1134 723/459/988
f 995/630/1133 734/633/1135 648/176/740 895/632/1134
f 897/631/1132 695/634/1136 734/633/1135 995/630/1133
f 723/459/988 895/632/1134 996/635/1137 900/513/1038
f 173/512/1037 900/513/1038 996/635/1137 316/636/1138
f 146/525/1046 316/636/1138 996/635/1137 906/637/1139
f 727/179/742 906/637/1139 996/635/1137 904/177/739
f 648/176/740 904/177/739 996/635/1137 895/632/1134
f 1142/120/692 1155/639/1140 997/638/1141 901/119/690
f 79/118/691 901/119/690 997/638/1141 189/640/1142
f 618/641/1143 189/640/1142 997/638/1141 1155/639/1140
f 724/97/670 740/642/1144 728/282/840 902/96/667
f 902/96/667 728/282/840 737/643/1145 726/95/668
f 728/282/840 646/285/842 737/643/1145
f 740/642/1144 650/262/822 1011/281/837 728/282/840
f 726/95/668 737/643/1145 998/644/1146 903/105/676
f 903/105/676 998/644/1146 897/631/1132 725/104/677
f 998/644/1146 832/645/1147 695/634/1136 897/631/1132
f 737/643/1145 646/285/842 832/645/1147 998/644/1146
f 657/78/652 752/473/1002 999/646/1148 905/182/743
f 1143/180/741 905/649/743 999/648/1148 1156/647/1149
f 1136/475/1003 1156/650/1149 999/646/1148 752/473/1002
f 727/179/742 730/652/1150 1000/651/1151 906/637/1139
f 906/637/1139 1000/651/1151 853/524/1044 146/525/1046
f 1000/653/1151 750/500/1027 654/480/1008 853/521/1044
f 730/654/1150 656/476/1006 750/497/1027 1000/655/1151
f 1010/656/1152 764/657/1153 677/624/1126 1008/371/913
f 1002/370/911 798/625/1129 1001/628/1131 1003/369/912
f 1001/628/1131 676/361/904 794/357/899 1003/369/912
f 1005/366/910 794/357/899 659/194/752 1006/365/907
f 1047/658/1154 1014/193/751 757/186/744 1004/659/1155
f 1003/369/912 794/357/899 1005/366/910
f 1004/659/1155 757/186/744 658/183/719 1007/660/1156
f 658/183/719 758/362/712 1007/660/1156
f 1048/661/1157 1032/202/760 921/203/763 1009/363/906
f 1009/363/906 921/203/763 758/362/712
f 1008/371/913 943/198/756 759/199/759 1010/656/1152
f 1010/656/1152 759/199/759 1032/202/760 1048/661/1157
f 1006/365/907 659/194/752 1014/193/751 1047/658/1154
f 958/447/975 829/312/862 1028/315/863 1046/449/976
f 821/436/965 958/447/975 1046/449/976 1026/435/963
f 823/451/979 690/276/833 1027/326/874 1045/442/970
f 686/439/969 823/451/979 1045/442/970 1025/426/955
f 954/431/960 821/436/965 1026/435/963 1044/433/961
f 774/144/710 954/431/960 1044/433/961 1018/141/707
f 815/438/967 686/439/969 1025/426/955 1043/420/950
f 667/299/849 815/438/967 1043/420/950 1017/294/845
f 811/374/916 683/375/918 1023/418/934 1042/414/948
f 679/308/857 811/374/916 1042/414/948 1021/393/933
f 949/403/944 808/407/940 1024/406/942 1041/405/945
f 800/382/925 949/403/944 1041/405/945 1022/381/923
f 810/662/917 685/663/919 1024/402/942 1040/397/935
f 683/664/918 810/662/917 1040/397/935 1023/394/934
f 803/307/855 679/308/857 1021/393/933 1039/389/930
f 671/278/835 803/307/855 1039/389/930 1019/334/879
f 945/378/921 800/382/925 1022/381/923 1038/380/922
f 782/318/867 945/378/921 1038/380/922 1020/317/865
f 785/277/832 671/278/835 1019/334/879 1037/329/875
f 690/276/833 785/277/832 1037/329/875 1027/326/874
f 935/313/861 782/318/867 1020/317/865 1036/316/864
f 829/312/862 935/313/861 1036/316/864 1028/315/863
f 780/298/847 667/299/849 1017/294/845 1035/291/838
f 650/262/822 780/296/847 1035/284/838 1011/281/837
f 929/269/826 768/253/810 1016/255/815 1034/271/827
f 743/268/726 929/269/826 1034/271/827 1012/270/723
f 1147/251/807 1157/258/816 1033/254/812 926/250/808
f 926/250/808 1033/254/812 1016/255/815 768/253/810
f 1007/660/1156 1056/666/1158 1053/665/1159 1004/659/1155
f 1048/661/1157 1077/667/1160 764/657/1153 1010/656/1152
f 757/186/744 1014/193/751 1031/189/747 920/185/745
f 920/185/745 1031/189/747 487/190/750 211/188/746
f 742/125/694 653/126/696 1013/166/728 1030/164/724
f 651/124/689 742/125/694 1030/164/724 1012/161/723
f 914/143/701 774/144/710 1018/141/707 1029/138/704
f 765/131/702 914/132/701 1029/137/704 1015/134/703
f 1051/204/762 1053/665/1159 1056/666/1158 1049/668/1161
f 1057/205/761 1058/669/1162 1053/665/1159 1051/204/762
f 1050/200/758 1052/201/757 1054/367/909 1055/368/908
f 1050/200/758 1055/368/908 1058/669/1162 1057/205/761
f 759/199/759 1050/200/758 1057/205/761 1032/202/760
f 1004/659/1155 1053/665/1159 1058/669/1162 1047/658/1154
f 758/362/712 1049/668/1161 1056/666/1158 1007/660/1156
f 1005/366/910 1054/367/909 1052/201/757 943/198/756
f 921/203/763 1051/204/762 1049/668/1161 758/362/712
f 1047/658/1154 1058/669/1162 1055/368/908 1006/365/907
f 1060/210/769 721/224/782 890/622/1123 1059/629/1130
f 923/218/777 792/220/779 661/235/793 1061/214/772
f 1062/213/773 763/234/792 1084/227/783 1083/211/768
f 1061/214/772 661/235/793 763/234/792 1062/213/773
f 1059/629/1130 890/622/1123 676/361/904 1001/628/1131
f 1063/670/1163 793/219/776 660/217/775 1067/671/1164
f 1067/671/1164 660/217/775 891/216/774 1065/672/1165
f 1064/673/1166 789/336/883 674/223/780 1068/674/1167
f 674/223/780 793/219/776 1063/670/1163 1068/674/1167
f 537/675/1168 110/335/880 789/336/883 1064/673/1166
f 1065/672/1165 891/216/774 1085/209/765 1087/676/1169
f 1066/677/799 722/206/764 795/627/1127 1069/678/1122
f 1069/620/1122 795/679/1127 992/195/753
f 1072/680/1170 1077/683/1160 1076/682/905 1073/681/1171
f 1073/681/1171 1076/682/905 758/149/712 652/146/711
f 1071/352/896 1075/685/1121 764/684/1153 1070/351/897
f 1075/619/1121 1074/197/754 677/687/1126 764/686/1153
f 1074/197/754 992/195/753 795/679/1127 677/687/1126
f 1070/351/897 764/684/1153 1077/683/1160 1072/680/1170
f 1009/363/906 1076/364/905 1077/667/1160 1048/661/1157
f 1013/166/728 1072/680/1170 1073/681/1171 746/165/727
f 941/349/895 1075/685/1121 1071/352/896 745/127/695
f 653/126/696 1070/351/897 1072/680/1170 1013/166/728
f 746/165/727 1073/681/1171 652/146/711
f 791/222/781 675/221/778 923/218/777
f 1085/209/765 722/206/764 1087/676/1169
f 1088/226/784 924/230/788 222/231/791 563/229/786
f 1085/209/765 891/216/774 922/212/770 1086/208/766
f 1087/676/1169 722/206/764 1066/677/799
f 1086/208/766 922/212/770 1062/213/773 1083/211/768
f 1084/227/783 721/224/782 1060/210/769 1083/211/768
f 1084/227/783 763/234/792 924/230/788 1088/226/784
f 1089/238/796 925/242/800 1080/243/803 1090/241/798
f 567/239/795 361/246/804 925/242/800 1089/238/796
f 1008/371/913 677/624/1126 798/625/1129 1002/370/911
f 1063/670/1163 1091/689/1172 1096/688/1173 1068/674/1167
f 1078/343/888 1097/691/1174 1098/690/1175 1079/244/802
f 1065/672/1165 1093/693/1176 1095/692/1177 1067/671/1164
f 1079/244/802 1098/690/1175 1099/694/1178 1080/243/803
f 1066/677/799 1094/696/1179 1102/695/1180 1087/676/1169
f 1081/345/889 1100/698/1181 1101/697/1182 1082/344/890
f 1068/674/1167 1096/688/1173 1092/699/1183 1064/673/1166
f 1087/676/1169 1102/695/1180 1093/693/1176 1065/672/1165
f 1064/673/1166 1092/699/1183 569/700/1184 537/675/1168
f 1082/344/890 1101/697/1182 1097/691/1174 1078/343/888
f 558/346/891 581/701/1185 1100/698/1181 1081/345/889
f 1080/243/803 1099/694/1178 1103/702/1186 1090/241/798
f 1067/671/1164 1095/692/1177 1091/689/1172 1063/670/1163
f 1090/241/798 1103/702/1186 1094/703/1179 1066/240/799
f 1094/696/1179 1107/705/1187 1115/704/1188 1102/695/1180
f 1100/698/1181 1113/707/1189 1114/706/1190 1101/697/1182
f 1096/688/1173 1109/709/1191 1105/708/1192 1092/699/1183
f 1101/697/1182 1114/706/1190 1110/710/1193 1097/691/1174
f 1092/699/1183 1105/708/1192 584/711/1194 569/700/1184
f 581/701/1185 596/712/1195 1113/707/1189 1100/698/1181
f 1102/695/1180 1115/704/1188 1106/713/1196 1093/693/1176
f 1103/702/1186 1116/715/1197 1107/714/1187 1094/703/1179
f 1099/694/1178 1112/716/1198 1116/715/1197 1103/702/1186
f 1095/692/1177 1108/718/1199 1104/717/1200 1091/689/1172
f 1091/689/1172 1104/717/1200 1109/709/1191 1096/688/1173
f 1097/691/1174 1110/710/1193 1111/719/1201 1098/690/1175
f 1093/693/1176 1106/713/1196 1108/718/1199 1095/692/1177
f 1098/690/1175 1111/719/1201 1112/716/1198 1099/694/1178
f 1115/704/1188 1123/721/1202 1119/720/1203 1106/713/1196
f 1109/709/1191 1122/723/1204 1118/722/1205 1105/708/1192
f 1106/713/1196 1119/720/1203 1121/724/1206 1108/718/1199
f 1108/718/1199 1121/724/1206 1117/725/1207 1104/717/1200
f 1105/708/1192 1118/722/1205 599/726/1208 584/711/1194
f 1107/705/1187 1120/727/1209 1123/721/1202 1115/704/1188
f 1104/717/1200 1117/725/1207 1122/723/1204 1109/709/1191
f 1116/715/1197 1130/729/1210 1124/728/1211 1107/714/1187
f 1114/706/1190 1129/731/1212 1125/730/1213 1110/710/1193
f 1111/719/1201 1126/733/1214 1127/732/1215 1112/716/1198
f 1107/705/1187 1124/735/1211 1131/734/1216 1120/727/1209
f 596/712/1195 613/737/1217 1128/736/1218 1113/707/1189
f 1112/716/1198 1127/732/1215 1130/729/1210 1116/715/1197
f 1113/707/1189 1128/736/1218 1129/731/1212 1114/706/1190
f 1110/710/1193 1125/730/1213 1126/733/1214 1111/719/1201
f 765/131/702 1015/134/703 1157/258/816 1147/251/807
f 656/476/1006 730/654/1150 1156/650/1149 1136/475/1003
f 727/179/742 1143/180/741 1156/647/1149 730/652/1150
f 78/99/671 618/641/1143 1155/639/1140 896/98/669
f 724/97/670 896/98/669 1155/639/1140 1142/120/692
f 319/517/1219 627/522/1045 1154/523/1043 444/516/1041
f 444/519/1041 1154/520/1043 1135/469/997 749/470/1000
f 965/474/1001 840/467/995 1141/468/996 1153/478/1004
f 752/473/1002 965/474/1001 1153/478/1004 1136/475/1003
f 843/481/1011 697/484/1013 1140/463/991 1152/472/998
f 654/480/1008 843/481/1011 1152/472/998 1135/469/997
f 838/508/1034 699/479/1007 1141/468/996 1151/466/992
f 697/484/1013 838/508/1034 1151/466/992 1140/463/991
f 734/633/1135 695/634/1136 1139/82/654 1150/462/989
f 648/176/740 734/633/1135 1150/462/989 1132/175/737
f 769/301/851 662/130/699 1137/248/806 1149/266/823
f 646/285/842 769/301/851 1149/266/823 1133/90/662
f 927/260/819 767/257/813 1138/259/817 1148/264/820
f 739/113/687 927/260/819 1148/264/820 1134/112/684
f 1015/134/703 664/135/706 1138/259/817 1157/258/816
f 662/130/699 765/131/702 1147/251/807 1137/248/806
f 919/174/735 905/649/743 1143/180/741 1146/178/738
f 733/173/736 919/174/735 1146/178/738 1132/175/737
f 740/642/1144 724/97/670 1142/120/692 1145/115/685
f 650/262/822 740/642/1144 1145/115/685 1134/112/684
f 832/645/1147 646/285/842 1133/90/662 1144/85/655
f 695/634/1136 832/645/1147 1144/85/655 1139/82/654
f 1166/738/1220 1165/739/1221 1163/740/1222 1162/741/1223
f 1165/739/1221 1168/742/1224 1164/743/1225 1163/740/1222
f 1170/744/1226 1169/745/1227 1165/739/1221 1166/738/1220
f 1169/745/1227 1171/746/1228 1167/747/1229 1165/739/1221
f 1165/739/1221 1167/747/1229 1168/742/1224
f 1173/748/1230 1172/749/1231 1169/745/1227 1170/744/1226
f 1172/749/1231 1174/750/1232 1171/746/1228 1169/745/1227
f 1178/751/1233 1175/752/1234 1172/749/1231 1173/748/1230
f 1175/752/1234 1177/753/1235 1174/750/1232 1172/749/1231
f 1178/751/1233 1179/754/1236 1176/755/1237 1175/752/1234
f 1175/752/1234 1176/755/1237 1352/756/1238 1177/753/1235
f 1180/757/1239 1183/758/1240 1179/754/1236 1178/751/1233
f 1180/757/1239 1178/751/1233 1173/748/1230 1182/759/1241
f 1184/760/1242 1183/758/1240 1180/757/1239 1181/761/1243
f 1181/761/1243 1180/757/1239 1182/759/1241 1363/762/1244
f 1179/754/1236 1183/758/1240 1185/763/1245 1186/764/1246
f 1185/763/1245 1183/758/1240 1184/760/1242 1187/765/1247
f 1186/764/1246 1185/763/1245 1188/766/1248 1190/767/1249
f 1185/763/1245 1187/765/1247 1189/768/1250 1188/766/1248
f 1188/766/1248 1189/768/1250 1193/769/1251 1191/770/1252
f 1190/767/1249 1188/766/1248 1191/770/1252 1194/771/1253
f 1194/771/1253 1191/770/1252 1192/772/1254 1195/773/1255
f 1214/774/1256 1192/772/1254 1191/770/1252 1193/769/1251
f 1196/775/1257 1194/771/1253 1195/773/1255 1197/776/1258
f 1198/777/1259 1190/767/1249 1194/771/1253 1196/775/1257
f 1199/778/1260 1196/775/1257 1197/776/1258 1201/779/1261
f 1200/780/1262 1198/777/1259 1196/775/1257 1199/778/1260
f 1204/781/1263 1200/782/1262 1199/783/1260 1202/784/1264
f 1202/784/1264 1199/783/1260 1201/785/1261 1203/786/1265
f 1205/787/1266 1202/784/1264 1203/786/1265 1206/788/1267
f 1207/789/1268 1204/781/1263 1202/784/1264 1205/787/1266
f 1205/787/1266 1206/788/1267 1209/790/1269 1208/791/1270
f 1210/792/1271 1207/789/1268 1205/787/1266 1208/791/1270
f 1211/793/1272 1208/791/1270 1209/790/1269 1213/794/1273
f 1212/795/1274 1210/792/1271 1208/791/1270 1211/793/1272
f 1193/769/1251 1211/793/1272 1213/794/1273 1214/774/1256
f 1189/768/1250 1212/795/1274 1211/793/1272 1193/769/1251
f 1213/794/1273 1209/790/1269 1216/796/1275 1215/797/1276
f 1214/774/1256 1213/794/1273 1215/797/1276 1217/798/1277
f 1216/796/1275 1219/799/1278 1218/800/1279 1215/797/1276
f 1217/798/1277 1215/797/1276 1218/800/1279 1220/801/1280
f 1219/799/1278 1224/802/1281 1221/803/1282 1218/800/1279
f 1220/801/1280 1218/800/1279 1221/803/1282 1223/804/1283
f 1224/802/1281 1226/805/1284 1222/806/1285 1221/803/1282
f 1223/804/1283 1221/803/1282 1222/806/1285
f 1219/799/1278 1335/807/1286 1225/808/1287 1224/802/1281
f 1224/802/1281 1225/808/1287 1227/809/1288 1226/805/1284
f 1230/810/1289 1222/811/1285 1226/812/1284 1228/813/1290
f 1226/812/1284 1227/814/1288 1231/815/1291 1228/813/1290
f 1321/816/1292 1230/810/1289 1228/813/1290 1229/817/1293
f 1228/813/1290 1231/815/1291 1233/818/1294 1229/817/1293
f 1227/814/1288 1341/819/1295 1232/820/1296 1231/815/1291
f 1231/815/1291 1232/820/1296 1236/821/1297 1233/818/1294
f 1234/822/1298 1256/823/1299 1235/824/1300 1233/825/1294
f 1234/826/1298 1233/827/1294 1237/828/1301 1240/829/1302
f 1233/825/1294 1235/824/1300 1257/830/1303 1229/831/1293
f 1236/832/1297 1238/833/1304 1237/828/1301 1233/827/1294
f 1387/834/1305 1386/835/1306 1342/836/1307 1239/837/1308
f 1388/838/1309 1387/834/1305 1239/837/1308 1241/839/1310
f 1234/840/1298 1240/841/1302 1242/842/1311 1244/843/1312
f 1389/844/1313 1388/845/1309 1241/846/1310 1243/847/1314
f 1244/848/1312 1242/849/1311 1238/833/1304 1236/832/1297
f 1386/835/1306 1389/850/1313 1243/851/1314 1342/836/1307
f 1234/852/1298 1244/853/1312 1245/854/1315 1247/855/1316
f 1232/820/1296 1245/856/1315 1244/857/1312 1236/821/1297
f 1247/855/1316 1245/854/1315 1246/858/1317 1248/859/1318
f 1341/819/1295 1246/860/1317 1245/856/1315 1232/820/1296
f 1247/855/1316 1249/861/1319 1252/862/1320 1234/852/1298
f 1248/859/1318 1251/863/1321 1249/861/1319 1247/855/1316
f 1252/862/1320 1249/861/1319 1250/864/1322 1253/865/1323
f 1249/861/1319 1251/863/1321 1324/866/1324 1250/864/1322
f 1252/867/1320 1255/868/1325 1256/869/1299 1234/870/1298
f 1229/831/1293 1257/830/1303 1255/871/1325 1252/872/1320
f 1229/873/1293 1252/874/1320 1254/875/1326 1282/876/1327
f 1252/862/1320 1253/865/1323 1283/877/1328 1254/878/1326
f 1256/869/1299 1255/868/1325 1258/879/1329 1261/880/1330
f 1255/871/1325 1257/830/1303 1259/881/1331 1258/882/1329
f 1259/881/1331 1266/883/1332 1260/884/1333 1258/882/1329
f 1258/879/1329 1260/885/1333 1262/886/1334 1261/880/1330
f 1235/824/1300 1256/823/1299 1261/887/1330 1263/888/1335
f 1261/887/1330 1262/889/1334 1264/890/1336 1263/888/1335
f 1257/830/1303 1235/824/1300 1263/888/1335 1259/881/1331
f 1263/888/1335 1264/890/1336 1266/883/1332 1259/881/1331
f 1264/890/1336 1262/889/1334 1271/891/1337 1265/892/1338
f 1266/883/1332 1264/890/1336 1265/892/1338 1267/893/1339
f 1260/884/1333 1266/883/1332 1267/893/1339 1269/894/1340
f 1265/892/1338 1274/895/1341 1268/896/1342 1267/893/1339
f 1267/893/1339 1268/896/1342 1270/897/1343 1269/894/1340
f 1262/886/1334 1260/885/1333 1269/898/1340 1271/899/1337
f 1269/898/1340 1270/900/1343 1272/901/1344 1271/899/1337
f 1271/891/1337 1272/902/1344 1274/895/1341 1265/892/1338
f 1272/901/1344 1270/900/1343 1279/903/1345 1273/904/1346
f 1274/895/1341 1272/902/1344 1273/905/1346 1275/906/1347
f 1268/896/1342 1274/895/1341 1275/906/1347 1277/907/1348
f 1393/908/1349 1281/909/1350 1276/910/1351 1390/911/1352
f 1390/911/1352 1276/910/1351 1278/912/1353 1391/913/1354
f 1270/897/1343 1268/896/1342 1277/907/1348 1279/914/1345
f 1394/915/1355 1395/916/1356 1279/914/1345 1277/907/1348
f 1392/917/1357 1280/918/1358 1281/919/1350 1393/920/1349
f 1276/910/1351 1281/909/1350 1280/921/1358 1278/912/1353
f 1282/876/1327 1254/875/1326 1284/922/1359 1287/923/1360
f 1254/924/1326 1283/925/1328 1285/926/1361 1284/927/1359
f 1404/928/1362 1409/929/1363 1298/930/1364 1286/931/1365
f 1404/932/1362 1286/933/1365 1288/934/1366 1405/935/1367
f 1290/936/1368 1282/876/1327 1287/923/1360 1289/937/1369
f 1406/938/1370 1405/935/1367 1288/934/1366 1291/939/1371
f 1293/940/1372 1290/936/1368 1289/937/1369 1292/941/1373
f 1407/942/1374 1406/938/1370 1291/939/1371 1294/943/1375
f 1296/944/1376 1293/945/1372 1292/946/1373 1295/947/1377
f 1407/948/1374 1294/949/1375 1297/950/1378 1408/951/1379
f 1283/925/1328 1296/952/1376 1295/953/1377 1285/926/1361
f 1409/929/1363 1408/954/1379 1297/955/1378 1298/930/1364
f 1399/956/1380 1398/957/1381 1299/958/1382 1302/959/1383
f 1398/960/1381 1403/961/1384 1300/962/1385 1299/963/1382
f 1300/962/1385 1311/964/1386 1301/965/1387 1299/963/1382
f 1302/959/1383 1299/958/1382 1301/966/1387 1303/967/1388
f 1400/968/1389 1399/956/1380 1302/959/1383 1304/969/1390
f 1304/969/1390 1302/959/1383 1303/967/1388 1305/970/1391
f 1401/971/1392 1400/972/1389 1304/973/1390 1306/974/1393
f 1304/973/1390 1305/975/1391 1307/976/1394 1306/974/1393
f 1402/977/1395 1401/971/1392 1306/974/1393 1308/978/1396
f 1308/978/1396 1306/974/1393 1307/976/1394 1309/979/1397
f 1403/980/1384 1402/977/1395 1308/978/1396 1300/981/1385
f 1300/981/1385 1308/978/1396 1309/979/1397 1311/982/1386
f 1309/979/1397 1307/976/1394 1316/983/1398 1310/984/1399
f 1311/982/1386 1309/979/1397 1310/984/1399 1312/985/1400
f 1301/965/1387 1311/964/1386 1312/986/1400 1313/987/1401
f 1312/986/1400 1310/988/1399 1314/989/1402 1313/987/1401
f 1303/967/1388 1301/966/1387 1313/990/1401 1314/991/1402
f 1305/970/1391 1303/967/1388 1314/991/1402 1315/992/1403
f 1314/989/1402 1310/988/1399 1316/983/1398 1315/993/1403
f 1307/976/1394 1305/975/1391 1315/993/1403 1316/983/1398
f 1319/994/1404 1293/945/1372 1296/944/1376 1317/995/1405
f 1253/865/1323 1317/996/1405 1296/997/1376 1283/877/1328
f 1253/865/1323 1250/864/1322 1318/998/1406 1317/996/1405
f 1318/999/1406 1320/1000/1407 1319/1001/1404 1317/1002/1405
f 1319/1003/1404 1321/1004/1292 1290/936/1368 1293/940/1372
f 1319/1001/1404 1320/1000/1407 1230/810/1289 1321/816/1292
f 1321/1004/1292 1229/873/1293 1282/876/1327 1290/936/1368
f 1322/1005/1408 1222/811/1285 1320/1000/1407 1318/999/1406
f 1320/1000/1407 1222/811/1285 1230/810/1289
f 1250/864/1322 1324/866/1324 1322/1006/1408 1318/998/1406
f 1322/1007/1408 1323/1008/1409 1223/804/1283 1222/806/1285
f 1325/1009/1410 1323/1008/1409 1322/1007/1408 1324/1010/1324
f 1327/1011/1411 1325/1009/1410 1324/1010/1324 1251/1012/1321
f 1326/1013/1412 1340/1014/1413 1323/1008/1409 1325/1009/1410
f 1326/1013/1412 1325/1009/1410 1327/1011/1411 1328/1015/1414
f 1328/1015/1414 1327/1011/1411 1329/1016/1415 1331/1017/1416
f 1329/1016/1415 1327/1011/1411 1251/1012/1321 1248/1018/1318
f 1330/1019/1417 1329/1020/1415 1248/1021/1318
f 1333/1022/1418 1331/1023/1416 1329/1020/1415 1330/1019/1417
f 1334/1024/1419 1332/1025/1420 1331/1023/1416 1333/1022/1418
f 1332/1026/1420 1337/1027/1421 1328/1015/1414 1331/1017/1416
f 1335/807/1286 1333/1022/1418 1330/1019/1417 1225/808/1287
f 1336/1028/1422 1334/1024/1419 1333/1022/1418 1335/807/1286
f 1336/1028/1422 1335/807/1286 1219/799/1278 1216/796/1275
f 1209/790/1269 1206/788/1267 1336/1028/1422 1216/796/1275
f 1206/788/1267 1203/786/1265 1334/1024/1419 1336/1028/1422
f 1203/786/1265 1201/785/1261 1332/1025/1420 1334/1024/1419
f 1201/779/1261 1197/776/1258 1337/1027/1421 1332/1026/1420
f 1337/1027/1421 1338/1029/1423 1326/1013/1412 1328/1015/1414
f 1197/776/1258 1195/773/1255 1338/1029/1423 1337/1027/1421
f 1195/773/1255 1192/772/1254 1339/1030/1424 1338/1029/1423
f 1338/1029/1423 1339/1030/1424 1340/1014/1413 1326/1013/1412
f 1339/1030/1424 1192/772/1254 1214/774/1256 1217/798/1277
f 1220/801/1280 1340/1014/1413 1339/1030/1424 1217/798/1277
f 1323/1008/1409 1340/1014/1413 1220/801/1280 1223/804/1283
f 1225/808/1287 1330/1019/1417 1248/1021/1318 1227/809/1288
f 1246/860/1317 1341/819/1295 1227/814/1288 1248/1031/1318
f 1342/836/1307 1243/851/1314 1241/839/1310 1239/837/1308
f 1187/765/1247 1343/1032/1425 1212/795/1274 1189/768/1250
f 1343/1032/1425 1345/1033/1426 1210/792/1271 1212/795/1274
f 1344/1034/1427 1346/1035/1428 1345/1033/1426 1343/1032/1425
f 1184/760/1242 1344/1034/1427 1343/1032/1425 1187/765/1247
f 1345/1033/1426 1347/1036/1429 1207/789/1268 1210/792/1271
f 1346/1035/1428 1348/1037/1430 1347/1036/1429 1345/1033/1426
f 1347/1036/1429 1349/1038/1431 1204/781/1263 1207/789/1268
f 1348/1037/1430 1350/1039/1432 1349/1038/1431 1347/1036/1429
f 1349/1038/1431 1351/1040/1433 1200/782/1262 1204/781/1263
f 1350/1039/1432 1352/1041/1238 1351/1040/1433 1349/1038/1431
f 1351/1042/1433 1353/1043/1434 1198/777/1259 1200/780/1262
f 1352/756/1238 1176/755/1237 1353/1043/1434 1351/1042/1433
f 1353/1043/1434 1186/764/1246 1190/767/1249 1198/777/1259
f 1176/755/1237 1179/754/1236 1186/764/1246 1353/1043/1434
f 1354/1044/1435 1177/1045/1235 1352/1041/1238 1350/1039/1432
f 1356/1046/1436 1354/1044/1435 1350/1039/1432 1348/1037/1430
f 1177/1045/1235 1354/1044/1435 1355/1047/1437 1174/1048/1232
f 1354/1044/1435 1356/1046/1436 1357/1049/1438 1355/1047/1437
f 1358/1050/1439 1356/1046/1436 1348/1037/1430 1346/1035/1428
f 1359/1051/1440 1357/1049/1438 1356/1046/1436 1358/1050/1439
f 1360/1052/1441 1358/1050/1439 1346/1035/1428 1344/1034/1427
f 1361/1053/1442 1359/1051/1440 1358/1050/1439 1360/1052/1441
f 1360/1052/1441 1344/1034/1427 1184/760/1242 1181/761/1243
f 1360/1052/1441 1181/761/1243 1363/762/1244 1361/1053/1442
f 1362/1054/1443 1372/1055/1444 1359/1051/1440 1361/1053/1442
f 1361/1053/1442 1363/762/1244 1364/1056/1445 1362/1054/1443
f 1363/762/1244 1182/759/1241 1366/1057/1446 1364/1056/1445
f 1367/1058/1447 1365/1059/1448 1364/1056/1445 1366/1057/1446
f 1362/1054/1443 1364/1056/1445 1365/1059/1448 1370/1060/1449
f 1182/759/1241 1173/748/1230 1170/744/1226 1366/1057/1446
f 1166/738/1220 1367/1058/1447 1366/1057/1446 1170/744/1226
f 1162/741/1223 1368/1061/1450 1367/1058/1447 1166/738/1220
f 1161/1062/1451 1365/1059/1448 1367/1058/1447 1368/1061/1450
f 1370/1060/1449 1365/1059/1448 1161/1062/1451 1369/1063/1452
f 1371/1064/1453 1370/1060/1449 1369/1063/1452 1160/1065/1454
f 1372/1055/1444 1362/1054/1443 1370/1060/1449 1371/1064/1453
f 1372/1055/1444 1371/1064/1453 1373/1066/1455 1374/1067/1456
f 1373/1066/1455 1371/1064/1453 1160/1065/1454 1159/1068/1457
f 1377/1069/1458 1374/1067/1456 1373/1066/1455 1375/1070/1459
f 1375/1070/1459 1373/1066/1455 1159/1068/1457 1158/1071/1460
f 1167/1072/1229 1375/1070/1459 1158/1071/1460 1376/1073/1461
f 1168/742/1224 1167/747/1229 1376/1074/1461 1164/743/1225
f 1171/1075/1228 1377/1069/1458 1375/1070/1459 1167/1072/1229
f 1174/1048/1232 1355/1047/1437 1377/1069/1458 1171/1075/1228
f 1355/1047/1437 1357/1049/1438 1374/1067/1456 1377/1069/1458
f 1372/1055/1444 1374/1067/1456 1357/1049/1438 1359/1051/1440
f 1385/1076/1462 1384/1077/1463 1380/1078/1464 1381/1079/1465
f 1384/1080/1463 1383/1081/1466 1379/1082/1467 1380/1083/1464
f 1383/1084/1466 1382/1085/1468 1378/1086/1469 1379/1087/1467
f 1382/1085/1468 1385/1076/1462 1381/1079/1465 1378/1086/1469
f 1237/828/1301 1238/833/1304 1385/1076/1462 1382/1085/1468
f 1240/829/1302 1237/828/1301 1382/1085/1468 1383/1084/1466
f 1242/842/1311 1240/841/1302 1383/1081/1466 1384/1080/1463
f 1238/833/1304 1242/849/1311 1384/1077/1463 1385/1076/1462
f 1381/1079/1465 1380/1078/1464 1389/850/1313 1386/835/1306
f 1380/1083/1464 1379/1082/1467 1388/845/1309 1389/844/1313
f 1379/1087/1467 1378/1086/1469 1387/834/1305 1388/838/1309
f 1378/1086/1469 1381/1079/1465 1386/835/1306 1387/834/1305
f 1395/1088/1356 1392/917/1357 1393/920/1349 1397/1089/1470
f 1278/912/1353 1280/921/1358 1392/1090/1357 1391/913/1354
f 1396/1091/1471 1390/911/1352 1391/913/1354 1394/915/1355
f 1397/1092/1470 1393/908/1349 1390/911/1352 1396/1091/1471
f 1273/905/1346 1397/1092/1470 1396/1091/1471 1275/906/1347
f 1275/906/1347 1396/1091/1471 1394/915/1355 1277/907/1348
f 1279/903/1345 1395/1088/1356 1397/1089/1470 1273/904/1346
f 1391/913/1354 1392/1090/1357 1395/916/1356 1394/915/1355
f 1294/943/1375 1291/939/1371 1402/977/1395 1403/980/1384
f 1291/939/1371 1288/934/1366 1401/971/1392 1402/977/1395
f 1288/934/1366 1286/933/1365 1400/972/1389 1401/971/1392
f 1286/931/1365 1298/930/1364 1399/956/1380 1400/968/1389
f 1297/950/1378 1294/949/1375 1403/961/1384 1398/960/1381
f 1298/930/1364 1297/955/1378 1398/957/1381 1399/956/1380
f 1285/926/1361 1295/953/1377 1408/954/1379 1409/929/1363
f 1292/946/1373 1407/948/1374 1408/951/1379 1295/947/1377
f 1292/941/1373 1289/937/1369 1406/938/1370 1407/942/1374
f 1289/937/1369 1287/923/1360 1405/935/1367 1406/938/1370
f 1284/922/1359 1404/932/1362 1405/935/1367 1287/923/1360
f 1284/927/1359 1285/926/1361 1409/929/1363 1404/928/1362
s 0
f 1426/1093/1472 1425/1094/1472 1412/1095/1472
f 1411/1096/1473 1413/1097/1473 1414/1098/1473
f 1416/1099/1474 1417/1100/1474 1413/1097/1474 1411/1096/1474
f 1413/1097/1475 1410/1101/1475 1414/1098/1475
f 1418/1102/1476 1419/1103/1476 1417/1100/1476 1416/1099/1476
f 1410/1101/1477 1413/1097/1477 1417/1100/1477 1415/1104/1477
f 1424/1105/1478 1425/1094/1478 1419/1103/1478 1418/1102/1478
f 1415/1104/1479 1417/1100/1479 1419/1103/1479 1420/1106/1479
f 1426/1107/1480 1412/1108/1480 1427/1109/1480
f 1411/1110/1481 1414/1111/1481 1421/1112/1481
f 1416/1113/1482 1411/1110/1482 1421/1112/1482 1422/1114/1482
f 1421/1112/1483 1414/1111/1483 1410/1115/1483
f 1418/1116/1484 1416/1113/1484 1422/1114/1484 1423/1117/1484
f 1410/1115/1485 1415/1118/1485 1422/1114/1485 1421/1112/1485
f 1424/1119/1486 1418/1116/1486 1423/1117/1486 1427/1109/1486
f 1415/1118/1487 1420/1120/1487 1423/1117/1487 1422/1114/1487
f 1412/1108/1488 1424/1119/1488 1427/1109/1488
f 1420/1120/1489 1426/1107/1489 1427/1109/1489 1423/1117/1489
f 1412/1095/1490 1425/1094/1490 1424/1105/1490
f 1420/1106/1491 1419/1103/1491 1425/1094/1491 1426/1093/1491
s 1
f 1428/1121/1492 1432/1122/1493 1435/1123/1494 1431/1124/1495
f 1429/1125/1496 1433/1126/1497 1432/1122/1493 1428/1121/1492
f 1430/1127/1498 1434/1128/1499 1433/1126/1497 1429/1125/1496
f 1431/1124/1495 1435/1123/1494 1434/1129/1499 1430/1130/1498
f 1432/1122/1493 1436/1131/1500 1439/1132/1501 1435/1123/1494
f 1433/1126/1497 1437/1133/1502 1436/1131/1500 1432/1122/1493
f 1434/1128/1499 1438/1134/1503 1437/1133/1502 1433/1126/1497
f 1435/1123/1494 1439/1132/1501 1438/1135/1503 1434/1129/1499
f 1436/1131/1500 1440/1136/1504 1443/1137/1505 1439/1132/1501
f 1437/1133/1502 1441/1138/1506 1440/1136/1504 1436/1131/1500
f 1438/1134/1503 1442/1139/1507 1441/1138/1506 1437/1133/1502
f 1439/1132/1501 1443/1137/1505 1442/1140/1507 1438/1135/1503
f 1440/1136/1504 1444/1141/1508 1447/1142/1509 1443/1137/1505
f 1441/1138/1506 1445/1143/1510 1444/1141/1508 1440/1136/1504
f 1442/1139/1507 1446/1144/1511 1445/1143/1510 1441/1138/1506
f 1443/1137/1505 1447/1142/1509 1446/1145/1511 1442/1140/1507
f 1444/1141/1508 1448/1146/1512 1451/1147/1513 1447/1142/1509
f 1445/1143/1510 1449/1148/1514 1448/1146/1512 1444/1141/1508
f 1446/1144/1511 1450/1149/1515 1449/1148/1514 1445/1143/1510
f 1447/1142/1509 1451/1147/1513 1450/1150/1515 1446/1145/1511
f 1448/1146/1512 1452/1151/1516 1455/1152/1517 1451/1147/1513
f 1449/1148/1514 1453/1153/1518 1452/1151/1516 1448/1146/1512
f 1450/1149/1515 1454/1154/1519 1453/1153/1518 1449/1148/1514
f 1451/1147/1513 1455/1152/1517 1454/1155/1519 1450/1150/1515
f 1452/1151/1516 1456/1156/1520 1459/1157/1521 1455/1152/1517
f 1453/1153/1518 1457/1158/1522 1456/1156/1520 1452/1151/1516
f 1454/1154/1519 1458/1159/1523 1457/1158/1522 1453/1153/1518
f 1455/1152/1517 1459/1157/1521 1458/1160/1523 1454/1155/1519
f 1456/1156/1520 1460/1161/1524 1463/1162/1525 1459/1157/1521
f 1457/1158/1522 1461/1163/1526 1460/1161/1524 1456/1156/1520
f 1458/1159/1523 1462/1164/1527 1461/1163/1526 1457/1158/1522
f 1459/1157/1521 1463/1162/1525 1462/1165/1527 1458/1160/1523
f 1460/1161/1524 1464/1166/1528 1467/1167/1529 1463/1162/1525
f 1461/1163/1526 1465/1168/1530 1464/1166/1528 1460/1161/1524
f 1462/1164/1527 1466/1169/1531 1465/1168/1530 1461/1163/1526
f 1463/1162/1525 1467/1167/1529 1466/1170/1531 1462/1165/1527
f 1464/1166/1528 1468/1171/1532 1471/1172/1533 1467/1167/1529
f 1465/1168/1530 1469/1173/1534 1468/1171/1532 1464/1166/1528
f 1466/1169/1531 1470/1174/1535 1469/1173/1534 1465/1168/1530
f 1467/1167/1529 1471/1172/1533 1470/1175/1535 1466/1170/1531
f 1468/1171/1532 1472/1176/1536 1475/1177/1537 1471/1172/1533
f 1469/1173/1534 1473/1178/1538 1472/1176/1536 1468/1171/1532
f 1470/1174/1535 1474/1179/1539 1473/1178/1538 1469/1173/1534
f 1471/1172/1533 1475/1177/1537 1474/1180/1539 1470/1175/1535
f 1472/1176/1536 1476/1181/1540 1479/1182/1541 1475/1177/1537
f 1473/1178/1538 1477/1183/1542 1476/1181/1540 1472/1176/1536
f 1474/1179/1539 1478/1184/1543 1477/1183/1542 1473/1178/1538
f 1475/1177/1537 1479/1182/1541 1478/1185/1543 1474/1180/1539
f 1476/1181/1540 1480/1186/1544 1483/1187/1545 1479/1182/1541
f 1477/1183/1542 1481/1188/1546 1480/1186/1544 1476/1181/1540
f 1478/1184/1543 1482/1189/1547 1481/1188/1546 1477/1183/1542
f 1479/1182/1541 1483/1187/1545 1482/1190/1547 1478/1185/1543
f 1480/1186/1544 1484/1191/1548 1487/1192/1549 1483/1187/1545
f 1481/1188/1546 1485/1193/1550 1484/1191/1548 1480/1186/1544
f 1482/1189/1547 1486/1194/1551 1485/1193/1550 1481/1188/1546
f 1483/1187/1545 1487/1192/1549 1486/1195/1551 1482/1190/1547
f 1484/1191/1548 1488/1196/1552 1491/1197/1553 1487/1192/1549
f 1485/1193/1550 1489/1198/1554 1488/1196/1552 1484/1191/1548
f 1486/1194/1551 1490/1199/1555 1489/1198/1554 1485/1193/1550
f 1487/1192/1549 1491/1197/1553 1490/1200/1555 1486/1195/1551
f 1488/1196/1552 1492/1201/1556 1495/1202/1557 1491/1197/1553
f 1489/1198/1554 1493/1203/1558 1492/1201/1556 1488/1196/1552
f 1490/1199/1555 1494/1204/1559 1493/1203/1558 1489/1198/1554
f 1491/1197/1553 1495/1202/1557 1494/1205/1559 1490/1200/1555
f 1492/1201/1556 1496/1206/1560 1499/1207/1561 1495/1202/1557
f 1493/1203/1558 1497/1208/1562 1496/1206/1560 1492/1201/1556
f 1494/1204/1559 1498/1209/1563 1497/1208/1562 1493/1203/1558
f 1495/1202/1557 1499/1207/1561 1498/1210/1563 1494/1205/1559
f 1496/1206/1560 1500/1211/1564 1503/1212/1565 1499/1207/1561
f 1497/1208/1562 1501/1213/1566 1500/1211/1564 1496/1206/1560
f 1498/1209/1563 1502/1214/1567 1501/1213/1566 1497/1208/1562
f 1499/1207/1561 1503/1212/1565 1502/1215/1567 1498/1210/1563
f 1500/1211/1564 1504/1216/1568 1507/1217/1569 1503/1212/1565
f 1501/1213/1566 1505/1218/1570 1504/1216/1568 1500/1211/1564
f 1502/1214/1567 1506/1219/1571 1505/1218/1570 1501/1213/1566
f 1503/1212/1565 1507/1217/1569 1506/1220/1571 1502/1215/1567
f 1504/1216/1568 1508/1221/1572 1511/1222/1573 1507/1217/1569
f 1505/1218/1570 1509/1223/1574 1508/1221/1572 1504/1216/1568
f 1506/1219/1571 1510/1224/1575 1509/1223/1574 1505/1218/1570
f 1507/1217/1569 1511/1222/1573 1510/1225/1575 1506/1220/1571
f 1508/1221/1572 1512/1226/1576 1515/1227/1577 1511/1222/1573
f 1509/1223/1574 1513/1228/1578 1512/1226/1576 1508/1221/1572
f 1510/1224/1575 1514/1229/1579 1513/1228/1578 1509/1223/1574
f 1511/1222/1573 1515/1227/1577 1514/1230/1579 1510/1225/1575
f 1512/1226/1576 1516/1231/1580 1519/1232/1581 1515/1227/1577
f 1513/1228/1578 1517/1233/1582 1516/1231/1580 1512/1226/1576
f 1514/1229/1579 1518/1234/1583 1517/1233/1582 1513/1228/1578
f 1515/1227/1577 1519/1232/1581 1518/1235/1583 1514/1230/1579
f 1516/1231/1580 1520/1236/1584 1523/1237/1585 1519/1232/1581
f 1517/1233/1582 1521/1238/1586 1520/1236/1584 1516/1231/1580
f 1518/1234/1583 1522/1239/1587 1521/1238/1586 1517/1233/1582
f 1519/1232/1581 1523/1237/1585 1522/1240/1587 1518/1235/1583
f 1520/1236/1584 1524/1241/1588 1527/1242/1589 1523/1237/1585
f 1521/1238/1586 1525/1243/1590 1524/1241/1588 1520/1236/1584
f 1522/1239/1587 1526/1244/1591 1525/1243/1590 1521/1238/1586
f 1523/1237/1585 1527/1242/1589 1526/1245/1591 1522/1240/1587
f 1533/1246/1592 1569/1247/1593 1565/1248/1594 1528/1249/1595
f 1567/1250/1596 1571/1251/1597 1550/1252/1598 1549/1253/1599
f 1531/1254/1600 1536/1255/1601 1570/1256/1602 1566/1257/1603
f 1565/1248/1594 1569/1247/1593 1545/1258/1604 1544/1259/1605
f 1537/1260/1606 1568/1261/1607 1564/1262/1608 1532/1263/1609
f 1566/1257/1603 1570/1256/1602 1558/1264/1610 1557/1265/1611
f 1538/1266/1612 1539/1267/1613 1573/1268/1614 1572/1269/1615
f 1564/1262/1608 1568/1261/1607 1554/1270/1616 1553/1271/1617
f 1540/1272/1618 1541/1273/1619 1575/1274/1620 1574/1275/1621
f 1572/1269/1615 1573/1268/1614 1548/1276/1622 1547/1277/1623
f 1542/1278/1624 1543/1279/1625 1577/1280/1626 1576/1281/1627
f 1574/1275/1621 1575/1274/1620 1552/1282/1628 1551/1283/1629
f 1544/1259/1605 1545/1258/1604 1579/1284/1630 1578/1285/1631
f 1576/1281/1627 1577/1280/1626 1556/1286/1632 1555/1287/1633
f 1531/1254/1600 1580/1288/1634 1581/1289/1635 1536/1255/1601
f 1547/1277/1623 1548/1276/1622 1583/1290/1636 1582/1291/1637
f 1546/1292/1638 1581/1289/1635 1580/1288/1634
f 1549/1253/1599 1550/1252/1598 1585/1293/1639 1584/1294/1640
f 1582/1291/1637 1583/1290/1636 1533/1295/1592 1528/1296/1595
f 1551/1283/1629 1552/1282/1628 1587/1297/1641 1586/1298/1642
f 1584/1294/1640 1585/1293/1639 1539/1267/1613 1538/1266/1612
f 1553/1271/1617 1554/1270/1616 1589/1299/1643 1588/1300/1644
f 1586/1301/1642 1587/1302/1641 1535/1303/1645 1530/1304/1646
f 1555/1287/1633 1556/1286/1632 1591/1305/1647 1590/1306/1648
f 1588/1300/1644 1589/1299/1643 1541/1273/1619 1540/1272/1618
f 1557/1265/1611 1558/1264/1610 1593/1307/1649 1592/1308/1650
f 1590/1306/1648 1591/1305/1647 1537/1309/1606 1532/1310/1609
f 1592/1308/1650 1593/1307/1649 1543/1279/1625 1542/1278/1624
f 1578/1285/1631 1579/1284/1630 1594/1311/1651 1529/1312/1652
f 1596/1313/1653 1595/1314/1654 1560/1315/1655 1561/1316/1656
f 1560/1315/1655 1597/1317/1657 1598/1318/1658 1561/1316/1656
f 1598/1318/1658 1597/1317/1657 1562/1319/1659 1563/1320/1659
f 1534/1321/1660 1559/1322/1661 1529/1312/1652 1594/1311/1651
f 1530/1304/1646 1535/1303/1645 1571/1251/1597 1567/1250/1596
f 1559/1322/1661 1534/1321/1660 1595/1314/1654 1596/1313/1653
f 1606/1323/1662 1626/1324/1663 1643/1325/1664 1618/1326/1665
f 1618/1326/1665 1643/1325/1664 1624/1327/1666 1605/1328/1667
f 1643/1325/1664 1622/1329/1668 1600/1330/1669 1624/1327/1666
f 1626/1324/1663 1599/1331/1670 1622/1329/1668 1643/1325/1664
f 1599/1331/1670 1615/1332/1671 1644/1333/1672 1622/1329/1668
f 1622/1329/1668 1644/1333/1672 1616/1334/1673 1600/1330/1669
f 1644/1333/1672 1625/1335/1674 1602/1336/1675 1616/1334/1673
f 1615/1332/1671 1601/1337/1676 1625/1335/1674 1644/1333/1672
f 1606/1323/1662 1618/1326/1665 1645/1338/1677 1619/1339/1678
f 1619/1339/1678 1645/1338/1677 1621/1340/1679 1604/1341/1680
f 1645/1338/1677 1620/1342/1681 1603/1343/1682 1621/1340/1679
f 1618/1326/1665 1605/1328/1667 1620/1342/1681 1645/1338/1677
f 1601/1344/1676 1632/1345/1683 1646/1346/1684 1623/1347/1685
f 1623/1347/1685 1646/1346/1684 1631/1348/1686 1604/1341/1680
f 1646/1346/1684 1629/1349/1687 1609/1350/1688 1631/1348/1686
f 1632/1345/1683 1608/1351/1689 1629/1349/1687 1646/1346/1684
f 1603/1343/1682 1617/1352/1690 1647/1353/1691 1621/1340/1679
f 1621/1340/1679 1647/1353/1691 1623/1347/1685 1604/1341/1680
f 1647/1353/1691 1625/1354/1674 1601/1344/1676 1623/1347/1685
f 1617/1352/1690 1602/1355/1675 1625/1354/1674 1647/1353/1691
f 1610/1356/1692 1640/1357/1693 1648/1358/1694 1630/1359/1695
f 1630/1359/1695 1648/1358/1694 1639/1360/1696 1607/1361/1697
f 1648/1358/1694 1638/1362/1698 1611/1363/1699 1639/1360/1696
f 1640/1357/1693 1614/1364/1700 1638/1362/1698 1648/1358/1694
f 1604/1341/1680 1631/1348/1686 1649/1365/1701 1619/1339/1678
f 1619/1339/1678 1649/1365/1701 1633/1366/1702 1606/1323/1662
f 1649/1365/1701 1628/1367/1703 1610/1356/1692 1633/1366/1702
f 1631/1348/1686 1609/1350/1688 1628/1367/1703 1649/1365/1701
f 1599/1331/1670 1634/1368/1704 1650/1369/1705 1615/1332/1671
f 1615/1332/1671 1650/1369/1705 1632/1370/1683 1601/1337/1676
f 1650/1369/1705 1627/1371/1706 1608/1372/1689 1632/1370/1683
f 1634/1368/1704 1607/1361/1697 1627/1371/1706 1650/1369/1705
f 1606/1323/1662 1633/1366/1702 1651/1373/1707 1626/1324/1663
f 1626/1324/1663 1651/1373/1707 1634/1368/1704 1599/1331/1670
f 1651/1373/1707 1630/1359/1695 1607/1361/1697 1634/1368/1704
f 1633/1366/1702 1610/1356/1692 1630/1359/1695 1651/1373/1707
f 1613/1374/1708 1637/1375/1709 1652/1376/1710 1636/1377/1711
f 1636/1377/1711 1652/1376/1710 1638/1362/1698 1614/1364/1700
f 1652/1376/1710 1635/1378/1712 1611/1363/1699 1638/1362/1698
f 1637/1375/1709 1612/1379/1713 1635/1378/1712 1652/1376/1710
f 1609/1350/1688 1641/1380/1714 1653/1381/1715 1628/1367/1703
f 1628/1367/1703 1653/1381/1715 1640/1357/1693 1610/1356/1692
f 1653/1381/1715 1636/1377/1711 1614/1364/1700 1640/1357/1693
f 1641/1380/1714 1613/1374/1708 1636/1377/1711 1653/1381/1715
f 1608/1351/1689 1642/1382/1716 1654/1383/1717 1629/1349/1687
f 1629/1349/1687 1654/1383/1717 1641/1380/1714 1609/1350/1688
f 1654/1383/1717 1637/1384/1709 1613/1374/1708 1641/1380/1714
f 1642/1382/1716 1612/1385/1713 1637/1384/1709 1654/1383/1717
f 1607/1361/1697 1639/1360/1696 1655/1386/1718 1627/1371/1706
f 1627/1371/1706 1655/1386/1718 1642/1387/1716 1608/1372/1689
f 1655/1386/1718 1635/1378/1712 1612/1379/1713 1642/1387/1716
f 1639/1360/1696 1611/1363/1699 1635/1378/1712 1655/1386/1718
f 1663/1323/1719 1675/1326/1720 1700/1325/1721 1683/1324/1722
f 1675/1326/1720 1662/1328/1723 1681/1327/1724 1700/1325/1721
f 1700/1325/1721 1681/1327/1724 1657/1330/1725 1679/1329/1726
f 1683/1324/1722 1700/1325/1721 1679/1329/1726 1656/1331/1727
f 1656/1331/1727 1679/1329/1726 1701/1333/1728 1672/1332/1729
f 1679/1329/1726 1657/1330/1725 1673/1334/1730 1701/1333/1728
f 1701/1333/1728 1673/1334/1730 1659/1336/1731 1682/1335/1732
f 1672/1332/1729 1701/1333/1728 1682/1335/1732 1658/1337/1733
f 1663/1323/1719 1676/1339/1734 1702/1338/1735 1675/1326/1720
f 1676/1339/1734 1661/1341/1736 1678/1340/1737 1702/1338/1735
f 1702/1338/1735 1678/1340/1737 1660/1343/1738 1677/1342/1739
f 1675/1326/1720 1702/1338/1735 1677/1342/1739 1662/1328/1723
f 1658/1344/1733 1680/1347/1740 1703/1346/1741 1689/1345/1742
f 1680/1347/1740 1661/1341/1736 1688/1348/1743 1703/1346/1741
f 1703/1346/1741 1688/1348/1743 1666/1350/1744 1686/1349/1745
f 1689/1345/1742 1703/1346/1741 1686/1349/1745 1665/1351/1746
f 1660/1343/1738 1678/1340/1737 1704/1353/1747 1674/1352/1748
f 1678/1340/1737 1661/1341/1736 1680/1347/1740 1704/1353/1747
f 1704/1353/1747 1680/1347/1740 1658/1344/1733 1682/1354/1732
f 1674/1352/1748 1704/1353/1747 1682/1354/1732 1659/1355/1731
f 1667/1356/1749 1687/1359/1750 1705/1358/1751 1697/1357/1752
f 1687/1359/1750 1664/1361/1753 1696/1360/1754 1705/1358/1751
f 1705/1358/1751 1696/1360/1754 1668/1363/1755 1695/1362/1756
f 1697/1357/1752 1705/1358/1751 1695/1362/1756 1671/1364/1757
f 1661/1341/1736 1676/1339/1734 1706/1365/1758 1688/1348/1743
f 1676/1339/1734 1663/1323/1719 1690/1366/1759 1706/1365/1758
f 1706/1365/1758 1690/1366/1759 1667/1356/1749 1685/1367/1760
f 1688/1348/1743 1706/1365/1758 1685/1367/1760 1666/1350/1744
f 1656/1331/1727 1672/1332/1729 1707/1369/1761 1691/1368/1762
f 1672/1332/1729 1658/1337/1733 1689/1370/1742 1707/1369/1761
f 1707/1369/1761 1689/1370/1742 1665/1372/1746 1684/1371/1763
f 1691/1368/1762 1707/1369/1761 1684/1371/1763 1664/1361/1753
f 1663/1323/1719 1683/1324/1722 1708/1373/1764 1690/1366/1759
f 1683/1324/1722 1656/1331/1727 1691/1368/1762 1708/1373/1764
f 1708/1373/1764 1691/1368/1762 1664/1361/1753 1687/1359/1750
f 1690/1366/1759 1708/1373/1764 1687/1359/1750 1667/1356/1749
f 1670/1374/1765 1693/1377/1766 1709/1376/1767 1694/1375/1768
f 1693/1377/1766 1671/1364/1757 1695/1362/1756 1709/1376/1767
f 1709/1376/1767 1695/1362/1756 1668/1363/1755 1692/1378/1769
f 1694/1375/1768 1709/1376/1767 1692/1378/1769 1669/1379/1770
f 1666/1350/1744 1685/1367/1760 1710/1381/1771 1698/1380/1772
f 1685/1367/1760 1667/1356/1749 1697/1357/1752 1710/1381/1771
f 1710/1381/1771 1697/1357/1752 1671/1364/1757 1693/1377/1766
f 1698/1380/1772 1710/1381/1771 1693/1377/1766 1670/1374/1765
f 1665/1351/1746 1686/1349/1745 1711/1383/1773 1699/1382/1774
f 1686/1349/1745 1666/1350/1744 1698/1380/1772 1711/1383/1773
f 1711/1383/1773 1698/1380/1772 1670/1374/1765 1694/1384/1768
f 1699/1382/1774 1711/1383/1773 1694/1384/1768 1669/1385/1770
f 1664/1361/1753 1684/1371/1763 1712/1386/1775 1696/1360/1754
f 1684/1371/1763 1665/1372/1746 1699/1387/1774 1712/1386/1775
f 1712/1386/1775 1699/1387/1774 1669/1379/1770 1692/1378/1769
f 1696/1360/1754 1712/1386/1775 1692/1378/1769 1668/1363/1755
f 1815/1406/1784 1740/1407/1785 1739/1408/1786 1814/1409/1787
f 1733/1410/1788 1738/1411/1789 1737/1412/1790 1813/1413/1791
f 1732/1414/1792 1736/1415/1793 1735/1416/1794 1812/1417/1795
f 1816/1418/1796 1741/1419/1797 1740/1407/1785 1815/1406/1784
f 1814/1409/1787 1739/1408/1786 1738/1420/1789 1733/1421/1788
f 1813/1413/1791 1737/1412/1790 1736/1415/1793 1732/1414/1792
f 1812/1417/1795 1735/1416/1794 1731/1422/1798
f 1734/1423/1799 1741/1419/1797 1816/1418/1796
f 1741/1419/1797 1748/1424/1800 1747/1425/1801 1740/1407/1785
f 1739/1408/1786 1746/1426/1802 1745/1427/1803 1738/1420/1789
f 1737/1412/1790 1744/1428/1804 1743/1429/1805 1736/1415/1793
f 1735/1416/1794 1742/1430/1806 1731/1422/1798
f 1734/1423/1799 1748/1424/1800 1741/1419/1797
f 1740/1407/1785 1747/1425/1801 1746/1426/1802 1739/1408/1786
f 1738/1411/1789 1745/1431/1803 1744/1428/1804 1737/1412/1790
f 1736/1415/1793 1743/1429/1805 1742/1430/1806 1735/1416/1794
f 1744/1428/1804 1751/1432/1807 1750/1433/1808 1743/1429/1805
f 1742/1430/1806 1749/1434/1809 1731/1422/1798
f 1734/1423/1799 1755/1435/1810 1748/1424/1800
f 1747/1425/1801 1754/1436/1811 1753/1437/1812 1746/1426/1802
f 1745/1431/1803 1752/1438/1813 1751/1432/1807 1744/1428/1804
f 1743/1429/1805 1750/1433/1808 1749/1434/1809 1742/1430/1806
f 1748/1424/1800 1755/1435/1810 1754/1436/1811 1747/1425/1801
f 1746/1426/1802 1753/1437/1812 1752/1439/1813 1745/1427/1803
f 1734/1423/1799 1762/1440/1814 1755/1435/1810
f 1754/1436/1811 1761/1441/1815 1760/1442/1816 1753/1437/1812
f 1752/1438/1813 1759/1443/1817 1758/1444/1818 1751/1432/1807
f 1750/1433/1808 1757/1445/1819 1756/1446/1820 1749/1434/1809
f 1755/1435/1810 1762/1440/1814 1761/1441/1815 1754/1436/1811
f 1753/1437/1812 1760/1442/1816 1759/1447/1817 1752/1439/1813
f 1751/1432/1807 1758/1444/1818 1757/1445/1819 1750/1433/1808
f 1749/1434/1809 1756/1446/1820 1731/1422/1798
f 1757/1445/1819 1764/1448/1821 1763/1449/1822 1756/1446/1820
f 1762/1440/1814 1769/1450/1823 1768/1451/1824 1761/1441/1815
f 1760/1442/1816 1767/1452/1825 1766/1453/1826 1759/1447/1817
f 1758/1444/1818 1765/1454/1827 1764/1448/1821 1757/1445/1819
f 1756/1446/1820 1763/1449/1822 1731/1422/1798
f 1734/1423/1799 1769/1450/1823 1762/1440/1814
f 1761/1441/1815 1768/1451/1824 1767/1452/1825 1760/1442/1816
f 1759/1443/1817 1766/1455/1826 1765/1454/1827 1758/1444/1818
f 1769/1450/1823 1776/1456/1828 1775/1457/1829 1768/1451/1824
f 1767/1452/1825 1774/1458/1830 1773/1459/1831 1766/1453/1826
f 1765/1454/1827 1772/1460/1832 1771/1461/1833 1764/1448/1821
f 1763/1449/1822 1770/1462/1834 1731/1422/1798
f 1734/1423/1799 1776/1456/1828 1769/1450/1823
f 1768/1451/1824 1775/1457/1829 1774/1458/1830 1767/1452/1825
f 1766/1455/1826 1773/1463/1831 1772/1460/1832 1765/1454/1827
f 1764/1448/1821 1771/1461/1833 1770/1462/1834 1763/1449/1822
f 1770/1462/1834 1777/1464/1835 1731/1422/1798
f 1734/1423/1799 1783/1465/1836 1776/1456/1828
f 1775/1457/1829 1782/1466/1837 1781/1467/1838 1774/1458/1830
f 1773/1463/1831 1780/1468/1839 1779/1469/1840 1772/1460/1832
f 1771/1461/1833 1778/1470/1841 1777/1464/1835 1770/1462/1834
f 1776/1456/1828 1783/1465/1836 1782/1466/1837 1775/1457/1829
f 1774/1458/1830 1781/1467/1838 1780/1471/1839 1773/1459/1831
f 1772/1460/1832 1779/1469/1840 1778/1470/1841 1771/1461/1833
f 1782/1466/1837 1789/1472/1842 1788/1473/1843 1781/1467/1838
f 1780/1468/1839 1787/1474/1844 1786/1475/1845 1779/1469/1840
f 1778/1470/1841 1785/1476/1846 1784/1477/1847 1777/1464/1835
f 1783/1465/1836 1790/1478/1848 1789/1472/1842 1782/1466/1837
f 1781/1467/1838 1788/1473/1843 1787/1479/1844 1780/1471/1839
f 1779/1469/1840 1786/1475/1845 1785/1476/1846 1778/1470/1841
f 1777/1464/1835 1784/1477/1847 1731/1422/1798
f 1734/1423/1799 1790/1478/1848 1783/1465/1836
f 1790/1478/1848 1797/1480/1849 1796/1481/1850 1789/1472/1842
f 1788/1473/1843 1795/1482/1851 1794/1483/1852 1787/1479/1844
f 1786/1475/1845 1793/1484/1853 1792/1485/1854 1785/1476/1846
f 1784/1477/1847 1791/1486/1855 1731/1422/1798
f 1734/1423/1799 1797/1480/1849 1790/1478/1848
f 1789/1472/1842 1796/1481/1850 1795/1482/1851 1788/1473/1843
f 1787/1474/1844 1794/1487/1852 1793/1484/1853 1786/1475/1845
f 1785/1476/1846 1792/1485/1854 1791/1486/1855 1784/1477/1847
f 1795/1482/1851 1802/1488/1856 1801/1489/1857 1794/1483/1852
f 1793/1484/1853 1800/1490/1858 1799/1491/1859 1792/1485/1854
f 1791/1486/1855 1798/1492/1860 1731/1422/1798
f 1734/1423/1799 1804/1493/1861 1797/1480/1849
f 1796/1481/1850 1803/1494/1862 1802/1488/1856 1795/1482/1851
f 1794/1487/1852 1801/1495/1857 1800/1490/1858 1793/1484/1853
f 1792/1485/1854 1799/1491/1859 1798/1492/1860 1791/1486/1855
f 1797/1480/1849 1804/1493/1861 1803/1494/1862 1796/1481/1850
f 1734/1423/1799 1811/1496/1863 1804/1493/1861
f 1803/1494/1862 1810/1497/1864 1809/1498/1865 1802/1488/1856
f 1801/1495/1857 1808/1499/1866 1807/1500/1867 1800/1490/1858
f 1799/1491/1859 1806/1501/1868 1805/1502/1869 1798/1492/1860
f 1804/1493/1861 1811/1496/1863 1810/1497/1864 1803/1494/1862
f 1802/1488/1856 1809/1498/1865 1808/1503/1866 1801/1489/1857
f 1800/1490/1858 1807/1500/1867 1806/1501/1868 1799/1491/1859
f 1798/1492/1860 1805/1502/1869 1731/1422/1798
f 1808/1499/1866 1733/1410/1788 1813/1413/1791 1807/1500/1867
f 1806/1501/1868 1732/1414/1792 1812/1417/1795 1805/1502/1869
f 1811/1496/1863 1816/1418/1796 1815/1406/1784 1810/1497/1864
f 1809/1498/1865 1814/1409/1787 1733/1421/1788 1808/1503/1866
f 1807/1500/1867 1813/1413/1791 1732/1414/1792 1806/1501/1868
f 1805/1502/1869 1812/1417/1795 1731/1422/1798
f 1734/1423/1799 1816/1418/1796 1811/1496/1863
f 1810/1497/1864 1815/1406/1784 1814/1409/1787 1809/1498/1865
f 1901/1406/1870 1900/1409/1871 1825/1408/1872 1826/1407/1873
f 1819/1410/1874 1899/1413/1875 1823/1412/1876 1824/1411/1877
f 1818/1414/1878 1898/1417/1879 1821/1416/1880 1822/1415/1881
f 1902/1418/1882 1901/1406/1870 1826/1407/1873 1827/1419/1883
f 1900/1409/1871 1819/1421/1874 1824/1420/1877 1825/1408/1872
f 1899/1413/1875 1818/1414/1878 1822/1415/1881 1823/1412/1876
f 1898/1417/1879 1817/1422/1884 1821/1416/1880
f 1820/1423/1885 1902/1418/1882 1827/1419/1883
f 1827/1419/1883 1826/1407/1873 1833/1425/1886 1834/1424/1887
f 1825/1408/1872 1824/1420/1877 1831/1427/1888 1832/1426/1889
f 1823/1412/1876 1822/1415/1881 1829/1429/1890 1830/1428/1891
f 1821/1416/1880 1817/1422/1884 1828/1430/1892
f 1820/1423/1885 1827/1419/1883 1834/1424/1887
f 1826/1407/1873 1825/1408/1872 1832/1426/1889 1833/1425/1886
f 1824/1411/1877 1823/1412/1876 1830/1428/1891 1831/1431/1888
f 1822/1415/1881 1821/1416/1880 1828/1430/1892 1829/1429/1890
f 1830/1428/1891 1829/1429/1890 1836/1433/1893 1837/1432/1894
f 1828/1430/1892 1817/1422/1884 1835/1434/1895
f 1820/1423/1885 1834/1424/1887 1841/1435/1896
f 1833/1425/1886 1832/1426/1889 1839/1437/1897 1840/1436/1898
f 1831/1431/1888 1830/1428/1891 1837/1432/1894 1838/1438/1899
f 1829/1429/1890 1828/1430/1892 1835/1434/1895 1836/1433/1893
f 1834/1424/1887 1833/1425/1886 1840/1436/1898 1841/1435/1896
f 1832/1426/1889 1831/1427/1888 1838/1439/1899 1839/1437/1897
f 1820/1423/1885 1841/1435/1896 1848/1440/1900
f 1840/1436/1898 1839/1437/1897 1846/1442/1901 1847/1441/1902
f 1838/1438/1899 1837/1432/1894 1844/1444/1903 1845/1443/1904
f 1836/1433/1893 1835/1434/1895 1842/1446/1905 1843/1445/1906
f 1841/1435/1896 1840/1436/1898 1847/1441/1902 1848/1440/1900
f 1839/1437/1897 1838/1439/1899 1845/1447/1904 1846/1442/1901
f 1837/1432/1894 1836/1433/1893 1843/1445/1906 1844/1444/1903
f 1835/1434/1895 1817/1422/1884 1842/1446/1905
f 1843/1445/1906 1842/1446/1905 1849/1449/1907 1850/1448/1908
f 1848/1440/1900 1847/1441/1902 1854/1451/1909 1855/1450/1910
f 1846/1442/1901 1845/1447/1904 1852/1453/1911 1853/1452/1912
f 1844/1444/1903 1843/1445/1906 1850/1448/1908 1851/1454/1913
f 1842/1446/1905 1817/1422/1884 1849/1449/1907
f 1820/1423/1885 1848/1440/1900 1855/1450/1910
f 1847/1441/1902 1846/1442/1901 1853/1452/1912 1854/1451/1909
f 1845/1443/1904 1844/1444/1903 1851/1454/1913 1852/1455/1911
f 1855/1450/1910 1854/1451/1909 1861/1457/1914 1862/1456/1915
f 1853/1452/1912 1852/1453/1911 1859/1459/1916 1860/1458/1917
f 1851/1454/1913 1850/1448/1908 1857/1461/1918 1858/1460/1919
f 1849/1449/1907 1817/1422/1884 1856/1462/1920
f 1820/1423/1885 1855/1450/1910 1862/1456/1915
f 1854/1451/1909 1853/1452/1912 1860/1458/1917 1861/1457/1914
f 1852/1455/1911 1851/1454/1913 1858/1460/1919 1859/1463/1916
f 1850/1448/1908 1849/1449/1907 1856/1462/1920 1857/1461/1918
f 1856/1462/1920 1817/1422/1884 1863/1464/1921
f 1820/1423/1885 1862/1456/1915 1869/1465/1922
f 1861/1457/1914 1860/1458/1917 1867/1467/1923 1868/1466/1924
f 1859/1463/1916 1858/1460/1919 1865/1469/1925 1866/1468/1926
f 1857/1461/1918 1856/1462/1920 1863/1464/1921 1864/1470/1927
f 1862/1456/1915 1861/1457/1914 1868/1466/1924 1869/1465/1922
f 1860/1458/1917 1859/1459/1916 1866/1471/1926 1867/1467/1923
f 1858/1460/1919 1857/1461/1918 1864/1470/1927 1865/1469/1925
f 1868/1466/1924 1867/1467/1923 1874/1473/1928 1875/1472/1929
f 1866/1468/1926 1865/1469/1925 1872/1475/1930 1873/1474/1931
f 1864/1470/1927 1863/1464/1921 1870/1477/1932 1871/1476/1933
f 1869/1465/1922 1868/1466/1924 1875/1472/1929 1876/1478/1934
f 1867/1467/1923 1866/1471/1926 1873/1479/1931 1874/1473/1928
f 1865/1469/1925 1864/1470/1927 1871/1476/1933 1872/1475/1930
f 1863/1464/1921 1817/1422/1884 1870/1477/1932
f 1820/1423/1885 1869/1465/1922 1876/1478/1934
f 1876/1478/1934 1875/1472/1929 1882/1481/1935 1883/1480/1936
f 1874/1473/1928 1873/1479/1931 1880/1483/1937 1881/1482/1938
f 1872/1475/1930 1871/1476/1933 1878/1485/1939 1879/1484/1940
f 1870/1477/1932 1817/1422/1884 1877/1486/1941
f 1820/1423/1885 1876/1478/1934 1883/1480/1936
f 1875/1472/1929 1874/1473/1928 1881/1482/1938 1882/1481/1935
f 1873/1474/1931 1872/1475/1930 1879/1484/1940 1880/1487/1937
f 1871/1476/1933 1870/1477/1932 1877/1486/1941 1878/1485/1939
f 1881/1482/1938 1880/1483/1937 1887/1489/1942 1888/1488/1943
f 1879/1484/1940 1878/1485/1939 1885/1491/1944 1886/1490/1945
f 1877/1486/1941 1817/1422/1884 1884/1492/1946
f 1820/1423/1885 1883/1480/1936 1890/1493/1947
f 1882/1481/1935 1881/1482/1938 1888/1488/1943 1889/1494/1948
f 1880/1487/1937 1879/1484/1940 1886/1490/1945 1887/1495/1942
f 1878/1485/1939 1877/1486/1941 1884/1492/1946 1885/1491/1944
f 1883/1480/1936 1882/1481/1935 1889/1494/1948 1890/1493/1947
f 1820/1423/1885 1890/1493/1947 1897/1496/1949
f 1889/1494/1948 1888/1488/1943 1895/1498/1950 1896/1497/1951
f 1887/1495/1942 1886/1490/1945 1893/1500/1952 1894/1499/1953
f 1885/1491/1944 1884/1492/1946 1891/1502/1954 1892/1501/1955
f 1890/1493/1947 1889/1494/1948 1896/1497/1951 1897/1496/1949
f 1888/1488/1943 1887/1489/1942 1894/1503/1953 1895/1498/1950
f 1886/1490/1945 1885/1491/1944 1892/1501/1955 1893/1500/1952
f 1884/1492/1946 1817/1422/1884 1891/1502/1954
f 1894/1499/1953 1893/1500/1952 1899/1413/1875 1819/1410/1874
f 1892/1501/1955 1891/1502/1954 1898/1417/1879 1818/1414/1878
f 1897/1496/1949 1896/1497/1951 1901/1406/1870 1902/1418/1882
f 1895/1498/1950 1894/1503/1953 1819/1421/1874 1900/1409/1871
f 1893/1500/1952 1892/1501/1955 1818/1414/1878 1899/1413/1875
f 1891/1502/1954 1817/1422/1884 1898/1417/1879
f 1820/1423/1885 1897/1496/1949 1902/1418/1882
f 1896/1497/1951 1895/1498/1950 1900/1409/1871 1901/1406/1870
f 1903/1504/1956 1914/1505/1957 1927/1506/1958 1913/1507/1959
f 1913/1507/1959 1927/1506/1958 1915/1508/1960 1904/1509/1961
f 1927/1506/1958 1916/1510/1962 1906/1511/1963 1915/1508/1960
f 1914/1505/1957 1905/1512/1964 1916/1510/1962 1927/1506/1958
f 1905/1512/1964 1919/1513/1965 1928/1514/1966 1916/1510/1962
f 1916/1510/1962 1928/1514/1966 1918/1515/1967 1906/1511/1963
f 1928/1514/1966 1917/1516/1968 1908/1517/1969 1918/1515/1967
f 1919/1513/1965 1907/1518/1970 1917/1516/1968 1928/1514/1966
f 1905/1512/1964 1923/1519/1971 1929/1520/1972 1919/1513/1965
f 1907/1518/1970 1919/1513/1965 1929/1520/1972 1922/1521/1973
f 1910/1522/1974 1922/1521/1973 1929/1520/1972 1923/1519/1971
f 1903/1504/1956 1924/1523/1975 1930/1524/1976 1914/1505/1957
f 1914/1505/1957 1930/1524/1976 1923/1519/1971 1905/1512/1964
f 1930/1524/1976 1920/1525/1977 1910/1522/1974 1923/1519/1971
f 1924/1523/1975 1909/1526/1978 1920/1525/1977 1930/1524/1976
f 1904/1509/1961 1926/1527/1979 1931/1528/1980 1913/1507/1959
f 1913/1507/1959 1931/1528/1980 1925/1529/1981 1903/1504/1956
f 1931/1528/1980 1921/1530/1982 1911/1531/1983 1925/1529/1981
f 1926/1527/1979 1912/1532/1984 1921/1530/1982 1931/1528/1980
f 1934/1533/1985 1933/1534/1986 1956/1535/1987 1935/1536/1988
f 1933/1534/1986 1932/1537/1989 1938/1538/1990 1956/1535/1987
f 1956/1535/1987 1938/1538/1990 1937/1539/1991 1939/1540/1992
f 1935/1536/1988 1956/1535/1987 1939/1540/1992 1936/1541/1993
f 1936/1541/1993 1939/1540/1992 1957/1542/1994 1944/1543/1995
f 1939/1540/1992 1937/1539/1991 1943/1544/1996 1957/1542/1994
f 1957/1542/1994 1943/1544/1996 1940/1545/1997 1941/1546/1998
f 1944/1543/1995 1957/1542/1994 1941/1546/1998 1942/1547/1999
f 1936/1541/1993 1944/1543/1995 1958/1548/2000 1952/1549/2001
f 1942/1547/1999 1951/1550/2002 1958/1548/2000 1944/1543/1995
f 1947/1551/2003 1952/1549/2001 1958/1548/2000 1951/1550/2002
f 1934/1533/1985 1935/1536/1988 1959/1552/2004 1953/1553/2005
f 1935/1536/1988 1936/1541/1993 1952/1549/2001 1959/1552/2004
f 1959/1552/2004 1952/1549/2001 1947/1551/2003 1946/1554/2006
f 1953/1553/2005 1959/1552/2004 1946/1554/2006 1945/1555/2007
f 1932/1537/1989 1933/1534/1986 1960/1556/2008 1955/1557/2009
f 1933/1534/1986 1934/1533/1985 1954/1558/2010 1960/1556/2008
f 1960/1556/2008 1954/1558/2010 1950/1559/2011 1949/1560/2012
f 1955/1557/2009 1960/1556/2008 1949/1560/2012 1948/1561/2013
f 1925/1562/1981 1911/1563/1983 1950/1559/2011 1954/1558/2010
f 1907/1564/1970 1922/1565/1973 1951/1550/2002 1942/1547/1999
f 1918/1566/1967 1908/1567/1969 1940/1545/1997 1943/1544/1996
f 1912/1568/1984 1926/1569/1979 1955/1557/2009 1948/1561/2013
f 1922/1565/1973 1910/1570/1974 1947/1551/2003 1951/1550/2002
f 1926/1569/1979 1904/1571/1961 1932/1537/1989 1955/1557/2009
f 1920/1572/1977 1909/1573/1978 1945/1555/2007 1946/1554/2006
f 1909/1573/1978 1924/1574/1975 1953/1553/2005 1945/1555/2007
f 1910/1570/1974 1920/1572/1977 1946/1554/2006 1947/1551/2003
f 1908/1567/1969 1917/1575/1968 1941/1546/1998 1940/1545/1997
f 1924/1574/1975 1903/1576/1956 1934/1533/1985 1953/1553/2005
f 1921/1577/1982 1912/1568/1984 1948/1561/2013 1949/1560/2012
f 1915/1578/1960 1906/1579/1963 1937/1539/1991 1938/1538/1990
f 1917/1575/1968 1907/1564/1970 1942/1547/1999 1941/1546/1998
f 1903/1576/1956 1925/1562/1981 1954/1558/2010 1934/1533/1985
f 1911/1563/1983 1921/1577/1982 1949/1560/2012 1950/1559/2011
f 1904/1571/1961 1915/1578/1960 1938/1538/1990 1932/1537/1989
f 1906/1579/1963 1918/1566/1967 1943/1544/1996 1937/1539/1991
f 1962/1580/2014 1961/1581/2014 1964/1582/2015 1967/1583/2016
f 1967/1583/2016 1964/1582/2015 1963/1584/2017 1965/1585/2018
f 1965/1585/2018 1963/1584/2017 1966/1586/2019 1968/1587/2019
f 1969/1504/2020 1979/1507/2021 1993/1506/2022 1980/1505/2023
f 1979/1507/2021 1970/1509/2024 1981/1508/2025 1993/1506/2022
f 1993/1506/2022 1981/1508/2025 1972/1511/2026 1982/1510/2027
f 1980/1505/2023 1993/1506/2022 1982/1510/2027 1971/1512/2028
f 1971/1512/2028 1982/1510/2027 1994/1514/2029 1985/1513/2030
f 1982/1510/2027 1972/1511/2026 1984/1515/2031 1994/1514/2029
f 1994/1514/2029 1984/1515/2031 1974/1517/2032 1983/1516/2033
f 1985/1513/2030 1994/1514/2029 1983/1516/2033 1973/1518/2034
f 1971/1512/2028 1985/1513/2030 1995/1520/2035 1989/1519/2036
f 1973/1518/2034 1988/1521/2037 1995/1520/2035 1985/1513/2030
f 1976/1522/2038 1989/1519/2036 1995/1520/2035 1988/1521/2037
f 1969/1504/2020 1980/1505/2023 1996/1524/2039 1990/1523/2040
f 1980/1505/2023 1971/1512/2028 1989/1519/2036 1996/1524/2039
f 1996/1524/2039 1989/1519/2036 1976/1522/2038 1986/1525/2041
f 1990/1523/2040 1996/1524/2039 1986/1525/2041 1975/1526/2042
f 1970/1509/2024 1979/1507/2021 1997/1528/2043 1992/1527/2044
f 1979/1507/2021 1969/1504/2020 1991/1529/2045 1997/1528/2043
f 1997/1528/2043 1991/1529/2045 1977/1531/2046 1987/1530/2047
f 1992/1527/2044 1997/1528/2043 1987/1530/2047 1978/1532/2048
f 2000/1533/2049 2001/1536/2050 2022/1535/2051 1999/1534/2052
f 1999/1534/2052 2022/1535/2051 2004/1538/2053 1998/1537/2054
f 2022/1535/2051 2005/1540/2055 2003/1539/2056 2004/1538/2053
f 2001/1536/2050 2002/1541/2057 2005/1540/2055 2022/1535/2051
f 2002/1541/2057 2010/1543/2058 2023/1542/2059 2005/1540/2055
f 2005/1540/2055 2023/1542/2059 2009/1544/2060 2003/1539/2056
f 2023/1542/2059 2007/1546/2061 2006/1545/2062 2009/1544/2060
f 2010/1543/2058 2008/1547/2063 2007/1546/2061 2023/1542/2059
f 2002/1541/2057 2018/1549/2064 2024/1548/2065 2010/1543/2058
f 2008/1547/2063 2010/1543/2058 2024/1548/2065 2017/1550/2066
f 2013/1551/2067 2017/1550/2066 2024/1548/2065 2018/1549/2064
f 2000/1533/2049 2019/1553/2068 2025/1552/2069 2001/1536/2050
f 2001/1536/2050 2025/1552/2069 2018/1549/2064 2002/1541/2057
f 2025/1552/2069 2012/1554/2070 2013/1551/2067 2018/1549/2064
f 2019/1553/2068 2011/1555/2071 2012/1554/2070 2025/1552/2069
f 1998/1537/2054 2021/1557/2072 2026/1556/2073 1999/1534/2052
f 1999/1534/2052 2026/1556/2073 2020/1558/2074 2000/1533/2049
f 2026/1556/2073 2015/1560/2075 2016/1559/2076 2020/1558/2074
f 2021/1557/2072 2014/1561/2077 2015/1560/2075 2026/1556/2073
f 1991/1562/2045 2020/1558/2074 2016/1559/2076 1977/1563/2046
f 1973/1564/2034 2008/1547/2063 2017/1550/2066 1988/1565/2037
f 1984/1566/2031 2009/1544/2060 2006/1545/2062 1974/1567/2032
f 1978/1568/2048 2014/1561/2077 2021/1557/2072 1992/1569/2044
f 1988/1565/2037 2017/1550/2066 2013/1551/2067 1976/1570/2038
f 1992/1569/2044 2021/1557/2072 1998/1537/2054 1970/1571/2024
f 1986/1572/2041 2012/1554/2070 2011/1555/2071 1975/1573/2042
f 1975/1573/2042 2011/1555/2071 2019/1553/2068 1990/1574/2040
f 1976/1570/2038 2013/1551/2067 2012/1554/2070 1986/1572/2041
f 1974/1567/2032 2006/1545/2062 2007/1546/2061 1983/1575/2033
f 1990/1574/2040 2019/1553/2068 2000/1533/2049 1969/1576/2020
f 1987/1577/2047 2015/1560/2075 2014/1561/2077 1978/1568/2048
f 1981/1578/2025 2004/1538/2053 2003/1539/2056 1972/1579/2026
f 1983/1575/2033 2007/1546/2061 2008/1547/2063 1973/1564/2034
f 1969/1576/2020 2000/1533/2049 2020/1558/2074 1991/1562/2045
f 1977/1563/2046 2016/1559/2076 2015/1560/2075 1987/1577/2047
f 1970/1571/2024 1998/1537/2054 2004/1538/2053 1981/1578/2025
f 1972/1579/2026 2003/1539/2056 2009/1544/2060 1984/1566/2031
f 2028/1580/2078 2033/1583/2079 2030/1582/2080 2027/1581/2078
f 2033/1583/2079 2031/1585/2081 2029/1584/2082 2030/1582/2080
f 2031/1585/2081 2034/1587/2083 2032/1586/2083 2029/1584/2082
f 2037/1/2084 2052/4/2085 2079/3/2086 2053/2/2087
f 2053/2/2087 2079/3/2086 2054/6/2088 2038/5/2089
f 2079/3/2086 2055/8/2090 2035/7/2091 2054/6/2088
f 2052/4/2085 2036/9/2092 2055/8/2090 2079/3/2086
f 2035/7/2091 2058/11/2093 2080/10/2094 2054/6/2088
f 2054/6/2088 2080/10/2094 2057/12/2095 2038/5/2089
f 2080/10/2094 2056/14/2096 2040/13/2097 2057/12/2095
f 2058/11/2093 2039/15/2098 2056/14/2096 2080/10/2094
f 2047/16/2099 2069/19/2100 2081/18/2101 2070/17/2102
f 2098/20/2103 2101/22/2104 2075/21/2105 2040/13/2097
f 2101/22/2104 2100/24/2106 2050/23/2107 2075/21/2105
f 2069/19/2100 2049/26/2108 2076/25/2109 2081/18/2101
f 2036/9/2092 2068/28/2110 2082/27/2111 2055/8/2090
f 2055/8/2090 2082/27/2111 2067/29/2112 2035/7/2091
f 2082/27/2111 2063/31/2113 2044/30/2114 2067/29/2112
f 2068/28/2110 2045/32/2115 2063/31/2113 2082/27/2111
f 2035/7/2091 2067/29/2112 2083/33/2116 2058/11/2093
f 2058/11/2093 2083/33/2116 2066/34/2117 2039/15/2098
f 2083/33/2116 2064/36/2118 2046/35/2119 2066/34/2117
f 2067/29/2112 2044/30/2114 2064/36/2118 2083/33/2116
f 2042/37/2120 2060/40/2121 2084/39/2122 2071/38/2123
f 2093/41/2124 2071/38/2123 2084/39/2122 2094/42/2125
f 2090/43/2126 2094/42/2125 2084/39/2122 2060/40/2121
f 2092/44/2127 2065/47/2128 2085/46/2129 2095/45/2130
f 2091/48/2131 2095/45/2130 2085/46/2129 2061/49/2132
f 2042/37/2120 2061/49/2132 2085/46/2129 2065/47/2128
f 2042/37/2120 2071/38/2123 2086/50/2133 2061/49/2132
f 2091/48/2131 2061/49/2132 2086/50/2133 2096/51/2134
f 2093/41/2124 2096/51/2134 2086/50/2133 2071/38/2123
f 2099/52/2135 2072/55/2136 2087/54/2137 2102/53/2138
f 2098/20/2103 2102/53/2138 2087/54/2137 2070/17/2102
f 2047/16/2099 2070/17/2102 2087/54/2137 2072/55/2136
f 2049/26/2108 2074/57/2139 2088/56/2140 2076/25/2109
f 2100/24/2106 2103/59/2141 2059/58/2142 2050/23/2107
f 2103/59/2141 2097/61/2143 2041/60/2144 2059/58/2142
f 2074/57/2139 2043/63/2145 2062/62/2146 2088/56/2140
f 2038/5/2089 2078/65/2147 2089/64/2148 2053/2/2087
f 2037/1/2084 2053/2/2087 2089/64/2148 2077/66/2149
f 2051/67/2150 2077/66/2149 2089/64/2148 2078/65/2147
f 2040/13/2097 2056/14/2096 2096/51/2134 2093/41/2124
f 2039/15/2098 2091/48/2131 2096/51/2134 2056/14/2096
f 2039/15/2098 2066/34/2117 2095/45/2130 2091/48/2131
f 2046/35/2119 2092/44/2127 2095/45/2130 2066/34/2117
f 2048/68/2151 2073/69/2152 2094/42/2125 2090/43/2126
f 2040/13/2097 2093/41/2124 2094/42/2125 2073/69/2152
f 2088/56/2140 2062/62/2146 2097/61/2143 2103/59/2141
f 2076/25/2109 2088/56/2140 2103/59/2141 2100/24/2106
f 2040/13/2097 2073/69/2152 2102/53/2138 2098/20/2103
f 2048/68/2151 2099/52/2135 2102/53/2138 2073/69/2152
f 2081/18/2101 2076/25/2109 2100/24/2106 2101/22/2104
f 2070/17/2102 2081/18/2101 2101/22/2104 2098/20/2103
f 2105/70/2153 2214/73/2154 2367/72/2155 2192/71/2156
f 2192/71/2156 2367/72/2155 2213/75/2157 2109/74/2158
f 2367/76/2155 2211/79/2159 2117/78/2160 2213/77/2157
f 2214/80/2154 2115/81/2161 2211/79/2159 2367/76/2155
f 2599/82/2162 2604/85/2163 2368/84/2164 2296/83/2165
f 2296/83/2165 2368/84/2164 2195/87/2166 2156/86/2167
f 2368/84/2164 2196/89/2168 2107/88/2169 2195/87/2166
f 2604/85/2163 2593/90/2170 2196/89/2168 2368/84/2164
f 70/91/2171 193/94/2172 2369/93/2173 2358/92/2174
f 2358/92/2174 2369/93/2173 2362/96/2175 2186/95/2176
f 2369/93/2173 2356/98/2177 2184/97/2178 2362/96/2175
f 193/94/2172 78/99/2179 2356/98/2177 2369/93/2173
f 134/100/2180 177/103/2181 2370/102/2182 2295/101/2183
f 2295/101/2183 2370/102/2182 2363/105/2184 2185/104/2185
f 2370/102/2182 2358/92/2174 2186/95/2176 2363/105/2184
f 177/103/2181 70/91/2171 2358/92/2174 2370/102/2182
f 2156/86/2167 2195/87/2166 2371/107/2186 2294/106/2187
f 2294/106/2187 2371/107/2186 2291/109/2188 2154/108/2189
f 2371/107/2186 2198/111/2190 2104/110/2191 2291/109/2188
f 2195/87/2166 2107/88/2169 2198/111/2190 2371/107/2186
f 2594/112/2192 2605/115/2193 2372/114/2194 2199/113/2195
f 2199/113/2195 2372/114/2194 2201/117/2196 2111/116/689
f 2372/114/2194 2361/119/690 79/118/691 2201/117/2196
f 2605/115/2193 2602/120/2197 2361/119/690 2372/114/2194
f 79/121/691 2373/123/2198 2201/122/2196
f 2201/122/2196 2373/123/2198 2202/125/2199 2111/124/689
f 2373/123/2198 2205/127/2200 2113/126/2201 2202/125/2199
f 200/128/2202 84/129/2203 2205/127/2200 2373/123/2198
f 2122/130/2204 2238/133/2205 2374/132/2206 2225/131/2207
f 2475/134/2208 2489/137/2209 2237/136/2210 2124/135/2211
f 2489/138/2209 2478/141/2212 2129/140/2213 2237/139/2210
f 2238/142/2205 2128/145/2214 2234/144/2215 2374/143/2206
f 2112/146/2216 2218/149/2217 2375/148/2218 2204/147/2219
f 2204/147/2219 2375/148/2218 198/151/715 82/150/2220
f 2375/148/2218 2215/153/2221 90/152/718 198/151/715
f 2218/149/2217 2118/154/2222 2215/153/2221 2375/148/2218
f 2107/155/2169 2208/158/2223 2376/157/2224 2198/156/2190
f 2198/156/2190 2376/157/2224 2207/160/2225 2104/159/2191
f 2376/157/2224 2204/147/2219 82/150/2220 2207/160/2225
f 2208/158/2223 2112/146/2216 2204/147/2219 2376/157/2224
f 2472/161/2226 2490/164/2227 2377/163/2228 2203/162/2229
f 2203/162/2229 2377/163/2228 2208/158/2223 2107/155/2169
f 2377/163/2228 2206/165/2230 2112/146/2216 2208/158/2223
f 2490/164/2227 2473/166/2231 2206/165/2230 2377/163/2228
f 2115/81/2161 2302/168/2232 2378/167/2233 2211/79/2159
f 2211/79/2159 2378/167/2233 2301/169/2234 2117/78/2160
f 2378/167/2233 2299/171/2235 2160/170/2236 2301/169/2234
f 2302/168/2232 2158/172/2237 2299/171/2235 2378/167/2233
f 2109/74/2158 2213/75/2157 2379/174/2238 2193/173/2239
f 2592/175/2240 2606/178/2241 2364/177/2242 2108/176/2243
f 2606/178/2241 2603/180/2244 2187/179/2245 2364/177/2242
f 2213/77/2157 2117/78/2160 2365/182/2246 2379/181/2238
f 2118/183/2222 2217/186/2247 2380/185/2248 2215/184/2221
f 2215/184/2221 2380/185/2248 211/188/746 90/187/718
f 2491/189/2249 2216/192/748 92/191/749 487/190/750
f 2474/193/2250 2119/194/2251 2216/192/748 2491/189/2249
f 2452/195/2252 2534/197/2253 2256/196/2254
f 200/128/2202 2373/123/2198 79/121/691
f 2403/198/2255 2512/201/2256 2510/200/2257 2219/199/2258
f 2492/202/2259 2517/205/2260 2511/204/2261 2381/203/2262
f 2182/206/2263 2545/209/2264 2546/208/2265 2354/207/2266
f 2354/207/2266 2546/208/2265 2543/211/2267 2520/210/2268
f 2382/212/2269 2222/215/2270 2521/214/2271 2522/213/2272
f 2351/216/2273 2120/217/2274 2222/215/2270 2382/212/2269
f 2120/217/2274 2253/219/776 2383/218/777 2222/215/2270
f 2222/215/2270 2383/218/777 2521/214/2271
f 2383/218/777 2135/221/778 2252/220/779
f 2253/219/776 2134/223/780 2251/222/781 2383/218/777
f 2181/224/782 2544/227/783 2548/226/784 2353/225/785
f 2353/225/785 2548/226/784 563/229/786 168/228/787
f 2384/230/788 2221/233/789 96/232/790 222/231/791
f 2223/234/792 2121/235/793 2221/233/789 2384/230/788
f 169/236/2275 567/239/2276 2549/238/2277 2352/237/2278
f 2352/237/2278 2549/238/2277 2550/241/2279 2526/240/2280
f 2385/242/2281 2220/245/2282 2539/244/2283 2540/243/2284
f 361/246/2285 94/247/2286 2220/245/2282 2385/242/2281
f 2597/248/2287 2607/251/2288 2386/250/2289 2226/249/2290
f 2226/249/2290 2386/250/2289 2228/253/2291 2123/252/2292
f 2493/254/2293 2227/257/2294 2125/256/2295 2476/255/2296
f 2617/258/2297 2598/259/2298 2227/257/2294 2493/254/2293
f 2111/116/689 2231/261/2299 2387/260/2300 2199/113/2195
f 2594/112/2192 2608/264/2301 2230/263/2302 2110/262/2303
f 2608/264/2301 2598/259/2298 2124/135/2211 2230/263/2302
f 2231/261/2299 2125/256/2295 2227/257/2294 2387/260/2300
f 2593/90/2170 2609/266/2304 2388/265/2305 2196/89/2168
f 2196/89/2168 2388/265/2305 2232/267/2306 2107/88/2169
f 2388/265/2305 2226/249/2290 2123/252/2292 2232/267/2306
f 2609/266/2304 2597/248/2287 2226/249/2290 2388/265/2305
f 2107/88/2169 2232/267/2306 2389/269/2307 2203/268/2229
f 2472/270/2226 2494/271/2308 2231/261/2299 2111/116/689
f 2494/271/2308 2476/255/2296 2125/256/2295 2231/261/2299
f 2232/267/2306 2123/252/2292 2228/253/2291 2389/269/2307
f 2151/272/2309 2284/275/829 2390/274/830 2290/273/2310
f 2290/273/2310 2390/274/830 2245/277/832 2150/276/2311
f 2390/274/830 2244/279/834 2131/278/835 2245/277/832
f 2284/275/829 2133/280/836 2244/279/834 2390/274/830
f 2471/281/2312 2495/284/2313 2391/283/2314 2188/282/2315
f 2188/282/2315 2391/283/2314 2239/286/2316 2106/285/2317
f 2391/287/2314 2233/290/2318 2126/289/2319 2239/288/2316
f 2495/291/2313 2477/294/2320 2233/293/2318 2391/292/2314
f 2124/135/2211 2237/136/2210 2392/295/2321 2230/263/2302
f 2230/263/2302 2392/295/2321 2240/296/2322 2110/262/2303
f 2392/297/2321 2236/300/2323 2127/299/2324 2240/298/2322
f 2237/139/2210 2129/140/2213 2236/300/2323 2392/297/2321
f 2106/285/2317 2239/286/2316 2393/302/2325 2229/301/2326
f 2229/301/2326 2393/302/2325 2238/133/2205 2122/130/2204
f 2393/303/2325 2235/304/2327 2128/145/2214 2238/142/2205
f 2239/288/2316 2126/289/2319 2235/304/2327 2393/303/2325
f 2133/280/836 2264/306/853 2394/305/854 2244/279/834
f 2244/279/834 2394/305/854 2263/307/855 2131/278/835
f 2394/305/854 2262/309/856 2139/308/857 2263/307/855
f 2264/306/853 2141/310/858 2262/309/856 2394/305/854
f 2152/311/2328 2285/314/860 2395/313/861 2289/312/2329
f 2488/315/2330 2496/316/864 2284/275/829 2151/272/2309
f 2496/316/864 2480/317/865 2133/280/836 2284/275/829
f 2285/314/860 2132/319/866 2242/318/867 2395/313/861
f 2153/320/2331 2286/323/869 2396/322/870 2288/321/2332
f 2288/321/2332 2396/322/870 2285/314/860 2152/311/2328
f 2396/322/870 2243/324/872 2132/319/866 2285/314/860
f 2286/323/869 2130/325/873 2243/324/872 2396/322/870
f 2487/326/2333 2497/329/875 2397/328/876 2287/327/2334
f 2287/330/2334 2397/331/876 2286/323/869 2153/320/2331
f 2397/331/876 2241/332/2335 2130/325/873 2286/323/869
f 2497/329/875 2479/334/879 2241/333/2335 2397/328/876
f 110/335/880 250/338/881 2398/337/882 2249/336/883
f 2249/336/883 2398/337/882 2251/222/781 2134/223/780
f 2398/337/882 2250/339/884 2135/221/778 2251/222/781
f 250/338/881 112/340/885 2250/339/884 2398/337/882
f 94/247/2286 253/342/886 2399/341/887 2220/245/2282
f 2220/245/2282 2399/341/887 2538/343/2336 2539/244/2283
f 2399/341/887 2541/345/889 2542/344/2337 2538/343/2336
f 253/342/886 558/346/891 2541/345/889 2399/341/887
f 2121/235/793 2252/220/779 2400/347/892 2221/233/789
f 2221/233/789 2400/347/892 219/348/893 96/232/790
f 2400/347/892 2250/339/884 112/340/885 219/348/893
f 2252/220/779 2135/221/778 2250/339/884 2400/347/892
f 84/129/2203 215/350/2338 2401/349/2339 2205/127/2200
f 2205/127/2200 2531/352/2340 2530/351/2341 2113/126/2201
f 215/353/2338 114/355/2342 2256/196/2254 2401/354/2339
f 2119/194/2251 2254/357/2343 2402/356/900 2216/192/748
f 2216/192/748 2402/356/900 257/358/901 92/191/749
f 2402/356/900 2257/360/902 117/359/903 257/358/901
f 2254/357/2343 2136/361/904 2257/360/902 2402/356/900
f 2218/362/2217 2536/364/2344 2469/363/2345
f 2466/365/2346 2515/368/2347 2514/367/2348 2465/366/2349
f 2403/198/2255 2462/370/2350 2463/369/912 2465/366/2349
f 2468/371/2351 2462/370/2350 2403/198/2255
f 2141/310/858 2272/373/914 2404/372/915 2262/309/856
f 2262/309/856 2404/372/915 2271/374/916 2139/308/857
f 2404/372/915 2270/376/917 2143/375/918 2271/374/916
f 2272/373/914 2145/377/919 2270/376/917 2404/372/915
f 2132/319/866 2265/379/920 2405/378/921 2242/318/867
f 2480/317/865 2498/380/922 2264/306/853 2133/280/836
f 2498/380/922 2482/381/923 2141/310/858 2264/306/853
f 2265/379/920 2140/383/924 2260/382/925 2405/378/921
f 2130/325/873 2266/385/926 2406/384/927 2243/324/872
f 2243/324/872 2406/384/927 2265/379/920 2132/319/866
f 2406/384/927 2261/386/928 2140/383/924 2265/379/920
f 2266/385/926 2138/387/929 2261/386/928 2406/384/927
f 2479/334/879 2499/389/930 2407/388/931 2241/333/2335
f 2241/332/2335 2407/390/931 2266/385/926 2130/325/873
f 2407/390/931 2259/391/932 2138/387/929 2266/385/926
f 2499/389/930 2481/393/933 2259/392/932 2407/388/931
f 2483/394/934 2500/397/935 2408/396/936 2267/395/937
f 2267/395/937 2408/396/936 2269/399/938 2142/398/939
f 2408/396/936 2268/401/940 2144/400/941 2269/399/938
f 2500/397/935 2484/402/942 2268/401/940 2408/396/936
f 2140/383/924 2273/404/943 2409/403/944 2260/382/925
f 2482/381/923 2501/405/945 2272/373/914 2141/310/858
f 2501/405/945 2484/406/942 2145/377/919 2272/373/914
f 2273/404/943 2144/408/941 2268/407/940 2409/403/944
f 2138/387/929 2274/410/946 2410/409/947 2261/386/928
f 2261/386/928 2410/409/947 2273/404/943 2140/383/924
f 2410/409/947 2269/411/938 2144/408/941 2273/404/943
f 2274/410/946 2142/412/939 2269/411/938 2410/409/947
f 2481/393/933 2502/414/948 2411/413/949 2259/392/932
f 2259/391/932 2411/415/949 2274/410/946 2138/387/929
f 2411/415/949 2267/416/937 2142/412/939 2274/410/946
f 2502/414/948 2483/418/934 2267/417/937 2411/413/949
f 2477/294/2320 2503/420/2352 2412/419/2353 2233/293/2318
f 2233/290/2318 2412/422/2353 2248/421/2354 2126/289/2319
f 2412/422/2353 2279/424/2355 2149/423/2356 2248/421/2354
f 2503/420/2352 2485/426/2357 2279/425/2355 2412/419/2353
f 2126/289/2319 2248/421/2354 2413/427/2358 2235/304/2327
f 2235/304/2327 2413/427/2358 2247/428/2359 2128/145/2214
f 2413/427/2358 2280/430/2360 2148/429/2361 2247/428/2359
f 2248/421/2354 2149/423/2356 2280/430/2360 2413/427/2358
f 2128/145/2214 2247/428/2359 2414/431/2362 2234/144/2215
f 2478/141/2212 2504/433/2363 2246/432/2364 2129/140/2213
f 2504/433/2363 2486/435/2365 2147/434/2366 2246/432/2364
f 2247/428/2359 2148/429/2361 2281/436/2367 2414/431/2362
f 2129/140/2213 2246/432/2364 2415/437/2368 2236/300/2323
f 2236/300/2323 2415/437/2368 2275/438/2369 2127/299/2324
f 2415/437/2368 2282/440/2370 2146/439/2371 2275/438/2369
f 2246/432/2364 2147/434/2366 2282/440/2370 2415/437/2368
f 2485/426/2357 2505/442/2372 2416/441/2373 2279/425/2355
f 2279/424/2355 2416/444/2373 2278/443/2374 2149/423/2356
f 2416/444/2373 2287/330/2334 2153/320/2331 2278/443/2374
f 2505/442/2372 2487/326/2333 2287/327/2334 2416/441/2373
f 2149/423/2356 2278/443/2374 2417/445/2375 2280/430/2360
f 2280/430/2360 2417/445/2375 2277/446/2376 2148/429/2361
f 2417/445/2375 2288/321/2332 2152/311/2328 2277/446/2376
f 2278/443/2374 2153/320/2331 2288/321/2332 2417/445/2375
f 2148/429/2361 2277/446/2376 2418/447/2377 2281/436/2367
f 2486/435/2365 2506/449/2378 2276/448/2379 2147/434/2366
f 2506/449/2378 2488/315/2330 2151/272/2309 2276/448/2379
f 2277/446/2376 2152/311/2328 2289/312/2329 2418/447/2377
f 2147/434/2366 2276/448/2379 2419/450/2380 2282/440/2370
f 2282/440/2370 2419/450/2380 2283/451/2381 2146/439/2371
f 2419/450/2380 2290/273/2310 2150/276/2311 2283/451/2381
f 2276/448/2379 2151/272/2309 2290/273/2310 2419/450/2380
f 2109/74/2158 2293/453/2382 2420/452/2383 2192/71/2156
f 2192/71/2156 2420/452/2383 2189/454/2384 2105/70/2153
f 2420/452/2383 2294/106/2187 2154/108/2189 2189/454/2384
f 2293/453/2382 2156/86/2167 2294/106/2187 2420/452/2383
f 72/455/2385 293/458/2386 2421/457/2387 2191/456/2388
f 2191/456/2388 2421/457/2387 2359/460/2389 2183/459/2390
f 2421/457/2387 2295/101/2183 2185/104/2185 2359/460/2389
f 293/458/2386 134/100/2180 2295/101/2183 2421/457/2387
f 2592/175/2240 2610/462/2391 2422/461/2392 2193/173/2239
f 2193/173/2239 2422/461/2392 2293/453/2382 2109/74/2158
f 2422/461/2392 2296/83/2165 2156/86/2167 2293/453/2382
f 2610/462/2391 2599/82/2162 2296/83/2165 2422/461/2392
f 2600/463/2393 2611/466/2394 2423/465/2395 2297/464/2396
f 2297/464/2396 2423/465/2395 2299/171/2235 2158/172/2237
f 2423/465/2395 2300/467/2397 2160/170/2236 2299/171/2235
f 2611/466/2394 2601/468/996 2300/467/2397 2423/465/2395
f 2595/469/2398 2612/472/2399 2424/471/2400 2209/470/2401
f 2209/470/2401 2424/471/2400 2302/168/2232 2115/81/2161
f 2424/471/2400 2297/464/2396 2158/172/2237 2302/168/2232
f 2612/472/2399 2600/463/2393 2297/464/2396 2424/471/2400
f 2117/78/2160 2301/169/2234 2425/474/2402 2212/473/2403
f 2596/475/2404 2613/478/2405 2304/477/2406 2116/476/2407
f 2613/478/2405 2601/468/996 2159/479/1007 2304/477/2406
f 2301/169/2234 2160/170/2236 2300/467/2397 2425/474/2402
f 2114/480/2408 2310/483/2409 2426/482/2410 2303/481/2411
f 2303/481/2411 2426/482/2410 2309/485/2412 2157/484/2413
f 2426/482/2410 2307/487/2414 2163/486/1015 2309/485/2412
f 2310/483/2409 2161/488/2415 2307/487/2414 2426/482/2410
f 2163/486/1015 2323/491/1017 2427/490/2416 2306/489/2417
f 2306/489/2417 2427/490/2416 2322/493/2418 2164/492/2419
f 2427/490/2416 2319/495/1022 2168/494/1023 2322/493/2418
f 2323/491/1017 2167/496/2420 2319/495/1022 2427/490/2416
f 2116/476/2407 2311/499/2421 2428/498/2422 2210/497/2423
f 2210/500/2423 2428/501/2422 2310/483/2409 2114/480/2408
f 2428/501/2422 2305/502/2424 2161/488/2415 2310/483/2409
f 2311/499/2421 2162/504/2425 2305/503/2424 2428/498/2422
f 2159/479/1007 2312/506/2426 2429/505/2427 2304/477/2406
f 2304/477/2406 2429/505/2427 2311/499/2421 2116/476/2407
f 2429/505/2427 2308/507/2428 2162/504/2425 2311/499/2421
f 2312/506/2426 2164/492/2419 2308/507/2428 2429/505/2427
f 2157/484/2413 2309/485/2412 2430/509/2429 2298/508/2430
f 2298/508/2430 2430/509/2429 2312/506/2426 2159/479/1007
f 2430/509/2429 2306/489/2417 2164/492/2419 2312/506/2426
f 2309/485/2412 2163/486/1015 2306/489/2417 2430/509/2429
f 72/455/2385 2191/456/2388 2431/511/2431 368/510/2432
f 173/512/2433 368/510/2432 2431/511/2431 2360/513/2434
f 2183/459/2390 2360/513/2434 2431/511/2431 2191/456/2388
f 147/514/2435 319/517/2436 444/516/2437 2314/515/2438
f 2314/518/2438 444/519/2437 2209/470/2401 2115/81/2161
f 2614/520/2439 2313/521/2440 2114/480/2408 2595/469/2398
f 627/522/2441 146/525/2442 2313/524/2440 2614/523/2439
f 2105/70/2153 2315/527/2443 2432/526/2444 2214/73/2154
f 2214/80/2154 2432/528/2444 2314/518/2438 2115/81/2161
f 2432/526/2444 321/529/2445 147/514/2435 2314/515/2438
f 2315/527/2443 148/530/2446 321/529/2445 2432/526/2444
f 149/531/2447 323/534/2448 2433/533/2449 2316/532/2450
f 2316/532/2450 2433/533/2449 2189/454/2384 2154/108/2189
f 2433/533/2449 2315/527/2443 2105/70/2153 2189/454/2384
f 323/534/2448 148/530/2446 2315/527/2443 2433/533/2449
f 150/535/2451 325/538/2452 2434/537/2453 2317/536/2454
f 2317/536/2454 2434/537/2453 2291/109/2188 2104/110/2191
f 2434/537/2453 2316/532/2450 2154/108/2189 2291/109/2188
f 325/538/2452 149/531/2447 2316/532/2450 2434/537/2453
f 82/150/2220 326/540/2455 2435/539/2456 2207/160/2225
f 2104/159/2191 2207/160/2225 2435/539/2456 2317/541/2454
f 150/542/2451 2317/541/2454 2435/539/2456 326/540/2455
f 2165/543/1061 2331/546/1062 2436/545/1063 2320/544/2457
f 2320/544/2457 2436/545/1063 2330/547/1065 2167/496/2420
f 2436/545/1063 2328/549/1066 2171/548/1067 2330/547/1065
f 2331/546/1062 2169/550/1068 2328/549/1066 2436/545/1063
f 2161/488/2415 2324/552/2458 2437/551/1070 2307/487/2414
f 2307/487/2414 2437/551/1070 2323/491/1017 2163/486/1015
f 2437/551/1070 2320/544/2457 2167/496/2420 2323/491/1017
f 2324/552/2458 2165/543/1061 2320/544/2457 2437/551/1070
f 2162/504/2425 2325/554/2459 2438/553/2460 2305/503/2424
f 2305/502/2424 2438/555/2460 2324/552/2458 2161/488/2415
f 2438/555/2460 2318/556/1073 2165/543/1061 2324/552/2458
f 2325/554/2459 2166/558/1074 2318/557/1073 2438/553/2460
f 2164/492/2419 2322/493/2418 2439/559/2461 2308/507/2428
f 2308/507/2428 2439/559/2461 2325/554/2459 2162/504/2425
f 2439/559/2461 2321/560/1076 2166/558/1074 2325/554/2459
f 2322/493/2418 2168/494/1023 2321/560/1076 2439/559/2461
f 2172/561/1077 2339/564/1078 2440/563/1079 2329/562/1080
f 2329/562/1080 2440/563/1079 2338/566/1081 2170/565/1082
f 2440/563/1079 2337/568/1083 2174/567/1084 2338/566/1081
f 2339/564/1078 2176/569/1085 2337/568/1083 2440/563/1079
f 2166/558/1074 2332/571/1086 2441/570/1087 2318/557/1073
f 2318/556/1073 2441/572/1087 2331/546/1062 2165/543/1061
f 2441/572/1087 2326/573/1088 2169/550/1068 2331/546/1062
f 2332/571/1086 2170/565/1082 2326/574/1088 2441/570/1087
f 2168/494/1023 2333/576/1089 2442/575/1090 2321/560/1076
f 2321/560/1076 2442/575/1090 2332/571/1086 2166/558/1074
f 2442/575/1090 2329/562/1080 2170/565/1082 2332/571/1086
f 2333/576/1089 2172/561/1077 2329/562/1080 2442/575/1090
f 2167/496/2420 2330/547/1065 2443/577/1091 2319/495/1022
f 2319/495/1022 2443/577/1091 2333/576/1089 2168/494/1023
f 2443/577/1091 2327/578/1092 2172/561/1077 2333/576/1089
f 2330/547/1065 2171/548/1067 2327/578/1092 2443/577/1091
f 2175/579/1093 2347/582/1094 2444/581/1095 2335/580/1096
f 2335/580/1096 2444/581/1095 2346/583/1097 2176/569/1085
f 2444/581/1095 2343/585/1098 2180/584/1099 2346/583/1097
f 2347/582/1094 2179/586/1100 2343/585/1098 2444/581/1095
f 2171/548/1067 2340/588/1101 2445/587/1102 2327/578/1092
f 2327/578/1092 2445/587/1102 2339/564/1078 2172/561/1077
f 2445/587/1102 2335/580/1096 2176/569/1085 2339/564/1078
f 2340/588/1101 2175/579/1093 2335/580/1096 2445/587/1102
f 2169/550/1068 2341/590/1103 2446/589/1104 2328/549/1066
f 2328/549/1066 2446/589/1104 2340/588/1101 2171/548/1067
f 2446/589/1104 2336/591/1105 2175/579/1093 2340/588/1101
f 2341/590/1103 2173/592/1106 2336/591/1105 2446/589/1104
f 2170/565/1082 2338/566/1081 2447/593/1107 2326/574/1088
f 2326/573/1088 2447/594/1107 2341/590/1103 2169/550/1068
f 2447/594/1107 2334/595/1108 2173/592/1106 2341/590/1103
f 2338/566/1081 2174/567/1084 2334/596/1108 2447/593/1107
f 2178/597/1109 2345/600/1110 2448/599/1111 2342/598/1112
f 2342/598/1112 2448/599/1111 2344/602/1113 2177/601/1114
f 2448/599/1111 2343/604/1098 2179/603/1100 2344/602/1113
f 2345/600/1110 2180/605/1099 2343/604/1098 2448/599/1111
f 2173/592/1106 2348/607/1115 2449/606/1116 2336/591/1105
f 2336/591/1105 2449/606/1116 2347/582/1094 2175/579/1093
f 2449/606/1116 2344/608/1113 2179/586/1100 2347/582/1094
f 2348/607/1115 2177/609/1114 2344/608/1113 2449/606/1116
f 2174/567/1084 2349/611/1117 2450/610/1118 2334/596/1108
f 2334/595/1108 2450/612/1118 2348/607/1115 2173/592/1106
f 2450/612/1118 2342/613/1112 2177/609/1114 2348/607/1115
f 2349/611/1117 2178/615/1109 2342/614/1112 2450/610/1118
f 2176/569/1085 2346/583/1097 2451/616/1119 2337/568/1083
f 2337/568/1083 2451/616/1119 2349/611/1117 2174/567/1084
f 2451/616/1119 2345/617/1110 2178/615/1109 2349/611/1117
f 2346/583/1097 2180/584/1099 2345/617/1110 2451/616/1119
f 114/355/2342 254/618/2462 2452/195/2252 2256/196/2254
f 2256/196/2254 2534/197/2253 2535/619/2463 2401/354/2339
f 2452/195/2252 2352/237/2278 2526/240/2280 2529/620/2464
f 254/618/2462 169/236/2275 2352/237/2278 2452/195/2252
f 2136/361/904 2350/622/1123 2453/621/1124 2257/360/902
f 2257/360/902 2453/621/1124 360/623/1125 117/359/903
f 2453/621/1124 2353/225/785 168/228/787 360/623/1125
f 2350/622/1123 2181/224/782 2353/225/785 2453/621/1124
f 2137/624/2465 2255/627/2466 2454/626/2467 2258/625/2468
f 2258/625/2468 2454/626/2467 2519/629/1130 2461/628/1131
f 2454/626/2467 2354/207/2266 2520/210/2268 2519/629/1130
f 2255/627/2466 2182/206/2263 2354/207/2266 2454/626/2467
f 2185/104/2185 2357/631/2469 2455/630/2470 2359/460/2389
f 2359/460/2389 2455/630/2470 2355/632/2471 2183/459/2390
f 2455/630/2470 2194/633/2472 2108/176/2243 2355/632/2471
f 2357/631/2469 2155/634/2473 2194/633/2472 2455/630/2470
f 2183/459/2390 2355/632/2471 2456/635/2474 2360/513/2434
f 173/512/2433 2360/513/2434 2456/635/2474 316/636/2475
f 146/525/2442 316/636/2475 2456/635/2474 2366/637/2476
f 2187/179/2245 2366/637/2476 2456/635/2474 2364/177/2242
f 2108/176/2243 2364/177/2242 2456/635/2474 2355/632/2471
f 2602/120/2197 2615/639/2477 2457/638/1141 2361/119/690
f 79/118/691 2361/119/690 2457/638/1141 189/640/1142
f 618/641/2478 189/640/1142 2457/638/1141 2615/639/2477
f 2184/97/2178 2200/642/2479 2188/282/2315 2362/96/2175
f 2362/96/2175 2188/282/2315 2197/643/2480 2186/95/2176
f 2188/282/2315 2106/285/2317 2197/643/2480
f 2200/642/2479 2110/262/2303 2471/281/2312 2188/282/2315
f 2186/95/2176 2197/643/2480 2458/644/2481 2363/105/2184
f 2363/105/2184 2458/644/2481 2357/631/2469 2185/104/2185
f 2458/644/2481 2292/645/2482 2155/634/2473 2357/631/2469
f 2197/643/2480 2106/285/2317 2292/645/2482 2458/644/2481
f 2117/78/2160 2212/473/2403 2459/646/2483 2365/182/2246
f 2603/180/2244 2365/649/2246 2459/648/2483 2616/647/2484
f 2596/475/2404 2616/650/2484 2459/646/2483 2212/473/2403
f 2187/179/2245 2190/652/2485 2460/651/2486 2366/637/2476
f 2366/637/2476 2460/651/2486 2313/524/2440 146/525/2442
f 2460/653/2486 2210/500/2423 2114/480/2408 2313/521/2440
f 2190/654/2485 2116/476/2407 2210/497/2423 2460/655/2486
f 2470/656/2487 2224/657/2488 2137/624/2465 2468/371/2351
f 2462/370/2350 2258/625/2468 2461/628/1131 2463/369/912
f 2461/628/1131 2136/361/904 2254/357/2343 2463/369/912
f 2465/366/2349 2254/357/2343 2119/194/2251 2466/365/2346
f 2507/658/2489 2474/193/2250 2217/186/2247 2464/659/2490
f 2463/369/912 2254/357/2343 2465/366/2349
f 2464/659/2490 2217/186/2247 2118/183/2222 2467/660/2491
f 2118/183/2222 2218/362/2217 2467/660/2491
f 2508/661/2492 2492/202/2259 2381/203/2262 2469/363/2345
f 2469/363/2345 2381/203/2262 2218/362/2217
f 2468/371/2351 2403/198/2255 2219/199/2258 2470/656/2487
f 2470/656/2487 2219/199/2258 2492/202/2259 2508/661/2492
f 2466/365/2346 2119/194/2251 2474/193/2250 2507/658/2489
f 2418/447/2377 2289/312/2329 2488/315/2330 2506/449/2378
f 2281/436/2367 2418/447/2377 2506/449/2378 2486/435/2365
f 2283/451/2381 2150/276/2311 2487/326/2333 2505/442/2372
f 2146/439/2371 2283/451/2381 2505/442/2372 2485/426/2357
f 2414/431/2362 2281/436/2367 2486/435/2365 2504/433/2363
f 2234/144/2215 2414/431/2362 2504/433/2363 2478/141/2212
f 2275/438/2369 2146/439/2371 2485/426/2357 2503/420/2352
f 2127/299/2324 2275/438/2369 2503/420/2352 2477/294/2320
f 2271/374/916 2143/375/918 2483/418/934 2502/414/948
f 2139/308/857 2271/374/916 2502/414/948 2481/393/933
f 2409/403/944 2268/407/940 2484/406/942 2501/405/945
f 2260/382/925 2409/403/944 2501/405/945 2482/381/923
f 2270/662/917 2145/663/919 2484/402/942 2500/397/935
f 2143/664/918 2270/662/917 2500/397/935 2483/394/934
f 2263/307/855 2139/308/857 2481/393/933 2499/389/930
f 2131/278/835 2263/307/855 2499/389/930 2479/334/879
f 2405/378/921 2260/382/925 2482/381/923 2498/380/922
f 2242/318/867 2405/378/921 2498/380/922 2480/317/865
f 2245/277/832 2131/278/835 2479/334/879 2497/329/875
f 2150/276/2311 2245/277/832 2497/329/875 2487/326/2333
f 2395/313/861 2242/318/867 2480/317/865 2496/316/864
f 2289/312/2329 2395/313/861 2496/316/864 2488/315/2330
f 2240/298/2322 2127/299/2324 2477/294/2320 2495/291/2313
f 2110/262/2303 2240/296/2322 2495/284/2313 2471/281/2312
f 2389/269/2307 2228/253/2291 2476/255/2296 2494/271/2308
f 2203/268/2229 2389/269/2307 2494/271/2308 2472/270/2226
f 2607/251/2288 2617/258/2297 2493/254/2293 2386/250/2289
f 2386/250/2289 2493/254/2293 2476/255/2296 2228/253/2291
f 2467/660/2491 2516/666/2493 2513/665/2494 2464/659/2490
f 2508/661/2492 2537/667/2495 2224/657/2488 2470/656/2487
f 2217/186/2247 2474/193/2250 2491/189/2249 2380/185/2248
f 2380/185/2248 2491/189/2249 487/190/750 211/188/746
f 2202/125/2199 2113/126/2201 2473/166/2231 2490/164/2227
f 2111/124/689 2202/125/2199 2490/164/2227 2472/161/2226
f 2374/143/2206 2234/144/2215 2478/141/2212 2489/138/2209
f 2225/131/2207 2374/132/2206 2489/137/2209 2475/134/2208
f 2511/204/2261 2513/665/2494 2516/666/2493 2509/668/2496
f 2517/205/2260 2518/669/2497 2513/665/2494 2511/204/2261
f 2510/200/2257 2512/201/2256 2514/367/2348 2515/368/2347
f 2510/200/2257 2515/368/2347 2518/669/2497 2517/205/2260
f 2219/199/2258 2510/200/2257 2517/205/2260 2492/202/2259
f 2464/659/2490 2513/665/2494 2518/669/2497 2507/658/2489
f 2218/362/2217 2509/668/2496 2516/666/2493 2467/660/2491
f 2465/366/2349 2514/367/2348 2512/201/2256 2403/198/2255
f 2381/203/2262 2511/204/2261 2509/668/2496 2218/362/2217
f 2507/658/2489 2518/669/2497 2515/368/2347 2466/365/2346
f 2520/210/2268 2181/224/782 2350/622/1123 2519/629/1130
f 2383/218/777 2252/220/779 2121/235/793 2521/214/2271
f 2522/213/2272 2223/234/792 2544/227/783 2543/211/2267
f 2521/214/2271 2121/235/793 2223/234/792 2522/213/2272
f 2519/629/1130 2350/622/1123 2136/361/904 2461/628/1131
f 2523/670/1163 2253/219/776 2120/217/2274 2527/671/2498
f 2527/671/2498 2120/217/2274 2351/216/2273 2525/672/2499
f 2524/673/1166 2249/336/883 2134/223/780 2528/674/1167
f 2134/223/780 2253/219/776 2523/670/1163 2528/674/1167
f 537/675/1168 110/335/880 2249/336/883 2524/673/1166
f 2525/672/2499 2351/216/2273 2545/209/2264 2547/676/2500
f 2526/677/2280 2182/206/2263 2255/627/2466 2529/678/2464
f 2529/620/2464 2255/679/2466 2452/195/2252
f 2532/680/2501 2537/683/2495 2536/682/2344 2533/681/2502
f 2533/681/2502 2536/682/2344 2218/149/2217 2112/146/2216
f 2531/352/2340 2535/685/2463 2224/684/2488 2530/351/2341
f 2535/619/2463 2534/197/2253 2137/687/2465 2224/686/2488
f 2534/197/2253 2452/195/2252 2255/679/2466 2137/687/2465
f 2530/351/2341 2224/684/2488 2537/683/2495 2532/680/2501
f 2469/363/2345 2536/364/2344 2537/667/2495 2508/661/2492
f 2473/166/2231 2532/680/2501 2533/681/2502 2206/165/2230
f 2401/349/2339 2535/685/2463 2531/352/2340 2205/127/2200
f 2113/126/2201 2530/351/2341 2532/680/2501 2473/166/2231
f 2206/165/2230 2533/681/2502 2112/146/2216
f 2251/222/781 2135/221/778 2383/218/777
f 2545/209/2264 2182/206/2263 2547/676/2500
f 2548/226/784 2384/230/788 222/231/791 563/229/786
f 2545/209/2264 2351/216/2273 2382/212/2269 2546/208/2265
f 2547/676/2500 2182/206/2263 2526/677/2280
f 2546/208/2265 2382/212/2269 2522/213/2272 2543/211/2267
f 2544/227/783 2181/224/782 2520/210/2268 2543/211/2267
f 2544/227/783 2223/234/792 2384/230/788 2548/226/784
f 2549/238/2277 2385/242/2281 2540/243/2284 2550/241/2279
f 567/239/2276 361/246/2285 2385/242/2281 2549/238/2277
f 2468/371/2351 2137/624/2465 2258/625/2468 2462/370/2350
f 2523/670/1163 2551/689/2503 2556/688/2504 2528/674/1167
f 2538/343/2336 2557/691/2505 2558/690/2506 2539/244/2283
f 2525/672/2499 2553/693/2507 2555/692/2508 2527/671/2498
f 2539/244/2283 2558/690/2506 2559/694/2509 2540/243/2284
f 2526/677/2280 2554/696/2510 2562/695/2511 2547/676/2500
f 2541/345/889 2560/698/2512 2561/697/2513 2542/344/2337
f 2528/674/1167 2556/688/2504 2552/699/1183 2524/673/1166
f 2547/676/2500 2562/695/2511 2553/693/2507 2525/672/2499
f 2524/673/1166 2552/699/1183 569/700/1184 537/675/1168
f 2542/344/2337 2561/697/2513 2557/691/2505 2538/343/2336
f 558/346/891 581/701/1185 2560/698/2512 2541/345/889
f 2540/243/2284 2559/694/2509 2563/702/2514 2550/241/2279
f 2527/671/2498 2555/692/2508 2551/689/2503 2523/670/1163
f 2550/241/2279 2563/702/2514 2554/703/2510 2526/240/2280
f 2554/696/2510 2567/705/2515 2575/704/2516 2562/695/2511
f 2560/698/2512 2573/707/2517 2574/706/2518 2561/697/2513
f 2556/688/2504 2569/709/2519 2565/708/1192 2552/699/1183
f 2561/697/2513 2574/706/2518 2570/710/2520 2557/691/2505
f 2552/699/1183 2565/708/1192 584/711/1194 569/700/1184
f 581/701/1185 596/712/1195 2573/707/2517 2560/698/2512
f 2562/695/2511 2575/704/2516 2566/713/2521 2553/693/2507
f 2563/702/2514 2576/715/2522 2567/714/2515 2554/703/2510
f 2559/694/2509 2572/716/2523 2576/715/2522 2563/702/2514
f 2555/692/2508 2568/718/2524 2564/717/2525 2551/689/2503
f 2551/689/2503 2564/717/2525 2569/709/2519 2556/688/2504
f 2557/691/2505 2570/710/2520 2571/719/2526 2558/690/2506
f 2553/693/2507 2566/713/2521 2568/718/2524 2555/692/2508
f 2558/690/2506 2571/719/2526 2572/716/2523 2559/694/2509
f 2575/704/2516 2583/721/2527 2579/720/2528 2566/713/2521
f 2569/709/2519 2582/723/1204 2578/722/1205 2565/708/1192
f 2566/713/2521 2579/720/2528 2581/724/2529 2568/718/2524
f 2568/718/2524 2581/724/2529 2577/725/2530 2564/717/2525
f 2565/708/1192 2578/722/1205 599/726/1208 584/711/1194
f 2567/705/2515 2580/727/2531 2583/721/2527 2575/704/2516
f 2564/717/2525 2577/725/2530 2582/723/1204 2569/709/2519
f 2576/715/2522 2590/729/2532 2584/728/2533 2567/714/2515
f 2574/706/2518 2589/731/2534 2585/730/2535 2570/710/2520
f 2571/719/2526 2586/733/2536 2587/732/2537 2572/716/2523
f 2567/705/2515 2584/735/2533 2591/734/2538 2580/727/2531
f 596/712/1195 613/737/1217 2588/736/2539 2573/707/2517
f 2572/716/2523 2587/732/2537 2590/729/2532 2576/715/2522
f 2573/707/2517 2588/736/2539 2589/731/2534 2574/706/2518
f 2570/710/2520 2585/730/2535 2586/733/2536 2571/719/2526
f 2225/131/2207 2475/134/2208 2617/258/2297 2607/251/2288
f 2116/476/2407 2190/654/2485 2616/650/2484 2596/475/2404
f 2187/179/2245 2603/180/2244 2616/647/2484 2190/652/2485
f 78/99/2179 618/641/2478 2615/639/2477 2356/98/2177
f 2184/97/2178 2356/98/2177 2615/639/2477 2602/120/2197
f 319/517/2540 627/522/2441 2614/523/2439 444/516/2437
f 444/519/2437 2614/520/2439 2595/469/2398 2209/470/2401
f 2425/474/2402 2300/467/2397 2601/468/996 2613/478/2405
f 2212/473/2403 2425/474/2402 2613/478/2405 2596/475/2404
f 2303/481/2411 2157/484/2413 2600/463/2393 2612/472/2399
f 2114/480/2408 2303/481/2411 2612/472/2399 2595/469/2398
f 2298/508/2430 2159/479/1007 2601/468/996 2611/466/2394
f 2157/484/2413 2298/508/2430 2611/466/2394 2600/463/2393
f 2194/633/2472 2155/634/2473 2599/82/2162 2610/462/2391
f 2108/176/2243 2194/633/2472 2610/462/2391 2592/175/2240
f 2229/301/2326 2122/130/2204 2597/248/2287 2609/266/2304
f 2106/285/2317 2229/301/2326 2609/266/2304 2593/90/2170
f 2387/260/2300 2227/257/2294 2598/259/2298 2608/264/2301
f 2199/113/2195 2387/260/2300 2608/264/2301 2594/112/2192
f 2475/134/2208 2124/135/2211 2598/259/2298 2617/258/2297
f 2122/130/2204 2225/131/2207 2607/251/2288 2597/248/2287
f 2379/174/2238 2365/649/2246 2603/180/2244 2606/178/2241
f 2193/173/2239 2379/174/2238 2606/178/2241 2592/175/2240
f 2200/642/2479 2184/97/2178 2602/120/2197 2605/115/2193
f 2110/262/2303 2200/642/2479 2605/115/2193 2594/112/2192
f 2292/645/2482 2106/285/2317 2593/90/2170 2604/85/2163
f 2155/634/2473 2292/645/2482 2604/85/2163 2599/82/2162
f 2619/70/2541 2706/71/2542 2881/72/2543 2728/73/2544
f 2706/71/2542 2623/74/2545 2727/75/2546 2881/72/2543
f 2881/76/2543 2727/77/2546 2631/78/2547 2725/79/2548
f 2728/80/2544 2881/76/2543 2725/79/2548 2629/81/2549
f 3113/82/2550 2810/83/2551 2882/84/2552 3118/85/2553
f 2810/83/2551 2670/86/2554 2709/87/2555 2882/84/2552
f 2882/84/2552 2709/87/2555 2621/88/2556 2710/89/2557
f 3118/85/2553 2882/84/2552 2710/89/2557 3107/90/2558
f 70/91/2559 2872/92/2560 2883/93/2561 193/94/2562
f 2872/92/2560 2700/95/2563 2876/96/2564 2883/93/2561
f 2883/93/2561 2876/96/2564 2698/97/2565 2870/98/2566
f 193/94/2562 2883/93/2561 2870/98/2566 78/99/2567
f 134/100/2568 2809/101/2569 2884/102/2570 177/103/2571
f 2809/101/2569 2699/104/2572 2877/105/2573 2884/102/2570
f 2884/102/2570 2877/105/2573 2700/95/2563 2872/92/2560
f 177/103/2571 2884/102/2570 2872/92/2560 70/91/2559
f 2670/86/2554 2808/106/2574 2885/107/2575 2709/87/2555
f 2808/106/2574 2668/108/2576 2805/109/2577 2885/107/2575
f 2885/107/2575 2805/109/2577 2618/110/2578 2712/111/2579
f 2709/87/2555 2885/107/2575 2712/111/2579 2621/88/2556
f 3108/112/109 2713/113/2580 2886/114/111 3119/115/2581
f 2713/113/2580 2625/116/113 2715/117/2582 2886/114/111
f 2886/114/111 2715/117/2582 79/118/115 2875/119/116
f 3119/115/2581 2886/114/111 2875/119/116 3116/120/2583
f 79/121/115 2715/122/2582 2887/123/2584
f 2715/122/2582 2625/124/113 2716/125/2585 2887/123/2584
f 2887/123/2584 2716/125/2585 2627/126/2586 2719/127/2587
f 200/128/2588 2887/123/2584 2719/127/2587 84/129/2589
f 2636/130/2590 2739/131/2591 2888/132/2592 2752/133/2593
f 2989/134/2594 2638/135/2595 2751/136/2596 3003/137/2597
f 3003/138/2597 2751/139/2596 2643/140/2598 2992/141/2599
f 2752/142/2593 2888/143/2592 2748/144/2600 2642/145/2601
f 2626/146/2602 2718/147/2603 2889/148/2604 2732/149/2605
f 2718/147/2603 82/150/2606 198/151/141 2889/148/2604
f 2889/148/2604 198/151/141 90/152/142 2729/153/2607
f 2732/149/2605 2889/148/2604 2729/153/2607 2632/154/2608
f 2621/155/2556 2712/156/2579 2890/157/2609 2722/158/2610
f 2712/156/2579 2618/159/2578 2721/160/2611 2890/157/2609
f 2890/157/2609 2721/160/2611 82/150/2606 2718/147/2603
f 2722/158/2610 2890/157/2609 2718/147/2603 2626/146/2602
f 2986/161/2612 2717/162/2613 2891/163/2614 3004/164/2615
f 2717/162/2613 2621/155/2556 2722/158/2610 2891/163/2614
f 2891/163/2614 2722/158/2610 2626/146/2602 2720/165/2616
f 3004/164/2615 2891/163/2614 2720/165/2616 2987/166/2617
f 2629/81/2549 2725/79/2548 2892/167/2618 2816/168/2619
f 2725/79/2548 2631/78/2547 2815/169/2620 2892/167/2618
f 2892/167/2618 2815/169/2620 2674/170/2621 2813/171/2622
f 2816/168/2619 2892/167/2618 2813/171/2622 2672/172/2623
f 2623/74/2545 2707/173/2624 2893/174/2625 2727/75/2546
f 3106/175/2626 2622/176/2627 2878/177/2628 3120/178/2629
f 3120/178/2629 2878/177/2628 2701/179/2630 3117/180/2631
f 2727/77/2546 2893/181/2625 2879/182/2632 2631/78/2547
f 2632/183/2608 2729/184/2607 2894/185/2633 2731/186/2634
f 2729/184/2607 90/187/142 211/188/171 2894/185/2633
f 3005/189/2635 487/190/173 92/191/174 2730/192/2636
f 2988/193/2637 3005/189/2635 2730/192/2636 2633/194/2638
f 2966/195/2639 2770/196/2640 3048/197/2641
f 200/128/2588 79/121/115 2887/123/2584
f 2917/198/2642 2733/199/2643 3024/200/2644 3026/201/2645
f 3006/202/2646 2895/203/2647 3025/204/2648 3031/205/2649
f 2696/206/2650 2868/207/2651 3060/208/2652 3059/209/2653
f 2868/207/2651 3034/210/2654 3057/211/2655 3060/208/2652
f 2896/212/2656 3036/213/2657 3035/214/2658 2736/215/2659
f 2865/216/2660 2896/212/2656 2736/215/2659 2634/217/2661
f 2634/217/2661 2736/215/2659 2897/218/201 2767/219/202
f 2736/215/2659 3035/214/2658 2897/218/201
f 2897/218/201 2766/220/203 2649/221/204
f 2767/219/202 2897/218/201 2765/222/205 2648/223/206
f 2695/224/207 2867/225/208 3062/226/209 3058/227/210
f 2867/225/208 168/228/211 563/229/212 3062/226/209
f 2898/230/213 222/231/214 96/232/215 2735/233/216
f 2737/234/217 2898/230/213 2735/233/216 2635/235/218
f 169/236/2662 2866/237/2663 3063/238/2664 567/239/2665
f 2866/237/2663 3040/240/2666 3064/241/2667 3063/238/2664
f 2899/242/2668 3054/243/2669 3053/244/2670 2734/245/2671
f 361/246/2672 2899/242/2668 2734/245/2671 94/247/2673
f 3111/248/2674 2740/249/2675 2900/250/2676 3121/251/2677
f 2740/249/2675 2637/252/2678 2742/253/2679 2900/250/2676
f 3007/254/2680 2990/255/2681 2639/256/2682 2741/257/2683
f 3131/258/2684 3007/254/2680 2741/257/2683 3112/259/2685
f 2625/116/113 2713/113/2580 2901/260/2686 2745/261/2687
f 3108/112/109 2624/262/2688 2744/263/2689 3122/264/2690
f 3122/264/2690 2744/263/2689 2638/135/2595 3112/259/2685
f 2745/261/2687 2901/260/2686 2741/257/2683 2639/256/2682
f 3107/90/2558 2710/89/2557 2902/265/2691 3123/266/2692
f 2710/89/2557 2621/88/2556 2746/267/2693 2902/265/2691
f 2902/265/2691 2746/267/2693 2637/252/2678 2740/249/2675
f 3123/266/2692 2902/265/2691 2740/249/2675 3111/248/2674
f 2621/88/2556 2717/268/2613 2903/269/2694 2746/267/2693
f 2986/270/2612 2625/116/113 2745/261/2687 3008/271/2695
f 3008/271/2695 2745/261/2687 2639/256/2682 2990/255/2681
f 2746/267/2693 2903/269/2694 2742/253/2679 2637/252/2678
f 2665/272/2696 2804/273/2697 2904/274/255 2798/275/256
f 2804/273/2697 2664/276/2698 2759/277/258 2904/274/255
f 2904/274/255 2759/277/258 2645/278/259 2758/279/260
f 2798/275/256 2904/274/255 2758/279/260 2647/280/261
f 2985/281/2699 2702/282/2700 2905/283/2701 3009/284/2702
f 2702/282/2700 2620/285/2703 2753/286/2704 2905/283/2701
f 2905/287/2701 2753/288/2704 2640/289/2705 2747/290/2706
f 3009/291/2702 2905/292/2701 2747/293/2706 2991/294/2707
f 2638/135/2595 2744/263/2689 2906/295/2708 2751/136/2596
f 2744/263/2689 2624/262/2688 2754/296/2709 2906/295/2708
f 2906/297/2708 2754/298/2709 2641/299/2710 2750/300/2711
f 2751/139/2596 2906/297/2708 2750/300/2711 2643/140/2598
f 2620/285/2703 2743/301/2712 2907/302/2713 2753/286/2704
f 2743/301/2712 2636/130/2590 2752/133/2593 2907/302/2713
f 2907/303/2713 2752/142/2593 2642/145/2601 2749/304/2714
f 2753/288/2704 2907/303/2713 2749/304/2714 2640/289/2705
f 2647/280/261 2758/279/260 2908/305/278 2778/306/279
f 2758/279/260 2645/278/259 2777/307/280 2908/305/278
f 2908/305/278 2777/307/280 2653/308/281 2776/309/282
f 2778/306/279 2908/305/278 2776/309/282 2655/310/283
f 2666/311/284 2803/312/285 2909/313/286 2799/314/287
f 3002/315/2715 2665/272/2696 2798/275/256 3010/316/289
f 3010/316/289 2798/275/256 2647/280/261 2994/317/290
f 2799/314/287 2909/313/286 2756/318/291 2646/319/292
f 2667/320/2716 2802/321/294 2910/322/295 2800/323/296
f 2802/321/294 2666/311/284 2799/314/287 2910/322/295
f 2910/322/295 2799/314/287 2646/319/292 2757/324/297
f 2800/323/296 2910/322/295 2757/324/297 2644/325/298
f 3001/326/2717 2801/327/2718 2911/328/301 3011/329/302
f 2801/330/2718 2667/320/2716 2800/323/296 2911/331/301
f 2911/331/301 2800/323/296 2644/325/298 2755/332/303
f 3011/329/302 2911/328/301 2755/333/303 2993/334/304
f 110/335/305 2763/336/306 2912/337/307 250/338/308
f 2763/336/306 2648/223/206 2765/222/205 2912/337/307
f 2912/337/307 2765/222/205 2649/221/204 2764/339/309
f 250/338/308 2912/337/307 2764/339/309 112/340/310
f 94/247/2673 2734/245/2671 2913/341/311 253/342/2719
f 2734/245/2671 3053/244/2670 3052/343/2720 2913/341/311
f 2913/341/311 3052/343/2720 3056/344/2721 3055/345/315
f 253/342/2719 2913/341/311 3055/345/315 558/346/316
f 2635/235/218 2735/233/216 2914/347/317 2766/220/203
f 2735/233/216 96/232/215 219/348/318 2914/347/317
f 2914/347/317 219/348/318 112/340/310 2764/339/309
f 2766/220/203 2914/347/317 2764/339/309 2649/221/204
f 84/129/2589 2719/127/2587 2915/349/2722 215/350/2723
f 2719/127/2587 2627/126/2586 3044/351/2724 3045/352/2725
f 215/353/2723 2915/354/2722 2770/196/2640 114/355/2726
f 2633/194/2638 2730/192/2636 2916/356/324 2768/357/2727
f 2730/192/2636 92/191/174 257/358/326 2916/356/324
f 2916/356/324 257/358/326 117/359/327 2771/360/328
f 2768/357/2727 2916/356/324 2771/360/328 2650/361/329
f 2732/362/2605 2983/363/2728 3050/364/2729
f 2980/365/2730 2979/366/2731 3028/367/2732 3029/368/2733
f 2917/198/2642 2979/366/2731 2977/369/336 2976/370/2734
f 2982/371/2735 2917/198/2642 2976/370/2734
f 2655/310/283 2776/309/282 2918/372/339 2786/373/340
f 2776/309/282 2653/308/281 2785/374/341 2918/372/339
f 2918/372/339 2785/374/341 2657/375/342 2784/376/343
f 2786/373/340 2918/372/339 2784/376/343 2659/377/344
f 2646/319/292 2756/318/291 2919/378/345 2779/379/346
f 2994/317/290 2647/280/261 2778/306/279 3012/380/347
f 3012/380/347 2778/306/279 2655/310/283 2996/381/348
f 2779/379/346 2919/378/345 2774/382/349 2654/383/350
f 2644/325/298 2757/324/297 2920/384/351 2780/385/352
f 2757/324/297 2646/319/292 2779/379/346 2920/384/351
f 2920/384/351 2779/379/346 2654/383/350 2775/386/353
f 2780/385/352 2920/384/351 2775/386/353 2652/387/354
f 2993/334/304 2755/333/303 2921/388/355 3013/389/356
f 2755/332/303 2644/325/298 2780/385/352 2921/390/355
f 2921/390/355 2780/385/352 2652/387/354 2773/391/357
f 3013/389/356 2921/388/355 2773/392/357 2995/393/358
f 2997/394/359 2781/395/360 2922/396/361 3014/397/362
f 2781/395/360 2656/398/363 2783/399/364 2922/396/361
f 2922/396/361 2783/399/364 2658/400/365 2782/401/366
f 3014/397/362 2922/396/361 2782/401/366 2998/402/367
f 2654/383/350 2774/382/349 2923/403/368 2787/404/369
f 2996/381/348 2655/310/283 2786/373/340 3015/405/370
f 3015/405/370 2786/373/340 2659/377/344 2998/406/367
f 2787/404/369 2923/403/368 2782/407/366 2658/408/365
f 2652/387/354 2775/386/353 2924/409/371 2788/410/372
f 2775/386/353 2654/383/350 2787/404/369 2924/409/371
f 2924/409/371 2787/404/369 2658/408/365 2783/411/364
f 2788/410/372 2924/409/371 2783/411/364 2656/412/363
f 2995/393/358 2773/392/357 2925/413/373 3016/414/374
f 2773/391/357 2652/387/354 2788/410/372 2925/415/373
f 2925/415/373 2788/410/372 2656/412/363 2781/416/360
f 3016/414/374 2925/413/373 2781/417/360 2997/418/359
f 2991/294/2707 2747/293/2706 2926/419/2736 3017/420/2737
f 2747/290/2706 2640/289/2705 2762/421/2738 2926/422/2736
f 2926/422/2736 2762/421/2738 2663/423/2739 2793/424/2740
f 3017/420/2737 2926/419/2736 2793/425/2740 2999/426/2741
f 2640/289/2705 2749/304/2714 2927/427/2742 2762/421/2738
f 2749/304/2714 2642/145/2601 2761/428/2743 2927/427/2742
f 2927/427/2742 2761/428/2743 2662/429/2744 2794/430/2745
f 2762/421/2738 2927/427/2742 2794/430/2745 2663/423/2739
f 2642/145/2601 2748/144/2600 2928/431/2746 2761/428/2743
f 2992/141/2599 2643/140/2598 2760/432/2747 3018/433/2748
f 3018/433/2748 2760/432/2747 2661/434/2749 3000/435/2750
f 2761/428/2743 2928/431/2746 2795/436/2751 2662/429/2744
f 2643/140/2598 2750/300/2711 2929/437/2752 2760/432/2747
f 2750/300/2711 2641/299/2710 2789/438/2753 2929/437/2752
f 2929/437/2752 2789/438/2753 2660/439/2754 2796/440/2755
f 2760/432/2747 2929/437/2752 2796/440/2755 2661/434/2749
f 2999/426/2741 2793/425/2740 2930/441/2756 3019/442/2757
f 2793/424/2740 2663/423/2739 2792/443/2758 2930/444/2756
f 2930/444/2756 2792/443/2758 2667/320/2716 2801/330/2718
f 3019/442/2757 2930/441/2756 2801/327/2718 3001/326/2717
f 2663/423/2739 2794/430/2745 2931/445/2759 2792/443/2758
f 2794/430/2745 2662/429/2744 2791/446/2760 2931/445/2759
f 2931/445/2759 2791/446/2760 2666/311/284 2802/321/294
f 2792/443/2758 2931/445/2759 2802/321/294 2667/320/2716
f 2662/429/2744 2795/436/2751 2932/447/2761 2791/446/2760
f 3000/435/2750 2661/434/2749 2790/448/2762 3020/449/2763
f 3020/449/2763 2790/448/2762 2665/272/2696 3002/315/2715
f 2791/446/2760 2932/447/2761 2803/312/285 2666/311/284
f 2661/434/2749 2796/440/2755 2933/450/2764 2790/448/2762
f 2796/440/2755 2660/439/2754 2797/451/2765 2933/450/2764
f 2933/450/2764 2797/451/2765 2664/276/2698 2804/273/2697
f 2790/448/2762 2933/450/2764 2804/273/2697 2665/272/2696
f 2623/74/2545 2706/71/2542 2934/452/2766 2807/453/2767
f 2706/71/2542 2619/70/2541 2703/454/2768 2934/452/2766
f 2934/452/2766 2703/454/2768 2668/108/2576 2808/106/2574
f 2807/453/2767 2934/452/2766 2808/106/2574 2670/86/2554
f 72/455/2769 2705/456/2770 2935/457/2771 293/458/2772
f 2705/456/2770 2697/459/2773 2873/460/2774 2935/457/2771
f 2935/457/2771 2873/460/2774 2699/104/2572 2809/101/2569
f 293/458/2772 2935/457/2771 2809/101/2569 134/100/2568
f 3106/175/2626 2707/173/2624 2936/461/2775 3124/462/2776
f 2707/173/2624 2623/74/2545 2807/453/2767 2936/461/2775
f 2936/461/2775 2807/453/2767 2670/86/2554 2810/83/2551
f 3124/462/2776 2936/461/2775 2810/83/2551 3113/82/2550
f 3114/463/2777 2811/464/2778 2937/465/2779 3125/466/2780
f 2811/464/2778 2672/172/2623 2813/171/2622 2937/465/2779
f 2937/465/2779 2813/171/2622 2674/170/2621 2814/467/420
f 3125/466/2780 2937/465/2779 2814/467/420 3115/468/421
f 3109/469/2781 2723/470/2782 2938/471/2783 3126/472/2784
f 2723/470/2782 2629/81/2549 2816/168/2619 2938/471/2783
f 2938/471/2783 2816/168/2619 2672/172/2623 2811/464/2778
f 3126/472/2784 2938/471/2783 2811/464/2778 3114/463/2777
f 2631/78/2547 2726/473/2785 2939/474/2786 2815/169/2620
f 3110/475/2787 2630/476/2788 2818/477/2789 3127/478/2790
f 3127/478/2790 2818/477/2789 2673/479/432 3115/468/421
f 2815/169/2620 2939/474/2786 2814/467/420 2674/170/2621
f 2628/480/2791 2817/481/2792 2940/482/2793 2824/483/2794
f 2817/481/2792 2671/484/2795 2823/485/438 2940/482/2793
f 2940/482/2793 2823/485/438 2677/486/439 2821/487/2796
f 2824/483/2794 2940/482/2793 2821/487/2796 2675/488/2797
f 2677/486/439 2820/489/2798 2941/490/2799 2837/491/444
f 2820/489/2798 2678/492/2800 2836/493/2801 2941/490/2799
f 2941/490/2799 2836/493/2801 2682/494/447 2833/495/2802
f 2837/491/444 2941/490/2799 2833/495/2802 2681/496/449
f 2630/476/2788 2724/497/2803 2942/498/2804 2825/499/2805
f 2724/500/2803 2628/480/2791 2824/483/2794 2942/501/2804
f 2942/501/2804 2824/483/2794 2675/488/2797 2819/502/2806
f 2825/499/2805 2942/498/2804 2819/503/2806 2676/504/2807
f 2673/479/432 2818/477/2789 2943/505/2808 2826/506/2809
f 2818/477/2789 2630/476/2788 2825/499/2805 2943/505/2808
f 2943/505/2808 2825/499/2805 2676/504/2807 2822/507/2810
f 2826/506/2809 2943/505/2808 2822/507/2810 2678/492/2800
f 2671/484/2795 2812/508/2811 2944/509/2812 2823/485/438
f 2812/508/2811 2673/479/432 2826/506/2809 2944/509/2812
f 2944/509/2812 2826/506/2809 2678/492/2800 2820/489/2798
f 2823/485/438 2944/509/2812 2820/489/2798 2677/486/439
f 72/455/2769 368/510/2813 2945/511/2814 2705/456/2770
f 173/512/2815 2874/513/2816 2945/511/2814 368/510/2813
f 2697/459/2773 2705/456/2770 2945/511/2814 2874/513/2816
f 147/514/2817 2828/515/2818 444/516/2819 319/517/2820
f 2828/518/2818 2629/81/2549 2723/470/2782 444/519/2819
f 3128/520/2821 3109/469/2781 2628/480/2791 2827/521/2822
f 627/522/2823 3128/523/2821 2827/524/2822 146/525/2824
f 2619/70/2541 2728/73/2544 2946/526/2825 2829/527/2826
f 2728/80/2544 2629/81/2549 2828/518/2818 2946/528/2825
f 2946/526/2825 2828/515/2818 147/514/2817 321/529/2827
f 2829/527/2826 2946/526/2825 321/529/2827 148/530/2828
f 149/531/2829 2830/532/2830 2947/533/2831 323/534/2832
f 2830/532/2830 2668/108/2576 2703/454/2768 2947/533/2831
f 2947/533/2831 2703/454/2768 2619/70/2541 2829/527/2826
f 323/534/2832 2947/533/2831 2829/527/2826 148/530/2828
f 150/535/2833 2831/536/2834 2948/537/2835 325/538/2836
f 2831/536/2834 2618/110/2578 2805/109/2577 2948/537/2835
f 2948/537/2835 2805/109/2577 2668/108/2576 2830/532/2830
f 325/538/2836 2948/537/2835 2830/532/2830 149/531/2829
f 82/150/2606 2721/160/2611 2949/539/2837 326/540/2838
f 2618/159/2578 2831/541/2834 2949/539/2837 2721/160/2611
f 150/542/2833 326/540/2838 2949/539/2837 2831/541/2834
f 2679/543/486 2834/544/2839 2950/545/2840 2845/546/489
f 2834/544/2839 2681/496/449 2844/547/490 2950/545/2840
f 2950/545/2840 2844/547/490 2685/548/491 2842/549/2841
f 2845/546/489 2950/545/2840 2842/549/2841 2683/550/493
f 2675/488/2797 2821/487/2796 2951/551/2842 2838/552/2843
f 2821/487/2796 2677/486/439 2837/491/444 2951/551/2842
f 2951/551/2842 2837/491/444 2681/496/449 2834/544/2839
f 2838/552/2843 2951/551/2842 2834/544/2839 2679/543/486
f 2676/504/2807 2819/503/2806 2952/553/2844 2839/554/2845
f 2819/502/2806 2675/488/2797 2838/552/2843 2952/555/2844
f 2952/555/2844 2838/552/2843 2679/543/486 2832/556/498
f 2839/554/2845 2952/553/2844 2832/557/498 2680/558/499
f 2678/492/2800 2822/507/2810 2953/559/2846 2836/493/2801
f 2822/507/2810 2676/504/2807 2839/554/2845 2953/559/2846
f 2953/559/2846 2839/554/2845 2680/558/499 2835/560/501
f 2836/493/2801 2953/559/2846 2835/560/501 2682/494/447
f 2686/561/502 2843/562/503 2954/563/504 2853/564/505
f 2843/562/503 2684/565/506 2852/566/507 2954/563/504
f 2954/563/504 2852/566/507 2688/567/508 2851/568/509
f 2853/564/505 2954/563/504 2851/568/509 2690/569/510
f 2680/558/499 2832/557/498 2955/570/2847 2846/571/512
f 2832/556/498 2679/543/486 2845/546/489 2955/572/2847
f 2955/572/2847 2845/546/489 2683/550/493 2840/573/2848
f 2846/571/512 2955/570/2847 2840/574/2848 2684/565/506
f 2682/494/447 2835/560/501 2956/575/514 2847/576/515
f 2835/560/501 2680/558/499 2846/571/512 2956/575/514
f 2956/575/514 2846/571/512 2684/565/506 2843/562/503
f 2847/576/515 2956/575/514 2843/562/503 2686/561/502
f 2681/496/449 2833/495/2802 2957/577/516 2844/547/490
f 2833/495/2802 2682/494/447 2847/576/515 2957/577/516
f 2957/577/516 2847/576/515 2686/561/502 2841/578/517
f 2844/547/490 2957/577/516 2841/578/517 2685/548/491
f 2689/579/518 2849/580/519 2958/581/520 2861/582/521
f 2849/580/519 2690/569/510 2860/583/522 2958/581/520
f 2958/581/520 2860/583/522 2694/584/523 2857/585/524
f 2861/582/521 2958/581/520 2857/585/524 2693/586/525
f 2685/548/491 2841/578/517 2959/587/526 2854/588/527
f 2841/578/517 2686/561/502 2853/564/505 2959/587/526
f 2959/587/526 2853/564/505 2690/569/510 2849/580/519
f 2854/588/527 2959/587/526 2849/580/519 2689/579/518
f 2683/550/493 2842/549/2841 2960/589/528 2855/590/529
f 2842/549/2841 2685/548/491 2854/588/527 2960/589/528
f 2960/589/528 2854/588/527 2689/579/518 2850/591/530
f 2855/590/529 2960/589/528 2850/591/530 2687/592/531
f 2684/565/506 2840/574/2848 2961/593/532 2852/566/507
f 2840/573/2848 2683/550/493 2855/590/529 2961/594/532
f 2961/594/532 2855/590/529 2687/592/531 2848/595/533
f 2852/566/507 2961/593/532 2848/596/533 2688/567/508
f 2692/597/534 2856/598/535 2962/599/536 2859/600/537
f 2856/598/535 2691/601/538 2858/602/539 2962/599/536
f 2962/599/536 2858/602/539 2693/603/525 2857/604/524
f 2859/600/537 2962/599/536 2857/604/524 2694/605/523
f 2687/592/531 2850/591/530 2963/606/540 2862/607/541
f 2850/591/530 2689/579/518 2861/582/521 2963/606/540
f 2963/606/540 2861/582/521 2693/586/525 2858/608/539
f 2862/607/541 2963/606/540 2858/608/539 2691/609/538
f 2688/567/508 2848/596/533 2964/610/542 2863/611/543
f 2848/595/533 2687/592/531 2862/607/541 2964/612/542
f 2964/612/542 2862/607/541 2691/609/538 2856/613/535
f 2863/611/543 2964/610/542 2856/614/535 2692/615/534
f 2690/569/510 2851/568/509 2965/616/544 2860/583/522
f 2851/568/509 2688/567/508 2863/611/543 2965/616/544
f 2965/616/544 2863/611/543 2692/615/534 2859/617/537
f 2860/583/522 2965/616/544 2859/617/537 2694/584/523
f 114/355/2726 2770/196/2640 2966/195/2639 254/618/2849
f 2770/196/2640 2915/354/2722 3049/619/2850 3048/197/2641
f 2966/195/2639 3043/620/2851 3040/240/2666 2866/237/2663
f 254/618/2849 2966/195/2639 2866/237/2663 169/236/2662
f 2650/361/329 2771/360/328 2967/621/548 2864/622/549
f 2771/360/328 117/359/327 360/623/550 2967/621/548
f 2967/621/548 360/623/550 168/228/211 2867/225/208
f 2864/622/549 2967/621/548 2867/225/208 2695/224/207
f 2651/624/2852 2772/625/2853 2968/626/2854 2769/627/2855
f 2772/625/2853 2975/628/555 3033/629/556 2968/626/2854
f 2968/626/2854 3033/629/556 3034/210/2654 2868/207/2651
f 2769/627/2855 2968/626/2854 2868/207/2651 2696/206/2650
f 2699/104/2572 2873/460/2774 2969/630/2856 2871/631/2857
f 2873/460/2774 2697/459/2773 2869/632/2858 2969/630/2856
f 2969/630/2856 2869/632/2858 2622/176/2627 2708/633/2859
f 2871/631/2857 2969/630/2856 2708/633/2859 2669/634/2860
f 2697/459/2773 2874/513/2816 2970/635/2861 2869/632/2858
f 173/512/2815 316/636/2862 2970/635/2861 2874/513/2816
f 146/525/2824 2880/637/2863 2970/635/2861 316/636/2862
f 2701/179/2630 2878/177/2628 2970/635/2861 2880/637/2863
f 2622/176/2627 2869/632/2858 2970/635/2861 2878/177/2628
f 3116/120/2583 2875/119/116 2971/638/565 3129/639/2864
f 79/118/115 189/640/567 2971/638/565 2875/119/116
f 618/641/2865 3129/639/2864 2971/638/565 189/640/567
f 2698/97/2565 2876/96/2564 2702/282/2700 2714/642/2866
f 2876/96/2564 2700/95/2563 2711/643/2867 2702/282/2700
f 2702/282/2700 2711/643/2867 2620/285/2703
f 2714/642/2866 2702/282/2700 2985/281/2699 2624/262/2688
f 2700/95/2563 2877/105/2573 2972/644/2868 2711/643/2867
f 2877/105/2573 2699/104/2572 2871/631/2857 2972/644/2868
f 2972/644/2868 2871/631/2857 2669/634/2860 2806/645/2869
f 2711/643/2867 2972/644/2868 2806/645/2869 2620/285/2703
f 2631/78/2547 2879/182/2632 2973/646/2870 2726/473/2785
f 3117/180/2631 3130/647/2871 2973/648/2870 2879/649/2632
f 3110/475/2787 2726/473/2785 2973/646/2870 3130/650/2871
f 2701/179/2630 2880/637/2863 2974/651/2872 2704/652/2873
f 2880/637/2863 146/525/2824 2827/524/2822 2974/651/2872
f 2974/653/2872 2827/521/2822 2628/480/2791 2724/500/2803
f 2704/654/2873 2974/655/2872 2724/497/2803 2630/476/2788
f 2984/656/2874 2982/371/2735 2651/624/2852 2738/657/2875
f 2976/370/2734 2977/369/336 2975/628/555 2772/625/2853
f 2975/628/555 2977/369/336 2768/357/2727 2650/361/329
f 2979/366/2731 2980/365/2730 2633/194/2638 2768/357/2727
f 3021/658/2876 2978/659/2877 2731/186/2634 2988/193/2637
f 2977/369/336 2979/366/2731 2768/357/2727
f 2978/659/2877 2981/660/2878 2632/183/2608 2731/186/2634
f 2632/183/2608 2981/660/2878 2732/362/2605
f 3022/661/2879 2983/363/2728 2895/203/2647 3006/202/2646
f 2983/363/2728 2732/362/2605 2895/203/2647
f 2982/371/2735 2984/656/2874 2733/199/2643 2917/198/2642
f 2984/656/2874 3022/661/2879 3006/202/2646 2733/199/2643
f 2980/365/2730 3021/658/2876 2988/193/2637 2633/194/2638
f 2932/447/2761 3020/449/2763 3002/315/2715 2803/312/285
f 2795/436/2751 3000/435/2750 3020/449/2763 2932/447/2761
f 2797/451/2765 3019/442/2757 3001/326/2717 2664/276/2698
f 2660/439/2754 2999/426/2741 3019/442/2757 2797/451/2765
f 2928/431/2746 3018/433/2748 3000/435/2750 2795/436/2751
f 2748/144/2600 2992/141/2599 3018/433/2748 2928/431/2746
f 2789/438/2753 3017/420/2737 2999/426/2741 2660/439/2754
f 2641/299/2710 2991/294/2707 3017/420/2737 2789/438/2753
f 2785/374/341 3016/414/374 2997/418/359 2657/375/342
f 2653/308/281 2995/393/358 3016/414/374 2785/374/341
f 2923/403/368 3015/405/370 2998/406/367 2782/407/366
f 2774/382/349 2996/381/348 3015/405/370 2923/403/368
f 2784/662/343 3014/397/362 2998/402/367 2659/663/344
f 2657/664/342 2997/394/359 3014/397/362 2784/662/343
f 2777/307/280 3013/389/356 2995/393/358 2653/308/281
f 2645/278/259 2993/334/304 3013/389/356 2777/307/280
f 2919/378/345 3012/380/347 2996/381/348 2774/382/349
f 2756/318/291 2994/317/290 3012/380/347 2919/378/345
f 2759/277/258 3011/329/302 2993/334/304 2645/278/259
f 2664/276/2698 3001/326/2717 3011/329/302 2759/277/258
f 2909/313/286 3010/316/289 2994/317/290 2756/318/291
f 2803/312/285 3002/315/2715 3010/316/289 2909/313/286
f 2754/298/2709 3009/291/2702 2991/294/2707 2641/299/2710
f 2624/262/2688 2985/281/2699 3009/284/2702 2754/296/2709
f 2903/269/2694 3008/271/2695 2990/255/2681 2742/253/2679
f 2717/268/2613 2986/270/2612 3008/271/2695 2903/269/2694
f 3121/251/2677 2900/250/2676 3007/254/2680 3131/258/2684
f 2900/250/2676 2742/253/2679 2990/255/2681 3007/254/2680
f 2981/660/2878 2978/659/2877 3027/665/2880 3030/666/2881
f 3022/661/2879 2984/656/2874 2738/657/2875 3051/667/2882
f 2731/186/2634 2894/185/2633 3005/189/2635 2988/193/2637
f 2894/185/2633 211/188/171 487/190/173 3005/189/2635
f 2716/125/2585 3004/164/2615 2987/166/2617 2627/126/2586
f 2625/124/113 2986/161/2612 3004/164/2615 2716/125/2585
f 2888/143/2592 3003/138/2597 2992/141/2599 2748/144/2600
f 2739/131/2591 2989/134/2594 3003/137/2597 2888/132/2592
f 3025/204/2648 3023/668/2883 3030/666/2881 3027/665/2880
f 3031/205/2649 3025/204/2648 3027/665/2880 3032/669/2884
f 3024/200/2644 3029/368/2733 3028/367/2732 3026/201/2645
f 3024/200/2644 3031/205/2649 3032/669/2884 3029/368/2733
f 2733/199/2643 3006/202/2646 3031/205/2649 3024/200/2644
f 2978/659/2877 3021/658/2876 3032/669/2884 3027/665/2880
f 2732/362/2605 2981/660/2878 3030/666/2881 3023/668/2883
f 2979/366/2731 2917/198/2642 3026/201/2645 3028/367/2732
f 2895/203/2647 2732/362/2605 3023/668/2883 3025/204/2648
f 3021/658/2876 2980/365/2730 3029/368/2733 3032/669/2884
f 3034/210/2654 3033/629/556 2864/622/549 2695/224/207
f 2897/218/201 3035/214/2658 2635/235/218 2766/220/203
f 3036/213/2657 3057/211/2655 3058/227/210 2737/234/217
f 3035/214/2658 3036/213/2657 2737/234/217 2635/235/218
f 3033/629/556 2975/628/555 2650/361/329 2864/622/549
f 3037/670/588 3041/671/2885 2634/217/2661 2767/219/202
f 3041/671/2885 3039/672/2886 2865/216/2660 2634/217/2661
f 3038/673/591 3042/674/592 2648/223/206 2763/336/306
f 2648/223/206 3042/674/592 3037/670/588 2767/219/202
f 537/675/593 3038/673/591 2763/336/306 110/335/305
f 3039/672/2886 3061/676/2887 3059/209/2653 2865/216/2660
f 3040/677/2666 3043/678/2851 2769/627/2855 2696/206/2650
f 3043/620/2851 2966/195/2639 2769/679/2855
f 3046/680/2888 3047/681/2889 3050/682/2729 3051/683/2882
f 3047/681/2889 2626/146/2602 2732/149/2605 3050/682/2729
f 3045/352/2725 3044/351/2724 2738/684/2875 3049/685/2850
f 3049/619/2850 2738/686/2875 2651/687/2852 3048/197/2641
f 3048/197/2641 2651/687/2852 2769/679/2855 2966/195/2639
f 3044/351/2724 3046/680/2888 3051/683/2882 2738/684/2875
f 2983/363/2728 3022/661/2879 3051/667/2882 3050/364/2729
f 2987/166/2617 2720/165/2616 3047/681/2889 3046/680/2888
f 2915/349/2722 2719/127/2587 3045/352/2725 3049/685/2850
f 2627/126/2586 2987/166/2617 3046/680/2888 3044/351/2724
f 2720/165/2616 2626/146/2602 3047/681/2889
f 2765/222/205 2897/218/201 2649/221/204
f 3059/209/2653 3061/676/2887 2696/206/2650
f 3062/226/209 563/229/212 222/231/214 2898/230/213
f 3059/209/2653 3060/208/2652 2896/212/2656 2865/216/2660
f 3061/676/2887 3040/677/2666 2696/206/2650
f 3060/208/2652 3057/211/2655 3036/213/2657 2896/212/2656
f 3058/227/210 3057/211/2655 3034/210/2654 2695/224/207
f 3058/227/210 3062/226/209 2898/230/213 2737/234/217
f 3063/238/2664 3064/241/2667 3054/243/2669 2899/242/2668
f 567/239/2665 3063/238/2664 2899/242/2668 361/246/2672
f 2982/371/2735 2976/370/2734 2772/625/2853 2651/624/2852
f 3037/670/588 3042/674/592 3070/688/597 3065/689/2890
f 3052/343/2720 3053/244/2670 3072/690/2891 3071/691/2892
f 3039/672/2886 3041/671/2885 3069/692/2893 3067/693/2894
f 3053/244/2670 3054/243/2669 3073/694/2895 3072/690/2891
f 3040/677/2666 3061/676/2887 3076/695/2896 3068/696/2897
f 3055/345/315 3056/344/2721 3075/697/2898 3074/698/2899
f 3042/674/592 3038/673/591 3066/699/608 3070/688/597
f 3061/676/2887 3039/672/2886 3067/693/2894 3076/695/2896
f 3038/673/591 537/675/593 569/700/609 3066/699/608
f 3056/344/2721 3052/343/2720 3071/691/2892 3075/697/2898
f 558/346/316 3055/345/315 3074/698/2899 581/701/610
f 3054/243/2669 3064/241/2667 3077/702/2900 3073/694/2895
f 3041/671/2885 3037/670/588 3065/689/2890 3069/692/2893
f 3064/241/2667 3040/240/2666 3068/703/2897 3077/702/2900
f 3068/696/2897 3076/695/2896 3089/704/2901 3081/705/2902
f 3074/698/2899 3075/697/2898 3088/706/2903 3087/707/2904
f 3070/688/597 3066/699/608 3079/708/616 3083/709/2905
f 3075/697/2898 3071/691/2892 3084/710/2906 3088/706/2903
f 3066/699/608 569/700/609 584/711/619 3079/708/616
f 581/701/610 3074/698/2899 3087/707/2904 596/712/620
f 3076/695/2896 3067/693/2894 3080/713/2907 3089/704/2901
f 3077/702/2900 3068/703/2897 3081/714/2902 3090/715/2908
f 3073/694/2895 3077/702/2900 3090/715/2908 3086/716/2909
f 3069/692/2893 3065/689/2890 3078/717/2910 3082/718/2911
f 3065/689/2890 3070/688/597 3083/709/2905 3078/717/2910
f 3071/691/2892 3072/690/2891 3085/719/2912 3084/710/2906
f 3067/693/2894 3069/692/2893 3082/718/2911 3080/713/2907
f 3072/690/2891 3073/694/2895 3086/716/2909 3085/719/2912
f 3089/704/2901 3080/713/2907 3093/720/2913 3097/721/2914
f 3083/709/2905 3079/708/616 3092/722/629 3096/723/630
f 3080/713/2907 3082/718/2911 3095/724/2915 3093/720/2913
f 3082/718/2911 3078/717/2910 3091/725/2916 3095/724/2915
f 3079/708/616 584/711/619 599/726/633 3092/722/629
f 3081/705/2902 3089/704/2901 3097/721/2914 3094/727/2917
f 3078/717/2910 3083/709/2905 3096/723/630 3091/725/2916
f 3090/715/2908 3081/714/2902 3098/728/2918 3104/729/2919
f 3088/706/2903 3084/710/2906 3099/730/2920 3103/731/2921
f 3085/719/2912 3086/716/2909 3101/732/2922 3100/733/2923
f 3081/705/2902 3094/727/2917 3105/734/2924 3098/735/2918
f 596/712/620 3087/707/2904 3102/736/2925 613/737/643
f 3086/716/2909 3090/715/2908 3104/729/2919 3101/732/2922
f 3087/707/2904 3088/706/2903 3103/731/2921 3102/736/2925
f 3084/710/2906 3085/719/2912 3100/733/2923 3099/730/2920
f 2739/131/2591 3121/251/2677 3131/258/2684 2989/134/2594
f 2630/476/2788 3110/475/2787 3130/650/2871 2704/654/2873
f 2701/179/2630 2704/652/2873 3130/647/2871 3117/180/2631
f 78/99/2567 2870/98/2566 3129/639/2864 618/641/2865
f 2698/97/2565 3116/120/2583 3129/639/2864 2870/98/2566
f 319/517/2926 444/516/2819 3128/523/2821 627/522/2823
f 444/519/2819 2723/470/2782 3109/469/2781 3128/520/2821
f 2939/474/2786 3127/478/2790 3115/468/421 2814/467/420
f 2726/473/2785 3110/475/2787 3127/478/2790 2939/474/2786
f 2817/481/2792 3126/472/2784 3114/463/2777 2671/484/2795
f 2628/480/2791 3109/469/2781 3126/472/2784 2817/481/2792
f 2812/508/2811 3125/466/2780 3115/468/421 2673/479/432
f 2671/484/2795 3114/463/2777 3125/466/2780 2812/508/2811
f 2708/633/2859 3124/462/2776 3113/82/2550 2669/634/2860
f 2622/176/2627 3106/175/2626 3124/462/2776 2708/633/2859
f 2743/301/2712 3123/266/2692 3111/248/2674 2636/130/2590
f 2620/285/2703 3107/90/2558 3123/266/2692 2743/301/2712
f 2901/260/2686 3122/264/2690 3112/259/2685 2741/257/2683
f 2713/113/2580 3108/112/109 3122/264/2690 2901/260/2686
f 2989/134/2594 3131/258/2684 3112/259/2685 2638/135/2595
f 2636/130/2590 3111/248/2674 3121/251/2677 2739/131/2591
f 2893/174/2625 3120/178/2629 3117/180/2631 2879/649/2632
f 2707/173/2624 3106/175/2626 3120/178/2629 2893/174/2625
f 2714/642/2866 3119/115/2581 3116/120/2583 2698/97/2565
f 2624/262/2688 3108/112/109 3119/115/2581 2714/642/2866
f 2806/645/2869 3118/85/2553 3107/90/2558 2620/285/2703
f 2669/634/2860 3113/82/2550 3118/85/2553 2806/645/2869
f 3140/738/2927 3136/741/2928 3137/740/2929 3139/739/2930
f 3139/739/2930 3137/740/2929 3138/743/2931 3142/742/2932
f 3144/744/2933 3140/738/2927 3139/739/2930 3143/745/2934
f 3143/745/2934 3139/739/2930 3141/747/2935 3145/746/2936
f 3139/739/2930 3142/742/2932 3141/747/2935
f 3147/748/2937 3144/744/2933 3143/745/2934 3146/749/2938
f 3146/749/2938 3143/745/2934 3145/746/2936 3148/750/2939
f 3152/751/2940 3147/748/2937 3146/749/2938 3149/752/2941
f 3149/752/2941 3146/749/2938 3148/750/2939 3151/753/2942
f 3152/751/2940 3149/752/2941 3150/755/2943 3153/754/2944
f 3149/752/2941 3151/753/2942 3326/756/2945 3150/755/2943
f 3154/757/2946 3152/751/2940 3153/754/2944 3157/758/2947
f 3154/757/2946 3156/759/2948 3147/748/2937 3152/751/2940
f 3158/760/2949 3155/761/2950 3154/757/2946 3157/758/2947
f 3155/761/2950 3337/762/2951 3156/759/2948 3154/757/2946
f 3153/754/2944 3160/764/2952 3159/763/2953 3157/758/2947
f 3159/763/2953 3161/765/2954 3158/760/2949 3157/758/2947
f 3160/764/2952 3164/767/2955 3162/766/2956 3159/763/2953
f 3159/763/2953 3162/766/2956 3163/768/2957 3161/765/2954
f 3162/766/2956 3165/770/2958 3167/769/2959 3163/768/2957
f 3164/767/2955 3168/771/2960 3165/770/2958 3162/766/2956
f 3168/771/2960 3169/773/2961 3166/772/2962 3165/770/2958
f 3188/774/2963 3167/769/2959 3165/770/2958 3166/772/2962
f 3170/775/2964 3171/776/2965 3169/773/2961 3168/771/2960
f 3172/777/2966 3170/775/2964 3168/771/2960 3164/767/2955
f 3173/778/2967 3175/779/2968 3171/776/2965 3170/775/2964
f 3174/780/2969 3173/778/2967 3170/775/2964 3172/777/2966
f 3178/781/2970 3176/784/2971 3173/783/2967 3174/782/2969
f 3176/784/2971 3177/786/2972 3175/785/2968 3173/783/2967
f 3179/787/2973 3180/788/2974 3177/786/2972 3176/784/2971
f 3181/789/2975 3179/787/2973 3176/784/2971 3178/781/2970
f 3179/787/2973 3182/791/2976 3183/790/2977 3180/788/2974
f 3184/792/2978 3182/791/2976 3179/787/2973 3181/789/2975
f 3185/793/2979 3187/794/2980 3183/790/2977 3182/791/2976
f 3186/795/2981 3185/793/2979 3182/791/2976 3184/792/2978
f 3167/769/2959 3188/774/2963 3187/794/2980 3185/793/2979
f 3163/768/2957 3167/769/2959 3185/793/2979 3186/795/2981
f 3187/794/2980 3189/797/2982 3190/796/2983 3183/790/2977
f 3188/774/2963 3191/798/2984 3189/797/2982 3187/794/2980
f 3190/796/2983 3189/797/2982 3192/800/2985 3193/799/2986
f 3191/798/2984 3194/801/2987 3192/800/2985 3189/797/2982
f 3193/799/2986 3192/800/2985 3195/803/2988 3198/802/2989
f 3194/801/2987 3197/804/2990 3195/803/2988 3192/800/2985
f 3198/802/2989 3195/803/2988 3196/806/2991 3200/805/2992
f 3197/804/2990 3196/806/2991 3195/803/2988
f 3193/799/2986 3198/802/2989 3199/808/2993 3309/807/2994
f 3198/802/2989 3200/805/2992 3201/809/2995 3199/808/2993
f 3204/810/2996 3202/813/2997 3200/812/2992 3196/811/2991
f 3200/812/2992 3202/813/2997 3205/815/2998 3201/814/2995
f 3295/816/2999 3203/817/3000 3202/813/2997 3204/810/2996
f 3202/813/2997 3203/817/3000 3207/818/3001 3205/815/2998
f 3201/814/2995 3205/815/2998 3206/820/3002 3315/819/3003
f 3205/815/2998 3207/818/3001 3210/821/3004 3206/820/3002
f 3208/822/3005 3207/825/3001 3209/824/3006 3230/823/3007
f 3208/826/3005 3214/829/3008 3211/828/3009 3207/827/3001
f 3207/825/3001 3203/831/3000 3231/830/3010 3209/824/3006
f 3210/832/3004 3207/827/3001 3211/828/3009 3212/833/3011
f 3361/834/3012 3213/837/3013 3316/836/3014 3360/835/3015
f 3362/838/3016 3215/839/3017 3213/837/3013 3361/834/3012
f 3208/840/3005 3218/843/3018 3216/842/3019 3214/841/3008
f 3363/844/3020 3217/847/3021 3215/846/3017 3362/845/3016
f 3218/848/3018 3210/832/3004 3212/833/3011 3216/849/3019
f 3360/835/3015 3316/836/3014 3217/851/3021 3363/850/3020
f 3208/852/3005 3221/855/3022 3219/854/3023 3218/853/3018
f 3206/820/3002 3210/821/3004 3218/857/3018 3219/856/3023
f 3221/855/3022 3222/859/3024 3220/858/3025 3219/854/3023
f 3315/819/3003 3206/820/3002 3219/856/3023 3220/860/3025
f 3221/855/3022 3208/852/3005 3226/862/3026 3223/861/3027
f 3222/859/3024 3221/855/3022 3223/861/3027 3225/863/3028
f 3226/862/3026 3227/865/3029 3224/864/3030 3223/861/3027
f 3223/861/3027 3224/864/3030 3298/866/3031 3225/863/3028
f 3226/867/3026 3208/870/3005 3230/869/3007 3229/868/3032
f 3203/831/3000 3226/872/3026 3229/871/3032 3231/830/3010
f 3203/873/3000 3256/876/3033 3228/875/3034 3226/874/3026
f 3226/862/3026 3228/878/3034 3257/877/3035 3227/865/3029
f 3230/869/3007 3235/880/3036 3232/879/3037 3229/868/3032
f 3229/871/3032 3232/882/3037 3233/881/3038 3231/830/3010
f 3233/881/3038 3232/882/3037 3234/884/3039 3240/883/3040
f 3232/879/3037 3235/880/3036 3236/886/3041 3234/885/3039
f 3209/824/3006 3237/888/3042 3235/887/3036 3230/823/3007
f 3235/887/3036 3237/888/3042 3238/890/3043 3236/889/3041
f 3231/830/3010 3233/881/3038 3237/888/3042 3209/824/3006
f 3237/888/3042 3233/881/3038 3240/883/3040 3238/890/3043
f 3238/890/3043 3239/892/3044 3245/891/3045 3236/889/3041
f 3240/883/3040 3241/893/3046 3239/892/3044 3238/890/3043
f 3234/884/3039 3243/894/3047 3241/893/3046 3240/883/3040
f 3239/892/3044 3241/893/3046 3242/896/3048 3248/895/3049
f 3241/893/3046 3243/894/3047 3244/897/3050 3242/896/3048
f 3236/886/3041 3245/899/3045 3243/898/3047 3234/885/3039
f 3243/898/3047 3245/899/3045 3246/901/3051 3244/900/3050
f 3245/891/3045 3239/892/3044 3248/895/3049 3246/902/3051
f 3246/901/3051 3247/904/3052 3253/903/3053 3244/900/3050
f 3248/895/3049 3249/906/3054 3247/905/3052 3246/902/3051
f 3242/896/3048 3251/907/3055 3249/906/3054 3248/895/3049
f 3367/908/3056 3364/911/3057 3250/910/3058 3255/909/3059
f 3364/911/3057 3365/913/3060 3252/912/3061 3250/910/3058
f 3244/897/3050 3253/914/3053 3251/907/3055 3242/896/3048
f 3368/915/3062 3251/907/3055 3253/914/3053 3369/916/3063
f 3366/917/3064 3367/920/3056 3255/919/3059 3254/918/3065
f 3250/910/3058 3252/912/3061 3254/921/3065 3255/909/3059
f 3256/876/3033 3261/923/3066 3258/922/3067 3228/875/3034
f 3228/924/3034 3258/927/3067 3259/926/3068 3257/925/3035
f 3378/928/3069 3260/931/3070 3272/930/3071 3383/929/3072
f 3378/932/3069 3379/935/3073 3262/934/3074 3260/933/3070
f 3264/936/3075 3263/937/3076 3261/923/3066 3256/876/3033
f 3380/938/3077 3265/939/3078 3262/934/3074 3379/935/3073
f 3267/940/3079 3266/941/3080 3263/937/3076 3264/936/3075
f 3381/942/3081 3268/943/3082 3265/939/3078 3380/938/3077
f 3270/944/3083 3269/947/3084 3266/946/3080 3267/945/3079
f 3381/948/3081 3382/951/3085 3271/950/3086 3268/949/3082
f 3257/925/3035 3259/926/3068 3269/953/3084 3270/952/3083
f 3383/929/3072 3272/930/3071 3271/955/3086 3382/954/3085
f 3373/956/3087 3276/959/3088 3273/958/3089 3372/957/3090
f 3372/960/3090 3273/963/3089 3274/962/3091 3377/961/3092
f 3274/962/3091 3273/963/3089 3275/965/3093 3285/964/3094
f 3276/959/3088 3277/967/3095 3275/966/3093 3273/958/3089
f 3374/968/3096 3278/969/3097 3276/959/3088 3373/956/3087
f 3278/969/3097 3279/970/3098 3277/967/3095 3276/959/3088
f 3375/971/3099 3280/974/3100 3278/973/3097 3374/972/3096
f 3278/973/3097 3280/974/3100 3281/976/3101 3279/975/3098
f 3376/977/3102 3282/978/3103 3280/974/3100 3375/971/3099
f 3282/978/3103 3283/979/3104 3281/976/3101 3280/974/3100
f 3377/980/3092 3274/981/3091 3282/978/3103 3376/977/3102
f 3274/981/3091 3285/982/3094 3283/979/3104 3282/978/3103
f 3283/979/3104 3284/984/3105 3290/983/3106 3281/976/3101
f 3285/982/3094 3286/985/3107 3284/984/3105 3283/979/3104
f 3275/965/3093 3287/987/3108 3286/986/3107 3285/964/3094
f 3286/986/3107 3287/987/3108 3288/989/3109 3284/988/3105
f 3277/967/3095 3288/991/3109 3287/990/3108 3275/966/3093
f 3279/970/3098 3289/992/3110 3288/991/3109 3277/967/3095
f 3288/989/3109 3289/993/3110 3290/983/3106 3284/988/3105
f 3281/976/3101 3290/983/3106 3289/993/3110 3279/975/3098
f 3293/994/3111 3291/995/3112 3270/944/3083 3267/945/3079
f 3227/865/3029 3257/877/3035 3270/997/3083 3291/996/3112
f 3227/865/3029 3291/996/3112 3292/998/3113 3224/864/3030
f 3292/999/3113 3291/1002/3112 3293/1001/3111 3294/1000/3114
f 3293/1003/3111 3267/940/3079 3264/936/3075 3295/1004/2999
f 3293/1001/3111 3295/816/2999 3204/810/2996 3294/1000/3114
f 3295/1004/2999 3264/936/3075 3256/876/3033 3203/873/3000
f 3296/1005/3115 3292/999/3113 3294/1000/3114 3196/811/2991
f 3294/1000/3114 3204/810/2996 3196/811/2991
f 3224/864/3030 3292/998/3113 3296/1006/3115 3298/866/3031
f 3296/1007/3115 3196/806/2991 3197/804/2990 3297/1008/3116
f 3299/1009/3117 3298/1010/3031 3296/1007/3115 3297/1008/3116
f 3301/1011/3118 3225/1012/3028 3298/1010/3031 3299/1009/3117
f 3300/1013/3119 3299/1009/3117 3297/1008/3116 3314/1014/3120
f 3300/1013/3119 3302/1015/3121 3301/1011/3118 3299/1009/3117
f 3302/1015/3121 3305/1017/3122 3303/1016/3123 3301/1011/3118
f 3303/1016/3123 3222/1018/3024 3225/1012/3028 3301/1011/3118
f 3304/1019/3124 3222/1021/3024 3303/1020/3123
f 3307/1022/3125 3304/1019/3124 3303/1020/3123 3305/1023/3122
f 3308/1024/3126 3307/1022/3125 3305/1023/3122 3306/1025/3127
f 3306/1026/3127 3305/1017/3122 3302/1015/3121 3311/1027/3128
f 3309/807/2994 3199/808/2993 3304/1019/3124 3307/1022/3125
f 3310/1028/3129 3309/807/2994 3307/1022/3125 3308/1024/3126
f 3310/1028/3129 3190/796/2983 3193/799/2986 3309/807/2994
f 3183/790/2977 3190/796/2983 3310/1028/3129 3180/788/2974
f 3180/788/2974 3310/1028/3129 3308/1024/3126 3177/786/2972
f 3177/786/2972 3308/1024/3126 3306/1025/3127 3175/785/2968
f 3175/779/2968 3306/1026/3127 3311/1027/3128 3171/776/2965
f 3311/1027/3128 3302/1015/3121 3300/1013/3119 3312/1029/3130
f 3171/776/2965 3311/1027/3128 3312/1029/3130 3169/773/2961
f 3169/773/2961 3312/1029/3130 3313/1030/3131 3166/772/2962
f 3312/1029/3130 3300/1013/3119 3314/1014/3120 3313/1030/3131
f 3313/1030/3131 3191/798/2984 3188/774/2963 3166/772/2962
f 3194/801/2987 3191/798/2984 3313/1030/3131 3314/1014/3120
f 3297/1008/3116 3197/804/2990 3194/801/2987 3314/1014/3120
f 3199/808/2993 3201/809/2995 3222/1021/3024 3304/1019/3124
f 3220/860/3025 3222/1031/3024 3201/814/2995 3315/819/3003
f 3316/836/3014 3213/837/3013 3215/839/3017 3217/851/3021
f 3161/765/2954 3163/768/2957 3186/795/2981 3317/1032/3132
f 3317/1032/3132 3186/795/2981 3184/792/2978 3319/1033/3133
f 3318/1034/3134 3317/1032/3132 3319/1033/3133 3320/1035/3135
f 3158/760/2949 3161/765/2954 3317/1032/3132 3318/1034/3134
f 3319/1033/3133 3184/792/2978 3181/789/2975 3321/1036/3136
f 3320/1035/3135 3319/1033/3133 3321/1036/3136 3322/1037/3137
f 3321/1036/3136 3181/789/2975 3178/781/2970 3323/1038/3138
f 3322/1037/3137 3321/1036/3136 3323/1038/3138 3324/1039/3139
f 3323/1038/3138 3178/781/2970 3174/782/2969 3325/1040/3140
f 3324/1039/3139 3323/1038/3138 3325/1040/3140 3326/1041/2945
f 3325/1042/3140 3174/780/2969 3172/777/2966 3327/1043/3141
f 3326/756/2945 3325/1042/3140 3327/1043/3141 3150/755/2943
f 3327/1043/3141 3172/777/2966 3164/767/2955 3160/764/2952
f 3150/755/2943 3327/1043/3141 3160/764/2952 3153/754/2944
f 3328/1044/3142 3324/1039/3139 3326/1041/2945 3151/1045/2942
f 3330/1046/3143 3322/1037/3137 3324/1039/3139 3328/1044/3142
f 3151/1045/2942 3148/1048/2939 3329/1047/3144 3328/1044/3142
f 3328/1044/3142 3329/1047/3144 3331/1049/3145 3330/1046/3143
f 3332/1050/3146 3320/1035/3135 3322/1037/3137 3330/1046/3143
f 3333/1051/3147 3332/1050/3146 3330/1046/3143 3331/1049/3145
f 3334/1052/3148 3318/1034/3134 3320/1035/3135 3332/1050/3146
f 3335/1053/3149 3334/1052/3148 3332/1050/3146 3333/1051/3147
f 3334/1052/3148 3155/761/2950 3158/760/2949 3318/1034/3134
f 3334/1052/3148 3335/1053/3149 3337/762/2951 3155/761/2950
f 3336/1054/3150 3335/1053/3149 3333/1051/3147 3346/1055/3151
f 3335/1053/3149 3336/1054/3150 3338/1056/3152 3337/762/2951
f 3337/762/2951 3338/1056/3152 3340/1057/3153 3156/759/2948
f 3341/1058/3154 3340/1057/3153 3338/1056/3152 3339/1059/3155
f 3336/1054/3150 3344/1060/3156 3339/1059/3155 3338/1056/3152
f 3156/759/2948 3340/1057/3153 3144/744/2933 3147/748/2937
f 3140/738/2927 3144/744/2933 3340/1057/3153 3341/1058/3154
f 3136/741/2928 3140/738/2927 3341/1058/3154 3342/1061/3157
f 3135/1062/3158 3342/1061/3157 3341/1058/3154 3339/1059/3155
f 3344/1060/3156 3343/1063/3159 3135/1062/3158 3339/1059/3155
f 3345/1064/3160 3134/1065/3161 3343/1063/3159 3344/1060/3156
f 3346/1055/3151 3345/1064/3160 3344/1060/3156 3336/1054/3150
f 3346/1055/3151 3348/1067/3162 3347/1066/3163 3345/1064/3160
f 3347/1066/3163 3133/1068/3164 3134/1065/3161 3345/1064/3160
f 3351/1069/3165 3349/1070/3166 3347/1066/3163 3348/1067/3162
f 3349/1070/3166 3132/1071/3167 3133/1068/3164 3347/1066/3163
f 3141/1072/2935 3350/1073/3168 3132/1071/3167 3349/1070/3166
f 3142/742/2932 3138/743/2931 3350/1074/3168 3141/747/2935
f 3145/1075/2936 3141/1072/2935 3349/1070/3166 3351/1069/3165
f 3148/1048/2939 3145/1075/2936 3351/1069/3165 3329/1047/3144
f 3329/1047/3144 3351/1069/3165 3348/1067/3162 3331/1049/3145
f 3346/1055/3151 3333/1051/3147 3331/1049/3145 3348/1067/3162
f 3359/1076/3169 3355/1079/3170 3354/1078/3171 3358/1077/3172
f 3358/1080/3172 3354/1083/3171 3353/1082/3173 3357/1081/3174
f 3357/1084/3174 3353/1087/3173 3352/1086/3175 3356/1085/3176
f 3356/1085/3176 3352/1086/3175 3355/1079/3170 3359/1076/3169
f 3211/828/3009 3356/1085/3176 3359/1076/3169 3212/833/3011
f 3214/829/3008 3357/1084/3174 3356/1085/3176 3211/828/3009
f 3216/842/3019 3358/1080/3172 3357/1081/3174 3214/841/3008
f 3212/833/3011 3359/1076/3169 3358/1077/3172 3216/849/3019
f 3355/1079/3170 3360/835/3015 3363/850/3020 3354/1078/3171
f 3354/1083/3171 3363/844/3020 3362/845/3016 3353/1082/3173
f 3353/1087/3173 3362/838/3016 3361/834/3012 3352/1086/3175
f 3352/1086/3175 3361/834/3012 3360/835/3015 3355/1079/3170
f 3369/1088/3063 3371/1089/3177 3367/920/3056 3366/917/3064
f 3252/912/3061 3365/913/3060 3366/1090/3064 3254/921/3065
f 3370/1091/3178 3368/915/3062 3365/913/3060 3364/911/3057
f 3371/1092/3177 3370/1091/3178 3364/911/3057 3367/908/3056
f 3247/905/3052 3249/906/3054 3370/1091/3178 3371/1092/3177
f 3249/906/3054 3251/907/3055 3368/915/3062 3370/1091/3178
f 3253/903/3053 3247/904/3052 3371/1089/3177 3369/1088/3063
f 3365/913/3060 3368/915/3062 3369/916/3063 3366/1090/3064
f 3268/943/3082 3377/980/3092 3376/977/3102 3265/939/3078
f 3265/939/3078 3376/977/3102 3375/971/3099 3262/934/3074
f 3262/934/3074 3375/971/3099 3374/972/3096 3260/933/3070
f 3260/931/3070 3374/968/3096 3373/956/3087 3272/930/3071
f 3271/950/3086 3372/960/3090 3377/961/3092 3268/949/3082
f 3272/930/3071 3373/956/3087 3372/957/3090 3271/955/3086
f 3259/926/3068 3383/929/3072 3382/954/3085 3269/953/3084
f 3266/946/3080 3269/947/3084 3382/951/3085 3381/948/3081
f 3266/941/3080 3381/942/3081 3380/938/3077 3263/937/3076
f 3263/937/3076 3380/938/3077 3379/935/3073 3261/923/3066
f 3258/922/3067 3261/923/3066 3379/935/3073 3378/932/3069
f 3258/927/3067 3378/928/3069 3383/929/3072 3259/926/3068
s 0
f 1426/1093/1480 1412/1095/1480 3390/1094/1480
f 1411/1096/1481 1414/1098/1481 3384/1097/1481
f 1416/1099/1482 1411/1096/1482 3384/1097/1482 3385/1100/1482
f 3384/1097/1483 1414/1098/1483 1410/1101/1483
f 1418/1102/1484 1416/1099/1484 3385/1100/1484 3386/1103/1484
f 1410/1101/1485 1415/1104/1485 3385/1100/1485 3384/1097/1485
f 1424/1105/1486 1418/1102/1486 3386/1103/1486 3390/1094/1486
f 1415/1104/1487 1420/1106/1487 3386/1103/1487 3385/1100/1487
f 1426/1107/1472 3391/1109/1472 1412/1108/1472
f 1411/1110/1473 3387/1112/1473 1414/1111/1473
f 1416/1113/1474 3388/1114/1474 3387/1112/1474 1411/1110/1474
f 3387/1112/1475 1410/1115/1475 1414/1111/1475
f 1418/1116/1476 3389/1117/1476 3388/1114/1476 1416/1113/1476
f 1410/1115/1477 3387/1112/1477 3388/1114/1477 1415/1118/1477
f 1424/1119/1478 3391/1109/1478 3389/1117/1478 1418/1116/1478
f 1415/1118/1479 3388/1114/1479 3389/1117/1479 1420/1120/1479
f 1412/1108/1490 3391/1109/1490 1424/1119/1490
f 1420/1120/1491 3389/1117/1491 3391/1109/1491 1426/1107/1491
f 1412/1095/1488 1424/1105/1488 3390/1094/1488
f 1420/1106/1489 1426/1093/1489 3390/1094/1489 3386/1103/1489
s 1
f 3392/1121/3179 3395/1124/1496 3399/1123/3180 3396/1122/1493
f 3393/1125/1495 3392/1121/3179 3396/1122/1493 3397/1126/3181
f 3394/1127/1498 3393/1125/1495 3397/1126/3181 3398/1128/3182
f 3395/1124/1496 3394/1130/1498 3398/1129/3182 3399/1123/3180
f 3396/1122/1493 3399/1123/3180 3403/1132/3183 3400/1131/3184
f 3397/1126/3181 3396/1122/1493 3400/1131/3184 3401/1133/3185
f 3398/1128/3182 3397/1126/3181 3401/1133/3185 3402/1134/3186
f 3399/1123/3180 3398/1129/3182 3402/1135/3186 3403/1132/3183
f 3400/1131/3184 3403/1132/3183 3407/1137/3187 3404/1136/3188
f 3401/1133/3185 3400/1131/3184 3404/1136/3188 3405/1138/3189
f 3402/1134/3186 3401/1133/3185 3405/1138/3189 3406/1139/3190
f 3403/1132/3183 3402/1135/3186 3406/1140/3190 3407/1137/3187
f 3404/1136/3188 3407/1137/3187 3411/1142/3191 3408/1141/3192
f 3405/1138/3189 3404/1136/3188 3408/1141/3192 3409/1143/3193
f 3406/1139/3190 3405/1138/3189 3409/1143/3193 3410/1144/3194
f 3407/1137/3187 3406/1140/3190 3410/1145/3194 3411/1142/3191
f 3408/1141/3192 3411/1142/3191 3415/1147/3195 3412/1146/3196
f 3409/1143/3193 3408/1141/3192 3412/1146/3196 3413/1148/3197
f 3410/1144/3194 3409/1143/3193 3413/1148/3197 3414/1149/3198
f 3411/1142/3191 3410/1145/3194 3414/1150/3198 3415/1147/3195
f 3412/1146/3196 3415/1147/3195 3419/1152/3199 3416/1151/3200
f 3413/1148/3197 3412/1146/3196 3416/1151/3200 3417/1153/3201
f 3414/1149/3198 3413/1148/3197 3417/1153/3201 3418/1154/3202
f 3415/1147/3195 3414/1150/3198 3418/1155/3202 3419/1152/3199
f 3416/1151/3200 3419/1152/3199 3423/1157/3203 3420/1156/3204
f 3417/1153/3201 3416/1151/3200 3420/1156/3204 3421/1158/3205
f 3418/1154/3202 3417/1153/3201 3421/1158/3205 3422/1159/3206
f 3419/1152/3199 3418/1155/3202 3422/1160/3206 3423/1157/3203
f 3420/1156/3204 3423/1157/3203 3427/1162/3207 3424/1161/3208
f 3421/1158/3205 3420/1156/3204 3424/1161/3208 3425/1163/3209
f 3422/1159/3206 3421/1158/3205 3425/1163/3209 3426/1164/3210
f 3423/1157/3203 3422/1160/3206 3426/1165/3210 3427/1162/3207
f 3424/1161/3208 3427/1162/3207 3431/1167/3211 3428/1166/3212
f 3425/1163/3209 3424/1161/3208 3428/1166/3212 3429/1168/3213
f 3426/1164/3210 3425/1163/3209 3429/1168/3213 3430/1169/3214
f 3427/1162/3207 3426/1165/3210 3430/1170/3214 3431/1167/3211
f 3428/1166/3212 3431/1167/3211 3435/1172/3215 3432/1171/3216
f 3429/1168/3213 3428/1166/3212 3432/1171/3216 3433/1173/3217
f 3430/1169/3214 3429/1168/3213 3433/1173/3217 3434/1174/3218
f 3431/1167/3211 3430/1170/3214 3434/1175/3218 3435/1172/3215
f 3432/1171/3216 3435/1172/3215 3439/1177/3219 3436/1176/3220
f 3433/1173/3217 3432/1171/3216 3436/1176/3220 3437/1178/3221
f 3434/1174/3218 3433/1173/3217 3437/1178/3221 3438/1179/3222
f 3435/1172/3215 3434/1175/3218 3438/1180/3222 3439/1177/3219
f 3436/1176/3220 3439/1177/3219 3443/1182/3223 3440/1181/3224
f 3437/1178/3221 3436/1176/3220 3440/1181/3224 3441/1183/3225
f 3438/1179/3222 3437/1178/3221 3441/1183/3225 3442/1184/3226
f 3439/1177/3219 3438/1180/3222 3442/1185/3226 3443/1182/3223
f 3440/1181/3224 3443/1182/3223 3447/1187/3227 3444/1186/3228
f 3441/1183/3225 3440/1181/3224 3444/1186/3228 3445/1188/3229
f 3442/1184/3226 3441/1183/3225 3445/1188/3229 3446/1189/3230
f 3443/1182/3223 3442/1185/3226 3446/1190/3230 3447/1187/3227
f 3444/1186/3228 3447/1187/3227 3451/1192/3231 3448/1191/3232
f 3445/1188/3229 3444/1186/3228 3448/1191/3232 3449/1193/3233
f 3446/1189/3230 3445/1188/3229 3449/1193/3233 3450/1194/3234
f 3447/1187/3227 3446/1190/3230 3450/1195/3234 3451/1192/3231
f 3448/1191/3232 3451/1192/3231 3455/1197/3235 3452/1196/3236
f 3449/1193/3233 3448/1191/3232 3452/1196/3236 3453/1198/3237
f 3450/1194/3234 3449/1193/3233 3453/1198/3237 3454/1199/3238
f 3451/1192/3231 3450/1195/3234 3454/1200/3238 3455/1197/3235
f 3452/1196/3236 3455/1197/3235 3459/1202/3239 3456/1201/3240
f 3453/1198/3237 3452/1196/3236 3456/1201/3240 3457/1203/3241
f 3454/1199/3238 3453/1198/3237 3457/1203/3241 3458/1204/3242
f 3455/1197/3235 3454/1200/3238 3458/1205/3242 3459/1202/3239
f 3456/1201/3240 3459/1202/3239 3463/1207/3243 3460/1206/3244
f 3457/1203/3241 3456/1201/3240 3460/1206/3244 3461/1208/3245
f 3458/1204/3242 3457/1203/3241 3461/1208/3245 3462/1209/3246
f 3459/1202/3239 3458/1205/3242 3462/1210/3246 3463/1207/3243
f 3460/1206/3244 3463/1207/3243 3465/1212/3247 1500/1211/3248
f 3461/1208/3245 3460/1206/3244 1500/1211/3248 3464/1213/3249
f 3462/1209/3246 3461/1208/3245 3464/1213/3249 1502/1214/3250
f 3463/1207/3243 3462/1210/3246 1502/1215/3250 3465/1212/3247
f 1500/1211/3248 3465/1212/3247 3467/1217/3251 1504/1216/3252
f 3464/1213/3249 1500/1211/3248 1504/1216/3252 3466/1218/3253
f 1502/1214/3250 3464/1213/3249 3466/1218/3253 1506/1219/3254
f 3465/1212/3247 1502/1215/3250 1506/1220/3254 3467/1217/3251
f 1504/1216/3252 3467/1217/3251 3471/1222/3255 3468/1221/3256
f 3466/1218/3253 1504/1216/3252 3468/1221/3256 3469/1223/3257
f 1506/1219/3254 3466/1218/3253 3469/1223/3257 3470/1224/3258
f 3467/1217/3251 1506/1220/3254 3470/1225/3258 3471/1222/3255
f 3468/1221/3256 3471/1222/3255 3475/1227/3259 3472/1226/3260
f 3469/1223/3257 3468/1221/3256 3472/1226/3260 3473/1228/3261
f 3470/1224/3258 3469/1223/3257 3473/1228/3261 3474/1229/3262
f 3471/1222/3255 3470/1225/3258 3474/1230/3262 3475/1227/3259
f 3472/1226/3260 3475/1227/3259 3479/1232/3263 3476/1231/3264
f 3473/1228/3261 3472/1226/3260 3476/1231/3264 3477/1233/3265
f 3474/1229/3262 3473/1228/3261 3477/1233/3265 3478/1234/3266
f 3475/1227/3259 3474/1230/3262 3478/1235/3266 3479/1232/3263
f 3476/1231/3264 3479/1232/3263 3483/1237/3267 3480/1236/3268
f 3477/1233/3265 3476/1231/3264 3480/1236/3268 3481/1238/3269
f 3478/1234/3266 3477/1233/3265 3481/1238/3269 3482/1239/3270
f 3479/1232/3263 3478/1235/3266 3482/1240/3270 3483/1237/3267
f 3480/1236/3268 3483/1237/3267 3487/1242/3271 3484/1241/3272
f 3481/1238/3269 3480/1236/3268 3484/1241/3272 3485/1243/3273
f 3482/1239/3270 3481/1238/3269 3485/1243/3273 3486/1244/3274
f 3483/1237/3267 3482/1240/3270 3486/1245/3274 3487/1242/3271
f 3493/1246/3275 3488/1249/3276 3525/1248/3277 3529/1247/3278
f 3527/1250/3279 3509/1253/3280 3510/1252/3281 3531/1251/3282
f 3491/1254/3283 3526/1257/3284 3530/1256/3285 3496/1255/3286
f 3525/1248/3277 3504/1259/3287 3505/1258/3288 3529/1247/3278
f 3497/1260/3289 3492/1263/3290 3524/1262/3291 3528/1261/3292
f 3526/1257/3284 3517/1265/3293 3518/1264/3294 3530/1256/3285
f 3498/1266/3295 3532/1269/3296 3533/1268/3297 3499/1267/3298
f 3524/1262/3291 3513/1271/3299 3514/1270/3300 3528/1261/3292
f 3500/1272/3301 3534/1275/3302 3535/1274/3303 3501/1273/3304
f 3532/1269/3296 3507/1277/3305 3508/1276/3306 3533/1268/3297
f 3502/1278/3307 3536/1281/3308 3537/1280/3309 3503/1279/3310
f 3534/1275/3302 3511/1283/3311 3512/1282/3312 3535/1274/3303
f 3504/1259/3287 3538/1285/3313 3539/1284/3314 3505/1258/3288
f 3536/1281/3308 3515/1287/3315 3516/1286/3316 3537/1280/3309
f 3491/1254/3283 3496/1255/3286 3541/1289/3317 3540/1288/3318
f 3507/1277/3305 3542/1291/3319 3543/1290/3320 3508/1276/3306
f 3506/1292/3321 3540/1288/3318 3541/1289/3317
f 3509/1253/3280 3544/1294/3322 3545/1293/3323 3510/1252/3281
f 3542/1291/3319 3488/1296/3276 3493/1295/3275 3543/1290/3320
f 3511/1283/3311 3546/1298/3324 3547/1297/3325 3512/1282/3312
f 3544/1294/3322 3498/1266/3295 3499/1267/3298 3545/1293/3323
f 3513/1271/3299 3548/1300/3326 3549/1299/3327 3514/1270/3300
f 3546/1301/3324 3490/1304/3328 3495/1303/3329 3547/1302/3325
f 3515/1287/3315 3550/1306/3330 3551/1305/3331 3516/1286/3316
f 3548/1300/3326 3500/1272/3301 3501/1273/3304 3549/1299/3327
f 3517/1265/3293 3552/1308/3332 3553/1307/3333 3518/1264/3294
f 3550/1306/3330 3492/1310/3290 3497/1309/3289 3551/1305/3331
f 3552/1308/3332 3502/1278/3307 3503/1279/3310 3553/1307/3333
f 3538/1285/3313 3489/1312/3334 3554/1311/3335 3539/1284/3314
f 3556/1313/3336 3521/1316/3337 3520/1315/3338 3555/1314/3339
f 3520/1315/3338 3521/1316/3337 3558/1318/3340 3557/1317/3341
f 3558/1318/3340 3523/1320/3342 3522/1319/3342 3557/1317/3341
f 3494/1321/3343 3554/1311/3335 3489/1312/3334 3519/1322/3344
f 3490/1304/3328 3527/1250/3279 3531/1251/3282 3495/1303/3329
f 3519/1322/3344 3556/1313/3336 3555/1314/3339 3494/1321/3343
f 3566/1323/1719 3578/1326/1720 3603/1325/1721 3586/1324/1722
f 3578/1326/1720 3565/1328/1723 3584/1327/1724 3603/1325/1721
f 3603/1325/1721 3584/1327/1724 3560/1330/1725 3582/1329/1726
f 3586/1324/1722 3603/1325/1721 3582/1329/1726 3559/1331/1727
f 3559/1331/1727 3582/1329/1726 3604/1333/1728 3575/1332/1729
f 3582/1329/1726 3560/1330/1725 3576/1334/1730 3604/1333/1728
f 3604/1333/1728 3576/1334/1730 3562/1336/1731 3585/1335/1732
f 3575/1332/1729 3604/1333/1728 3585/1335/1732 3561/1337/1733
f 3566/1323/1719 3579/1339/1734 3605/1338/1735 3578/1326/1720
f 3579/1339/1734 3564/1341/1736 3581/1340/1737 3605/1338/1735
f 3605/1338/1735 3581/1340/1737 3563/1343/1738 3580/1342/1739
f 3578/1326/1720 3605/1338/1735 3580/1342/1739 3565/1328/1723
f 3561/1344/1733 3583/1347/1740 3606/1346/1741 3592/1345/1742
f 3583/1347/1740 3564/1341/1736 3591/1348/1743 3606/1346/1741
f 3606/1346/1741 3591/1348/1743 3569/1350/1744 3589/1349/1745
f 3592/1345/1742 3606/1346/1741 3589/1349/1745 3568/1351/1746
f 3563/1343/1738 3581/1340/1737 3607/1353/1747 3577/1352/1748
f 3581/1340/1737 3564/1341/1736 3583/1347/1740 3607/1353/1747
f 3607/1353/1747 3583/1347/1740 3561/1344/1733 3585/1354/1732
f 3577/1352/1748 3607/1353/1747 3585/1354/1732 3562/1355/1731
f 3570/1356/1749 3590/1359/1750 3608/1358/1751 3600/1357/1752
f 3590/1359/1750 3567/1361/1753 3599/1360/1754 3608/1358/1751
f 3608/1358/1751 3599/1360/1754 3571/1363/1755 3598/1362/1756
f 3600/1357/1752 3608/1358/1751 3598/1362/1756 3574/1364/1757
f 3564/1341/1736 3579/1339/1734 3609/1365/1758 3591/1348/1743
f 3579/1339/1734 3566/1323/1719 3593/1366/1759 3609/1365/1758
f 3609/1365/1758 3593/1366/1759 3570/1356/1749 3588/1367/1760
f 3591/1348/1743 3609/1365/1758 3588/1367/1760 3569/1350/1744
f 3559/1331/1727 3575/1332/1729 3610/1369/1761 3594/1368/1762
f 3575/1332/1729 3561/1337/1733 3592/1370/1742 3610/1369/1761
f 3610/1369/1761 3592/1370/1742 3568/1372/1746 3587/1371/1763
f 3594/1368/1762 3610/1369/1761 3587/1371/1763 3567/1361/1753
f 3566/1323/1719 3586/1324/1722 3611/1373/1764 3593/1366/1759
f 3586/1324/1722 3559/1331/1727 3594/1368/1762 3611/1373/1764
f 3611/1373/1764 3594/1368/1762 3567/1361/1753 3590/1359/1750
f 3593/1366/1759 3611/1373/1764 3590/1359/1750 3570/1356/1749
f 3573/1374/1765 3596/1377/1766 3612/1376/1767 3597/1375/1768
f 3596/1377/1766 3574/1364/1757 3598/1362/1756 3612/1376/1767
f 3612/1376/1767 3598/1362/1756 3571/1363/1755 3595/1378/1769
f 3597/1375/1768 3612/1376/1767 3595/1378/1769 3572/1379/1770
f 3569/1350/1744 3588/1367/1760 3613/1381/1771 3601/1380/1772
f 3588/1367/1760 3570/1356/1749 3600/1357/1752 3613/1381/1771
f 3613/1381/1771 3600/1357/1752 3574/1364/1757 3596/1377/1766
f 3601/1380/1772 3613/1381/1771 3596/1377/1766 3573/1374/1765
f 3568/1351/1746 3589/1349/1745 3614/1383/1773 3602/1382/1774
f 3589/1349/1745 3569/1350/1744 3601/1380/1772 3614/1383/1773
f 3614/1383/1773 3601/1380/1772 3573/1374/1765 3597/1384/1768
f 3602/1382/1774 3614/1383/1773 3597/1384/1768 3572/1385/1770
f 3567/1361/1753 3587/1371/1763 3615/1386/1775 3599/1360/1754
f 3587/1371/1763 3568/1372/1746 3602/1387/1774 3615/1386/1775
f 3615/1386/1775 3602/1387/1774 3572/1379/1770 3595/1378/1769
f 3599/1360/1754 3615/1386/1775 3595/1378/1769 3571/1363/1755
f 3623/1323/1662 3643/1324/1663 3660/1325/1664 3635/1326/1665
f 3635/1326/1665 3660/1325/1664 3641/1327/1666 3622/1328/1667
f 3660/1325/1664 3639/1329/1668 3617/1330/1669 3641/1327/1666
f 3643/1324/1663 3616/1331/1670 3639/1329/1668 3660/1325/1664
f 3616/1331/1670 3632/1332/1671 3661/1333/1672 3639/1329/1668
f 3639/1329/1668 3661/1333/1672 3633/1334/1673 3617/1330/1669
f 3661/1333/1672 3642/1335/1674 3619/1336/1675 3633/1334/1673
f 3632/1332/1671 3618/1337/1676 3642/1335/1674 3661/1333/1672
f 3623/1323/1662 3635/1326/1665 3662/1338/1677 3636/1339/1678
f 3636/1339/1678 3662/1338/1677 3638/1340/1679 3621/1341/1680
f 3662/1338/1677 3637/1342/1681 3620/1343/1682 3638/1340/1679
f 3635/1326/1665 3622/1328/1667 3637/1342/1681 3662/1338/1677
f 3618/1344/1676 3649/1345/1683 3663/1346/1684 3640/1347/1685
f 3640/1347/1685 3663/1346/1684 3648/1348/1686 3621/1341/1680
f 3663/1346/1684 3646/1349/1687 3626/1350/1688 3648/1348/1686
f 3649/1345/1683 3625/1351/1689 3646/1349/1687 3663/1346/1684
f 3620/1343/1682 3634/1352/1690 3664/1353/1691 3638/1340/1679
f 3638/1340/1679 3664/1353/1691 3640/1347/1685 3621/1341/1680
f 3664/1353/1691 3642/1354/1674 3618/1344/1676 3640/1347/1685
f 3634/1352/1690 3619/1355/1675 3642/1354/1674 3664/1353/1691
f 3627/1356/1692 3657/1357/1693 3665/1358/1694 3647/1359/1695
f 3647/1359/1695 3665/1358/1694 3656/1360/1696 3624/1361/1697
f 3665/1358/1694 3655/1362/1698 3628/1363/1699 3656/1360/1696
f 3657/1357/1693 3631/1364/1700 3655/1362/1698 3665/1358/1694
f 3621/1341/1680 3648/1348/1686 3666/1365/1701 3636/1339/1678
f 3636/1339/1678 3666/1365/1701 3650/1366/1702 3623/1323/1662
f 3666/1365/1701 3645/1367/1703 3627/1356/1692 3650/1366/1702
f 3648/1348/1686 3626/1350/1688 3645/1367/1703 3666/1365/1701
f 3616/1331/1670 3651/1368/1704 3667/1369/1705 3632/1332/1671
f 3632/1332/1671 3667/1369/1705 3649/1370/1683 3618/1337/1676
f 3667/1369/1705 3644/1371/1706 3625/1372/1689 3649/1370/1683
f 3651/1368/1704 3624/1361/1697 3644/1371/1706 3667/1369/1705
f 3623/1323/1662 3650/1366/1702 3668/1373/1707 3643/1324/1663
f 3643/1324/1663 3668/1373/1707 3651/1368/1704 3616/1331/1670
f 3668/1373/1707 3647/1359/1695 3624/1361/1697 3651/1368/1704
f 3650/1366/1702 3627/1356/1692 3647/1359/1695 3668/1373/1707
f 3630/1374/1708 3654/1375/1709 3669/1376/1710 3653/1377/1711
f 3653/1377/1711 3669/1376/1710 3655/1362/1698 3631/1364/1700
f 3669/1376/1710 3652/1378/1712 3628/1363/1699 3655/1362/1698
f 3654/1375/1709 3629/1379/1713 3652/1378/1712 3669/1376/1710
f 3626/1350/1688 3658/1380/1714 3670/1381/1715 3645/1367/1703
f 3645/1367/1703 3670/1381/1715 3657/1357/1693 3627/1356/1692
f 3670/1381/1715 3653/1377/1711 3631/1364/1700 3657/1357/1693
f 3658/1380/1714 3630/1374/1708 3653/1377/1711 3670/1381/1715
f 3625/1351/1689 3659/1382/1716 3671/1383/1717 3646/1349/1687
f 3646/1349/1687 3671/1383/1717 3658/1380/1714 3626/1350/1688
f 3671/1383/1717 3654/1384/1709 3630/1374/1708 3658/1380/1714
f 3659/1382/1716 3629/1385/1713 3654/1384/1709 3671/1383/1717
f 3624/1361/1697 3656/1360/1696 3672/1386/1718 3644/1371/1706
f 3644/1371/1706 3672/1386/1718 3659/1387/1716 3625/1372/1689
f 3672/1386/1718 3652/1378/1712 3629/1379/1713 3659/1387/1716
f 3656/1360/1696 3628/1363/1699 3652/1378/1712 3672/1386/1718
f 3773/1406/1870 3772/1409/1871 3697/1408/1872 3698/1407/1873
f 3691/1410/1874 3771/1413/1875 3695/1412/1876 3696/1411/1877
f 3690/1414/1878 3770/1417/1879 3693/1416/1880 3694/1415/1881
f 3774/1418/1882 3773/1406/1870 3698/1407/1873 3699/1419/1883
f 3772/1409/1871 3691/1421/1874 3696/1420/1877 3697/1408/1872
f 3771/1413/1875 3690/1414/1878 3694/1415/1881 3695/1412/1876
f 3770/1417/1879 3689/1422/1884 3693/1416/1880
f 3692/1423/1885 3774/1418/1882 3699/1419/1883
f 3699/1419/1883 3698/1407/1873 3705/1425/1886 3706/1424/1887
f 3697/1408/1872 3696/1420/1877 3703/1427/1888 3704/1426/1889
f 3695/1412/1876 3694/1415/1881 3701/1429/1890 3702/1428/3345
f 3693/1416/1880 3689/1422/1884 3700/1430/1892
f 3692/1423/1885 3699/1419/1883 3706/1424/1887
f 3698/1407/1873 3697/1408/1872 3704/1426/1889 3705/1425/1886
f 3696/1411/1877 3695/1412/1876 3702/1428/3345 3703/1431/1888
f 3694/1415/1881 3693/1416/1880 3700/1430/1892 3701/1429/1890
f 3702/1428/3345 3701/1429/1890 3708/1433/3346 3709/1432/1894
f 3700/1430/1892 3689/1422/1884 3707/1434/1895
f 3692/1423/1885 3706/1424/1887 3713/1435/1896
f 3705/1425/1886 3704/1426/1889 3711/1437/1897 3712/1436/1898
f 3703/1431/1888 3702/1428/3345 3709/1432/1894 3710/1438/1899
f 3701/1429/1890 3700/1430/1892 3707/1434/1895 3708/1433/3346
f 3706/1424/1887 3705/1425/1886 3712/1436/1898 3713/1435/1896
f 3704/1426/1889 3703/1427/1888 3710/1439/1899 3711/1437/1897
f 3692/1423/1885 3713/1435/1896 3720/1440/1900
f 3712/1436/1898 3711/1437/1897 3718/1442/1901 3719/1441/1902
f 3710/1438/1899 3709/1432/1894 3716/1444/1903 3717/1443/1904
f 3708/1433/3346 3707/1434/1895 3714/1446/3347 3715/1445/1906
f 3713/1435/1896 3712/1436/1898 3719/1441/1902 3720/1440/1900
f 3711/1437/1897 3710/1439/1899 3717/1447/1904 3718/1442/1901
f 3709/1432/1894 3708/1433/3346 3715/1445/1906 3716/1444/1903
f 3707/1434/1895 3689/1422/1884 3714/1446/3347
f 3715/1445/1906 3714/1446/3347 3721/1449/1907 3722/1448/1908
f 3720/1440/1900 3719/1441/1902 3726/1451/1909 3727/1450/1910
f 3718/1442/1901 3717/1447/1904 3724/1453/3348 3725/1452/1912
f 3716/1444/1903 3715/1445/1906 3722/1448/1908 3723/1454/1913
f 3714/1446/3347 3689/1422/1884 3721/1449/1907
f 3692/1423/1885 3720/1440/1900 3727/1450/1910
f 3719/1441/1902 3718/1442/1901 3725/1452/1912 3726/1451/1909
f 3717/1443/1904 3716/1444/1903 3723/1454/1913 3724/1455/3348
f 3727/1450/1910 3726/1451/1909 3733/1457/1914 3734/1456/1915
f 3725/1452/1912 3724/1453/3348 3731/1459/1916 3732/1458/3349
f 3723/1454/1913 3722/1448/1908 3729/1461/1918 3730/1460/1919
f 3721/1449/1907 3689/1422/1884 3728/1462/1920
f 3692/1423/1885 3727/1450/1910 3734/1456/1915
f 3726/1451/1909 3725/1452/1912 3732/1458/3349 3733/1457/1914
f 3724/1455/3348 3723/1454/1913 3730/1460/1919 3731/1463/1916
f 3722/1448/1908 3721/1449/1907 3728/1462/1920 3729/1461/1918
f 3728/1462/1920 3689/1422/1884 3735/1464/1921
f 3692/1423/1885 3734/1456/1915 3741/1465/1922
f 3733/1457/1914 3732/1458/3349 3739/1467/3350 3740/1466/1924
f 3731/1463/1916 3730/1460/1919 3737/1469/1925 3738/1468/1926
f 3729/1461/1918 3728/1462/1920 3735/1464/1921 3736/1470/1927
f 3734/1456/1915 3733/1457/1914 3740/1466/1924 3741/1465/1922
f 3732/1458/3349 3731/1459/1916 3738/1471/1926 3739/1467/3350
f 3730/1460/1919 3729/1461/1918 3736/1470/1927 3737/1469/1925
f 3740/1466/1924 3739/1467/3350 3746/1473/1928 3747/1472/1929
f 3738/1468/1926 3737/1469/1925 3744/1475/1930 3745/1474/1931
f 3736/1470/1927 3735/1464/1921 3742/1477/1932 3743/1476/1933
f 3741/1465/1922 3740/1466/1924 3747/1472/1929 3748/1478/1934
f 3739/1467/3350 3738/1471/1926 3745/1479/1931 3746/1473/1928
f 3737/1469/1925 3736/1470/1927 3743/1476/1933 3744/1475/1930
f 3735/1464/1921 3689/1422/1884 3742/1477/1932
f 3692/1423/1885 3741/1465/1922 3748/1478/1934
f 3748/1478/1934 3747/1472/1929 3754/1481/3351 3755/1480/1936
f 3746/1473/1928 3745/1479/1931 3752/1483/1937 3753/1482/1938
f 3744/1475/1930 3743/1476/1933 3750/1485/3352 3751/1484/1940
f 3742/1477/1932 3689/1422/1884 3749/1486/1941
f 3692/1423/1885 3748/1478/1934 3755/1480/1936
f 3747/1472/1929 3746/1473/1928 3753/1482/1938 3754/1481/3351
f 3745/1474/1931 3744/1475/1930 3751/1484/1940 3752/1487/1937
f 3743/1476/1933 3742/1477/1932 3749/1486/1941 3750/1485/3352
f 3753/1482/1938 3752/1483/1937 3759/1489/1942 3760/1488/1943
f 3751/1484/1940 3750/1485/3352 3757/1491/1944 3758/1490/3353
f 3749/1486/1941 3689/1422/1884 3756/1492/1946
f 3692/1423/1885 3755/1480/1936 3762/1493/3354
f 3754/1481/3351 3753/1482/1938 3760/1488/1943 3761/1494/1948
f 3752/1487/1937 3751/1484/1940 3758/1490/3353 3759/1495/1942
f 3750/1485/3352 3749/1486/1941 3756/1492/1946 3757/1491/1944
f 3755/1480/1936 3754/1481/3351 3761/1494/1948 3762/1493/3354
f 3692/1423/1885 3762/1493/3354 3769/1496/1949
f 3761/1494/1948 3760/1488/1943 3767/1498/1950 3768/1497/1951
f 3759/1495/1942 3758/1490/3353 3765/1500/1952 3766/1499/1953
f 3757/1491/1944 3756/1492/1946 3763/1502/1954 3764/1501/1955
f 3762/1493/3354 3761/1494/1948 3768/1497/1951 3769/1496/1949
f 3760/1488/1943 3759/1489/1942 3766/1503/1953 3767/1498/1950
f 3758/1490/3353 3757/1491/1944 3764/1501/1955 3765/1500/1952
f 3756/1492/1946 3689/1422/1884 3763/1502/1954
f 3766/1499/1953 3765/1500/1952 3771/1413/1875 3691/1410/1874
f 3764/1501/1955 3763/1502/1954 3770/1417/1879 3690/1414/1878
f 3769/1496/1949 3768/1497/1951 3773/1406/1870 3774/1418/1882
f 3767/1498/1950 3766/1503/1953 3691/1421/1874 3772/1409/1871
f 3765/1500/1952 3764/1501/1955 3690/1414/1878 3771/1413/1875
f 3763/1502/1954 3689/1422/1884 3770/1417/1879
f 3692/1423/1885 3769/1496/1949 3774/1418/1882
f 3768/1497/1951 3767/1498/1950 3772/1409/1871 3773/1406/1870
f 3859/1406/1784 3784/1407/1785 3783/1408/1786 3858/1409/1787
f 3777/1410/1788 3782/1411/1789 3781/1412/1790 3857/1413/1791
f 3776/1414/1792 3780/1415/1793 3779/1416/1794 3856/1417/1795
f 3860/1418/1796 3785/1419/1797 3784/1407/1785 3859/1406/1784
f 3858/1409/1787 3783/1408/1786 3782/1420/1789 3777/1421/1788
f 3857/1413/1791 3781/1412/1790 3780/1415/1793 3776/1414/1792
f 3856/1417/1795 3779/1416/1794 3775/1422/1798
f 3778/1423/1799 3785/1419/1797 3860/1418/1796
f 3785/1419/1797 3792/1424/1800 3791/1425/1801 3784/1407/1785
f 3783/1408/1786 3790/1426/3355 3789/1427/1803 3782/1420/1789
f 3781/1412/1790 3788/1428/1804 3787/1429/1805 3780/1415/1793
f 3779/1416/1794 3786/1430/1806 3775/1422/1798
f 3778/1423/1799 3792/1424/1800 3785/1419/1797
f 3784/1407/1785 3791/1425/1801 3790/1426/3355 3783/1408/1786
f 3782/1411/1789 3789/1431/1803 3788/1428/1804 3781/1412/1790
f 3780/1415/1793 3787/1429/1805 3786/1430/1806 3779/1416/1794
f 3788/1428/1804 3795/1432/1807 3794/1433/1808 3787/1429/1805
f 3786/1430/1806 3793/1434/1809 3775/1422/1798
f 3778/1423/1799 3799/1435/1810 3792/1424/1800
f 3791/1425/1801 3798/1436/1811 3797/1437/1812 3790/1426/3355
f 3789/1431/1803 3796/1438/1813 3795/1432/1807 3788/1428/1804
f 3787/1429/1805 3794/1433/1808 3793/1434/1809 3786/1430/1806
f 3792/1424/1800 3799/1435/1810 3798/1436/1811 3791/1425/1801
f 3790/1426/3355 3797/1437/1812 3796/1439/1813 3789/1427/1803
f 3778/1423/1799 3806/1440/1814 3799/1435/1810
f 3798/1436/1811 3805/1441/1815 3804/1442/1816 3797/1437/1812
f 3796/1438/1813 3803/1443/1817 3802/1444/1818 3795/1432/1807
f 3794/1433/1808 3801/1445/1819 3800/1446/1820 3793/1434/1809
f 3799/1435/1810 3806/1440/1814 3805/1441/1815 3798/1436/1811
f 3797/1437/1812 3804/1442/1816 3803/1447/1817 3796/1439/1813
f 3795/1432/1807 3802/1444/1818 3801/1445/1819 3794/1433/1808
f 3793/1434/1809 3800/1446/1820 3775/1422/1798
f 3801/1445/1819 3808/1448/1821 3807/1449/1822 3800/1446/1820
f 3806/1440/1814 3813/1450/3356 3812/1451/1824 3805/1441/1815
f 3804/1442/1816 3811/1452/3357 3810/1453/1826 3803/1447/1817
f 3802/1444/1818 3809/1454/1827 3808/1448/1821 3801/1445/1819
f 3800/1446/1820 3807/1449/1822 3775/1422/1798
f 3778/1423/1799 3813/1450/3356 3806/1440/1814
f 3805/1441/1815 3812/1451/1824 3811/1452/3357 3804/1442/1816
f 3803/1443/1817 3810/1455/1826 3809/1454/1827 3802/1444/1818
f 3813/1450/3356 3820/1456/1828 3819/1457/1829 3812/1451/1824
f 3811/1452/3357 3818/1458/1830 3817/1459/3358 3810/1453/1826
f 3809/1454/1827 3816/1460/1832 3815/1461/3359 3808/1448/1821
f 3807/1449/1822 3814/1462/1834 3775/1422/1798
f 3778/1423/1799 3820/1456/1828 3813/1450/3356
f 3812/1451/1824 3819/1457/1829 3818/1458/1830 3811/1452/3357
f 3810/1455/1826 3817/1463/3358 3816/1460/1832 3809/1454/1827
f 3808/1448/1821 3815/1461/3359 3814/1462/1834 3807/1449/1822
f 3814/1462/1834 3821/1464/1835 3775/1422/1798
f 3778/1423/1799 3827/1465/1836 3820/1456/1828
f 3819/1457/1829 3826/1466/1837 3825/1467/3360 3818/1458/1830
f 3817/1463/3358 3824/1468/1839 3823/1469/3361 3816/1460/1832
f 3815/1461/3359 3822/1470/1841 3821/1464/1835 3814/1462/1834
f 3820/1456/1828 3827/1465/1836 3826/1466/1837 3819/1457/1829
f 3818/1458/1830 3825/1467/3360 3824/1471/1839 3817/1459/3358
f 3816/1460/1832 3823/1469/3361 3822/1470/1841 3815/1461/3359
f 3826/1466/1837 3833/1472/1842 3832/1473/1843 3825/1467/3360
f 3824/1468/1839 3831/1474/1844 3830/1475/1845 3823/1469/3361
f 3822/1470/1841 3829/1476/1846 3828/1477/1847 3821/1464/1835
f 3827/1465/1836 3834/1478/1848 3833/1472/1842 3826/1466/1837
f 3825/1467/3360 3832/1473/1843 3831/1479/1844 3824/1471/1839
f 3823/1469/3361 3830/1475/1845 3829/1476/1846 3822/1470/1841
f 3821/1464/1835 3828/1477/1847 3775/1422/1798
f 3778/1423/1799 3834/1478/1848 3827/1465/1836
f 3834/1478/1848 3841/1480/1849 3840/1481/3362 3833/1472/1842
f 3832/1473/1843 3839/1482/1851 3838/1483/1852 3831/1479/1844
f 3830/1475/1845 3837/1484/1853 3836/1485/1854 3829/1476/1846
f 3828/1477/1847 3835/1486/3363 3775/1422/1798
f 3778/1423/1799 3841/1480/1849 3834/1478/1848
f 3833/1472/1842 3840/1481/3362 3839/1482/1851 3832/1473/1843
f 3831/1474/1844 3838/1487/1852 3837/1484/1853 3830/1475/1845
f 3829/1476/1846 3836/1485/1854 3835/1486/3363 3828/1477/1847
f 3839/1482/1851 3846/1488/3364 3845/1489/1857 3838/1483/1852
f 3837/1484/1853 3844/1490/1858 3843/1491/3365 3836/1485/1854
f 3835/1486/3363 3842/1492/1860 3775/1422/1798
f 3778/1423/1799 3848/1493/1861 3841/1480/1849
f 3840/1481/3362 3847/1494/1862 3846/1488/3364 3839/1482/1851
f 3838/1487/1852 3845/1495/1857 3844/1490/1858 3837/1484/1853
f 3836/1485/1854 3843/1491/3365 3842/1492/1860 3835/1486/3363
f 3841/1480/1849 3848/1493/1861 3847/1494/1862 3840/1481/3362
f 3778/1423/1799 3855/1496/1863 3848/1493/1861
f 3847/1494/1862 3854/1497/1864 3853/1498/1865 3846/1488/3364
f 3845/1495/1857 3852/1499/1866 3851/1500/1867 3844/1490/1858
f 3843/1491/3365 3850/1501/1868 3849/1502/1869 3842/1492/1860
f 3848/1493/1861 3855/1496/1863 3854/1497/1864 3847/1494/1862
f 3846/1488/3364 3853/1498/1865 3852/1503/1866 3845/1489/1857
f 3844/1490/1858 3851/1500/1867 3850/1501/1868 3843/1491/3365
f 3842/1492/1860 3849/1502/1869 3775/1422/1798
f 3852/1499/1866 3777/1410/1788 3857/1413/1791 3851/1500/1867
f 3850/1501/1868 3776/1414/1792 3856/1417/1795 3849/1502/1869
f 3855/1496/1863 3860/1418/1796 3859/1406/1784 3854/1497/1864
f 3853/1498/1865 3858/1409/1787 3777/1421/1788 3852/1503/1866
f 3851/1500/1867 3857/1413/1791 3776/1414/1792 3850/1501/1868
f 3849/1502/1869 3856/1417/1795 3775/1422/1798
f 3778/1423/1799 3860/1418/1796 3855/1496/1863
f 3854/1497/1864 3859/1406/1784 3858/1409/1787 3853/1498/1865
f 3861/1504/2020 3871/1507/2021 3885/1506/2022 3872/1505/2023
f 3871/1507/2021 3862/1509/2024 3873/1508/2025 3885/1506/2022
f 3885/1506/2022 3873/1508/2025 3864/1511/2026 3874/1510/2027
f 3872/1505/2023 3885/1506/2022 3874/1510/2027 3863/1512/2028
f 3863/1512/2028 3874/1510/2027 3886/1514/2029 3877/1513/2030
f 3874/1510/2027 3864/1511/2026 3876/1515/2031 3886/1514/2029
f 3886/1514/2029 3876/1515/2031 3866/1517/2032 3875/1516/2033
f 3877/1513/2030 3886/1514/2029 3875/1516/2033 3865/1518/2034
f 3863/1512/2028 3877/1513/2030 3887/1520/2035 3881/1519/2036
f 3865/1518/2034 3880/1521/2037 3887/1520/2035 3877/1513/2030
f 3868/1522/2038 3881/1519/2036 3887/1520/2035 3880/1521/2037
f 3861/1504/2020 3872/1505/2023 3888/1524/2039 3882/1523/2040
f 3872/1505/2023 3863/1512/2028 3881/1519/2036 3888/1524/2039
f 3888/1524/2039 3881/1519/2036 3868/1522/2038 3878/1525/2041
f 3882/1523/2040 3888/1524/2039 3878/1525/2041 3867/1526/2042
f 3862/1509/2024 3871/1507/2021 3889/1528/2043 3884/1527/2044
f 3871/1507/2021 3861/1504/2020 3883/1529/2045 3889/1528/2043
f 3889/1528/2043 3883/1529/2045 3869/1531/2046 3879/1530/2047
f 3884/1527/2044 3889/1528/2043 3879/1530/2047 3870/1532/2048
f 3892/1533/2049 3893/1536/2050 3914/1535/2051 3891/1534/2052
f 3891/1534/2052 3914/1535/2051 3896/1538/2053 3890/1537/2054
f 3914/1535/2051 3897/1540/2055 3895/1539/2056 3896/1538/2053
f 3893/1536/2050 3894/1541/2057 3897/1540/2055 3914/1535/2051
f 3894/1541/2057 3902/1543/2058 3915/1542/2059 3897/1540/2055
f 3897/1540/2055 3915/1542/2059 3901/1544/2060 3895/1539/2056
f 3915/1542/2059 3899/1546/2061 3898/1545/2062 3901/1544/2060
f 3902/1543/2058 3900/1547/2063 3899/1546/2061 3915/1542/2059
f 3894/1541/2057 3910/1549/2064 3916/1548/2065 3902/1543/2058
f 3900/1547/2063 3902/1543/2058 3916/1548/2065 3909/1550/2066
f 3905/1551/2067 3909/1550/2066 3916/1548/2065 3910/1549/2064
f 3892/1533/2049 3911/1553/2068 3917/1552/2069 3893/1536/2050
f 3893/1536/2050 3917/1552/2069 3910/1549/2064 3894/1541/2057
f 3917/1552/2069 3904/1554/2070 3905/1551/2067 3910/1549/2064
f 3911/1553/2068 3903/1555/2071 3904/1554/2070 3917/1552/2069
f 3890/1537/2054 3913/1557/2072 3918/1556/2073 3891/1534/2052
f 3891/1534/2052 3918/1556/2073 3912/1558/2074 3892/1533/2049
f 3918/1556/2073 3907/1560/2075 3908/1559/2076 3912/1558/2074
f 3913/1557/2072 3906/1561/2077 3907/1560/2075 3918/1556/2073
f 3883/1562/2045 3912/1558/2074 3908/1559/2076 3869/1563/2046
f 3865/1564/2034 3900/1547/2063 3909/1550/2066 3880/1565/2037
f 3876/1566/2031 3901/1544/2060 3898/1545/2062 3866/1567/2032
f 3870/1568/2048 3906/1561/2077 3913/1557/2072 3884/1569/2044
f 3880/1565/2037 3909/1550/2066 3905/1551/2067 3868/1570/2038
f 3884/1569/2044 3913/1557/2072 3890/1537/2054 3862/1571/2024
f 3878/1572/2041 3904/1554/2070 3903/1555/2071 3867/1573/2042
f 3867/1573/2042 3903/1555/2071 3911/1553/2068 3882/1574/2040
f 3868/1570/2038 3905/1551/2067 3904/1554/2070 3878/1572/2041
f 3866/1567/2032 3898/1545/2062 3899/1546/2061 3875/1575/2033
f 3882/1574/2040 3911/1553/2068 3892/1533/2049 3861/1576/2020
f 3879/1577/2047 3907/1560/2075 3906/1561/2077 3870/1568/2048
f 3873/1578/2025 3896/1538/2053 3895/1539/2056 3864/1579/2026
f 3875/1575/2033 3899/1546/2061 3900/1547/2063 3865/1564/2034
f 3861/1576/2020 3892/1533/2049 3912/1558/2074 3883/1562/2045
f 3869/1563/2046 3908/1559/2076 3907/1560/2075 3879/1577/2047
f 3862/1571/2024 3890/1537/2054 3896/1538/2053 3873/1578/2025
f 3864/1579/2026 3895/1539/2056 3901/1544/2060 3876/1566/2031
f 3920/1580/2078 3925/1583/2079 3922/1582/2080 3919/1581/2078
f 3925/1583/2079 3923/1585/2081 3921/1584/2082 3922/1582/2080
f 3923/1585/2081 3926/1587/2083 3924/1586/2083 3921/1584/2082
f 3927/1504/1956 3938/1505/1957 3951/1506/1958 3937/1507/1959
f 3937/1507/1959 3951/1506/1958 3939/1508/1960 3928/1509/1961
f 3951/1506/1958 3940/1510/1962 3930/1511/1963 3939/1508/1960
f 3938/1505/1957 3929/1512/1964 3940/1510/1962 3951/1506/1958
f 3929/1512/1964 3943/1513/1965 3952/1514/1966 3940/1510/1962
f 3940/1510/1962 3952/1514/1966 3942/1515/1967 3930/1511/1963
f 3952/1514/1966 3941/1516/1968 3932/1517/1969 3942/1515/1967
f 3943/1513/1965 3931/1518/1970 3941/1516/1968 3952/1514/1966
f 3929/1512/1964 3947/1519/1971 3953/1520/1972 3943/1513/1965
f 3931/1518/1970 3943/1513/1965 3953/1520/1972 3946/1521/1973
f 3934/1522/1974 3946/1521/1973 3953/1520/1972 3947/1519/1971
f 3927/1504/1956 3948/1523/1975 3954/1524/1976 3938/1505/1957
f 3938/1505/1957 3954/1524/1976 3947/1519/1971 3929/1512/1964
f 3954/1524/1976 3944/1525/1977 3934/1522/1974 3947/1519/1971
f 3948/1523/1975 3933/1526/1978 3944/1525/1977 3954/1524/1976
f 3928/1509/1961 3950/1527/1979 3955/1528/1980 3937/1507/1959
f 3937/1507/1959 3955/1528/1980 3949/1529/1981 3927/1504/1956
f 3955/1528/1980 3945/1530/1982 3935/1531/1983 3949/1529/1981
f 3950/1527/1979 3936/1532/1984 3945/1530/1982 3955/1528/1980
f 3958/1533/1985 3957/1534/1986 3980/1535/1987 3959/1536/1988
f 3957/1534/1986 3956/1537/1989 3962/1538/1990 3980/1535/1987
f 3980/1535/1987 3962/1538/1990 3961/1539/1991 3963/1540/1992
f 3959/1536/1988 3980/1535/1987 3963/1540/1992 3960/1541/1993
f 3960/1541/1993 3963/1540/1992 3981/1542/1994 3968/1543/1995
f 3963/1540/1992 3961/1539/1991 3967/1544/1996 3981/1542/1994
f 3981/1542/1994 3967/1544/1996 3964/1545/1997 3965/1546/1998
f 3968/1543/1995 3981/1542/1994 3965/1546/1998 3966/1547/1999
f 3960/1541/1993 3968/1543/1995 3982/1548/2000 3976/1549/2001
f 3966/1547/1999 3975/1550/2002 3982/1548/2000 3968/1543/1995
f 3971/1551/2003 3976/1549/2001 3982/1548/2000 3975/1550/2002
f 3958/1533/1985 3959/1536/1988 3983/1552/2004 3977/1553/2005
f 3959/1536/1988 3960/1541/1993 3976/1549/2001 3983/1552/2004
f 3983/1552/2004 3976/1549/2001 3971/1551/2003 3970/1554/2006
f 3977/1553/2005 3983/1552/2004 3970/1554/2006 3969/1555/2007
f 3956/1537/1989 3957/1534/1986 3984/1556/2008 3979/1557/2009
f 3957/1534/1986 3958/1533/1985 3978/1558/2010 3984/1556/2008
f 3984/1556/2008 3978/1558/2010 3974/1559/2011 3973/1560/2012
f 3979/1557/2009 3984/1556/2008 3973/1560/2012 3972/1561/2013
f 3949/1562/1981 3935/1563/1983 3974/1559/2011 3978/1558/2010
f 3931/1564/1970 3946/1565/1973 3975/1550/2002 3966/1547/1999
f 3942/1566/1967 3932/1567/1969 3964/1545/1997 3967/1544/1996
f 3936/1568/1984 3950/1569/1979 3979/1557/2009 3972/1561/2013
f 3946/1565/1973 3934/1570/1974 3971/1551/2003 3975/1550/2002
f 3950/1569/1979 3928/1571/1961 3956/1537/1989 3979/1557/2009
f 3944/1572/1977 3933/1573/1978 3969/1555/2007 3970/1554/2006
f 3933/1573/1978 3948/1574/1975 3977/1553/2005 3969/1555/2007
f 3934/1570/1974 3944/1572/1977 3970/1554/2006 3971/1551/2003
f 3932/1567/1969 3941/1575/1968 3965/1546/1998 3964/1545/1997
f 3948/1574/1975 3927/1576/1956 3958/1533/1985 3977/1553/2005
f 3945/1577/1982 3936/1568/1984 3972/1561/2013 3973/1560/2012
f 3939/1578/1960 3930/1579/1963 3961/1539/1991 3962/1538/1990
f 3941/1575/1968 3931/1564/1970 3966/1547/1999 3965/1546/1998
f 3927/1576/1956 3949/1562/1981 3978/1558/2010 3958/1533/1985
f 3935/1563/1983 3945/1577/1982 3973/1560/2012 3974/1559/2011
f 3928/1571/1961 3939/1578/1960 3962/1538/1990 3956/1537/1989
f 3930/1579/1963 3942/1566/1967 3967/1544/1996 3961/1539/1991
f 3986/1580/2014 3985/1581/2014 3988/1582/2015 3991/1583/2016
f 3991/1583/2016 3988/1582/2015 3987/1584/2017 3989/1585/2018
f 3989/1585/2018 3987/1584/2017 3990/1586/2019 3992/1587/2019
s 0
usemtl 
f 1713/1388/1776 1714/1389/1776 1716/1390/1776 1715/1391/1776
f 1715/1391/1777 1716/1390/1777 1718/1392/1777 1717/1393/1777
f 1717/1393/1778 1718/1392/1778 1720/1394/1778 1719/1395/1778
f 1719/1395/1779 1720/1394/1779 1722/1396/1779 1721/1397/1779
f 1721/1397/1780 1722/1396/1780 1724/1398/1780 1723/1399/1780
f 1723/1399/1781 1724/1398/1781 1726/1400/1781 1725/1401/1781
f 1725/1401/1782 1726/1400/1782 1728/1402/1782 1727/1403/1782
f 1727/1403/1783 1728/1402/1783 1730/1404/1783 1729/1405/1783
f 3673/1388/1783 3675/1391/1783 3676/1390/1783 3674/1389/1783
f 3675/1391/1782 3677/1393/1782 3678/1392/1782 3676/1390/1782
f 3677/1393/1781 3679/1395/1781 3680/1394/1781 3678/1392/1781
f 3679/1395/1780 1721/1397/1780 1722/1396/1780 3680/1394/1780
f 1721/1397/1779 3681/1399/1779 3682/1398/1779 1722/1396/1779
f 3681/1399/1778 3683/1401/1778 3684/1400/1778 3682/1398/1778
f 3683/1401/1777 3685/1403/1777 3686/1402/1777 3684/1400/1777
f 3685/1403/1776 3687/1405/1776 3688/1404/1776 3686/1402/1776
