# Blender 5.1.0
# www.blender.org
mtllib bar2.0.mtl
o bar_table
v 3.005628 2.000000 1.559323
v 3.005628 0.000000 1.559323
v 3.005628 2.000000 2.014684
v 3.005628 0.000000 2.014684
v -3.005628 2.000000 1.559323
v -3.005628 0.000000 1.559323
v -3.005628 2.000000 2.014684
v -3.005628 0.000000 2.014684
v 3.005628 0.000000 1.031549
v -3.005628 0.000000 1.031549
v 3.005628 2.000000 1.031549
v -3.005628 2.000000 1.031549
v 3.005628 2.612535 2.014684
v -3.005628 2.612535 2.014684
v 3.005628 2.612535 1.559323
v -3.005628 2.612535 1.559323
v 3.127856 2.612535 2.466691
v -3.127856 2.612535 2.466691
v 3.127856 2.612535 1.461664
v -3.127856 2.612535 1.461664
v 3.127856 2.695127 2.466691
v -3.127856 2.695127 2.466691
v 3.127856 2.695127 1.461664
v -3.127856 2.695127 1.461664
v -3.081174 2.000000 1.634869
v 3.081174 2.000000 1.634869
v -3.081174 2.000000 0.818266
v 3.081174 2.000000 0.818266
v -3.081174 2.082592 1.634869
v 3.081174 2.082592 1.634869
v -3.081174 2.082592 0.818266
v 3.081174 2.082592 0.818266
v -3.137934 -0.000000 -1.639950
v -3.137934 2.000000 -1.639950
v -3.137934 -0.000000 -2.496129
v -3.137934 2.000000 -2.496129
v 3.137934 -0.000000 -1.639950
v 3.137934 2.000000 -1.639950
v 3.137934 -0.000000 -2.496129
v 3.137934 2.000000 -2.496129
v -3.137934 2.078682 -1.639950
v -3.137934 2.078682 -2.496129
v 3.137934 2.078682 -2.496129
v 3.137934 2.078682 -1.639950
v -3.137934 3.367940 -1.639950
v -3.137934 3.367940 -2.496129
v 3.137934 3.367940 -2.496129
v 3.137934 3.367940 -1.639950
v 3.033434 2.094023 -1.639950
v -3.033434 2.094023 -1.639950
v 3.033434 3.334509 -1.639950
v -3.033434 3.334509 -1.639950
v 3.033434 2.094023 -2.415924
v -3.033434 2.094023 -2.415924
v 3.033434 3.334509 -2.415924
v -3.033434 3.334509 -2.415924
v -3.137934 4.509546 -1.639950
v -3.137934 4.509546 -2.496129
v 3.137934 4.509546 -2.496129
v 3.137934 4.509546 -1.639950
v 3.028049 3.417580 -1.639950
v -3.028049 3.417580 -1.639950
v 3.028049 4.431251 -1.639950
v -3.028049 4.431251 -1.639950
v 3.028049 3.417580 -2.409610
v -3.028049 3.417580 -2.409610
v 3.028049 4.431251 -2.409610
v -3.028049 4.431251 -2.409610
v 3.137934 2.000000 -1.244957
v -3.137934 2.000000 -1.244957
v 3.137934 2.078682 -1.244957
v -3.137934 2.078682 -1.244957
vn -0.0000 -0.0000 -1.0000
vn -0.0000 -0.0000 1.0000
vn -1.0000 -0.0000 -0.0000
vn 1.0000 -0.0000 -0.0000
vn -0.0000 -1.0000 -0.0000
vn -0.0000 1.0000 -0.0000
vn 0.7071 -0.0000 -0.7071
vn -0.7071 -0.0000 -0.7071
vn 0.7071 -0.0000 0.7071
vn -0.7071 -0.0000 0.7071
vt 0.558187 0.435628
vt 0.558187 0.018825
vt 0.600658 0.018825
vt 0.600658 0.435628
vt 0.237840 0.018825
vt 0.376513 0.018825
vt 0.376513 0.435628
vt 0.237840 0.435628
vt 0.681098 0.018165
vt 0.681098 0.156839
vt 0.649526 0.156839
vt 0.649526 0.018165
vt 0.712937 0.018165
vt 0.712937 0.156839
vt 0.681363 0.156839
vt 0.681363 0.018165
vt 0.612931 0.156839
vt 0.612931 0.018165
vt 0.557923 0.435628
vt 0.419249 0.435628
vt 0.419249 0.018825
vt 0.557923 0.018825
vt 0.069114 0.482279
vt 0.037541 0.482279
vt 0.030769 0.473804
vt 0.100455 0.473804
vt 0.749530 0.018165
vt 0.749530 0.156839
vt 0.755032 0.032953
vt 0.755032 0.069548
vt 0.749794 0.074786
vt 0.749794 0.018165
vt 0.418985 0.018825
vt 0.418985 0.435628
vt 0.681098 0.199310
vt 0.649526 0.199310
vt 0.712937 0.199310
vt 0.681363 0.199310
vt 0.204073 0.029791
vt 0.204073 0.457069
vt 0.147452 0.457069
vt 0.147452 0.029791
vt 0.224588 0.035029
vt 0.224588 0.451831
vt 0.209799 0.457069
vt 0.209799 0.029791
vt 0.018271 0.459603
vt 0.018271 0.042801
vt 0.025043 0.034326
vt 0.025043 0.468078
vt 0.100455 0.034326
vt 0.100455 0.468078
vt 0.030769 0.468078
vt 0.030769 0.034326
vt 0.030769 0.028599
vt 0.100455 0.028599
vt 0.106181 0.034326
vt 0.106181 0.468078
vt 0.037541 0.020124
vt 0.069114 0.020124
vt 0.124534 0.042801
vt 0.124534 0.459603
vt 0.204073 0.462795
vt 0.147452 0.462795
vt 0.141725 0.457069
vt 0.141725 0.029791
vt 0.147452 0.024063
vt 0.204073 0.024063
vt 0.136487 0.451831
vt 0.136487 0.035029
vt 0.152690 0.018825
vt 0.189284 0.018825
vt 0.985307 0.580162
vt 0.932733 0.580162
vt 0.932733 0.473117
vt 0.985307 0.473117
vt 0.984407 0.983771
vt 0.864861 0.983771
vt 0.864861 0.608643
vt 0.984407 0.608643
vt 0.583251 0.473117
vt 0.635825 0.473117
vt 0.635825 0.580162
vt 0.583251 0.580162
vt 0.864812 0.608763
vt 0.984441 0.608763
vt 0.984441 0.983548
vt 0.864812 0.983548
vt 0.860158 0.983771
vt 0.860158 0.608643
vt 0.637893 0.580162
vt 0.637893 0.473117
vt 0.671783 0.473117
vt 0.671783 0.580162
vt 0.930665 0.580162
vt 0.930665 0.473117
vt 0.230201 0.921298
vt 0.695112 0.921298
vt 0.695112 0.950559
vt 0.230201 0.950559
vt 0.701792 0.473117
vt 0.701792 0.580162
vt 0.896774 0.580162
vt 0.896774 0.473117
vt 0.704629 0.594807
vt 0.704629 0.668646
vt 0.698644 0.666731
vt 0.698644 0.598496
vt 0.783096 0.983771
vt 0.783096 0.608643
vt 0.217192 0.909696
vt 0.217192 0.768189
vt 0.324657 0.768189
vt 0.324657 0.909696
vt 0.345199 0.668646
vt 0.351184 0.666731
vt 0.345199 0.594808
vt 0.351184 0.598496
vt 0.703522 0.864005
vt 0.337193 0.864005
vt 0.337193 0.792064
vt 0.703522 0.792064
vt 0.703522 0.910859
vt 0.337193 0.910859
vt 0.217597 0.909679
vt 0.217182 0.768189
vt 0.324657 0.909662
vt 0.337193 0.745210
vt 0.703522 0.745210
vt 0.866765 0.473117
vt 0.866765 0.580162
vt 0.704629 0.734028
vt 0.698336 0.729543
vt 0.698336 0.671489
vt 0.714858 0.983771
vt 0.714858 0.608643
vt 0.217185 0.909679
vt 0.217185 0.768198
vt 0.324658 0.768198
vt 0.324658 0.909566
vt 0.345199 0.734028
vt 0.351492 0.729543
vt 0.351492 0.671489
vt 0.337844 0.792655
vt 0.703522 0.792655
vt 0.703522 0.863900
vt 0.337844 0.863900
vt 0.703522 0.910373
vt 0.337844 0.910373
vt 0.217185 0.909680
vt 0.217185 0.768186
vt 0.324658 0.768186
vt 0.324658 0.909567
vt 0.337844 0.745823
vt 0.703522 0.745823
vt 0.695112 0.956387
vt 0.230201 0.956387
vt 0.695112 0.985648
vt 0.230201 0.985648
vt 0.224372 0.985648
vt 0.224372 0.956387
vt 0.700941 0.985648
vt 0.700941 0.956387
s 1
usemtl bar
f 1/1/1 5/2/1 16/3/1 15/4/1
f 4/5/2 3/6/2 7/7/2 8/8/2
f 8/9/3 7/10/3 5/11/3 6/12/3
f 2/13/4 1/14/4 3/15/4 4/16/4
f 6/12/3 5/11/3 12/17/3 10/18/3
f 10/19/1 12/20/1 11/21/1 9/22/1
f 13/23/5 15/24/5 19/25/5 17/26/5
f 1/14/4 2/13/4 9/27/4 11/28/4
f 12/29/5 5/30/5 25/31/5 27/32/5
f 7/7/2 3/6/2 13/33/2 14/34/2
f 5/11/3 7/10/3 14/35/3 16/36/3
f 3/15/4 1/14/4 15/37/4 13/38/4
f 32/39/6 31/40/6 29/41/6 30/42/6
f 11/43/5 12/44/5 27/45/5 28/46/5
f 15/47/5 16/48/5 20/49/5 19/50/5
f 22/51/6 21/52/6 23/53/6 24/54/6
f 19/50/7 20/49/8 24/54/8 23/53/7
f 17/26/9 19/25/7 23/53/7 21/52/9
f 20/55/8 18/56/10 22/51/10 24/54/8
f 18/57/10 17/58/9 21/52/9 22/51/10
f 16/59/5 14/60/5 18/56/5 20/55/5
f 14/61/5 13/62/5 17/58/5 18/57/5
f 27/63/8 25/64/10 29/41/10 31/40/8
f 25/65/10 26/66/9 30/42/9 29/41/10
f 26/67/9 28/68/7 32/39/7 30/42/9
f 28/46/7 27/45/8 31/40/8 32/39/7
f 5/69/5 1/70/5 26/66/5 25/65/5
f 1/71/5 11/72/5 28/68/5 26/67/5
f 33/73/3 34/74/3 36/75/3 35/76/3
f 35/77/1 36/78/1 40/79/1 39/80/1
f 39/81/4 40/82/4 38/83/4 37/84/4
f 37/85/2 38/86/2 34/87/2 33/88/2
f 40/79/1 36/78/1 42/89/1 43/90/1
f 44/91/4 43/92/4 47/93/4 48/94/4
f 38/83/4 40/82/4 43/92/4 44/91/4
f 36/75/3 34/74/3 41/95/3 42/96/3
f 44/97/6 41/98/6 72/99/6 71/100/6
f 48/94/4 47/93/4 59/101/4 60/102/4
f 42/96/3 41/95/3 45/103/3 46/104/3
f 44/105/2 48/106/2 51/107/2 49/108/2
f 43/90/1 42/89/1 46/109/1 47/110/1
f 49/111/3 51/112/3 55/113/3 53/114/3
f 48/106/2 45/115/2 52/116/2 51/107/2
f 41/117/2 44/105/2 49/108/2 50/118/2
f 45/115/2 41/117/2 50/118/2 52/116/2
f 54/119/2 53/120/2 55/121/2 56/122/2
f 50/123/6 49/124/6 53/120/6 54/119/6
f 52/125/4 50/126/4 54/113/4 56/127/4
f 51/128/5 52/129/5 56/122/5 55/121/5
f 59/101/6 58/130/6 57/131/6 60/102/6
f 46/104/3 45/103/3 57/131/3 58/130/3
f 48/106/2 60/132/2 63/133/2 61/134/2
f 47/110/1 46/109/1 58/135/1 59/136/1
f 64/137/4 62/138/4 66/139/4 68/140/4
f 60/132/2 57/141/2 64/142/2 63/133/2
f 45/115/2 48/106/2 61/134/2 62/143/2
f 57/141/2 45/115/2 62/143/2 64/142/2
f 66/144/2 65/145/2 67/146/2 68/147/2
f 63/148/5 64/149/5 68/147/5 67/146/5
f 61/150/3 63/151/3 67/152/3 65/153/3
f 62/154/6 61/155/6 65/145/6 66/144/6
f 70/156/10 69/157/9 71/100/9 72/99/10
f 34/158/5 38/159/5 69/157/5 70/156/5
f 38/159/4 44/160/4 71/161/9 69/157/9
f 41/162/3 34/158/3 70/156/10 72/163/10
o Cube
v -2.430984 2.070939 -1.827674
v -2.442087 2.445597 -1.816571
v -2.430984 2.070939 -2.125861
v -2.442087 2.445597 -2.136964
v -2.132797 2.070939 -1.827674
v -2.121695 2.445597 -1.816571
v -2.132797 2.070939 -2.125861
v -2.121695 2.445597 -2.136964
v -2.431032 2.481181 -1.827626
v -2.431032 2.481181 -2.125909
v -2.132749 2.481181 -1.827626
v -2.132749 2.481181 -2.125909
v -2.392384 2.527895 -1.866275
v -2.392384 2.527895 -2.087260
v -2.171398 2.527895 -1.866275
v -2.171398 2.527895 -2.087260
v -2.349581 2.576831 -1.909078
v -2.349581 2.576831 -2.044458
v -2.214201 2.576831 -1.909078
v -2.214201 2.576831 -2.044458
v -2.316328 2.621318 -1.942332
v -2.316328 2.621318 -2.011204
v -2.247455 2.621318 -1.942332
v -2.247455 2.621318 -2.011204
v -2.316328 2.791739 -1.942332
v -2.316328 2.791739 -2.011204
v -2.247455 2.791739 -1.942332
v -2.247455 2.791739 -2.011204
v -2.332270 2.791739 -1.926389
v -2.332270 2.791739 -2.027147
v -2.231512 2.791739 -1.926389
v -2.231512 2.791739 -2.027147
v -2.332270 2.819467 -1.926389
v -2.332270 2.819467 -2.027147
v -2.231512 2.819467 -1.926389
v -2.231512 2.819467 -2.027147
v -2.309007 2.819467 -1.949652
v -2.309007 2.819467 -2.003884
v -2.254776 2.819467 -1.949652
v -2.254776 2.819467 -2.003884
v -2.315837 2.880845 -1.942822
v -2.315837 2.880845 -2.010714
v -2.247946 2.880845 -1.942822
v -2.247946 2.880845 -2.010714
vn -0.7065 -0.0419 0.7065
vn -0.6970 0.1688 0.6970
vn -0.6970 0.1688 -0.6970
vn -0.7065 -0.0419 -0.7065
vn 0.6970 0.1688 -0.6970
vn 0.7065 -0.0419 -0.7065
vn 0.6970 0.1688 0.6970
vn 0.7065 -0.0419 0.7065
vn -0.5899 0.5514 0.5899
vn -0.5899 0.5514 -0.5899
vn 0.5899 0.5514 0.5899
vn 0.5899 0.5514 -0.5899
vn 0.4547 0.7658 -0.4547
vn 0.4547 0.7658 0.4547
vn -0.4547 0.7658 0.4547
vn -0.4547 0.7658 -0.4547
vn 0.4580 0.7619 0.4580
vn -0.4580 0.7619 0.4580
vn -0.4580 0.7619 -0.4580
vn 0.4580 0.7619 -0.4580
vn 0.6201 0.4805 -0.6201
vn 0.6201 0.4805 0.6201
vn -0.6201 0.4805 0.6201
vn -0.6201 0.4805 -0.6201
vn 0.7071 -0.0000 0.7071
vn -0.7071 -0.0000 0.7071
vn -0.7071 -0.0000 -0.7071
vn 0.7071 -0.0000 -0.7071
vn -0.0000 -1.0000 -0.0000
vn -0.0000 1.0000 -0.0000
vn 0.6985 -0.1555 0.6985
vn 0.6985 -0.1555 -0.6985
vn -0.6985 -0.1555 -0.6985
vn -0.6985 -0.1555 0.6985
vt 0.830391 0.013022
vt 0.837607 0.078609
vt 0.892016 0.095046
vt 0.896352 0.012718
vt 0.896174 0.012730
vt 0.892095 0.093827
vt 0.837788 0.079164
vt 0.831016 0.012730
vt 0.785832 0.105395
vt 0.766189 0.025246
vt 0.771213 0.025231
vt 0.784357 0.100073
vt 0.837801 0.085287
vt 0.887645 0.101609
vt 0.789324 0.106182
vt 0.887964 0.100419
vt 0.838539 0.085928
vt 0.791373 0.111222
vt 0.839814 0.097117
vt 0.803872 0.118004
vt 0.838309 0.096154
vt 0.876142 0.110855
vt 0.801676 0.114413
vt 0.877310 0.109303
vt 0.814855 0.122004
vt 0.838985 0.109960
vt 0.865266 0.118511
vt 0.841445 0.110263
vt 0.817964 0.125124
vt 0.863756 0.119562
vt 0.842580 0.123962
vt 0.829106 0.131200
vt 0.838500 0.123705
vt 0.854816 0.127239
vt 0.825537 0.128914
vt 0.856962 0.126247
vt 0.829015 0.163373
vt 0.843473 0.163991
vt 0.861237 0.159271
vt 0.848170 0.162055
vt 0.835460 0.163748
vt 0.857085 0.161337
vt 0.864213 0.161089
vt 0.848666 0.164863
vt 0.833227 0.166451
vt 0.844100 0.166915
vt 0.860264 0.163299
vt 0.825038 0.167812
vt 0.849539 0.167780
vt 0.834402 0.173066
vt 0.844143 0.170303
vt 0.861442 0.170483
vt 0.826831 0.175571
vt 0.864733 0.167704
vt 0.834723 0.179346
vt 0.844735 0.174434
vt 0.860827 0.171400
vt 0.849832 0.171620
vt 0.841247 0.176309
vt 0.855582 0.176199
vt 0.851715 0.180209
vt 0.844531 0.185789
vt 0.848264 0.186410
vt 0.857181 0.184805
vt 0.836895 0.190055
vt 0.860328 0.184301
vt 0.853173 0.192943
s 1
usemtl bar
f 73/164/11 74/165/12 76/166/13 75/167/14
f 75/168/14 76/169/13 80/170/15 79/171/16
f 79/171/16 80/170/15 78/172/17 77/173/18
f 77/174/18 78/175/17 74/165/12 73/164/11
f 76/166/13 74/165/12 81/176/19 82/177/20
f 74/165/12 78/175/17 83/178/21 81/176/19
f 80/170/15 76/169/13 82/179/20 84/180/22
f 78/172/17 80/170/15 84/180/22 83/181/21
f 83/181/21 84/180/22 88/182/23 87/183/24
f 82/177/20 81/176/19 85/184/25 86/185/26
f 81/176/19 83/178/21 87/186/24 85/184/25
f 84/180/22 82/179/20 86/187/26 88/182/23
f 85/184/25 87/186/24 91/188/27 89/189/28
f 88/182/23 86/187/26 90/190/29 92/191/30
f 87/183/24 88/182/23 92/191/30 91/192/27
f 86/185/26 85/184/25 89/189/28 90/193/29
f 91/192/27 92/191/30 96/194/31 95/195/32
f 90/193/29 89/189/28 93/196/33 94/197/34
f 89/189/28 91/188/27 95/198/32 93/196/33
f 92/191/30 90/190/29 94/199/34 96/194/31
f 93/196/33 95/198/32 99/200/35 97/201/36
f 96/194/31 94/199/34 98/202/37 100/203/38
f 95/195/32 96/194/31 100/203/38 99/204/35
f 94/197/34 93/196/33 97/201/36 98/205/37
f 100/203/39 98/202/39 102/206/39 104/207/39
f 99/204/39 100/203/39 104/207/39 103/208/39
f 98/205/39 97/201/39 101/209/39 102/210/39
f 97/201/39 99/200/39 103/211/39 101/209/39
f 103/208/35 104/207/38 108/212/38 107/213/35
f 102/210/37 101/209/36 105/214/36 106/215/37
f 101/209/36 103/211/35 107/216/35 105/214/36
f 104/207/38 102/206/37 106/217/37 108/212/38
f 105/214/40 107/216/40 111/218/40 109/219/40
f 108/212/40 106/217/40 110/220/40 112/221/40
f 107/213/40 108/212/40 112/221/40 111/222/40
f 106/215/40 105/214/40 109/219/40 110/223/40
f 111/222/41 112/221/42 116/224/42 115/225/41
f 110/223/43 109/219/44 113/226/44 114/227/43
f 109/219/44 111/218/41 115/228/41 113/226/44
f 112/221/42 110/220/43 114/229/43 116/224/42
f 113/230/40 115/225/40 116/224/40 114/229/40
o Cylinder
v -2.706533 2.086676 -2.073728
v -2.706533 2.618049 -2.073728
v -2.652762 2.086676 -2.061455
v -2.652762 2.618049 -2.061455
v -2.609641 2.086676 -2.027068
v -2.609641 2.618049 -2.027068
v -2.585711 2.086676 -1.977376
v -2.585711 2.618049 -1.977376
v -2.585711 2.086676 -1.922222
v -2.585711 2.618049 -1.922222
v -2.609641 2.086676 -1.872530
v -2.609641 2.618049 -1.872530
v -2.652762 2.086676 -1.838143
v -2.652762 2.618049 -1.838143
v -2.706533 2.086676 -1.825870
v -2.706533 2.618049 -1.825870
v -2.760304 2.086676 -1.838143
v -2.760304 2.618049 -1.838143
v -2.803425 2.086676 -1.872530
v -2.803425 2.618049 -1.872530
v -2.827355 2.086676 -1.922222
v -2.827355 2.618049 -1.922222
v -2.827355 2.086676 -1.977376
v -2.827355 2.618049 -1.977376
v -2.803425 2.086676 -2.027068
v -2.803425 2.618049 -2.027068
v -2.760304 2.086676 -2.061455
v -2.760304 2.618049 -2.061455
v -2.706533 2.665288 -2.052020
v -2.662181 2.665288 -2.041897
v -2.626613 2.665288 -2.013533
v -2.606874 2.665288 -1.972546
v -2.606874 2.665288 -1.927053
v -2.626613 2.665288 -1.886065
v -2.662181 2.665288 -1.857701
v -2.706533 2.665288 -1.847578
v -2.750885 2.665288 -1.857701
v -2.786453 2.665288 -1.886065
v -2.806191 2.665288 -1.927053
v -2.806191 2.665288 -1.972546
v -2.786453 2.665288 -2.013533
v -2.750885 2.665288 -2.041897
v -2.706533 2.698894 -2.021613
v -2.675374 2.698894 -2.014501
v -2.650386 2.698894 -1.994575
v -2.636519 2.698894 -1.965779
v -2.636519 2.698894 -1.933819
v -2.650386 2.698894 -1.905024
v -2.675374 2.698894 -1.885097
v -2.706533 2.698894 -1.877985
v -2.737692 2.698894 -1.885097
v -2.762679 2.698894 -1.905024
v -2.776546 2.698894 -1.933819
v -2.776546 2.698894 -1.965779
v -2.762679 2.698894 -1.994575
v -2.737692 2.698894 -2.014501
v -2.706533 2.720336 -1.998970
v -2.685198 2.720336 -1.994101
v -2.668089 2.720336 -1.980457
v -2.658595 2.720336 -1.960741
v -2.658595 2.720336 -1.938857
v -2.668089 2.720336 -1.919141
v -2.685198 2.720336 -1.905498
v -2.706533 2.720336 -1.900628
v -2.727867 2.720336 -1.905498
v -2.744976 2.720336 -1.919141
v -2.754471 2.720336 -1.938857
v -2.754471 2.720336 -1.960741
v -2.744976 2.720336 -1.980457
v -2.727867 2.720336 -1.994101
v -2.706533 2.747787 -1.990042
v -2.689072 2.747787 -1.986057
v -2.675069 2.747787 -1.974890
v -2.667298 2.747787 -1.958754
v -2.667298 2.747787 -1.940844
v -2.675069 2.747787 -1.924708
v -2.689072 2.747787 -1.913541
v -2.706533 2.747787 -1.909556
v -2.723994 2.747787 -1.913541
v -2.737996 2.747787 -1.924708
v -2.745767 2.747787 -1.940844
v -2.745767 2.747787 -1.958754
v -2.737996 2.747787 -1.974890
v -2.723994 2.747787 -1.986057
v -2.706533 2.925710 -1.990042
v -2.689072 2.925710 -1.986057
v -2.675069 2.925710 -1.974890
v -2.667298 2.925710 -1.958754
v -2.667298 2.925710 -1.940844
v -2.675069 2.925710 -1.924708
v -2.689072 2.925710 -1.913541
v -2.706533 2.925710 -1.909556
v -2.723994 2.925710 -1.913541
v -2.737996 2.925710 -1.924708
v -2.745767 2.925710 -1.940844
v -2.745767 2.925710 -1.958754
v -2.737996 2.925710 -1.974890
v -2.723994 2.925710 -1.986057
v -2.706533 2.925710 -2.000371
v -2.684590 2.925710 -1.995363
v -2.666994 2.925710 -1.981330
v -2.657228 2.925710 -1.961052
v -2.657228 2.925710 -1.938546
v -2.666994 2.925710 -1.918268
v -2.684590 2.925710 -1.904235
v -2.706533 2.925710 -1.899227
v -2.728475 2.925710 -1.904235
v -2.746072 2.925710 -1.918268
v -2.755837 2.925710 -1.938546
v -2.755837 2.925710 -1.961052
v -2.746072 2.925710 -1.981330
v -2.728475 2.925710 -1.995363
v -2.706533 2.945027 -2.000371
v -2.684590 2.945027 -1.995363
v -2.666994 2.945027 -1.981330
v -2.657228 2.945027 -1.961052
v -2.657228 2.945027 -1.938546
v -2.666994 2.945027 -1.918268
v -2.684590 2.945027 -1.904235
v -2.706533 2.945027 -1.899227
v -2.728475 2.945027 -1.904235
v -2.746072 2.945027 -1.918268
v -2.755837 2.945027 -1.938546
v -2.755837 2.945027 -1.961052
v -2.746072 2.945027 -1.981330
v -2.728475 2.945027 -1.995363
v -2.706533 2.072082 -2.051182
v -2.662544 2.072082 -2.041142
v -2.627268 2.072082 -2.013011
v -2.607691 2.072082 -1.972359
v -2.607691 2.072082 -1.927239
v -2.627268 2.072082 -1.886588
v -2.662544 2.072082 -1.858456
v -2.706533 2.072082 -1.848416
v -2.750521 2.072082 -1.858456
v -2.785797 2.072082 -1.886588
v -2.805374 2.072082 -1.927239
v -2.805374 2.072082 -1.972359
v -2.785797 2.072082 -2.013011
v -2.750521 2.072082 -2.041142
v -2.706533 2.072082 -1.949799
v -2.706533 2.945027 -1.979481
v -2.693654 2.945027 -1.976542
v -2.683326 2.945027 -1.968306
v -2.677595 2.945027 -1.956404
v -2.677595 2.945027 -1.943194
v -2.683326 2.945027 -1.931293
v -2.693654 2.945027 -1.923056
v -2.706533 2.945027 -1.920117
v -2.719411 2.945027 -1.923056
v -2.729739 2.945027 -1.931293
v -2.735471 2.945027 -1.943194
v -2.735471 2.945027 -1.956404
v -2.729739 2.945027 -1.968306
v -2.719411 2.945027 -1.976542
v -2.706533 2.985611 -1.982348
v -2.692410 2.985611 -1.979125
v -2.681085 2.985611 -1.970093
v -2.674800 2.985611 -1.957042
v -2.674800 2.985611 -1.942556
v -2.681085 2.985611 -1.929505
v -2.692410 2.985611 -1.920474
v -2.706533 2.985611 -1.917250
v -2.720655 2.985611 -1.920474
v -2.731980 2.985611 -1.929505
v -2.738265 2.985611 -1.942556
v -2.738265 2.985611 -1.957042
v -2.731980 2.985611 -1.970093
v -2.720655 2.985611 -1.979125
v -2.706533 2.985611 -1.949799
vn -0.0000 -0.0000 -1.0000
vn -0.0000 0.2077 -0.9782
vn 0.4244 0.2077 -0.8813
vn 0.4339 -0.0000 -0.9010
vn 0.7648 0.2077 -0.6099
vn 0.7818 -0.0000 -0.6235
vn 0.9537 0.2076 -0.2177
vn 0.9749 -0.0000 -0.2225
vn 0.9537 0.2077 0.2177
vn 0.9749 -0.0000 0.2225
vn 0.7648 0.2077 0.6099
vn 0.7818 -0.0000 0.6235
vn 0.4244 0.2077 0.8813
vn 0.4339 -0.0000 0.9010
vn -0.0000 0.2077 0.9782
vn -0.0000 -0.0000 1.0000
vn -0.4244 0.2077 0.8813
vn -0.4339 -0.0000 0.9010
vn -0.7648 0.2077 0.6099
vn -0.7818 -0.0000 0.6235
vn -0.9537 0.2077 0.2177
vn -0.9749 -0.0000 0.2225
vn -0.9537 0.2077 -0.2177
vn -0.9749 -0.0000 -0.2225
vn -0.7648 0.2077 -0.6099
vn -0.7818 -0.0000 -0.6235
vn -0.3649 0.5409 0.7578
vn -0.6576 0.5409 0.5244
vn -0.4244 0.2077 -0.8813
vn -0.4339 -0.0000 -0.9010
vn 0.8200 0.5409 -0.1872
vn 0.8200 0.5409 0.1872
vn -0.3649 0.5409 -0.7578
vn -0.0000 0.5409 -0.8411
vn 0.3649 0.5409 -0.7578
vn 0.6576 0.5409 -0.5244
vn 0.3649 0.5409 0.7578
vn -0.0000 0.5409 0.8411
vn -0.8200 0.5409 -0.1872
vn -0.6576 0.5409 -0.5244
vn 0.6576 0.5409 0.5244
vn -0.8200 0.5409 0.1871
vn 0.3114 0.6963 0.6467
vn -0.0000 0.6963 0.7177
vn -0.3114 0.6963 0.6467
vn -0.0000 0.6963 -0.7177
vn 0.3114 0.6963 -0.6467
vn -0.5612 0.6963 0.4475
vn 0.5612 0.6963 -0.4475
vn -0.6998 0.6963 0.1597
vn 0.6997 0.6963 -0.1597
vn -0.6998 0.6963 -0.1597
vn 0.6997 0.6963 0.1597
vn -0.5612 0.6963 -0.4475
vn 0.5612 0.6963 0.4475
vn -0.3114 0.6963 -0.6467
vn -0.3622 0.5506 0.7521
vn -0.6526 0.5506 0.5205
vn 0.3622 0.5506 -0.7521
vn 0.6527 0.5506 -0.5205
vn -0.8138 0.5506 0.1858
vn 0.8138 0.5506 -0.1858
vn -0.8138 0.5506 -0.1858
vn 0.8138 0.5506 0.1858
vn -0.6526 0.5506 -0.5205
vn 0.6526 0.5506 0.5205
vn -0.3622 0.5506 -0.7521
vn 0.3622 0.5506 0.7521
vn -0.0000 0.5506 -0.8348
vn -0.0000 0.5506 0.8348
vn 0.7717 0.1601 -0.6154
vn 0.9624 0.1601 -0.2196
vn -0.9623 0.1601 0.2197
vn -0.9623 0.1601 -0.2197
vn 0.9624 0.1601 0.2196
vn -0.7717 0.1601 -0.6154
vn 0.7717 0.1601 0.6154
vn -0.4283 0.1601 -0.8893
vn 0.4283 0.1601 0.8893
vn -0.0000 0.1601 -0.9871
vn -0.0000 0.1601 0.9871
vn -0.4283 0.1601 0.8893
vn 0.4283 0.1601 -0.8893
vn -0.7717 0.1601 0.6154
vn -0.0000 -1.0000 -0.0000
vn 0.5298 -0.8395 -0.1209
vn 0.5298 -0.8395 0.1209
vn -0.2358 -0.8395 0.4896
vn -0.4248 -0.8395 0.3388
vn -0.2358 -0.8395 -0.4896
vn -0.0000 -0.8395 -0.5434
vn 0.2358 -0.8395 -0.4896
vn 0.4248 -0.8395 -0.3388
vn 0.2358 -0.8395 0.4896
vn -0.0000 -0.8395 0.5434
vn -0.5298 -0.8395 -0.1209
vn -0.4248 -0.8395 -0.3388
vn 0.4248 -0.8395 0.3388
vn -0.5298 -0.8395 0.1209
vn -0.0000 1.0000 -0.0000
vn -0.9725 -0.0704 -0.2220
vn -0.9725 -0.0704 0.2220
vn 0.9725 -0.0705 0.2220
vn 0.9725 -0.0705 -0.2220
vn -0.7799 -0.0705 -0.6219
vn 0.7799 -0.0705 0.6219
vn -0.4328 -0.0705 -0.8987
vn 0.4328 -0.0705 0.8987
vn -0.0000 -0.0705 -0.9975
vn -0.0000 -0.0705 0.9975
vn -0.4328 -0.0705 0.8987
vn 0.4328 -0.0705 -0.8987
vn -0.7799 -0.0705 0.6219
vn 0.7799 -0.0705 -0.6219
vt 0.682698 0.241490
vt 0.688889 0.340228
vt 0.677797 0.337975
vt 0.672846 0.248066
vt 0.667839 0.336834
vt 0.664061 0.252005
vt 0.658480 0.336502
vt 0.655852 0.253637
vt 0.649347 0.336772
vt 0.647934 0.253790
vt 0.640056 0.337581
vt 0.639689 0.252682
vt 0.630202 0.339393
vt 0.630451 0.249558
vt 0.619564 0.342139
vt 0.619564 0.243205
vt 0.619767 0.242682
vt 0.618973 0.342593
vt 0.630090 0.339651
vt 0.630031 0.249226
vt 0.640081 0.337840
vt 0.639041 0.252599
vt 0.649436 0.337017
vt 0.647268 0.253731
vt 0.658628 0.336731
vt 0.655244 0.253733
vt 0.668028 0.337056
vt 0.663524 0.252023
vt 0.632987 0.349590
vt 0.641704 0.347298
vt 0.677978 0.338196
vt 0.672483 0.248311
vt 0.688730 0.340252
vt 0.682920 0.240987
vt 0.658419 0.345523
vt 0.650084 0.345829
vt 0.675832 0.348052
vt 0.684883 0.351122
vt 0.675583 0.347855
vt 0.666892 0.346092
vt 0.633017 0.349146
vt 0.624085 0.352853
vt 0.658594 0.345803
vt 0.667114 0.346346
vt 0.641646 0.346943
vt 0.650191 0.346141
vt 0.623897 0.353554
vt 0.684611 0.351211
vt 0.636695 0.358433
vt 0.630006 0.361969
vt 0.630141 0.362660
vt 0.636849 0.358933
vt 0.679172 0.360048
vt 0.672527 0.357136
vt 0.643834 0.356680
vt 0.665421 0.355584
vt 0.651070 0.355403
vt 0.658218 0.354902
vt 0.658426 0.355228
vt 0.650937 0.355032
vt 0.665693 0.355915
vt 0.643674 0.356284
vt 0.672868 0.357402
vt 0.679668 0.360378
vt 0.639998 0.366113
vt 0.645893 0.364508
vt 0.670069 0.364511
vt 0.664141 0.363535
vt 0.652023 0.363643
vt 0.658026 0.362924
vt 0.658197 0.363562
vt 0.651809 0.363380
vt 0.664345 0.363852
vt 0.645624 0.364193
vt 0.670325 0.364862
vt 0.639652 0.365663
vt 0.675834 0.366691
vt 0.634562 0.367977
vt 0.634900 0.368634
vt 0.675350 0.366256
vt 0.663330 0.371861
vt 0.657991 0.371666
vt 0.652729 0.372287
vt 0.658176 0.372172
vt 0.652570 0.371981
vt 0.663560 0.372369
vt 0.647246 0.372625
vt 0.668737 0.372880
vt 0.642089 0.373503
vt 0.673662 0.373596
vt 0.637101 0.374560
vt 0.637766 0.374942
vt 0.642348 0.373803
vt 0.673307 0.372995
vt 0.668436 0.372352
vt 0.647405 0.372885
vt 0.660621 0.425053
vt 0.665460 0.425235
vt 0.654825 0.425149
vt 0.649821 0.425915
vt 0.670401 0.425095
vt 0.644699 0.426214
vt 0.675493 0.424832
vt 0.639444 0.426580
vt 0.640095 0.426546
vt 0.645548 0.426293
vt 0.675198 0.425057
vt 0.669859 0.425117
vt 0.650659 0.425900
vt 0.664777 0.425313
vt 0.655616 0.425083
vt 0.659873 0.425138
vt 0.659944 0.427667
vt 0.655027 0.427904
vt 0.660701 0.427548
vt 0.665434 0.427539
vt 0.650088 0.428334
vt 0.670373 0.427783
vt 0.644952 0.429060
vt 0.676204 0.427816
vt 0.638926 0.429496
vt 0.639575 0.429851
vt 0.645894 0.429111
vt 0.675957 0.427963
vt 0.669829 0.427957
vt 0.650961 0.428292
vt 0.664755 0.427671
vt 0.655846 0.427808
vt 0.665097 0.431610
vt 0.669815 0.432140
vt 0.650866 0.432547
vt 0.645967 0.433519
vt 0.675554 0.433446
vt 0.639928 0.435490
vt 0.641011 0.435737
vt 0.646668 0.433625
vt 0.675209 0.433766
vt 0.669577 0.432434
vt 0.651468 0.432502
vt 0.664740 0.431845
vt 0.656049 0.431790
vt 0.660145 0.431715
vt 0.660605 0.431530
vt 0.655528 0.431923
vt 0.648227 0.249845
vt 0.655293 0.249587
vt 0.640283 0.248186
vt 0.632615 0.244653
vt 0.677309 0.236322
vt 0.669655 0.243776
vt 0.662562 0.247663
vt 0.669970 0.243735
vt 0.624707 0.237587
vt 0.633157 0.244759
vt 0.662097 0.247741
vt 0.654763 0.249525
vt 0.640958 0.248373
vt 0.647600 0.249739
vt 0.624858 0.237886
vt 0.677585 0.236420
vt 0.651213 0.228057
vt 0.650640 0.228028
vt 0.647897 0.439301
vt 0.643999 0.440970
vt 0.645023 0.440914
vt 0.648773 0.439240
vt 0.672041 0.438946
vt 0.668162 0.437761
vt 0.652628 0.437722
vt 0.664066 0.437254
vt 0.656649 0.437343
vt 0.660033 0.437218
vt 0.660541 0.436959
vt 0.656043 0.437683
vt 0.664499 0.436900
vt 0.651908 0.437961
vt 0.668467 0.437435
vt 0.672318 0.438595
vt 0.658162 0.446826
vt 0.660703 0.446541
vt 0.660019 0.447084
vt 0.657396 0.447234
vt 0.663298 0.446961
vt 0.654821 0.448116
vt 0.666177 0.448021
vt 0.652198 0.449777
vt 0.669586 0.450319
vt 0.649107 0.452751
vt 0.650018 0.452288
vt 0.653006 0.449316
vt 0.668924 0.451178
vt 0.665483 0.448769
vt 0.655677 0.447714
vt 0.662677 0.447554
vt 0.660208 0.454629
vt 0.659320 0.455208
s 1
usemtl bar
f 117/231/45 118/232/46 120/233/47 119/234/48
f 119/234/48 120/233/47 122/235/49 121/236/50
f 121/236/50 122/235/49 124/237/51 123/238/52
f 123/238/52 124/237/51 126/239/53 125/240/54
f 125/240/54 126/239/53 128/241/55 127/242/56
f 127/242/56 128/241/55 130/243/57 129/244/58
f 129/244/58 130/243/57 132/245/59 131/246/60
f 131/247/60 132/248/59 134/249/61 133/250/62
f 133/250/62 134/249/61 136/251/63 135/252/64
f 135/252/64 136/251/63 138/253/65 137/254/66
f 137/254/66 138/253/65 140/255/67 139/256/68
f 139/256/68 140/255/67 142/257/69 141/258/70
f 136/251/63 134/249/61 153/259/71 154/260/72
f 141/258/70 142/257/69 144/261/73 143/262/74
f 143/262/74 144/261/73 118/263/46 117/264/45
f 126/239/53 124/237/51 148/265/75 149/266/76
f 118/263/46 144/261/73 158/267/77 145/268/78
f 122/235/49 120/233/47 146/269/79 147/270/80
f 132/245/59 130/243/57 151/271/81 152/272/82
f 142/257/69 140/255/67 156/273/83 157/274/84
f 128/241/55 126/239/53 149/266/76 150/275/85
f 138/253/65 136/251/63 154/260/72 155/276/86
f 124/237/51 122/235/49 147/270/80 148/265/75
f 134/249/61 132/248/59 152/277/82 153/259/71
f 120/233/47 118/232/46 145/278/78 146/269/79
f 144/261/73 142/257/69 157/274/84 158/267/77
f 130/243/57 128/241/55 150/275/85 151/271/81
f 140/255/67 138/253/65 155/276/86 156/273/83
f 152/272/82 151/271/81 165/279/87 166/280/88
f 153/259/71 152/277/82 166/281/88 167/282/89
f 146/269/79 145/278/78 159/283/90 160/284/91
f 154/260/72 153/259/71 167/282/89 168/285/92
f 147/270/80 146/269/79 160/284/91 161/286/93
f 155/276/86 154/260/72 168/285/92 169/287/94
f 148/265/75 147/270/80 161/286/93 162/288/95
f 156/273/83 155/276/86 169/287/94 170/289/96
f 149/266/76 148/265/75 162/288/95 163/290/97
f 157/274/84 156/273/83 170/289/96 171/291/98
f 150/275/85 149/266/76 163/290/97 164/292/99
f 158/267/77 157/274/84 171/291/98 172/293/100
f 151/271/81 150/275/85 164/292/99 165/279/87
f 145/268/78 158/267/77 172/293/100 159/294/90
f 168/285/92 167/282/89 181/295/101 182/296/102
f 161/286/93 160/284/91 174/297/103 175/298/104
f 169/287/94 168/285/92 182/296/102 183/299/105
f 162/288/95 161/286/93 175/298/104 176/300/106
f 170/289/96 169/287/94 183/299/105 184/301/107
f 163/290/97 162/288/95 176/300/106 177/302/108
f 171/291/98 170/289/96 184/301/107 185/303/109
f 164/292/99 163/290/97 177/302/108 178/304/110
f 172/293/100 171/291/98 185/303/109 186/305/111
f 165/279/87 164/292/99 178/304/110 179/306/112
f 159/294/90 172/293/100 186/305/111 173/307/113
f 166/280/88 165/279/87 179/306/112 180/308/114
f 167/282/89 166/281/88 180/309/114 181/295/101
f 160/284/91 159/283/90 173/310/113 174/297/103
f 176/300/106 175/298/104 189/311/115 190/312/116
f 184/301/107 183/299/105 197/313/117 198/314/118
f 177/302/108 176/300/106 190/312/116 191/315/119
f 185/303/109 184/301/107 198/314/118 199/316/120
f 178/304/110 177/302/108 191/315/119 192/317/121
f 186/305/111 185/303/109 199/316/120 200/318/122
f 179/306/112 178/304/110 192/317/121 193/319/123
f 173/307/113 186/305/111 200/318/122 187/320/124
f 180/308/114 179/306/112 193/319/123 194/321/125
f 181/295/101 180/309/114 194/322/125 195/323/126
f 174/297/103 173/310/113 187/324/124 188/325/127
f 182/296/102 181/295/101 195/323/126 196/326/128
f 175/298/104 174/297/103 188/325/127 189/311/115
f 183/299/105 182/296/102 196/326/128 197/313/117
f 199/316/120 198/314/118 212/327/68 213/328/70
f 192/317/121 191/315/119 205/329/54 206/330/56
f 200/318/122 199/316/120 213/328/70 214/331/74
f 193/319/123 192/317/121 206/330/56 207/332/58
f 187/320/124 200/318/122 214/331/74 201/333/45
f 194/321/125 193/319/123 207/332/58 208/334/60
f 195/323/126 194/322/125 208/335/60 209/336/62
f 188/325/127 187/324/124 201/337/45 202/338/48
f 196/326/128 195/323/126 209/336/62 210/339/64
f 189/311/115 188/325/127 202/338/48 203/340/50
f 197/313/117 196/326/128 210/339/64 211/341/66
f 190/312/116 189/311/115 203/340/50 204/342/52
f 198/314/118 197/313/117 211/341/66 212/327/68
f 191/315/119 190/312/116 204/342/52 205/329/54
f 205/329/129 204/342/129 218/343/129 219/344/129
f 213/328/129 212/327/129 226/345/129 227/346/129
f 206/330/129 205/329/129 219/344/129 220/347/129
f 214/331/129 213/328/129 227/346/129 228/348/129
f 207/332/129 206/330/129 220/347/129 221/349/129
f 201/333/129 214/331/129 228/348/129 215/350/129
f 208/334/129 207/332/129 221/349/129 222/351/129
f 209/336/129 208/335/129 222/352/129 223/353/129
f 202/338/129 201/337/129 215/354/129 216/355/129
f 210/339/129 209/336/129 223/353/129 224/356/129
f 203/340/129 202/338/129 216/355/129 217/357/129
f 211/341/129 210/339/129 224/356/129 225/358/129
f 204/342/129 203/340/129 217/357/129 218/343/129
f 212/327/129 211/341/129 225/358/129 226/345/129
f 228/348/74 227/346/70 241/359/70 242/360/74
f 221/349/58 220/347/56 234/361/56 235/362/58
f 215/350/45 228/348/74 242/360/74 229/363/45
f 222/351/60 221/349/58 235/362/58 236/364/60
f 223/353/62 222/352/60 236/365/60 237/366/62
f 216/355/48 215/354/45 229/367/45 230/368/48
f 224/356/64 223/353/62 237/366/62 238/369/64
f 217/357/50 216/355/48 230/368/48 231/370/50
f 225/358/66 224/356/64 238/369/64 239/371/66
f 218/343/52 217/357/50 231/370/50 232/372/52
f 226/345/68 225/358/66 239/371/66 240/373/68
f 219/344/54 218/343/52 232/372/52 233/374/54
f 227/346/70 226/345/68 240/373/68 241/359/70
f 220/347/56 219/344/54 233/374/54 234/361/56
f 123/238/130 125/240/131 247/375/131 246/376/130
f 133/250/132 135/252/133 252/377/133 251/378/132
f 143/262/134 117/264/135 243/379/135 256/380/134
f 119/234/136 121/236/137 245/381/137 244/382/136
f 129/244/138 131/246/139 250/383/139 249/384/138
f 139/256/140 141/258/141 255/385/141 254/386/140
f 125/240/131 127/242/142 248/387/142 247/375/131
f 135/252/133 137/254/143 253/388/143 252/377/133
f 121/236/137 123/238/130 246/376/130 245/381/137
f 131/247/139 133/250/132 251/378/132 250/389/139
f 117/231/135 119/234/136 244/382/136 243/390/135
f 141/258/141 143/262/134 256/380/134 255/385/141
f 127/242/142 129/244/138 249/384/138 248/387/142
f 137/254/143 139/256/140 254/386/140 253/388/143
f 244/382/129 245/381/129 257/391/129
f 252/377/129 253/388/129 257/392/129
f 245/381/129 246/376/129 257/391/129
f 253/388/129 254/386/129 257/392/129
f 246/376/129 247/375/129 257/391/129
f 254/386/129 255/385/129 257/392/129
f 247/375/129 248/387/129 257/391/129
f 255/385/129 256/380/129 257/392/129
f 248/387/129 249/384/129 257/391/129
f 256/380/129 243/379/129 257/392/129
f 249/384/129 250/383/129 257/391/129
f 250/389/129 251/378/129 257/392/129
f 243/390/129 244/382/129 257/391/129
f 251/378/129 252/377/129 257/392/129
f 236/364/144 235/362/144 264/393/144 265/394/144
f 237/366/144 236/365/144 265/395/144 266/396/144
f 230/368/144 229/367/144 258/397/144 259/398/144
f 238/369/144 237/366/144 266/396/144 267/399/144
f 231/370/144 230/368/144 259/398/144 260/400/144
f 239/371/144 238/369/144 267/399/144 268/401/144
f 232/372/144 231/370/144 260/400/144 261/402/144
f 240/373/144 239/371/144 268/401/144 269/403/144
f 233/374/144 232/372/144 261/402/144 262/404/144
f 241/359/144 240/373/144 269/403/144 270/405/144
f 234/361/144 233/374/144 262/404/144 263/406/144
f 242/360/144 241/359/144 270/405/144 271/407/144
f 235/362/144 234/361/144 263/406/144 264/393/144
f 229/363/144 242/360/144 271/407/144 258/408/144
f 269/403/145 268/401/146 282/409/146 283/410/145
f 262/404/147 261/402/148 275/411/148 276/412/147
f 270/405/149 269/403/145 283/410/145 284/413/149
f 263/406/150 262/404/147 276/412/147 277/414/150
f 271/407/151 270/405/149 284/413/149 285/415/151
f 264/393/152 263/406/150 277/414/150 278/416/152
f 258/408/153 271/407/151 285/415/151 272/417/153
f 265/394/154 264/393/152 278/416/152 279/418/154
f 266/396/155 265/395/154 279/419/154 280/420/155
f 259/398/156 258/397/153 272/421/153 273/422/156
f 267/399/157 266/396/155 280/420/155 281/423/157
f 260/400/158 259/398/156 273/422/156 274/424/158
f 268/401/146 267/399/157 281/423/157 282/409/146
f 261/402/148 260/400/158 274/424/158 275/411/148
f 285/415/144 284/413/144 286/425/144
f 278/416/144 277/414/144 286/426/144
f 272/417/144 285/415/144 286/425/144
f 279/418/144 278/416/144 286/426/144
f 280/420/144 279/419/144 286/425/144
f 273/422/144 272/421/144 286/426/144
f 281/423/144 280/420/144 286/425/144
f 274/424/144 273/422/144 286/426/144
f 282/409/144 281/423/144 286/425/144
f 275/411/144 274/424/144 286/426/144
f 283/410/144 282/409/144 286/425/144
f 276/412/144 275/411/144 286/426/144
f 284/413/144 283/410/144 286/425/144
f 277/414/144 276/412/144 286/426/144
o Cylinder.001
v -1.841248 2.098893 -2.113374
v -1.841248 2.536512 -2.141021
v -1.774573 2.098893 -2.095509
v -1.760750 2.536512 -2.119451
v -1.725763 2.098893 -2.046700
v -1.701821 2.536512 -2.060523
v -1.707898 2.098893 -1.980024
v -1.680252 2.536512 -1.980024
v -1.725763 2.098893 -1.913350
v -1.701821 2.536512 -1.899526
v -1.774573 2.098893 -1.864540
v -1.760750 2.536512 -1.840598
v -1.841248 2.098893 -1.846675
v -1.841248 2.536512 -1.819028
v -1.907923 2.098893 -1.864540
v -1.921746 2.536512 -1.840598
v -1.956732 2.098893 -1.913350
v -1.980674 2.536512 -1.899526
v -1.974598 2.098893 -1.980024
v -2.002244 2.536512 -1.980024
v -1.956732 2.098893 -2.046700
v -1.980674 2.536512 -2.060523
v -1.907923 2.098893 -2.095509
v -1.921746 2.536512 -2.119451
v -1.841248 2.578200 -2.117848
v -1.772336 2.578200 -2.099384
v -1.721889 2.578200 -2.048936
v -1.703424 2.578200 -1.980024
v -1.721889 2.578200 -1.911113
v -1.772336 2.578200 -1.860666
v -1.841248 2.578200 -1.842201
v -1.910159 2.578200 -1.860666
v -1.960607 2.578200 -1.911113
v -1.979071 2.578200 -1.980024
v -1.960607 2.578200 -2.048936
v -1.910159 2.578200 -2.099384
v -1.841248 2.628225 -2.062505
v -1.800007 2.628225 -2.051455
v -1.769818 2.628225 -2.021265
v -1.758767 2.628225 -1.980024
v -1.769818 2.628225 -1.938784
v -1.800007 2.628225 -1.908594
v -1.841248 2.628225 -1.897544
v -1.882488 2.628225 -1.908594
v -1.912678 2.628225 -1.938784
v -1.923729 2.628225 -1.980024
v -1.912678 2.628225 -2.021265
v -1.882488 2.628225 -2.051455
v -1.841248 2.665744 -2.037550
v -1.812485 2.665744 -2.029843
v -1.791429 2.665744 -2.008788
v -1.783722 2.665744 -1.980024
v -1.791429 2.665744 -1.951262
v -1.812485 2.665744 -1.930205
v -1.841248 2.665744 -1.922499
v -1.870011 2.665744 -1.930205
v -1.891067 2.665744 -1.951262
v -1.898773 2.665744 -1.980024
v -1.891067 2.665744 -2.008788
v -1.870011 2.665744 -2.029843
v -1.841248 2.724107 -2.024993
v -1.818763 2.724107 -2.018968
v -1.802304 2.724107 -2.002509
v -1.796279 2.724107 -1.980024
v -1.802304 2.724107 -1.957540
v -1.818763 2.724107 -1.941081
v -1.841248 2.724107 -1.935056
v -1.863732 2.724107 -1.941081
v -1.880192 2.724107 -1.957540
v -1.886217 2.724107 -1.980024
v -1.880192 2.724107 -2.002509
v -1.863732 2.724107 -2.018968
v -1.841248 2.936713 -2.024993
v -1.818763 2.936713 -2.018968
v -1.802304 2.936713 -2.002509
v -1.796279 2.936713 -1.980024
v -1.802304 2.936713 -1.957540
v -1.818763 2.936713 -1.941081
v -1.841248 2.936713 -1.935056
v -1.863732 2.936713 -1.941081
v -1.880192 2.936713 -1.957540
v -1.886217 2.936713 -1.980024
v -1.880192 2.936713 -2.002509
v -1.863732 2.936713 -2.018968
v -1.841248 2.936713 -2.044982
v -1.808769 2.936713 -2.036279
v -1.784993 2.936713 -2.012503
v -1.776290 2.936713 -1.980024
v -1.784993 2.936713 -1.947546
v -1.808769 2.936713 -1.923769
v -1.841248 2.936713 -1.915067
v -1.873727 2.936713 -1.923769
v -1.897503 2.936713 -1.947546
v -1.906205 2.936713 -1.980024
v -1.897503 2.936713 -2.012503
v -1.873727 2.936713 -2.036279
v -1.841248 2.962494 -2.044982
v -1.808769 2.962494 -2.036279
v -1.784993 2.962494 -2.012503
v -1.776290 2.962494 -1.980024
v -1.784993 2.962494 -1.947546
v -1.808769 2.962494 -1.923769
v -1.841248 2.962494 -1.915067
v -1.873727 2.962494 -1.923769
v -1.897503 2.962494 -1.947546
v -1.906205 2.962494 -1.980024
v -1.897503 2.962494 -2.012503
v -1.873727 2.962494 -2.036279
v -1.841248 2.962494 -1.980024
v -1.941904 2.079692 -2.038139
v -1.957476 2.079692 -1.980024
v -1.941904 2.079692 -1.921911
v -1.899362 2.079692 -1.879368
v -1.841248 2.079692 -1.863796
v -1.783134 2.079692 -1.879368
v -1.740592 2.079692 -1.921911
v -1.725020 2.079692 -1.980024
v -1.740592 2.079692 -2.038139
v -1.783134 2.079692 -2.080681
v -1.841248 2.079692 -2.096253
v -1.899362 2.079692 -2.080681
vn -0.0000 -0.0630 -0.9980
vn -0.0000 0.2109 -0.9775
vn 0.4887 0.2109 -0.8465
vn 0.4990 -0.0630 -0.8643
vn 0.8465 0.2109 -0.4888
vn 0.8643 -0.0630 -0.4990
vn 0.9775 0.2109 -0.0000
vn 0.9980 -0.0630 -0.0000
vn 0.8465 0.2109 0.4888
vn 0.8643 -0.0630 0.4990
vn 0.4887 0.2109 0.8465
vn 0.4990 -0.0630 0.8643
vn -0.0000 0.2109 0.9775
vn -0.0000 -0.0630 0.9980
vn -0.4888 0.2109 0.8465
vn -0.4990 -0.0630 0.8643
vn -0.8465 0.2109 0.4888
vn -0.8643 -0.0630 0.4990
vn -0.9775 0.2109 -0.0000
vn -0.9980 -0.0630 -0.0000
vn -0.8465 0.2109 -0.4888
vn -0.8643 -0.0630 -0.4990
vn -0.7929 0.6094 -0.0000
vn -0.6867 0.6094 -0.3964
vn -0.4888 0.2109 -0.8465
vn -0.4990 -0.0630 -0.8643
vn 0.3964 0.6094 -0.6867
vn 0.6867 0.6094 -0.3964
vn -0.6867 0.6094 0.3964
vn -0.3964 0.6094 0.6867
vn -0.0000 0.6094 0.7929
vn 0.3964 0.6094 0.6867
vn 0.6867 0.6094 0.3964
vn 0.7929 0.6094 -0.0000
vn -0.3964 0.6094 -0.6867
vn -0.0000 0.6094 -0.7929
vn 0.7484 0.6632 -0.0000
vn 0.6482 0.6632 0.3742
vn -0.6482 0.6632 -0.3742
vn -0.3742 0.6632 -0.6482
vn -0.0000 0.6632 -0.7484
vn 0.3742 0.6632 -0.6482
vn -0.3742 0.6632 0.6482
vn -0.6482 0.6632 0.3742
vn 0.3742 0.6632 0.6482
vn 0.6482 0.6632 -0.3742
vn -0.7484 0.6632 -0.0000
vn -0.0000 0.6632 0.7484
vn 0.9164 0.4004 -0.0000
vn 0.7936 0.4004 0.4582
vn -0.7936 0.4004 -0.4582
vn -0.4582 0.4004 -0.7936
vn -0.0000 0.4004 -0.9164
vn 0.4582 0.4004 -0.7936
vn -0.4582 0.4004 0.7936
vn -0.7936 0.4004 0.4582
vn 0.4582 0.4004 0.7936
vn 0.7936 0.4004 -0.4582
vn -0.9164 0.4004 -0.0000
vn -0.0000 0.4004 0.9164
vn -0.0000 0.1076 0.9942
vn -0.4971 0.1076 0.8610
vn 0.9942 0.1076 -0.0000
vn 0.8610 0.1076 0.4971
vn -0.8610 0.1076 -0.4971
vn -0.4971 0.1076 -0.8610
vn -0.0000 0.1076 -0.9942
vn 0.4971 0.1076 -0.8610
vn -0.8610 0.1076 0.4971
vn 0.4971 0.1076 0.8610
vn 0.8610 0.1076 -0.4971
vn -0.9942 0.1076 -0.0000
vn -0.0000 -0.0000 1.0000
vn -0.5000 -0.0000 0.8660
vn 1.0000 -0.0000 -0.0000
vn 0.8660 -0.0000 0.5000
vn -0.8660 -0.0000 -0.5000
vn -0.5000 -0.0000 -0.8660
vn -0.0000 -0.0000 -1.0000
vn 0.5000 -0.0000 -0.8660
vn -0.8660 -0.0000 0.5000
vn 0.5000 -0.0000 0.8660
vn 0.8660 -0.0000 -0.5000
vn -1.0000 -0.0000 -0.0000
vn -0.0000 -1.0000 -0.0000
vn -0.0000 1.0000 -0.0000
vn 0.6464 -0.6656 0.3732
vn 0.3732 -0.6655 0.6464
vn 0.7464 -0.6656 -0.0000
vn -0.3732 -0.6655 -0.6464
vn -0.0000 -0.6655 -0.7464
vn 0.3732 -0.6655 -0.6464
vn 0.6464 -0.6656 -0.3732
vn -0.6464 -0.6655 -0.3732
vn -0.7464 -0.6655 -0.0000
vn -0.6464 -0.6655 0.3732
vn -0.3732 -0.6655 0.6464
vn -0.0000 -0.6655 0.7464
vt 0.692599 0.456377
vt 0.686809 0.379195
vt 0.702509 0.383118
vt 0.704558 0.454205
vt 0.715697 0.384686
vt 0.716337 0.453409
vt 0.728120 0.384944
vt 0.728149 0.453247
vt 0.740507 0.384355
vt 0.739705 0.453389
vt 0.753730 0.382514
vt 0.751269 0.454109
vt 0.768830 0.379110
vt 0.763446 0.456305
vt 0.763828 0.456311
vt 0.769492 0.378288
vt 0.753623 0.382369
vt 0.751580 0.454029
vt 0.740361 0.384110
vt 0.739917 0.453416
vt 0.727904 0.384531
vt 0.728240 0.453214
vt 0.715483 0.384194
vt 0.716391 0.453419
vt 0.727864 0.377260
vt 0.716293 0.376595
vt 0.702280 0.382483
vt 0.704706 0.454142
vt 0.687079 0.378685
vt 0.692455 0.456334
vt 0.704354 0.374842
vt 0.716461 0.377075
vt 0.739496 0.376476
vt 0.751662 0.373995
vt 0.764947 0.368836
vt 0.751683 0.374393
vt 0.765114 0.369388
vt 0.739592 0.376795
vt 0.728029 0.377671
vt 0.704192 0.374308
vt 0.691174 0.369477
vt 0.691217 0.369840
vt 0.727794 0.362883
vt 0.737218 0.362355
vt 0.718367 0.362183
vt 0.709309 0.359847
vt 0.700872 0.356522
vt 0.709361 0.360368
vt 0.746292 0.359726
vt 0.736903 0.361935
vt 0.746546 0.359663
vt 0.700596 0.355935
vt 0.718417 0.362659
vt 0.727684 0.362496
vt 0.755117 0.355289
vt 0.754733 0.355261
vt 0.727811 0.352017
vt 0.735427 0.351307
vt 0.720034 0.351133
vt 0.712667 0.349842
vt 0.706062 0.348122
vt 0.712804 0.350501
vt 0.742517 0.349465
vt 0.735281 0.351130
vt 0.742691 0.349489
vt 0.706038 0.347265
vt 0.720130 0.351771
vt 0.727679 0.351791
vt 0.749458 0.346776
vt 0.749182 0.346851
vt 0.744614 0.334143
vt 0.739222 0.335093
vt 0.727212 0.336187
vt 0.733182 0.335753
vt 0.721660 0.335748
vt 0.715861 0.335204
vt 0.709992 0.335223
vt 0.715440 0.335900
vt 0.733495 0.335746
vt 0.738964 0.334895
vt 0.710225 0.334321
vt 0.721274 0.336224
vt 0.727569 0.335963
vt 0.744650 0.333751
vt 0.743694 0.280173
vt 0.737583 0.280407
vt 0.725363 0.281940
vt 0.730816 0.280801
vt 0.721048 0.281957
vt 0.715608 0.281286
vt 0.708072 0.281027
vt 0.714161 0.280831
vt 0.732011 0.281564
vt 0.736445 0.280286
vt 0.709948 0.281083
vt 0.719805 0.281557
vt 0.726524 0.282422
vt 0.742445 0.279789
vt 0.726360 0.278179
vt 0.721261 0.278008
vt 0.744528 0.274421
vt 0.736861 0.276296
vt 0.725134 0.277728
vt 0.730174 0.277193
vt 0.715861 0.277207
vt 0.706843 0.275433
vt 0.714552 0.276702
vt 0.731463 0.277595
vt 0.735536 0.275879
vt 0.708745 0.276403
vt 0.720012 0.277563
vt 0.742985 0.274159
vt 0.733796 0.271713
vt 0.740434 0.267455
vt 0.720432 0.273792
vt 0.724816 0.274167
vt 0.726373 0.274597
vt 0.722007 0.274344
vt 0.741562 0.267749
vt 0.735387 0.271928
vt 0.729122 0.273544
vt 0.717205 0.272991
vt 0.709233 0.268651
vt 0.715651 0.272263
vt 0.730722 0.273857
vt 0.710314 0.269597
vt 0.724320 0.261579
vt 0.725662 0.261951
vt 0.750702 0.458629
vt 0.739516 0.457985
vt 0.728145 0.457930
vt 0.694175 0.460847
vt 0.705264 0.458703
vt 0.705087 0.458749
vt 0.694256 0.460789
vt 0.716523 0.458289
vt 0.716571 0.458105
vt 0.728264 0.458115
vt 0.739787 0.457886
vt 0.750984 0.458739
vt 0.762120 0.460847
vt 0.761724 0.460789
s 1
usemtl bar
f 287/427/159 288/428/160 290/429/161 289/430/162
f 289/430/162 290/429/161 292/431/163 291/432/164
f 291/432/164 292/431/163 294/433/165 293/434/166
f 293/434/166 294/433/165 296/435/167 295/436/168
f 295/436/168 296/435/167 298/437/169 297/438/170
f 297/438/170 298/437/169 300/439/171 299/440/172
f 299/441/172 300/442/171 302/443/173 301/444/174
f 301/444/174 302/443/173 304/445/175 303/446/176
f 303/446/176 304/445/175 306/447/177 305/448/178
f 305/448/178 306/447/177 308/449/179 307/450/180
f 308/449/179 306/447/177 320/451/181 321/452/182
f 307/450/180 308/449/179 310/453/183 309/454/184
f 309/454/184 310/453/183 288/455/160 287/456/159
f 292/431/163 290/429/161 312/457/185 313/458/186
f 306/447/177 304/445/175 319/459/187 320/451/181
f 304/445/175 302/443/173 318/460/188 319/459/187
f 302/443/173 300/442/171 317/461/189 318/460/188
f 300/439/171 298/437/169 316/462/190 317/463/189
f 298/437/169 296/435/167 315/464/191 316/462/190
f 296/435/167 294/433/165 314/465/192 315/464/191
f 288/455/160 310/453/183 322/466/193 311/467/194
f 290/429/161 288/428/160 311/468/194 312/457/185
f 294/433/165 292/431/163 313/458/186 314/465/192
f 310/453/183 308/449/179 321/452/182 322/466/193
f 315/464/191 314/465/192 326/469/195 327/470/196
f 322/466/193 321/452/182 333/471/197 334/472/198
f 312/457/185 311/468/194 323/473/199 324/474/200
f 319/459/187 318/460/188 330/475/201 331/476/202
f 316/462/190 315/464/191 327/470/196 328/477/203
f 311/467/194 322/466/193 334/472/198 323/478/199
f 313/458/186 312/457/185 324/474/200 325/479/204
f 320/451/181 319/459/187 331/476/202 332/480/205
f 317/463/189 316/462/190 328/477/203 329/481/206
f 314/465/192 313/458/186 325/479/204 326/469/195
f 321/452/182 320/451/181 332/480/205 333/471/197
f 318/460/188 317/461/189 329/482/206 330/475/201
f 327/470/196 326/469/195 338/483/207 339/484/208
f 334/472/198 333/471/197 345/485/209 346/486/210
f 324/474/200 323/473/199 335/487/211 336/488/212
f 331/476/202 330/475/201 342/489/213 343/490/214
f 328/477/203 327/470/196 339/484/208 340/491/215
f 323/478/199 334/472/198 346/486/210 335/492/211
f 325/479/204 324/474/200 336/488/212 337/493/216
f 332/480/205 331/476/202 343/490/214 344/494/217
f 329/481/206 328/477/203 340/491/215 341/495/218
f 326/469/195 325/479/204 337/493/216 338/483/207
f 333/471/197 332/480/205 344/494/217 345/485/209
f 330/475/201 329/482/206 341/496/218 342/489/213
f 342/489/213 341/496/218 353/497/219 354/498/220
f 339/484/208 338/483/207 350/499/221 351/500/222
f 346/486/210 345/485/209 357/501/223 358/502/224
f 336/488/212 335/487/211 347/503/225 348/504/226
f 343/490/214 342/489/213 354/498/220 355/505/227
f 340/491/215 339/484/208 351/500/222 352/506/228
f 335/492/211 346/486/210 358/502/224 347/507/225
f 337/493/216 336/488/212 348/504/226 349/508/229
f 344/494/217 343/490/214 355/505/227 356/509/230
f 341/495/218 340/491/215 352/506/228 353/510/219
f 338/483/207 337/493/216 349/508/229 350/499/221
f 345/485/209 344/494/217 356/509/230 357/501/223
f 354/498/220 353/497/219 365/511/231 366/512/232
f 351/500/222 350/499/221 362/513/233 363/514/234
f 358/502/224 357/501/223 369/515/235 370/516/236
f 348/504/226 347/503/225 359/517/237 360/518/238
f 355/505/227 354/498/220 366/512/232 367/519/239
f 352/506/228 351/500/222 363/514/234 364/520/240
f 347/507/225 358/502/224 370/516/236 359/521/237
f 349/508/229 348/504/226 360/518/238 361/522/241
f 356/509/230 355/505/227 367/519/239 368/523/242
f 353/510/219 352/506/228 364/520/240 365/524/231
f 350/499/221 349/508/229 361/522/241 362/513/233
f 357/501/223 356/509/230 368/523/242 369/515/235
f 369/515/243 368/523/243 380/525/243 381/526/243
f 366/512/243 365/511/243 377/527/243 378/528/243
f 363/514/243 362/513/243 374/529/243 375/530/243
f 370/516/243 369/515/243 381/526/243 382/531/243
f 360/518/243 359/517/243 371/532/243 372/533/243
f 367/519/243 366/512/243 378/528/243 379/534/243
f 364/520/243 363/514/243 375/530/243 376/535/243
f 359/521/243 370/516/243 382/531/243 371/536/243
f 361/522/243 360/518/243 372/533/243 373/537/243
f 368/523/243 367/519/243 379/534/243 380/525/243
f 365/524/243 364/520/243 376/535/243 377/538/243
f 362/513/243 361/522/243 373/537/243 374/529/243
f 377/538/231 376/535/240 388/539/240 389/540/231
f 374/529/233 373/537/241 385/541/241 386/542/233
f 381/526/235 380/525/242 392/543/242 393/544/235
f 378/528/232 377/527/231 389/545/231 390/546/232
f 375/530/234 374/529/233 386/542/233 387/547/234
f 382/531/236 381/526/235 393/544/235 394/548/236
f 372/533/238 371/532/237 383/549/237 384/550/238
f 379/534/239 378/528/232 390/546/232 391/551/239
f 376/535/240 375/530/234 387/547/234 388/539/240
f 371/536/237 382/531/236 394/548/236 383/552/237
f 373/537/241 372/533/238 384/550/238 385/541/241
f 380/525/242 379/534/239 391/551/239 392/543/242
f 387/547/244 386/542/244 395/553/244
f 394/548/244 393/544/244 395/554/244
f 384/550/244 383/549/244 395/553/244
f 391/551/244 390/546/244 395/554/244
f 388/539/244 387/547/244 395/553/244
f 383/552/244 394/548/244 395/554/244
f 385/541/244 384/550/244 395/553/244
f 392/543/244 391/551/244 395/554/244
f 389/540/244 388/539/244 395/553/244
f 386/542/244 385/541/244 395/553/244
f 393/544/244 392/543/244 395/554/244
f 390/546/244 389/545/244 395/554/244
f 295/436/245 297/438/246 401/555/246 402/556/245
f 293/434/247 295/436/245 402/556/245 403/557/247
f 309/454/248 287/456/249 406/558/249 407/559/248
f 287/427/249 289/430/250 405/560/250 406/561/249
f 291/432/251 293/434/247 403/557/247 404/562/251
f 307/450/252 309/454/248 407/559/248 396/563/252
f 289/430/250 291/432/251 404/562/251 405/560/250
f 305/448/253 307/450/252 396/563/252 397/564/253
f 303/446/254 305/448/253 397/564/253 398/565/254
f 301/444/255 303/446/254 398/565/254 399/566/255
f 299/441/256 301/444/255 399/566/255 400/567/256
f 297/438/246 299/440/256 400/568/256 401/555/246
o Cylinder.002
v -0.000000 2.699343 1.709727
v -0.000000 2.915346 1.694835
v 0.080635 2.699343 1.756281
v 0.093532 2.915346 1.748835
v 0.080635 2.699343 1.849390
v 0.093532 2.915346 1.856836
v -0.000000 2.699343 1.895945
v -0.000000 2.915346 1.910837
v -0.080635 2.699343 1.849390
v -0.093532 2.915346 1.856836
v -0.080635 2.699343 1.756281
v -0.093532 2.915346 1.748835
v -0.000000 2.915346 1.704603
v 0.085072 2.915346 1.753719
v 0.085072 2.915346 1.851952
v -0.000000 2.915346 1.901069
v -0.085072 2.915346 1.851952
v -0.085072 2.915346 1.753719
v -0.000000 2.741075 1.715018
v 0.076052 2.741075 1.758927
v 0.076052 2.741075 1.846744
v -0.000000 2.741075 1.890653
v -0.076052 2.741075 1.846744
v -0.076052 2.741075 1.758927
v -0.000000 2.699343 1.802836
v -0.000000 2.741075 1.802836
vn 0.4991 -0.0596 -0.8645
vn 0.9982 -0.0596 -0.0000
vn 0.4991 -0.0596 0.8645
vn -0.4991 -0.0596 0.8645
vn -0.0000 1.0000 -0.0000
vn -0.9982 -0.0596 -0.0000
vn -0.4991 -0.0596 -0.8645
vn 0.4993 0.0517 0.8649
vn 0.4993 0.0517 -0.8649
vn -0.9987 0.0517 -0.0000
vn 0.9987 0.0517 -0.0000
vn -0.4993 0.0517 -0.8649
vn -0.4993 0.0517 0.8649
vn -0.0000 -1.0000 -0.0000
vt 0.966232 0.073323
vt 0.974547 0.124560
vt 0.950579 0.119505
vt 0.949100 0.084447
vt 0.929865 0.120954
vt 0.932811 0.085663
vt 0.908738 0.128848
vt 0.911182 0.075402
vt 0.917053 0.250361
vt 0.908738 0.199124
vt 0.932706 0.204178
vt 0.934184 0.239236
vt 0.972678 0.126576
vt 0.950438 0.121162
vt 0.953420 0.202729
vt 0.950474 0.238020
vt 0.974547 0.194835
vt 0.972103 0.248282
vt 0.930225 0.122852
vt 0.910679 0.130435
vt 0.953059 0.200832
vt 0.972606 0.193248
vt 0.910607 0.197108
vt 0.932846 0.202522
vt 0.946761 0.172668
vt 0.958883 0.162050
vt 0.924402 0.161633
vt 0.936164 0.172403
vt 0.947121 0.151280
vt 0.936523 0.151015
vt 0.943667 0.260152
vt 0.939618 0.063532
vt 0.941642 0.161842
s 0
usemtl Material.004
f 408/569/257 409/570/257 411/571/257 410/572/257
f 410/572/258 411/571/258 413/573/258 412/574/258
f 412/574/259 413/573/259 415/575/259 414/576/259
f 414/577/260 415/578/260 417/579/260 416/580/260
f 411/571/261 409/570/261 420/581/261 421/582/261
f 416/580/262 417/579/262 419/583/262 418/584/262
f 418/584/263 419/583/263 409/585/263 408/586/263
f 415/575/261 413/573/261 422/587/261 423/588/261
f 409/585/261 419/583/261 425/589/261 420/590/261
f 417/579/261 415/578/261 423/591/261 424/592/261
f 413/573/261 411/571/261 421/582/261 422/587/261
f 419/583/261 417/579/261 424/592/261 425/589/261
f 420/590/264 425/589/264 431/593/264 426/594/264
f 424/592/265 423/591/265 429/595/265 430/596/265
f 422/587/266 421/582/266 427/597/266 428/598/266
f 425/589/267 424/592/267 430/596/267 431/593/267
f 423/588/268 422/587/268 428/598/268 429/595/268
f 421/582/269 420/581/269 426/594/269 427/597/269
f 414/577/270 416/580/270 432/599/270
f 410/572/270 412/574/270 432/600/270
f 416/580/270 418/584/270 432/599/270
f 408/569/270 410/572/270 432/600/270
f 412/574/270 414/576/270 432/600/270
f 418/584/270 408/586/270 432/599/270
f 430/596/261 429/595/261 433/601/261
f 428/598/261 427/597/261 433/601/261
f 431/593/261 430/596/261 433/601/261
f 429/595/261 428/598/261 433/601/261
f 427/597/261 426/594/261 433/601/261
f 426/594/261 431/593/261 433/601/261
o Cylinder.003
v -1.078696 2.108421 -2.136261
v -1.078696 2.519869 -2.136261
v -0.985370 2.108421 -2.105938
v -0.985370 2.519869 -2.105938
v -0.927692 2.108421 -2.026550
v -0.927692 2.519869 -2.026550
v -0.927692 2.108421 -1.928422
v -0.927692 2.519869 -1.928422
v -0.985370 2.108421 -1.849034
v -0.985370 2.519869 -1.849034
v -1.078696 2.108421 -1.818711
v -1.078696 2.519869 -1.818711
v -1.172021 2.108421 -1.849034
v -1.172021 2.519869 -1.849034
v -1.229700 2.108421 -1.928422
v -1.229700 2.519869 -1.928422
v -1.229700 2.108421 -2.026550
v -1.229700 2.519869 -2.026550
v -1.172021 2.108421 -2.105938
v -1.172021 2.519869 -2.105938
v -1.078696 2.555081 -2.128531
v -0.989914 2.555081 -2.099684
v -0.935044 2.555081 -2.024161
v -0.935044 2.555081 -1.930810
v -0.989914 2.555081 -1.855288
v -1.078696 2.555081 -1.826441
v -1.167477 2.555081 -1.855288
v -1.222348 2.555081 -1.930810
v -1.222348 2.555081 -2.024161
v -1.167477 2.555081 -2.099684
v -1.078696 2.594205 -2.110037
v -1.000784 2.594205 -2.084722
v -0.952632 2.594205 -2.018446
v -0.952632 2.594205 -1.936525
v -1.000784 2.594205 -1.870250
v -1.078696 2.594205 -1.844935
v -1.156607 2.594205 -1.870250
v -1.204759 2.594205 -1.936525
v -1.204759 2.594205 -2.018446
v -1.156607 2.594205 -2.084722
v -1.078696 2.637241 -2.084402
v -1.015852 2.637241 -2.063983
v -0.977013 2.637241 -2.010525
v -0.977013 2.637241 -1.944447
v -1.015852 2.637241 -1.890989
v -1.078696 2.637241 -1.870570
v -1.141539 2.637241 -1.890989
v -1.180379 2.637241 -1.944447
v -1.180379 2.637241 -2.010525
v -1.141539 2.637241 -2.063983
v -1.078696 2.672453 -2.059320
v -1.030595 2.672453 -2.043691
v -1.000867 2.672453 -2.002774
v -1.000867 2.672453 -1.952198
v -1.030595 2.672453 -1.911280
v -1.078696 2.672453 -1.895651
v -1.126797 2.672453 -1.911280
v -1.156525 2.672453 -1.952198
v -1.156525 2.672453 -2.002774
v -1.126797 2.672453 -2.043691
v -1.078696 2.711577 -2.029919
v -1.047876 2.711577 -2.019905
v -1.028829 2.711577 -1.993689
v -1.028829 2.711577 -1.961283
v -1.047876 2.711577 -1.935066
v -1.078696 2.711577 -1.925053
v -1.109515 2.711577 -1.935066
v -1.128563 2.711577 -1.961283
v -1.128563 2.711577 -1.993689
v -1.109515 2.711577 -2.019905
v -1.078696 2.088859 -2.120543
v -0.994609 2.088859 -2.093221
v -0.942641 2.088859 -2.021693
v -0.942641 2.088859 -1.933279
v -0.994609 2.088859 -1.861751
v -1.078696 2.088859 -1.834429
v -1.162782 2.088859 -1.861751
v -1.214751 2.088859 -1.933279
v -1.214751 2.088859 -2.021693
v -1.162782 2.088859 -2.093221
v -1.078696 2.088859 -1.977486
v -1.119677 2.733095 -1.990801
v -1.119677 2.733095 -1.964170
v -1.104023 2.733095 -1.942625
v -1.078696 2.733095 -1.934396
v -1.053368 2.733095 -1.942625
v -1.037714 2.733095 -1.964170
v -1.037714 2.733095 -1.990801
v -1.053368 2.733095 -2.012347
v -1.078696 2.733095 -2.020576
v -1.104023 2.733095 -2.012347
v -1.119677 2.932627 -1.990801
v -1.119677 2.932627 -1.964170
v -1.104023 2.932627 -1.942625
v -1.078696 2.932627 -1.934396
v -1.053368 2.932627 -1.942625
v -1.037714 2.932627 -1.964170
v -1.037714 2.932627 -1.990801
v -1.053368 2.932627 -2.012347
v -1.078696 2.932627 -2.020576
v -1.104023 2.932627 -2.012347
v -1.133230 2.932627 -1.995205
v -1.133230 2.932627 -1.959767
v -1.112400 2.932627 -1.931096
v -1.078696 2.932627 -1.920145
v -1.044992 2.932627 -1.931096
v -1.024161 2.932627 -1.959767
v -1.024161 2.932627 -1.995205
v -1.044992 2.932627 -2.023875
v -1.078696 2.932627 -2.034827
v -1.112400 2.932627 -2.023875
v -1.133230 2.954146 -1.995205
v -1.133230 2.954146 -1.959767
v -1.112400 2.954146 -1.931096
v -1.078696 2.954146 -1.920145
v -1.044992 2.954146 -1.931096
v -1.024161 2.954146 -1.959767
v -1.024161 2.954146 -1.995205
v -1.044992 2.954146 -2.023875
v -1.078696 2.954146 -2.034827
v -1.112400 2.954146 -2.023875
v -1.112118 2.954146 -1.988345
v -1.112118 2.954146 -1.966626
v -1.099352 2.954146 -1.949055
v -1.078696 2.954146 -1.942344
v -1.058040 2.954146 -1.949055
v -1.045273 2.954146 -1.966626
v -1.045273 2.954146 -1.988345
v -1.058040 2.954146 -2.005917
v -1.078696 2.954146 -2.012628
v -1.099352 2.954146 -2.005917
v -1.120766 3.004758 -1.991156
v -1.120766 3.004758 -1.963816
v -1.104697 3.004758 -1.941698
v -1.078696 3.004758 -1.933250
v -1.052695 3.004758 -1.941698
v -1.036625 3.004758 -1.963816
v -1.036625 3.004758 -1.991156
v -1.052695 3.004758 -2.013273
v -1.078696 3.004758 -2.021722
v -1.104697 3.004758 -2.013273
v -1.078696 3.004757 -1.977486
vn -0.0000 -0.3132 -0.9497
vn -0.0000 0.1056 -0.9944
vn 0.5845 0.1056 -0.8045
vn 0.5582 -0.3132 -0.7683
vn 0.9457 0.1056 -0.3073
vn 0.9032 -0.3132 -0.2935
vn 0.9457 0.1056 0.3073
vn 0.9032 -0.3132 0.2935
vn 0.5845 0.1056 0.8045
vn 0.5582 -0.3132 0.7683
vn -0.0000 0.1056 0.9944
vn -0.0000 -0.3132 0.9497
vn -0.5845 0.1056 0.8045
vn -0.5582 -0.3132 0.7683
vn -0.9457 0.1056 0.3073
vn -0.9032 -0.3132 0.2935
vn -0.9457 0.1056 -0.3073
vn -0.9032 -0.3132 -0.2935
vn 0.5576 0.3164 0.7675
vn -0.0000 0.3164 0.9486
vn -0.5845 0.1056 -0.8045
vn -0.5582 -0.3132 -0.7683
vn -0.5576 0.3164 0.7675
vn 0.9022 0.3164 0.2931
vn -0.0000 0.3164 -0.9486
vn 0.5576 0.3164 -0.7675
vn 0.9022 0.3164 -0.2931
vn -0.5576 0.3164 -0.7675
vn -0.9022 0.3164 -0.2931
vn -0.9022 0.3164 0.2931
vn 0.5200 0.4662 0.7157
vn -0.0000 0.4662 0.8847
vn 0.5200 0.4662 -0.7157
vn 0.8414 0.4662 -0.2734
vn -0.8414 0.4662 -0.2734
vn -0.5200 0.4662 -0.7157
vn -0.5200 0.4662 0.7157
vn 0.8414 0.4662 0.2734
vn -0.0000 0.4662 -0.8847
vn -0.8414 0.4662 0.2734
vn 0.4937 0.5428 -0.6795
vn 0.7988 0.5428 -0.2595
vn -0.7988 0.5428 -0.2595
vn -0.4937 0.5428 -0.6795
vn -0.0000 0.5428 0.8399
vn -0.4937 0.5428 0.6795
vn 0.7988 0.5428 0.2595
vn -0.0000 0.5428 -0.8399
vn -0.7988 0.5428 0.2595
vn 0.4937 0.5428 0.6795
vn -0.0000 0.5893 0.8079
vn -0.4749 0.5893 0.6536
vn 0.7684 0.5893 -0.2497
vn 0.7684 0.5893 0.2497
vn -0.4749 0.5893 -0.6536
vn -0.0000 0.5893 -0.8079
vn -0.7684 0.5893 0.2497
vn 0.4749 0.5893 0.6536
vn 0.4749 0.5893 -0.6536
vn -0.7684 0.5893 -0.2497
vn 0.8162 0.5133 -0.2652
vn 0.8162 0.5133 0.2652
vn -0.5044 0.5133 -0.6943
vn -0.0000 0.5133 -0.8582
vn -0.5044 0.5133 0.6943
vn -0.8162 0.5133 0.2652
vn 0.5044 0.5133 0.6943
vn 0.5044 0.5133 -0.6943
vn -0.8162 0.5133 -0.2652
vn -0.0000 0.5133 0.8582
vn 0.4582 -0.6264 -0.6307
vn -0.0000 -0.6264 -0.7795
vn 0.7414 -0.6264 0.2409
vn 0.7414 -0.6264 -0.2409
vn -0.4582 -0.6264 -0.6307
vn -0.7414 -0.6264 -0.2409
vn -0.7414 -0.6264 0.2409
vn -0.4582 -0.6264 0.6307
vn -0.0000 -0.6264 0.7795
vn 0.4582 -0.6264 0.6307
vn -0.0000 -1.0000 -0.0000
vn -0.5744 0.2118 -0.7907
vn -0.0000 0.2118 -0.9773
vn -0.5744 0.2118 0.7907
vn -0.9295 0.2118 0.3020
vn 0.9295 0.2118 0.3020
vn 0.5744 0.2118 0.7907
vn 0.5744 0.2118 -0.7907
vn -0.9295 0.2118 -0.3020
vn -0.0000 0.2118 0.9773
vn 0.9295 0.2118 -0.3020
vn -0.5907 -0.7837 -0.1919
vn -0.3651 -0.7837 -0.5025
vn 0.5907 -0.7837 -0.1919
vn 0.5907 -0.7837 0.1919
vn 0.3651 -0.7837 0.5025
vn -0.0000 -0.7837 0.6211
vn -0.5907 -0.7837 0.1919
vn 0.3651 -0.7837 -0.5025
vn -0.3651 -0.7837 0.5025
vn -0.0000 -0.7837 -0.6211
vn -0.5878 -0.0000 0.8090
vn -0.0000 -0.0000 1.0000
vn -0.5878 -0.0000 -0.8090
vn -0.9511 -0.0000 -0.3090
vn 0.9511 -0.0000 -0.3090
vn 0.5878 -0.0000 -0.8090
vn 0.5878 -0.0000 0.8090
vn -0.9511 -0.0000 0.3090
vn -0.0000 -0.0000 -1.0000
vn 0.9511 -0.0000 0.3090
vn -0.0000 1.0000 -0.0000
vn -0.9361 -0.1768 -0.3041
vn -0.9361 -0.1768 0.3041
vn -0.7775 0.5759 0.2526
vn -0.7775 0.5759 -0.2526
vn 0.5785 -0.1768 -0.7963
vn -0.0000 -0.1768 -0.9842
vn -0.0000 0.5759 -0.8175
vn 0.4805 0.5759 -0.6614
vn 0.5785 -0.1768 0.7963
vn 0.9361 -0.1768 0.3041
vn 0.7775 0.5759 0.2526
vn 0.4805 0.5759 0.6614
vn -0.5785 -0.1768 0.7963
vn -0.4805 0.5759 0.6614
vn -0.5785 -0.1768 -0.7963
vn -0.4805 0.5759 -0.6614
vn 0.9361 -0.1768 -0.3041
vn 0.7775 0.5759 -0.2526
vn -0.0000 -0.1768 0.9842
vn -0.0000 0.5759 0.8175
vt 0.865911 0.428142
vt 0.863770 0.385098
vt 0.879180 0.386723
vt 0.878989 0.424829
vt 0.893903 0.386966
vt 0.891239 0.424851
vt 0.909381 0.385877
vt 0.904439 0.428356
vt 0.927310 0.382913
vt 0.920855 0.438693
vt 0.850377 0.437486
vt 0.845918 0.381571
vt 0.863997 0.385531
vt 0.866066 0.428181
vt 0.879447 0.387208
vt 0.879008 0.425051
vt 0.894094 0.387471
vt 0.891129 0.425094
vt 0.909459 0.386492
vt 0.904306 0.428636
vt 0.848198 0.374557
vt 0.865078 0.379515
vt 0.927077 0.383732
vt 0.920736 0.438836
vt 0.850103 0.437659
vt 0.845603 0.381050
vt 0.879779 0.381607
vt 0.908626 0.379867
vt 0.925371 0.375987
vt 0.864770 0.379040
vt 0.879588 0.381120
vt 0.893778 0.381378
vt 0.848069 0.374141
vt 0.908689 0.380582
vt 0.925333 0.376781
vt 0.893952 0.381900
vt 0.852227 0.366678
vt 0.866785 0.372193
vt 0.880142 0.374237
vt 0.893466 0.374416
vt 0.907322 0.373354
vt 0.922075 0.368608
vt 0.880421 0.374740
vt 0.907181 0.372647
vt 0.851949 0.366140
vt 0.866561 0.371858
vt 0.893705 0.375130
vt 0.922117 0.367741
vt 0.881062 0.365696
vt 0.892914 0.365832
vt 0.905099 0.364616
vt 0.917064 0.359771
vt 0.869562 0.363598
vt 0.881415 0.366207
vt 0.904877 0.363697
vt 0.857602 0.357589
vt 0.869278 0.363200
vt 0.893228 0.366441
vt 0.917052 0.358725
vt 0.857696 0.357836
vt 0.872518 0.355657
vt 0.882461 0.357911
vt 0.892097 0.357574
vt 0.902280 0.355658
vt 0.862942 0.350477
vt 0.872135 0.355316
vt 0.892695 0.358328
vt 0.912056 0.351029
vt 0.881982 0.357397
vt 0.902757 0.356493
vt 0.863177 0.350617
vt 0.912198 0.352288
vt 0.891292 0.346385
vt 0.898944 0.344989
vt 0.869146 0.342548
vt 0.875659 0.345212
vt 0.883853 0.346767
vt 0.891674 0.347143
vt 0.905935 0.342243
vt 0.883442 0.346457
vt 0.899423 0.346165
vt 0.869626 0.342524
vt 0.876241 0.345465
vt 0.906657 0.343779
vt 0.879370 0.428210
vt 0.867389 0.431842
vt 0.902888 0.432111
vt 0.890825 0.428260
vt 0.853938 0.441309
vt 0.916676 0.442802
vt 0.902663 0.432386
vt 0.890619 0.428458
vt 0.879329 0.428355
vt 0.867497 0.431843
vt 0.854137 0.441105
vt 0.916756 0.442429
vt 0.884476 0.454047
vt 0.884766 0.454029
vt 0.871011 0.338258
vt 0.877091 0.339680
vt 0.884491 0.340811
vt 0.891455 0.341174
vt 0.897510 0.339365
vt 0.903822 0.337699
vt 0.883777 0.340485
vt 0.898288 0.340417
vt 0.871832 0.338282
vt 0.877713 0.340001
vt 0.890747 0.340465
vt 0.904746 0.339044
vt 0.899890 0.288513
vt 0.906290 0.289501
vt 0.891480 0.288282
vt 0.897561 0.288137
vt 0.873550 0.288110
vt 0.880394 0.287810
vt 0.893490 0.288619
vt 0.885203 0.288161
vt 0.886953 0.288700
vt 0.878552 0.287937
vt 0.871448 0.287646
vt 0.903561 0.288878
vt 0.870377 0.284101
vt 0.878809 0.284515
vt 0.891690 0.285447
vt 0.897739 0.285496
vt 0.880556 0.284869
vt 0.887164 0.285381
vt 0.900073 0.285661
vt 0.907882 0.286182
vt 0.885499 0.285179
vt 0.872374 0.284387
vt 0.893603 0.285622
vt 0.904821 0.285786
vt 0.880905 0.280659
vt 0.887260 0.281388
vt 0.899737 0.281477
vt 0.907980 0.280375
vt 0.885608 0.281276
vt 0.891575 0.281713
vt 0.873271 0.278689
vt 0.893368 0.281710
vt 0.879188 0.280232
vt 0.897472 0.281632
vt 0.904624 0.280659
vt 0.871332 0.278172
vt 0.893505 0.276837
vt 0.899238 0.276263
vt 0.880452 0.275516
vt 0.886225 0.276096
vt 0.896844 0.277166
vt 0.902114 0.276253
vt 0.887751 0.276866
vt 0.875071 0.273106
vt 0.891541 0.277159
vt 0.882134 0.275536
vt 0.904895 0.274690
vt 0.876482 0.274038
vt 0.892742 0.266218
vt 0.896727 0.264967
vt 0.884564 0.264719
vt 0.888231 0.266590
vt 0.895936 0.266451
vt 0.901236 0.263999
vt 0.888913 0.266221
vt 0.880181 0.260479
vt 0.891930 0.267000
vt 0.884973 0.264742
vt 0.901985 0.261560
vt 0.880123 0.261073
vt 0.891488 0.258310
vt 0.891024 0.257397
s 1
usemtl Material.001
f 434/602/271 435/603/272 437/604/273 436/605/274
f 436/605/274 437/604/273 439/606/275 438/607/276
f 438/607/276 439/606/275 441/608/277 440/609/278
f 440/609/278 441/608/277 443/610/279 442/611/280
f 442/612/280 443/613/279 445/614/281 444/615/282
f 444/615/282 445/614/281 447/616/283 446/617/284
f 446/617/284 447/616/283 449/618/285 448/619/286
f 448/619/286 449/618/285 451/620/287 450/621/288
f 445/614/281 443/613/279 458/622/289 459/623/290
f 450/621/288 451/620/287 453/624/291 452/625/292
f 452/626/292 453/627/291 435/603/272 434/602/271
f 447/616/283 445/614/281 459/623/290 460/628/293
f 443/610/279 441/608/277 457/629/294 458/630/289
f 437/604/273 435/603/272 454/631/295 455/632/296
f 441/608/277 439/606/275 456/633/297 457/629/294
f 439/606/275 437/604/273 455/632/296 456/633/297
f 435/603/272 453/627/291 463/634/298 454/631/295
f 453/624/291 451/620/287 462/635/299 463/636/298
f 451/620/287 449/618/285 461/637/300 462/635/299
f 449/618/285 447/616/283 460/628/293 461/637/300
f 459/623/290 458/622/289 468/638/301 469/639/302
f 456/633/297 455/632/296 465/640/303 466/641/304
f 463/636/298 462/635/299 472/642/305 473/643/306
f 460/628/293 459/623/290 469/639/302 470/644/307
f 457/629/294 456/633/297 466/641/304 467/645/308
f 454/631/295 463/634/298 473/646/306 464/647/309
f 461/637/300 460/628/293 470/644/307 471/648/310
f 458/630/289 457/629/294 467/645/308 468/649/301
f 455/632/296 454/631/295 464/647/309 465/640/303
f 462/635/299 461/637/300 471/648/310 472/642/305
f 466/641/304 465/640/303 475/650/311 476/651/312
f 473/643/306 472/642/305 482/652/313 483/653/314
f 470/644/307 469/639/302 479/654/315 480/655/316
f 467/645/308 466/641/304 476/651/312 477/656/317
f 464/647/309 473/646/306 483/657/314 474/658/318
f 471/648/310 470/644/307 480/655/316 481/659/319
f 468/649/301 467/645/308 477/656/317 478/660/320
f 465/640/303 464/647/309 474/658/318 475/650/311
f 472/642/305 471/648/310 481/659/319 482/652/313
f 469/639/302 468/638/301 478/661/320 479/654/315
f 480/655/316 479/654/315 489/662/321 490/663/322
f 477/656/317 476/651/312 486/664/323 487/665/324
f 474/658/318 483/657/314 493/666/325 484/667/326
f 481/659/319 480/655/316 490/663/322 491/668/327
f 478/660/320 477/656/317 487/665/324 488/669/328
f 475/650/311 474/658/318 484/667/326 485/670/329
f 482/652/313 481/659/319 491/668/327 492/671/330
f 479/654/315 478/661/320 488/672/328 489/662/321
f 476/651/312 475/650/311 485/670/329 486/664/323
f 483/653/314 482/652/313 492/671/330 493/673/325
f 487/665/324 486/664/323 496/674/331 497/675/332
f 484/667/326 493/666/325 503/676/333 494/677/334
f 491/668/327 490/663/322 500/678/335 501/679/336
f 488/669/328 487/665/324 497/675/332 498/680/337
f 485/670/329 484/667/326 494/677/334 495/681/338
f 492/671/330 491/668/327 501/679/336 502/682/339
f 489/662/321 488/672/328 498/683/337 499/684/340
f 486/664/323 485/670/329 495/681/338 496/674/331
f 493/673/325 492/671/330 502/682/339 503/685/333
f 490/663/322 489/662/321 499/684/340 500/678/335
f 434/602/271 436/605/274 505/686/341 504/687/342
f 438/607/276 440/609/278 507/688/343 506/689/344
f 436/605/274 438/607/276 506/689/344 505/686/341
f 452/626/292 434/602/271 504/687/342 513/690/345
f 450/621/288 452/625/292 513/691/345 512/692/346
f 448/619/286 450/621/288 512/692/346 511/693/347
f 446/617/284 448/619/286 511/693/347 510/694/348
f 444/615/282 446/617/284 510/694/348 509/695/349
f 442/612/280 444/615/282 509/695/349 508/696/350
f 440/609/278 442/611/280 508/697/350 507/688/343
f 510/694/351 511/693/351 514/698/351
f 507/688/351 508/697/351 514/699/351
f 504/687/351 505/686/351 514/699/351
f 511/693/351 512/692/351 514/698/351
f 508/696/351 509/695/351 514/698/351
f 505/686/351 506/689/351 514/699/351
f 512/692/351 513/691/351 514/698/351
f 509/695/351 510/694/351 514/698/351
f 506/689/351 507/688/351 514/699/351
f 513/690/351 504/687/351 514/699/351
f 494/677/334 503/676/333 524/700/352 523/701/353
f 501/679/336 500/678/335 517/702/354 516/703/355
f 498/680/337 497/675/332 520/704/356 519/705/357
f 495/681/338 494/677/334 523/701/353 522/706/358
f 502/682/339 501/679/336 516/703/355 515/707/359
f 499/684/340 498/683/337 519/708/357 518/709/360
f 496/674/331 495/681/338 522/706/358 521/710/361
f 503/685/333 502/682/339 515/707/359 524/711/352
f 500/678/335 499/684/340 518/709/360 517/702/354
f 497/675/332 496/674/331 521/710/361 520/704/356
f 524/711/352 515/707/359 525/712/362 534/713/363
f 520/704/356 521/710/361 531/714/364 530/715/365
f 518/709/360 519/708/357 529/716/366 528/717/367
f 515/707/359 516/703/355 526/718/368 525/712/362
f 521/710/361 522/706/358 532/719/369 531/714/364
f 516/703/355 517/702/354 527/720/370 526/718/368
f 522/706/358 523/701/353 533/721/371 532/719/369
f 523/701/353 524/700/352 534/722/363 533/721/371
f 519/705/357 520/704/356 530/715/365 529/723/366
f 517/702/354 518/709/360 528/717/367 527/720/370
f 533/721/371 534/722/363 544/724/351 543/725/351
f 530/715/365 531/714/364 541/726/351 540/727/351
f 527/720/370 528/717/367 538/728/351 537/729/351
f 534/713/363 525/712/362 535/730/351 544/731/351
f 531/714/364 532/719/369 542/732/351 541/726/351
f 528/717/367 529/716/366 539/733/351 538/728/351
f 525/712/362 526/718/368 536/734/351 535/730/351
f 532/719/369 533/721/371 543/725/351 542/732/351
f 529/723/366 530/715/365 540/727/351 539/735/351
f 526/718/368 527/720/370 537/729/351 536/734/351
f 537/729/372 538/728/373 548/736/373 547/737/372
f 544/731/374 535/730/375 545/738/375 554/739/374
f 541/726/376 542/732/377 552/740/377 551/741/376
f 538/728/373 539/733/378 549/742/378 548/736/373
f 535/730/375 536/734/379 546/743/379 545/738/375
f 542/732/377 543/725/380 553/744/380 552/740/377
f 539/735/378 540/727/381 550/745/381 549/746/378
f 536/734/379 537/729/372 547/737/372 546/743/379
f 543/725/380 544/724/374 554/747/374 553/744/380
f 540/727/381 541/726/376 551/741/376 550/745/381
f 545/738/382 546/743/382 556/748/382 555/749/382
f 552/740/382 553/744/382 563/750/382 562/751/382
f 549/746/382 550/745/382 560/752/382 559/753/382
f 546/743/382 547/737/382 557/754/382 556/748/382
f 553/744/382 554/747/382 564/755/382 563/750/382
f 550/745/382 551/741/382 561/756/382 560/752/382
f 547/737/382 548/736/382 558/757/382 557/754/382
f 554/739/382 545/738/382 555/749/382 564/758/382
f 551/741/382 552/740/382 562/751/382 561/756/382
f 548/736/382 549/742/382 559/759/382 558/757/382
f 555/749/383 556/748/384 566/760/385 565/761/386
f 562/751/387 563/750/388 573/762/389 572/763/390
f 559/753/391 560/752/392 570/764/393 569/765/394
f 556/748/384 557/754/395 567/766/396 566/760/385
f 563/750/388 564/755/397 574/767/398 573/762/389
f 560/752/392 561/756/399 571/768/400 570/764/393
f 557/754/395 558/757/401 568/769/402 567/766/396
f 564/758/397 555/749/383 565/761/386 574/770/398
f 561/756/399 562/751/387 572/763/390 571/768/400
f 558/757/401 559/759/391 569/771/394 568/769/402
f 569/765/394 570/764/393 575/772/382
f 566/760/385 567/766/396 575/773/382
f 573/762/389 574/767/398 575/772/382
f 570/764/393 571/768/400 575/772/382
f 567/766/396 568/769/402 575/773/382
f 574/770/398 565/761/386 575/773/382
f 571/768/400 572/763/390 575/772/382
f 568/769/402 569/771/394 575/773/382
f 565/761/386 566/760/385 575/773/382
f 572/763/390 573/762/389 575/772/382
o Cylinder.004
v -1.483922 2.119012 -2.159005
v -1.483922 2.719978 -2.159005
v -1.414165 2.119012 -2.140314
v -1.414165 2.719978 -2.140314
v -1.363098 2.119012 -2.089248
v -1.363098 2.719978 -2.089248
v -1.344407 2.119012 -2.019490
v -1.344407 2.719978 -2.019490
v -1.363098 2.119012 -1.949733
v -1.363098 2.719978 -1.949733
v -1.414165 2.119012 -1.898667
v -1.414165 2.719978 -1.898667
v -1.483922 2.119012 -1.879975
v -1.483922 2.719978 -1.879975
v -1.553680 2.119012 -1.898667
v -1.553680 2.719978 -1.898667
v -1.604746 2.119012 -1.949733
v -1.604746 2.719978 -1.949733
v -1.623437 2.119012 -2.019490
v -1.623437 2.719978 -2.019490
v -1.604746 2.119012 -2.089248
v -1.604746 2.719978 -2.089248
v -1.553680 2.119012 -2.140314
v -1.553680 2.719978 -2.140314
v -1.483922 2.102209 -2.144205
v -1.421565 2.102209 -2.127496
v -1.375916 2.102209 -2.081847
v -1.359208 2.102209 -2.019490
v -1.375916 2.102209 -1.957133
v -1.421565 2.102209 -1.911484
v -1.483922 2.102209 -1.894776
v -1.546279 2.102209 -1.911484
v -1.591928 2.102209 -1.957133
v -1.608636 2.102209 -2.019490
v -1.591928 2.102209 -2.081847
v -1.546279 2.102209 -2.127496
v -1.483922 2.102209 -2.019490
v -1.578239 2.752360 -2.073944
v -1.592830 2.752360 -2.019490
v -1.578239 2.752360 -1.965036
v -1.538376 2.752360 -1.925173
v -1.483922 2.752360 -1.910583
v -1.429468 2.752360 -1.925173
v -1.389605 2.752360 -1.965036
v -1.375014 2.752360 -2.019490
v -1.389605 2.752360 -2.073944
v -1.429468 2.752360 -2.113807
v -1.483922 2.752360 -2.128398
v -1.538376 2.752360 -2.113807
v -1.561269 2.771692 -2.064146
v -1.573234 2.771692 -2.019490
v -1.561269 2.771692 -1.974834
v -1.528578 2.771692 -1.942144
v -1.483922 2.771692 -1.930178
v -1.439266 2.771692 -1.942144
v -1.406576 2.771692 -1.974834
v -1.394610 2.771692 -2.019490
v -1.406576 2.771692 -2.064146
v -1.439266 2.771692 -2.096837
v -1.483922 2.771692 -2.108802
v -1.528578 2.771692 -2.096837
v -1.536744 2.799042 -2.049987
v -1.544915 2.799042 -2.019490
v -1.536744 2.799042 -1.988994
v -1.514419 2.799042 -1.966669
v -1.483922 2.799042 -1.958497
v -1.453426 2.799042 -1.966669
v -1.431101 2.799042 -1.988994
v -1.422929 2.799042 -2.019490
v -1.431101 2.799042 -2.049987
v -1.453426 2.799042 -2.072312
v -1.483922 2.799042 -2.080483
v -1.514419 2.799042 -2.072312
v -1.521729 2.826472 -2.041318
v -1.527578 2.826472 -2.019490
v -1.521729 2.826472 -1.997662
v -1.505750 2.826472 -1.981683
v -1.483922 2.826472 -1.975834
v -1.462094 2.826472 -1.981683
v -1.446115 2.826472 -1.997662
v -1.440266 2.826472 -2.019490
v -1.446115 2.826472 -2.041318
v -1.462094 2.826472 -2.057297
v -1.483922 2.826472 -2.063146
v -1.505750 2.826472 -2.057297
v -1.511414 2.854948 -2.035362
v -1.515667 2.854948 -2.019490
v -1.511414 2.854948 -2.003618
v -1.499794 2.854948 -1.991999
v -1.483922 2.854948 -1.987746
v -1.468050 2.854948 -1.991999
v -1.456430 2.854948 -2.003618
v -1.452177 2.854948 -2.019490
v -1.456430 2.854948 -2.035362
v -1.468050 2.854948 -2.046982
v -1.483922 2.854948 -2.051235
v -1.499794 2.854948 -2.046982
v -1.511414 3.033772 -2.035362
v -1.515667 3.033772 -2.019490
v -1.511414 3.033772 -2.003618
v -1.499794 3.033772 -1.991999
v -1.483922 3.033772 -1.987746
v -1.468050 3.033772 -1.991999
v -1.456430 3.033772 -2.003618
v -1.452177 3.033772 -2.019490
v -1.456430 3.033772 -2.035362
v -1.468050 3.033772 -2.046982
v -1.483922 3.033772 -2.051235
v -1.499794 3.033772 -2.046982
v -1.511414 3.033772 -2.035362
v -1.515667 3.033772 -2.019490
v -1.511414 3.033772 -2.003618
v -1.499794 3.033772 -1.991999
v -1.483922 3.033772 -1.987746
v -1.468050 3.033772 -1.991999
v -1.456430 3.033772 -2.003618
v -1.452177 3.033772 -2.019490
v -1.456430 3.033772 -2.035362
v -1.468050 3.033772 -2.046982
v -1.483922 3.033772 -2.051235
v -1.499794 3.033772 -2.046982
v -1.520550 3.033772 -2.040637
v -1.526217 3.033772 -2.019490
v -1.520550 3.033772 -1.998343
v -1.505069 3.033772 -1.982862
v -1.483922 3.033772 -1.977196
v -1.462775 3.033772 -1.982862
v -1.447294 3.033772 -1.998343
v -1.441628 3.033772 -2.019490
v -1.447294 3.033772 -2.040637
v -1.462775 3.033772 -2.056118
v -1.483922 3.033772 -2.061785
v -1.505069 3.033772 -2.056118
v -1.520550 3.049010 -2.040637
v -1.526217 3.049010 -2.019490
v -1.520550 3.049010 -1.998343
v -1.505069 3.049010 -1.982862
v -1.483922 3.049010 -1.977196
v -1.462775 3.049010 -1.982862
v -1.447294 3.049010 -1.998343
v -1.441628 3.049010 -2.019490
v -1.447294 3.049010 -2.040637
v -1.462775 3.049010 -2.056118
v -1.483922 3.049010 -2.061785
v -1.505069 3.049010 -2.056118
v -1.483922 3.049010 -2.019490
vn -0.0000 -0.3354 -0.9421
vn -0.0000 0.3502 -0.9367
vn 0.4683 0.3502 -0.8112
vn 0.4710 -0.3354 -0.8159
vn 0.8112 0.3502 -0.4683
vn 0.8159 -0.3354 -0.4710
vn 0.9367 0.3502 -0.0000
vn 0.9421 -0.3354 -0.0000
vn 0.8112 0.3502 0.4683
vn 0.8159 -0.3354 0.4710
vn 0.4683 0.3502 0.8112
vn 0.4710 -0.3354 0.8159
vn -0.0000 0.3502 0.9367
vn -0.0000 -0.3354 0.9421
vn -0.4683 0.3502 0.8112
vn -0.4710 -0.3354 0.8159
vn -0.8112 0.3502 0.4683
vn -0.8159 -0.3354 0.4710
vn -0.9367 0.3502 -0.0000
vn -0.9421 -0.3354 -0.0000
vn -0.8112 0.3502 -0.4683
vn -0.8159 -0.3354 -0.4710
vn -0.0000 -0.8851 0.4654
vn 0.2327 -0.8851 0.4031
vn -0.4683 0.3502 -0.8112
vn -0.4710 -0.3354 -0.8159
vn 0.4030 -0.8851 0.2327
vn 0.4654 -0.8851 -0.0000
vn -0.0000 -0.8851 -0.4654
vn -0.2327 -0.8851 -0.4031
vn 0.2327 -0.8851 -0.4031
vn 0.4031 -0.8851 -0.2327
vn -0.4031 -0.8851 -0.2327
vn -0.4654 -0.8851 -0.0000
vn -0.4030 -0.8851 0.2327
vn -0.2327 -0.8851 0.4031
vn -0.0000 -1.0000 -0.0000
vn -0.3580 0.6981 0.6201
vn -0.6201 0.6981 0.3580
vn -0.0000 0.6981 0.7160
vn 0.3580 0.6981 0.6201
vn 0.6201 0.6981 0.3580
vn 0.7160 0.6981 -0.0000
vn -0.3580 0.6981 -0.6201
vn -0.0000 0.6981 -0.7160
vn 0.3580 0.6981 -0.6201
vn 0.6201 0.6981 -0.3580
vn -0.6201 0.6981 -0.3580
vn -0.7160 0.6981 -0.0000
vn 0.6053 0.7152 -0.3495
vn 0.6990 0.7152 -0.0000
vn -0.3495 0.7152 -0.6053
vn -0.0000 0.7152 -0.6990
vn 0.3495 0.7152 0.6053
vn -0.0000 0.7152 0.6990
vn -0.6053 0.7152 0.3495
vn -0.6990 0.7152 -0.0000
vn 0.3495 0.7152 -0.6053
vn -0.6053 0.7152 -0.3495
vn 0.6053 0.7152 0.3495
vn -0.3495 0.7152 0.6053
vn -0.0000 0.6411 0.7674
vn -0.3837 0.6411 0.6646
vn -0.7674 0.6411 -0.0000
vn -0.6646 0.6411 -0.3837
vn 0.6646 0.6411 -0.3837
vn 0.7674 0.6411 -0.0000
vn 0.3837 0.6411 0.6646
vn -0.6646 0.6411 0.3837
vn 0.3837 0.6411 -0.6646
vn -0.3837 0.6411 -0.6646
vn -0.0000 0.6411 -0.7674
vn 0.6646 0.6411 0.3837
vn -0.0000 0.4674 0.8840
vn -0.4420 0.4674 0.7656
vn -0.8840 0.4674 -0.0000
vn -0.7656 0.4674 -0.4420
vn 0.7656 0.4674 -0.4420
vn 0.8840 0.4674 -0.0000
vn 0.4420 0.4674 0.7656
vn -0.7656 0.4674 0.4420
vn 0.4420 0.4674 -0.7656
vn -0.4420 0.4674 -0.7656
vn -0.0000 0.4674 -0.8840
vn 0.7656 0.4674 0.4420
vn 0.9791 0.2034 -0.0000
vn 0.8479 0.2034 0.4896
vn -0.0000 0.2033 0.9791
vn -0.4896 0.2034 0.8479
vn -0.9791 0.2034 -0.0000
vn -0.8479 0.2034 -0.4895
vn 0.8479 0.2034 -0.4895
vn 0.4896 0.2034 0.8479
vn -0.8479 0.2034 0.4896
vn 0.4896 0.2034 -0.8479
vn -0.4896 0.2034 -0.8479
vn -0.0000 0.2033 -0.9791
vn -0.6017 0.7193 -0.3474
vn -0.3474 0.7193 -0.6017
vn 0.6947 0.7193 -0.0000
vn 0.6017 0.7193 0.3474
vn -0.0000 0.7193 0.6947
vn -0.3474 0.7193 0.6017
vn -0.6947 0.7193 -0.0000
vn 0.6017 0.7193 -0.3474
vn 0.3474 0.7193 0.6017
vn -0.6017 0.7193 0.3474
vn 0.3474 0.7193 -0.6017
vn -0.0000 0.7193 -0.6947
vn 0.0001 -1.0000 -0.0000
vn -0.0001 -1.0000 -0.0000
vn -0.0000 -0.0000 1.0000
vn 0.5000 -0.0000 0.8660
vn -1.0000 -0.0000 -0.0000
vn -0.8660 -0.0000 0.5000
vn 0.8660 -0.0000 -0.5000
vn 0.5000 -0.0000 -0.8660
vn -0.0000 -0.0000 -1.0000
vn -0.5000 -0.0000 -0.8660
vn 0.8660 -0.0000 0.5000
vn -0.5000 -0.0000 0.8660
vn -0.8660 -0.0000 -0.5000
vn 1.0000 -0.0000 -0.0000
vn -0.0000 1.0000 -0.0000
vt 0.763903 0.215387
vt 0.761795 0.338422
vt 0.777469 0.333003
vt 0.778110 0.224318
vt 0.791209 0.330348
vt 0.790709 0.228805
vt 0.804017 0.329454
vt 0.802546 0.229979
vt 0.816630 0.329983
vt 0.814441 0.228921
vt 0.829807 0.332234
vt 0.827332 0.224595
vt 0.844488 0.337077
vt 0.842438 0.214946
vt 0.841511 0.214278
vt 0.845546 0.336384
vt 0.830247 0.331466
vt 0.827565 0.223635
vt 0.816908 0.329385
vt 0.815068 0.228194
vt 0.804229 0.328996
vt 0.803281 0.229517
vt 0.791493 0.330046
vt 0.791404 0.228558
vt 0.837928 0.210435
vt 0.825171 0.220396
vt 0.777972 0.332831
vt 0.778361 0.224561
vt 0.762905 0.338179
vt 0.762905 0.214940
vt 0.813541 0.224948
vt 0.802559 0.226264
vt 0.767432 0.210301
vt 0.780501 0.220212
vt 0.780317 0.220322
vt 0.768019 0.210829
vt 0.791643 0.224888
vt 0.792304 0.224648
vt 0.803223 0.225818
vt 0.814093 0.224297
vt 0.825385 0.219629
vt 0.837269 0.210087
vt 0.802575 0.197156
vt 0.802893 0.196750
vt 0.827687 0.340282
vt 0.815969 0.337848
vt 0.839615 0.345822
vt 0.827184 0.340878
vt 0.838856 0.346245
vt 0.815609 0.338365
vt 0.804204 0.337830
vt 0.781212 0.341909
vt 0.768988 0.348423
vt 0.768135 0.348888
vt 0.780657 0.342314
vt 0.792656 0.339000
vt 0.792992 0.338617
vt 0.804491 0.337358
vt 0.793880 0.345016
vt 0.804404 0.343598
vt 0.783762 0.347896
vt 0.773683 0.353971
vt 0.825137 0.346713
vt 0.834938 0.351777
vt 0.815171 0.343646
vt 0.804635 0.343212
vt 0.783249 0.348281
vt 0.794163 0.344534
vt 0.814844 0.344204
vt 0.825598 0.346236
vt 0.772902 0.354661
vt 0.835512 0.351320
vt 0.829288 0.359118
vt 0.821885 0.355406
vt 0.804990 0.353250
vt 0.796405 0.354174
vt 0.796061 0.354860
vt 0.804594 0.353562
vt 0.821433 0.355792
vt 0.828787 0.359483
vt 0.813557 0.353482
vt 0.787843 0.357811
vt 0.788187 0.357183
vt 0.781036 0.361829
vt 0.813165 0.353878
vt 0.780410 0.362540
vt 0.824779 0.366291
vt 0.818863 0.364021
vt 0.805389 0.362687
vt 0.798585 0.363443
vt 0.798296 0.364130
vt 0.805156 0.363012
vt 0.818444 0.364331
vt 0.824317 0.366615
vt 0.812214 0.362794
vt 0.791789 0.366319
vt 0.792206 0.365508
vt 0.786556 0.368573
vt 0.811924 0.363189
vt 0.786188 0.369407
vt 0.805858 0.373171
vt 0.811311 0.372931
vt 0.821650 0.374173
vt 0.816593 0.373294
vt 0.805862 0.372776
vt 0.800412 0.373206
vt 0.800463 0.373948
vt 0.816585 0.373332
vt 0.821065 0.374112
vt 0.811324 0.372693
vt 0.795312 0.375241
vt 0.795211 0.374285
vt 0.790843 0.375662
vt 0.790420 0.376813
vt 0.804463 0.421062
vt 0.800412 0.421663
vt 0.809658 0.420927
vt 0.813576 0.420726
vt 0.820872 0.421452
vt 0.816338 0.421052
vt 0.808334 0.420663
vt 0.805844 0.421549
vt 0.817732 0.420853
vt 0.822268 0.421009
vt 0.812254 0.420691
vt 0.801917 0.422367
vt 0.795985 0.422343
vt 0.797547 0.423283
vt 0.797548 0.423288
vt 0.801918 0.422371
vt 0.804464 0.421066
vt 0.800413 0.421668
vt 0.809659 0.420931
vt 0.813576 0.420730
vt 0.820872 0.421457
vt 0.816337 0.421057
vt 0.808334 0.420668
vt 0.805845 0.421553
vt 0.817732 0.420858
vt 0.822268 0.421014
vt 0.812254 0.420696
vt 0.795986 0.422348
vt 0.812007 0.422978
vt 0.808391 0.422836
vt 0.802607 0.424819
vt 0.806305 0.423644
vt 0.800948 0.424193
vt 0.795749 0.425486
vt 0.813468 0.423039
vt 0.817492 0.423508
vt 0.815927 0.423665
vt 0.797433 0.426505
vt 0.804798 0.423212
vt 0.809839 0.423086
vt 0.821395 0.424743
vt 0.822898 0.424178
vt 0.816659 0.426393
vt 0.821768 0.428788
vt 0.811749 0.425448
vt 0.808590 0.425174
vt 0.803642 0.427523
vt 0.806861 0.426048
vt 0.802097 0.426910
vt 0.797378 0.429846
vt 0.813097 0.425503
vt 0.815200 0.426543
vt 0.799500 0.430543
vt 0.805464 0.425613
vt 0.809925 0.425423
vt 0.819766 0.429110
vt 0.810722 0.434459
vt 0.808877 0.434273
s 1
usemtl Material.002
f 576/774/403 577/775/404 579/776/405 578/777/406
f 578/777/406 579/776/405 581/778/407 580/779/408
f 580/779/408 581/778/407 583/780/409 582/781/410
f 582/781/410 583/780/409 585/782/411 584/783/412
f 584/783/412 585/782/411 587/784/413 586/785/414
f 586/785/414 587/784/413 589/786/415 588/787/416
f 588/788/416 589/789/415 591/790/417 590/791/418
f 590/791/418 591/790/417 593/792/419 592/793/420
f 592/793/420 593/792/419 595/794/421 594/795/422
f 594/795/422 595/794/421 597/796/423 596/797/424
f 586/785/414 588/787/416 606/798/425 605/799/426
f 596/797/424 597/796/423 599/800/427 598/801/428
f 598/801/428 599/800/427 577/802/404 576/803/403
f 584/783/412 586/785/414 605/799/426 604/804/429
f 582/781/410 584/783/412 604/804/429 603/805/430
f 598/801/428 576/803/403 600/806/431 611/807/432
f 576/774/403 578/777/406 601/808/433 600/809/431
f 580/779/408 582/781/410 603/805/430 602/810/434
f 596/797/424 598/801/428 611/807/432 610/811/435
f 578/777/406 580/779/408 602/810/434 601/808/433
f 594/795/422 596/797/424 610/811/435 609/812/436
f 592/793/420 594/795/422 609/812/436 608/813/437
f 590/791/418 592/793/420 608/813/437 607/814/438
f 588/788/416 590/791/418 607/814/438 606/815/425
f 604/804/429 605/799/426 612/816/439
f 611/807/432 600/806/431 612/817/439
f 601/808/433 602/810/434 612/816/439
f 608/813/437 609/812/436 612/817/439
f 605/799/426 606/798/425 612/816/439
f 602/810/434 603/805/430 612/816/439
f 609/812/436 610/811/435 612/817/439
f 606/815/425 607/814/438 612/817/439
f 603/805/430 604/804/429 612/816/439
f 610/811/435 611/807/432 612/817/439
f 600/809/431 601/808/433 612/816/439
f 607/814/438 608/813/437 612/817/439
f 593/792/419 591/790/417 616/818/440 615/819/441
f 591/790/417 589/789/415 617/820/442 616/818/440
f 589/786/415 587/784/413 618/821/443 617/822/442
f 587/784/413 585/782/411 619/823/444 618/821/443
f 585/782/411 583/780/409 620/824/445 619/823/444
f 577/802/404 599/800/427 624/825/446 623/826/447
f 579/776/405 577/775/404 623/827/447 622/828/448
f 583/780/409 581/778/407 621/829/449 620/824/445
f 599/800/427 597/796/423 613/830/450 624/825/446
f 581/778/407 579/776/405 622/828/448 621/829/449
f 597/796/423 595/794/421 614/831/451 613/830/450
f 595/794/421 593/792/419 615/819/441 614/831/451
f 620/824/445 621/829/449 633/832/452 632/833/453
f 623/826/447 624/825/446 636/834/454 635/835/455
f 617/822/442 618/821/443 630/836/456 629/837/457
f 614/831/451 615/819/441 627/838/458 626/839/459
f 621/829/449 622/828/448 634/840/460 633/832/452
f 624/825/446 613/830/450 625/841/461 636/834/454
f 618/821/443 619/823/444 631/842/462 630/836/456
f 615/819/441 616/818/440 628/843/463 627/838/458
f 622/828/448 623/827/447 635/844/455 634/840/460
f 613/830/450 614/831/451 626/839/459 625/841/461
f 619/823/444 620/824/445 632/833/453 631/842/462
f 616/818/440 617/820/442 629/845/457 628/843/463
f 628/843/463 629/845/457 641/846/464 640/847/465
f 625/841/461 626/839/459 638/848/466 637/849/467
f 632/833/453 633/832/452 645/850/468 644/851/469
f 629/837/457 630/836/456 642/852/470 641/853/464
f 626/839/459 627/838/458 639/854/471 638/848/466
f 633/832/452 634/840/460 646/855/472 645/850/468
f 635/835/455 636/834/454 648/856/473 647/857/474
f 630/836/456 631/842/462 643/858/475 642/852/470
f 627/838/458 628/843/463 640/847/465 639/854/471
f 634/840/460 635/844/455 647/859/474 646/855/472
f 636/834/454 625/841/461 637/849/467 648/856/473
f 631/842/462 632/833/453 644/851/469 643/858/475
f 640/847/465 641/846/464 653/860/476 652/861/477
f 637/849/467 638/848/466 650/862/478 649/863/479
f 644/851/469 645/850/468 657/864/480 656/865/481
f 641/853/464 642/852/470 654/866/482 653/867/476
f 638/848/466 639/854/471 651/868/483 650/862/478
f 645/850/468 646/855/472 658/869/484 657/864/480
f 647/857/474 648/856/473 660/870/485 659/871/486
f 642/852/470 643/858/475 655/872/487 654/866/482
f 639/854/471 640/847/465 652/861/477 651/868/483
f 646/855/472 647/859/474 659/873/486 658/869/484
f 648/856/473 637/849/467 649/863/479 660/870/485
f 643/858/475 644/851/469 656/865/481 655/872/487
f 655/872/487 656/865/481 668/874/488 667/875/489
f 652/861/477 653/860/476 665/876/490 664/877/491
f 649/863/479 650/862/478 662/878/492 661/879/493
f 656/865/481 657/864/480 669/880/494 668/874/488
f 653/867/476 654/866/482 666/881/495 665/882/490
f 650/862/478 651/868/483 663/883/496 662/878/492
f 657/864/480 658/869/484 670/884/497 669/880/494
f 659/871/486 660/870/485 672/885/498 671/886/499
f 654/866/482 655/872/487 667/875/489 666/881/495
f 651/868/483 652/861/477 664/877/491 663/883/496
f 658/869/484 659/873/486 671/887/499 670/884/497
f 660/870/485 649/863/479 661/879/493 672/885/498
f 672/885/498 661/879/493 673/888/500 684/889/501
f 667/875/489 668/874/488 680/890/502 679/891/503
f 664/877/491 665/876/490 677/892/504 676/893/505
f 661/879/493 662/878/492 674/894/506 673/888/500
f 668/874/488 669/880/494 681/895/507 680/890/502
f 665/882/490 666/881/495 678/896/508 677/897/504
f 662/878/492 663/883/496 675/898/509 674/894/506
f 669/880/494 670/884/497 682/899/510 681/895/507
f 671/886/499 672/885/498 684/889/501 683/900/511
f 666/881/495 667/875/489 679/891/503 678/896/508
f 663/883/496 664/877/491 676/893/505 675/898/509
f 670/884/497 671/887/499 683/901/511 682/899/510
f 682/899/510 683/901/511 695/902/439 694/903/512
f 684/889/501 673/888/500 685/904/439 696/905/439
f 679/891/503 680/890/502 692/906/512 691/907/512
f 676/893/505 677/892/504 689/908/439 688/909/512
f 673/888/500 674/894/506 686/910/513 685/904/439
f 680/890/502 681/895/507 693/911/512 692/906/512
f 677/897/504 678/896/508 690/912/439 689/913/439
f 674/894/506 675/898/509 687/914/513 686/910/513
f 681/895/507 682/899/510 694/903/512 693/911/512
f 683/900/511 684/889/501 696/905/439 695/915/439
f 678/896/508 679/891/503 691/907/512 690/912/439
f 675/898/509 676/893/505 688/909/512 687/914/513
f 686/910/513 687/914/513 699/916/439 698/917/439
f 693/911/512 694/903/512 706/918/439 705/919/439
f 695/915/439 696/905/439 708/920/439 707/921/439
f 690/912/439 691/907/512 703/922/439 702/923/439
f 687/914/513 688/909/512 700/924/439 699/916/439
f 694/903/512 695/902/439 707/925/439 706/918/439
f 696/905/439 685/904/439 697/926/439 708/920/439
f 691/907/512 692/906/512 704/927/439 703/922/439
f 688/909/512 689/908/439 701/928/439 700/924/439
f 685/904/439 686/910/513 698/917/439 697/926/439
f 692/906/512 693/911/512 705/919/439 704/927/439
f 689/913/439 690/912/439 702/923/439 701/929/439
f 701/929/514 702/923/515 714/930/515 713/931/514
f 698/917/516 699/916/517 711/932/517 710/933/516
f 705/919/518 706/918/519 718/934/519 717/935/518
f 707/921/520 708/920/521 720/936/521 719/937/520
f 702/923/515 703/922/522 715/938/522 714/930/515
f 699/916/517 700/924/523 712/939/523 711/932/517
f 706/918/519 707/925/520 719/940/520 718/934/519
f 708/920/521 697/926/524 709/941/524 720/936/521
f 703/922/522 704/927/525 716/942/525 715/938/522
f 700/924/523 701/928/514 713/943/514 712/939/523
f 697/926/524 698/917/516 710/933/516 709/941/524
f 704/927/525 705/919/518 717/935/518 716/942/525
f 713/931/526 714/930/526 721/944/526
f 710/933/526 711/932/526 721/945/526
f 717/935/526 718/934/526 721/944/526
f 719/937/526 720/936/526 721/945/526
f 714/930/526 715/938/526 721/944/526
f 711/932/526 712/939/526 721/945/526
f 718/934/526 719/940/526 721/944/526
f 720/936/526 709/941/526 721/945/526
f 715/938/526 716/942/526 721/944/526
f 712/939/526 713/943/526 721/945/526
f 709/941/526 710/933/526 721/945/526
f 716/942/526 717/935/526 721/944/526
o Cube.001
v -0.784869 2.103544 -1.947447
v -0.784869 2.671578 -1.947447
v -0.784869 2.103544 -2.240468
v -0.784869 2.671578 -2.240468
v -0.491848 2.103544 -1.947447
v -0.491848 2.671578 -1.947447
v -0.491848 2.103544 -2.240468
v -0.491848 2.671578 -2.240468
v -0.766818 2.081995 -2.222417
v -0.766818 2.081995 -1.965498
v -0.509899 2.081995 -2.222417
v -0.509899 2.081995 -1.965498
v -0.763859 2.693000 -1.968457
v -0.763859 2.693000 -2.219458
v -0.512858 2.693000 -1.968457
v -0.512858 2.693000 -2.219458
v -0.743372 2.705853 -1.988944
v -0.743372 2.705853 -2.198971
v -0.533345 2.705853 -1.988944
v -0.533345 2.705853 -2.198971
v -0.714217 2.724419 -2.018099
v -0.714217 2.724419 -2.169816
v -0.562500 2.724419 -2.018099
v -0.562500 2.724419 -2.169816
v -0.683967 2.761611 -2.048349
v -0.683967 2.761611 -2.139566
v -0.592750 2.761611 -2.048349
v -0.592750 2.761611 -2.139566
v -0.671264 2.788972 -2.063676
v -0.671264 2.788972 -2.129277
v -0.605664 2.788972 -2.063676
v -0.605664 2.788972 -2.129277
v -0.671264 3.004260 -2.063676
v -0.671264 3.004260 -2.129277
v -0.605664 3.004260 -2.063676
v -0.605664 3.004260 -2.129277
v -0.683414 3.004260 -2.051527
v -0.683414 3.004260 -2.141426
v -0.593514 3.004260 -2.051527
v -0.593514 3.004260 -2.141426
v -0.683414 3.023889 -2.051527
v -0.683414 3.023889 -2.141426
v -0.593514 3.023889 -2.051527
v -0.593514 3.023889 -2.141426
v -0.657860 3.023889 -2.077080
v -0.657860 3.023889 -2.115873
v -0.619068 3.023889 -2.077080
v -0.619068 3.023889 -2.115873
v -0.663442 3.056456 -2.071499
v -0.663442 3.056456 -2.121454
v -0.613486 3.056456 -2.071499
v -0.613486 3.056456 -2.121454
vn -0.6591 -0.3622 0.6591
vn -0.6516 0.3883 0.6516
vn -0.6516 0.3883 -0.6516
vn -0.6591 -0.3622 -0.6591
vn 0.6516 0.3883 -0.6516
vn 0.6591 -0.3622 -0.6591
vn 0.6516 0.3883 0.6516
vn 0.6591 -0.3622 0.6591
vn -0.3347 -0.8809 0.3347
vn 0.3347 -0.8809 0.3347
vn -0.3347 -0.8809 -0.3347
vn 0.3347 -0.8809 -0.3347
vn 0.3773 0.8458 -0.3773
vn 0.3773 0.8458 0.3773
vn -0.3773 0.8458 0.3773
vn -0.3773 0.8458 -0.3773
vn 0.2877 0.9135 0.2877
vn -0.2877 0.9135 0.2877
vn -0.2877 0.9135 -0.2877
vn 0.2877 0.9135 -0.2877
vn 0.3430 0.8745 -0.3430
vn 0.3430 0.8745 0.3430
vn -0.3430 0.8745 0.3430
vn -0.3430 0.8745 -0.3430
vn 0.4991 0.7039 0.5054
vn -0.4994 0.7031 0.5062
vn -0.5221 0.6802 -0.5146
vn 0.5217 0.6813 -0.5136
vn -0.6611 0.3005 -0.6875
vn 0.6595 0.3028 -0.6881
vn 0.6726 0.3602 0.6464
vn -0.6744 0.3577 0.6459
vn 0.3015 -0.9045 -0.3015
vn 0.3015 -0.9045 0.3015
vn -0.3015 -0.9045 0.3015
vn -0.3015 -0.9045 -0.3015
vn -0.0000 -1.0000 -0.0000
vn 0.7071 -0.0000 0.7071
vn 0.7071 -0.0000 -0.7071
vn -0.7071 -0.0000 -0.7071
vn -0.7071 -0.0000 0.7071
vn -0.0000 1.0000 -0.0000
vn 0.3581 0.8623 -0.3581
vn 0.3581 0.8623 0.3581
vn -0.3581 0.8623 0.3581
vn -0.3581 0.8623 -0.3581
vn 0.6168 0.4890 0.6168
vn -0.6168 0.4890 0.6168
vn -0.6168 0.4890 -0.6168
vn 0.6168 0.4890 -0.6168
vt 0.082334 0.778402
vt 0.080313 0.863395
vt 0.029299 0.900265
vt 0.016358 0.765226
vt 0.139751 0.754115
vt 0.139751 0.888854
vt 0.080374 0.862426
vt 0.085526 0.784773
vt 0.025373 0.897443
vt 0.022840 0.757727
vt 0.139493 0.759397
vt 0.138743 0.887463
vt 0.082045 0.772083
vt 0.133014 0.754117
vt 0.132027 0.749970
vt 0.085246 0.778166
vt 0.031059 0.752403
vt 0.081027 0.694289
vt 0.021954 0.759532
vt 0.081038 0.869596
vt 0.034746 0.901432
vt 0.081185 0.870439
vt 0.037332 0.903085
vt 0.131273 0.892048
vt 0.131919 0.893352
vt 0.124665 0.895228
vt 0.081819 0.876410
vt 0.124867 0.896501
vt 0.081565 0.875659
vt 0.042010 0.903474
vt 0.044457 0.904805
vt 0.082106 0.885196
vt 0.052218 0.906309
vt 0.082948 0.885480
vt 0.054489 0.907190
vt 0.115069 0.899745
vt 0.115228 0.900719
vt 0.105023 0.906827
vt 0.084283 0.899599
vt 0.104251 0.907509
vt 0.083534 0.899576
vt 0.063720 0.911463
vt 0.065696 0.911754
vt 0.099963 0.912248
vt 0.084747 0.908382
vt 0.069625 0.915492
vt 0.085509 0.908601
vt 0.070353 0.915977
vt 0.100281 0.912143
vt 0.090131 0.963681
vt 0.075303 0.964156
vt 0.090589 0.962778
vt 0.076616 0.963823
vt 0.105045 0.960351
vt 0.104503 0.960809
vt 0.108833 0.963540
vt 0.090577 0.965174
vt 0.108313 0.963832
vt 0.090132 0.966166
vt 0.073032 0.966422
vt 0.074573 0.966056
vt 0.090632 0.968968
vt 0.073292 0.972270
vt 0.091012 0.967771
vt 0.075147 0.971567
vt 0.108537 0.969667
vt 0.108204 0.969871
vt 0.090398 0.974472
vt 0.082060 0.978332
vt 0.091291 0.972476
vt 0.083933 0.976693
vt 0.099519 0.976114
vt 0.100622 0.975758
vt 0.116251 0.916086
vt 0.131803 0.911682
vt 0.133956 0.925879
vt 0.122690 0.923389
vt 0.121154 0.935412
vt 0.113575 0.928520
vt 0.121044 0.926647
vt 0.123046 0.929581
vt 0.132346 0.935412
s 1
usemtl Material
f 722/946/527 723/947/528 725/948/529 724/949/530
f 724/950/530 725/951/529 729/952/531 728/953/532
f 728/953/532 729/952/531 727/954/533 726/955/534
f 726/956/534 727/957/533 723/947/528 722/946/527
f 726/956/534 722/946/527 731/958/535 733/959/536
f 730/960/537 732/961/538 733/962/536 731/963/535
f 724/950/530 728/953/532 732/961/538 730/960/537
f 722/946/527 724/949/530 730/964/537 731/958/535
f 728/953/532 726/955/534 733/962/536 732/961/538
f 727/954/533 729/952/531 737/965/539 736/966/540
f 725/948/529 723/947/528 734/967/541 735/968/542
f 723/947/528 727/957/533 736/969/540 734/967/541
f 729/952/531 725/951/529 735/970/542 737/965/539
f 734/967/541 736/969/540 740/971/543 738/972/544
f 737/965/539 735/970/542 739/973/545 741/974/546
f 736/966/540 737/965/539 741/974/546 740/975/543
f 735/968/542 734/967/541 738/972/544 739/976/545
f 740/975/543 741/974/546 745/977/547 744/978/548
f 739/976/545 738/972/544 742/979/549 743/980/550
f 738/972/544 740/971/543 744/981/548 742/979/549
f 741/974/546 739/973/545 743/982/550 745/977/547
f 742/979/549 744/981/548 748/983/551 746/984/552
f 745/977/547 743/982/550 747/985/553 749/986/554
f 744/978/548 745/977/547 749/986/554 748/987/551
f 743/980/550 742/979/549 746/984/552 747/988/553
f 749/986/554 747/985/553 751/989/555 753/990/556
f 748/987/551 749/986/554 753/990/556 752/991/557
f 747/988/553 746/984/552 750/992/558 751/993/555
f 746/984/552 748/983/551 752/994/557 750/992/558
f 752/991/557 753/990/556 757/995/559 756/996/560
f 751/993/555 750/992/558 754/997/561 755/998/562
f 750/992/558 752/994/557 756/999/560 754/997/561
f 753/990/556 751/989/555 755/1000/562 757/995/559
f 754/997/561 756/999/560 760/1001/563 758/1002/563
f 757/995/559 755/1000/562 759/1003/563 761/1004/563
f 756/996/560 757/995/559 761/1004/563 760/1005/563
f 755/998/562 754/997/561 758/1002/563 759/1006/563
f 760/1005/564 761/1004/565 765/1007/565 764/1008/564
f 759/1006/566 758/1002/567 762/1009/567 763/1010/566
f 758/1002/567 760/1001/564 764/1011/564 762/1009/567
f 761/1004/565 759/1003/566 763/1012/566 765/1007/565
f 764/1008/568 765/1007/568 769/1013/569 768/1014/570
f 763/1010/568 762/1009/568 766/1015/571 767/1016/572
f 762/1009/568 764/1011/568 768/1017/570 766/1015/571
f 765/1007/568 763/1012/568 767/1018/572 769/1013/569
f 766/1019/571 768/1020/570 772/1021/573 770/1022/574
f 769/1023/569 767/1024/572 771/1025/575 773/1026/576
f 768/1027/570 769/1023/569 773/1026/576 772/1021/573
f 767/1024/572 766/1019/571 770/1022/574 771/1025/575
f 770/1022/574 772/1021/573 773/1026/576 771/1025/575
o Sphere
v -2.513019 3.077587 1.497855
v -2.513019 2.967155 1.511309
v -2.513019 2.757023 1.663979
v -2.513019 2.697329 1.781135
v -2.306444 3.077587 1.553206
v -2.313171 2.967155 1.564858
v -2.343019 2.849999 1.616555
v -2.389506 2.757023 1.697074
v -2.448084 2.697329 1.798534
v -2.155221 3.077587 1.704429
v -2.166873 2.967155 1.711156
v -2.218570 2.849999 1.741003
v -2.299089 2.757023 1.787491
v -2.400549 2.697329 1.846069
v -2.099870 3.077587 1.911004
v -2.113324 2.967155 1.911004
v -2.173018 2.849999 1.911004
v -2.265994 2.757023 1.911004
v -2.383150 2.697329 1.911004
v -2.155221 3.077587 2.117578
v -2.166873 2.967155 2.110851
v -2.218570 2.849999 2.081004
v -2.299089 2.757023 2.034516
v -2.400549 2.697329 1.975938
v -2.306444 3.077587 2.268801
v -2.313172 2.967155 2.257149
v -2.343019 2.849999 2.205452
v -2.389506 2.757023 2.124933
v -2.448084 2.697329 2.023473
v -2.513019 3.077587 2.324152
v -2.513019 2.967155 2.310698
v -2.513019 2.849999 2.251004
v -2.513019 2.757023 2.158028
v -2.513019 2.697329 2.040872
v -2.719593 3.077587 2.268801
v -2.712866 2.967155 2.257149
v -2.683019 2.849999 2.205452
v -2.636531 2.757023 2.124933
v -2.577953 2.697329 2.023473
v -2.870816 3.077587 2.117578
v -2.859164 2.967155 2.110851
v -2.807467 2.849999 2.081004
v -2.726948 2.757023 2.034516
v -2.625488 2.697329 1.975938
v -2.926167 3.077587 1.911004
v -2.912713 2.967155 1.911004
v -2.853019 2.849999 1.911004
v -2.760043 2.757023 1.911004
v -2.642887 2.697329 1.911004
v -2.870816 3.077587 1.704429
v -2.859164 2.967155 1.711156
v -2.807467 2.849999 1.741003
v -2.726948 2.757023 1.787491
v -2.625488 2.697329 1.846069
v -2.719593 3.077587 1.553206
v -2.712866 2.967155 1.564858
v -2.683019 2.849999 1.616555
v -2.636531 2.757023 1.697074
v -2.577953 2.697329 1.798534
v -2.513019 2.849999 1.571003
v -2.513019 2.697329 1.911004
v -2.184565 2.962231 1.721371
v -2.167662 3.085462 1.711612
v -2.451403 2.706196 1.804283
v -2.395819 2.762839 1.708008
v -2.351707 2.851063 1.631604
v -2.323386 2.962231 1.582550
v -2.313627 3.085462 1.565647
v -2.513019 2.706196 1.787773
v -2.513019 2.762839 1.676605
v -2.513019 2.962231 1.531738
v -2.513019 3.085462 1.512220
v -2.233619 2.851063 1.749692
v -2.310023 2.762839 1.793804
v -2.406298 2.706196 1.849388
v -2.114235 3.085462 1.911004
v -2.133753 2.962231 1.911004
v -2.190396 2.851063 1.911004
v -2.278620 2.762839 1.911004
v -2.389788 2.706196 1.911004
v -2.167662 3.085462 2.110395
v -2.184565 2.962231 2.100636
v -2.233619 2.851063 2.072315
v -2.310023 2.762839 2.028203
v -2.406298 2.706196 1.972619
v -2.313627 3.085462 2.256360
v -2.323386 2.962231 2.239457
v -2.351707 2.851063 2.190403
v -2.395819 2.762839 2.113999
v -2.451403 2.706196 2.017725
v -2.513019 3.085462 2.309787
v -2.513019 2.962231 2.290269
v -2.513019 2.851063 2.233626
v -2.513019 2.762839 2.145402
v -2.513019 2.706196 2.034234
v -2.712410 3.085462 2.256360
v -2.702651 2.962231 2.239457
v -2.674330 2.851063 2.190403
v -2.630218 2.762839 2.113999
v -2.574634 2.706196 2.017725
v -2.858375 3.085462 2.110395
v -2.841472 2.962231 2.100636
v -2.792418 2.851063 2.072315
v -2.716014 2.762839 2.028203
v -2.619740 2.706196 1.972619
v -2.911802 3.085462 1.911004
v -2.892284 2.962231 1.911004
v -2.835641 2.851063 1.911004
v -2.747417 2.762839 1.911004
v -2.636249 2.706196 1.911004
v -2.858375 3.085462 1.711612
v -2.841472 2.962231 1.721371
v -2.792418 2.851063 1.749692
v -2.716014 2.762839 1.793804
v -2.619740 2.706196 1.849388
v -2.712410 3.085462 1.565647
v -2.702651 2.962231 1.582550
v -2.674330 2.851063 1.631604
v -2.630218 2.762839 1.708008
v -2.574634 2.706196 1.804283
v -2.513019 2.851063 1.588381
v -2.513019 2.706196 1.911004
vn -0.0000 -0.2842 -0.9588
vn -0.0000 0.4227 -0.9063
vn 0.4531 0.4227 -0.7849
vn 0.4794 -0.2842 -0.8303
vn -0.0000 -0.5758 -0.8176
vn 0.4088 -0.5758 -0.7081
vn -0.0000 -0.7968 -0.6043
vn 0.3021 -0.7968 -0.5233
vn -0.0000 -0.9630 -0.2695
vn 0.1348 -0.9630 -0.2334
vn 0.7849 0.4227 -0.4531
vn 0.8303 -0.2842 -0.4794
vn 0.7081 -0.5758 -0.4088
vn 0.5233 -0.7968 -0.3021
vn 0.2334 -0.9630 -0.1348
vn 0.6043 -0.7968 -0.0000
vn 0.2695 -0.9630 -0.0000
vn 0.9063 0.4227 -0.0000
vn 0.9588 -0.2842 -0.0000
vn 0.8176 -0.5758 -0.0000
vn 0.5233 -0.7968 0.3021
vn 0.2334 -0.9630 0.1348
vn 0.7849 0.4227 0.4531
vn 0.8303 -0.2842 0.4794
vn 0.7081 -0.5758 0.4088
vn 0.4088 -0.5758 0.7081
vn 0.3021 -0.7968 0.5233
vn 0.1348 -0.9630 0.2334
vn 0.4531 0.4227 0.7849
vn 0.4794 -0.2842 0.8303
vn -0.0000 -0.2842 0.9588
vn -0.0000 -0.5758 0.8176
vn -0.0000 -0.7968 0.6043
vn -0.0000 -0.9630 0.2695
vn -0.0000 0.4227 0.9063
vn -0.4794 -0.2842 0.8303
vn -0.4088 -0.5758 0.7081
vn -0.3021 -0.7968 0.5233
vn -0.1348 -0.9630 0.2334
vn -0.4531 0.4227 0.7849
vn -0.7849 0.4227 0.4531
vn -0.8303 -0.2842 0.4794
vn -0.7081 -0.5758 0.4088
vn -0.5233 -0.7968 0.3021
vn -0.2334 -0.9630 0.1348
vn -0.6043 -0.7968 -0.0000
vn -0.2695 -0.9630 -0.0000
vn -0.9063 0.4227 -0.0000
vn -0.9588 -0.2842 -0.0000
vn -0.8176 -0.5758 -0.0000
vn -0.7081 -0.5758 -0.4088
vn -0.5233 -0.7968 -0.3021
vn -0.2334 -0.9630 -0.1348
vn -0.7849 0.4227 -0.4531
vn -0.8303 -0.2842 -0.4794
vn -0.4088 -0.5758 -0.7081
vn -0.3021 -0.7968 -0.5233
vn -0.1348 -0.9630 -0.2334
vn -0.4531 0.4227 -0.7849
vn -0.4794 -0.2842 -0.8303
vn -0.0000 -1.0000 -0.0000
vn -0.0000 0.3017 0.9534
vn -0.4767 0.3017 0.8257
vn -0.4938 0.1564 0.8554
vn -0.0000 0.1564 0.9877
vn -0.0000 0.5758 0.8176
vn -0.4088 0.5758 0.7081
vn -0.0000 0.7968 0.6043
vn -0.3021 0.7968 0.5233
vn -0.0000 0.9630 0.2695
vn -0.1348 0.9630 0.2334
vn -0.8257 0.3017 0.4767
vn -0.8554 0.1564 0.4938
vn -0.7081 0.5758 0.4088
vn -0.5233 0.7968 0.3021
vn -0.2334 0.9630 0.1348
vn -0.2695 0.9630 -0.0000
vn -0.6043 0.7968 -0.0000
vn -0.9534 0.3017 -0.0000
vn -0.9877 0.1564 -0.0000
vn -0.8176 0.5758 -0.0000
vn -0.2334 0.9630 -0.1348
vn -0.5233 0.7968 -0.3021
vn -0.8257 0.3017 -0.4767
vn -0.8554 0.1564 -0.4938
vn -0.7081 0.5758 -0.4088
vn -0.3021 0.7968 -0.5233
vn -0.4088 0.5758 -0.7081
vn -0.1348 0.9630 -0.2334
vn -0.4767 0.3017 -0.8257
vn -0.4938 0.1564 -0.8554
vn -0.0000 0.5758 -0.8176
vn -0.0000 0.3017 -0.9534
vn -0.0000 0.7968 -0.6043
vn -0.0000 0.9630 -0.2695
vn -0.0000 0.1564 -0.9877
vn 0.4088 0.5758 -0.7081
vn 0.4767 0.3017 -0.8257
vn 0.3021 0.7968 -0.5233
vn 0.1348 0.9630 -0.2334
vn 0.4938 0.1564 -0.8554
vn 0.8257 0.3017 -0.4767
vn 0.8554 0.1564 -0.4938
vn 0.7081 0.5758 -0.4088
vn 0.5233 0.7968 -0.3021
vn 0.2334 0.9630 -0.1348
vn 0.2695 0.9630 -0.0000
vn 0.6043 0.7968 -0.0000
vn 0.9534 0.3017 -0.0000
vn 0.9877 0.1564 -0.0000
vn 0.8176 0.5758 -0.0000
vn 0.5233 0.7968 0.3021
vn 0.7081 0.5758 0.4088
vn 0.2334 0.9630 0.1348
vn 0.8257 0.3017 0.4767
vn 0.8554 0.1564 0.4938
vn 0.3021 0.7968 0.5233
vn 0.4088 0.5758 0.7081
vn 0.1348 0.9630 0.2334
vn 0.4767 0.3017 0.8257
vn 0.4938 0.1564 0.8554
vn -0.0000 1.0000 -0.0000
vn -0.2403 0.8769 0.4163
vn -0.4163 0.8769 0.2403
vn 0.2403 0.8769 -0.4163
vn 0.4163 0.8769 -0.2403
vn 0.4807 0.8769 -0.0000
vn 0.4163 0.8769 0.2403
vn -0.4163 0.8769 -0.2403
vn -0.2403 0.8769 -0.4163
vn -0.4807 0.8769 -0.0000
vn -0.0000 0.8769 0.4807
vn 0.2403 0.8769 0.4163
vn -0.0000 0.8769 -0.4807
vt 0.230196 0.658679
vt 0.247733 0.660628
vt 0.241252 0.694728
vt 0.223923 0.689059
vt 0.210991 0.656661
vt 0.204903 0.682243
vt 0.191193 0.654772
vt 0.185967 0.674235
vt 0.169578 0.652466
vt 0.165746 0.663794
vt 0.228026 0.728434
vt 0.210438 0.719758
vt 0.191443 0.707508
vt 0.173517 0.692434
vt 0.157142 0.673202
vt 0.152191 0.707825
vt 0.143743 0.678707
vt 0.209030 0.765752
vt 0.188761 0.752745
vt 0.167938 0.732949
vt 0.145066 0.678521
vt 0.152471 0.707154
vt 0.173775 0.692596
vt 0.158298 0.673354
vt 0.187294 0.752528
vt 0.206843 0.765826
vt 0.226934 0.730295
vt 0.209673 0.720765
vt 0.167214 0.732387
vt 0.191024 0.707984
vt 0.205559 0.683143
vt 0.186480 0.674804
vt 0.166727 0.664103
vt 0.242207 0.696678
vt 0.224728 0.690115
vt 0.231709 0.659113
vt 0.211936 0.657267
vt 0.192052 0.655235
vt 0.170357 0.652835
vt 0.249839 0.661228
vt 0.230633 0.627832
vt 0.210810 0.630900
vt 0.190665 0.635139
vt 0.169091 0.641114
vt 0.248754 0.625785
vt 0.240525 0.590848
vt 0.222253 0.595808
vt 0.201909 0.604339
vt 0.182075 0.615373
vt 0.163053 0.630384
vt 0.164375 0.597175
vt 0.151811 0.622663
vt 0.229243 0.552141
vt 0.207551 0.560320
vt 0.183185 0.575232
vt 0.164094 0.596104
vt 0.183628 0.574395
vt 0.201976 0.604291
vt 0.181672 0.614906
vt 0.150759 0.621759
vt 0.162030 0.629734
vt 0.208469 0.559892
vt 0.230668 0.552028
vt 0.240729 0.592023
vt 0.222430 0.596254
vt 0.209828 0.630837
vt 0.189996 0.634827
vt 0.168288 0.640640
vt 0.247246 0.626620
vt 0.229462 0.627979
vt 0.145066 0.649956
vt 0.143743 0.649484
vt 0.100669 0.652522
vt 0.093934 0.683844
vt 0.115359 0.691772
vt 0.122431 0.653307
vt 0.080664 0.651537
vt 0.075629 0.676440
vt 0.061672 0.651099
vt 0.057795 0.669238
vt 0.042163 0.650728
vt 0.039629 0.660853
vt 0.078087 0.712338
vt 0.095957 0.725677
vt 0.061906 0.699135
vt 0.046653 0.685354
vt 0.032821 0.669228
vt 0.022036 0.674058
vt 0.028762 0.697089
vt 0.053765 0.737399
vt 0.070068 0.753720
vt 0.039207 0.718568
vt 0.022114 0.673720
vt 0.032915 0.669258
vt 0.046420 0.685589
vt 0.027473 0.697282
vt 0.052252 0.738896
vt 0.077982 0.713470
vt 0.096190 0.727506
vt 0.068854 0.756104
vt 0.038277 0.719096
vt 0.061241 0.700187
vt 0.057875 0.669838
vt 0.075800 0.677362
vt 0.039912 0.661052
vt 0.094473 0.684546
vt 0.116524 0.692738
vt 0.080982 0.652310
vt 0.100953 0.652881
vt 0.062182 0.651713
vt 0.042534 0.651014
vt 0.123467 0.653070
vt 0.077473 0.627224
vt 0.096626 0.620810
vt 0.059180 0.633403
vt 0.040661 0.640823
vt 0.117499 0.614493
vt 0.081834 0.591468
vt 0.101079 0.579180
vt 0.064851 0.603651
vt 0.049009 0.616917
vt 0.034317 0.632125
vt 0.023886 0.626856
vt 0.031025 0.603758
vt 0.059151 0.564827
vt 0.076592 0.549308
vt 0.043543 0.582814
vt 0.030374 0.603609
vt 0.048046 0.616115
vt 0.063932 0.602760
vt 0.041664 0.582288
vt 0.022729 0.626607
vt 0.033400 0.631858
vt 0.057081 0.562935
vt 0.081443 0.590578
vt 0.101449 0.577635
vt 0.075313 0.546386
vt 0.058540 0.632701
vt 0.076891 0.626275
vt 0.040019 0.640505
vt 0.096279 0.620532
vt 0.118121 0.614504
vt 0.020867 0.650205
vt 0.020200 0.650366
vt 0.251593 0.625400
vt 0.243302 0.590117
vt 0.243991 0.695508
vt 0.230823 0.729693
vt 0.209908 0.766712
vt 0.229551 0.731633
vt 0.243656 0.591385
vt 0.249864 0.626360
vt 0.232387 0.551984
vt 0.252724 0.661479
vt 0.245147 0.697654
vt 0.212469 0.766586
vt 0.234149 0.551984
vt 0.250488 0.660856
s 1
usemtl Material.003
f 775/1028/577 774/1029/578 778/1030/579 779/1031/580
f 833/1032/581 775/1028/577 779/1031/580 780/1033/582
f 776/1034/583 833/1032/581 780/1033/582 781/1035/584
f 777/1036/585 776/1034/583 781/1035/584 782/1037/586
f 779/1031/580 778/1030/579 783/1038/587 784/1039/588
f 780/1033/582 779/1031/580 784/1039/588 785/1040/589
f 781/1035/584 780/1033/582 785/1040/589 786/1041/590
f 782/1037/586 781/1035/584 786/1041/590 787/1042/591
f 787/1042/591 786/1041/590 791/1043/592 792/1044/593
f 784/1039/588 783/1038/587 788/1045/594 789/1046/595
f 785/1040/589 784/1039/588 789/1046/595 790/1047/596
f 786/1041/590 785/1040/589 790/1047/596 791/1043/592
f 792/1048/593 791/1049/592 796/1050/597 797/1051/598
f 789/1052/595 788/1053/594 793/1054/599 794/1055/600
f 790/1056/596 789/1052/595 794/1055/600 795/1057/601
f 791/1049/592 790/1056/596 795/1057/601 796/1050/597
f 796/1050/597 795/1057/601 800/1058/602 801/1059/603
f 797/1051/598 796/1050/597 801/1059/603 802/1060/604
f 794/1055/600 793/1054/599 798/1061/605 799/1062/606
f 795/1057/601 794/1055/600 799/1062/606 800/1058/602
f 800/1058/602 799/1062/606 804/1063/607 805/1064/608
f 801/1059/603 800/1058/602 805/1064/608 806/1065/609
f 802/1060/604 801/1059/603 806/1065/609 807/1066/610
f 799/1062/606 798/1061/605 803/1067/611 804/1063/607
f 805/1064/608 804/1063/607 809/1068/612 810/1069/613
f 806/1065/609 805/1064/608 810/1069/613 811/1070/614
f 807/1066/610 806/1065/609 811/1070/614 812/1071/615
f 804/1063/607 803/1067/611 808/1072/616 809/1068/612
f 809/1068/612 808/1072/616 813/1073/617 814/1074/618
f 810/1069/613 809/1068/612 814/1074/618 815/1075/619
f 811/1070/614 810/1069/613 815/1075/619 816/1076/620
f 812/1071/615 811/1070/614 816/1076/620 817/1077/621
f 817/1077/621 816/1076/620 821/1078/622 822/1079/623
f 814/1074/618 813/1073/617 818/1080/624 819/1081/625
f 815/1075/619 814/1074/618 819/1081/625 820/1082/626
f 816/1076/620 815/1075/619 820/1082/626 821/1078/622
f 821/1083/622 820/1084/626 825/1085/627 826/1086/628
f 822/1087/623 821/1083/622 826/1086/628 827/1088/629
f 819/1089/625 818/1090/624 823/1091/630 824/1092/631
f 820/1084/626 819/1089/625 824/1092/631 825/1085/627
f 826/1086/628 825/1085/627 830/1093/632 831/1094/633
f 827/1088/629 826/1086/628 831/1094/633 832/1095/634
f 824/1092/631 823/1091/630 828/1096/635 829/1097/636
f 825/1085/627 824/1092/631 829/1097/636 830/1093/632
f 830/1093/632 829/1097/636 775/1028/577 833/1032/581
f 831/1094/633 830/1093/632 833/1032/581 776/1034/583
f 832/1095/634 831/1094/633 776/1034/583 777/1036/585
f 829/1097/636 828/1096/635 774/1029/578 775/1028/577
f 807/1066/610 812/1071/615 834/1098/637
f 777/1036/585 782/1037/586 834/1099/637
f 832/1095/634 777/1036/585 834/1099/637
f 812/1071/615 817/1077/621 834/1098/637
f 817/1077/621 822/1079/623 834/1098/637
f 782/1037/586 787/1042/591 834/1099/637
f 792/1048/593 797/1051/598 834/1098/637
f 787/1042/591 792/1044/593 834/1099/637
f 827/1088/629 832/1095/634 834/1099/637
f 802/1060/604 807/1066/610 834/1098/637
f 797/1051/598 802/1060/604 834/1098/637
f 822/1087/623 827/1088/629 834/1099/637
f 844/1100/638 840/1101/639 841/1102/640 845/1103/641
f 894/1104/642 839/1105/643 840/1101/639 844/1100/638
f 843/1106/644 838/1107/645 839/1105/643 894/1104/642
f 842/1108/646 837/1109/647 838/1107/645 843/1106/644
f 840/1101/639 835/1110/648 836/1111/649 841/1102/640
f 839/1105/643 846/1112/650 835/1110/648 840/1101/639
f 838/1107/645 847/1113/651 846/1112/650 839/1105/643
f 837/1109/647 848/1114/652 847/1113/651 838/1107/645
f 848/1114/652 853/1115/653 852/1116/654 847/1113/651
f 835/1110/648 850/1117/655 849/1118/656 836/1111/649
f 846/1112/650 851/1119/657 850/1117/655 835/1110/648
f 847/1113/651 852/1116/654 851/1119/657 846/1112/650
f 853/1120/653 858/1121/658 857/1122/659 852/1123/654
f 850/1124/655 855/1125/660 854/1126/661 849/1127/656
f 851/1128/657 856/1129/662 855/1125/660 850/1124/655
f 852/1123/654 857/1122/659 856/1129/662 851/1128/657
f 857/1122/659 862/1130/663 861/1131/664 856/1129/662
f 858/1121/658 863/1132/665 862/1130/663 857/1122/659
f 855/1125/660 860/1133/666 859/1134/667 854/1126/661
f 856/1129/662 861/1131/664 860/1133/666 855/1125/660
f 861/1131/664 866/1135/668 865/1136/669 860/1133/666
f 862/1130/663 867/1137/670 866/1135/668 861/1131/664
f 863/1132/665 868/1138/671 867/1137/670 862/1130/663
f 860/1133/666 865/1136/669 864/1139/672 859/1134/667
f 866/1135/668 871/1140/673 870/1141/674 865/1136/669
f 867/1137/670 872/1142/675 871/1140/673 866/1135/668
f 868/1138/671 873/1143/676 872/1142/675 867/1137/670
f 865/1136/669 870/1141/674 869/1144/677 864/1139/672
f 870/1141/674 875/1145/678 874/1146/679 869/1144/677
f 871/1140/673 876/1147/680 875/1145/678 870/1141/674
f 872/1142/675 877/1148/681 876/1147/680 871/1140/673
f 873/1143/676 878/1149/682 877/1148/681 872/1142/675
f 878/1149/682 883/1150/683 882/1151/684 877/1148/681
f 875/1145/678 880/1152/685 879/1153/686 874/1146/679
f 876/1147/680 881/1154/687 880/1152/685 875/1145/678
f 877/1148/681 882/1151/684 881/1154/687 876/1147/680
f 882/1155/684 887/1156/688 886/1157/689 881/1158/687
f 883/1159/683 888/1160/690 887/1156/688 882/1155/684
f 880/1161/685 885/1162/691 884/1163/692 879/1164/686
f 881/1158/687 886/1157/689 885/1162/691 880/1161/685
f 887/1156/688 892/1165/693 891/1166/694 886/1157/689
f 888/1160/690 893/1167/695 892/1165/693 887/1156/688
f 885/1162/691 890/1168/696 889/1169/697 884/1163/692
f 886/1157/689 891/1166/694 890/1168/696 885/1162/691
f 891/1166/694 894/1104/642 844/1100/638 890/1168/696
f 892/1165/693 843/1106/644 894/1104/642 891/1166/694
f 893/1167/695 842/1108/646 843/1106/644 892/1165/693
f 890/1168/696 844/1100/638 845/1103/641 889/1169/697
f 868/1138/671 895/1170/698 873/1143/676
f 842/1108/646 895/1171/698 837/1109/647
f 893/1167/695 895/1171/698 842/1108/646
f 873/1143/676 895/1170/698 878/1149/682
f 878/1149/682 895/1170/698 883/1150/683
f 837/1109/647 895/1171/698 848/1114/652
f 853/1120/653 895/1170/698 858/1121/658
f 848/1114/652 895/1171/698 853/1115/653
f 888/1160/690 895/1171/698 893/1167/695
f 863/1132/665 895/1170/698 868/1138/671
f 858/1121/658 895/1170/698 863/1132/665
f 883/1159/683 895/1171/698 888/1160/690
f 808/1072/616 869/1172/699 874/1173/700 813/1073/617
f 778/1030/579 841/1174/701 836/1175/702 783/1038/587
f 788/1053/594 849/1176/703 854/1177/704 793/1054/599
f 823/1091/630 884/1178/705 889/1179/706 828/1096/635
f 813/1073/617 874/1173/700 879/1180/707 818/1080/624
f 803/1067/611 864/1181/708 869/1172/699 808/1072/616
f 798/1061/605 859/1182/709 864/1181/708 803/1067/611
f 783/1038/587 836/1175/702 849/1183/703 788/1045/594
f 793/1054/599 854/1177/704 859/1182/709 798/1061/605
f 818/1090/624 879/1184/707 884/1178/705 823/1091/630
f 774/1029/578 845/1185/710 841/1174/701 778/1030/579
f 828/1096/635 889/1179/706 845/1185/710 774/1029/578
o Cylinder.005
v 2.849492 3.633409 -2.184527
v 2.849492 3.417406 -2.169635
v 2.930126 3.633409 -2.231081
v 2.943023 3.417406 -2.223635
v 2.930126 3.633409 -2.324190
v 2.943023 3.417406 -2.331636
v 2.849492 3.633409 -2.370745
v 2.849492 3.417406 -2.385637
v 2.768857 3.633409 -2.324190
v 2.755960 3.417406 -2.331636
v 2.768857 3.633409 -2.231081
v 2.755960 3.417406 -2.223635
v 2.849492 3.417406 -2.179403
v 2.934564 3.417406 -2.228520
v 2.934564 3.417406 -2.326752
v 2.849492 3.417406 -2.375869
v 2.764420 3.417406 -2.326752
v 2.764420 3.417406 -2.228520
v 2.849492 3.591677 -2.189818
v 2.925544 3.591677 -2.233727
v 2.925544 3.591677 -2.321544
v 2.849492 3.591677 -2.365453
v 2.773439 3.591677 -2.321544
v 2.773439 3.591677 -2.233727
v 2.849492 3.633409 -2.277636
vn 0.4991 0.0596 0.8645
vn 0.9982 0.0596 -0.0000
vn 0.4991 0.0596 -0.8645
vn -0.4991 0.0596 -0.8645
vn -0.0000 -1.0000 -0.0000
vn -0.9982 0.0596 -0.0000
vn -0.4991 0.0596 0.8645
vn 0.4993 -0.0517 -0.8649
vn 0.4993 -0.0517 0.8649
vn -0.9987 -0.0517 -0.0000
vn 0.9987 -0.0517 -0.0000
vn -0.4993 -0.0517 0.8649
vn -0.4993 -0.0517 -0.8649
vn -0.0000 1.0000 -0.0000
vt 1.000000 0.500000
vt 1.000000 1.000000
vt 0.833333 1.000000
vt 0.833333 0.500000
vt 0.666667 1.000000
vt 0.666667 0.500000
vt 0.500000 1.000000
vt 0.500000 0.500000
vt 0.333333 1.000000
vt 0.333333 0.500000
vt 0.166667 1.000000
vt 0.166667 0.500000
vt -0.000000 1.000000
vt -0.000000 0.500000
s 0
f 896/1186/711 897/1187/711 899/1188/711 898/1189/711
f 898/1189/712 899/1188/712 901/1190/712 900/1191/712
f 900/1191/713 901/1190/713 903/1192/713 902/1193/713
f 902/1193/714 903/1192/714 905/1194/714 904/1195/714
f 899/1188/715 897/1187/715 908/1187/715 909/1188/715
f 904/1195/716 905/1194/716 907/1196/716 906/1197/716
f 906/1197/717 907/1196/717 897/1198/717 896/1199/717
f 903/1192/715 901/1190/715 910/1190/715 911/1192/715
f 897/1198/715 907/1196/715 913/1196/715 908/1198/715
f 905/1194/715 903/1192/715 911/1192/715 912/1194/715
f 901/1190/715 899/1188/715 909/1188/715 910/1190/715
f 907/1196/715 905/1194/715 912/1194/715 913/1196/715
f 908/1198/718 913/1196/718 919/1196/718 914/1198/718
f 912/1194/719 911/1192/719 917/1192/719 918/1194/719
f 910/1190/720 909/1188/720 915/1188/720 916/1190/720
f 913/1196/721 912/1194/721 918/1194/721 919/1196/721
f 911/1192/722 910/1190/722 916/1190/722 917/1192/722
f 909/1188/723 908/1187/723 914/1187/723 915/1188/723
f 902/1193/724 904/1195/724 920/1193/724
f 898/1189/724 900/1191/724 920/1189/724
f 904/1195/724 906/1197/724 920/1195/724
f 896/1186/724 898/1189/724 920/1186/724
f 900/1191/724 902/1193/724 920/1191/724
f 906/1197/724 896/1199/724 920/1197/724
