# Blender 5.0.1
# www.blender.org
mtllib bush3_flower.mtl
o Cylinder.013
v -0.274830 0.404266 0.620154
v -0.272830 0.393796 0.623800
v -0.279003 0.403900 0.613261
v -0.280805 0.393096 0.610625
v -0.279299 0.408335 0.606531
v -0.281371 0.401574 0.597761
v -0.275545 0.414974 0.603906
v -0.274197 0.414263 0.592744
v -0.269941 0.419927 0.606924
v -0.263484 0.423731 0.598512
v -0.265768 0.420293 0.613816
v -0.255508 0.424431 0.611687
v -0.293573 0.432638 0.626625
v -0.294768 0.432533 0.624651
v -0.265472 0.415858 0.620546
v -0.254942 0.415953 0.624551
v -0.269226 0.409219 0.623171
v -0.262117 0.403264 0.629568
v -0.280502 0.409697 0.622834
v -0.284263 0.409367 0.616620
v -0.284530 0.413366 0.610552
v -0.281146 0.419351 0.608186
v -0.276093 0.423816 0.610906
v -0.272332 0.424146 0.617120
v -0.296373 0.431114 0.623787
v -0.272065 0.420148 0.623188
v -0.275449 0.414163 0.625554
v -0.297447 0.429213 0.624538
v -0.294563 0.429467 0.629303
v -0.290274 0.419826 0.627038
v -0.292998 0.419587 0.622538
v -0.293192 0.422483 0.618144
v -0.290741 0.426817 0.616430
v -0.287082 0.430051 0.618400
v -0.284357 0.430290 0.622900
v -0.297363 0.427943 0.626465
v -0.284164 0.427394 0.627295
v -0.286615 0.423060 0.629008
v -0.294736 0.425124 0.628596
v -0.296699 0.424952 0.625354
v -0.296838 0.427038 0.622189
v -0.295073 0.430161 0.620954
v -0.292437 0.432491 0.622374
v -0.290474 0.432663 0.625616
v -0.296168 0.428048 0.628439
v -0.290335 0.430577 0.628781
v -0.293488 0.431368 0.628552
v -0.292100 0.427454 0.630016
v -0.296131 0.430813 0.626919
v -0.289759 0.431271 0.620387
v -0.295489 0.405985 0.567873
v -0.246365 0.432019 0.618636
v -0.289210 0.470100 0.528915
v -0.240086 0.496134 0.579679
v -0.260052 0.444507 0.577672
v -0.255585 0.404634 0.641375
v -0.220555 0.500044 0.609665
v -0.216089 0.460171 0.673368
v -0.238932 0.439031 0.620892
v -0.284444 0.379137 0.623904
v -0.225088 0.432218 0.694579
v -0.270600 0.372323 0.697591
v -0.258812 0.389685 0.651060
v -0.291116 0.397030 0.583455
v -0.310614 0.338540 0.670256
v -0.342918 0.345885 0.602652
v -0.295155 0.372968 0.614008
v -0.265454 0.433971 0.581384
v -0.348826 0.370887 0.561255
v -0.319125 0.431890 0.528630
v -0.294499 0.392559 0.597276
v -0.257370 0.430665 0.606078
v -0.318202 0.424139 0.560547
v -0.281073 0.462245 0.569349
v -0.281617 0.424626 0.583394
v -0.256703 0.420893 0.631075
v -0.269626 0.477159 0.581242
v -0.244712 0.473426 0.628923
v -0.258327 0.435818 0.601146
v -0.268916 0.397835 0.637933
v -0.242942 0.469499 0.640351
v -0.253531 0.431516 0.677138
v -0.251162 0.414966 0.639400
v -0.287418 0.393468 0.605762
v -0.272184 0.386617 0.680175
v -0.308440 0.365120 0.646537
v -0.277136 0.386500 0.634716
v -0.275704 0.415453 0.589243
v -0.326969 0.369860 0.622552
v -0.325536 0.398813 0.577078
v -0.138337 0.762904 0.421868
v -0.410111 0.436449 0.421868
v -0.138337 0.762904 -0.463392
v -0.410111 0.436449 -0.463392
v -0.201941 0.024002 0.456305
v -0.201941 0.123465 0.641277
v -0.301405 0.123465 0.456305
v -0.201941 0.053134 0.572792
v -0.259367 0.066040 0.546122
v -0.272273 0.123465 0.572792
v -0.272273 0.053134 0.456305
v -0.201941 0.445774 0.574535
v -0.164621 0.656849 0.362583
v -0.301405 0.527348 0.362583
v -0.201941 0.516105 0.506050
v -0.259367 0.503199 0.479380
v -0.272273 0.597679 0.362583
v -0.272273 0.445774 0.506050
v 0.113251 0.024002 0.456305
v 0.212714 0.123465 0.456305
v 0.113251 0.123465 0.641277
v 0.183582 0.053134 0.456305
v 0.170676 0.066040 0.546122
v 0.183582 0.123465 0.572792
v 0.113251 0.053134 0.572792
v 0.075930 0.656849 0.362583
v 0.113251 0.445774 0.574535
v 0.212714 0.527348 0.362583
v 0.113251 0.516105 0.506050
v 0.170676 0.503199 0.479380
v 0.183582 0.445774 0.506050
v 0.183582 0.597679 0.362583
v -0.201941 0.024002 -0.456305
v -0.201941 0.123465 -0.641277
v -0.301405 0.123465 -0.456305
v -0.201941 0.053134 -0.572792
v -0.259367 0.066040 -0.546122
v -0.272273 0.123465 -0.572792
v -0.272273 0.053134 -0.456305
v -0.201941 0.445774 -0.574535
v -0.164621 0.656849 -0.362583
v -0.301405 0.527348 -0.362583
v -0.201941 0.516105 -0.506050
v -0.259367 0.503199 -0.479380
v -0.272273 0.597679 -0.362583
v -0.272273 0.445774 -0.506050
v 0.113251 0.024002 -0.456305
v 0.212714 0.123465 -0.456305
v 0.113251 0.123465 -0.641277
v 0.183582 0.053134 -0.456305
v 0.170676 0.066040 -0.546122
v 0.183582 0.123465 -0.572792
v 0.113251 0.053134 -0.572792
v 0.075930 0.656849 -0.362583
v 0.113251 0.445774 -0.574535
v 0.212714 0.527348 -0.362583
v 0.113251 0.516105 -0.506050
v 0.170676 0.503199 -0.479380
v 0.183582 0.445774 -0.506050
v 0.183582 0.597679 -0.362583
v -0.325387 0.048631 0.590715
v -0.317964 0.617688 0.590715
v -0.325387 0.048631 -0.595341
v -0.317964 0.617688 -0.595341
v 0.218077 0.022776 0.635078
v 0.225500 0.591833 0.635078
v 0.218077 0.022776 -0.550977
v 0.225500 0.591833 -0.550977
v 0.214849 0.667231 0.492763
v -0.283913 0.665240 0.492763
v 0.214849 0.667231 -0.546698
v -0.283913 0.665240 -0.546698
v 0.109597 0.755414 0.400453
v 0.303416 0.380817 0.400453
v 0.109597 0.755414 -0.478542
v 0.303416 0.380817 -0.478542
v -0.360259 0.727083 -0.369410
v -0.382890 0.486923 -0.580674
v 0.305883 0.708171 -0.419270
v 0.283251 0.468011 -0.630534
v -0.346560 0.683025 0.380056
v -0.345648 0.472532 0.581468
v 0.260257 0.698420 0.393396
v 0.261169 0.487927 0.594809
v -0.331759 0.032692 0.681237
v 0.250484 0.044686 0.655408
v -0.348233 0.605821 0.576022
v 0.234010 0.617815 0.550193
v -0.308060 0.046462 -0.670584
v 0.244792 0.067153 -0.687992
v -0.323702 0.581859 -0.531004
v 0.229150 0.602550 -0.548413
v -0.470228 0.054676 0.401912
v -0.154229 0.064666 0.770397
v -0.409705 0.532032 0.337068
v -0.093706 0.542022 0.705553
v 0.130341 0.169598 -0.704318
v 0.373704 0.175147 -0.395366
v 0.057192 0.552719 -0.653579
v 0.300555 0.558268 -0.344628
v 0.334999 0.163815 0.390248
v 0.163381 0.185243 0.743512
v 0.293133 0.552436 0.346337
v 0.121515 0.573864 0.699601
v -0.287510 0.071969 -0.687464
v -0.446267 0.140585 -0.334200
v -0.218906 0.456771 -0.731375
v -0.377662 0.525387 -0.378111
v 0.095400 0.339415 -0.275700
v -0.226782 0.408031 -0.060764
v 0.176851 0.724217 -0.276452
v -0.145332 0.792833 -0.061516
v -0.243732 0.649154 0.329854
v -0.103161 0.299471 0.217298
v 0.117997 0.801919 0.307015
v 0.258569 0.452237 0.194458
v 0.050937 0.690532 -0.284737
v 0.050241 0.686655 -0.274182
v 0.043538 0.690799 -0.287935
v 0.036097 0.687166 -0.280296
v 0.040473 0.689715 -0.295317
v 0.030239 0.685093 -0.294405
v 0.043538 0.687915 -0.302556
v 0.036097 0.681653 -0.308244
v 0.050937 0.686453 -0.305414
v 0.050241 0.678859 -0.313706
v 0.058336 0.686187 -0.302215
v 0.064384 0.678348 -0.307592
v 0.056855 0.719144 -0.303297
v 0.054737 0.719220 -0.304213
v 0.061401 0.687271 -0.294834
v 0.070242 0.680421 -0.293483
v 0.058336 0.689071 -0.287594
v 0.064384 0.683861 -0.279644
v 0.051910 0.698352 -0.287336
v 0.045239 0.698592 -0.290220
v 0.042476 0.697615 -0.296875
v 0.045239 0.695992 -0.303402
v 0.051910 0.694674 -0.305979
v 0.058581 0.694433 -0.303095
v 0.052618 0.719639 -0.303394
v 0.061344 0.695411 -0.296440
v 0.058581 0.697034 -0.289913
v 0.051740 0.720154 -0.301321
v 0.056855 0.719970 -0.299110
v 0.053619 0.711925 -0.292685
v 0.048788 0.712100 -0.294773
v 0.046787 0.711392 -0.299593
v 0.048788 0.710217 -0.304320
v 0.053619 0.709262 -0.306186
v 0.058450 0.709088 -0.304097
v 0.052618 0.720465 -0.299208
v 0.060451 0.709796 -0.299278
v 0.058450 0.710971 -0.294551
v 0.054427 0.718212 -0.295886
v 0.050947 0.718337 -0.297390
v 0.049505 0.717827 -0.300862
v 0.050947 0.716980 -0.304268
v 0.054427 0.716293 -0.305612
v 0.057907 0.716167 -0.304107
v 0.054737 0.720388 -0.298292
v 0.059349 0.716677 -0.300635
v 0.057733 0.719454 -0.301183
v 0.057907 0.717524 -0.297230
v 0.054846 0.720704 -0.301430
v 0.054023 0.712778 -0.305899
v 0.002934 0.685186 -0.313549
v 0.077682 0.676672 -0.310724
v 0.005918 0.686430 -0.388765
v 0.080667 0.677916 -0.385940
v 0.046181 0.674511 -0.342729
v 0.077023 0.684181 -0.274736
v 0.114614 0.676472 -0.374049
v 0.145456 0.686142 -0.306056
v 0.086446 0.674129 -0.315848
v 0.037558 0.690863 -0.261096
v 0.143601 0.692591 -0.270457
v 0.094713 0.709325 -0.215705
v 0.075755 0.685601 -0.256734
v 0.012673 0.685151 -0.297824
v 0.038451 0.717800 -0.199817
v -0.024631 0.717350 -0.240907
v 0.021883 0.693053 -0.260655
v 0.041310 0.676714 -0.331532
v -0.046759 0.713200 -0.284114
v -0.027332 0.696860 -0.354991
v 0.018660 0.692352 -0.286216
v 0.061984 0.679699 -0.315729
v -0.007473 0.707262 -0.330970
v 0.035851 0.694609 -0.360483
v 0.029639 0.687437 -0.321461
v 0.075946 0.686536 -0.293840
v 0.057044 0.695894 -0.367130
v 0.103351 0.694993 -0.339508
v 0.060121 0.680209 -0.322661
v 0.064168 0.691122 -0.270005
v 0.110792 0.697115 -0.330060
v 0.114840 0.708027 -0.277403
v 0.082484 0.683470 -0.284730
v 0.029064 0.690596 -0.282803
v 0.087504 0.708222 -0.237083
v 0.034085 0.715348 -0.235155
v 0.052457 0.692305 -0.261768
v 0.033265 0.681790 -0.311055
v 0.008600 0.721770 -0.250977
v -0.010592 0.711255 -0.300264
v 0.250477 0.510994 0.204562
v 0.246731 0.509776 0.215117
v 0.247218 0.517642 0.201364
v 0.240501 0.522484 0.209003
v 0.244815 0.519831 0.193982
v 0.235907 0.526669 0.194894
v 0.244675 0.516280 0.186742
v 0.235641 0.519880 0.181055
v 0.246882 0.509067 0.183885
v 0.239858 0.506094 0.175593
v 0.250141 0.502419 0.187083
v 0.246088 0.493386 0.181707
v 0.278491 0.519290 0.186002
v 0.277558 0.521194 0.185086
v 0.252544 0.500230 0.194465
v 0.250682 0.489201 0.195816
v 0.252683 0.503782 0.201705
v 0.250948 0.495990 0.209655
v 0.257829 0.513829 0.201962
v 0.254890 0.519823 0.199079
v 0.252724 0.521796 0.192424
v 0.252598 0.518594 0.185897
v 0.254587 0.512092 0.183320
v 0.257526 0.506099 0.186204
v 0.276926 0.523259 0.185905
v 0.259692 0.504125 0.192859
v 0.259818 0.507327 0.199386
v 0.276966 0.524276 0.187978
v 0.279219 0.519680 0.190189
v 0.270600 0.518734 0.196614
v 0.268472 0.523074 0.194526
v 0.266903 0.524504 0.189706
v 0.266812 0.522185 0.184979
v 0.268253 0.517476 0.183113
v 0.270381 0.513135 0.185202
v 0.277654 0.523649 0.190091
v 0.271950 0.511706 0.190021
v 0.272041 0.514025 0.194748
v 0.276523 0.520990 0.193413
v 0.274990 0.524117 0.191909
v 0.273859 0.525147 0.188437
v 0.273794 0.523477 0.185031
v 0.274832 0.520084 0.183687
v 0.276365 0.516957 0.185192
v 0.278588 0.521745 0.191007
v 0.277495 0.515927 0.188664
v 0.279179 0.518663 0.188116
v 0.277560 0.517598 0.192069
v 0.278918 0.521798 0.187869
v 0.271542 0.518780 0.183400
v 0.223092 0.550781 0.175750
v 0.250892 0.480873 0.178575
v 0.225598 0.548738 0.100534
v 0.253398 0.478830 0.103359
v 0.234109 0.507619 0.146569
v 0.257200 0.485001 0.214563
v 0.268158 0.448225 0.115250
v 0.291249 0.425607 0.183243
v 0.252790 0.471947 0.173451
v 0.244450 0.522943 0.228203
v 0.296057 0.430289 0.218842
v 0.287717 0.481284 0.273594
v 0.257852 0.486790 0.232565
v 0.227662 0.542179 0.191475
v 0.268614 0.534878 0.289482
v 0.238424 0.590268 0.248392
v 0.238977 0.537794 0.228643
v 0.233750 0.512953 0.157767
v 0.224315 0.607812 0.205185
v 0.219088 0.582971 0.134308
v 0.236836 0.540303 0.203083
v 0.246146 0.496140 0.173570
v 0.237636 0.570380 0.158329
v 0.246945 0.526216 0.128816
v 0.237689 0.528304 0.167838
v 0.258767 0.487062 0.195459
v 0.258087 0.508143 0.122169
v 0.279164 0.466901 0.149791
v 0.245715 0.498023 0.166638
v 0.257245 0.499609 0.219294
v 0.284549 0.461344 0.159239
v 0.296079 0.462930 0.211895
v 0.259151 0.479852 0.204569
v 0.240202 0.530303 0.206496
v 0.283340 0.487117 0.252216
v 0.264391 0.537568 0.254143
v 0.252757 0.510491 0.227531
v 0.234424 0.522441 0.178244
v 0.258015 0.563065 0.238322
v 0.239682 0.575015 0.189035
v 0.305589 0.470506 -0.191480
v 0.305250 0.459760 -0.188115
v 0.301272 0.475003 -0.186364
v 0.296997 0.468356 -0.178335
v 0.296674 0.481594 -0.187047
v 0.288208 0.480954 -0.179641
v 0.294489 0.486418 -0.193130
v 0.284033 0.490175 -0.191269
v 0.295998 0.486649 -0.201050
v 0.286916 0.490617 -0.206407
v 0.300316 0.482152 -0.206167
v 0.295169 0.482021 -0.216188
v 0.326370 0.498102 -0.193663
v 0.325133 0.499389 -0.192198
v 0.304913 0.475561 -0.205483
v 0.303958 0.469422 -0.214881
v 0.307098 0.470737 -0.199400
v 0.308134 0.460201 -0.203253
v 0.311703 0.476039 -0.190559
v 0.307811 0.480093 -0.185945
v 0.303665 0.486036 -0.186562
v 0.301696 0.490385 -0.192046
v 0.303056 0.490593 -0.199186
v 0.306949 0.486539 -0.203799
v 0.324701 0.499323 -0.189930
v 0.311094 0.480596 -0.203183
v 0.313063 0.476247 -0.197699
v 0.325327 0.497942 -0.188188
v 0.328312 0.494833 -0.191725
v 0.322074 0.486366 -0.189303
v 0.319255 0.489302 -0.185962
v 0.316253 0.493606 -0.186408
v 0.314827 0.496755 -0.190380
v 0.315812 0.496906 -0.195551
v 0.318631 0.493970 -0.198892
v 0.326643 0.496054 -0.187992
v 0.321633 0.489666 -0.198446
v 0.323059 0.486516 -0.194474
v 0.326667 0.491773 -0.189020
v 0.324636 0.493889 -0.186614
v 0.322473 0.496989 -0.186935
v 0.321446 0.499258 -0.189796
v 0.322155 0.499367 -0.193521
v 0.324186 0.497251 -0.195928
v 0.327880 0.494767 -0.189458
v 0.326349 0.494151 -0.195607
v 0.327686 0.496214 -0.193467
v 0.327376 0.491882 -0.192745
v 0.327246 0.497610 -0.190671
v 0.318983 0.498136 -0.194536
v 0.269326 0.503529 -0.163958
v 0.299267 0.481119 -0.229298
v 0.249098 0.568776 -0.195606
v 0.279038 0.546366 -0.260945
v 0.272626 0.514769 -0.215906
v 0.315980 0.453348 -0.211937
v 0.297828 0.528054 -0.285593
v 0.341181 0.466633 -0.281624
v 0.299862 0.482543 -0.239649
v 0.306534 0.453010 -0.170720
v 0.356328 0.438985 -0.263777
v 0.363000 0.409452 -0.194849
v 0.321966 0.438617 -0.203284
v 0.278744 0.487748 -0.166057
v 0.347598 0.411593 -0.137859
v 0.304376 0.460723 -0.100631
v 0.300900 0.456992 -0.156469
v 0.275463 0.507077 -0.206592
v 0.277246 0.501190 -0.100301
v 0.251809 0.551275 -0.150424
v 0.291056 0.479580 -0.164026
v 0.292666 0.490210 -0.216870
v 0.277195 0.530752 -0.154154
v 0.278806 0.541382 -0.206998
v 0.281682 0.505632 -0.188933
v 0.311632 0.471225 -0.217696
v 0.288088 0.543147 -0.227140
v 0.318038 0.508740 -0.255903
v 0.290095 0.496862 -0.217832
v 0.316906 0.455111 -0.196712
v 0.326225 0.499869 -0.257753
v 0.353037 0.458118 -0.236633
v 0.315015 0.460531 -0.220750
v 0.295665 0.473583 -0.172136
v 0.352164 0.429089 -0.197522
v 0.332813 0.442141 -0.148908
v 0.314710 0.451015 -0.183117
v 0.281930 0.493291 -0.189922
v 0.321016 0.464257 -0.131223
v 0.288236 0.506533 -0.138027
v -0.272375 0.661242 -0.178607
v -0.278147 0.653745 -0.172492
v -0.273819 0.659925 -0.186432
v -0.280906 0.651227 -0.187449
v -0.269521 0.660626 -0.193221
v -0.272691 0.652566 -0.200426
v -0.261999 0.662933 -0.194997
v -0.258314 0.656976 -0.203820
v -0.255660 0.665495 -0.190719
v -0.246197 0.661874 -0.195644
v -0.254217 0.666812 -0.182894
v -0.243438 0.664391 -0.180687
v -0.271287 0.694701 -0.187405
v -0.271700 0.694324 -0.189645
v -0.258514 0.666112 -0.176105
v -0.251653 0.663053 -0.167710
v -0.266036 0.663805 -0.174329
v -0.266030 0.658643 -0.164316
v -0.274133 0.669224 -0.180035
v -0.275435 0.668037 -0.187090
v -0.271560 0.668668 -0.193210
v -0.264779 0.670748 -0.194811
v -0.259063 0.673059 -0.190955
v -0.257762 0.674246 -0.183900
v -0.273515 0.693591 -0.190870
v -0.261637 0.673615 -0.177780
v -0.268418 0.671535 -0.176178
v -0.275669 0.692930 -0.190362
v -0.274671 0.693840 -0.184952
v -0.276586 0.683400 -0.183002
v -0.277529 0.682540 -0.188111
v -0.274723 0.682998 -0.192544
v -0.269811 0.684504 -0.193703
v -0.265672 0.686177 -0.190910
v -0.264730 0.687037 -0.185801
v -0.276900 0.692729 -0.188418
v -0.267536 0.686580 -0.181368
v -0.272447 0.685073 -0.180209
v -0.277203 0.690242 -0.184798
v -0.277882 0.689622 -0.188479
v -0.275860 0.689952 -0.191672
v -0.272323 0.691037 -0.192507
v -0.269341 0.692242 -0.190495
v -0.268662 0.692862 -0.186815
v -0.276486 0.693106 -0.186177
v -0.270683 0.692532 -0.183621
v -0.272517 0.694501 -0.185461
v -0.274221 0.691447 -0.182786
v -0.274383 0.694588 -0.188005
v -0.267507 0.689210 -0.190703
v -0.272373 0.649688 -0.233648
v -0.233952 0.669058 -0.171870
v -0.218488 0.679943 -0.276646
v -0.180067 0.699312 -0.214868
v -0.225405 0.667514 -0.215983
v -0.263575 0.661760 -0.151346
v -0.171364 0.706208 -0.180625
v -0.209533 0.700454 -0.115989
v -0.224795 0.672052 -0.167785
v -0.295677 0.647742 -0.175035
v -0.238906 0.691957 -0.096563
v -0.309789 0.667647 -0.103813
v -0.277631 0.655775 -0.141635
v -0.278766 0.647390 -0.216444
v -0.352497 0.648098 -0.139639
v -0.353632 0.639714 -0.214447
v -0.304673 0.643639 -0.187401
v -0.236800 0.663402 -0.213293
v -0.331631 0.644131 -0.257693
v -0.263757 0.663894 -0.283585
v -0.287818 0.651396 -0.205288
v -0.239551 0.667691 -0.187600
v -0.276555 0.671121 -0.254198
v -0.228287 0.687416 -0.236510
v -0.255098 0.664442 -0.217377
v -0.251831 0.670499 -0.163891
v -0.214058 0.698835 -0.223779
v -0.210791 0.704893 -0.170293
v -0.235819 0.670025 -0.193294
v -0.276709 0.661138 -0.159277
v -0.214980 0.705922 -0.158867
v -0.255870 0.697036 -0.124850
v -0.253521 0.666908 -0.152965
v -0.284305 0.652478 -0.194825
v -0.297596 0.672025 -0.122316
v -0.328380 0.657595 -0.164176
v -0.288778 0.654734 -0.163720
v -0.257764 0.657094 -0.207774
v -0.332819 0.659534 -0.194467
v -0.301806 0.661895 -0.238521
v -0.197500 0.563789 -0.541182
v -0.190609 0.566780 -0.532786
v -0.205129 0.565101 -0.538919
v -0.205192 0.569288 -0.528461
v -0.212203 0.561504 -0.540356
v -0.218714 0.562412 -0.531207
v -0.214578 0.555104 -0.544651
v -0.223254 0.550178 -0.539417
v -0.210863 0.549650 -0.549289
v -0.216152 0.539754 -0.548281
v -0.203234 0.548338 -0.551552
v -0.201569 0.537245 -0.552607
v -0.208281 0.573165 -0.572709
v -0.210466 0.573541 -0.572061
v -0.196160 0.551935 -0.550115
v -0.188047 0.544122 -0.549860
v -0.193785 0.558335 -0.545820
v -0.183507 0.556356 -0.541650
v -0.199277 0.567920 -0.548155
v -0.206155 0.569103 -0.546115
v -0.212533 0.565860 -0.547410
v -0.214674 0.560090 -0.551282
v -0.211325 0.555173 -0.555463
v -0.204446 0.553990 -0.557504
v -0.211530 0.575103 -0.570733
v -0.198069 0.557233 -0.556208
v -0.195928 0.563003 -0.552336
v -0.210849 0.576935 -0.569504
v -0.205575 0.576028 -0.571068
v -0.202904 0.574638 -0.560705
v -0.207886 0.575494 -0.559227
v -0.212504 0.573145 -0.560165
v -0.214055 0.568967 -0.562970
v -0.211629 0.565406 -0.565997
v -0.206648 0.564549 -0.567475
v -0.208824 0.577965 -0.569092
v -0.202029 0.566898 -0.566537
v -0.200478 0.571077 -0.563733
v -0.205054 0.577354 -0.566902
v -0.208642 0.577972 -0.565838
v -0.211969 0.576280 -0.566514
v -0.213087 0.573269 -0.568534
v -0.211339 0.570704 -0.570715
v -0.207750 0.570087 -0.571780
v -0.206639 0.577590 -0.569740
v -0.204423 0.571779 -0.571104
v -0.206255 0.574195 -0.572298
v -0.203306 0.574789 -0.569084
v -0.208678 0.576107 -0.571638
v -0.211484 0.568055 -0.568356
v -0.251667 0.562655 -0.526094
v -0.193651 0.529233 -0.560517
v -0.299646 0.522206 -0.567685
v -0.241630 0.488784 -0.602108
v -0.238047 0.522496 -0.558305
v -0.170921 0.554402 -0.546309
v -0.208458 0.481107 -0.613797
v -0.141332 0.513013 -0.601801
v -0.190328 0.521231 -0.566387
v -0.191695 0.581792 -0.521684
v -0.119642 0.537631 -0.586444
v -0.121008 0.598192 -0.541742
v -0.160016 0.565588 -0.537164
v -0.233991 0.567327 -0.523288
v -0.152888 0.634545 -0.507804
v -0.226863 0.636284 -0.493928
v -0.203213 0.589659 -0.514191
v -0.234414 0.532006 -0.551212
v -0.271586 0.618478 -0.501446
v -0.302788 0.560825 -0.538466
v -0.222542 0.576683 -0.525246
v -0.208893 0.534825 -0.556388
v -0.273127 0.573943 -0.543734
v -0.259478 0.532085 -0.574876
v -0.237397 0.549929 -0.546472
v -0.184664 0.546365 -0.557181
v -0.248349 0.521412 -0.590913
v -0.195616 0.517847 -0.601622
v -0.214936 0.532211 -0.559293
v -0.177963 0.567068 -0.541234
v -0.184030 0.521663 -0.602208
v -0.147058 0.556521 -0.584150
v -0.173463 0.546434 -0.554072
v -0.212401 0.573216 -0.528096
v -0.140462 0.588671 -0.548151
v -0.179399 0.615453 -0.522175
v -0.181261 0.576835 -0.531228
v -0.227234 0.549858 -0.539399
v -0.209415 0.621551 -0.520455
v -0.255388 0.594573 -0.528627
v -0.411041 0.484845 0.123920
v -0.407396 0.483352 0.134475
v -0.412854 0.477666 0.120721
v -0.410860 0.469630 0.128361
v -0.412436 0.474442 0.113340
v -0.410062 0.463467 0.114252
v -0.410033 0.477062 0.106100
v -0.405469 0.468474 0.100413
v -0.407053 0.483990 0.103243
v -0.399773 0.481717 0.094951
v -0.405241 0.491169 0.106441
v -0.396309 0.495439 0.101065
v -0.437777 0.496630 0.105360
v -0.438295 0.494574 0.104444
v -0.405659 0.494393 0.113822
v -0.397107 0.501602 0.115174
v -0.408061 0.491774 0.121062
v -0.401700 0.496595 0.129012
v -0.418483 0.487436 0.121320
v -0.420117 0.480964 0.118436
v -0.419740 0.478057 0.111782
v -0.417574 0.480419 0.105255
v -0.414887 0.486665 0.102678
v -0.413253 0.493137 0.105562
v -0.439149 0.492590 0.105262
v -0.413630 0.496044 0.112217
v -0.415796 0.493682 0.118744
v -0.439837 0.491840 0.107336
v -0.438584 0.496803 0.109547
v -0.431397 0.491952 0.115972
v -0.432580 0.487265 0.113883
v -0.432307 0.485160 0.109064
v -0.430739 0.486870 0.104337
v -0.428793 0.491394 0.102471
v -0.427610 0.496081 0.104560
v -0.439956 0.492763 0.109449
v -0.427882 0.498186 0.109379
v -0.429451 0.496476 0.114106
v -0.437374 0.494060 0.112771
v -0.438226 0.490683 0.111266
v -0.438030 0.489167 0.107795
v -0.436900 0.490399 0.104389
v -0.435498 0.493658 0.103045
v -0.434646 0.497034 0.104550
v -0.439437 0.494819 0.110365
v -0.434842 0.498551 0.108021
v -0.437896 0.497553 0.107474
v -0.435972 0.497319 0.111427
v -0.439723 0.494992 0.107227
v -0.432145 0.492526 0.102758
v -0.415876 0.436788 0.095108
v -0.391883 0.508091 0.097933
v -0.416467 0.439966 0.019892
v -0.392473 0.511270 0.022717
v -0.396373 0.476837 0.065927
v -0.399364 0.509021 0.133921
v -0.383945 0.544161 0.034607
v -0.386936 0.576344 0.102601
v -0.387559 0.516127 0.092809
v -0.414169 0.471833 0.147561
v -0.393630 0.575882 0.138200
v -0.420240 0.531588 0.192952
v -0.401018 0.508078 0.151923
v -0.413800 0.446303 0.110833
v -0.440321 0.478352 0.208840
v -0.453103 0.416578 0.167750
v -0.419597 0.456965 0.148001
v -0.399548 0.472535 0.077125
v -0.453684 0.394071 0.124543
v -0.433635 0.409642 0.053666
v -0.419586 0.453666 0.122441
v -0.398133 0.493376 0.092928
v -0.439643 0.431240 0.077687
v -0.418189 0.470949 0.048174
v -0.412479 0.463372 0.087195
v -0.401891 0.508462 0.114817
v -0.415003 0.491940 0.041527
v -0.404416 0.537030 0.069149
v -0.399022 0.491661 0.085996
v -0.408844 0.497906 0.138652
v -0.404931 0.544751 0.078597
v -0.414752 0.550996 0.131253
v -0.397523 0.514211 0.123927
v -0.415688 0.463472 0.125854
v -0.420673 0.524308 0.171574
v -0.438838 0.473569 0.173501
v -0.412456 0.486703 0.146889
v -0.406197 0.465734 0.097601
v -0.450460 0.449997 0.157680
v -0.444201 0.429027 0.108392
v 0.085619 0.342110 -0.656759
v 0.093323 0.334163 -0.654656
v 0.087557 0.348797 -0.652688
v 0.097028 0.346945 -0.646873
v 0.083392 0.354709 -0.649118
v 0.089065 0.358247 -0.640051
v 0.075563 0.356384 -0.648142
v 0.074101 0.361448 -0.638186
v 0.068657 0.352840 -0.650332
v 0.060900 0.354674 -0.642370
v 0.066719 0.346153 -0.654403
v 0.057195 0.341892 -0.650153
v 0.074300 0.363781 -0.681261
v 0.074855 0.365696 -0.680095
v 0.070884 0.340240 -0.657973
v 0.065157 0.330590 -0.656975
v 0.078713 0.338566 -0.658948
v 0.080122 0.327389 -0.658841
v 0.084822 0.346911 -0.663479
v 0.086569 0.352940 -0.659808
v 0.082814 0.358271 -0.656590
v 0.075755 0.359781 -0.655710
v 0.069529 0.356585 -0.657684
v 0.067781 0.350557 -0.661355
v 0.076832 0.366711 -0.679468
v 0.071537 0.345226 -0.664573
v 0.078595 0.343716 -0.665452
v 0.079074 0.366231 -0.679748
v 0.077734 0.361608 -0.682562
v 0.082778 0.355748 -0.675033
v 0.084044 0.360115 -0.672375
v 0.081324 0.363975 -0.670044
v 0.076212 0.365069 -0.669407
v 0.071703 0.362755 -0.670836
v 0.070437 0.358389 -0.673495
v 0.080267 0.364538 -0.680770
v 0.073157 0.354528 -0.675825
v 0.078269 0.353434 -0.676463
v 0.081261 0.360276 -0.680288
v 0.082172 0.363421 -0.678373
v 0.080213 0.366202 -0.676694
v 0.076531 0.366990 -0.676235
v 0.073282 0.365323 -0.677265
v 0.072371 0.362178 -0.679180
v 0.079712 0.362623 -0.681935
v 0.074330 0.359397 -0.680859
v 0.075493 0.362088 -0.682283
v 0.078012 0.358609 -0.681318
v 0.077287 0.364639 -0.681805
v 0.072492 0.364039 -0.674050
v 0.090324 0.387003 -0.623211
v 0.046553 0.334753 -0.655179
v 0.030546 0.432014 -0.614932
v -0.013224 0.379763 -0.646900
v 0.039796 0.372924 -0.632406
v 0.076559 0.316686 -0.666370
v -0.024325 0.350689 -0.664994
v 0.012438 0.294450 -0.698957
v 0.036839 0.331230 -0.656836
v 0.111898 0.336031 -0.653523
v 0.042602 0.276848 -0.708579
v 0.117661 0.281650 -0.705265
v 0.091585 0.307093 -0.669512
v 0.096771 0.371274 -0.630502
v 0.165043 0.310906 -0.685551
v 0.170229 0.375087 -0.646541
v 0.121970 0.346550 -0.647309
v 0.051848 0.370133 -0.633357
v 0.148814 0.413365 -0.625329
v 0.078692 0.436947 -0.611377
v 0.103894 0.363927 -0.641353
v 0.052610 0.349042 -0.648872
v 0.088002 0.414919 -0.633908
v 0.036718 0.400034 -0.641427
v 0.068982 0.376399 -0.637804
v 0.062923 0.330248 -0.665035
v 0.019382 0.391601 -0.652532
v 0.013323 0.345451 -0.679763
v 0.048450 0.354710 -0.647334
v 0.089384 0.325129 -0.666242
v 0.016752 0.336057 -0.686773
v 0.057686 0.306476 -0.705682
v 0.065433 0.319098 -0.667155
v 0.100011 0.354519 -0.645757
v 0.105081 0.298731 -0.697510
v 0.139659 0.334153 -0.676112
v 0.102935 0.327904 -0.662362
v 0.073620 0.365001 -0.636427
v 0.143870 0.362818 -0.666032
v 0.114555 0.399915 -0.640097
v 0.116632 0.709381 0.061614
v 0.106272 0.707844 0.065765
v 0.116214 0.709754 0.053568
v 0.105474 0.708557 0.050386
v 0.121024 0.707504 0.047497
v 0.114667 0.704256 0.038782
v 0.128244 0.703950 0.046958
v 0.128467 0.697462 0.037750
v 0.133644 0.701172 0.052265
v 0.138790 0.692153 0.047895
v 0.134062 0.700799 0.060311
v 0.139589 0.691440 0.063275
v 0.141924 0.732806 0.058502
v 0.141804 0.732913 0.056198
v 0.129252 0.703049 0.066382
v 0.130395 0.695741 0.074879
v 0.122033 0.706604 0.066922
v 0.116595 0.702535 0.075911
v 0.121114 0.716357 0.061307
v 0.120738 0.716693 0.054053
v 0.125074 0.714665 0.048579
v 0.131583 0.711460 0.048093
v 0.136452 0.708956 0.052878
v 0.136828 0.708620 0.060132
v 0.140258 0.733709 0.054678
v 0.132492 0.710648 0.065605
v 0.125983 0.713853 0.066092
v 0.138190 0.734726 0.054832
v 0.138479 0.734469 0.060395
v 0.129629 0.728293 0.060413
v 0.129356 0.728537 0.055159
v 0.132496 0.727068 0.051196
v 0.137210 0.724747 0.050843
v 0.140736 0.722933 0.054309
v 0.141009 0.722690 0.059562
v 0.136813 0.735371 0.056571
v 0.137869 0.724159 0.063526
v 0.133155 0.726480 0.063878
v 0.134208 0.733671 0.059686
v 0.134011 0.733846 0.055902
v 0.136273 0.732788 0.053046
v 0.139669 0.731116 0.052792
v 0.142210 0.729810 0.055289
v 0.142406 0.729634 0.059073
v 0.136933 0.735264 0.058875
v 0.140144 0.730692 0.061929
v 0.140547 0.733451 0.060240
v 0.136748 0.732364 0.062183
v 0.139778 0.734917 0.057553
v 0.141473 0.726372 0.054799
v 0.119292 0.703260 0.005771
v 0.147774 0.687785 0.073720
v 0.186184 0.688740 -0.025575
v 0.214666 0.673266 0.042375
v 0.161199 0.682394 0.031152
v 0.117969 0.702539 0.089403
v 0.218950 0.670770 0.078031
v 0.175720 0.690915 0.136282
v 0.155494 0.683349 0.079220
v 0.090299 0.715940 0.060369
v 0.145483 0.704683 0.150722
v 0.080289 0.737273 0.131871
v 0.102110 0.707744 0.096411
v 0.109919 0.705437 0.021568
v 0.043688 0.754625 0.088871
v 0.051497 0.752318 0.014028
v 0.083523 0.719790 0.046587
v 0.149842 0.687340 0.031870
v 0.078313 0.741721 -0.025245
v 0.144632 0.709270 -0.039962
v 0.104131 0.714203 0.032156
v 0.145907 0.691336 0.057455
v 0.134909 0.722254 -0.011388
v 0.176684 0.699388 0.013912
v 0.138429 0.701052 0.026013
v 0.134620 0.701027 0.079806
v 0.192075 0.697073 0.029809
v 0.188267 0.697047 0.083602
v 0.151222 0.690605 0.052659
v 0.109801 0.711599 0.080077
v 0.183826 0.700276 0.094511
v 0.142406 0.721270 0.121928
v 0.128884 0.699230 0.089755
v 0.105343 0.712112 0.042979
v 0.095421 0.732566 0.115776
v 0.071880 0.745448 0.069000
v 0.097770 0.715657 0.073355
v 0.129693 0.697313 0.033953
v 0.075876 0.751103 0.039115
v 0.107800 0.732759 -0.000287
v -0.214739 0.698113 0.193829
v -0.219704 0.693309 0.184930
v -0.207519 0.700938 0.191607
v -0.205903 0.698710 0.180683
v -0.200352 0.701741 0.195218
v -0.192203 0.700245 0.187584
v -0.197435 0.700052 0.202545
v -0.186629 0.697015 0.201590
v -0.200479 0.696859 0.209297
v -0.192446 0.690912 0.214496
v -0.207699 0.694033 0.211519
v -0.206247 0.685511 0.218743
v -0.216009 0.725837 0.214513
v -0.213942 0.726646 0.213877
v -0.214866 0.693230 0.207909
v -0.219947 0.683976 0.211842
v -0.217782 0.694920 0.200581
v -0.225521 0.687206 0.197836
v -0.216182 0.705566 0.197177
v -0.209673 0.708113 0.195174
v -0.203211 0.708838 0.198429
v -0.200582 0.707314 0.205035
v -0.203326 0.704435 0.211123
v -0.209835 0.701888 0.213126
v -0.213070 0.727561 0.211944
v -0.216297 0.701164 0.209871
v -0.218926 0.702687 0.203265
v -0.213905 0.728045 0.209846
v -0.218897 0.726091 0.211381
v -0.218175 0.718605 0.203642
v -0.213461 0.720450 0.202191
v -0.208781 0.720974 0.204549
v -0.206877 0.719871 0.209333
v -0.208865 0.717786 0.213742
v -0.213579 0.715941 0.215192
v -0.215958 0.727815 0.208812
v -0.218259 0.715417 0.212835
v -0.220163 0.716520 0.208051
v -0.218655 0.724730 0.207202
v -0.215259 0.726059 0.206157
v -0.211887 0.726436 0.207855
v -0.210516 0.725641 0.211301
v -0.211947 0.724140 0.214477
v -0.215343 0.722811 0.215522
v -0.218025 0.727005 0.209448
v -0.218714 0.722433 0.213824
v -0.218062 0.725607 0.213480
v -0.220086 0.723228 0.210378
v -0.216224 0.727669 0.211953
v -0.210406 0.720963 0.214109
v -0.160665 0.710754 0.184928
v -0.213268 0.680421 0.229433
v -0.115828 0.720558 0.244605
v -0.168431 0.690225 0.289110
v -0.169949 0.691648 0.233760
v -0.237741 0.683185 0.202131
v -0.199737 0.677405 0.301418
v -0.267530 0.668942 0.269789
v -0.215530 0.676090 0.238687
v -0.220160 0.699361 0.167239
v -0.290580 0.671102 0.241926
v -0.295210 0.694373 0.170478
v -0.248600 0.682629 0.187657
v -0.177514 0.705880 0.179054
v -0.267587 0.716888 0.123364
v -0.196501 0.740140 0.114761
v -0.209903 0.705975 0.157152
v -0.174188 0.693749 0.222289
v -0.152222 0.748149 0.133442
v -0.116507 0.735922 0.198578
v -0.191295 0.709484 0.174635
v -0.199821 0.688522 0.223585
v -0.148992 0.736926 0.193755
v -0.157518 0.715964 0.242704
v -0.175456 0.706059 0.208167
v -0.225664 0.688145 0.216315
v -0.168871 0.711810 0.261380
v -0.219079 0.693896 0.269529
v -0.194281 0.690427 0.227764
v -0.233649 0.692932 0.190994
v -0.230992 0.692532 0.267211
v -0.270359 0.695037 0.230440
v -0.235135 0.682172 0.213193
v -0.200344 0.704339 0.178461
v -0.276265 0.698141 0.182185
v -0.241474 0.720307 0.147453
v -0.230825 0.696446 0.177352
v -0.182876 0.698330 0.201960
v -0.215259 0.735861 0.144002
v -0.167310 0.737746 0.168609
v -0.161892 0.614990 0.467064
v -0.170101 0.612257 0.459849
v -0.156628 0.619840 0.463347
v -0.160040 0.621528 0.452743
v -0.148656 0.620988 0.463760
v -0.144801 0.623723 0.453533
v -0.142645 0.617762 0.468062
v -0.133311 0.617556 0.461756
v -0.142116 0.612051 0.473732
v -0.132301 0.606639 0.472595
v -0.147380 0.607200 0.477449
v -0.142362 0.597368 0.479700
v -0.155063 0.633938 0.495214
v -0.153556 0.635327 0.494149
v -0.155352 0.606052 0.477036
v -0.157601 0.595173 0.478910
v -0.161363 0.609279 0.472734
v -0.169091 0.601341 0.470687
v -0.162041 0.620538 0.473231
v -0.157296 0.624911 0.469880
v -0.150108 0.625947 0.470252
v -0.144688 0.623038 0.474131
v -0.144212 0.617889 0.479243
v -0.148958 0.613516 0.482594
v -0.153707 0.636963 0.492526
v -0.156145 0.612481 0.482222
v -0.161565 0.615389 0.478343
v -0.155428 0.637887 0.491294
v -0.159067 0.634534 0.493864
v -0.161554 0.630169 0.484312
v -0.158117 0.633336 0.481885
v -0.152911 0.634086 0.482155
v -0.148987 0.631979 0.484963
v -0.148642 0.628250 0.488666
v -0.152078 0.625083 0.491093
v -0.157711 0.637558 0.491176
v -0.157284 0.624334 0.490823
v -0.161209 0.626440 0.488014
v -0.160681 0.634628 0.489768
v -0.158205 0.636909 0.488020
v -0.154455 0.637449 0.488214
v -0.151627 0.635932 0.490238
v -0.151379 0.633245 0.492905
v -0.153855 0.630964 0.494653
v -0.159218 0.636169 0.492240
v -0.157605 0.630424 0.494459
v -0.157346 0.633610 0.495095
v -0.160432 0.631941 0.492436
v -0.156513 0.636387 0.493850
v -0.150010 0.630748 0.490785
v -0.118510 0.641014 0.442492
v -0.143483 0.587823 0.489555
v -0.052028 0.641057 0.477818
v -0.077000 0.587866 0.524881
v -0.103579 0.606117 0.479843
v -0.177797 0.593670 0.477709
v -0.098579 0.565475 0.543018
v -0.172797 0.553028 0.540884
v -0.141063 0.580445 0.496571
v -0.178862 0.623279 0.447537
v -0.206069 0.558793 0.527769
v -0.243868 0.601628 0.478735
v -0.194002 0.595349 0.469818
v -0.135909 0.634736 0.442583
v -0.241888 0.643061 0.436675
v -0.183794 0.682447 0.409440
v -0.174669 0.634738 0.437447
v -0.112671 0.610734 0.472772
v -0.136346 0.693492 0.410112
v -0.074348 0.669488 0.445437
v -0.150359 0.636507 0.445820
v -0.134604 0.600018 0.482268
v -0.105480 0.664985 0.454930
v -0.089725 0.628496 0.491378
v -0.120857 0.626264 0.466109
v -0.160869 0.596418 0.486515
v -0.091117 0.616403 0.510000
v -0.131129 0.586557 0.530406
v -0.127878 0.601661 0.484227
v -0.179726 0.607040 0.470409
v -0.142704 0.583474 0.532781
v -0.194553 0.588853 0.518963
v -0.170400 0.589839 0.485507
v -0.156400 0.628619 0.450747
v -0.221897 0.605510 0.482250
v -0.207897 0.644291 0.447490
v -0.183598 0.615149 0.459199
v -0.129875 0.619459 0.461039
v -0.186962 0.665364 0.439827
v -0.133239 0.669674 0.441667
v 0.281532 0.616543 -0.487663
v 0.283240 0.608597 -0.479863
v 0.278823 0.623230 -0.484058
v 0.278062 0.621379 -0.472972
v 0.273729 0.629143 -0.486094
v 0.268326 0.632680 -0.476864
v 0.269235 0.630818 -0.492579
v 0.259735 0.635882 -0.489258
v 0.267972 0.627274 -0.499713
v 0.257322 0.629107 -0.502894
v 0.270681 0.620587 -0.503318
v 0.262500 0.616326 -0.509785
v 0.297993 0.638215 -0.509053
v 0.297217 0.640129 -0.508021
v 0.275775 0.614674 -0.501282
v 0.272236 0.605024 -0.505894
v 0.280269 0.613000 -0.494798
v 0.280827 0.601822 -0.493499
v 0.287116 0.621345 -0.491486
v 0.284673 0.627374 -0.488236
v 0.280081 0.632704 -0.490071
v 0.276029 0.634215 -0.495917
v 0.274891 0.631019 -0.502349
v 0.277333 0.624991 -0.505599
v 0.297578 0.641144 -0.505978
v 0.281926 0.619660 -0.503763
v 0.285978 0.618150 -0.497918
v 0.298865 0.640665 -0.504121
v 0.300738 0.636042 -0.506613
v 0.296406 0.630182 -0.498653
v 0.294637 0.634548 -0.496299
v 0.291311 0.638409 -0.497629
v 0.288377 0.639503 -0.501862
v 0.287552 0.637188 -0.506521
v 0.289321 0.632822 -0.508874
v 0.300324 0.638972 -0.503538
v 0.292647 0.628962 -0.507545
v 0.295582 0.627868 -0.503311
v 0.300358 0.634710 -0.502434
v 0.299084 0.637855 -0.500738
v 0.296688 0.640636 -0.501696
v 0.294574 0.641424 -0.504746
v 0.293980 0.639757 -0.508102
v 0.295254 0.636612 -0.509797
v 0.301100 0.637057 -0.504570
v 0.297650 0.633831 -0.508840
v 0.299451 0.636522 -0.508470
v 0.299764 0.633043 -0.505790
v 0.299860 0.639073 -0.506658
v 0.290766 0.638473 -0.507311
v 0.253989 0.661437 -0.467941
v 0.262019 0.609186 -0.521544
v 0.218938 0.706447 -0.517068
v 0.226969 0.654197 -0.570670
v 0.238709 0.647358 -0.516973
v 0.285846 0.591120 -0.500147
v 0.237853 0.625123 -0.588895
v 0.284991 0.568884 -0.572069
v 0.258984 0.605664 -0.530920
v 0.290848 0.610465 -0.462879
v 0.307501 0.551282 -0.549803
v 0.339365 0.556084 -0.481763
v 0.295597 0.581527 -0.488290
v 0.263438 0.645708 -0.465609
v 0.343865 0.585340 -0.430640
v 0.311706 0.649521 -0.407959
v 0.290013 0.620984 -0.451074
v 0.245139 0.644566 -0.506735
v 0.282983 0.687799 -0.417100
v 0.238110 0.711381 -0.472761
v 0.276354 0.638361 -0.464329
v 0.259239 0.623476 -0.513254
v 0.262390 0.689353 -0.474958
v 0.245275 0.674468 -0.523883
v 0.257023 0.650833 -0.493616
v 0.278341 0.604682 -0.511610
v 0.247076 0.666035 -0.544391
v 0.268395 0.619884 -0.562385
v 0.255947 0.629143 -0.516227
v 0.291679 0.599563 -0.488725
v 0.276196 0.610491 -0.562597
v 0.311928 0.580910 -0.535095
v 0.281383 0.593532 -0.510368
v 0.278456 0.628953 -0.469811
v 0.326661 0.573165 -0.489313
v 0.323734 0.608586 -0.448756
v 0.294524 0.602338 -0.474919
v 0.257954 0.639435 -0.488868
v 0.316755 0.637252 -0.440351
v 0.280185 0.674349 -0.454301
v -0.425709 0.371099 -0.306575
v -0.422388 0.361086 -0.310529
v -0.422709 0.376916 -0.311287
v -0.416652 0.372206 -0.319536
v -0.420103 0.384454 -0.310084
v -0.411671 0.386613 -0.317237
v -0.419418 0.389296 -0.303671
v -0.410363 0.395869 -0.304978
v -0.421056 0.388607 -0.295803
v -0.413493 0.394551 -0.289940
v -0.424057 0.382789 -0.291091
v -0.419229 0.383432 -0.280932
v -0.453284 0.391796 -0.303509
v -0.452424 0.393462 -0.304859
v -0.426663 0.375252 -0.292294
v -0.424210 0.369025 -0.283232
v -0.427347 0.370410 -0.298708
v -0.425518 0.359769 -0.295491
v -0.433089 0.374804 -0.307380
v -0.430384 0.380049 -0.311628
v -0.428035 0.386844 -0.310543
v -0.427418 0.391210 -0.304761
v -0.428894 0.390589 -0.297669
v -0.431600 0.385344 -0.293420
v -0.451955 0.393659 -0.307111
v -0.433949 0.378548 -0.294505
v -0.434566 0.374183 -0.300287
v -0.452152 0.392272 -0.308948
v -0.454226 0.388251 -0.305690
v -0.445871 0.381974 -0.308384
v -0.443912 0.385772 -0.311461
v -0.442210 0.390693 -0.310676
v -0.441763 0.393855 -0.306488
v -0.442833 0.393405 -0.301351
v -0.444792 0.389607 -0.298275
v -0.452898 0.390114 -0.309292
v -0.446493 0.384685 -0.299060
v -0.446940 0.381523 -0.303248
v -0.451764 0.385933 -0.308509
v -0.450352 0.388669 -0.310726
v -0.449127 0.392214 -0.310160
v -0.448805 0.394492 -0.307143
v -0.449575 0.394168 -0.303443
v -0.450986 0.391431 -0.301226
v -0.453757 0.388448 -0.307943
v -0.452212 0.387886 -0.301792
v -0.454030 0.389638 -0.303854
v -0.452534 0.385608 -0.304809
v -0.453945 0.391274 -0.306551
v -0.446204 0.393786 -0.302397
v -0.399450 0.414422 -0.331001
v -0.423127 0.380622 -0.268034
v -0.398360 0.480576 -0.295080
v -0.422037 0.446776 -0.232113
v -0.406514 0.421032 -0.278634
v -0.431322 0.350503 -0.287467
v -0.435477 0.422520 -0.209159
v -0.460285 0.351990 -0.217992
v -0.424251 0.381172 -0.257643
v -0.421502 0.355355 -0.328310
v -0.467000 0.322447 -0.237852
v -0.464251 0.296630 -0.308519
v -0.432909 0.335276 -0.297127
v -0.404217 0.396572 -0.330103
v -0.449135 0.306481 -0.364769
v -0.420443 0.367777 -0.397745
v -0.416951 0.361614 -0.342124
v -0.406990 0.413463 -0.288455
v -0.405429 0.414041 -0.394911
v -0.395468 0.465890 -0.341243
v -0.413789 0.385504 -0.332989
v -0.419075 0.391933 -0.279708
v -0.414318 0.439034 -0.339500
v -0.419605 0.445463 -0.286219
v -0.412299 0.411497 -0.306359
v -0.432127 0.368487 -0.280569
v -0.429330 0.443357 -0.266321
v -0.449159 0.400347 -0.240531
v -0.418439 0.398960 -0.278289
v -0.432458 0.352905 -0.302590
v -0.454631 0.389483 -0.239450
v -0.468651 0.343428 -0.263752
v -0.432500 0.357105 -0.278235
v -0.416705 0.377979 -0.325383
v -0.459250 0.318266 -0.304391
v -0.443455 0.339140 -0.351539
v -0.429012 0.350430 -0.316316
v -0.409173 0.399519 -0.306078
v -0.437890 0.364704 -0.367556
v -0.418051 0.413794 -0.357318
v 0.222090 0.616647 0.499339
v 0.221194 0.613069 0.488694
v 0.226208 0.611185 0.503613
v 0.229065 0.602629 0.496863
v 0.225987 0.608561 0.511236
v 0.228642 0.597614 0.511435
v 0.221556 0.610313 0.517744
v 0.220173 0.600962 0.523874
v 0.215512 0.615413 0.519324
v 0.208619 0.610712 0.526894
v 0.211394 0.620875 0.515050
v 0.200748 0.621152 0.518726
v 0.237940 0.640013 0.519362
v 0.239119 0.638449 0.520586
v 0.211615 0.623499 0.507427
v 0.201171 0.626167 0.504153
v 0.216046 0.621747 0.500919
v 0.209640 0.622819 0.491714
v 0.227212 0.622373 0.502473
v 0.230924 0.617449 0.506325
v 0.230725 0.615084 0.513198
v 0.226731 0.616663 0.519066
v 0.221281 0.621261 0.520490
v 0.217568 0.626186 0.516637
v 0.240850 0.636988 0.520133
v 0.217768 0.628551 0.509764
v 0.221762 0.626972 0.503897
v 0.242119 0.636487 0.518270
v 0.239272 0.640262 0.515316
v 0.235955 0.632381 0.508731
v 0.238644 0.628815 0.511522
v 0.238499 0.627102 0.516499
v 0.235606 0.628246 0.520748
v 0.231660 0.631576 0.521780
v 0.228971 0.635142 0.518990
v 0.242182 0.637238 0.516087
v 0.229115 0.636855 0.514012
v 0.232008 0.635712 0.509763
v 0.239875 0.637074 0.512340
v 0.241812 0.634505 0.514350
v 0.241708 0.633271 0.517936
v 0.239624 0.634095 0.520997
v 0.236781 0.636494 0.521740
v 0.234844 0.639063 0.519730
v 0.241003 0.638802 0.514863
v 0.234948 0.640297 0.516145
v 0.238003 0.640764 0.517179
v 0.237032 0.639473 0.513084
v 0.240672 0.639275 0.517966
v 0.234220 0.634035 0.521760
v 0.241938 0.577362 0.534351
v 0.190957 0.630780 0.519679
v 0.228827 0.585099 0.608081
v 0.177846 0.638517 0.593409
v 0.202896 0.606633 0.555675
v 0.203123 0.632659 0.485032
v 0.158326 0.663612 0.576524
v 0.158553 0.689638 0.505881
v 0.182877 0.636430 0.523189
v 0.234228 0.604868 0.478081
v 0.170540 0.689950 0.471698
v 0.221892 0.658388 0.426590
v 0.207940 0.631426 0.467626
v 0.238649 0.584037 0.517417
v 0.264830 0.618342 0.420085
v 0.295540 0.570954 0.469876
v 0.245405 0.593851 0.480177
v 0.209372 0.603464 0.545576
v 0.298474 0.553650 0.515326
v 0.262440 0.563262 0.580725
v 0.242606 0.592456 0.505759
v 0.201913 0.620593 0.527218
v 0.262628 0.583799 0.555077
v 0.221935 0.611936 0.576537
v 0.226414 0.600245 0.538380
v 0.202490 0.634433 0.504219
v 0.209163 0.629810 0.580050
v 0.185239 0.663998 0.545889
v 0.202296 0.619866 0.534368
v 0.217036 0.626514 0.482922
v 0.183990 0.670575 0.535675
v 0.198731 0.677223 0.484229
v 0.197660 0.637133 0.493996
v 0.235556 0.599355 0.500691
v 0.221848 0.653353 0.448608
v 0.259744 0.615574 0.455304
v 0.226325 0.617519 0.476660
v 0.221517 0.598991 0.527076
v 0.277456 0.600436 0.475259
v 0.272648 0.581908 0.525674
vn -0.5776 -0.7183 0.3878
vn -0.7733 -0.5445 -0.3248
vn -0.9790 -0.1873 -0.0804
vn -0.8324 0.2821 -0.4769
vn -0.1548 0.6359 -0.7561
vn 0.3792 0.8830 -0.2765
vn 0.6072 0.6755 0.4184
vn -0.1452 -0.3897 0.9094
vn 0.5667 0.6992 0.4359
vn 0.4918 0.7368 0.4640
vn 0.3916 0.1383 0.9097
vn -0.0466 -0.4808 0.8756
vn -0.0824 -0.4489 0.8898
vn -0.0213 0.9990 -0.0402
vn 0.1681 0.8265 0.5373
vn 0.3199 0.1864 0.9289
vn -0.2163 0.6747 -0.7057
vn -0.6814 0.0985 -0.7252
vn -0.3751 -0.1343 0.9172
vn -0.8533 -0.4519 -0.2603
vn -0.6312 -0.6541 0.4168
vn 0.2697 0.9391 -0.2131
vn -0.1195 0.6117 -0.7820
vn -0.3124 0.4968 0.8097
vn -0.6288 0.0487 -0.7760
vn -0.5453 -0.7521 0.3701
vn -0.4631 0.7305 0.5018
vn -0.9003 0.3442 0.2664
vn 0.3404 0.9053 -0.2541
vn -0.8445 0.5231 0.1153
vn -0.5190 0.5516 0.6529
vn -0.6933 0.7103 0.1217
vn -0.8281 0.2785 0.4865
vn -0.6702 0.3644 0.6466
vn -0.8040 -0.5122 -0.3022
vn -0.4357 0.7735 -0.4603
vn -0.5969 0.0204 -0.8021
vn 0.4308 0.1106 0.8956
vn -0.5353 0.7963 0.2818
vn -0.7896 -0.3598 0.4971
vn -0.5781 0.1677 0.7985
vn -0.8845 0.4466 -0.1353
vn -0.2142 0.8112 0.5441
vn -0.6187 0.7757 -0.1241
vn -0.9826 0.1322 0.1303
vn -0.3411 0.9268 0.1573
vn -0.8557 0.0166 0.5171
vn 0.0216 0.3570 0.9338
vn 0.7532 -0.3939 -0.5269
vn 0.8493 -0.4187 -0.3216
vn 0.7751 -0.5991 -0.2010
vn 0.5852 -0.7273 -0.3586
vn 0.5798 -0.5854 -0.5668
vn 0.5769 -0.3972 -0.7138
vn 0.8586 -0.2150 -0.4654
vn 0.9381 -0.3374 -0.0783
vn 0.6293 -0.7515 -0.1980
vn 0.3813 -0.7852 -0.4879
vn -0.7685 0.6398 -0.0000
vn 0.9999 -0.0130 -0.0000
vn -0.0040 1.0000 -0.0000
vn -0.8882 -0.4595 -0.0000
vn -0.0372 0.6620 -0.7486
vn 0.0334 -0.6909 -0.7222
vn 0.1404 0.9812 -0.1327
vn 0.0875 0.8822 -0.4627
vn 0.7859 0.4175 -0.4562
vn 0.7672 0.6227 -0.1537
vn 0.3211 0.0896 -0.9428
vn 0.8521 -0.0667 -0.5192
vn 0.9860 0.0701 -0.1512
vn 0.4669 -0.4310 -0.7721
vn 0.3770 -0.6449 -0.6648
vn 0.6775 -0.5220 -0.5181
vn 0.7659 -0.3561 -0.5352
vn 0.3659 -0.8572 -0.3625
vn 0.7120 -0.6123 -0.3437
vn 0.9299 -0.3031 -0.2084
vn -0.2472 0.9663 -0.0723
vn -0.7357 0.6756 -0.0473
vn -0.7005 0.6761 -0.2283
vn -0.2885 0.7935 -0.5358
vn -0.9711 0.2159 -0.1020
vn -0.8461 0.3148 -0.4301
vn -0.4070 0.3269 -0.8529
vn -0.0477 -0.8944 -0.4448
vn -0.1531 -0.7158 -0.6813
vn -0.5794 -0.5615 -0.5907
vn -0.6740 -0.6755 -0.2989
vn -0.1133 -0.4554 -0.8830
vn -0.8527 -0.1790 -0.4907
vn -0.9848 -0.1536 -0.0808
vn 0.9936 0.0759 0.0839
vn 0.7319 0.6690 0.1295
vn 0.3126 -0.9233 0.2231
vn 0.7586 -0.6467 0.0797
vn 0.9644 -0.2193 0.1474
vn -0.2620 0.9558 0.1332
vn -0.7405 0.6510 0.1669
vn -0.9653 0.2307 0.1222
vn -0.7356 -0.5740 0.3596
vn -0.2897 -0.8283 0.4797
vn -0.9737 -0.1252 0.1906
vn 0.0729 0.9865 0.1467
vn 0.5242 0.7147 0.4631
vn 0.0223 0.8570 0.5148
vn 0.2547 0.1788 0.9503
vn 0.8197 0.1088 0.5624
vn 0.4132 -0.4769 0.7758
vn 0.8379 -0.3501 0.4188
vn 0.6444 -0.5370 0.5444
vn 0.2918 -0.6321 0.7179
vn -0.4045 0.7511 0.5218
vn -0.6966 0.6046 0.3863
vn -0.7828 0.3807 0.4922
vn -0.4527 0.3584 0.8164
vn -0.6834 -0.5048 0.5274
vn -0.1682 -0.7263 0.6665
vn -0.3695 -0.2791 0.8863
vn -0.8569 -0.1456 0.4945
vn -0.0398 -0.1815 -0.9826
vn -0.0398 0.2510 -0.9672
vn 0.7489 -0.1815 -0.6373
vn 0.7633 0.2259 -0.6053
vn 0.8935 0.1443 0.4253
vn 0.8981 -0.1116 0.4253
vn 0.5349 -0.1116 0.8375
vn -0.1628 0.2424 -0.9564
vn -0.3552 0.3810 0.8536
vn -0.8976 0.2927 0.3297
vn -0.6905 0.6996 0.1840
vn -0.6905 0.5773 -0.4358
vn -0.3553 0.0283 -0.9343
vn 0.3911 -0.1091 -0.9139
vn 0.9249 -0.0674 -0.3742
vn 0.3975 0.3753 0.8373
vn 0.9243 -0.0178 -0.3812
vn 0.9176 0.0698 -0.3913
vn 0.9243 0.1283 0.3594
vn 0.3911 0.2462 0.8868
vn 0.3943 0.2935 0.8709
vn 0.3804 0.3657 -0.8494
vn 0.8240 0.4004 -0.4010
vn 0.9176 0.2132 0.3354
vn -0.3380 0.1151 -0.9341
vn -0.8581 0.2772 -0.4322
vn 0.3804 0.6609 0.6469
vn -0.8581 0.4206 0.2945
vn -0.3380 0.4612 0.8204
vn 0.3975 0.0292 -0.9171
vn -0.3638 -0.0209 -0.9312
vn 0.6057 0.7935 0.0591
vn -0.8853 0.1936 -0.4229
vn -0.3638 0.3343 0.8694
vn 0.4008 0.8678 -0.2939
vn -0.1763 0.9818 -0.0710
vn 0.3943 -0.0592 -0.9171
vn -0.1763 0.9352 -0.3072
vn 0.4008 0.9144 -0.0576
vn -0.0073 0.8825 -0.4703
vn -0.0073 0.9950 0.0999
vn 0.2318 0.9670 0.1054
vn -0.8853 0.3397 0.3177
vn -0.2469 0.4390 -0.8639
vn -0.8976 0.1455 -0.4162
vn 0.9249 0.0798 0.3717
vn 0.2317 0.8546 -0.4648
vn -0.2469 0.7342 0.6324
vn 0.3086 0.8861 0.3458
vn -0.4087 0.8301 -0.3794
vn 0.6057 0.7116 -0.3560
vn -0.1116 0.7375 -0.6661
vn -0.4087 0.9120 0.0358
vn 0.3086 0.6884 -0.6564
vn -0.1116 0.9352 0.3362
vn 0.8240 0.5226 0.2189
vn -0.1124 -0.9934 -0.0209
vn 0.0770 -0.9914 0.1061
vn 0.0443 -0.9436 0.3280
vn -0.2289 -0.9039 0.3613
vn -0.3196 -0.9388 0.1288
vn -0.3460 -0.9319 -0.1084
vn 0.0662 -0.9875 -0.1432
vn 0.3339 -0.9278 0.1666
vn -0.1004 -0.8786 0.4670
vn -0.4604 -0.8145 0.3530
vn 0.1681 0.4931 0.8536
vn -0.1660 0.9294 0.3297
vn 0.2905 0.9390 0.1840
vn 0.1827 0.8813 -0.4358
vn -0.1428 0.3265 -0.9343
vn 0.0886 -0.3963 -0.9139
vn 0.3775 -0.8471 -0.3742
vn 0.5185 -0.1731 0.8373
vn 0.4209 -0.8232 -0.3812
vn 0.4949 -0.7759 -0.3913
vn 0.5496 -0.7541 0.3594
vn 0.4017 -0.2285 0.8868
vn 0.4449 -0.2089 0.8709
vn 0.5021 -0.1625 -0.8494
vn 0.7421 -0.5372 -0.4010
vn 0.6213 -0.7081 0.3355
vn -0.0582 0.3523 -0.9341
vn -0.1609 0.8873 -0.4322
vn 0.7622 -0.0231 0.6469
vn -0.0346 0.9550 0.2945
vn 0.2469 0.5158 0.8204
vn 0.2135 -0.3366 -0.9171
vn -0.1902 0.3108 -0.9313
vn 0.9855 -0.1591 0.0591
vn -0.2475 0.8717 -0.4229
vn 0.1229 0.4786 0.8694
vn 0.9542 0.0565 -0.2939
vn 0.7821 0.6191 -0.0710
vn 0.1340 -0.3755 -0.9171
vn 0.7410 0.5971 -0.3072
vn 0.9952 0.0786 -0.0577
vn 0.7744 0.4233 -0.4703
vn 0.8736 0.4764 0.0999
vn 0.9618 0.2525 0.1054
vn -0.1187 0.9407 0.3177
vn 0.2704 0.4250 -0.8639
vn -0.2957 0.8599 -0.4162
vn 0.5071 -0.7776 0.3717
vn 0.8627 0.1993 -0.4648
vn 0.5305 0.5644 0.6324
vn 0.9268 0.1465 0.3458
vn 0.5386 0.7523 -0.3794
vn 0.9133 -0.1978 -0.3560
vn 0.5973 0.4467 -0.6661
vn 0.6108 0.7910 0.0358
vn 0.7525 0.0531 -0.6564
vn 0.7716 0.5400 0.3362
vn 0.8499 -0.4794 0.2189
vn -0.9287 -0.3702 -0.0209
vn -0.8375 -0.5361 0.1061
vn -0.8108 -0.4848 0.3280
vn -0.9048 -0.2252 0.3613
vn -0.9784 -0.1617 0.1288
vn -0.9849 -0.1352 -0.1084
vn -0.8391 -0.5247 -0.1432
vn -0.6601 -0.7325 0.1666
vn -0.8218 -0.3265 0.4670
vn -0.9354 0.0211 0.3530
vn 0.3993 -0.4948 0.7718
vn -0.0933 0.0381 0.9949
vn 0.2973 0.3013 0.9060
vn 0.0097 0.7852 0.6192
vn -0.4301 0.9011 -0.0556
vn -0.1765 0.6607 -0.7296
vn 0.2783 0.0950 -0.9558
vn 0.7531 -0.6460 0.1246
vn 0.3166 0.1233 -0.9405
vn 0.3824 0.1726 -0.9078
vn 0.6601 -0.4549 -0.5978
vn 0.6588 -0.7452 0.1037
vn 0.6944 -0.7109 0.1115
vn 0.2281 0.8187 -0.5271
vn 0.6060 0.3486 -0.7150
vn 0.7195 -0.3948 -0.5714
vn -0.3504 0.9358 -0.0394
vn -0.3168 0.6845 0.6566
vn 0.9222 -0.3496 0.1654
vn 0.0203 0.1171 0.9929
vn 0.4635 -0.4340 0.7725
vn -0.0608 0.7237 -0.6874
vn -0.4737 0.8783 -0.0646
vn 0.9626 0.1714 -0.2098
vn -0.3959 0.6450 0.6536
vn 0.3615 -0.5275 0.7688
vn 0.8183 0.5554 -0.1483
vn 0.7006 0.5374 0.4695
vn -0.1350 0.6850 -0.7159
vn 0.5910 0.7218 0.3602
vn 0.9278 0.3710 -0.0390
vn 0.5801 0.8034 0.1339
vn 0.8446 0.3583 0.3978
vn 0.9387 0.2894 0.1873
vn -0.0523 0.0668 0.9964
vn -0.0189 0.9995 0.0256
vn -0.4392 0.6204 0.6497
vn 0.6243 -0.4873 -0.6106
vn 0.6742 0.7345 -0.0767
vn 0.6752 -0.1688 0.7181
vn 0.9818 0.0278 0.1878
vn 0.3706 0.7879 0.4917
vn 0.7700 0.4955 -0.4019
vn 0.3515 0.9315 0.0941
vn 0.5632 0.4638 0.6839
vn 0.5169 0.8103 -0.2760
vn 0.8164 0.1489 0.5580
vn 0.8935 -0.1353 -0.4281
vn -0.8773 -0.4004 -0.2647
vn -0.7459 -0.5507 -0.3747
vn -0.6554 -0.7151 -0.2429
vn -0.7446 -0.6673 0.0161
vn -0.8872 -0.4613 -0.0107
vn -0.9659 -0.2464 -0.0790
vn -0.8231 -0.3301 -0.4621
vn -0.5513 -0.6305 -0.5464
vn -0.6299 -0.7756 -0.0425
vn -0.7854 -0.5702 0.2409
vn -0.9715 -0.1262 0.2005
vn -0.8170 -0.2064 -0.5385
vn -0.8257 0.2708 -0.4948
vn -0.3247 0.3983 -0.8579
vn 0.4738 0.2416 -0.8469
vn 0.8901 0.3933 -0.2304
vn 0.7445 0.4248 0.5151
vn -0.5946 0.1536 0.7892
vn 0.7234 0.4693 0.5064
vn 0.6818 0.5451 0.4878
vn 0.1247 0.3170 0.9402
vn -0.5655 0.0229 0.8244
vn -0.5773 0.0703 0.8135
vn 0.5928 0.7691 -0.2388
vn 0.4718 0.7953 0.3807
vn 0.0943 0.3957 0.9135
vn 0.4368 0.3217 -0.8401
vn -0.2521 0.0796 -0.9644
vn -0.6168 0.4614 0.6377
vn -0.8396 -0.0699 -0.5387
vn -0.9815 -0.0392 0.1877
vn 0.8237 0.5145 -0.2385
vn 0.4930 0.1954 -0.8478
vn -0.1623 0.8770 0.4522
vn -0.2283 -0.0051 -0.9736
vn -0.9626 -0.1750 0.2070
vn -0.0503 0.9962 0.0709
vn -0.5448 0.7963 -0.2628
vn 0.8680 0.4381 -0.2338
vn -0.3539 0.8449 -0.4011
vn -0.2413 0.9476 0.2092
vn -0.1300 0.9236 -0.3607
vn -0.5909 0.8063 -0.0267
vn -0.4652 0.8690 0.1688
vn -0.8270 -0.1574 -0.5398
vn 0.2629 0.6047 -0.7518
vn -0.2140 -0.0530 -0.9754
vn 0.1415 0.2714 0.9520
vn -0.0042 0.9862 -0.1652
vn -0.9467 0.2969 0.1247
vn -0.5558 0.7388 0.3812
vn -0.3602 0.6965 -0.6206
vn 0.1733 0.9624 0.2090
vn 0.0334 0.8348 -0.5496
vn -0.6958 0.6111 -0.3774
vn 0.2544 0.9449 -0.2059
vn -0.7768 0.6286 0.0375
vn -0.0292 0.6678 0.7438
vn 0.4767 -0.8788 -0.0209
vn 0.4772 -0.8544 0.2057
vn 0.2800 -0.9088 0.3095
vn 0.1043 -0.9885 0.1092
vn 0.2429 -0.9649 -0.0999
vn 0.3940 -0.8803 -0.2643
vn 0.6459 -0.7620 0.0468
vn 0.5251 -0.7278 0.4411
vn 0.0784 -0.9589 0.2729
vn -0.0478 -0.9951 -0.0869
vn 0.2680 0.8795 0.3933
vn -0.4733 0.7394 0.4788
vn -0.4570 0.8891 0.0238
vn -0.8576 0.4653 -0.2192
vn -0.8875 -0.3431 -0.3076
vn -0.3082 -0.7204 -0.6213
vn 0.4418 -0.6038 -0.6634
vn 0.8146 0.5793 -0.0286
vn 0.4319 -0.5700 -0.6990
vn 0.4116 -0.5068 -0.7574
vn 0.9105 -0.0636 -0.4086
vn 0.8555 0.5109 0.0846
vn 0.8426 0.5368 0.0438
vn -0.3198 -0.3240 -0.8904
vn 0.3034 -0.2271 -0.9254
vn 0.8813 -0.0099 -0.4725
vn -0.8831 -0.2841 -0.3734
vn -0.9497 0.3051 0.0706
vn 0.6472 0.6992 -0.3038
vn -0.4801 0.8020 0.3555
vn 0.2508 0.9156 0.3144
vn -0.3192 -0.6204 -0.7164
vn -0.8869 -0.3753 -0.2693
vn 0.4097 0.3986 -0.8205
vn -0.9554 0.2573 0.1448
vn 0.2768 0.8560 0.4366
vn 0.0158 0.3439 -0.9389
vn -0.2740 0.7693 -0.5772
vn -0.3129 -0.6858 -0.6571
vn -0.4267 0.6078 -0.6697
vn 0.1685 0.5054 -0.8463
vn -0.4050 0.4163 -0.8140
vn -0.0365 0.8062 -0.5905
vn 0.1468 0.6969 -0.7020
vn -0.4768 0.7637 0.4352
vn -0.8007 -0.0371 -0.5979
vn -0.9553 0.2294 0.1864
vn 0.9239 -0.0938 -0.3710
vn -0.2217 0.3070 -0.9255
vn 0.1663 0.9860 -0.0113
vn 0.3716 0.7352 -0.5669
vn -0.6363 0.5786 -0.5103
vn 0.1414 0.1148 -0.9833
vn -0.5983 0.2420 -0.7639
vn -0.3680 0.8624 -0.3475
vn -0.2761 0.0499 -0.9598
vn 0.0495 0.9273 -0.3710
vn 0.7040 0.1967 -0.6824
vn 0.0004 -0.7171 0.6970
vn 0.2248 -0.7198 0.6567
vn 0.3437 -0.5527 0.7592
vn 0.1598 -0.4006 0.9022
vn -0.0586 -0.5167 0.8541
vn -0.2368 -0.6285 0.7409
vn 0.0505 -0.8462 0.5305
vn 0.4489 -0.7375 0.5045
vn 0.3228 -0.3740 0.8694
vn -0.0257 -0.2494 0.9681
vn -0.4471 -0.2675 0.8536
vn -0.4743 -0.8163 0.3297
vn -0.8288 -0.5285 0.1840
vn -0.7092 -0.5541 -0.4358
vn -0.1022 -0.3414 -0.9343
vn 0.1886 0.3596 -0.9139
vn 0.2598 0.8902 -0.3742
vn -0.2836 0.4674 0.8373
vn 0.2112 0.9001 -0.3812
vn 0.1241 0.9119 -0.3913
vn 0.0683 0.9307 0.3594
vn -0.1587 0.4340 0.8868
vn -0.2043 0.4471 0.8709
vn -0.2779 0.4486 -0.8494
vn -0.2188 0.8896 -0.4009
vn -0.0161 0.9419 0.3354
vn -0.1834 -0.3064 -0.9341
vn -0.4509 -0.7809 -0.4322
vn -0.5665 0.5105 0.6469
vn -0.5911 -0.7509 0.2945
vn -0.5218 -0.2338 0.8204
vn 0.0548 0.3948 -0.9171
vn -0.0558 -0.3601 -0.9313
vn -0.6489 0.7586 0.0591
vn -0.3748 -0.8250 -0.4229
vn -0.4032 -0.2856 0.8694
vn -0.7645 0.5738 -0.2939
vn -0.9969 0.0334 -0.0710
vn 0.1406 0.3731 -0.9171
vn -0.9514 0.0236 -0.3072
vn -0.8100 0.5835 -0.0577
vn -0.8644 0.1779 -0.4703
vn -0.9744 0.2014 0.0999
vn -0.8970 0.4293 0.1054
vn -0.5177 -0.7944 0.3177
vn -0.4810 -0.1494 -0.8639
vn -0.3304 -0.8471 -0.4162
vn 0.1159 0.9211 0.3717
vn -0.7870 0.4057 -0.4648
vn -0.7696 -0.0875 0.6324
vn -0.8017 0.4875 0.3458
vn -0.8973 -0.2256 -0.3794
vn -0.5688 0.7414 -0.3560
vn -0.7445 0.0455 -0.6661
vn -0.9774 -0.2085 0.0358
vn -0.6084 0.4460 -0.6564
vn -0.9378 0.0869 0.3362
vn -0.3383 0.9152 0.2189
vn 0.9478 -0.3181 -0.0209
vn 0.9855 -0.1326 0.1061
vn 0.9320 -0.1545 0.3280
vn 0.8358 -0.4133 0.3613
vn 0.8509 -0.5092 0.1288
vn 0.8387 -0.5337 -0.1084
vn 0.9794 -0.1423 -0.1432
vn 0.9772 0.1320 0.1666
vn 0.8380 -0.2823 0.4670
vn 0.6999 -0.6209 0.3530
vn 0.9581 -0.1191 -0.2605
vn 0.8511 0.4965 0.1708
vn 0.7094 0.6558 -0.2585
vn 0.2009 0.9774 -0.0658
vn -0.5086 0.8088 0.2953
vn -0.9637 0.2663 0.0214
vn -0.8500 -0.3764 -0.3684
vn 0.5010 -0.5788 -0.6434
vn -0.8438 -0.3476 -0.4089
vn -0.8276 -0.2946 -0.4778
vn -0.2362 -0.7320 -0.6391
vn 0.5135 -0.6682 -0.5384
vn 0.5101 -0.6373 -0.5776
vn -0.7987 0.4644 -0.3826
vn -0.7042 -0.0697 -0.7065
vn -0.2314 -0.6718 -0.7037
vn -0.4987 0.8401 0.2132
vn 0.2337 0.9331 0.2735
vn 0.4289 -0.3121 -0.8478
vn 0.8299 0.5559 0.0476
vn 0.9406 -0.0703 -0.3322
vn -0.9383 0.3316 -0.0980
vn -0.5125 0.7882 0.3408
vn -0.1291 -0.0258 -0.9913
vn 0.2377 0.9034 0.3567
vn 0.9647 -0.1463 -0.2190
vn -0.2651 0.3545 -0.8967
vn 0.2737 0.6309 -0.7260
vn -0.9566 0.2905 -0.0218
vn 0.0798 0.7536 -0.6525
vn -0.0713 0.2320 -0.9701
vn -0.1581 0.7234 -0.6721
vn 0.3096 0.4275 -0.8494
vn 0.1667 0.2621 -0.9505
vn 0.8453 0.5191 0.1265
vn -0.4237 0.8982 -0.1172
vn 0.2392 0.8836 0.4026
vn -0.2382 -0.7635 -0.6003
vn -0.3010 0.5581 -0.7733
vn 0.8038 0.1216 -0.5824
vn 0.2893 0.0272 -0.9568
vn 0.1366 0.8910 -0.4331
vn -0.4697 0.1896 -0.8622
vn -0.2818 0.8379 -0.4675
vn 0.4772 0.6755 -0.5621
vn -0.5329 0.5474 -0.6453
vn 0.5404 0.3178 -0.7791
vn -0.1958 -0.3913 -0.8992
vn -0.1775 -0.4011 0.8987
vn -0.1901 -0.5956 0.7805
vn 0.0120 -0.6886 0.7250
vn 0.2079 -0.5203 0.8283
vn 0.0730 -0.3380 0.9383
vn -0.0937 -0.1724 0.9806
vn -0.3761 -0.4338 0.8188
vn -0.2799 -0.7612 0.5850
vn 0.2199 -0.6526 0.7251
vn 0.3582 -0.3281 0.8741
vn -0.8097 0.5828 0.0691
vn -0.6139 0.4457 -0.6515
vn -0.3028 0.7903 -0.5327
vn 0.2072 0.5442 -0.8129
vn 0.6613 -0.1270 -0.7393
vn 0.9403 -0.3341 -0.0643
vn 0.7163 -0.2384 0.6558
vn -0.4657 0.4956 0.7332
vn 0.7335 -0.1915 0.6521
vn 0.7595 -0.1076 0.6416
vn 0.1242 0.1025 0.9869
vn -0.5411 0.3807 0.7498
vn -0.5150 0.4232 0.7454
vn 0.9888 0.1423 -0.0448
vn 0.8026 0.2218 0.5537
vn 0.1616 0.1809 0.9701
vn 0.6886 -0.0443 -0.7238
vn 0.0613 0.2704 -0.9608
vn -0.2423 0.7363 0.6318
vn -0.5366 0.5589 -0.6322
vn -0.7549 0.6522 0.0694
vn 0.9778 -0.2009 -0.0601
vn 0.6435 -0.1734 -0.7455
vn 0.3976 0.7214 0.5670
vn 0.0220 0.1937 -0.9808
vn -0.8379 0.5414 0.0686
vn 0.6309 0.7426 0.2246
vn 0.2097 0.9592 -0.1894
vn 0.9560 -0.2866 -0.0629
vn 0.4040 0.8655 -0.2962
vn 0.4366 0.8364 0.3314
vn 0.6079 0.7632 -0.2191
vn 0.1387 0.9896 0.0387
vn 0.2327 0.9387 0.2544
vn -0.5873 0.4877 -0.6460
vn 0.7422 0.2758 -0.6108
vn -0.0003 0.1496 -0.9887
vn 0.1026 0.0577 0.9930
vn 0.7019 0.7123 -0.0034
vn -0.4889 0.8698 0.0657
vn 0.0392 0.9012 0.4316
vn 0.3403 0.7725 -0.5361
vn 0.7391 0.5566 0.3793
vn 0.6986 0.5928 -0.4007
vn -0.0013 0.9374 -0.3484
vn 0.8638 0.5033 -0.0215
vn -0.1260 0.9906 0.0525
vn 0.2927 0.4679 0.8339
vn -0.2596 -0.9595 -0.1097
vn -0.2861 -0.9511 0.1166
vn -0.4821 -0.8557 0.1878
vn -0.6221 -0.7818 -0.0408
vn -0.4682 -0.8540 -0.2268
vn -0.2723 -0.8933 -0.3577
vn -0.0736 -0.9973 -0.0057
vn -0.2110 -0.9035 0.3731
vn -0.6515 -0.7489 0.1216
vn -0.6962 -0.6725 -0.2510
vn -0.3996 0.3574 -0.8441
vn 0.3447 0.4988 -0.7952
vn 0.1644 0.8421 -0.5136
vn 0.5918 0.8045 -0.0500
vn 0.8334 0.2490 0.4934
vn 0.3290 -0.1026 0.9387
vn -0.4049 -0.2877 0.8679
vn -0.9256 0.1334 -0.3541
vn -0.4152 -0.2396 0.8776
vn -0.4308 -0.1534 0.8893
vn -0.9259 -0.1947 0.3236
vn -0.9128 0.0067 -0.4083
vn -0.9195 0.0526 -0.3896
vn 0.1513 0.3424 0.9273
vn -0.4586 0.1886 0.8684
vn -0.9320 -0.1093 0.3457
vn 0.7945 0.3261 0.5123
vn 0.8008 0.5688 -0.1875
vn -0.8806 0.4332 -0.1921
vn 0.2996 0.6129 -0.7312
vn -0.4155 0.4325 -0.8002
vn 0.2843 0.0270 0.9583
vn 0.8526 0.2045 0.4810
vn -0.7121 0.5670 0.4141
vn 0.8399 0.4963 -0.2198
vn -0.3893 0.3137 -0.8661
vn -0.3660 0.7420 0.5616
vn -0.1286 0.9911 0.0349
vn 0.3136 -0.0559 0.9479
vn 0.0342 0.9768 0.2116
vn -0.5289 0.7564 0.3849
vn 0.0322 0.8979 0.4391
vn -0.3611 0.9325 0.0125
vn -0.5269 0.8352 0.1575
vn 0.3291 0.5412 -0.7738
vn 0.5864 0.5975 0.5469
vn 0.8591 0.4535 -0.2373
vn -0.9193 -0.2424 0.3100
vn -0.1336 0.8006 0.5841
vn -0.4455 0.6883 -0.5725
vn -0.7084 0.7056 0.0144
vn 0.2778 0.9544 0.1095
vn -0.4257 0.5418 0.7247
vn 0.2742 0.8157 0.5093
vn -0.0085 0.9795 -0.2010
vn -0.0172 0.6448 0.7641
vn -0.4170 0.8765 -0.2405
vn -0.8860 0.2262 0.4048
vn 0.3964 -0.9059 -0.1490
vn 0.1805 -0.9755 -0.1259
vn 0.0496 -0.9487 -0.3122
vn 0.2117 -0.8352 -0.5076
vn 0.4335 -0.8123 -0.3902
vn 0.5997 -0.7681 -0.2245
vn 0.3439 -0.9372 0.0587
vn -0.0606 -0.9982 -0.0031
vn 0.0456 -0.8622 -0.5045
vn 0.3551 -0.6816 -0.6398
vn -0.7576 0.5088 -0.4089
vn -0.0809 0.7833 -0.6163
vn -0.1311 0.9749 -0.1799
vn 0.4617 0.8868 0.0200
vn 0.9524 0.2546 0.1677
vn 0.7245 -0.3174 0.6118
vn 0.0493 -0.6234 0.7803
vn -0.9910 0.0363 0.1289
vn 0.0421 -0.5842 0.8106
vn 0.0291 -0.5113 0.8589
vn -0.6662 -0.4789 0.5717
vn -0.9976 -0.0614 0.0311
vn -0.9974 -0.0262 0.0666
vn 0.5382 0.0602 0.8407
vn -0.0229 -0.1941 0.9807
vn -0.6659 -0.4079 0.6246
vn 0.9223 0.3118 0.2281
vn 0.5973 0.7561 -0.2675
vn -0.8929 0.2729 0.3581
vn -0.0977 0.8594 -0.5019
vn -0.7556 0.5612 -0.3377
vn 0.6870 -0.2131 0.6947
vn 0.9661 0.2214 0.1329
vn -0.4745 0.2438 0.8458
vn 0.6211 0.7073 -0.3374
vn -0.7561 0.4773 -0.4478
vn -0.1088 0.4338 0.8944
vn -0.1501 0.8792 0.4521
vn 0.7125 -0.2803 0.6432
vn 0.0758 0.8457 0.5283
vn -0.3347 0.4673 0.8183
vn 0.1815 0.7013 0.6894
vn -0.3639 0.7823 0.5055
vn -0.4404 0.6117 0.6572
vn -0.0872 0.8126 -0.5762
vn 0.7389 0.5079 0.4427
vn 0.6325 0.6773 -0.3758
vn -0.6640 -0.5174 0.5398
vn 0.1050 0.5307 0.8411
vn -0.6922 0.7206 -0.0398
vn -0.6602 0.4976 0.5627
vn 0.2472 0.9088 0.3362
vn -0.0774 0.1848 0.9797
vn 0.4329 0.6550 0.6194
vn -0.1499 0.9678 0.2023
vn 0.2984 0.3551 0.8859
vn -0.5257 0.7975 0.2961
vn -0.6157 -0.1060 0.7808
vn 0.3319 -0.7077 -0.6237
vn 0.1540 -0.8254 -0.5432
vn -0.0485 -0.7704 -0.6357
vn 0.0011 -0.5698 -0.8218
vn 0.2504 -0.5379 -0.8050
vn 0.4712 -0.5131 -0.7174
vn 0.3812 -0.8126 -0.4409
vn -0.0034 -0.9361 -0.3517
vn -0.1439 -0.6312 -0.7622
vn 0.0605 -0.3557 -0.9326
vn 0.6750 -0.1191 0.7281
vn 0.2433 0.4965 0.8333
vn 0.5579 0.6558 0.5087
vn 0.1514 0.9774 0.1475
vn -0.4974 0.8088 -0.3138
vn -0.4657 0.2663 -0.8439
vn -0.0677 -0.3764 -0.9240
vn 0.8023 -0.5788 0.1456
vn -0.0289 -0.3476 -0.9372
vn 0.0396 -0.2946 -0.9548
vn 0.4567 -0.7320 -0.5056
vn 0.7151 -0.6682 0.2054
vn 0.7483 -0.6373 0.1842
vn -0.0313 0.4645 -0.8850
vn 0.2995 -0.0696 -0.9516
vn 0.5162 -0.6717 -0.5313
vn -0.4201 0.8401 -0.3430
vn -0.1339 0.9331 0.3339
vn 0.9500 -0.3121 -0.0131
vn 0.3426 0.5559 0.7573
vn 0.7304 -0.0703 0.6793
vn -0.3482 0.3316 -0.8768
vn -0.5395 0.7882 -0.2961
vn 0.8185 -0.0258 -0.5740
vn -0.2058 0.9034 0.3760
vn 0.6413 -0.1462 0.7532
vn 0.6716 0.3545 -0.6506
vn 0.7701 0.6310 -0.0941
vn -0.4242 0.2906 -0.8577
vn 0.6152 0.7536 -0.2318
vn 0.8265 0.2319 -0.5129
vn 0.5221 0.7234 -0.4517
vn 0.8961 0.4275 -0.1195
vn 0.9195 0.2622 -0.2930
vn 0.2798 0.5191 0.8076
vn -0.0926 0.8982 -0.4298
vn -0.2458 0.8836 0.3986
vn 0.4214 -0.7635 -0.4893
vn 0.5456 0.5581 -0.6252
vn 0.8886 0.1217 0.4422
vn 0.9819 0.0272 -0.1873
vn 0.4471 0.8909 -0.0797
vn 0.5462 0.1896 -0.8159
vn 0.2836 0.8379 -0.4664
vn 0.7193 0.6755 0.1622
vn 0.3247 0.5474 -0.7713
vn 0.9408 0.3178 0.1176
vn 0.7059 -0.3913 -0.5904
vn -0.8786 -0.4011 0.2593
vn -0.7796 -0.5956 0.1934
vn -0.6368 -0.6886 0.3468
vn -0.6375 -0.5203 0.5682
vn -0.7975 -0.3380 0.4997
vn -0.9123 -0.1724 0.3716
vn -0.8998 -0.4338 0.0464
vn -0.6481 -0.7612 0.0232
vn -0.5405 -0.6526 0.5310
vn -0.6084 -0.3281 0.7226
vn -0.2364 -0.5351 -0.8111
vn 0.0948 0.1248 -0.9876
vn -0.3542 0.2656 -0.8967
vn -0.2147 0.7903 -0.5738
vn 0.1660 0.9788 0.1203
vn -0.0226 0.6363 0.7711
vn -0.3086 -0.0450 0.9501
vn -0.5453 -0.8175 -0.1852
vn -0.3530 -0.0272 0.9352
vn -0.4292 0.0042 0.9032
vn -0.5196 -0.6543 0.5495
vn -0.4278 -0.8883 -0.1669
vn -0.4713 -0.8647 -0.1739
vn -0.4518 0.6906 0.5648
vn -0.6894 0.1245 0.7136
vn -0.5927 -0.6111 0.5246
vn 0.0800 0.9914 0.1035
vn 0.1274 0.7850 -0.6063
vn -0.7885 -0.5764 -0.2147
vn -0.0361 0.1697 -0.9848
vn -0.3148 -0.4941 -0.8104
vn -0.1505 0.6680 0.7288
vn 0.2140 0.9682 0.1294
vn -0.9759 -0.1109 0.1879
vn 0.2143 0.7684 -0.6030
vn -0.1912 -0.5564 -0.8086
vn -0.9413 0.3010 0.1529
vn -0.8135 0.3548 -0.4608
vn -0.0690 0.6492 0.7575
vn -0.7604 0.5548 -0.3377
vn -0.9944 0.1010 0.0299
vn -0.7758 0.6219 -0.1070
vn -0.9041 0.1391 -0.4040
vn -0.9790 0.0339 -0.2009
vn 0.0476 0.1414 -0.9888
vn -0.2551 0.9664 0.0316
vn 0.2627 0.7564 -0.5991
vn -0.4764 -0.6765 0.5616
vn -0.8507 0.5168 0.0962
vn -0.5919 -0.3006 -0.7479
vn -0.9488 -0.2289 -0.2176
vn -0.5645 0.6866 -0.4581
vn -0.8825 0.2406 0.4042
vn -0.5916 0.8045 -0.0527
vn -0.6579 0.3351 -0.6744
vn -0.7233 0.6198 0.3045
vn -0.8171 -0.0441 -0.5748
vn -0.8289 -0.4003 0.3907
vn 0.9491 -0.1622 0.2699
vn 0.8622 -0.3492 0.3669
vn 0.8223 -0.5234 0.2232
vn 0.8991 -0.4368 -0.0297
vn 0.9793 -0.2019 0.0133
vn 0.9951 0.0215 0.0961
vn 0.8747 -0.1220 0.4691
vn 0.6943 -0.4897 0.5275
vn 0.8174 -0.5757 0.0189
vn 0.9152 -0.3183 -0.2473
vn 0.6511 -0.0981 -0.7527
vn 0.8209 -0.5469 -0.1644
vn 0.9920 -0.1251 -0.0143
vn 0.7948 -0.1621 0.5848
vn 0.0822 -0.2047 0.9754
vn -0.4692 0.2970 0.8317
vn -0.6679 0.7095 0.2248
vn 0.1930 0.4918 -0.8491
vn -0.6299 0.7398 0.2363
vn -0.5588 0.7890 0.2553
vn -0.3943 0.7840 -0.4794
vn 0.1037 0.4044 -0.9087
vn 0.1363 0.4369 -0.8891
vn -0.0800 0.5761 0.8134
vn -0.2452 0.9189 0.3091
vn -0.3276 0.8323 -0.4471
vn 0.1399 -0.1379 0.9805
vn 0.6606 -0.4785 0.5785
vn 0.3961 0.6654 -0.6328
vn 0.8918 -0.4351 -0.1239
vn 0.6981 -0.0332 -0.7152
vn -0.3652 0.3871 0.8466
vn 0.0492 -0.2418 0.9691
vn 0.2689 0.9602 -0.0754
vn 0.6128 -0.5518 0.5657
vn 0.6221 -0.1344 -0.7713
vn 0.3922 0.8663 0.3095
vn 0.8637 0.4684 0.1863
vn -0.4325 0.3303 0.8389
vn 0.7885 0.4543 0.4145
vn 0.4673 0.8804 0.0812
vn 0.6193 0.5650 0.5452
vn 0.8007 0.5990 -0.0059
vn 0.6365 0.7697 -0.0494
vn 0.8484 -0.5076 -0.1501
vn 0.3508 0.1284 0.9276
vn 0.5836 -0.5914 0.5565
vn -0.4306 0.7539 -0.4961
vn 0.4551 0.7357 0.5017
vn 0.8269 0.2176 -0.5186
vn 0.5664 0.7656 -0.3050
vn 0.8335 0.2114 0.5105
vn 0.1368 0.9355 0.3259
vn 0.5360 0.4060 0.7402
vn 0.9655 0.2362 0.1093
vn 0.2475 0.7059 0.6637
vn 0.8549 0.4657 -0.2285
vn -0.0480 0.9558 -0.2899
vn -0.7149 -0.6971 -0.0540
vn -0.8059 -0.5547 -0.2069
vn -0.7127 -0.5647 -0.4162
vn -0.5124 -0.7574 -0.4048
vn -0.5235 -0.8358 -0.1656
vn -0.5411 -0.8378 0.0726
vn -0.8372 -0.5454 0.0404
vn -0.9000 -0.3172 -0.2989
vn -0.5523 -0.6471 -0.5256
vn -0.3051 -0.8841 -0.3540
vt 0.671825 0.926400
vt 0.669619 0.887213
vt 0.674652 0.886881
vt 0.675379 0.926115
vt 0.672962 0.861988
vt 0.679658 0.861594
vt 0.679744 0.886795
vt 0.676898 0.943268
vt 0.679189 0.942934
vt 0.679896 0.948310
vt 0.678822 0.948733
vt 0.681400 0.942940
vt 0.680990 0.948217
vt 0.689974 0.887413
vt 0.685997 0.926463
vt 0.682438 0.926131
vt 0.684864 0.886969
vt 0.693134 0.862196
vt 0.699600 0.863528
vt 0.695037 0.888115
vt 0.705622 0.865485
vt 0.700022 0.889043
vt 0.668247 0.926875
vt 0.674560 0.943936
vt 0.672223 0.944919
vt 0.693074 0.927747
vt 0.689579 0.927010
vt 0.687946 0.944877
vt 0.685685 0.943869
vt 0.704984 0.890179
vt 0.696569 0.928665
vt 0.661034 0.865602
vt 0.666672 0.863502
vt 0.664686 0.887757
vt 0.683512 0.943253
vt 0.683093 0.949019
vt 0.682077 0.948439
vt 0.684006 0.949981
vt 0.690287 0.946318
vt 0.684742 0.935241
vt 0.678911 0.926018
vt 0.677737 0.949539
vt 0.676723 0.950963
vt 0.686422 0.861536
vt 0.714790 0.850612
vt 0.722257 0.856309
vt 0.710966 0.868039
vt 0.680784 0.951357
vt 0.684725 0.951446
vt 0.649816 0.851427
vt 0.659392 0.845904
vt 0.678715 0.841864
vt 0.688391 0.842128
vt 0.706504 0.846489
vt 0.697669 0.843691
vt 0.669103 0.843043
vt 0.758988 0.800712
vt 0.904289 0.800712
vt 0.904289 0.946013
vt 0.758988 0.946013
vt 0.170105 0.313318
vt 0.169665 0.140204
vt 0.506546 0.138785
vt 0.506985 0.311899
vt 0.215518 0.540403
vt 0.183263 0.526995
vt 0.197189 0.516019
vt 0.219436 0.519783
vt 0.164488 0.504773
vt 0.190651 0.501352
vt 0.220411 0.500529
vt 0.179540 0.414249
vt 0.198596 0.391680
vt 0.213542 0.402789
vt 0.206721 0.418410
vt 0.239129 0.348327
vt 0.245211 0.381430
vt 0.245475 0.400300
vt 0.215327 0.557365
vt 0.219287 0.577973
vt 0.197083 0.581802
vt 0.183124 0.570892
vt 0.220292 0.597186
vt 0.190617 0.596470
vt 0.164488 0.593193
vt 0.239688 0.748991
vt 0.199204 0.705791
vt 0.214078 0.694654
vt 0.245787 0.715920
vt 0.180102 0.683377
vt 0.207199 0.679081
vt 0.246052 0.697026
vt 0.447809 0.501111
vt 0.448793 0.520271
vt 0.430378 0.351025
vt 0.423707 0.382401
vt 0.423096 0.401566
vt 0.452414 0.557365
vt 0.448633 0.577510
vt 0.447684 0.596714
vt 0.424331 0.715775
vt 0.430992 0.747174
vt 0.423719 0.696636
vt 0.069166 0.545667
vt 0.131295 0.545667
vt 0.131295 0.569335
vt 0.069166 0.569335
vt 0.131295 0.588685
vt 0.069166 0.588685
vt 0.123939 0.712530
vt 0.076523 0.712530
vt 0.069166 0.672914
vt 0.131295 0.672914
vt 0.069166 0.653564
vt 0.131295 0.653564
vt 0.123939 0.855470
vt 0.076523 0.855470
vt 0.069166 0.365779
vt 0.131295 0.365779
vt 0.452620 0.540403
vt 0.470745 0.516521
vt 0.484448 0.527393
vt 0.503110 0.505495
vt 0.477251 0.502031
vt 0.488433 0.415843
vt 0.461523 0.419827
vt 0.454877 0.404288
vt 0.469719 0.393466
vt 0.484295 0.570251
vt 0.470628 0.581191
vt 0.477210 0.595676
vt 0.503099 0.592061
vt 0.455450 0.693789
vt 0.470363 0.704577
vt 0.489021 0.682041
vt 0.462031 0.678203
vt 0.069166 0.342110
vt 0.131295 0.342110
vt 0.069166 0.322760
vt 0.131295 0.322760
vt 0.123939 0.198916
vt 0.131295 0.238531
vt 0.069166 0.238531
vt 0.076523 0.198916
vt 0.131295 0.257881
vt 0.069166 0.257881
vt 0.161688 0.774979
vt 0.327616 0.774979
vt 0.327616 0.940907
vt 0.161688 0.940907
s 0
usemtl bush_flower_thingy
f 30/1/1 31/4/1 20/3/1 19/2/1
f 3/5/2 20/3/2 21/7/2 5/6/2
f 40/8/3 36/11/3 28/10/3 41/9/3
f 41/9/4 28/10/4 25/13/4 42/12/4
f 23/14/5 22/17/5 33/16/5 34/15/5
f 9/18/6 23/14/6 24/20/6 11/19/6
f 11/19/7 24/20/7 26/22/7 15/21/7
f 38/23/8 48/25/8 39/24/8 30/1/8
f 24/20/9 35/27/9 37/26/9 26/22/9
f 35/27/10 44/29/10 46/28/10 37/26/10
f 37/26/11 38/31/11 27/30/11 26/22/11
f 17/32/12 27/34/12 19/2/12 1/33/12
f 19/2/13 27/34/13 38/23/13 30/1/13
f 43/35/14 14/37/14 13/36/14 44/29/14
f 44/29/15 13/36/15 47/38/15 46/28/15
f 37/26/16 46/28/16 48/39/16 38/31/16
f 33/16/17 42/12/17 43/35/17 50/40/17 34/15/17
f 32/41/18 41/9/18 42/12/18 33/16/18
f 48/25/19 29/43/19 45/42/19 39/24/19
f 31/4/20 40/8/20 41/9/20 32/41/20
f 30/1/21 39/24/21 40/8/21 31/4/21
f 34/15/22 50/40/22 43/35/22 44/29/22 35/27/22
f 7/44/23 22/17/23 23/14/23 9/18/23
f 16/45/24 15/21/24 17/47/24 18/46/24
f 22/17/25 21/7/25 32/41/25 33/16/25
f 1/33/26 19/2/26 20/3/26 3/5/26
f 13/36/27 49/48/27 47/38/27
f 36/11/28 49/48/28 28/10/28
f 34/15/29 35/27/29 24/20/29 23/14/29
f 28/10/30 49/48/30 25/13/30
f 47/38/31 49/48/31 29/49/31
f 25/13/32 49/48/32 14/37/32
f 36/11/33 45/42/33 49/48/33
f 45/42/34 29/43/34 49/48/34
f 31/4/35 32/41/35 21/7/35 20/3/35
f 42/12/36 25/13/36 14/37/36 43/35/36
f 5/6/37 21/7/37 22/17/37 7/44/37
f 15/21/38 26/22/38 27/30/38 17/47/38
f 14/37/39 49/48/39 13/36/39
f 39/24/40 45/42/40 36/11/40 40/8/40
f 18/50/41 17/32/41 1/33/41 2/51/41
f 6/52/42 5/6/42 7/44/42 8/53/42
f 12/54/43 11/19/43 15/21/43 16/45/43
f 8/53/44 7/44/44 9/18/44 10/55/44
f 4/56/45 3/5/45 5/6/45 6/52/45
f 10/55/46 9/18/46 11/19/46 12/54/46
f 2/51/47 1/33/47 3/5/47 4/56/47
f 46/28/48 47/38/48 29/49/48 48/39/48
f 236/1/129 237/4/129 226/3/129 225/2/129
f 209/5/130 226/3/130 227/7/130 211/6/130
f 246/8/131 242/11/131 234/10/131 247/9/131
f 247/9/132 234/10/132 231/13/132 248/12/132
f 229/14/133 228/17/133 239/16/133 240/15/133
f 215/18/134 229/14/134 230/20/134 217/19/134
f 217/19/135 230/20/135 232/22/135 221/21/135
f 244/23/136 254/25/136 245/24/136 236/1/136
f 230/20/137 241/27/137 243/26/137 232/22/137
f 241/27/138 250/29/138 252/28/138 243/26/138
f 243/26/139 244/31/139 233/30/139 232/22/139
f 223/32/140 233/34/140 225/2/140 207/33/140
f 225/2/141 233/34/141 244/23/141 236/1/141
f 249/35/142 220/37/142 219/36/142 250/29/142
f 250/29/143 219/36/143 253/38/143 252/28/143
f 243/26/144 252/28/144 254/39/144 244/31/144
f 239/16/145 248/12/145 249/35/145 256/40/145 240/15/145
f 238/41/146 247/9/146 248/12/146 239/16/146
f 254/25/147 235/43/147 251/42/147 245/24/147
f 237/4/148 246/8/148 247/9/148 238/41/148
f 236/1/149 245/24/149 246/8/149 237/4/149
f 240/15/150 256/40/150 249/35/150 250/29/150 241/27/150
f 213/44/151 228/17/151 229/14/151 215/18/151
f 222/45/152 221/21/152 223/47/152 224/46/152
f 228/17/153 227/7/153 238/41/153 239/16/153
f 207/33/154 225/2/154 226/3/154 209/5/154
f 219/36/155 255/48/155 253/38/155
f 242/11/156 255/48/156 234/10/156
f 240/15/157 241/27/157 230/20/157 229/14/157
f 234/10/158 255/48/158 231/13/158
f 253/38/159 255/48/159 235/49/159
f 231/13/160 255/48/160 220/37/160
f 242/11/161 251/42/161 255/48/161
f 251/42/162 235/43/162 255/48/162
f 237/4/163 238/41/163 227/7/163 226/3/163
f 248/12/164 231/13/164 220/37/164 249/35/164
f 211/6/165 227/7/165 228/17/165 213/44/165
f 221/21/166 232/22/166 233/30/166 223/47/166
f 220/37/167 255/48/167 219/36/167
f 245/24/168 251/42/168 242/11/168 246/8/168
f 224/50/169 223/32/169 207/33/169 208/51/169
f 212/52/170 211/6/170 213/44/170 214/53/170
f 218/54/171 217/19/171 221/21/171 222/45/171
f 214/53/172 213/44/172 215/18/172 216/55/172
f 210/56/173 209/5/173 211/6/173 212/52/173
f 216/55/174 215/18/174 217/19/174 218/54/174
f 208/51/175 207/33/175 209/5/175 210/56/175
f 252/28/176 253/38/176 235/49/176 254/39/176
f 326/1/187 327/4/187 316/3/187 315/2/187
f 299/5/188 316/3/188 317/7/188 301/6/188
f 336/8/189 332/11/189 324/10/189 337/9/189
f 337/9/190 324/10/190 321/13/190 338/12/190
f 319/14/191 318/17/191 329/16/191 330/15/191
f 305/18/192 319/14/192 320/20/192 307/19/192
f 307/19/193 320/20/193 322/22/193 311/21/193
f 334/23/194 344/25/194 335/24/194 326/1/194
f 320/20/195 331/27/195 333/26/195 322/22/195
f 331/27/196 340/29/196 342/28/196 333/26/196
f 333/26/197 334/31/197 323/30/197 322/22/197
f 313/32/198 323/34/198 315/2/198 297/33/198
f 315/2/199 323/34/199 334/23/199 326/1/199
f 339/35/200 310/37/200 309/36/200 340/29/200
f 340/29/201 309/36/201 343/38/201 342/28/201
f 333/26/202 342/28/202 344/39/202 334/31/202
f 329/16/203 338/12/203 339/35/203 346/40/203 330/15/203
f 328/41/204 337/9/204 338/12/204 329/16/204
f 344/25/205 325/43/205 341/42/205 335/24/205
f 327/4/206 336/8/206 337/9/206 328/41/206
f 326/1/207 335/24/207 336/8/207 327/4/207
f 330/15/208 346/40/208 339/35/208 340/29/208 331/27/208
f 303/44/209 318/17/209 319/14/209 305/18/209
f 312/45/210 311/21/210 313/47/210 314/46/210
f 318/17/211 317/7/211 328/41/211 329/16/211
f 297/33/212 315/2/212 316/3/212 299/5/212
f 309/36/213 345/48/213 343/38/213
f 332/11/214 345/48/214 324/10/214
f 330/15/215 331/27/215 320/20/215 319/14/215
f 324/10/216 345/48/216 321/13/216
f 343/38/217 345/48/217 325/49/217
f 321/13/218 345/48/218 310/37/218
f 332/11/219 341/42/219 345/48/219
f 341/42/220 325/43/220 345/48/220
f 327/4/221 328/41/221 317/7/221 316/3/221
f 338/12/222 321/13/222 310/37/222 339/35/222
f 301/6/223 317/7/223 318/17/223 303/44/223
f 311/21/224 322/22/224 323/30/224 313/47/224
f 310/37/225 345/48/225 309/36/225
f 335/24/226 341/42/226 332/11/226 336/8/226
f 314/50/227 313/32/227 297/33/227 298/51/227
f 302/52/228 301/6/228 303/44/228 304/53/228
f 308/54/229 307/19/229 311/21/229 312/45/229
f 304/53/230 303/44/230 305/18/230 306/55/230
f 300/56/231 299/5/231 301/6/231 302/52/231
f 306/55/232 305/18/232 307/19/232 308/54/232
f 298/51/233 297/33/233 299/5/233 300/56/233
f 342/28/234 343/38/234 325/49/234 344/39/234
f 416/1/245 417/4/245 406/3/245 405/2/245
f 389/5/246 406/3/246 407/7/246 391/6/246
f 426/8/247 422/11/247 414/10/247 427/9/247
f 427/9/248 414/10/248 411/13/248 428/12/248
f 409/14/249 408/17/249 419/16/249 420/15/249
f 395/18/250 409/14/250 410/20/250 397/19/250
f 397/19/251 410/20/251 412/22/251 401/21/251
f 424/23/252 434/25/252 425/24/252 416/1/252
f 410/20/253 421/27/253 423/26/253 412/22/253
f 421/27/254 430/29/254 432/28/254 423/26/254
f 423/26/255 424/31/255 413/30/255 412/22/255
f 403/32/256 413/34/256 405/2/256 387/33/256
f 405/2/257 413/34/257 424/23/257 416/1/257
f 429/35/258 400/37/258 399/36/258 430/29/258
f 430/29/259 399/36/259 433/38/259 432/28/259
f 423/26/260 432/28/260 434/39/260 424/31/260
f 419/16/261 428/12/261 429/35/261 436/40/261 420/15/261
f 418/41/262 427/9/262 428/12/262 419/16/262
f 434/25/263 415/43/263 431/42/263 425/24/263
f 417/4/264 426/8/264 427/9/264 418/41/264
f 416/1/265 425/24/265 426/8/265 417/4/265
f 420/15/266 436/40/266 429/35/266 430/29/266 421/27/266
f 393/44/267 408/17/267 409/14/267 395/18/267
f 402/45/268 401/21/268 403/47/268 404/46/268
f 408/17/269 407/7/269 418/41/269 419/16/269
f 387/33/270 405/2/270 406/3/270 389/5/270
f 399/36/271 435/48/271 433/38/271
f 422/11/272 435/48/272 414/10/272
f 420/15/273 421/27/273 410/20/273 409/14/273
f 414/10/274 435/48/274 411/13/274
f 433/38/275 435/48/275 415/49/275
f 411/13/276 435/48/276 400/37/276
f 422/11/277 431/42/277 435/48/277
f 431/42/278 415/43/278 435/48/278
f 417/4/279 418/41/279 407/7/279 406/3/279
f 428/12/280 411/13/280 400/37/280 429/35/280
f 391/6/281 407/7/281 408/17/281 393/44/281
f 401/21/282 412/22/282 413/30/282 403/47/282
f 400/37/283 435/48/283 399/36/283
f 425/24/284 431/42/284 422/11/284 426/8/284
f 404/50/285 403/32/285 387/33/285 388/51/285
f 392/52/286 391/6/286 393/44/286 394/53/286
f 398/54/287 397/19/287 401/21/287 402/45/287
f 394/53/288 393/44/288 395/18/288 396/55/288
f 390/56/289 389/5/289 391/6/289 392/52/289
f 396/55/290 395/18/290 397/19/290 398/54/290
f 388/51/291 387/33/291 389/5/291 390/56/291
f 432/28/292 433/38/292 415/49/292 434/39/292
f 506/1/303 507/4/303 496/3/303 495/2/303
f 479/5/304 496/3/304 497/7/304 481/6/304
f 516/8/305 512/11/305 504/10/305 517/9/305
f 517/9/306 504/10/306 501/13/306 518/12/306
f 499/14/307 498/17/307 509/16/307 510/15/307
f 485/18/308 499/14/308 500/20/308 487/19/308
f 487/19/309 500/20/309 502/22/309 491/21/309
f 514/23/310 524/25/310 515/24/310 506/1/310
f 500/20/311 511/27/311 513/26/311 502/22/311
f 511/27/312 520/29/312 522/28/312 513/26/312
f 513/26/313 514/31/313 503/30/313 502/22/313
f 493/32/314 503/34/314 495/2/314 477/33/314
f 495/2/315 503/34/315 514/23/315 506/1/315
f 519/35/316 490/37/316 489/36/316 520/29/316
f 520/29/317 489/36/317 523/38/317 522/28/317
f 513/26/318 522/28/318 524/39/318 514/31/318
f 509/16/319 518/12/319 519/35/319 526/40/319 510/15/319
f 508/41/320 517/9/320 518/12/320 509/16/320
f 524/25/321 505/43/321 521/42/321 515/24/321
f 507/4/322 516/8/322 517/9/322 508/41/322
f 506/1/323 515/24/323 516/8/323 507/4/323
f 510/15/324 526/40/324 519/35/324 520/29/324 511/27/324
f 483/44/325 498/17/325 499/14/325 485/18/325
f 492/45/326 491/21/326 493/47/326 494/46/326
f 498/17/327 497/7/327 508/41/327 509/16/327
f 477/33/328 495/2/328 496/3/328 479/5/328
f 489/36/329 525/48/329 523/38/329
f 512/11/330 525/48/330 504/10/330
f 510/15/331 511/27/331 500/20/331 499/14/331
f 504/10/332 525/48/332 501/13/332
f 523/38/333 525/48/333 505/49/333
f 501/13/334 525/48/334 490/37/334
f 512/11/335 521/42/335 525/48/335
f 521/42/336 505/43/336 525/48/336
f 507/4/337 508/41/337 497/7/337 496/3/337
f 518/12/338 501/13/338 490/37/338 519/35/338
f 481/6/339 497/7/339 498/17/339 483/44/339
f 491/21/340 502/22/340 503/30/340 493/47/340
f 490/37/341 525/48/341 489/36/341
f 515/24/342 521/42/342 512/11/342 516/8/342
f 494/50/343 493/32/343 477/33/343 478/51/343
f 482/52/344 481/6/344 483/44/344 484/53/344
f 488/54/345 487/19/345 491/21/345 492/45/345
f 484/53/346 483/44/346 485/18/346 486/55/346
f 480/56/347 479/5/347 481/6/347 482/52/347
f 486/55/348 485/18/348 487/19/348 488/54/348
f 478/51/349 477/33/349 479/5/349 480/56/349
f 522/28/350 523/38/350 505/49/350 524/39/350
f 596/1/361 597/4/361 586/3/361 585/2/361
f 569/5/362 586/3/362 587/7/362 571/6/362
f 606/8/363 602/11/363 594/10/363 607/9/363
f 607/9/364 594/10/364 591/13/364 608/12/364
f 589/14/365 588/17/365 599/16/365 600/15/365
f 575/18/366 589/14/366 590/20/366 577/19/366
f 577/19/367 590/20/367 592/22/367 581/21/367
f 604/23/368 614/25/368 605/24/368 596/1/368
f 590/20/369 601/27/369 603/26/369 592/22/369
f 601/27/370 610/29/370 612/28/370 603/26/370
f 603/26/371 604/31/371 593/30/371 592/22/371
f 583/32/372 593/34/372 585/2/372 567/33/372
f 585/2/373 593/34/373 604/23/373 596/1/373
f 609/35/374 580/37/374 579/36/374 610/29/374
f 610/29/375 579/36/375 613/38/375 612/28/375
f 603/26/376 612/28/376 614/39/376 604/31/376
f 599/16/377 608/12/377 609/35/377 616/40/377 600/15/377
f 598/41/378 607/9/378 608/12/378 599/16/378
f 614/25/379 595/43/379 611/42/379 605/24/379
f 597/4/380 606/8/380 607/9/380 598/41/380
f 596/1/381 605/24/381 606/8/381 597/4/381
f 600/15/382 616/40/382 609/35/382 610/29/382 601/27/382
f 573/44/383 588/17/383 589/14/383 575/18/383
f 582/45/384 581/21/384 583/47/384 584/46/384
f 588/17/385 587/7/385 598/41/385 599/16/385
f 567/33/386 585/2/386 586/3/386 569/5/386
f 579/36/387 615/48/387 613/38/387
f 602/11/388 615/48/388 594/10/388
f 600/15/389 601/27/389 590/20/389 589/14/389
f 594/10/390 615/48/390 591/13/390
f 613/38/391 615/48/391 595/49/391
f 591/13/392 615/48/392 580/37/392
f 602/11/393 611/42/393 615/48/393
f 611/42/394 595/43/394 615/48/394
f 597/4/395 598/41/395 587/7/395 586/3/395
f 608/12/396 591/13/396 580/37/396 609/35/396
f 571/6/397 587/7/397 588/17/397 573/44/397
f 581/21/398 592/22/398 593/30/398 583/47/398
f 580/37/399 615/48/399 579/36/399
f 605/24/400 611/42/400 602/11/400 606/8/400
f 584/50/401 583/32/401 567/33/401 568/51/401
f 572/52/402 571/6/402 573/44/402 574/53/402
f 578/54/403 577/19/403 581/21/403 582/45/403
f 574/53/404 573/44/404 575/18/404 576/55/404
f 570/56/405 569/5/405 571/6/405 572/52/405
f 576/55/406 575/18/406 577/19/406 578/54/406
f 568/51/407 567/33/407 569/5/407 570/56/407
f 612/28/408 613/38/408 595/49/408 614/39/408
f 686/1/419 687/4/419 676/3/419 675/2/419
f 659/5/420 676/3/420 677/7/420 661/6/420
f 696/8/421 692/11/421 684/10/421 697/9/421
f 697/9/422 684/10/422 681/13/422 698/12/422
f 679/14/423 678/17/423 689/16/423 690/15/423
f 665/18/424 679/14/424 680/20/424 667/19/424
f 667/19/425 680/20/425 682/22/425 671/21/425
f 694/23/426 704/25/426 695/24/426 686/1/426
f 680/20/427 691/27/427 693/26/427 682/22/427
f 691/27/428 700/29/428 702/28/428 693/26/428
f 693/26/429 694/31/429 683/30/429 682/22/429
f 673/32/430 683/34/430 675/2/430 657/33/430
f 675/2/431 683/34/431 694/23/431 686/1/431
f 699/35/432 670/37/432 669/36/432 700/29/432
f 700/29/433 669/36/433 703/38/433 702/28/433
f 693/26/434 702/28/434 704/39/434 694/31/434
f 689/16/435 698/12/435 699/35/435 706/40/435 690/15/435
f 688/41/436 697/9/436 698/12/436 689/16/436
f 704/25/437 685/43/437 701/42/437 695/24/437
f 687/4/438 696/8/438 697/9/438 688/41/438
f 686/1/439 695/24/439 696/8/439 687/4/439
f 690/15/440 706/40/440 699/35/440 700/29/440 691/27/440
f 663/44/441 678/17/441 679/14/441 665/18/441
f 672/45/442 671/21/442 673/47/442 674/46/442
f 678/17/443 677/7/443 688/41/443 689/16/443
f 657/33/444 675/2/444 676/3/444 659/5/444
f 669/36/445 705/48/445 703/38/445
f 692/11/446 705/48/446 684/10/446
f 690/15/447 691/27/447 680/20/447 679/14/447
f 684/10/448 705/48/448 681/13/448
f 703/38/449 705/48/449 685/49/449
f 681/13/450 705/48/450 670/37/450
f 692/11/451 701/42/451 705/48/451
f 701/42/452 685/43/452 705/48/452
f 687/4/453 688/41/453 677/7/453 676/3/453
f 698/12/454 681/13/454 670/37/454 699/35/454
f 661/6/455 677/7/455 678/17/455 663/44/455
f 671/21/456 682/22/456 683/30/456 673/47/456
f 670/37/457 705/48/457 669/36/457
f 695/24/458 701/42/458 692/11/458 696/8/458
f 674/50/459 673/32/459 657/33/459 658/51/459
f 662/52/460 661/6/460 663/44/460 664/53/460
f 668/54/461 667/19/461 671/21/461 672/45/461
f 664/53/462 663/44/462 665/18/462 666/55/462
f 660/56/463 659/5/463 661/6/463 662/52/463
f 666/55/464 665/18/464 667/19/464 668/54/464
f 658/51/465 657/33/465 659/5/465 660/56/465
f 702/28/466 703/38/466 685/49/466 704/39/466
f 776/1/477 777/4/477 766/3/477 765/2/477
f 749/5/478 766/3/478 767/7/478 751/6/478
f 786/8/479 782/11/479 774/10/479 787/9/479
f 787/9/480 774/10/480 771/13/480 788/12/480
f 769/14/481 768/17/481 779/16/481 780/15/481
f 755/18/482 769/14/482 770/20/482 757/19/482
f 757/19/483 770/20/483 772/22/483 761/21/483
f 784/23/484 794/25/484 785/24/484 776/1/484
f 770/20/485 781/27/485 783/26/485 772/22/485
f 781/27/486 790/29/486 792/28/486 783/26/486
f 783/26/487 784/31/487 773/30/487 772/22/487
f 763/32/488 773/34/488 765/2/488 747/33/488
f 765/2/489 773/34/489 784/23/489 776/1/489
f 789/35/490 760/37/490 759/36/490 790/29/490
f 790/29/491 759/36/491 793/38/491 792/28/491
f 783/26/492 792/28/492 794/39/492 784/31/492
f 779/16/493 788/12/493 789/35/493 796/40/493 780/15/493
f 778/41/494 787/9/494 788/12/494 779/16/494
f 794/25/495 775/43/495 791/42/495 785/24/495
f 777/4/496 786/8/496 787/9/496 778/41/496
f 776/1/497 785/24/497 786/8/497 777/4/497
f 780/15/498 796/40/498 789/35/498 790/29/498 781/27/498
f 753/44/499 768/17/499 769/14/499 755/18/499
f 762/45/500 761/21/500 763/47/500 764/46/500
f 768/17/501 767/7/501 778/41/501 779/16/501
f 747/33/502 765/2/502 766/3/502 749/5/502
f 759/36/503 795/48/503 793/38/503
f 782/11/504 795/48/504 774/10/504
f 780/15/505 781/27/505 770/20/505 769/14/505
f 774/10/506 795/48/506 771/13/506
f 793/38/507 795/48/507 775/49/507
f 771/13/508 795/48/508 760/37/508
f 782/11/509 791/42/509 795/48/509
f 791/42/510 775/43/510 795/48/510
f 777/4/511 778/41/511 767/7/511 766/3/511
f 788/12/512 771/13/512 760/37/512 789/35/512
f 751/6/513 767/7/513 768/17/513 753/44/513
f 761/21/514 772/22/514 773/30/514 763/47/514
f 760/37/515 795/48/515 759/36/515
f 785/24/516 791/42/516 782/11/516 786/8/516
f 764/50/517 763/32/517 747/33/517 748/51/517
f 752/52/518 751/6/518 753/44/518 754/53/518
f 758/54/519 757/19/519 761/21/519 762/45/519
f 754/53/520 753/44/520 755/18/520 756/55/520
f 750/56/521 749/5/521 751/6/521 752/52/521
f 756/55/522 755/18/522 757/19/522 758/54/522
f 748/51/523 747/33/523 749/5/523 750/56/523
f 792/28/524 793/38/524 775/49/524 794/39/524
f 866/1/535 867/4/535 856/3/535 855/2/535
f 839/5/536 856/3/536 857/7/536 841/6/536
f 876/8/537 872/11/537 864/10/537 877/9/537
f 877/9/538 864/10/538 861/13/538 878/12/538
f 859/14/539 858/17/539 869/16/539 870/15/539
f 845/18/540 859/14/540 860/20/540 847/19/540
f 847/19/541 860/20/541 862/22/541 851/21/541
f 874/23/542 884/25/542 875/24/542 866/1/542
f 860/20/543 871/27/543 873/26/543 862/22/543
f 871/27/544 880/29/544 882/28/544 873/26/544
f 873/26/545 874/31/545 863/30/545 862/22/545
f 853/32/546 863/34/546 855/2/546 837/33/546
f 855/2/547 863/34/547 874/23/547 866/1/547
f 879/35/548 850/37/548 849/36/548 880/29/548
f 880/29/549 849/36/549 883/38/549 882/28/549
f 873/26/550 882/28/550 884/39/550 874/31/550
f 869/16/551 878/12/551 879/35/551 886/40/551 870/15/551
f 868/41/552 877/9/552 878/12/552 869/16/552
f 884/25/553 865/43/553 881/42/553 875/24/553
f 867/4/554 876/8/554 877/9/554 868/41/554
f 866/1/555 875/24/555 876/8/555 867/4/555
f 870/15/556 886/40/556 879/35/556 880/29/556 871/27/556
f 843/44/557 858/17/557 859/14/557 845/18/557
f 852/45/558 851/21/558 853/47/558 854/46/558
f 858/17/559 857/7/559 868/41/559 869/16/559
f 837/33/560 855/2/560 856/3/560 839/5/560
f 849/36/561 885/48/561 883/38/561
f 872/11/562 885/48/562 864/10/562
f 870/15/563 871/27/563 860/20/563 859/14/563
f 864/10/564 885/48/564 861/13/564
f 883/38/565 885/48/565 865/49/565
f 861/13/566 885/48/566 850/37/566
f 872/11/567 881/42/567 885/48/567
f 881/42/568 865/43/568 885/48/568
f 867/4/569 868/41/569 857/7/569 856/3/569
f 878/12/570 861/13/570 850/37/570 879/35/570
f 841/6/571 857/7/571 858/17/571 843/44/571
f 851/21/572 862/22/572 863/30/572 853/47/572
f 850/37/573 885/48/573 849/36/573
f 875/24/574 881/42/574 872/11/574 876/8/574
f 854/50/575 853/32/575 837/33/575 838/51/575
f 842/52/576 841/6/576 843/44/576 844/53/576
f 848/54/577 847/19/577 851/21/577 852/45/577
f 844/53/578 843/44/578 845/18/578 846/55/578
f 840/56/579 839/5/579 841/6/579 842/52/579
f 846/55/580 845/18/580 847/19/580 848/54/580
f 838/51/581 837/33/581 839/5/581 840/56/581
f 882/28/582 883/38/582 865/49/582 884/39/582
f 956/1/593 957/4/593 946/3/593 945/2/593
f 929/5/594 946/3/594 947/7/594 931/6/594
f 966/8/595 962/11/595 954/10/595 967/9/595
f 967/9/596 954/10/596 951/13/596 968/12/596
f 949/14/597 948/17/597 959/16/597 960/15/597
f 935/18/598 949/14/598 950/20/598 937/19/598
f 937/19/599 950/20/599 952/22/599 941/21/599
f 964/23/600 974/25/600 965/24/600 956/1/600
f 950/20/601 961/27/601 963/26/601 952/22/601
f 961/27/602 970/29/602 972/28/602 963/26/602
f 963/26/603 964/31/603 953/30/603 952/22/603
f 943/32/604 953/34/604 945/2/604 927/33/604
f 945/2/605 953/34/605 964/23/605 956/1/605
f 969/35/606 940/37/606 939/36/606 970/29/606
f 970/29/607 939/36/607 973/38/607 972/28/607
f 963/26/608 972/28/608 974/39/608 964/31/608
f 959/16/609 968/12/609 969/35/609 976/40/609 960/15/609
f 958/41/610 967/9/610 968/12/610 959/16/610
f 974/25/611 955/43/611 971/42/611 965/24/611
f 957/4/612 966/8/612 967/9/612 958/41/612
f 956/1/613 965/24/613 966/8/613 957/4/613
f 960/15/614 976/40/614 969/35/614 970/29/614 961/27/614
f 933/44/615 948/17/615 949/14/615 935/18/615
f 942/45/616 941/21/616 943/47/616 944/46/616
f 948/17/617 947/7/617 958/41/617 959/16/617
f 927/33/618 945/2/618 946/3/618 929/5/618
f 939/36/619 975/48/619 973/38/619
f 962/11/620 975/48/620 954/10/620
f 960/15/621 961/27/621 950/20/621 949/14/621
f 954/10/622 975/48/622 951/13/622
f 973/38/623 975/48/623 955/49/623
f 951/13/624 975/48/624 940/37/624
f 962/11/625 971/42/625 975/48/625
f 971/42/626 955/43/626 975/48/626
f 957/4/627 958/41/627 947/7/627 946/3/627
f 968/12/628 951/13/628 940/37/628 969/35/628
f 931/6/629 947/7/629 948/17/629 933/44/629
f 941/21/630 952/22/630 953/30/630 943/47/630
f 940/37/631 975/48/631 939/36/631
f 965/24/632 971/42/632 962/11/632 966/8/632
f 944/50/633 943/32/633 927/33/633 928/51/633
f 932/52/634 931/6/634 933/44/634 934/53/634
f 938/54/635 937/19/635 941/21/635 942/45/635
f 934/53/636 933/44/636 935/18/636 936/55/636
f 930/56/637 929/5/637 931/6/637 932/52/637
f 936/55/638 935/18/638 937/19/638 938/54/638
f 928/51/639 927/33/639 929/5/639 930/56/639
f 972/28/640 973/38/640 955/49/640 974/39/640
f 1046/1/651 1047/4/651 1036/3/651 1035/2/651
f 1019/5/652 1036/3/652 1037/7/652 1021/6/652
f 1056/8/653 1052/11/653 1044/10/653 1057/9/653
f 1057/9/654 1044/10/654 1041/13/654 1058/12/654
f 1039/14/655 1038/17/655 1049/16/655 1050/15/655
f 1025/18/656 1039/14/656 1040/20/656 1027/19/656
f 1027/19/657 1040/20/657 1042/22/657 1031/21/657
f 1054/23/658 1064/25/658 1055/24/658 1046/1/658
f 1040/20/659 1051/27/659 1053/26/659 1042/22/659
f 1051/27/660 1060/29/660 1062/28/660 1053/26/660
f 1053/26/661 1054/31/661 1043/30/661 1042/22/661
f 1033/32/662 1043/34/662 1035/2/662 1017/33/662
f 1035/2/663 1043/34/663 1054/23/663 1046/1/663
f 1059/35/664 1030/37/664 1029/36/664 1060/29/664
f 1060/29/665 1029/36/665 1063/38/665 1062/28/665
f 1053/26/666 1062/28/666 1064/39/666 1054/31/666
f 1049/16/667 1058/12/667 1059/35/667 1066/40/667 1050/15/667
f 1048/41/668 1057/9/668 1058/12/668 1049/16/668
f 1064/25/669 1045/43/669 1061/42/669 1055/24/669
f 1047/4/670 1056/8/670 1057/9/670 1048/41/670
f 1046/1/671 1055/24/671 1056/8/671 1047/4/671
f 1050/15/672 1066/40/672 1059/35/672 1060/29/672 1051/27/672
f 1023/44/673 1038/17/673 1039/14/673 1025/18/673
f 1032/45/674 1031/21/674 1033/47/674 1034/46/674
f 1038/17/675 1037/7/675 1048/41/675 1049/16/675
f 1017/33/676 1035/2/676 1036/3/676 1019/5/676
f 1029/36/677 1065/48/677 1063/38/677
f 1052/11/678 1065/48/678 1044/10/678
f 1050/15/679 1051/27/679 1040/20/679 1039/14/679
f 1044/10/680 1065/48/680 1041/13/680
f 1063/38/681 1065/48/681 1045/49/681
f 1041/13/682 1065/48/682 1030/37/682
f 1052/11/683 1061/42/683 1065/48/683
f 1061/42/684 1045/43/684 1065/48/684
f 1047/4/685 1048/41/685 1037/7/685 1036/3/685
f 1058/12/686 1041/13/686 1030/37/686 1059/35/686
f 1021/6/687 1037/7/687 1038/17/687 1023/44/687
f 1031/21/688 1042/22/688 1043/30/688 1033/47/688
f 1030/37/689 1065/48/689 1029/36/689
f 1055/24/690 1061/42/690 1052/11/690 1056/8/690
f 1034/50/691 1033/32/691 1017/33/691 1018/51/691
f 1022/52/692 1021/6/692 1023/44/692 1024/53/692
f 1028/54/693 1027/19/693 1031/21/693 1032/45/693
f 1024/53/694 1023/44/694 1025/18/694 1026/55/694
f 1020/56/695 1019/5/695 1021/6/695 1022/52/695
f 1026/55/696 1025/18/696 1027/19/696 1028/54/696
f 1018/51/697 1017/33/697 1019/5/697 1020/56/697
f 1062/28/698 1063/38/698 1045/49/698 1064/39/698
f 1136/1/709 1137/4/709 1126/3/709 1125/2/709
f 1109/5/710 1126/3/710 1127/7/710 1111/6/710
f 1146/8/711 1142/11/711 1134/10/711 1147/9/711
f 1147/9/712 1134/10/712 1131/13/712 1148/12/712
f 1129/14/713 1128/17/713 1139/16/713 1140/15/713
f 1115/18/714 1129/14/714 1130/20/714 1117/19/714
f 1117/19/715 1130/20/715 1132/22/715 1121/21/715
f 1144/23/716 1154/25/716 1145/24/716 1136/1/716
f 1130/20/717 1141/27/717 1143/26/717 1132/22/717
f 1141/27/718 1150/29/718 1152/28/718 1143/26/718
f 1143/26/719 1144/31/719 1133/30/719 1132/22/719
f 1123/32/720 1133/34/720 1125/2/720 1107/33/720
f 1125/2/721 1133/34/721 1144/23/721 1136/1/721
f 1149/35/722 1120/37/722 1119/36/722 1150/29/722
f 1150/29/723 1119/36/723 1153/38/723 1152/28/723
f 1143/26/724 1152/28/724 1154/39/724 1144/31/724
f 1139/16/725 1148/12/725 1149/35/725 1156/40/725 1140/15/725
f 1138/41/726 1147/9/726 1148/12/726 1139/16/726
f 1154/25/727 1135/43/727 1151/42/727 1145/24/727
f 1137/4/728 1146/8/728 1147/9/728 1138/41/728
f 1136/1/729 1145/24/729 1146/8/729 1137/4/729
f 1140/15/730 1156/40/730 1149/35/730 1150/29/730 1141/27/730
f 1113/44/731 1128/17/731 1129/14/731 1115/18/731
f 1122/45/732 1121/21/732 1123/47/732 1124/46/732
f 1128/17/733 1127/7/733 1138/41/733 1139/16/733
f 1107/33/734 1125/2/734 1126/3/734 1109/5/734
f 1119/36/735 1155/48/735 1153/38/735
f 1142/11/736 1155/48/736 1134/10/736
f 1140/15/737 1141/27/737 1130/20/737 1129/14/737
f 1134/10/738 1155/48/738 1131/13/738
f 1153/38/739 1155/48/739 1135/49/739
f 1131/13/740 1155/48/740 1120/37/740
f 1142/11/741 1151/42/741 1155/48/741
f 1151/42/742 1135/43/742 1155/48/742
f 1137/4/743 1138/41/743 1127/7/743 1126/3/743
f 1148/12/744 1131/13/744 1120/37/744 1149/35/744
f 1111/6/745 1127/7/745 1128/17/745 1113/44/745
f 1121/21/746 1132/22/746 1133/30/746 1123/47/746
f 1120/37/747 1155/48/747 1119/36/747
f 1145/24/748 1151/42/748 1142/11/748 1146/8/748
f 1124/50/749 1123/32/749 1107/33/749 1108/51/749
f 1112/52/750 1111/6/750 1113/44/750 1114/53/750
f 1118/54/751 1117/19/751 1121/21/751 1122/45/751
f 1114/53/752 1113/44/752 1115/18/752 1116/55/752
f 1110/56/753 1109/5/753 1111/6/753 1112/52/753
f 1116/55/754 1115/18/754 1117/19/754 1118/54/754
f 1108/51/755 1107/33/755 1109/5/755 1110/56/755
f 1152/28/756 1153/38/756 1135/49/756 1154/39/756
f 1226/1/767 1227/4/767 1216/3/767 1215/2/767
f 1199/5/768 1216/3/768 1217/7/768 1201/6/768
f 1236/8/769 1232/11/769 1224/10/769 1237/9/769
f 1237/9/770 1224/10/770 1221/13/770 1238/12/770
f 1219/14/771 1218/17/771 1229/16/771 1230/15/771
f 1205/18/772 1219/14/772 1220/20/772 1207/19/772
f 1207/19/773 1220/20/773 1222/22/773 1211/21/773
f 1234/23/774 1244/25/774 1235/24/774 1226/1/774
f 1220/20/775 1231/27/775 1233/26/775 1222/22/775
f 1231/27/776 1240/29/776 1242/28/776 1233/26/776
f 1233/26/777 1234/31/777 1223/30/777 1222/22/777
f 1213/32/778 1223/34/778 1215/2/778 1197/33/778
f 1215/2/779 1223/34/779 1234/23/779 1226/1/779
f 1239/35/780 1210/37/780 1209/36/780 1240/29/780
f 1240/29/781 1209/36/781 1243/38/781 1242/28/781
f 1233/26/782 1242/28/782 1244/39/782 1234/31/782
f 1229/16/783 1238/12/783 1239/35/783 1246/40/783 1230/15/783
f 1228/41/784 1237/9/784 1238/12/784 1229/16/784
f 1244/25/785 1225/43/785 1241/42/785 1235/24/785
f 1227/4/786 1236/8/786 1237/9/786 1228/41/786
f 1226/1/787 1235/24/787 1236/8/787 1227/4/787
f 1230/15/788 1246/40/788 1239/35/788 1240/29/788 1231/27/788
f 1203/44/789 1218/17/789 1219/14/789 1205/18/789
f 1212/45/790 1211/21/790 1213/47/790 1214/46/790
f 1218/17/791 1217/7/791 1228/41/791 1229/16/791
f 1197/33/792 1215/2/792 1216/3/792 1199/5/792
f 1209/36/793 1245/48/793 1243/38/793
f 1232/11/794 1245/48/794 1224/10/794
f 1230/15/795 1231/27/795 1220/20/795 1219/14/795
f 1224/10/796 1245/48/796 1221/13/796
f 1243/38/797 1245/48/797 1225/49/797
f 1221/13/798 1245/48/798 1210/37/798
f 1232/11/799 1241/42/799 1245/48/799
f 1241/42/800 1225/43/800 1245/48/800
f 1227/4/801 1228/41/801 1217/7/801 1216/3/801
f 1238/12/802 1221/13/802 1210/37/802 1239/35/802
f 1201/6/803 1217/7/803 1218/17/803 1203/44/803
f 1211/21/804 1222/22/804 1223/30/804 1213/47/804
f 1210/37/805 1245/48/805 1209/36/805
f 1235/24/806 1241/42/806 1232/11/806 1236/8/806
f 1214/50/807 1213/32/807 1197/33/807 1198/51/807
f 1202/52/808 1201/6/808 1203/44/808 1204/53/808
f 1208/54/809 1207/19/809 1211/21/809 1212/45/809
f 1204/53/810 1203/44/810 1205/18/810 1206/55/810
f 1200/56/811 1199/5/811 1201/6/811 1202/52/811
f 1206/55/812 1205/18/812 1207/19/812 1208/54/812
f 1198/51/813 1197/33/813 1199/5/813 1200/56/813
f 1242/28/814 1243/38/814 1225/49/814 1244/39/814
f 1316/1/825 1317/4/825 1306/3/825 1305/2/825
f 1289/5/826 1306/3/826 1307/7/826 1291/6/826
f 1326/8/827 1322/11/827 1314/10/827 1327/9/827
f 1327/9/828 1314/10/828 1311/13/828 1328/12/828
f 1309/14/829 1308/17/829 1319/16/829 1320/15/829
f 1295/18/830 1309/14/830 1310/20/830 1297/19/830
f 1297/19/831 1310/20/831 1312/22/831 1301/21/831
f 1324/23/832 1334/25/832 1325/24/832 1316/1/832
f 1310/20/833 1321/27/833 1323/26/833 1312/22/833
f 1321/27/834 1330/29/834 1332/28/834 1323/26/834
f 1323/26/835 1324/31/835 1313/30/835 1312/22/835
f 1303/32/836 1313/34/836 1305/2/836 1287/33/836
f 1305/2/837 1313/34/837 1324/23/837 1316/1/837
f 1329/35/838 1300/37/838 1299/36/838 1330/29/838
f 1330/29/839 1299/36/839 1333/38/839 1332/28/839
f 1323/26/840 1332/28/840 1334/39/840 1324/31/840
f 1319/16/841 1328/12/841 1329/35/841 1336/40/841 1320/15/841
f 1318/41/842 1327/9/842 1328/12/842 1319/16/842
f 1334/25/843 1315/43/843 1331/42/843 1325/24/843
f 1317/4/844 1326/8/844 1327/9/844 1318/41/844
f 1316/1/845 1325/24/845 1326/8/845 1317/4/845
f 1320/15/846 1336/40/846 1329/35/846 1330/29/846 1321/27/846
f 1293/44/847 1308/17/847 1309/14/847 1295/18/847
f 1302/45/848 1301/21/848 1303/47/848 1304/46/848
f 1308/17/849 1307/7/849 1318/41/849 1319/16/849
f 1287/33/850 1305/2/850 1306/3/850 1289/5/850
f 1299/36/851 1335/48/851 1333/38/851
f 1322/11/852 1335/48/852 1314/10/852
f 1320/15/853 1321/27/853 1310/20/853 1309/14/853
f 1314/10/854 1335/48/854 1311/13/854
f 1333/38/855 1335/48/855 1315/49/855
f 1311/13/856 1335/48/856 1300/37/856
f 1322/11/857 1331/42/857 1335/48/857
f 1331/42/858 1315/43/858 1335/48/858
f 1317/4/859 1318/41/859 1307/7/859 1306/3/859
f 1328/12/860 1311/13/860 1300/37/860 1329/35/860
f 1291/6/861 1307/7/861 1308/17/861 1293/44/861
f 1301/21/862 1312/22/862 1313/30/862 1303/47/862
f 1300/37/863 1335/48/863 1299/36/863
f 1325/24/864 1331/42/864 1322/11/864 1326/8/864
f 1304/50/865 1303/32/865 1287/33/865 1288/51/865
f 1292/52/866 1291/6/866 1293/44/866 1294/53/866
f 1298/54/867 1297/19/867 1301/21/867 1302/45/867
f 1294/53/868 1293/44/868 1295/18/868 1296/55/868
f 1290/56/869 1289/5/869 1291/6/869 1292/52/869
f 1296/55/870 1295/18/870 1297/19/870 1298/54/870
f 1288/51/871 1287/33/871 1289/5/871 1290/56/871
f 1332/28/872 1333/38/872 1315/49/872 1334/39/872
usemtl Material.004
f 51/57/49 53/60/49 54/59/49 52/58/49
f 55/57/50 57/60/50 58/59/50 56/58/50
f 59/57/51 61/60/51 62/59/51 60/58/51
f 63/57/52 65/60/52 66/59/52 64/58/52
f 67/57/53 69/60/53 70/59/53 68/58/53
f 71/57/54 73/60/54 74/59/54 72/58/54
f 75/57/55 77/60/55 78/59/55 76/58/55
f 79/57/56 81/60/56 82/59/56 80/58/56
f 83/57/57 85/60/57 86/59/57 84/58/57
f 87/57/58 89/60/58 90/59/58 88/58/58
f 257/57/177 259/60/177 260/59/177 258/58/177
f 261/57/178 263/60/178 264/59/178 262/58/178
f 265/57/179 267/60/179 268/59/179 266/58/179
f 269/57/180 271/60/180 272/59/180 270/58/180
f 273/57/181 275/60/181 276/59/181 274/58/181
f 277/57/182 279/60/182 280/59/182 278/58/182
f 281/57/183 283/60/183 284/59/183 282/58/183
f 285/57/184 287/60/184 288/59/184 286/58/184
f 289/57/185 291/60/185 292/59/185 290/58/185
f 293/57/186 295/60/186 296/59/186 294/58/186
f 347/57/235 349/60/235 350/59/235 348/58/235
f 351/57/236 353/60/236 354/59/236 352/58/236
f 355/57/237 357/60/237 358/59/237 356/58/237
f 359/57/238 361/60/238 362/59/238 360/58/238
f 363/57/239 365/60/239 366/59/239 364/58/239
f 367/57/240 369/60/240 370/59/240 368/58/240
f 371/57/241 373/60/241 374/59/241 372/58/241
f 375/57/242 377/60/242 378/59/242 376/58/242
f 379/57/243 381/60/243 382/59/243 380/58/243
f 383/57/244 385/60/244 386/59/244 384/58/244
f 437/57/293 439/60/293 440/59/293 438/58/293
f 441/57/294 443/60/294 444/59/294 442/58/294
f 445/57/295 447/60/295 448/59/295 446/58/295
f 449/57/296 451/60/296 452/59/296 450/58/296
f 453/57/297 455/60/297 456/59/297 454/58/297
f 457/57/298 459/60/298 460/59/298 458/58/298
f 461/57/299 463/60/299 464/59/299 462/58/299
f 465/57/300 467/60/300 468/59/300 466/58/300
f 469/57/301 471/60/301 472/59/301 470/58/301
f 473/57/302 475/60/302 476/59/302 474/58/302
f 527/57/351 529/60/351 530/59/351 528/58/351
f 531/57/352 533/60/352 534/59/352 532/58/352
f 535/57/353 537/60/353 538/59/353 536/58/353
f 539/57/354 541/60/354 542/59/354 540/58/354
f 543/57/355 545/60/355 546/59/355 544/58/355
f 547/57/356 549/60/356 550/59/356 548/58/356
f 551/57/357 553/60/357 554/59/357 552/58/357
f 555/57/358 557/60/358 558/59/358 556/58/358
f 559/57/359 561/60/359 562/59/359 560/58/359
f 563/57/360 565/60/360 566/59/360 564/58/360
f 617/57/409 619/60/409 620/59/409 618/58/409
f 621/57/410 623/60/410 624/59/410 622/58/410
f 625/57/411 627/60/411 628/59/411 626/58/411
f 629/57/412 631/60/412 632/59/412 630/58/412
f 633/57/413 635/60/413 636/59/413 634/58/413
f 637/57/414 639/60/414 640/59/414 638/58/414
f 641/57/415 643/60/415 644/59/415 642/58/415
f 645/57/416 647/60/416 648/59/416 646/58/416
f 649/57/417 651/60/417 652/59/417 650/58/417
f 653/57/418 655/60/418 656/59/418 654/58/418
f 707/57/467 709/60/467 710/59/467 708/58/467
f 711/57/468 713/60/468 714/59/468 712/58/468
f 715/57/469 717/60/469 718/59/469 716/58/469
f 719/57/470 721/60/470 722/59/470 720/58/470
f 723/57/471 725/60/471 726/59/471 724/58/471
f 727/57/472 729/60/472 730/59/472 728/58/472
f 731/57/473 733/60/473 734/59/473 732/58/473
f 735/57/474 737/60/474 738/59/474 736/58/474
f 739/57/475 741/60/475 742/59/475 740/58/475
f 743/57/476 745/60/476 746/59/476 744/58/476
f 797/57/525 799/60/525 800/59/525 798/58/525
f 801/57/526 803/60/526 804/59/526 802/58/526
f 805/57/527 807/60/527 808/59/527 806/58/527
f 809/57/528 811/60/528 812/59/528 810/58/528
f 813/57/529 815/60/529 816/59/529 814/58/529
f 817/57/530 819/60/530 820/59/530 818/58/530
f 821/57/531 823/60/531 824/59/531 822/58/531
f 825/57/532 827/60/532 828/59/532 826/58/532
f 829/57/533 831/60/533 832/59/533 830/58/533
f 833/57/534 835/60/534 836/59/534 834/58/534
f 887/57/583 889/60/583 890/59/583 888/58/583
f 891/57/584 893/60/584 894/59/584 892/58/584
f 895/57/585 897/60/585 898/59/585 896/58/585
f 899/57/586 901/60/586 902/59/586 900/58/586
f 903/57/587 905/60/587 906/59/587 904/58/587
f 907/57/588 909/60/588 910/59/588 908/58/588
f 911/57/589 913/60/589 914/59/589 912/58/589
f 915/57/590 917/60/590 918/59/590 916/58/590
f 919/57/591 921/60/591 922/59/591 920/58/591
f 923/57/592 925/60/592 926/59/592 924/58/592
f 977/57/641 979/60/641 980/59/641 978/58/641
f 981/57/642 983/60/642 984/59/642 982/58/642
f 985/57/643 987/60/643 988/59/643 986/58/643
f 989/57/644 991/60/644 992/59/644 990/58/644
f 993/57/645 995/60/645 996/59/645 994/58/645
f 997/57/646 999/60/646 1000/59/646 998/58/646
f 1001/57/647 1003/60/647 1004/59/647 1002/58/647
f 1005/57/648 1007/60/648 1008/59/648 1006/58/648
f 1009/57/649 1011/60/649 1012/59/649 1010/58/649
f 1013/57/650 1015/60/650 1016/59/650 1014/58/650
f 1067/57/699 1069/60/699 1070/59/699 1068/58/699
f 1071/57/700 1073/60/700 1074/59/700 1072/58/700
f 1075/57/701 1077/60/701 1078/59/701 1076/58/701
f 1079/57/702 1081/60/702 1082/59/702 1080/58/702
f 1083/57/703 1085/60/703 1086/59/703 1084/58/703
f 1087/57/704 1089/60/704 1090/59/704 1088/58/704
f 1091/57/705 1093/60/705 1094/59/705 1092/58/705
f 1095/57/706 1097/60/706 1098/59/706 1096/58/706
f 1099/57/707 1101/60/707 1102/59/707 1100/58/707
f 1103/57/708 1105/60/708 1106/59/708 1104/58/708
f 1157/57/757 1159/60/757 1160/59/757 1158/58/757
f 1161/57/758 1163/60/758 1164/59/758 1162/58/758
f 1165/57/759 1167/60/759 1168/59/759 1166/58/759
f 1169/57/760 1171/60/760 1172/59/760 1170/58/760
f 1173/57/761 1175/60/761 1176/59/761 1174/58/761
f 1177/57/762 1179/60/762 1180/59/762 1178/58/762
f 1181/57/763 1183/60/763 1184/59/763 1182/58/763
f 1185/57/764 1187/60/764 1188/59/764 1186/58/764
f 1189/57/765 1191/60/765 1192/59/765 1190/58/765
f 1193/57/766 1195/60/766 1196/59/766 1194/58/766
f 1247/57/815 1249/60/815 1250/59/815 1248/58/815
f 1251/57/816 1253/60/816 1254/59/816 1252/58/816
f 1255/57/817 1257/60/817 1258/59/817 1256/58/817
f 1259/57/818 1261/60/818 1262/59/818 1260/58/818
f 1263/57/819 1265/60/819 1266/59/819 1264/58/819
f 1267/57/820 1269/60/820 1270/59/820 1268/58/820
f 1271/57/821 1273/60/821 1274/59/821 1272/58/821
f 1275/57/822 1277/60/822 1278/59/822 1276/58/822
f 1279/57/823 1281/60/823 1282/59/823 1280/58/823
f 1283/57/824 1285/60/824 1286/59/824 1284/58/824
f 1337/57/873 1339/60/873 1340/59/873 1338/58/873
f 1341/57/874 1343/60/874 1344/59/874 1342/58/874
f 1345/57/875 1347/60/875 1348/59/875 1346/58/875
f 1349/57/876 1351/60/876 1352/59/876 1350/58/876
f 1353/57/877 1355/60/877 1356/59/877 1354/58/877
f 1357/57/878 1359/60/878 1360/59/878 1358/58/878
f 1361/57/879 1363/60/879 1364/59/879 1362/58/879
f 1365/57/880 1367/60/880 1368/59/880 1366/58/880
f 1369/57/881 1371/60/881 1372/59/881 1370/58/881
f 1373/57/882 1375/60/882 1376/59/882 1374/58/882
s 1
usemtl Material.002
f 91/61/59 93/64/59 94/63/59 92/62/59
f 151/61/60 153/64/60 154/63/60 152/62/60
f 155/61/60 157/64/60 158/63/60 156/62/60
f 159/61/61 161/64/61 162/63/61 160/62/61
f 163/61/62 165/64/62 166/63/62 164/62/62
f 167/61/63 169/64/63 170/63/63 168/62/63
f 171/61/64 173/64/64 174/63/64 172/62/64
usemtl Material.001
f 95/65/65 101/68/68 99/67/67 98/66/66
f 96/69/69 98/66/66 99/67/67 100/70/70
f 97/71/71 100/70/70 99/67/67 101/68/68
f 102/72/72 108/75/75 106/74/74 105/73/73
f 103/76/76 105/73/73 106/74/74 107/77/77
f 104/78/78 107/77/77 106/74/74 108/75/75
f 109/79/79 115/82/82 113/81/81 112/80/80
f 110/83/83 112/80/80 113/81/81 114/84/84
f 111/85/85 114/84/84 113/81/81 115/82/82
f 116/86/86 122/89/89 120/88/88 119/87/87
f 117/90/90 119/87/87 120/88/88 121/91/91
f 118/92/92 121/91/91 120/88/88 122/89/89
f 97/71/71 101/68/68 129/94/94 125/93/93
f 131/95/95 103/76/76 107/77/77 135/96/96
f 96/69/69 100/70/70 108/75/75 102/72/72
f 100/70/70 97/71/71 104/78/78 108/75/75
f 135/96/96 107/77/77 104/78/78 132/97/97
f 137/98/98 109/79/79 112/80/80 140/99/99
f 140/99/99 112/80/80 110/83/83 138/100/100
f 122/89/89 116/86/86 144/102/102 150/101/101
f 118/92/92 122/89/89 150/101/101 146/103/103
f 125/93/93 132/97/97 104/78/78 97/71/71
f 117/90/90 121/91/91 114/84/84 111/85/85
f 121/91/91 118/92/92 110/83/83 114/84/84
f 95/104/65 98/107/66 115/106/82 109/105/79
f 98/107/66 96/109/69 111/108/85 115/106/82
f 116/110/86 119/113/87 105/112/73 103/111/76
f 119/113/87 117/115/90 102/114/72 105/112/73
f 116/110/86 103/111/76 131/117/95 144/116/102
f 95/104/65 109/105/79 137/119/98 123/118/104
f 111/108/85 96/109/69 102/114/72 117/115/90
f 110/83/83 118/92/92 146/103/103 138/100/100
f 123/120/104 126/122/106 127/121/105 129/94/94
f 124/123/107 128/124/108 127/121/105 126/122/106
f 125/93/93 129/94/94 127/121/105 128/124/108
f 130/125/109 133/128/112 134/127/111 136/126/110
f 131/95/95 135/96/96 134/127/111 133/128/112
f 132/97/97 136/126/110 134/127/111 135/96/96
f 137/98/98 140/99/99 141/130/114 143/129/113
f 138/100/100 142/131/115 141/130/114 140/99/99
f 139/132/116 143/129/113 141/130/114 142/131/115
f 144/102/102 147/134/118 148/133/117 150/101/101
f 145/135/119 149/136/120 148/133/117 147/134/118
f 146/103/103 150/101/101 148/133/117 149/136/120
f 124/123/107 130/125/109 136/126/110 128/124/108
f 128/124/108 136/126/110 132/97/97 125/93/93
f 145/135/119 139/132/116 142/131/115 149/136/120
f 149/136/120 142/131/115 138/100/100 146/103/103
f 123/118/104 137/119/98 143/138/113 126/137/106
f 126/137/106 143/138/113 139/140/116 124/139/107
f 144/141/102 131/144/95 133/143/112 147/142/118
f 147/142/118 133/143/112 130/146/109 145/145/119
f 139/140/116 145/145/119 130/146/109 124/139/107
f 101/68/68 95/65/65 123/120/104 129/94/94
usemtl Material.003
f 175/147/121 177/150/121 178/149/121 176/148/121
f 179/147/122 181/150/122 182/149/122 180/148/122
f 183/147/123 185/150/123 186/149/123 184/148/123
f 187/147/124 189/150/124 190/149/124 188/148/124
f 191/147/125 193/150/125 194/149/125 192/148/125
f 195/147/126 197/150/126 198/149/126 196/148/126
f 199/147/127 201/150/127 202/149/127 200/148/127
f 203/147/128 205/150/128 206/149/128 204/148/128
