# Blender 5.1.0
# www.blender.org
mtllib DONUT STAND FINAL.mtl
o donut_stand
v -1.522452 0.595911 7.977799
v -1.431781 0.595911 7.977799
v -1.522452 0.321996 8.040318
v -1.431781 0.321996 8.040318
v -1.522452 0.102333 8.215493
v -1.431781 0.102333 8.215493
v -1.522452 -0.019571 8.468629
v -1.431781 -0.019571 8.468629
v -1.522452 -0.019571 8.749588
v -1.431781 -0.019571 8.749588
v -1.522452 0.102333 9.002724
v -1.431781 0.102333 9.002724
v -1.522452 0.321996 9.177898
v -1.431781 0.321996 9.177898
v -1.522452 0.595911 9.240417
v -1.431781 0.595911 9.240417
v -1.522452 0.869826 9.177898
v -1.431781 0.869826 9.177898
v -1.522452 1.089488 9.002724
v -1.431781 1.089488 9.002724
v -1.522452 1.211392 8.749588
v -1.431781 1.211392 8.749588
v -1.522452 1.211392 8.468629
v -1.431781 1.211392 8.468629
v -1.522452 1.089488 8.215493
v -1.431781 1.089488 8.215493
v -1.522452 0.869826 8.040318
v -1.431781 0.869826 8.040318
v -1.518826 0.595911 8.028285
v -1.518826 0.343901 8.085804
v -1.435406 0.343901 8.085804
v -1.435406 0.595911 8.028285
v -1.518826 0.141804 8.246970
v -1.435406 0.141804 8.246970
v -1.518826 0.029649 8.479863
v -1.435406 0.029649 8.479863
v -1.518826 0.029649 8.738354
v -1.435406 0.029649 8.738354
v -1.518826 0.141804 8.971246
v -1.435406 0.141804 8.971246
v -1.518826 0.343901 9.132412
v -1.435406 0.343901 9.132412
v -1.518826 0.595911 9.189932
v -1.435406 0.595911 9.189932
v -1.518826 0.847921 9.132412
v -1.435406 0.847921 9.132412
v -1.518826 1.050017 8.971246
v -1.435406 1.050017 8.971246
v -1.518826 1.162172 8.738354
v -1.435406 1.162172 8.738354
v -1.518826 1.162172 8.479863
v -1.435406 1.162172 8.479863
v -1.518826 1.050017 8.246970
v -1.435406 1.050017 8.246970
v -1.518826 0.847921 8.085804
v -1.435406 0.847921 8.085804
v -1.476457 0.595911 8.028285
v -1.476457 0.343901 8.085804
v -1.476457 0.141804 8.246970
v -1.476457 0.029649 8.479863
v -1.476457 0.029649 8.738354
v -1.476457 0.141804 8.971246
v -1.476457 0.343901 9.132412
v -1.476457 0.595911 9.189932
v -1.476457 0.847921 9.132412
v -1.476457 1.050017 8.971246
v -1.476457 1.162172 8.738354
v -1.476457 1.162172 8.479863
v -1.476457 1.050017 8.246970
v -1.476457 0.847921 8.085804
v -1.476457 0.595911 8.568784
v -1.476457 0.578415 8.572777
v -1.476457 0.564384 8.583966
v -1.476457 0.556597 8.600135
v -1.476457 0.556597 8.618081
v -1.476457 0.564384 8.634251
v -1.476457 0.578415 8.645439
v -1.476457 0.595911 8.649433
v -1.476457 0.613407 8.645439
v -1.476457 0.627438 8.634251
v -1.476457 0.635224 8.618081
v -1.476457 0.635224 8.600135
v -1.476457 0.627438 8.583966
v -1.476457 0.613407 8.572777
v -1.494578 0.595911 8.575774
v -1.494578 0.581447 8.579075
v -1.494578 0.569849 8.588325
v -1.494578 0.563412 8.601690
v -1.494578 0.563412 8.616526
v -1.494578 0.569849 8.629892
v -1.494578 0.581447 8.639142
v -1.494578 0.595911 8.642443
v -1.494578 0.610374 8.639142
v -1.494578 0.621973 8.629892
v -1.494578 0.628409 8.616526
v -1.494578 0.628409 8.601690
v -1.494578 0.621973 8.588325
v -1.494578 0.610374 8.579075
v -1.494578 0.595911 8.609108
v -0.212243 0.595911 7.977799
v -0.302914 0.595911 7.977799
v -0.212243 0.321996 8.040318
v -0.302914 0.321996 8.040318
v -0.212243 0.102333 8.215493
v -0.302914 0.102333 8.215493
v -0.212243 -0.019571 8.468629
v -0.302914 -0.019571 8.468629
v -0.212243 -0.019571 8.749588
v -0.302914 -0.019571 8.749588
v -0.212243 0.102333 9.002724
v -0.302914 0.102333 9.002724
v -0.212243 0.321996 9.177898
v -0.302914 0.321996 9.177898
v -0.212243 0.595911 9.240417
v -0.302914 0.595911 9.240417
v -0.212243 0.869826 9.177898
v -0.302914 0.869826 9.177898
v -0.212243 1.089488 9.002724
v -0.302914 1.089488 9.002724
v -0.212243 1.211392 8.749588
v -0.302914 1.211392 8.749588
v -0.212243 1.211392 8.468629
v -0.302914 1.211392 8.468629
v -0.212243 1.089488 8.215493
v -0.302914 1.089488 8.215493
v -0.212243 0.869826 8.040318
v -0.302914 0.869826 8.040318
v -0.215868 0.595911 8.028285
v -0.215868 0.343901 8.085804
v -0.299288 0.343901 8.085804
v -0.299288 0.595911 8.028285
v -0.215868 0.141804 8.246970
v -0.299288 0.141804 8.246970
v -0.215868 0.029649 8.479863
v -0.299288 0.029649 8.479863
v -0.215868 0.029649 8.738354
v -0.299288 0.029649 8.738354
v -0.215868 0.141804 8.971246
v -0.299288 0.141804 8.971246
v -0.215868 0.343901 9.132412
v -0.299288 0.343901 9.132412
v -0.215868 0.595911 9.189932
v -0.299288 0.595911 9.189932
v -0.215868 0.847921 9.132412
v -0.299288 0.847921 9.132412
v -0.215868 1.050017 8.971246
v -0.299288 1.050017 8.971246
v -0.215868 1.162172 8.738354
v -0.299288 1.162172 8.738354
v -0.215868 1.162172 8.479863
v -0.299288 1.162172 8.479863
v -0.215868 1.050017 8.246970
v -0.299288 1.050017 8.246970
v -0.215868 0.847921 8.085804
v -0.299288 0.847921 8.085804
v -0.258237 0.595911 8.028285
v -0.258237 0.343901 8.085804
v -0.258237 0.141804 8.246970
v -0.258237 0.029649 8.479863
v -0.258237 0.029649 8.738354
v -0.258237 0.141804 8.971246
v -0.258237 0.343901 9.132412
v -0.258237 0.595911 9.189932
v -0.258237 0.847921 9.132412
v -0.258237 1.050017 8.971246
v -0.258237 1.162172 8.738354
v -0.258237 1.162172 8.479863
v -0.258237 1.050017 8.246970
v -0.258237 0.847921 8.085804
v -0.258237 0.595911 8.568784
v -0.258237 0.578415 8.572777
v -0.258237 0.564384 8.583966
v -0.258237 0.556597 8.600135
v -0.258237 0.556597 8.618081
v -0.258237 0.564384 8.634251
v -0.258237 0.578415 8.645439
v -0.258237 0.595911 8.649433
v -0.258237 0.613407 8.645439
v -0.258237 0.627438 8.634251
v -0.258237 0.635224 8.618081
v -0.258237 0.635224 8.600135
v -0.258237 0.627438 8.583966
v -0.258237 0.613407 8.572777
v -0.240117 0.595911 8.575774
v -0.240117 0.581447 8.579075
v -0.240117 0.569849 8.588325
v -0.240117 0.563412 8.601690
v -0.240117 0.563412 8.616526
v -0.240117 0.569849 8.629892
v -0.240117 0.581447 8.639142
v -0.240117 0.595911 8.642443
v -0.240117 0.610374 8.639142
v -0.240117 0.621973 8.629892
v -0.240117 0.628409 8.616526
v -0.240117 0.628409 8.601690
v -0.240117 0.621973 8.588325
v -0.240117 0.610374 8.579075
v -0.240117 0.595911 8.609108
v -0.363776 2.091779 5.962386
v -0.364758 0.663747 5.962386
v -0.363776 2.091779 9.018860
v -0.363776 0.663748 9.018860
v -1.375857 2.091779 5.962386
v -1.374689 0.663747 5.962386
v -1.375857 2.091779 9.018860
v -1.375857 0.663748 9.018860
v -0.302336 2.085991 9.092070
v -1.692480 2.085991 9.092070
v -0.302336 2.085990 5.889176
v -1.692480 2.085990 5.889176
v -0.302336 2.146437 9.092070
v -1.692480 2.146437 9.092070
v -0.302336 2.146436 5.889176
v -1.692480 2.146436 5.889176
v -0.363218 0.663747 6.249682
v -1.376826 0.663747 6.251089
v -1.692480 2.085990 6.245419
v -1.376606 2.091374 6.241891
v -1.692480 2.146436 6.245323
v -0.426309 0.663747 6.065790
v -0.302336 2.146436 6.250731
v -0.363776 2.091779 6.253499
v -0.302336 2.085990 6.251026
v -1.313323 0.663747 6.065790
v -0.426309 0.663747 6.146740
v -1.313323 0.663747 6.147228
v -0.439029 -0.017459 6.146740
v -1.233466 -0.017459 6.147168
v -0.439029 -0.017459 6.065790
v -1.217004 0.663747 6.065790
v -1.297101 -0.017459 6.065790
v -0.514606 0.663746 6.065790
v -0.501888 -0.017459 6.065790
v -0.501897 -0.017459 6.146808
v -0.514619 0.663749 6.146808
v -1.233275 -0.017459 6.065790
v -1.297101 -0.017459 6.147228
v -1.217292 0.663747 6.147168
v -0.497867 1.956550 5.407067
v -0.497867 1.926674 5.432685
v -0.497867 1.933922 5.471367
v -0.497867 1.971045 5.484431
v -0.497867 2.000921 5.458814
v -0.497867 1.993673 5.420131
v -0.497867 1.952731 5.386690
v -0.497867 1.907117 5.425803
v -0.497867 1.918183 5.484863
v -0.497867 1.974863 5.504809
v -0.497867 2.030496 5.470795
v -0.497867 2.009413 5.406636
v -0.436070 1.952731 5.386690
v -0.436070 1.907117 5.425803
v -0.436070 1.918183 5.484863
v -0.436070 1.974863 5.504809
v -0.436070 2.030496 5.470795
v -0.436070 2.009413 5.406636
v -0.436070 1.963797 5.445749
v -0.497867 1.987345 5.650295
v -0.497867 1.930555 5.656706
v -0.497867 2.042866 5.642638
v -0.436070 1.987345 5.650295
v -0.436070 1.930555 5.656706
v -0.436070 2.042866 5.642638
v -0.497867 1.932317 5.964573
v -0.497867 1.875638 5.963964
v -0.497867 1.987949 5.963820
v -0.436070 1.932317 5.964573
v -0.436070 1.875638 5.963964
v -0.436070 1.987949 5.963820
v -1.216085 1.956684 5.406734
v -1.216085 1.926808 5.432352
v -1.216085 1.934056 5.471034
v -1.216085 1.971179 5.484098
v -1.216085 2.001055 5.458480
v -1.216085 1.993808 5.419798
v -1.216085 1.952866 5.386356
v -1.216085 1.907252 5.425469
v -1.216085 1.918317 5.484529
v -1.216085 1.974998 5.504476
v -1.216085 2.030631 5.470461
v -1.216085 2.009547 5.406303
v -1.277882 1.952866 5.386356
v -1.277882 1.907252 5.425469
v -1.277882 1.918317 5.484529
v -1.277882 1.974998 5.504476
v -1.277882 2.030631 5.470461
v -1.277882 2.009547 5.406303
v -1.277882 1.963932 5.445415
v -1.216085 1.987481 5.649962
v -1.216085 1.930689 5.656373
v -1.216085 2.043000 5.642304
v -1.277882 1.987481 5.649962
v -1.277882 1.930689 5.656373
v -1.277882 2.043000 5.642304
v -1.216085 1.932451 5.964240
v -1.216085 1.875772 5.963632
v -1.216085 1.988083 5.963487
v -1.277882 1.932451 5.964240
v -1.277882 1.875772 5.963632
v -1.277882 1.988083 5.963487
v -1.306708 2.854820 6.299670
v -1.355340 2.174564 6.245986
v -0.680159 2.854820 6.299670
v -0.674964 2.174564 6.245986
v -1.386480 2.145721 6.200054
v -0.628632 2.145721 6.200054
v -1.337340 2.145721 6.272534
v -0.663287 2.145721 6.272534
v -1.306708 2.854821 8.715328
v -1.355340 2.174565 8.769012
v -0.680159 2.854821 8.715328
v -0.674964 2.174565 8.769012
v -1.386480 2.145722 8.814944
v -0.628632 2.145722 8.814944
v -1.337340 2.145722 8.742464
v -0.663287 2.145722 8.742464
v -1.377211 2.870379 8.804013
v -1.377211 2.905213 8.804013
v -1.377211 2.870378 6.210859
v -1.377211 2.905212 6.210859
v -0.601563 2.870379 8.804013
v -0.601563 2.905213 8.804013
v -0.601563 2.870378 6.210859
v -0.601563 2.905212 6.210859
v -1.307877 2.171986 8.150808
v -1.307877 2.150194 8.150808
v -0.491757 2.171986 8.150808
v -0.491757 2.150194 8.150808
v -1.307877 2.171986 8.727966
v -1.307877 2.150194 8.727966
v -0.491757 2.171986 8.727967
v -0.491757 2.150194 8.727967
v -0.542374 2.159777 8.186604
v -1.257260 2.159777 8.186604
v -0.542374 2.159777 8.692170
v -1.257260 2.159777 8.692170
v -1.307877 2.171985 7.540794
v -1.307877 2.150193 7.540794
v -0.491757 2.171985 7.540794
v -0.491757 2.150193 7.540794
v -1.307877 2.171986 8.117952
v -1.307877 2.150194 8.117952
v -0.491757 2.171986 8.117952
v -0.491757 2.150194 8.117952
v -0.542374 2.159776 7.576591
v -1.257260 2.159776 7.576591
v -0.542374 2.159777 8.082156
v -1.257260 2.159777 8.082156
v -1.307877 2.171985 6.921597
v -1.307877 2.150193 6.921597
v -0.491757 2.171985 6.921597
v -0.491757 2.150193 6.921597
v -1.307877 2.171985 7.498755
v -1.307877 2.150193 7.498755
v -0.491757 2.171985 7.498755
v -0.491757 2.150193 7.498755
v -0.542374 2.159776 6.957394
v -1.257260 2.159776 6.957394
v -0.542374 2.159776 7.462959
v -1.257260 2.159776 7.462959
v -1.307877 2.171985 6.305457
v -1.307877 2.150193 6.305457
v -0.491757 2.171985 6.305457
v -0.491757 2.150193 6.305457
v -1.307877 2.171985 6.882615
v -1.307877 2.150193 6.882615
v -0.491757 2.171985 6.882615
v -0.491757 2.150193 6.882615
v -0.542374 2.159776 6.341253
v -1.257260 2.159776 6.341253
v -0.542374 2.159776 6.846819
v -1.257260 2.159776 6.846819
v -0.452789 2.132699 5.997407
v -0.452789 5.331396 5.997406
v -0.452789 2.132699 6.030188
v -0.452789 5.331396 6.030188
v -0.420008 2.132699 5.997407
v -0.420008 5.331396 5.997406
v -0.420008 2.132699 6.030188
v -0.420008 5.331396 6.030188
v -0.452789 2.132700 8.998349
v -0.452789 5.331396 8.998349
v -0.452789 2.132700 8.965569
v -0.452789 5.331396 8.965569
v -0.420008 2.132700 8.998349
v -0.420008 5.331396 8.998349
v -0.420008 2.132700 8.965569
v -0.420008 5.331396 8.965569
v -1.331989 2.137064 8.998349
v -1.331989 4.949586 8.998349
v -1.331989 2.137064 8.965569
v -1.331989 4.949586 8.965569
v -1.299208 2.137064 8.998349
v -1.299208 4.949586 8.998349
v -1.299208 2.137064 8.965569
v -1.299208 4.949586 8.965569
v -1.331989 2.137064 5.997407
v -1.331989 4.949586 5.997406
v -1.331989 2.137064 6.030188
v -1.331989 4.949586 6.030188
v -1.299208 2.137064 5.997407
v -1.299208 4.949586 5.997406
v -1.299208 2.137064 6.030188
v -1.299208 4.949586 6.030188
v -1.779094 4.790685 9.067122
v -0.204871 5.447062 9.067122
v -1.779094 4.790685 9.067122
v -1.779094 4.375413 9.067122
v -0.204871 5.031792 9.067122
v -1.779094 4.375413 9.067122
v -1.779094 4.790685 5.928637
v -0.204871 5.447062 5.928637
v -1.779094 4.790685 5.928637
v -1.779094 4.375413 5.928637
v -0.204871 5.031792 5.928637
v -1.779094 4.375413 5.928637
v -0.846454 3.402838 8.173639
v -1.194177 2.911956 8.058375
v -0.979767 3.402838 8.575811
v -1.327490 2.911956 8.460547
v -0.745879 2.907865 8.206979
v -0.879192 2.907865 8.609151
vn -0.6834 -0.0000 -0.7300
vn 0.6834 -0.0000 -0.7300
vn 0.6834 -0.3167 -0.6577
vn -0.6834 -0.3167 -0.6577
vn 0.6834 -0.5708 -0.4552
vn -0.6834 -0.5708 -0.4552
vn 0.6834 -0.7117 -0.1624
vn -0.6834 -0.7117 -0.1624
vn 0.6834 -0.7117 0.1624
vn -0.6834 -0.7117 0.1624
vn 0.6834 -0.5708 0.4552
vn -0.6834 -0.5708 0.4552
vn 0.6834 -0.3167 0.6577
vn -0.6834 -0.3167 0.6577
vn 0.6834 -0.0000 0.7300
vn -0.6834 -0.0000 0.7300
vn 0.6834 0.3167 0.6577
vn -0.6834 0.3167 0.6577
vn 0.6834 0.5708 0.4552
vn -0.6834 0.5708 0.4552
vn 0.6834 0.7117 0.1624
vn -0.6834 0.7117 0.1624
vn 0.6834 0.7117 -0.1624
vn -0.6834 0.7117 -0.1624
vn 0.6834 0.5708 -0.4552
vn -0.6834 0.5708 -0.4552
vn 0.9974 -0.0698 0.0159
vn 0.9974 -0.0560 0.0447
vn 0.6834 0.3167 -0.6577
vn -0.6834 0.3167 -0.6577
vn 0.9974 0.0560 0.0447
vn 0.9974 0.0698 0.0159
vn -0.7332 0.2950 -0.6127
vn -0.7332 -0.0000 -0.6800
vn -0.0000 0.2225 -0.9749
vn -0.0000 0.4339 -0.9010
vn -0.7332 0.5317 0.4240
vn -0.7332 0.6630 0.1513
vn -0.0000 0.9749 0.2225
vn -0.0000 0.7818 0.6235
vn -0.7332 -0.2950 -0.6127
vn 0.9974 -0.0000 -0.0716
vn 0.9974 -0.0311 -0.0645
vn -0.7332 0.6630 -0.1513
vn -0.7332 -0.2950 0.6127
vn -0.7332 -0.5317 0.4240
vn 0.9974 0.0698 -0.0159
vn 0.9974 -0.0311 0.0645
vn -0.7332 -0.5317 -0.4240
vn 0.9974 -0.0560 -0.0447
vn -0.7332 0.5317 -0.4240
vn -0.7332 -0.0000 0.6800
vn -0.7332 0.2950 0.6127
vn 0.9974 0.0560 -0.0447
vn 0.9974 -0.0000 0.0716
vn 0.9974 0.0311 0.0645
vn -0.7332 -0.6630 -0.1513
vn 0.9974 -0.0698 -0.0159
vn 0.9974 0.0311 -0.0645
vn -0.7332 -0.6630 0.1513
vn -0.0000 -0.9749 0.2225
vn -0.0000 -0.9749 -0.2225
vn -0.0000 0.9749 -0.2225
vn -0.0000 -0.4339 -0.9010
vn -0.0000 -0.2225 -0.9749
vn -0.0000 -0.7818 0.6235
vn -0.0000 0.4339 0.9010
vn -0.0000 0.2225 0.9749
vn -0.0000 0.7818 -0.6235
vn -0.0000 -0.7818 -0.6235
vn -0.0000 -0.4339 0.9010
vn -0.0000 -0.2225 0.9749
vn -1.0000 -0.0000 -0.0000
vn -0.3520 0.8433 0.4061
vn -0.3520 -0.5836 -0.7318
vn -0.3520 0.5836 0.7318
vn -0.3521 -0.2083 -0.9125
vn -0.3520 0.2083 0.9125
vn -0.3520 -0.2083 0.9125
vn -0.3521 0.2083 -0.9125
vn -0.3519 -0.5836 0.7318
vn -0.3520 0.5836 -0.7318
vn -0.3520 -0.8433 0.4061
vn -0.3520 0.8433 -0.4061
vn -0.3520 -0.9360 -0.0000
vn -0.3520 0.9360 -0.0000
vn -0.3520 -0.8433 -0.4061
vn -0.0000 -0.0000 -1.0000
vn -0.0000 -0.0000 1.0000
vn -0.9974 -0.0560 0.0447
vn -0.9974 -0.0698 0.0159
vn -0.9974 0.0698 0.0159
vn -0.9974 0.0560 0.0447
vn 0.7332 0.2950 -0.6127
vn 0.7332 -0.0000 -0.6800
vn 0.7332 0.5317 0.4240
vn 0.7332 0.6630 0.1513
vn 0.7332 -0.2950 -0.6127
vn -0.9974 -0.0311 -0.0645
vn -0.9974 -0.0000 -0.0716
vn 0.7332 0.6630 -0.1513
vn 0.7332 -0.5317 0.4240
vn 0.7332 -0.2950 0.6127
vn -0.9974 0.0698 -0.0159
vn -0.9974 -0.0311 0.0645
vn 0.7332 -0.5317 -0.4240
vn -0.9974 -0.0560 -0.0447
vn 0.7332 0.5317 -0.4240
vn 0.7332 -0.0000 0.6800
vn 0.7332 0.2950 0.6127
vn -0.9974 0.0560 -0.0447
vn -0.9974 -0.0000 0.0716
vn -0.9974 0.0311 0.0645
vn 0.7332 -0.6630 -0.1513
vn -0.9974 -0.0698 -0.0159
vn -0.9974 0.0311 -0.0645
vn 0.7332 -0.6630 0.1513
vn 1.0000 -0.0000 -0.0000
vn 0.3520 0.8433 0.4061
vn 0.7879 0.4815 0.3840
vn 0.7879 0.6004 0.1370
vn 0.3520 -0.5836 -0.7318
vn 0.7879 -0.2672 -0.5548
vn 0.7879 -0.4814 -0.3839
vn 0.3520 0.5836 0.7318
vn 0.7879 0.2672 0.5548
vn 0.3521 -0.2082 -0.9125
vn 0.7879 -0.0000 -0.6158
vn 0.3520 0.2083 0.9125
vn 0.7879 -0.0000 0.6158
vn 0.3520 -0.2083 0.9125
vn 0.7879 -0.2672 0.5548
vn 0.3521 0.2083 -0.9125
vn 0.7879 0.2672 -0.5548
vn 0.3520 -0.5836 0.7318
vn 0.7879 -0.4815 0.3840
vn 0.3521 0.5836 -0.7318
vn 0.7879 0.4815 -0.3839
vn 0.3520 -0.8433 0.4061
vn 0.7879 -0.6004 0.1370
vn 0.3520 0.8433 -0.4061
vn 0.7879 0.6004 -0.1370
vn 0.3520 -0.9360 -0.0000
vn 0.7879 -0.6004 -0.1370
vn 0.3520 0.9360 -0.0000
vn 0.3520 -0.8433 -0.4061
vn -0.0000 1.0000 -0.0000
vn -1.0000 0.0001 0.0003
vn -1.0000 -0.0001 -0.0024
vn 1.0000 -0.0001 -0.0027
vn -0.0938 -0.9956 -0.0000
vn 0.0177 -0.9998 -0.0006
vn 0.0177 -0.9998 -0.0003
vn -0.0000 -0.9969 0.0788
vn -0.0000 -0.9969 -0.0788
vn -0.0000 -1.0000 -0.0000
vn 0.0177 -0.9998 0.0001
vn -1.0000 -0.0003 -0.0051
vn 1.0000 0.0002 0.0001
vn 0.0009 -0.0000 1.0000
vn 0.9998 -0.0187 -0.0000
vn 0.0007 -0.0000 1.0000
vn 0.9997 -0.0238 0.0029
vn -0.9997 -0.0238 -0.0000
vn -0.9998 -0.0187 -0.0001
vn -0.8386 -0.5138 -0.1807
vn -0.8387 -0.4133 0.3545
vn 0.8385 -0.4136 0.3546
vn 0.8386 -0.5138 -0.1809
vn -0.8387 0.1002 0.5352
vn 0.8385 0.1004 0.5355
vn -0.8386 0.5138 0.1809
vn 0.8386 0.5138 0.1807
vn -0.8385 0.4137 -0.3546
vn 0.8387 0.4133 -0.3545
vn -0.8385 -0.1004 -0.5355
vn 0.8387 -0.1002 -0.5352
vn -0.0000 -0.9917 0.1282
vn -0.0000 -0.9433 -0.3320
vn -0.0000 0.7144 -0.6997
vn -0.0000 0.9811 -0.1935
vn -0.0000 -0.1842 -0.9829
vn -0.0000 -0.9986 -0.0525
vn -0.0000 -0.7702 0.6378
vn -0.0000 0.9988 0.0487
vn -0.0000 0.0014 1.0000
vn -0.0000 0.6499 0.7600
vn -0.0000 -0.9918 0.1282
vn -0.6795 0.7336 -0.0000
vn -0.0000 0.0787 -0.9969
vn -0.0000 0.8469 -0.5318
vn 0.8484 0.5294 -0.0000
vn -0.0000 0.6772 0.7358
vn 0.7175 0.6062 0.3431
vn -0.0000 0.0787 0.9969
vn -0.0000 0.8469 0.5318
vn -0.0000 0.6772 -0.7358
vn 0.7175 0.6062 -0.3431
vn -0.9975 0.0713 -0.0000
vn -0.2345 0.9721 -0.0000
vn -0.0000 0.9465 0.3228
vn -0.0000 0.9465 -0.3228
vn 0.2345 0.9721 -0.0000
vn -0.3848 0.9230 -0.0000
vn -0.7607 0.5981 -0.2522
vn 0.9282 0.2093 0.3077
vt 0.480005 0.091659
vt 0.516053 0.093397
vt 0.515855 0.118463
vt 0.479956 0.117180
vt 0.516053 0.142939
vt 0.479742 0.142396
vt 0.516831 0.167530
vt 0.479141 0.167689
vt 0.519533 0.193009
vt 0.477250 0.193671
vt 0.476678 0.016101
vt 0.519228 0.016621
vt 0.516721 0.042698
vt 0.478717 0.041337
vt 0.516109 0.067765
vt 0.479696 0.066787
vt 0.516052 0.092929
vt 0.479926 0.092318
vt 0.516064 0.118430
vt 0.479941 0.117487
vt 0.516347 0.143533
vt 0.479730 0.142686
vt 0.517060 0.168365
vt 0.479095 0.168002
vt 0.519665 0.193989
vt 0.477138 0.193989
vt 0.476567 0.015895
vt 0.519543 0.015546
vt 0.517097 0.041965
vt 0.478646 0.041056
vt 0.536372 0.017435
vt 0.533430 0.042431
vt 0.516353 0.067716
vt 0.479556 0.066155
vt 0.531748 0.142790
vt 0.532946 0.166916
vt 0.463000 0.066974
vt 0.463644 0.092337
vt 0.434410 0.092072
vt 0.434143 0.067955
vt 0.463468 0.142232
vt 0.462862 0.167286
vt 0.432805 0.164102
vt 0.433754 0.139998
vt 0.463713 0.117412
vt 0.532237 0.092916
vt 0.532484 0.118406
vt 0.460735 0.192059
vt 0.463225 0.066372
vt 0.462375 0.041549
vt 0.536372 0.191037
vt 0.532927 0.067882
vt 0.463456 0.142514
vt 0.532228 0.143416
vt 0.462395 0.041814
vt 0.460211 0.017682
vt 0.463348 0.091719
vt 0.463672 0.117117
vt 0.535890 0.018529
vt 0.532824 0.043178
vt 0.532249 0.093511
vt 0.531826 0.118499
vt 0.462805 0.167583
vt 0.533278 0.167784
vt 0.532208 0.067860
vt 0.460604 0.192355
vt 0.536579 0.192048
vt 0.460108 0.017494
vt 0.431450 0.189124
vt 0.432866 0.164318
vt 0.431450 0.188965
vt 0.434341 0.116204
vt 0.433739 0.043736
vt 0.432708 0.020425
vt 0.434219 0.115792
vt 0.434339 0.091511
vt 0.433559 0.044103
vt 0.432497 0.020658
vt 0.433861 0.140292
vt 0.434222 0.067411
vt 0.050878 0.854985
vt 0.071427 0.878887
vt 0.110591 0.825875
vt 0.109164 0.824215
vt 0.050932 0.854938
vt 0.042789 0.824487
vt 0.108654 0.822054
vt 0.109219 0.824168
vt 0.100312 0.891506
vt 0.112596 0.826751
vt 0.048664 0.793519
vt 0.109061 0.819904
vt 0.131811 0.890342
vt 0.114783 0.826670
vt 0.067394 0.768166
vt 0.110362 0.818144
vt 0.159687 0.875627
vt 0.116719 0.825649
vt 0.067339 0.768213
vt 0.048609 0.793566
vt 0.109007 0.819951
vt 0.110307 0.818191
vt 0.159741 0.875580
vt 0.131866 0.890295
vt 0.114838 0.826623
vt 0.116773 0.825602
vt 0.042734 0.824534
vt 0.108599 0.822102
vt 0.100367 0.891459
vt 0.112651 0.826704
vt 0.071482 0.878840
vt 0.110646 0.825828
vt 0.030133 0.882229
vt 0.034473 0.883352
vt 0.036317 0.864787
vt 0.032929 0.865166
vt 0.025921 0.880900
vt 0.030229 0.882121
vt 0.032997 0.865068
vt 0.030015 0.864789
vt 0.025825 0.881008
vt 0.029930 0.864880
vt 0.021648 0.879581
vt 0.027255 0.863966
vt 0.021550 0.879689
vt 0.027153 0.864052
vt 0.017310 0.878274
vt 0.024471 0.862638
vt 0.017408 0.878167
vt 0.024592 0.862558
vt 0.013092 0.876761
vt 0.021811 0.860424
vt 0.013191 0.876655
vt 0.021950 0.860345
vt 0.009130 0.875253
vt 0.019194 0.856892
vt 0.008999 0.875059
vt 0.019450 0.856912
vt 0.034568 0.883245
vt 0.038944 0.884275
vt 0.040367 0.863222
vt 0.036369 0.864680
vt 0.038608 0.884326
vt 0.040468 0.863315
vt 0.763077 0.393346
vt 0.969032 0.393345
vt 0.969032 0.386757
vt 0.763077 0.386758
vt 0.763077 0.353818
vt 0.969032 0.353817
vt 0.969032 0.347229
vt 0.763077 0.347230
vt 0.763077 0.307701
vt 0.969032 0.307701
vt 0.969032 0.301113
vt 0.763077 0.301113
vt 0.763077 0.360406
vt 0.969032 0.360405
vt 0.763077 0.314289
vt 0.969032 0.314289
vt 0.763077 0.366994
vt 0.969032 0.366993
vt 0.763077 0.320878
vt 0.969032 0.320877
vt 0.763077 0.327465
vt 0.969032 0.327465
vt 0.763077 0.334053
vt 0.969032 0.334053
vt 0.763077 0.380170
vt 0.969032 0.380169
vt 0.969032 0.373581
vt 0.763077 0.373582
vt 0.763077 0.340642
vt 0.969032 0.340641
vt 0.031162 0.855724
vt 0.031223 0.855743
vt 0.480674 0.118510
vt 0.480804 0.093816
vt 0.516882 0.092261
vt 0.516902 0.116894
vt 0.480643 0.068195
vt 0.517102 0.066903
vt 0.479778 0.042315
vt 0.518006 0.041681
vt 0.477663 0.016089
vt 0.520444 0.016352
vt 0.476782 0.194023
vt 0.478960 0.168272
vt 0.517312 0.167411
vt 0.520051 0.194544
vt 0.479813 0.142712
vt 0.516484 0.141851
vt 0.480093 0.117976
vt 0.516366 0.117163
vt 0.480457 0.093282
vt 0.516337 0.092241
vt 0.480540 0.067726
vt 0.516630 0.067029
vt 0.479935 0.041958
vt 0.517573 0.042424
vt 0.478107 0.015855
vt 0.520180 0.017473
vt 0.477896 0.194299
vt 0.480007 0.168646
vt 0.517852 0.167331
vt 0.520470 0.193557
vt 0.534275 0.166817
vt 0.537435 0.191617
vt 0.480631 0.143194
vt 0.517018 0.141882
vt 0.534246 0.042190
vt 0.533700 0.067070
vt 0.463590 0.142530
vt 0.434765 0.141115
vt 0.435249 0.117519
vt 0.464374 0.117880
vt 0.464078 0.068367
vt 0.434571 0.071108
vt 0.433206 0.046838
vt 0.463520 0.042769
vt 0.464351 0.093229
vt 0.532744 0.092302
vt 0.532231 0.117166
vt 0.461172 0.017775
vt 0.463581 0.168182
vt 0.464605 0.143088
vt 0.537435 0.018255
vt 0.533576 0.141709
vt 0.463976 0.067814
vt 0.532783 0.067178
vt 0.460190 0.192396
vt 0.462269 0.167761
vt 0.465084 0.118488
vt 0.464763 0.093839
vt 0.533882 0.166800
vt 0.537435 0.192469
vt 0.532884 0.116845
vt 0.533139 0.092334
vt 0.463740 0.042328
vt 0.533584 0.042989
vt 0.532655 0.141662
vt 0.461730 0.017446
vt 0.536999 0.019427
vt 0.461554 0.192697
vt 0.433599 0.045555
vt 0.432220 0.020594
vt 0.431450 0.021783
vt 0.435157 0.093797
vt 0.434136 0.189607
vt 0.435266 0.166202
vt 0.435976 0.118980
vt 0.435503 0.095221
vt 0.432220 0.189012
vt 0.433702 0.164725
vt 0.434597 0.069744
vt 0.435891 0.142592
vt 0.071498 0.878688
vt 0.110661 0.825676
vt 0.109235 0.824016
vt 0.050948 0.854786
vt 0.050637 0.854861
vt 0.108924 0.824091
vt 0.108358 0.821978
vt 0.042494 0.824410
vt 0.108669 0.821902
vt 0.042805 0.824335
vt 0.108766 0.819828
vt 0.048368 0.793442
vt 0.109077 0.819752
vt 0.048680 0.793366
vt 0.110067 0.818067
vt 0.067099 0.768089
vt 0.110378 0.817992
vt 0.067409 0.768014
vt 0.159757 0.875428
vt 0.116789 0.825449
vt 0.114854 0.826471
vt 0.131882 0.890143
vt 0.159446 0.875503
vt 0.116478 0.825525
vt 0.114543 0.826546
vt 0.131571 0.890218
vt 0.112667 0.826552
vt 0.100383 0.891307
vt 0.112356 0.826627
vt 0.100071 0.891382
vt 0.110350 0.825751
vt 0.071186 0.878763
vt 0.017083 0.878199
vt 0.024342 0.862634
vt 0.021701 0.860404
vt 0.012868 0.876682
vt 0.021307 0.879614
vt 0.027033 0.863979
vt 0.024403 0.862528
vt 0.017059 0.878196
vt 0.021320 0.879618
vt 0.027006 0.864060
vt 0.025581 0.880933
vt 0.029789 0.864857
vt 0.025590 0.880936
vt 0.029763 0.864926
vt 0.029889 0.882159
vt 0.032750 0.865230
vt 0.029885 0.882157
vt 0.032774 0.865171
vt 0.034227 0.883283
vt 0.036189 0.864888
vt 0.034226 0.883282
vt 0.036208 0.864840
vt 0.038349 0.884267
vt 0.040339 0.863428
vt 0.038351 0.884267
vt 0.040354 0.863393
vt 0.012840 0.876678
vt 0.021829 0.860306
vt 0.019340 0.856853
vt 0.008643 0.875063
vt 0.019205 0.856953
vt 0.008678 0.875081
vt 0.031057 0.855797
vt 0.031126 0.855773
vt 0.958146 0.048793
vt 0.961772 0.208045
vt 0.765737 0.210530
vt 0.760362 0.054332
vt 0.401263 0.014292
vt 0.401263 0.197233
vt 0.269066 0.197233
vt 0.269066 0.014292
vt 0.019592 0.012954
vt 0.214245 0.013903
vt 0.212860 0.286843
vt 0.018266 0.284990
vt 0.019596 0.012077
vt 0.214249 0.013025
vt 0.214110 0.041638
vt 0.019459 0.040315
vt 0.400960 0.014292
vt 0.401108 0.197233
vt 0.268911 0.197233
vt 0.269044 0.014292
vt 0.979591 0.228438
vt 0.701758 0.235423
vt 0.706101 0.220397
vt 0.969856 0.221055
vt 0.677789 0.053073
vt 0.694812 0.032423
vt 0.700243 0.046744
vt 0.684730 0.051294
vt 0.695777 0.056086
vt 0.689755 0.216590
vt 0.700585 0.211229
vt 0.966361 0.036057
vt 0.682805 0.215276
vt 0.976280 0.026642
vt 0.249587 0.249773
vt 0.230810 0.250120
vt 0.237544 0.235604
vt 0.242834 0.235606
vt 0.212781 0.314315
vt 0.018128 0.313367
vt 0.212785 0.313438
vt 0.018132 0.312490
vt 0.237547 0.215282
vt 0.249678 0.017371
vt 0.242906 0.053654
vt 0.242915 0.031490
vt 0.230810 0.016872
vt 0.237592 0.031488
vt 0.648539 0.229405
vt 0.585760 0.225541
vt 0.586047 0.217358
vt 0.648943 0.217911
vt 0.242842 0.215288
vt 0.237587 0.053586
vt 0.648970 0.214917
vt 0.586074 0.214364
vt 0.585930 0.206179
vt 0.648779 0.202181
vt 0.648624 0.202030
vt 0.585854 0.206257
vt 0.586133 0.214564
vt 0.649045 0.214567
vt 0.649045 0.217579
vt 0.586133 0.217577
vt 0.585854 0.225860
vt 0.648624 0.230079
vt 0.585653 0.228863
vt 0.648423 0.233083
vt 0.648355 0.232397
vt 0.585576 0.228532
vt 0.714765 0.389967
vt 0.724618 0.389970
vt 0.724618 0.247034
vt 0.714765 0.247031
vt 0.734472 0.389969
vt 0.734472 0.247034
vt 0.744326 0.389966
vt 0.744326 0.247030
vt 0.685203 0.389966
vt 0.695057 0.389963
vt 0.695057 0.247027
vt 0.685203 0.247030
vt 0.704911 0.389963
vt 0.704911 0.247027
vt 0.642521 0.039415
vt 0.646046 0.037973
vt 0.647852 0.039200
vt 0.642173 0.041479
vt 0.643669 0.031871
vt 0.640279 0.033401
vt 0.638937 0.032362
vt 0.644055 0.029515
vt 0.639646 0.036925
vt 0.636612 0.037964
vt 0.646387 0.034420
vt 0.647969 0.033856
vt 0.653339 0.031424
vt 0.654951 0.038622
vt 0.630538 0.035952
vt 0.633728 0.028813
vt 0.640518 0.056634
vt 0.634418 0.055373
vt 0.649781 0.025856
vt 0.639163 0.023487
vt 0.653754 0.058531
vt 0.646232 0.057891
vt 0.627031 0.184986
vt 0.623466 0.174071
vt 0.634798 0.178350
vt 0.632935 0.168306
vt 0.642565 0.171714
vt 0.644428 0.181758
vt 0.636661 0.188394
vt 0.640511 0.142497
vt 0.630860 0.143580
vt 0.640314 0.092014
vt 0.649398 0.090516
vt 0.645149 0.084630
vt 0.627666 0.055084
vt 0.621419 0.144852
vt 0.640976 0.084419
vt 0.636717 0.083008
vt 0.631002 0.090295
vt 0.642015 0.039600
vt 0.641697 0.041695
vt 0.647477 0.039343
vt 0.645627 0.038128
vt 0.643054 0.032087
vt 0.643378 0.029730
vt 0.638336 0.032601
vt 0.639697 0.033636
vt 0.639045 0.037178
vt 0.636036 0.038267
vt 0.647445 0.033900
vt 0.645868 0.034510
vt 0.654678 0.038597
vt 0.652813 0.031276
vt 0.632969 0.029010
vt 0.629668 0.036353
vt 0.633991 0.055764
vt 0.640152 0.056969
vt 0.649001 0.025809
vt 0.638476 0.023644
vt 0.645916 0.058182
vt 0.653494 0.058775
vt 0.627617 0.185092
vt 0.635319 0.178436
vt 0.624003 0.174236
vt 0.633405 0.168438
vt 0.643020 0.171779
vt 0.644934 0.181777
vt 0.637232 0.188434
vt 0.640809 0.142677
vt 0.649372 0.090818
vt 0.640316 0.092371
vt 0.631198 0.143811
vt 0.645082 0.084975
vt 0.627402 0.055653
vt 0.621797 0.145132
vt 0.640916 0.084798
vt 0.636646 0.083427
vt 0.631036 0.090713
vt 0.270196 0.217002
vt 0.267337 0.284291
vt 0.430097 0.284291
vt 0.427238 0.217002
vt 0.073117 0.898831
vt 0.075909 0.989080
vt 0.016155 0.989330
vt 0.008557 0.899102
vt 0.557446 0.212328
vt 0.497747 0.217014
vt 0.498948 0.284421
vt 0.565445 0.279201
vt 0.271848 0.288616
vt 0.425585 0.288616
vt 0.502342 0.288680
vt 0.561486 0.284037
vt 0.270147 0.217074
vt 0.267303 0.284326
vt 0.430027 0.284326
vt 0.427294 0.217074
vt 0.438048 0.212328
vt 0.434365 0.279499
vt 0.493509 0.284141
vt 0.204310 0.898831
vt 0.268870 0.899102
vt 0.261273 0.989330
vt 0.201519 0.989080
vt 0.557660 0.212289
vt 0.565658 0.279162
vt 0.499161 0.284381
vt 0.497961 0.216975
vt 0.561699 0.283998
vt 0.502555 0.288640
vt 0.438262 0.212289
vt 0.493722 0.284102
vt 0.434578 0.279460
vt 0.402137 0.897213
vt 0.388961 0.897213
vt 0.388961 0.683832
vt 0.402137 0.683832
vt 0.388961 0.666289
vt 0.306639 0.683832
vt 0.306639 0.666289
vt 0.291777 0.683832
vt 0.306639 0.897213
vt 0.291777 0.897213
vt 0.306640 0.913298
vt 0.388961 0.913298
vt 0.483896 0.683832
vt 0.483896 0.897213
vt 0.326696 0.378699
vt 0.280666 0.363086
vt 0.277644 0.402903
vt 0.311083 0.424730
vt 0.224744 0.378131
vt 0.256962 0.413108
vt 0.194904 0.443729
vt 0.265119 0.459958
vt 0.372726 0.394313
vt 0.357113 0.440343
vt 0.268716 0.332497
vt 0.219731 0.345676
vt 0.312052 0.435526
vt 0.276629 0.490519
vt 0.331622 0.525943
vt 0.367046 0.470949
vt 0.332642 0.351784
vt 0.292322 0.338108
vt 0.185916 0.365380
vt 0.159778 0.422841
vt 0.378673 0.367398
vt 0.338352 0.353721
vt 0.659594 0.884486
vt 0.659594 0.907010
vt 0.492860 0.907010
vt 0.492860 0.884486
vt 0.659594 0.816915
vt 0.659594 0.839438
vt 0.492860 0.839438
vt 0.492860 0.816915
vt 0.659594 0.861962
vt 0.492860 0.861962
vt 0.659807 0.839439
vt 0.493073 0.839439
vt 0.493073 0.816915
vt 0.659807 0.816915
vt 0.659807 0.907010
vt 0.493073 0.907010
vt 0.493073 0.884486
vt 0.659807 0.884486
vt 0.493073 0.861962
vt 0.659807 0.861962
vt 0.660125 0.861962
vt 0.491961 0.861962
vt 0.491961 0.884486
vt 0.660125 0.884486
vt 0.491960 0.907010
vt 0.660125 0.907010
vt 0.660127 0.816915
vt 0.491961 0.816915
vt 0.491961 0.839438
vt 0.660127 0.839438
vt 0.660804 0.861962
vt 0.660804 0.884486
vt 0.491701 0.884486
vt 0.491701 0.861962
vt 0.660166 0.907010
vt 0.491701 0.907010
vt 0.660442 0.816915
vt 0.660442 0.839438
vt 0.491701 0.839438
vt 0.491701 0.816915
vt 0.721938 0.985118
vt 0.673973 0.985118
vt 0.673973 0.412659
vt 0.721937 0.412659
vt 0.722640 0.985327
vt 0.722640 0.412926
vt 0.722486 0.412659
vt 0.989293 0.412926
vt 0.989293 0.985327
vt 0.722667 0.985375
vt 0.674680 0.985327
vt 0.674680 0.412926
vt 0.659636 0.981393
vt 0.280156 0.981393
vt 0.279600 0.923135
vt 0.659080 0.923135
vt 0.659636 0.982098
vt 0.659080 0.923840
vt 0.279600 0.923840
vt 0.280156 0.982098
vt 0.270556 0.755555
vt 0.283490 0.636526
vt 0.167185 0.640031
vt 0.154252 0.759060
vt 0.167185 0.881463
vt 0.283490 0.877958
s 1
usemtl donut_stand
f 1/1/1 2/2/2 4/3/3 3/4/4
f 3/4/4 4/3/3 6/5/5 5/6/6
f 5/6/6 6/5/5 8/7/7 7/8/8
f 7/8/8 8/7/7 10/9/9 9/10/10
f 9/11/10 10/12/9 12/13/11 11/14/12
f 11/14/12 12/13/11 14/15/13 13/16/14
f 13/16/14 14/15/13 16/17/15 15/18/16
f 15/18/16 16/17/15 18/19/17 17/20/18
f 17/20/18 18/19/17 20/21/19 19/22/20
f 19/22/20 20/21/19 22/23/21 21/24/22
f 21/24/22 22/23/21 24/25/23 23/26/24
f 23/27/24 24/28/23 26/29/25 25/30/26
f 26/29/25 24/28/23 52/31/27 54/32/28
f 25/30/26 26/29/25 28/33/29 27/34/30
f 27/34/30 28/33/29 2/2/2 1/1/1
f 8/7/7 6/5/5 34/35/31 36/36/32
f 41/37/33 43/38/34 64/39/35 63/40/36
f 33/41/37 35/42/38 60/43/39 59/44/40
f 15/18/16 17/20/18 45/45/41 43/38/34
f 18/19/17 16/17/15 44/46/42 46/47/43
f 7/8/8 9/10/10 37/48/44 35/42/38
f 25/30/26 27/34/30 55/49/45 53/50/46
f 10/9/9 8/7/7 36/36/32 38/51/47
f 28/33/29 26/29/25 54/32/28 56/52/48
f 17/20/18 19/22/20 47/53/49 45/45/41
f 20/21/19 18/19/17 46/47/43 48/54/50
f 9/11/10 11/14/12 39/55/51 37/56/44
f 27/34/30 1/1/1 29/57/52 55/49/45
f 1/1/1 3/4/4 30/58/53 29/57/52
f 12/13/11 10/12/9 38/59/47 40/60/54
f 2/2/2 28/33/29 56/52/48 32/61/55
f 4/3/3 2/2/2 32/61/55 31/62/56
f 19/22/20 21/24/22 49/63/57 47/53/49
f 22/23/21 20/21/19 48/54/50 50/64/58
f 11/14/12 13/16/14 41/37/33 39/55/51
f 14/15/13 12/13/11 40/60/54 42/65/59
f 3/4/4 5/6/6 33/41/37 30/58/53
f 21/24/22 23/26/24 51/66/60 49/63/57
f 6/5/5 4/3/3 31/62/56 34/35/31
f 24/25/23 22/23/21 50/64/58 52/67/27
f 13/16/14 15/18/16 43/38/34 41/37/33
f 16/17/15 14/15/13 42/65/59 44/46/42
f 5/6/6 7/8/8 35/42/38 33/41/37
f 23/27/24 25/30/26 53/50/46 51/68/60
f 49/63/57 51/66/60 68/69/61 67/70/62
f 35/42/38 37/48/44 61/71/63 60/43/39
f 43/38/34 45/45/41 65/72/64 64/39/65
f 51/68/60 53/50/46 69/73/66 68/74/61
f 29/57/52 30/58/53 58/75/67 57/76/68
f 37/56/44 39/55/51 62/77/69 61/78/63
f 45/45/41 47/53/49 66/79/70 65/72/64
f 53/50/46 55/49/45 70/80/71 69/73/66
f 30/58/53 33/41/37 59/44/40 58/75/67
f 39/55/51 41/37/33 63/40/36 62/77/69
f 47/53/49 49/63/57 67/70/62 66/79/70
f 55/49/45 29/57/52 57/76/72 70/80/71
f 57/81/73 58/82/73 72/83/73 71/84/73
f 65/85/73 66/86/73 80/87/73 79/88/73
f 58/82/73 59/89/73 73/90/73 72/83/73
f 66/86/73 67/91/73 81/92/73 80/87/73
f 59/89/73 60/93/73 74/94/73 73/90/73
f 67/91/73 68/95/73 82/96/73 81/92/73
f 60/93/73 61/97/73 75/98/73 74/94/73
f 68/99/73 69/100/73 83/101/73 82/102/73
f 61/103/73 62/104/73 76/105/73 75/106/73
f 69/100/73 70/107/73 84/108/73 83/101/73
f 62/104/73 63/109/73 77/110/73 76/105/73
f 70/107/73 57/81/73 71/84/73 84/108/73
f 63/109/73 64/111/73 78/112/73 77/110/73
f 64/111/73 65/85/73 79/88/73 78/112/73
f 80/113/74 81/114/74 95/115/74 94/116/74
f 72/117/75 73/118/75 87/119/75 86/120/75
f 79/121/76 80/113/76 94/116/76 93/122/76
f 71/123/77 72/117/77 86/120/77 85/124/77
f 78/125/78 79/121/78 93/122/78 92/126/78
f 77/127/79 78/125/79 92/126/79 91/128/79
f 84/129/80 71/123/80 85/124/80 98/130/80
f 76/131/81 77/127/81 91/128/81 90/132/81
f 83/133/82 84/129/82 98/130/82 97/134/82
f 75/135/83 76/131/83 90/132/83 89/136/83
f 82/137/84 83/133/84 97/134/84 96/138/84
f 74/139/85 75/140/85 89/141/85 88/142/85
f 81/114/86 82/143/86 96/144/86 95/115/86
f 73/118/87 74/139/87 88/142/87 87/119/87
f 174/145/61 75/146/61 74/147/62 173/148/62
f 182/149/69 83/150/69 82/151/63 181/152/63
f 175/153/66 76/154/66 75/155/61 174/156/61
f 183/157/36 84/158/36 83/150/69 182/149/69
f 176/159/71 77/160/71 76/154/66 175/153/66
f 170/161/88 71/162/88 84/158/36 183/157/36
f 177/163/89 78/164/89 77/160/71 176/159/71
f 178/165/67 79/166/67 78/164/89 177/163/89
f 179/167/40 80/168/40 79/166/67 178/165/67
f 172/169/70 73/170/70 72/171/64 171/172/64
f 180/173/39 81/174/39 80/168/40 179/167/40
f 173/148/62 74/147/62 73/170/70 172/169/70
f 181/152/63 82/151/63 81/174/39 180/173/39
f 95/115/73 96/144/73 99/175/73
f 88/142/73 89/141/73 99/176/73
f 96/138/73 97/134/73 99/176/73
f 89/136/73 90/132/73 99/175/73
f 97/134/73 98/130/73 99/176/73
f 90/132/73 91/128/73 99/175/73
f 98/130/73 85/124/73 99/176/73
f 91/128/73 92/126/73 99/175/73
f 92/126/73 93/122/73 99/175/73
f 85/124/73 86/120/73 99/176/73
f 93/122/73 94/116/73 99/175/73
f 86/120/73 87/119/73 99/176/73
f 94/116/73 95/115/73 99/175/73
f 87/119/73 88/142/73 99/176/73
f 100/177/2 102/178/3 103/179/4 101/180/1
f 102/178/3 104/181/5 105/182/6 103/179/4
f 104/181/5 106/183/7 107/184/8 105/182/6
f 106/183/7 108/185/9 109/186/10 107/184/8
f 108/187/9 110/188/11 111/189/12 109/190/10
f 110/188/11 112/191/13 113/192/14 111/189/12
f 112/191/13 114/193/15 115/194/16 113/192/14
f 114/193/15 116/195/17 117/196/18 115/194/16
f 116/195/17 118/197/19 119/198/20 117/196/18
f 118/197/19 120/199/21 121/200/22 119/198/20
f 120/199/21 122/201/23 123/202/24 121/200/22
f 122/203/23 124/204/25 125/205/26 123/206/24
f 125/205/26 153/207/90 151/208/91 123/206/24
f 124/204/25 126/209/29 127/210/30 125/205/26
f 126/209/29 100/177/2 101/180/1 127/210/30
f 107/184/8 135/211/92 133/212/93 105/182/6
f 140/213/94 162/214/36 163/215/88 142/216/95
f 132/217/96 158/218/40 159/219/39 134/220/97
f 114/193/15 142/216/95 144/221/98 116/195/17
f 117/196/18 145/222/99 143/223/100 115/194/16
f 106/183/7 134/220/97 136/224/101 108/185/9
f 124/204/25 152/225/102 154/226/103 126/209/29
f 109/186/10 137/227/104 135/211/92 107/184/8
f 127/210/30 155/228/105 153/207/90 125/205/26
f 116/195/17 144/221/98 146/229/106 118/197/19
f 119/198/20 147/230/107 145/222/99 117/196/18
f 108/187/9 136/231/101 138/232/108 110/188/11
f 126/209/29 154/226/103 128/233/109 100/177/2
f 100/177/2 128/233/109 129/234/110 102/178/3
f 111/189/12 139/235/111 137/236/104 109/190/10
f 101/180/1 131/237/112 155/228/105 127/210/30
f 103/179/4 130/238/113 131/237/112 101/180/1
f 118/197/19 146/229/106 148/239/114 120/199/21
f 121/200/22 149/240/115 147/230/107 119/198/20
f 110/188/11 138/232/108 140/213/94 112/191/13
f 113/192/14 141/241/116 139/235/111 111/189/12
f 102/178/3 129/234/110 132/217/96 104/181/5
f 120/199/21 148/239/114 150/242/117 122/201/23
f 105/182/6 133/212/93 130/238/113 103/179/4
f 123/202/24 151/243/91 149/240/115 121/200/22
f 112/191/13 140/213/94 142/216/95 114/193/15
f 115/194/16 143/223/100 141/241/116 113/192/14
f 104/181/5 132/217/96 134/220/97 106/183/7
f 122/203/23 150/244/117 152/225/102 124/204/25
f 148/239/114 166/245/62 167/246/61 150/242/117
f 134/220/97 159/219/39 160/247/63 136/224/101
f 142/216/95 163/215/88 164/248/64 144/221/98
f 150/244/117 167/249/61 168/250/66 152/225/102
f 128/233/109 156/251/89 157/252/67 129/234/110
f 136/231/101 160/253/63 161/254/69 138/232/108
f 144/221/98 164/248/64 165/255/70 146/229/106
f 152/225/102 168/250/66 169/256/71 154/226/103
f 129/234/110 157/252/67 158/218/40 132/217/96
f 138/232/108 161/254/69 162/214/36 140/213/94
f 146/229/106 165/255/70 166/245/62 148/239/114
f 154/226/103 169/256/71 156/251/89 128/233/109
f 156/257/118 170/258/118 171/259/118 157/260/118
f 164/261/118 178/262/118 179/263/118 165/264/118
f 157/260/118 171/259/118 172/265/118 158/266/118
f 165/264/118 179/263/118 180/267/118 166/268/118
f 158/266/118 172/265/118 173/269/118 159/270/118
f 166/268/118 180/267/118 181/271/118 167/272/118
f 159/270/118 173/269/118 174/273/118 160/274/118
f 167/275/118 181/276/118 182/277/118 168/278/118
f 160/279/118 174/280/118 175/281/118 161/282/118
f 168/278/118 182/277/118 183/283/118 169/284/118
f 161/282/118 175/281/118 176/285/118 162/286/118
f 169/284/118 183/283/118 170/258/118 156/257/118
f 162/286/118 176/285/118 177/287/118 163/288/118
f 163/288/118 177/287/118 178/262/118 164/261/118
f 179/289/119 193/290/120 194/291/121 180/292/119
f 171/293/122 185/294/123 186/295/124 172/296/122
f 178/297/125 192/298/126 193/290/120 179/289/125
f 170/299/127 184/300/128 185/294/123 171/293/127
f 177/301/129 191/302/130 192/298/126 178/297/129
f 176/303/131 190/304/132 191/302/130 177/301/131
f 183/305/133 197/306/134 184/300/128 170/299/133
f 175/307/135 189/308/136 190/304/132 176/303/135
f 182/309/137 196/310/138 197/306/134 183/305/137
f 174/311/139 188/312/140 189/308/136 175/307/139
f 181/313/141 195/314/142 196/310/138 182/309/141
f 173/315/143 187/316/144 188/317/140 174/318/143
f 180/292/145 194/291/121 195/319/142 181/320/145
f 172/296/146 186/295/124 187/316/144 173/315/146
f 194/291/121 198/321/118 195/319/142
f 187/316/144 198/322/118 188/317/140
f 195/314/142 198/322/118 196/310/138
f 188/312/140 198/321/118 189/308/136
f 196/310/138 198/322/118 197/306/134
f 189/308/136 198/321/118 190/304/132
f 197/306/134 198/322/118 184/300/128
f 190/304/132 198/321/118 191/302/130
f 191/302/130 198/321/118 192/298/126
f 184/300/128 198/322/118 185/294/123
f 192/298/126 198/321/118 193/290/120
f 185/294/123 198/322/118 186/295/124
f 193/290/120 198/321/118 194/291/121
f 186/295/124 198/322/118 187/316/144
f 171/172/64 72/171/64 71/162/88 170/161/88
f 212/323/147 211/324/147 221/325/147 219/326/147
f 202/327/89 201/328/89 205/329/89 206/330/89
f 206/331/148 205/332/148 218/333/149 216/334/149
f 200/335/150 199/336/150 222/337/150 215/338/150
f 204/339/88 203/340/88 199/341/88 200/342/88
f 201/343/151 222/344/151 223/345/151 207/346/151
f 203/347/152 218/348/153 217/349/153 210/350/152
f 210/350/73 217/349/73 219/326/73 214/351/73
f 207/346/118 223/345/118 221/325/118 211/324/118
f 209/352/88 210/350/88 214/351/88 213/353/88
f 208/354/89 207/346/89 211/324/89 212/323/89
f 199/355/154 203/347/154 210/350/154 209/352/154
f 205/356/155 201/343/155 207/346/155 208/354/155
f 200/357/156 215/358/156 225/359/156 220/360/156
f 217/349/153 218/348/153 205/356/157 208/354/157
f 216/334/149 218/333/149 203/361/158 204/362/158
f 219/326/73 217/349/73 208/354/73 212/323/73
f 219/326/147 221/325/147 213/353/147 214/351/147
f 221/325/118 223/345/118 209/352/118 213/353/118
f 223/345/151 222/344/151 199/355/151 209/352/151
f 215/338/159 222/337/159 201/363/159 202/364/159
f 215/358/156 235/365/156 225/359/156
f 204/366/156 230/367/156 224/368/156
f 216/369/156 204/366/156 224/368/156 226/370/156
f 235/371/160 234/372/160 227/373/160 225/374/160
f 230/367/156 232/375/156 235/365/156 238/376/156
f 220/377/88 229/378/88 233/379/88 232/380/88
f 225/374/161 227/373/161 229/378/161 220/377/161
f 230/381/88 236/382/88 231/383/88 224/384/88
f 230/367/156 204/366/156 200/357/156 232/375/156
f 226/385/162 237/386/162 228/387/162 238/388/162
f 228/387/163 236/389/163 230/390/163 238/388/163
f 232/375/156 200/357/156 220/360/156
f 235/365/156 215/358/156 216/369/156 238/376/156
f 238/376/156 216/369/156 226/370/156
f 224/384/164 231/383/164 237/386/164 226/385/164
f 232/391/165 233/392/165 234/372/165 235/371/165
f 240/393/166 241/394/167 272/395/168 271/396/169
f 241/394/167 242/397/170 273/398/171 272/395/168
f 242/397/170 243/399/172 274/400/173 273/398/171
f 243/401/172 244/402/174 275/403/175 274/404/173
f 244/402/174 239/405/176 270/406/177 275/403/175
f 242/407/170 241/408/167 247/409/73 248/410/73
f 239/411/176 244/412/174 250/413/73 245/414/73
f 243/415/172 242/407/170 248/410/73 249/416/73
f 241/408/167 240/417/166 246/418/73 247/409/73
f 244/412/174 243/415/172 249/416/73 250/413/73
f 240/417/166 239/411/176 245/414/73 246/418/73
f 247/409/178 246/418/179 252/419/179 253/420/178
f 250/413/180 249/416/181 255/421/181 256/422/180
f 249/416/73 248/410/73 258/423/73 260/424/73
f 246/418/179 245/414/182 251/425/182 252/419/179
f 245/414/182 250/413/180 256/422/180 251/426/182
f 247/409/178 253/420/178 262/427/183 259/428/183
f 256/429/118 255/430/118 257/431/118
f 254/432/118 253/433/118 257/431/118
f 252/434/118 251/435/118 257/431/118
f 251/435/118 256/429/118 257/431/118
f 255/430/118 254/432/118 257/431/118
f 253/433/118 252/434/118 257/431/118
f 262/436/118 261/437/118 267/438/118 268/439/118
f 259/428/183 262/427/183 268/439/184 265/440/184
f 253/433/118 254/432/118 261/437/118 262/436/118
f 255/421/181 249/416/181 260/424/185 263/441/185
f 254/432/118 255/430/118 263/442/118 261/437/118
f 248/410/73 247/409/73 259/428/73 258/423/73
f 264/443/186 265/440/184 268/439/184 267/438/186
f 266/444/187 264/443/186 267/438/186 269/445/187
f 258/423/73 259/428/73 265/440/73 264/443/73
f 263/441/185 260/424/185 266/444/187 269/445/187
f 261/437/118 263/442/118 269/445/118 267/438/118
f 260/424/73 258/423/73 264/443/73 266/444/73
f 273/446/171 279/447/118 278/448/118 272/449/168
f 270/450/177 276/451/118 281/452/118 275/453/175
f 274/454/173 280/455/118 279/447/118 273/446/171
f 272/449/168 278/448/118 277/456/118 271/457/169
f 275/453/175 281/452/118 280/455/118 274/454/173
f 271/457/169 277/456/118 276/451/118 270/450/177
f 278/448/188 284/458/188 283/459/179 277/456/179
f 281/452/180 287/460/180 286/461/181 280/455/181
f 280/455/118 291/462/118 289/463/118 279/447/118
f 277/456/179 283/459/179 282/464/182 276/451/182
f 276/451/182 282/465/182 287/460/180 281/452/180
f 278/448/188 290/466/183 293/467/183 284/458/188
f 287/468/73 288/469/73 286/470/73
f 285/471/73 288/469/73 284/472/73
f 283/473/73 288/469/73 282/474/73
f 282/474/73 288/469/73 287/468/73
f 286/470/73 288/469/73 285/471/73
f 284/472/73 288/469/73 283/473/73
f 293/475/73 299/476/73 298/477/73 292/478/73
f 290/466/183 296/479/184 299/476/184 293/467/183
f 284/472/73 293/475/73 292/478/73 285/471/73
f 286/461/181 294/480/185 291/462/185 280/455/181
f 285/471/73 292/478/73 294/481/73 286/470/73
f 279/447/118 289/463/118 290/466/118 278/448/118
f 295/482/186 298/477/186 299/476/184 296/479/184
f 297/483/187 300/484/187 298/477/186 295/482/186
f 289/463/118 295/482/118 296/479/118 290/466/118
f 294/480/185 300/484/187 297/483/187 291/462/185
f 292/478/73 298/477/73 300/484/73 294/481/73
f 291/462/118 297/483/118 295/482/118 289/463/118
f 239/405/176 240/393/166 271/396/169 270/406/177
f 302/485/189 305/486/189 313/487/189 310/488/189
f 302/489/190 301/490/190 303/491/190 304/492/190
f 302/493/191 304/494/191 306/495/191 305/496/191
f 305/486/156 307/497/156 315/498/156 313/487/156
f 305/496/156 306/495/156 308/499/156 307/500/156
f 307/501/192 302/502/192 310/503/192 315/504/192
f 302/505/193 307/506/193 308/507/193 304/494/193
f 306/495/194 304/494/194 308/507/194
f 310/508/195 312/509/195 311/510/195 309/511/195
f 310/512/196 313/513/196 314/514/196 312/515/196
f 313/513/156 315/516/156 316/517/156 314/514/156
f 310/518/197 312/515/197 316/519/197 315/520/197
f 314/514/198 316/519/198 312/515/198
f 309/511/199 301/490/199 302/489/199 310/508/199
f 317/521/73 318/522/73 320/523/73 319/524/73
f 319/525/88 320/523/88 324/526/88 323/527/88
f 323/528/118 324/526/118 322/529/118 321/530/118
f 321/531/89 322/529/89 318/522/89 317/532/89
f 319/524/156 323/533/156 321/534/156 317/521/156
f 324/526/147 320/523/147 318/522/147 322/529/147
f 325/535/88 327/536/88 328/537/88 326/538/88
f 327/536/118 331/539/118 332/540/118 328/537/118
f 331/539/89 329/541/89 330/542/89 332/540/89
f 329/543/73 325/535/73 326/538/73 330/544/73
f 327/536/200 333/545/200 335/546/200 331/539/200
f 332/540/156 330/542/156 326/538/156 328/537/156
f 333/547/147 334/548/147 336/549/147 335/550/147
f 325/535/201 334/551/201 333/552/201 327/536/201
f 331/539/202 335/553/202 336/554/202 329/541/202
f 329/543/203 336/555/203 334/556/203 325/535/203
f 337/535/88 339/536/88 340/537/88 338/538/88
f 339/536/118 343/539/118 344/540/118 340/537/118
f 343/539/89 341/541/89 342/542/89 344/540/89
f 341/543/73 337/535/73 338/538/73 342/544/73
f 339/536/200 345/545/200 347/546/200 343/539/200
f 344/540/156 342/542/156 338/538/156 340/537/156
f 345/547/147 346/548/147 348/549/147 347/550/147
f 337/535/201 346/551/201 345/552/201 339/536/201
f 343/539/202 347/553/202 348/554/202 341/541/202
f 341/543/203 348/555/203 346/556/203 337/535/203
f 349/535/88 351/536/88 352/537/88 350/538/88
f 351/536/118 355/539/118 356/540/118 352/537/118
f 355/539/89 353/541/89 354/542/89 356/540/89
f 353/543/73 349/535/73 350/538/73 354/544/73
f 351/536/200 357/545/200 359/546/200 355/539/200
f 356/540/156 354/542/156 350/538/156 352/537/156
f 357/547/147 358/548/147 360/549/147 359/550/147
f 349/535/201 358/551/201 357/552/201 351/536/201
f 355/539/202 359/553/202 360/554/202 353/541/202
f 353/543/203 360/555/203 358/556/203 349/535/203
f 361/535/88 363/536/88 364/537/88 362/538/88
f 363/536/118 367/539/118 368/540/118 364/537/118
f 367/539/89 365/541/89 366/542/89 368/540/89
f 365/543/73 361/535/73 362/538/73 366/544/73
f 363/536/200 369/545/200 371/546/200 367/539/200
f 368/540/156 366/542/156 362/538/156 364/537/156
f 369/547/147 370/548/147 372/549/147 371/550/147
f 361/535/201 370/551/201 369/552/201 363/536/201
f 367/539/202 371/553/202 372/554/202 365/541/202
f 365/543/203 372/555/203 370/556/203 361/535/203
f 373/557/73 375/558/73 376/559/73 374/560/73
f 375/561/89 379/562/89 380/563/89 376/564/89
f 379/562/118 377/565/118 378/566/118 380/563/118
f 377/565/88 373/557/88 374/560/88 378/566/88
f 381/567/73 382/568/73 384/569/73 383/570/73
f 383/571/88 384/572/88 388/573/88 387/574/88
f 387/574/118 388/573/118 386/575/118 385/576/118
f 385/576/89 386/575/89 382/568/89 381/567/89
f 389/577/73 390/578/73 392/579/73 391/580/73
f 391/580/88 392/579/88 396/581/88 395/582/88
f 395/583/118 396/584/118 394/585/118 393/586/118
f 393/586/89 394/585/89 390/578/89 389/577/89
f 397/587/73 399/588/73 400/589/73 398/590/73
f 399/588/89 403/591/89 404/592/89 400/589/89
f 403/593/118 401/594/118 402/595/118 404/596/118
f 401/594/88 397/587/88 398/590/88 402/595/88
f 406/597/118 409/598/118 415/599/118 412/600/118
f 411/601/204 407/602/204 405/603/204 406/604/204 412/605/204
f 413/606/73 416/607/73 410/608/73 407/602/73 411/601/73
f 406/609/89 405/610/89 408/611/89 409/612/89
f 412/613/88 415/614/88 414/615/88 411/616/88
f 417/617/205 418/618/205 420/619/205 419/620/205
f 417/617/206 419/620/206 422/621/206 421/622/206
o donut_stand.001
v -1.062972 2.907636 6.398217
v -1.062972 2.907636 6.654642
v -0.729383 2.907636 6.398217
v -0.729383 2.907636 6.654642
v -0.635501 3.030748 6.326051
v -1.156855 3.030748 6.326051
v -1.156855 3.030748 6.726808
v -0.635501 3.030748 6.726808
v -1.062972 2.931392 6.398217
v -1.062972 2.931392 6.654642
v -0.729383 2.931392 6.398217
v -0.729383 2.931392 6.654642
v -0.635501 3.054504 6.326051
v -1.156855 3.054504 6.326051
v -1.156855 3.054504 6.726808
v -0.635501 3.054504 6.726808
v -1.062972 2.968125 6.398217
v -1.062972 2.968125 6.654642
v -0.729383 2.968125 6.398217
v -0.729383 2.968125 6.654642
v -0.635501 3.091237 6.326051
v -1.156855 3.091237 6.326051
v -1.156855 3.091237 6.726808
v -0.635501 3.091237 6.726808
v -1.062972 2.991881 6.398217
v -1.062972 2.991881 6.654642
v -0.729383 2.991881 6.398217
v -0.729383 2.991881 6.654642
v -0.635501 3.114993 6.326051
v -1.156855 3.114993 6.326051
v -1.156855 3.114993 6.726808
v -0.635501 3.114993 6.726808
v -1.062972 3.017137 6.398217
v -1.062972 3.017137 6.654642
v -0.729383 3.017137 6.398217
v -0.729383 3.017137 6.654642
v -0.635501 3.140249 6.326051
v -1.156855 3.140249 6.326051
v -1.156855 3.140249 6.726808
v -0.635501 3.140249 6.726808
v -1.062972 3.040893 6.398217
v -1.062972 3.040893 6.654642
v -0.729383 3.040893 6.398217
v -0.729383 3.040893 6.654642
v -0.635501 3.164005 6.326051
v -1.156855 3.164005 6.326051
v -1.156855 3.164005 6.726808
v -0.635501 3.164005 6.726808
v -1.062972 3.077626 6.398217
v -1.062972 3.077626 6.654642
v -0.729383 3.077626 6.398217
v -0.729383 3.077626 6.654642
v -0.635501 3.200738 6.326051
v -1.156855 3.200738 6.326051
v -1.156855 3.200738 6.726808
v -0.635501 3.200738 6.726808
v -1.062972 3.101382 6.398217
v -1.062972 3.101382 6.654642
v -0.729383 3.101382 6.398217
v -0.729383 3.101382 6.654642
v -0.635501 3.224494 6.326051
v -1.156855 3.224494 6.326051
v -1.156855 3.224494 6.726808
v -0.635501 3.224494 6.726808
v -1.062972 3.128270 6.398218
v -1.062972 3.128270 6.654643
v -0.729383 3.128270 6.398218
v -0.729383 3.128270 6.654643
v -0.635501 3.251382 6.326051
v -1.156855 3.251382 6.326051
v -1.156855 3.251382 6.726808
v -0.635501 3.251382 6.726808
v -1.062972 3.152026 6.398218
v -1.062972 3.152026 6.654643
v -0.729383 3.152026 6.398218
v -0.729383 3.152026 6.654643
v -0.635501 3.275138 6.326051
v -1.156855 3.275138 6.326051
v -1.156855 3.275138 6.726808
v -0.635501 3.275138 6.726808
v -1.062972 3.188759 6.398217
v -1.062972 3.188759 6.654642
v -0.729383 3.188759 6.398217
v -0.729383 3.188759 6.654642
v -0.635501 3.311871 6.326051
v -1.156855 3.311871 6.326051
v -1.156855 3.311871 6.726808
v -0.635501 3.311871 6.726808
v -1.062972 3.212514 6.398217
v -1.062972 3.212514 6.654642
v -0.729383 3.212514 6.398217
v -0.729383 3.212514 6.654642
v -0.635501 3.335627 6.326051
v -1.156855 3.335627 6.326051
v -1.156855 3.335627 6.726808
v -0.635501 3.335627 6.726808
v -1.062972 3.237771 6.398217
v -1.062972 3.237771 6.654642
v -0.729383 3.237771 6.398217
v -0.729383 3.237771 6.654642
v -0.635501 3.360883 6.326051
v -1.156855 3.360883 6.326051
v -1.156855 3.360883 6.726808
v -0.635501 3.360883 6.726808
v -1.062972 3.261526 6.398217
v -1.062972 3.261526 6.654642
v -0.729383 3.261526 6.398217
v -0.729383 3.261526 6.654642
v -0.635501 3.384638 6.326051
v -1.156855 3.384638 6.326051
v -1.156855 3.384638 6.726808
v -0.635501 3.384638 6.726808
v -1.062972 3.298259 6.398217
v -1.062972 3.298259 6.654642
v -0.729383 3.298259 6.398217
v -0.729383 3.298259 6.654642
v -0.635501 3.421371 6.326051
v -1.156855 3.421371 6.326051
v -1.156855 3.421371 6.726808
v -0.635501 3.421371 6.726808
v -1.062972 3.322015 6.398217
v -1.062972 3.322015 6.654642
v -0.729383 3.322015 6.398217
v -0.729383 3.322015 6.654642
v -0.635501 3.445127 6.326051
v -1.156855 3.445127 6.326051
v -1.156855 3.445127 6.726808
v -0.635501 3.445127 6.726808
vn -0.0000 1.0000 -0.0000
vn -0.7952 0.6064 -0.0000
vn 0.7952 0.6064 -0.0000
vn -0.0000 0.5057 -0.8627
vn -0.0000 0.5057 0.8627
vt 0.110304 0.426665
vt 0.110304 0.366406
vt 0.050044 0.366406
vt 0.050044 0.426665
vt 0.022077 0.349447
vt 0.022077 0.443624
vt 0.138271 0.443624
vt 0.138271 0.349447
vt 0.127263 0.338439
vt 0.033085 0.338439
vt 0.033085 0.454633
vt 0.127263 0.454633
s 1
usemtl donut_stand
f 423/623/207 424/624/207 426/625/207 425/626/207
f 426/625/208 430/627/208 427/628/208 425/626/208
f 423/623/209 428/629/209 429/630/209 424/624/209
f 424/624/210 429/631/210 430/632/210 426/625/210
f 425/626/211 427/633/211 428/634/211 423/623/211
f 431/623/207 432/624/207 434/625/207 433/626/207
f 434/625/208 438/627/208 435/628/208 433/626/208
f 431/623/209 436/629/209 437/630/209 432/624/209
f 432/624/210 437/631/210 438/632/210 434/625/210
f 433/626/211 435/633/211 436/634/211 431/623/211
f 439/623/207 440/624/207 442/625/207 441/626/207
f 442/625/208 446/627/208 443/628/208 441/626/208
f 439/623/209 444/629/209 445/630/209 440/624/209
f 440/624/210 445/631/210 446/632/210 442/625/210
f 441/626/211 443/633/211 444/634/211 439/623/211
f 447/623/207 448/624/207 450/625/207 449/626/207
f 450/625/208 454/627/208 451/628/208 449/626/208
f 447/623/209 452/629/209 453/630/209 448/624/209
f 448/624/210 453/631/210 454/632/210 450/625/210
f 449/626/211 451/633/211 452/634/211 447/623/211
f 455/623/207 456/624/207 458/625/207 457/626/207
f 458/625/208 462/627/208 459/628/208 457/626/208
f 455/623/209 460/629/209 461/630/209 456/624/209
f 456/624/210 461/631/210 462/632/210 458/625/210
f 457/626/211 459/633/211 460/634/211 455/623/211
f 463/623/207 464/624/207 466/625/207 465/626/207
f 466/625/208 470/627/208 467/628/208 465/626/208
f 463/623/209 468/629/209 469/630/209 464/624/209
f 464/624/210 469/631/210 470/632/210 466/625/210
f 465/626/211 467/633/211 468/634/211 463/623/211
f 471/623/207 472/624/207 474/625/207 473/626/207
f 474/625/208 478/627/208 475/628/208 473/626/208
f 471/623/209 476/629/209 477/630/209 472/624/209
f 472/624/210 477/631/210 478/632/210 474/625/210
f 473/626/211 475/633/211 476/634/211 471/623/211
f 479/623/207 480/624/207 482/625/207 481/626/207
f 482/625/208 486/627/208 483/628/208 481/626/208
f 479/623/209 484/629/209 485/630/209 480/624/209
f 480/624/210 485/631/210 486/632/210 482/625/210
f 481/626/211 483/633/211 484/634/211 479/623/211
f 487/623/207 488/624/207 490/625/207 489/626/207
f 490/625/208 494/627/208 491/628/208 489/626/208
f 487/623/209 492/629/209 493/630/209 488/624/209
f 488/624/210 493/631/210 494/632/210 490/625/210
f 489/626/211 491/633/211 492/634/211 487/623/211
f 495/623/207 496/624/207 498/625/207 497/626/207
f 498/625/208 502/627/208 499/628/208 497/626/208
f 495/623/209 500/629/209 501/630/209 496/624/209
f 496/624/210 501/631/210 502/632/210 498/625/210
f 497/626/211 499/633/211 500/634/211 495/623/211
f 503/623/207 504/624/207 506/625/207 505/626/207
f 506/625/208 510/627/208 507/628/208 505/626/208
f 503/623/209 508/629/209 509/630/209 504/624/209
f 504/624/210 509/631/210 510/632/210 506/625/210
f 505/626/211 507/633/211 508/634/211 503/623/211
f 511/623/207 512/624/207 514/625/207 513/626/207
f 514/625/208 518/627/208 515/628/208 513/626/208
f 511/623/209 516/629/209 517/630/209 512/624/209
f 512/624/210 517/631/210 518/632/210 514/625/210
f 513/626/211 515/633/211 516/634/211 511/623/211
f 519/623/207 520/624/207 522/625/207 521/626/207
f 522/625/208 526/627/208 523/628/208 521/626/208
f 519/623/209 524/629/209 525/630/209 520/624/209
f 520/624/210 525/631/210 526/632/210 522/625/210
f 521/626/211 523/633/211 524/634/211 519/623/211
f 527/623/207 528/624/207 530/625/207 529/626/207
f 530/625/208 534/627/208 531/628/208 529/626/208
f 527/623/209 532/629/209 533/630/209 528/624/209
f 528/624/210 533/631/210 534/632/210 530/625/210
f 529/626/211 531/633/211 532/634/211 527/623/211
f 535/623/207 536/624/207 538/625/207 537/626/207
f 538/625/208 542/627/208 539/628/208 537/626/208
f 535/623/209 540/629/209 541/630/209 536/624/209
f 536/624/210 541/631/210 542/632/210 538/625/210
f 537/626/211 539/633/211 540/634/211 535/623/211
f 543/623/207 544/624/207 546/625/207 545/626/207
f 546/625/208 550/627/208 547/628/208 545/626/208
f 543/623/209 548/629/209 549/630/209 544/624/209
f 544/624/210 549/631/210 550/632/210 546/625/210
f 545/626/211 547/633/211 548/634/211 543/623/211
o vanilla_donut!!
v -0.777846 2.231654 6.733792
v -0.768050 2.200569 6.733792
v -0.741927 2.180611 6.733792
v -0.708512 2.179558 6.733792
v -0.680378 2.198859 6.733792
v -0.669335 2.231654 6.733792
v -0.680378 2.264449 6.733792
v -0.708512 2.283751 6.733792
v -0.741927 2.282697 6.733792
v -0.768050 2.262739 6.733792
v -0.758106 2.231654 6.807461
v -0.749622 2.200569 6.802563
v -0.727000 2.180611 6.789502
v -0.698061 2.179558 6.772794
v -0.673697 2.198859 6.758728
v -0.664132 2.231654 6.753205
v -0.673697 2.264449 6.758728
v -0.698061 2.283751 6.772794
v -0.727000 2.282697 6.789502
v -0.749622 2.262739 6.802563
v -0.704177 2.231654 6.861391
v -0.699278 2.200569 6.852907
v -0.686217 2.180611 6.830284
v -0.669509 2.179558 6.801345
v -0.655443 2.198859 6.776981
v -0.649921 2.231654 6.767417
v -0.655443 2.264449 6.776981
v -0.669509 2.283751 6.801345
v -0.686217 2.282697 6.830284
v -0.699278 2.262739 6.852907
v -0.630508 2.231654 6.881129
v -0.630508 2.200569 6.871334
v -0.630508 2.180611 6.845211
v -0.630508 2.179558 6.811796
v -0.630508 2.198859 6.783663
v -0.630508 2.231654 6.772619
v -0.630508 2.264449 6.783663
v -0.630508 2.283751 6.811796
v -0.630508 2.282697 6.845211
v -0.630508 2.262739 6.871334
v -0.556839 2.231654 6.861391
v -0.561736 2.200569 6.852907
v -0.574798 2.180611 6.830284
v -0.591505 2.179558 6.801345
v -0.605572 2.198859 6.776981
v -0.611094 2.231654 6.767417
v -0.605572 2.264449 6.776981
v -0.591505 2.283751 6.801345
v -0.574798 2.282697 6.830284
v -0.561736 2.262739 6.852907
v -0.502910 2.231654 6.807461
v -0.511393 2.200569 6.802563
v -0.534016 2.180611 6.789502
v -0.562954 2.179558 6.772794
v -0.587319 2.198859 6.758728
v -0.596882 2.231654 6.753205
v -0.587319 2.264449 6.758728
v -0.562954 2.283751 6.772794
v -0.534016 2.282697 6.789502
v -0.511393 2.262739 6.802563
v -0.483170 2.231654 6.733792
v -0.492966 2.200569 6.733792
v -0.519089 2.180611 6.733792
v -0.552504 2.179558 6.733792
v -0.580637 2.198859 6.733792
v -0.591681 2.231654 6.733792
v -0.580637 2.264449 6.733792
v -0.552504 2.283751 6.733792
v -0.519089 2.282697 6.733792
v -0.492966 2.262739 6.733792
v -0.502910 2.231654 6.660123
v -0.511393 2.200569 6.665021
v -0.534016 2.180611 6.678082
v -0.562954 2.179558 6.694790
v -0.587319 2.198859 6.708857
v -0.596882 2.231654 6.714378
v -0.587319 2.264449 6.708857
v -0.562954 2.283751 6.694790
v -0.534016 2.282697 6.678082
v -0.511393 2.262739 6.665021
v -0.556839 2.231654 6.606194
v -0.561736 2.200569 6.614677
v -0.574798 2.180611 6.637300
v -0.591505 2.179558 6.666239
v -0.605572 2.198859 6.690603
v -0.611094 2.231654 6.700167
v -0.605572 2.264449 6.690603
v -0.591505 2.283751 6.666239
v -0.574798 2.282697 6.637300
v -0.561736 2.262739 6.614677
v -0.630508 2.231654 6.586454
v -0.630508 2.200569 6.596250
v -0.630508 2.180611 6.622373
v -0.630508 2.179558 6.655788
v -0.630508 2.198859 6.683921
v -0.630508 2.231654 6.694965
v -0.630508 2.264449 6.683921
v -0.630508 2.283751 6.655788
v -0.630508 2.282697 6.622373
v -0.630508 2.262739 6.596250
v -0.704177 2.231654 6.606194
v -0.699278 2.200569 6.614677
v -0.686217 2.180611 6.637300
v -0.669509 2.179558 6.666239
v -0.655443 2.198859 6.690603
v -0.649921 2.231654 6.700167
v -0.655443 2.264449 6.690603
v -0.669509 2.283751 6.666239
v -0.686217 2.282697 6.637300
v -0.699278 2.262739 6.614677
v -0.758106 2.231654 6.660123
v -0.749622 2.200569 6.665021
v -0.727000 2.180611 6.678082
v -0.698061 2.179558 6.694790
v -0.673697 2.198859 6.708857
v -0.664132 2.231654 6.714378
v -0.673697 2.264449 6.708857
v -0.698061 2.283751 6.694790
v -0.727000 2.282697 6.678082
v -0.749622 2.262739 6.665021
v -0.874706 2.168388 6.733792
v -0.845363 2.154203 6.733792
v -0.812923 2.159533 6.733792
v -0.789244 2.183133 6.733792
v -0.784002 2.216846 6.733792
v -0.800301 2.247372 6.733792
v -0.831745 2.261821 6.733792
v -0.865085 2.254577 6.733792
v -0.887230 2.229533 6.733792
v -0.890616 2.196833 6.733792
v -0.861171 2.182756 6.807461
v -0.832727 2.167617 6.802563
v -0.802688 2.170398 6.789502
v -0.782078 2.190740 6.772794
v -0.779421 2.221709 6.758728
v -0.796734 2.251158 6.753205
v -0.827163 2.266684 6.758728
v -0.857919 2.262184 6.772794
v -0.876995 2.240398 6.789502
v -0.877980 2.210246 6.802563
v -0.824192 2.222011 6.861391
v -0.798207 2.204261 6.852907
v -0.774723 2.200083 6.830284
v -0.762500 2.211522 6.801345
v -0.766904 2.234996 6.776981
v -0.786989 2.261503 6.767417
v -0.814646 2.279971 6.776981
v -0.838341 2.282967 6.801345
v -0.849031 2.270083 6.830284
v -0.843460 2.246891 6.852907
v -0.773678 2.275633 6.881129
v -0.751051 2.254318 6.871334
v -0.736524 2.240633 6.845211
v -0.735757 2.239911 6.811796
v -0.749807 2.253146 6.783663
v -0.773678 2.275633 6.772619
v -0.797549 2.298121 6.783663
v -0.811598 2.311356 6.811796
v -0.810831 2.310633 6.845211
v -0.796304 2.296948 6.871334
v -0.723163 2.329256 6.861391
v -0.703895 2.304376 6.852907
v -0.698324 2.281184 6.830284
v -0.709013 2.268301 6.801345
v -0.732708 2.271297 6.776981
v -0.760366 2.289764 6.767417
v -0.780450 2.316271 6.776981
v -0.784854 2.339745 6.801345
v -0.772631 2.351184 6.830284
v -0.749148 2.347006 6.852907
v -0.686184 2.368511 6.807461
v -0.669375 2.341021 6.802563
v -0.670360 2.310869 6.789502
v -0.689436 2.289082 6.772794
v -0.720192 2.284583 6.758728
v -0.750621 2.300109 6.753205
v -0.767934 2.329557 6.758728
v -0.765277 2.360527 6.772794
v -0.744667 2.380868 6.789502
v -0.714627 2.383651 6.802563
v -0.672649 2.382879 6.733792
v -0.656739 2.354434 6.733792
v -0.660125 2.321734 6.733792
v -0.682270 2.296689 6.733792
v -0.715610 2.289447 6.733792
v -0.747054 2.303895 6.733792
v -0.763352 2.334421 6.733792
v -0.758111 2.368134 6.733792
v -0.734432 2.391734 6.733792
v -0.701992 2.397063 6.733792
v -0.686184 2.368511 6.660123
v -0.669375 2.341021 6.665021
v -0.670360 2.310869 6.678082
v -0.689436 2.289082 6.694790
v -0.720192 2.284583 6.708857
v -0.750621 2.300109 6.714378
v -0.767934 2.329557 6.708857
v -0.765277 2.360527 6.694790
v -0.744667 2.380868 6.678082
v -0.714627 2.383651 6.665021
v -0.723163 2.329256 6.606194
v -0.703895 2.304376 6.614677
v -0.698324 2.281184 6.637300
v -0.709013 2.268301 6.666239
v -0.732708 2.271297 6.690603
v -0.760366 2.289764 6.700167
v -0.780450 2.316271 6.690603
v -0.784854 2.339745 6.666239
v -0.772631 2.351184 6.637300
v -0.749148 2.347006 6.614677
v -0.773678 2.275633 6.586454
v -0.751051 2.254318 6.596250
v -0.736524 2.240633 6.622373
v -0.735757 2.239911 6.655788
v -0.749807 2.253146 6.683921
v -0.773678 2.275633 6.694965
v -0.797549 2.298121 6.683921
v -0.811598 2.311356 6.655788
v -0.810831 2.310633 6.622373
v -0.796304 2.296948 6.596250
v -0.824192 2.222011 6.606194
v -0.798207 2.204261 6.614677
v -0.774723 2.200083 6.637300
v -0.762500 2.211522 6.666239
v -0.766904 2.234996 6.690603
v -0.786989 2.261503 6.700167
v -0.814646 2.279971 6.690603
v -0.838341 2.282967 6.666239
v -0.849031 2.270083 6.637300
v -0.843460 2.246891 6.614677
v -0.861171 2.182756 6.660123
v -0.832727 2.167617 6.665021
v -0.802688 2.170398 6.678082
v -0.782078 2.190740 6.694790
v -0.779421 2.221709 6.708857
v -0.796734 2.251158 6.714378
v -0.827163 2.266684 6.708857
v -0.857919 2.262184 6.694790
v -0.876995 2.240398 6.678082
v -0.877980 2.210246 6.665021
v -0.988595 2.168388 6.733792
v -0.959252 2.154203 6.733792
v -0.926812 2.159533 6.733792
v -0.903133 2.183133 6.733792
v -0.897892 2.216846 6.733792
v -0.914190 2.247372 6.733792
v -0.945634 2.261821 6.733792
v -0.978974 2.254577 6.733792
v -1.001119 2.229533 6.733792
v -1.004505 2.196833 6.733792
v -0.975060 2.182756 6.807461
v -0.946616 2.167617 6.802563
v -0.916577 2.170398 6.789502
v -0.895967 2.190740 6.772794
v -0.893310 2.221709 6.758728
v -0.910623 2.251158 6.753205
v -0.941052 2.266684 6.758728
v -0.971808 2.262184 6.772794
v -0.990884 2.240398 6.789502
v -0.991869 2.210246 6.802563
v -0.938081 2.222011 6.861391
v -0.912096 2.204261 6.852907
v -0.888612 2.200083 6.830284
v -0.876389 2.211522 6.801345
v -0.880793 2.234996 6.776981
v -0.900878 2.261503 6.767417
v -0.928535 2.279971 6.776981
v -0.952230 2.282967 6.801345
v -0.962920 2.270083 6.830284
v -0.957349 2.246891 6.852907
v -0.887567 2.275633 6.881129
v -0.864940 2.254318 6.871334
v -0.850413 2.240633 6.845211
v -0.849646 2.239911 6.811796
v -0.863696 2.253146 6.783663
v -0.887567 2.275633 6.772619
v -0.911438 2.298121 6.783663
v -0.925487 2.311356 6.811796
v -0.924720 2.310633 6.845211
v -0.910193 2.296948 6.871334
v -0.837052 2.329256 6.861391
v -0.817784 2.304376 6.852907
v -0.812213 2.281184 6.830284
v -0.822902 2.268301 6.801345
v -0.846597 2.271297 6.776981
v -0.874255 2.289764 6.767417
v -0.894339 2.316271 6.776981
v -0.898743 2.339745 6.801345
v -0.886520 2.351184 6.830284
v -0.863037 2.347006 6.852907
v -0.800073 2.368511 6.807461
v -0.783264 2.341021 6.802563
v -0.784249 2.310869 6.789502
v -0.803325 2.289082 6.772794
v -0.834081 2.284583 6.758728
v -0.864510 2.300109 6.753205
v -0.881823 2.329557 6.758728
v -0.879166 2.360527 6.772794
v -0.858556 2.380868 6.789502
v -0.828516 2.383651 6.802563
v -0.786538 2.382879 6.733792
v -0.770628 2.354434 6.733792
v -0.774014 2.321734 6.733792
v -0.796159 2.296689 6.733792
v -0.829499 2.289447 6.733792
v -0.860943 2.303895 6.733792
v -0.877241 2.334421 6.733792
v -0.872000 2.368134 6.733792
v -0.848321 2.391734 6.733792
v -0.815881 2.397063 6.733792
v -0.800073 2.368511 6.660123
v -0.783264 2.341021 6.665021
v -0.784249 2.310869 6.678082
v -0.803325 2.289082 6.694790
v -0.834081 2.284583 6.708857
v -0.864510 2.300109 6.714378
v -0.881823 2.329557 6.708857
v -0.879166 2.360527 6.694790
v -0.858556 2.380868 6.678082
v -0.828516 2.383651 6.665021
v -0.837052 2.329256 6.606194
v -0.817784 2.304376 6.614677
v -0.812213 2.281184 6.637300
v -0.822902 2.268301 6.666239
v -0.846597 2.271297 6.690603
v -0.874255 2.289764 6.700167
v -0.894339 2.316271 6.690603
v -0.898743 2.339745 6.666239
v -0.886520 2.351184 6.637300
v -0.863037 2.347006 6.614677
v -0.887567 2.275633 6.586454
v -0.864940 2.254318 6.596250
v -0.850413 2.240633 6.622373
v -0.849646 2.239911 6.655788
v -0.863696 2.253146 6.683921
v -0.887567 2.275633 6.694965
v -0.911438 2.298121 6.683921
v -0.925487 2.311356 6.655788
v -0.924720 2.310633 6.622373
v -0.910193 2.296948 6.596250
v -0.938081 2.222011 6.606194
v -0.912096 2.204261 6.614677
v -0.888612 2.200083 6.637300
v -0.876389 2.211522 6.666239
v -0.880793 2.234996 6.690603
v -0.900878 2.261503 6.700167
v -0.928535 2.279971 6.690603
v -0.952230 2.282967 6.666239
v -0.962920 2.270083 6.637300
v -0.957349 2.246891 6.614677
v -0.975060 2.182756 6.660123
v -0.946616 2.167617 6.665021
v -0.916577 2.170398 6.678082
v -0.895967 2.190740 6.694790
v -0.893310 2.221709 6.708857
v -0.910623 2.251158 6.714378
v -0.941052 2.266684 6.708857
v -0.971808 2.262184 6.694790
v -0.990884 2.240398 6.678082
v -0.991869 2.210246 6.665021
v -1.109757 2.168388 6.733995
v -1.080413 2.154203 6.733995
v -1.047974 2.159533 6.733995
v -1.024294 2.183133 6.733995
v -1.019053 2.216846 6.733995
v -1.035351 2.247372 6.733995
v -1.066795 2.261821 6.733995
v -1.100135 2.254577 6.733995
v -1.122281 2.229533 6.733995
v -1.125666 2.196833 6.733995
v -1.096221 2.182756 6.807664
v -1.067778 2.167617 6.802766
v -1.037738 2.170398 6.789705
v -1.017128 2.190740 6.772997
v -1.014472 2.221709 6.758931
v -1.031784 2.251158 6.753408
v -1.062214 2.266684 6.758931
v -1.092969 2.262184 6.772997
v -1.112046 2.240398 6.789705
v -1.113030 2.210246 6.802766
v -1.059242 2.222011 6.861593
v -1.033257 2.204261 6.853110
v -1.009774 2.200083 6.830486
v -0.997551 2.211522 6.801548
v -1.001955 2.234996 6.777184
v -1.022040 2.261503 6.767620
v -1.049697 2.279971 6.777184
v -1.073392 2.282967 6.801548
v -1.084081 2.270083 6.830486
v -1.078510 2.246891 6.853110
v -1.008728 2.275633 6.881332
v -0.986102 2.254318 6.871537
v -0.971574 2.240633 6.845414
v -0.970808 2.239911 6.811999
v -0.984857 2.253146 6.783866
v -1.008728 2.275633 6.772822
v -1.032599 2.298121 6.783866
v -1.046648 2.311356 6.811999
v -1.045882 2.310633 6.845414
v -1.031354 2.296948 6.871537
v -0.958214 2.329256 6.861593
v -0.938945 2.304376 6.853110
v -0.933375 2.281184 6.830486
v -0.944064 2.268301 6.801548
v -0.967759 2.271297 6.777184
v -0.995416 2.289764 6.767620
v -1.015501 2.316271 6.777184
v -1.019905 2.339745 6.801548
v -1.007682 2.351184 6.830486
v -0.984198 2.347006 6.853110
v -0.921234 2.368511 6.807664
v -0.904425 2.341021 6.802766
v -0.905410 2.310869 6.789705
v -0.924487 2.289082 6.772997
v -0.955242 2.284583 6.758931
v -0.985671 2.300109 6.753408
v -1.002985 2.329557 6.758931
v -1.000327 2.360527 6.772997
v -0.979718 2.380868 6.789705
v -0.949678 2.383651 6.802766
v -0.907699 2.382879 6.733995
v -0.891790 2.354434 6.733995
v -0.895175 2.321734 6.733995
v -0.917320 2.296689 6.733995
v -0.950660 2.289447 6.733995
v -0.982105 2.303895 6.733995
v -0.998403 2.334421 6.733995
v -0.993161 2.368134 6.733995
v -0.969482 2.391734 6.733995
v -0.937043 2.397063 6.733995
v -0.921234 2.368511 6.660326
v -0.904425 2.341021 6.665224
v -0.905410 2.310869 6.678285
v -0.924487 2.289082 6.694993
v -0.955242 2.284583 6.709060
v -0.985671 2.300109 6.714581
v -1.002985 2.329557 6.709060
v -1.000327 2.360527 6.694993
v -0.979718 2.380868 6.678285
v -0.949678 2.383651 6.665224
v -0.958214 2.329256 6.606397
v -0.938945 2.304376 6.614880
v -0.933375 2.281184 6.637504
v -0.944064 2.268301 6.666441
v -0.967759 2.271297 6.690806
v -0.995416 2.289764 6.700370
v -1.015501 2.316271 6.690806
v -1.019905 2.339745 6.666441
v -1.007682 2.351184 6.637504
v -0.984198 2.347006 6.614880
v -1.008728 2.275633 6.586658
v -0.986102 2.254318 6.596453
v -0.971574 2.240633 6.622576
v -0.970808 2.239911 6.655991
v -0.984857 2.253146 6.684124
v -1.008728 2.275633 6.695168
v -1.032599 2.298121 6.684124
v -1.046648 2.311356 6.655991
v -1.045882 2.310633 6.622576
v -1.031354 2.296948 6.596453
v -1.059242 2.222011 6.606397
v -1.033257 2.204261 6.614880
v -1.009774 2.200083 6.637504
v -0.997551 2.211522 6.666441
v -1.001955 2.234996 6.690806
v -1.022040 2.261503 6.700370
v -1.049697 2.279971 6.690806
v -1.073392 2.282967 6.666441
v -1.084081 2.270083 6.637504
v -1.078510 2.246891 6.614880
v -1.096221 2.182756 6.660326
v -1.067778 2.167617 6.665224
v -1.037738 2.170398 6.678285
v -1.017128 2.190740 6.694993
v -1.014471 2.221709 6.709060
v -1.031784 2.251158 6.714581
v -1.062214 2.266684 6.709060
v -1.092969 2.262184 6.694993
v -1.112046 2.240398 6.678285
v -1.113030 2.210246 6.665224
v -1.229074 2.168388 6.733995
v -1.199731 2.154203 6.733995
v -1.167291 2.159533 6.733995
v -1.143612 2.183133 6.733995
v -1.138371 2.216846 6.733995
v -1.154669 2.247372 6.733995
v -1.186113 2.261821 6.733995
v -1.219453 2.254577 6.733995
v -1.241599 2.229533 6.733995
v -1.244984 2.196833 6.733995
v -1.215539 2.182756 6.807664
v -1.187095 2.167617 6.802766
v -1.157056 2.170398 6.789705
v -1.136446 2.190740 6.772997
v -1.133789 2.221709 6.758931
v -1.151102 2.251158 6.753408
v -1.181531 2.266684 6.758931
v -1.212287 2.262184 6.772997
v -1.231363 2.240398 6.789705
v -1.232348 2.210246 6.802766
v -1.178560 2.222011 6.861593
v -1.152575 2.204261 6.853110
v -1.129092 2.200083 6.830486
v -1.116868 2.211522 6.801548
v -1.121272 2.234996 6.777184
v -1.141357 2.261503 6.767620
v -1.169014 2.279971 6.777184
v -1.192709 2.282967 6.801548
v -1.203399 2.270083 6.830486
v -1.197828 2.246891 6.853110
v -1.128046 2.275633 6.881332
v -1.105419 2.254318 6.871537
v -1.090892 2.240633 6.845414
v -1.090125 2.239911 6.811999
v -1.104175 2.253146 6.783866
v -1.128046 2.275633 6.772822
v -1.151917 2.298121 6.783866
v -1.165966 2.311356 6.811999
v -1.165199 2.310633 6.845414
v -1.150672 2.296948 6.871537
v -1.077531 2.329256 6.861593
v -1.058263 2.304376 6.853110
v -1.052692 2.281184 6.830486
v -1.063382 2.268301 6.801548
v -1.087076 2.271297 6.777184
v -1.114734 2.289764 6.767620
v -1.134819 2.316271 6.777184
v -1.139222 2.339745 6.801548
v -1.126999 2.351184 6.830486
v -1.103516 2.347006 6.853110
v -1.040552 2.368511 6.807664
v -1.023743 2.341021 6.802766
v -1.024728 2.310869 6.789705
v -1.043804 2.289082 6.772997
v -1.074560 2.284583 6.758931
v -1.104989 2.300109 6.753408
v -1.122302 2.329557 6.758931
v -1.119645 2.360527 6.772997
v -1.099035 2.380868 6.789705
v -1.068995 2.383651 6.802766
v -1.027017 2.382879 6.733995
v -1.011107 2.354434 6.733995
v -1.014493 2.321734 6.733995
v -1.036638 2.296689 6.733995
v -1.069978 2.289447 6.733995
v -1.101422 2.303895 6.733995
v -1.117720 2.334421 6.733995
v -1.112479 2.368134 6.733995
v -1.088800 2.391734 6.733995
v -1.056360 2.397063 6.733995
v -1.040552 2.368511 6.660326
v -1.023743 2.341021 6.665224
v -1.024728 2.310869 6.678285
v -1.043804 2.289082 6.694993
v -1.074560 2.284583 6.709060
v -1.104989 2.300109 6.714581
v -1.122302 2.329557 6.709060
v -1.119645 2.360527 6.694993
v -1.099035 2.380868 6.678285
v -1.068995 2.383651 6.665224
v -1.077531 2.329256 6.606397
v -1.058263 2.304376 6.614880
v -1.052692 2.281184 6.637504
v -1.063381 2.268301 6.666441
v -1.087076 2.271297 6.690806
v -1.114734 2.289764 6.700370
v -1.134819 2.316271 6.690806
v -1.139222 2.339745 6.666441
v -1.126999 2.351184 6.637504
v -1.103516 2.347006 6.614880
v -1.128046 2.275633 6.586658
v -1.105419 2.254318 6.596453
v -1.090892 2.240633 6.622576
v -1.090125 2.239911 6.655991
v -1.104175 2.253146 6.684124
v -1.128046 2.275633 6.695168
v -1.151917 2.298121 6.684124
v -1.165966 2.311356 6.655991
v -1.165199 2.310633 6.622576
v -1.150672 2.296948 6.596453
v -1.178560 2.222011 6.606397
v -1.152575 2.204261 6.614880
v -1.129092 2.200083 6.637504
v -1.116868 2.211522 6.666441
v -1.121272 2.234996 6.690806
v -1.141357 2.261503 6.700370
v -1.169014 2.279971 6.690806
v -1.192709 2.282967 6.666441
v -1.203399 2.270083 6.637504
v -1.197828 2.246891 6.614880
v -1.215539 2.182756 6.660326
v -1.187095 2.167617 6.665224
v -1.157056 2.170398 6.678285
v -1.136446 2.190740 6.694993
v -1.133789 2.221709 6.709060
v -1.151102 2.251158 6.714581
v -1.181531 2.266684 6.709060
v -1.212287 2.262184 6.694993
v -1.231363 2.240398 6.678285
v -1.232348 2.210246 6.665224
v -1.243652 2.231654 6.465177
v -1.233856 2.200569 6.465177
v -1.207733 2.180611 6.465177
v -1.174318 2.179558 6.465177
v -1.146184 2.198859 6.465177
v -1.135141 2.231654 6.465177
v -1.146184 2.264449 6.465177
v -1.174318 2.283751 6.465177
v -1.207733 2.282697 6.465177
v -1.233856 2.262739 6.465177
v -1.223912 2.231654 6.538846
v -1.215428 2.200569 6.533948
v -1.192806 2.180611 6.520887
v -1.163867 2.179558 6.504179
v -1.139503 2.198859 6.490113
v -1.129939 2.231654 6.484591
v -1.139503 2.264449 6.490113
v -1.163867 2.283751 6.504179
v -1.192806 2.282697 6.520887
v -1.215428 2.262739 6.533948
v -1.169983 2.231654 6.592776
v -1.165084 2.200569 6.584292
v -1.152023 2.180611 6.561669
v -1.135316 2.179558 6.532731
v -1.121249 2.198859 6.508367
v -1.115727 2.231654 6.498803
v -1.121249 2.264449 6.508367
v -1.135316 2.283751 6.532731
v -1.152023 2.282697 6.561669
v -1.165084 2.262739 6.584292
v -1.096314 2.231654 6.612514
v -1.096314 2.200569 6.602719
v -1.096314 2.180611 6.576596
v -1.096314 2.179558 6.543181
v -1.096314 2.198859 6.515048
v -1.096314 2.231654 6.504004
v -1.096314 2.264449 6.515048
v -1.096314 2.283751 6.543181
v -1.096314 2.282697 6.576596
v -1.096314 2.262739 6.602719
v -1.022645 2.231654 6.592776
v -1.027543 2.200569 6.584292
v -1.040604 2.180611 6.561669
v -1.057312 2.179558 6.532731
v -1.071378 2.198859 6.508367
v -1.076900 2.231654 6.498803
v -1.071378 2.264449 6.508367
v -1.057312 2.283751 6.532731
v -1.040604 2.282697 6.561669
v -1.027543 2.262739 6.584292
v -0.968716 2.231654 6.538846
v -0.977199 2.200569 6.533948
v -0.999822 2.180611 6.520887
v -1.028761 2.179558 6.504179
v -1.053125 2.198859 6.490113
v -1.062689 2.231654 6.484591
v -1.053125 2.264449 6.490113
v -1.028761 2.283751 6.504179
v -0.999822 2.282697 6.520887
v -0.977199 2.262739 6.533948
v -0.948976 2.231654 6.465177
v -0.958772 2.200569 6.465177
v -0.984895 2.180611 6.465177
v -1.018310 2.179558 6.465177
v -1.046443 2.198859 6.465177
v -1.057487 2.231654 6.465177
v -1.046443 2.264449 6.465177
v -1.018310 2.283751 6.465177
v -0.984895 2.282697 6.465177
v -0.958772 2.262739 6.465177
v -0.968716 2.231654 6.391508
v -0.977199 2.200569 6.396406
v -0.999822 2.180611 6.409468
v -1.028761 2.179558 6.426175
v -1.053125 2.198859 6.440242
v -1.062689 2.231654 6.445764
v -1.053125 2.264449 6.440242
v -1.028761 2.283751 6.426175
v -0.999822 2.282697 6.409468
v -0.977199 2.262739 6.396406
v -1.022645 2.231654 6.337579
v -1.027543 2.200569 6.346062
v -1.040604 2.180611 6.368686
v -1.057312 2.179558 6.397624
v -1.071378 2.198859 6.421988
v -1.076900 2.231654 6.431552
v -1.071378 2.264449 6.421988
v -1.057312 2.283751 6.397624
v -1.040604 2.282697 6.368686
v -1.027543 2.262739 6.346062
v -1.096314 2.231654 6.317840
v -1.096314 2.200569 6.327635
v -1.096314 2.180611 6.353758
v -1.096314 2.179558 6.387174
v -1.096314 2.198859 6.415307
v -1.096314 2.231654 6.426350
v -1.096314 2.264449 6.415307
v -1.096314 2.283751 6.387174
v -1.096314 2.282697 6.353758
v -1.096314 2.262739 6.327635
v -1.169983 2.231654 6.337579
v -1.165084 2.200569 6.346062
v -1.152023 2.180611 6.368686
v -1.135316 2.179558 6.397624
v -1.121249 2.198859 6.421988
v -1.115727 2.231654 6.431552
v -1.121249 2.264449 6.421988
v -1.135316 2.283751 6.397624
v -1.152023 2.282697 6.368686
v -1.165084 2.262739 6.346062
v -1.223912 2.231654 6.391508
v -1.215428 2.200569 6.396406
v -1.192806 2.180611 6.409468
v -1.163867 2.179558 6.426175
v -1.139503 2.198859 6.440242
v -1.129939 2.231654 6.445764
v -1.139503 2.264449 6.440242
v -1.163867 2.283751 6.426175
v -1.192806 2.282697 6.409468
v -1.215428 2.262739 6.396406
vn -1.0000 -0.0000 -0.0000
vn -0.8338 -0.5520 -0.0000
vn -0.7221 -0.5520 0.4169
vn -0.8660 -0.0000 0.5000
vn -0.3789 -0.9254 -0.0000
vn -0.3281 -0.9254 0.1895
vn 0.2320 -0.9727 -0.0000
vn 0.2009 -0.9727 -0.1160
vn 0.7771 -0.6294 -0.0000
vn 0.6730 -0.6294 -0.3885
vn 1.0000 -0.0000 -0.0000
vn 0.8660 -0.0000 -0.5000
vn 0.7771 0.6294 -0.0000
vn 0.6730 0.6294 -0.3885
vn 0.2320 0.9727 -0.0000
vn 0.2009 0.9727 -0.1160
vn -0.3789 0.9254 -0.0000
vn -0.3281 0.9254 0.1895
vn -0.8338 0.5520 -0.0000
vn -0.7221 0.5520 0.4169
vn -0.4169 -0.5520 0.7221
vn -0.5000 -0.0000 0.8660
vn -0.1894 -0.9254 0.3281
vn 0.1160 -0.9727 -0.2010
vn 0.3885 -0.6294 -0.6730
vn 0.5000 -0.0000 -0.8660
vn 0.3885 0.6294 -0.6730
vn 0.1160 0.9727 -0.2010
vn -0.1894 0.9254 0.3281
vn -0.4169 0.5520 0.7221
vn -0.0000 -0.5520 0.8338
vn -0.0000 -0.0000 1.0000
vn -0.0000 -0.9254 0.3789
vn -0.0000 -0.9727 -0.2320
vn -0.0000 -0.6294 -0.7771
vn -0.0000 -0.0000 -1.0000
vn -0.0000 0.6294 -0.7771
vn -0.0000 0.9727 -0.2320
vn -0.0000 0.9254 0.3789
vn -0.0000 0.5520 0.8338
vn 0.4169 -0.5520 0.7221
vn 0.5000 -0.0000 0.8660
vn 0.1894 -0.9254 0.3281
vn -0.1160 -0.9727 -0.2009
vn -0.3885 -0.6294 -0.6730
vn -0.5000 -0.0000 -0.8660
vn -0.3885 0.6294 -0.6730
vn -0.1160 0.9727 -0.2009
vn 0.1894 0.9254 0.3281
vn 0.4169 0.5520 0.7221
vn 0.7221 -0.5520 0.4169
vn 0.8660 -0.0000 0.5000
vn 0.3281 -0.9254 0.1894
vn -0.2010 -0.9727 -0.1160
vn -0.6730 -0.6294 -0.3885
vn -0.8660 -0.0000 -0.5000
vn -0.6730 0.6294 -0.3885
vn -0.2010 0.9727 -0.1160
vn 0.3281 0.9254 0.1894
vn 0.7221 0.5520 0.4169
vn 0.8338 -0.5520 -0.0000
vn 0.3789 -0.9254 -0.0000
vn -0.2320 -0.9727 -0.0000
vn -0.7771 -0.6294 -0.0000
vn -0.7771 0.6294 -0.0000
vn -0.2320 0.9727 -0.0000
vn 0.3789 0.9254 -0.0000
vn 0.8338 0.5520 -0.0000
vn 0.7221 -0.5520 -0.4169
vn 0.3281 -0.9254 -0.1894
vn -0.2009 -0.9727 0.1160
vn -0.6730 -0.6294 0.3885
vn -0.6730 0.6294 0.3885
vn -0.2009 0.9727 0.1160
vn 0.3281 0.9254 -0.1894
vn 0.7221 0.5520 -0.4169
vn 0.4169 -0.5520 -0.7221
vn 0.1894 -0.9254 -0.3281
vn -0.1160 -0.9727 0.2009
vn -0.3885 -0.6294 0.6730
vn -0.3885 0.6294 0.6730
vn -0.1160 0.9727 0.2009
vn 0.1894 0.9254 -0.3281
vn 0.4169 0.5520 -0.7221
vn -0.0000 -0.5520 -0.8338
vn -0.0000 -0.9254 -0.3789
vn -0.0000 -0.9727 0.2320
vn -0.0000 -0.6294 0.7771
vn -0.0000 0.6294 0.7771
vn -0.0000 0.9727 0.2320
vn -0.0000 0.9254 -0.3789
vn -0.0000 0.5520 -0.8338
vn -0.4169 -0.5520 -0.7221
vn -0.1894 -0.9254 -0.3281
vn 0.1160 -0.9727 0.2009
vn 0.3885 -0.6294 0.6730
vn 0.3885 0.6294 0.6730
vn 0.1160 0.9727 0.2009
vn -0.1894 0.9254 -0.3281
vn -0.4169 0.5520 -0.7221
vn -0.7221 -0.5520 -0.4169
vn -0.3281 -0.9254 -0.1895
vn 0.2009 -0.9727 0.1160
vn 0.6730 -0.6294 0.3885
vn 0.6730 0.6294 0.3885
vn 0.2009 0.9727 0.1160
vn -0.3281 0.9254 -0.1895
vn -0.7221 0.5520 -0.4169
vn -0.6857 -0.7279 -0.0000
vn -0.1699 -0.9855 -0.0000
vn -0.0933 -0.9041 0.4169
vn -0.5938 -0.6304 0.5000
vn 0.4138 -0.9104 -0.0000
vn 0.4486 -0.8734 0.1895
vn 0.8671 -0.4981 -0.0000
vn 0.8458 -0.5207 -0.1160
vn 0.9910 0.1340 -0.0000
vn 0.9196 0.0582 -0.3885
vn 0.6857 0.7279 -0.0000
vn 0.5938 0.6304 -0.5000
vn 0.0747 0.9972 -0.0000
vn 0.0033 0.9214 -0.3885
vn -0.5489 0.8359 -0.0000
vn -0.5702 0.8132 -0.1160
vn -0.9334 0.3588 -0.0000
vn -0.8986 0.3957 0.1895
vn -0.9736 -0.2284 -0.0000
vn -0.8970 -0.1471 0.4169
vn 0.1160 -0.6820 0.7221
vn -0.3428 -0.3639 0.8660
vn 0.5437 -0.7725 0.3281
vn 0.7876 -0.5825 -0.2010
vn 0.7246 -0.1488 -0.6730
vn 0.3428 0.3639 -0.8660
vn -0.1917 0.7144 -0.6730
vn -0.6285 0.7514 -0.2010
vn -0.8035 0.4967 0.3281
vn -0.6877 0.0751 0.7221
vn 0.4018 -0.3785 0.8338
vn 0.6736 -0.6346 0.3789
vn 0.7080 -0.6670 -0.2320
vn 0.4581 -0.4316 -0.7771
vn -0.4581 0.4316 -0.7771
vn -0.7080 0.6670 -0.2320
vn -0.6736 0.6346 0.3789
vn -0.4018 0.3785 0.8338
vn 0.6877 -0.0751 0.7221
vn 0.3428 0.3639 0.8660
vn 0.8035 -0.4967 0.3281
vn 0.6285 -0.7514 -0.2009
vn 0.1917 -0.7144 -0.6730
vn -0.3428 -0.3639 -0.8660
vn -0.7246 0.1488 -0.6730
vn -0.7876 0.5825 -0.2009
vn -0.5437 0.7725 0.3281
vn -0.1160 0.6820 0.7221
vn 0.8970 0.1471 0.4169
vn 0.5938 0.6304 0.5000
vn 0.8986 -0.3957 0.1894
vn 0.5702 -0.8132 -0.1160
vn -0.0033 -0.9214 -0.3885
vn -0.5938 -0.6304 -0.5000
vn -0.9196 -0.0583 -0.3885
vn -0.8458 0.5207 -0.1160
vn -0.4486 0.8734 0.1894
vn 0.0933 0.9041 0.4169
vn 0.9736 0.2284 -0.0000
vn 0.9334 -0.3588 -0.0000
vn 0.5489 -0.8359 -0.0000
vn -0.0747 -0.9972 -0.0000
vn -0.9910 -0.1340 -0.0000
vn -0.8671 0.4981 -0.0000
vn -0.4138 0.9104 -0.0000
vn 0.1699 0.9855 -0.0000
vn 0.8970 0.1471 -0.4169
vn 0.8986 -0.3957 -0.1894
vn 0.5702 -0.8132 0.1160
vn -0.0033 -0.9214 0.3885
vn -0.9196 -0.0583 0.3885
vn -0.8458 0.5207 0.1160
vn -0.4486 0.8734 -0.1894
vn 0.0933 0.9041 -0.4169
vn 0.6877 -0.0751 -0.7221
vn 0.8035 -0.4967 -0.3281
vn 0.6285 -0.7514 0.2009
vn 0.1917 -0.7144 0.6730
vn -0.7246 0.1488 0.6730
vn -0.7876 0.5825 0.2009
vn -0.5437 0.7725 -0.3281
vn -0.1160 0.6820 -0.7221
vn 0.4018 -0.3785 -0.8338
vn 0.6736 -0.6346 -0.3789
vn 0.7080 -0.6670 0.2320
vn 0.4581 -0.4316 0.7771
vn -0.4581 0.4316 0.7771
vn -0.7080 0.6670 0.2320
vn -0.6736 0.6346 -0.3789
vn -0.4018 0.3785 -0.8338
vn 0.1160 -0.6820 -0.7221
vn 0.5437 -0.7725 -0.3281
vn 0.7876 -0.5825 0.2009
vn 0.7246 -0.1488 0.6730
vn 0.3429 0.3639 0.8660
vn -0.1917 0.7144 0.6730
vn -0.6285 0.7514 0.2009
vn -0.8035 0.4967 -0.3281
vn -0.6877 0.0751 -0.7221
vn -0.0933 -0.9041 -0.4169
vn 0.4486 -0.8734 -0.1895
vn 0.8458 -0.5207 0.1160
vn 0.9196 0.0583 0.3885
vn 0.0033 0.9214 0.3885
vn -0.5702 0.8132 0.1160
vn -0.8986 0.3957 -0.1895
vn -0.8970 -0.1471 -0.4169
vn 0.9196 0.0583 -0.3885
vt 0.499232 0.476892
vt 0.500157 0.489456
vt 0.473485 0.493009
vt 0.470089 0.481337
vt 0.499048 0.502362
vt 0.476908 0.504503
vt 0.496897 0.515681
vt 0.480527 0.517090
vt 0.495507 0.529140
vt 0.484988 0.531022
vt 0.497885 0.542506
vt 0.490262 0.544524
vt 0.518192 0.585284
vt 0.526639 0.595931
vt 0.518248 0.602535
vt 0.511624 0.589662
vt 0.537619 0.603925
vt 0.525643 0.615019
vt 0.548728 0.610816
vt 0.532877 0.625928
vt 0.559127 0.618309
vt 0.539250 0.635981
vt 0.567962 0.627110
vt 0.545820 0.646121
vt 0.450801 0.504096
vt 0.443906 0.494021
vt 0.457764 0.513824
vt 0.465480 0.524338
vt 0.474567 0.536394
vt 0.483457 0.548157
vt 0.507358 0.606806
vt 0.504394 0.592369
vt 0.510425 0.621551
vt 0.513301 0.634243
vt 0.516081 0.645851
vt 0.519185 0.657635
vt 0.433065 0.521839
vt 0.423191 0.514504
vt 0.442911 0.528765
vt 0.453416 0.536164
vt 0.465936 0.544935
vt 0.478044 0.553501
vt 0.495256 0.607667
vt 0.496803 0.592912
vt 0.493614 0.622865
vt 0.492298 0.635647
vt 0.491074 0.647624
vt 0.490150 0.659892
vt 0.421968 0.544611
vt 0.410011 0.540858
vt 0.433725 0.547861
vt 0.446410 0.551569
vt 0.460965 0.556009
vt 0.474623 0.560181
vt 0.483640 0.604105
vt 0.489524 0.591079
vt 0.477375 0.618009
vt 0.471844 0.630039
vt 0.466579 0.641076
vt 0.461576 0.652596
vt 0.419017 0.570442
vt 0.406092 0.570886
vt 0.431501 0.569550
vt 0.444847 0.568307
vt 0.459487 0.567577
vt 0.473737 0.567666
vt 0.473951 0.597570
vt 0.483318 0.586802
vt 0.463631 0.608120
vt 0.454001 0.617455
vt 0.445068 0.626343
vt 0.436214 0.635881
vt 0.425659 0.597570
vt 0.412560 0.601636
vt 0.437708 0.591421
vt 0.449300 0.584375
vt 0.461480 0.578072
vt 0.474644 0.575413
vt 0.467413 0.589112
vt 0.478109 0.581000
vt 0.454636 0.593985
vt 0.441358 0.598176
vt 0.428717 0.603340
vt 0.416978 0.610671
vt 0.412217 0.601643
vt 0.425478 0.597686
vt 0.419047 0.570224
vt 0.406031 0.570544
vt 0.437706 0.591616
vt 0.431616 0.569420
vt 0.449607 0.584424
vt 0.444950 0.568389
vt 0.461669 0.578034
vt 0.459529 0.567479
vt 0.474524 0.575503
vt 0.473895 0.567930
vt 0.477606 0.581231
vt 0.467230 0.589237
vt 0.473768 0.597779
vt 0.482887 0.586695
vt 0.454475 0.594178
vt 0.463562 0.608082
vt 0.441540 0.598226
vt 0.453875 0.617286
vt 0.428972 0.603228
vt 0.444992 0.626093
vt 0.417277 0.610398
vt 0.436143 0.635536
vt 0.422276 0.544338
vt 0.410309 0.540433
vt 0.434051 0.547741
vt 0.446747 0.551655
vt 0.461498 0.555939
vt 0.475021 0.560392
vt 0.483714 0.603901
vt 0.489293 0.590822
vt 0.477178 0.617769
vt 0.471679 0.629834
vt 0.466404 0.640865
vt 0.461362 0.652371
vt 0.433664 0.521577
vt 0.423842 0.514102
vt 0.443467 0.528625
vt 0.453937 0.536128
vt 0.466481 0.544954
vt 0.478577 0.553682
vt 0.495236 0.607426
vt 0.496676 0.592588
vt 0.493544 0.622671
vt 0.492207 0.635483
vt 0.490954 0.647491
vt 0.489998 0.659796
vt 0.451647 0.503995
vt 0.444891 0.493833
vt 0.458497 0.513784
vt 0.466104 0.524356
vt 0.475107 0.536445
vt 0.484087 0.548286
vt 0.507331 0.606583
vt 0.504362 0.592016
vt 0.510455 0.621363
vt 0.513302 0.634100
vt 0.516065 0.645753
vt 0.519153 0.657586
vt 0.474419 0.493229
vt 0.471208 0.481619
vt 0.477730 0.504623
vt 0.481196 0.517219
vt 0.485395 0.531108
vt 0.490962 0.544529
vt 0.518157 0.602370
vt 0.511713 0.589326
vt 0.525934 0.614752
vt 0.532939 0.625785
vt 0.539321 0.635897
vt 0.545887 0.646090
vt 0.500617 0.490119
vt 0.499925 0.477756
vt 0.499316 0.502770
vt 0.497123 0.515540
vt 0.496114 0.528958
vt 0.498514 0.542335
vt 0.526813 0.595675
vt 0.518326 0.585090
vt 0.537599 0.603661
vt 0.548940 0.610660
vt 0.559346 0.618224
vt 0.568182 0.627091
s 1
usemtl donut_stand.001
f 551/635/212 552/636/213 562/637/214 561/638/215
f 552/636/213 553/639/216 563/640/217 562/637/214
f 553/639/216 554/641/218 564/642/219 563/640/217
f 554/641/218 555/643/220 565/644/221 564/642/219
f 555/643/220 556/645/222 566/646/223 565/644/221
f 556/647/222 557/648/224 567/649/225 566/650/223
f 557/648/224 558/651/226 568/652/227 567/649/225
f 558/651/226 559/653/228 569/654/229 568/652/227
f 559/653/228 560/655/230 570/656/231 569/654/229
f 560/655/230 551/657/212 561/658/215 570/656/231
f 561/638/215 562/637/214 572/659/232 571/660/233
f 562/637/214 563/640/217 573/661/234 572/659/232
f 563/640/217 564/642/219 574/662/235 573/661/234
f 564/642/219 565/644/221 575/663/236 574/662/235
f 565/644/221 566/646/223 576/664/237 575/663/236
f 566/650/223 567/649/225 577/665/238 576/666/237
f 567/649/225 568/652/227 578/667/239 577/665/238
f 568/652/227 569/654/229 579/668/240 578/667/239
f 569/654/229 570/656/231 580/669/241 579/668/240
f 570/656/231 561/658/215 571/670/233 580/669/241
f 571/660/233 572/659/232 582/671/242 581/672/243
f 572/659/232 573/661/234 583/673/244 582/671/242
f 573/661/234 574/662/235 584/674/245 583/673/244
f 574/662/235 575/663/236 585/675/246 584/674/245
f 575/663/236 576/664/237 586/676/247 585/675/246
f 576/666/237 577/665/238 587/677/248 586/678/247
f 577/665/238 578/667/239 588/679/249 587/677/248
f 578/667/239 579/668/240 589/680/250 588/679/249
f 579/668/240 580/669/241 590/681/251 589/680/250
f 580/669/241 571/670/233 581/682/243 590/681/251
f 581/672/243 582/671/242 592/683/252 591/684/253
f 582/671/242 583/673/244 593/685/254 592/683/252
f 583/673/244 584/674/245 594/686/255 593/685/254
f 584/674/245 585/675/246 595/687/256 594/686/255
f 585/675/246 586/676/247 596/688/257 595/687/256
f 586/678/247 587/677/248 597/689/258 596/690/257
f 587/677/248 588/679/249 598/691/259 597/689/258
f 588/679/249 589/680/250 599/692/260 598/691/259
f 589/680/250 590/681/251 600/693/261 599/692/260
f 590/681/251 581/682/243 591/694/253 600/693/261
f 591/684/253 592/683/252 602/695/262 601/696/263
f 592/683/252 593/685/254 603/697/264 602/695/262
f 593/685/254 594/686/255 604/698/265 603/697/264
f 594/686/255 595/687/256 605/699/266 604/698/265
f 595/687/256 596/688/257 606/700/267 605/699/266
f 596/690/257 597/689/258 607/701/268 606/702/267
f 597/689/258 598/691/259 608/703/269 607/701/268
f 598/691/259 599/692/260 609/704/270 608/703/269
f 599/692/260 600/693/261 610/705/271 609/704/270
f 600/693/261 591/694/253 601/706/263 610/705/271
f 601/696/263 602/695/262 612/707/272 611/708/222
f 602/695/262 603/697/264 613/709/273 612/707/272
f 603/697/264 604/698/265 614/710/274 613/709/273
f 604/698/265 605/699/266 615/711/275 614/710/274
f 605/699/266 606/700/267 616/712/212 615/711/275
f 606/702/267 607/701/268 617/713/276 616/714/212
f 607/701/268 608/703/269 618/715/277 617/713/276
f 608/703/269 609/704/270 619/716/278 618/715/277
f 609/704/270 610/705/271 620/717/279 619/716/278
f 610/705/271 601/706/263 611/718/222 620/717/279
f 611/719/222 612/720/272 622/721/280 621/722/223
f 612/720/272 613/723/273 623/724/281 622/721/280
f 613/723/273 614/725/274 624/726/282 623/724/281
f 614/725/274 615/727/275 625/728/283 624/726/282
f 615/727/275 616/729/212 626/730/215 625/728/283
f 616/731/212 617/732/276 627/733/284 626/734/215
f 617/732/276 618/735/277 628/736/285 627/733/284
f 618/735/277 619/737/278 629/738/286 628/736/285
f 619/737/278 620/739/279 630/740/287 629/738/286
f 620/739/279 611/741/222 621/742/223 630/740/287
f 621/722/223 622/721/280 632/743/288 631/744/237
f 622/721/280 623/724/281 633/745/289 632/743/288
f 623/724/281 624/726/282 634/746/290 633/745/289
f 624/726/282 625/728/283 635/747/291 634/746/290
f 625/728/283 626/730/215 636/748/233 635/747/291
f 626/734/215 627/733/284 637/749/292 636/750/233
f 627/733/284 628/736/285 638/751/293 637/749/292
f 628/736/285 629/738/286 639/752/294 638/751/293
f 629/738/286 630/740/287 640/753/295 639/752/294
f 630/740/287 621/742/223 631/754/237 640/753/295
f 631/744/237 632/743/288 642/755/296 641/756/247
f 632/743/288 633/745/289 643/757/297 642/755/296
f 633/745/289 634/746/290 644/758/298 643/757/297
f 634/746/290 635/747/291 645/759/299 644/758/298
f 635/747/291 636/748/233 646/760/243 645/759/299
f 636/750/233 637/749/292 647/761/300 646/762/243
f 637/749/292 638/751/293 648/763/301 647/761/300
f 638/751/293 639/752/294 649/764/302 648/763/301
f 639/752/294 640/753/295 650/765/303 649/764/302
f 640/753/295 631/754/237 641/766/247 650/765/303
f 641/756/247 642/755/296 652/767/304 651/768/257
f 642/755/296 643/757/297 653/769/305 652/767/304
f 643/757/297 644/758/298 654/770/306 653/769/305
f 644/758/298 645/759/299 655/771/307 654/770/306
f 645/759/299 646/760/243 656/772/253 655/771/307
f 646/762/243 647/761/300 657/773/308 656/774/253
f 647/761/300 648/763/301 658/775/309 657/773/308
f 648/763/301 649/764/302 659/776/310 658/775/309
f 649/764/302 650/765/303 660/777/311 659/776/310
f 650/765/303 641/766/247 651/778/257 660/777/311
f 651/768/257 652/767/304 662/779/312 661/780/267
f 652/767/304 653/769/305 663/781/313 662/779/312
f 653/769/305 654/770/306 664/782/314 663/781/313
f 654/770/306 655/771/307 665/783/315 664/782/314
f 655/771/307 656/772/253 666/784/263 665/783/315
f 656/774/253 657/773/308 667/785/316 666/786/263
f 657/773/308 658/775/309 668/787/317 667/785/316
f 658/775/309 659/776/310 669/788/318 668/787/317
f 659/776/310 660/777/311 670/789/319 669/788/318
f 660/777/311 651/778/257 661/790/267 670/789/319
f 661/780/267 662/779/312 552/791/213 551/792/212
f 662/779/312 663/781/313 553/793/216 552/791/213
f 663/781/313 664/782/314 554/794/218 553/793/216
f 664/782/314 665/783/315 555/795/220 554/794/218
f 665/783/315 666/784/263 556/796/222 555/795/220
f 666/786/263 667/785/316 557/797/224 556/798/222
f 667/785/316 668/787/317 558/799/226 557/797/224
f 668/787/317 669/788/318 559/800/228 558/799/226
f 669/788/318 670/789/319 560/801/230 559/800/228
f 670/789/319 661/790/267 551/802/212 560/801/230
f 671/635/320 672/636/321 682/637/322 681/638/323
f 672/636/321 673/639/324 683/640/325 682/637/322
f 673/639/324 674/641/326 684/642/327 683/640/325
f 674/641/326 675/643/328 685/644/329 684/642/327
f 675/643/328 676/645/330 686/646/331 685/644/329
f 676/647/330 677/648/332 687/649/333 686/650/331
f 677/648/332 678/651/334 688/652/335 687/649/333
f 678/651/334 679/653/336 689/654/337 688/652/335
f 679/653/336 680/655/338 690/656/339 689/654/337
f 680/655/338 671/657/320 681/658/323 690/656/339
f 681/638/323 682/637/322 692/659/340 691/660/341
f 682/637/322 683/640/325 693/661/342 692/659/340
f 683/640/325 684/642/327 694/662/343 693/661/342
f 684/642/327 685/644/329 695/663/344 694/662/343
f 685/644/329 686/646/331 696/664/345 695/663/344
f 686/650/331 687/649/333 697/665/346 696/666/345
f 687/649/333 688/652/335 698/667/347 697/665/346
f 688/652/335 689/654/337 699/668/348 698/667/347
f 689/654/337 690/656/339 700/669/349 699/668/348
f 690/656/339 681/658/323 691/670/341 700/669/349
f 691/660/341 692/659/340 702/671/350 701/672/243
f 692/659/340 693/661/342 703/673/351 702/671/350
f 693/661/342 694/662/343 704/674/352 703/673/351
f 694/662/343 695/663/344 705/675/353 704/674/352
f 695/663/344 696/664/345 706/676/247 705/675/353
f 696/666/345 697/665/346 707/677/354 706/678/247
f 697/665/346 698/667/347 708/679/355 707/677/354
f 698/667/347 699/668/348 709/680/356 708/679/355
f 699/668/348 700/669/349 710/681/357 709/680/356
f 700/669/349 691/670/341 701/682/243 710/681/357
f 701/672/243 702/671/350 712/683/358 711/684/359
f 702/671/350 703/673/351 713/685/360 712/683/358
f 703/673/351 704/674/352 714/686/361 713/685/360
f 704/674/352 705/675/353 715/687/362 714/686/361
f 705/675/353 706/676/247 716/688/363 715/687/362
f 706/678/247 707/677/354 717/689/364 716/690/363
f 707/677/354 708/679/355 718/691/365 717/689/364
f 708/679/355 709/680/356 719/692/366 718/691/365
f 709/680/356 710/681/357 720/693/367 719/692/366
f 710/681/357 701/682/243 711/694/359 720/693/367
f 711/684/359 712/683/358 722/695/368 721/696/369
f 712/683/358 713/685/360 723/697/370 722/695/368
f 713/685/360 714/686/361 724/698/371 723/697/370
f 714/686/361 715/687/362 725/699/372 724/698/371
f 715/687/362 716/688/363 726/700/373 725/699/372
f 716/690/363 717/689/364 727/701/374 726/702/373
f 717/689/364 718/691/365 728/703/375 727/701/374
f 718/691/365 719/692/366 729/704/376 728/703/375
f 719/692/366 720/693/367 730/705/377 729/704/376
f 720/693/367 711/694/359 721/706/369 730/705/377
f 721/696/369 722/695/368 732/707/378 731/708/330
f 722/695/368 723/697/370 733/709/379 732/707/378
f 723/697/370 724/698/371 734/710/380 733/709/379
f 724/698/371 725/699/372 735/711/381 734/710/380
f 725/699/372 726/700/373 736/712/320 735/711/381
f 726/702/373 727/701/374 737/713/382 736/714/320
f 727/701/374 728/703/375 738/715/383 737/713/382
f 728/703/375 729/704/376 739/716/384 738/715/383
f 729/704/376 730/705/377 740/717/385 739/716/384
f 730/705/377 721/706/369 731/718/330 740/717/385
f 731/719/330 732/720/378 742/721/386 741/722/331
f 732/720/378 733/723/379 743/724/387 742/721/386
f 733/723/379 734/725/380 744/726/388 743/724/387
f 734/725/380 735/727/381 745/728/389 744/726/388
f 735/727/381 736/729/320 746/730/323 745/728/389
f 736/731/320 737/732/382 747/733/390 746/734/323
f 737/732/382 738/735/383 748/736/391 747/733/390
f 738/735/383 739/737/384 749/738/392 748/736/391
f 739/737/384 740/739/385 750/740/393 749/738/392
f 740/739/385 731/741/330 741/742/331 750/740/393
f 741/722/331 742/721/386 752/743/394 751/744/345
f 742/721/386 743/724/387 753/745/395 752/743/394
f 743/724/387 744/726/388 754/746/396 753/745/395
f 744/726/388 745/728/389 755/747/397 754/746/396
f 745/728/389 746/730/323 756/748/341 755/747/397
f 746/734/323 747/733/390 757/749/398 756/750/341
f 747/733/390 748/736/391 758/751/399 757/749/398
f 748/736/391 749/738/392 759/752/400 758/751/399
f 749/738/392 750/740/393 760/753/401 759/752/400
f 750/740/393 741/742/331 751/754/345 760/753/401
f 751/744/345 752/743/394 762/755/402 761/756/247
f 752/743/394 753/745/395 763/757/403 762/755/402
f 753/745/395 754/746/396 764/758/404 763/757/403
f 754/746/396 755/747/397 765/759/405 764/758/404
f 755/747/397 756/748/341 766/760/243 765/759/405
f 756/750/341 757/749/398 767/761/406 766/762/243
f 757/749/398 758/751/399 768/763/407 767/761/406
f 758/751/399 759/752/400 769/764/408 768/763/407
f 759/752/400 760/753/401 770/765/409 769/764/408
f 760/753/401 751/754/345 761/766/247 770/765/409
f 761/756/247 762/755/402 772/767/410 771/768/363
f 762/755/402 763/757/403 773/769/411 772/767/410
f 763/757/403 764/758/404 774/770/412 773/769/411
f 764/758/404 765/759/405 775/771/413 774/770/412
f 765/759/405 766/760/243 776/772/414 775/771/413
f 766/762/243 767/761/406 777/773/415 776/774/414
f 767/761/406 768/763/407 778/775/416 777/773/415
f 768/763/407 769/764/408 779/776/417 778/775/416
f 769/764/408 770/765/409 780/777/418 779/776/417
f 770/765/409 761/766/247 771/778/363 780/777/418
f 771/768/363 772/767/410 782/779/419 781/780/373
f 772/767/410 773/769/411 783/781/420 782/779/419
f 773/769/411 774/770/412 784/782/421 783/781/420
f 774/770/412 775/771/413 785/783/422 784/782/421
f 775/771/413 776/772/414 786/784/369 785/783/422
f 776/774/414 777/773/415 787/785/423 786/786/369
f 777/773/415 778/775/416 788/787/424 787/785/423
f 778/775/416 779/776/417 789/788/425 788/787/424
f 779/776/417 780/777/418 790/789/426 789/788/425
f 780/777/418 771/778/363 781/790/373 790/789/426
f 781/780/373 782/779/419 672/791/321 671/792/320
f 782/779/419 783/781/420 673/793/324 672/791/321
f 783/781/420 784/782/421 674/794/326 673/793/324
f 784/782/421 785/783/422 675/795/328 674/794/326
f 785/783/422 786/784/369 676/796/330 675/795/328
f 786/786/369 787/785/423 677/797/332 676/798/330
f 787/785/423 788/787/424 678/799/334 677/797/332
f 788/787/424 789/788/425 679/800/336 678/799/334
f 789/788/425 790/789/426 680/801/338 679/800/336
f 790/789/426 781/790/373 671/802/320 680/801/338
f 791/635/320 792/636/321 802/637/322 801/638/323
f 792/636/321 793/639/324 803/640/325 802/637/322
f 793/639/324 794/641/326 804/642/327 803/640/325
f 794/641/326 795/643/328 805/644/329 804/642/327
f 795/643/328 796/645/330 806/646/331 805/644/329
f 796/647/330 797/648/332 807/649/333 806/650/331
f 797/648/332 798/651/334 808/652/335 807/649/333
f 798/651/334 799/653/336 809/654/337 808/652/335
f 799/653/336 800/655/338 810/656/339 809/654/337
f 800/655/338 791/657/320 801/658/323 810/656/339
f 801/638/323 802/637/322 812/659/340 811/660/341
f 802/637/322 803/640/325 813/661/342 812/659/340
f 803/640/325 804/642/327 814/662/343 813/661/342
f 804/642/327 805/644/329 815/663/344 814/662/343
f 805/644/329 806/646/331 816/664/345 815/663/344
f 806/650/331 807/649/333 817/665/346 816/666/345
f 807/649/333 808/652/335 818/667/347 817/665/346
f 808/652/335 809/654/337 819/668/348 818/667/347
f 809/654/337 810/656/339 820/669/349 819/668/348
f 810/656/339 801/658/323 811/670/341 820/669/349
f 811/660/341 812/659/340 822/671/350 821/672/243
f 812/659/340 813/661/342 823/673/351 822/671/350
f 813/661/342 814/662/343 824/674/352 823/673/351
f 814/662/343 815/663/344 825/675/353 824/674/352
f 815/663/344 816/664/345 826/676/247 825/675/353
f 816/666/345 817/665/346 827/677/354 826/678/247
f 817/665/346 818/667/347 828/679/355 827/677/354
f 818/667/347 819/668/348 829/680/356 828/679/355
f 819/668/348 820/669/349 830/681/357 829/680/356
f 820/669/349 811/670/341 821/682/243 830/681/357
f 821/672/243 822/671/350 832/683/358 831/684/359
f 822/671/350 823/673/351 833/685/360 832/683/358
f 823/673/351 824/674/352 834/686/361 833/685/360
f 824/674/352 825/675/353 835/687/362 834/686/361
f 825/675/353 826/676/247 836/688/363 835/687/362
f 826/678/247 827/677/354 837/689/364 836/690/363
f 827/677/354 828/679/355 838/691/365 837/689/364
f 828/679/355 829/680/356 839/692/366 838/691/365
f 829/680/356 830/681/357 840/693/367 839/692/366
f 830/681/357 821/682/243 831/694/359 840/693/367
f 831/684/359 832/683/358 842/695/368 841/696/369
f 832/683/358 833/685/360 843/697/370 842/695/368
f 833/685/360 834/686/361 844/698/371 843/697/370
f 834/686/361 835/687/362 845/699/372 844/698/371
f 835/687/362 836/688/363 846/700/373 845/699/372
f 836/690/363 837/689/364 847/701/374 846/702/373
f 837/689/364 838/691/365 848/703/375 847/701/374
f 838/691/365 839/692/366 849/704/376 848/703/375
f 839/692/366 840/693/367 850/705/377 849/704/376
f 840/693/367 831/694/359 841/706/369 850/705/377
f 841/696/369 842/695/368 852/707/378 851/708/330
f 842/695/368 843/697/370 853/709/379 852/707/378
f 843/697/370 844/698/371 854/710/380 853/709/379
f 844/698/371 845/699/372 855/711/381 854/710/380
f 845/699/372 846/700/373 856/712/320 855/711/381
f 846/702/373 847/701/374 857/713/382 856/714/320
f 847/701/374 848/703/375 858/715/383 857/713/382
f 848/703/375 849/704/376 859/716/384 858/715/383
f 849/704/376 850/705/377 860/717/385 859/716/384
f 850/705/377 841/706/369 851/718/330 860/717/385
f 851/719/330 852/720/378 862/721/386 861/722/331
f 852/720/378 853/723/379 863/724/387 862/721/386
f 853/723/379 854/725/380 864/726/388 863/724/387
f 854/725/380 855/727/381 865/728/389 864/726/388
f 855/727/381 856/729/320 866/730/323 865/728/389
f 856/731/320 857/732/382 867/733/390 866/734/323
f 857/732/382 858/735/383 868/736/391 867/733/390
f 858/735/383 859/737/384 869/738/392 868/736/391
f 859/737/384 860/739/385 870/740/393 869/738/392
f 860/739/385 851/741/330 861/742/331 870/740/393
f 861/722/331 862/721/386 872/743/394 871/744/345
f 862/721/386 863/724/387 873/745/395 872/743/394
f 863/724/387 864/726/388 874/746/396 873/745/395
f 864/726/388 865/728/389 875/747/397 874/746/396
f 865/728/389 866/730/323 876/748/341 875/747/397
f 866/734/323 867/733/390 877/749/398 876/750/341
f 867/733/390 868/736/391 878/751/399 877/749/398
f 868/736/391 869/738/392 879/752/400 878/751/399
f 869/738/392 870/740/393 880/753/401 879/752/400
f 870/740/393 861/742/331 871/754/345 880/753/401
f 871/744/345 872/743/394 882/755/402 881/756/247
f 872/743/394 873/745/395 883/757/403 882/755/402
f 873/745/395 874/746/396 884/758/404 883/757/403
f 874/746/396 875/747/397 885/759/405 884/758/404
f 875/747/397 876/748/341 886/760/243 885/759/405
f 876/750/341 877/749/398 887/761/406 886/762/243
f 877/749/398 878/751/399 888/763/407 887/761/406
f 878/751/399 879/752/400 889/764/408 888/763/407
f 879/752/400 880/753/401 890/765/409 889/764/408
f 880/753/401 871/754/345 881/766/247 890/765/409
f 881/756/247 882/755/402 892/767/410 891/768/363
f 882/755/402 883/757/403 893/769/411 892/767/410
f 883/757/403 884/758/404 894/770/412 893/769/411
f 884/758/404 885/759/405 895/771/413 894/770/412
f 885/759/405 886/760/243 896/772/414 895/771/413
f 886/762/243 887/761/406 897/773/415 896/774/414
f 887/761/406 888/763/407 898/775/416 897/773/415
f 888/763/407 889/764/408 899/776/417 898/775/416
f 889/764/408 890/765/409 900/777/418 899/776/417
f 890/765/409 881/766/247 891/778/363 900/777/418
f 891/768/363 892/767/410 902/779/419 901/780/373
f 892/767/410 893/769/411 903/781/420 902/779/419
f 893/769/411 894/770/412 904/782/421 903/781/420
f 894/770/412 895/771/413 905/783/422 904/782/421
f 895/771/413 896/772/414 906/784/369 905/783/422
f 896/774/414 897/773/415 907/785/423 906/786/369
f 897/773/415 898/775/416 908/787/424 907/785/423
f 898/775/416 899/776/417 909/788/425 908/787/424
f 899/776/417 900/777/418 910/789/426 909/788/425
f 900/777/418 891/778/363 901/790/373 910/789/426
f 901/780/373 902/779/419 792/791/321 791/792/320
f 902/779/419 903/781/420 793/793/324 792/791/321
f 903/781/420 904/782/421 794/794/326 793/793/324
f 904/782/421 905/783/422 795/795/328 794/794/326
f 905/783/422 906/784/369 796/796/330 795/795/328
f 906/786/369 907/785/423 797/797/332 796/798/330
f 907/785/423 908/787/424 798/799/334 797/797/332
f 908/787/424 909/788/425 799/800/336 798/799/334
f 909/788/425 910/789/426 800/801/338 799/800/336
f 910/789/426 901/790/373 791/802/320 800/801/338
f 911/635/320 912/636/321 922/637/322 921/638/323
f 912/636/321 913/639/324 923/640/325 922/637/322
f 913/639/324 914/641/326 924/642/327 923/640/325
f 914/641/326 915/643/328 925/644/427 924/642/327
f 915/643/328 916/645/330 926/646/331 925/644/427
f 916/647/330 917/648/332 927/649/333 926/650/331
f 917/648/332 918/651/334 928/652/335 927/649/333
f 918/651/334 919/653/336 929/654/337 928/652/335
f 919/653/336 920/655/338 930/656/339 929/654/337
f 920/655/338 911/657/320 921/658/323 930/656/339
f 921/638/323 922/637/322 932/659/340 931/660/341
f 922/637/322 923/640/325 933/661/342 932/659/340
f 923/640/325 924/642/327 934/662/343 933/661/342
f 924/642/327 925/644/427 935/663/344 934/662/343
f 925/644/427 926/646/331 936/664/345 935/663/344
f 926/650/331 927/649/333 937/665/346 936/666/345
f 927/649/333 928/652/335 938/667/347 937/665/346
f 928/652/335 929/654/337 939/668/348 938/667/347
f 929/654/337 930/656/339 940/669/349 939/668/348
f 930/656/339 921/658/323 931/670/341 940/669/349
f 931/660/341 932/659/340 942/671/350 941/672/243
f 932/659/340 933/661/342 943/673/351 942/671/350
f 933/661/342 934/662/343 944/674/352 943/673/351
f 934/662/343 935/663/344 945/675/353 944/674/352
f 935/663/344 936/664/345 946/676/247 945/675/353
f 936/666/345 937/665/346 947/677/354 946/678/247
f 937/665/346 938/667/347 948/679/355 947/677/354
f 938/667/347 939/668/348 949/680/356 948/679/355
f 939/668/348 940/669/349 950/681/357 949/680/356
f 940/669/349 931/670/341 941/682/243 950/681/357
f 941/672/243 942/671/350 952/683/358 951/684/359
f 942/671/350 943/673/351 953/685/360 952/683/358
f 943/673/351 944/674/352 954/686/361 953/685/360
f 944/674/352 945/675/353 955/687/362 954/686/361
f 945/675/353 946/676/247 956/688/363 955/687/362
f 946/678/247 947/677/354 957/689/364 956/690/363
f 947/677/354 948/679/355 958/691/365 957/689/364
f 948/679/355 949/680/356 959/692/366 958/691/365
f 949/680/356 950/681/357 960/693/367 959/692/366
f 950/681/357 941/682/243 951/694/359 960/693/367
f 951/684/359 952/683/358 962/695/368 961/696/369
f 952/683/358 953/685/360 963/697/370 962/695/368
f 953/685/360 954/686/361 964/698/371 963/697/370
f 954/686/361 955/687/362 965/699/372 964/698/371
f 955/687/362 956/688/363 966/700/373 965/699/372
f 956/690/363 957/689/364 967/701/374 966/702/373
f 957/689/364 958/691/365 968/703/375 967/701/374
f 958/691/365 959/692/366 969/704/376 968/703/375
f 959/692/366 960/693/367 970/705/377 969/704/376
f 960/693/367 951/694/359 961/706/369 970/705/377
f 961/696/369 962/695/368 972/707/378 971/708/330
f 962/695/368 963/697/370 973/709/379 972/707/378
f 963/697/370 964/698/371 974/710/380 973/709/379
f 964/698/371 965/699/372 975/711/381 974/710/380
f 965/699/372 966/700/373 976/712/320 975/711/381
f 966/702/373 967/701/374 977/713/382 976/714/320
f 967/701/374 968/703/375 978/715/383 977/713/382
f 968/703/375 969/704/376 979/716/384 978/715/383
f 969/704/376 970/705/377 980/717/385 979/716/384
f 970/705/377 961/706/369 971/718/330 980/717/385
f 971/719/330 972/720/378 982/721/386 981/722/331
f 972/720/378 973/723/379 983/724/387 982/721/386
f 973/723/379 974/725/380 984/726/388 983/724/387
f 974/725/380 975/727/381 985/728/389 984/726/388
f 975/727/381 976/729/320 986/730/323 985/728/389
f 976/731/320 977/732/382 987/733/390 986/734/323
f 977/732/382 978/735/383 988/736/391 987/733/390
f 978/735/383 979/737/384 989/738/392 988/736/391
f 979/737/384 980/739/385 990/740/393 989/738/392
f 980/739/385 971/741/330 981/742/331 990/740/393
f 981/722/331 982/721/386 992/743/394 991/744/345
f 982/721/386 983/724/387 993/745/395 992/743/394
f 983/724/387 984/726/388 994/746/396 993/745/395
f 984/726/388 985/728/389 995/747/397 994/746/396
f 985/728/389 986/730/323 996/748/341 995/747/397
f 986/734/323 987/733/390 997/749/398 996/750/341
f 987/733/390 988/736/391 998/751/399 997/749/398
f 988/736/391 989/738/392 999/752/400 998/751/399
f 989/738/392 990/740/393 1000/753/401 999/752/400
f 990/740/393 981/742/331 991/754/345 1000/753/401
f 991/744/345 992/743/394 1002/755/402 1001/756/247
f 992/743/394 993/745/395 1003/757/403 1002/755/402
f 993/745/395 994/746/396 1004/758/404 1003/757/403
f 994/746/396 995/747/397 1005/759/405 1004/758/404
f 995/747/397 996/748/341 1006/760/243 1005/759/405
f 996/750/341 997/749/398 1007/761/406 1006/762/243
f 997/749/398 998/751/399 1008/763/407 1007/761/406
f 998/751/399 999/752/400 1009/764/408 1008/763/407
f 999/752/400 1000/753/401 1010/765/409 1009/764/408
f 1000/753/401 991/754/345 1001/766/247 1010/765/409
f 1001/756/247 1002/755/402 1012/767/410 1011/768/363
f 1002/755/402 1003/757/403 1013/769/411 1012/767/410
f 1003/757/403 1004/758/404 1014/770/412 1013/769/411
f 1004/758/404 1005/759/405 1015/771/413 1014/770/412
f 1005/759/405 1006/760/243 1016/772/414 1015/771/413
f 1006/762/243 1007/761/406 1017/773/415 1016/774/414
f 1007/761/406 1008/763/407 1018/775/416 1017/773/415
f 1008/763/407 1009/764/408 1019/776/417 1018/775/416
f 1009/764/408 1010/765/409 1020/777/418 1019/776/417
f 1010/765/409 1001/766/247 1011/778/363 1020/777/418
f 1011/768/363 1012/767/410 1022/779/419 1021/780/373
f 1012/767/410 1013/769/411 1023/781/420 1022/779/419
f 1013/769/411 1014/770/412 1024/782/421 1023/781/420
f 1014/770/412 1015/771/413 1025/783/422 1024/782/421
f 1015/771/413 1016/772/414 1026/784/369 1025/783/422
f 1016/774/414 1017/773/415 1027/785/423 1026/786/369
f 1017/773/415 1018/775/416 1028/787/424 1027/785/423
f 1018/775/416 1019/776/417 1029/788/425 1028/787/424
f 1019/776/417 1020/777/418 1030/789/426 1029/788/425
f 1020/777/418 1011/778/363 1021/790/373 1030/789/426
f 1021/780/373 1022/779/419 912/791/321 911/792/320
f 1022/779/419 1023/781/420 913/793/324 912/791/321
f 1023/781/420 1024/782/421 914/794/326 913/793/324
f 1024/782/421 1025/783/422 915/795/328 914/794/326
f 1025/783/422 1026/784/369 916/796/330 915/795/328
f 1026/786/369 1027/785/423 917/797/332 916/798/330
f 1027/785/423 1028/787/424 918/799/334 917/797/332
f 1028/787/424 1029/788/425 919/800/336 918/799/334
f 1029/788/425 1030/789/426 920/801/338 919/800/336
f 1030/789/426 1021/790/373 911/802/320 920/801/338
f 1031/635/320 1032/636/321 1042/637/322 1041/638/323
f 1032/636/321 1033/639/324 1043/640/325 1042/637/322
f 1033/639/324 1034/641/326 1044/642/327 1043/640/325
f 1034/641/326 1035/643/328 1045/644/427 1044/642/327
f 1035/643/328 1036/645/330 1046/646/331 1045/644/427
f 1036/647/330 1037/648/332 1047/649/333 1046/650/331
f 1037/648/332 1038/651/334 1048/652/335 1047/649/333
f 1038/651/334 1039/653/336 1049/654/337 1048/652/335
f 1039/653/336 1040/655/338 1050/656/339 1049/654/337
f 1040/655/338 1031/657/320 1041/658/323 1050/656/339
f 1041/638/323 1042/637/322 1052/659/340 1051/660/341
f 1042/637/322 1043/640/325 1053/661/342 1052/659/340
f 1043/640/325 1044/642/327 1054/662/343 1053/661/342
f 1044/642/327 1045/644/427 1055/663/344 1054/662/343
f 1045/644/427 1046/646/331 1056/664/345 1055/663/344
f 1046/650/331 1047/649/333 1057/665/346 1056/666/345
f 1047/649/333 1048/652/335 1058/667/347 1057/665/346
f 1048/652/335 1049/654/337 1059/668/348 1058/667/347
f 1049/654/337 1050/656/339 1060/669/349 1059/668/348
f 1050/656/339 1041/658/323 1051/670/341 1060/669/349
f 1051/660/341 1052/659/340 1062/671/350 1061/672/243
f 1052/659/340 1053/661/342 1063/673/351 1062/671/350
f 1053/661/342 1054/662/343 1064/674/352 1063/673/351
f 1054/662/343 1055/663/344 1065/675/353 1064/674/352
f 1055/663/344 1056/664/345 1066/676/247 1065/675/353
f 1056/666/345 1057/665/346 1067/677/354 1066/678/247
f 1057/665/346 1058/667/347 1068/679/355 1067/677/354
f 1058/667/347 1059/668/348 1069/680/356 1068/679/355
f 1059/668/348 1060/669/349 1070/681/357 1069/680/356
f 1060/669/349 1051/670/341 1061/682/243 1070/681/357
f 1061/672/243 1062/671/350 1072/683/358 1071/684/359
f 1062/671/350 1063/673/351 1073/685/360 1072/683/358
f 1063/673/351 1064/674/352 1074/686/361 1073/685/360
f 1064/674/352 1065/675/353 1075/687/362 1074/686/361
f 1065/675/353 1066/676/247 1076/688/363 1075/687/362
f 1066/678/247 1067/677/354 1077/689/364 1076/690/363
f 1067/677/354 1068/679/355 1078/691/365 1077/689/364
f 1068/679/355 1069/680/356 1079/692/366 1078/691/365
f 1069/680/356 1070/681/357 1080/693/367 1079/692/366
f 1070/681/357 1061/682/243 1071/694/359 1080/693/367
f 1071/684/359 1072/683/358 1082/695/368 1081/696/369
f 1072/683/358 1073/685/360 1083/697/370 1082/695/368
f 1073/685/360 1074/686/361 1084/698/371 1083/697/370
f 1074/686/361 1075/687/362 1085/699/372 1084/698/371
f 1075/687/362 1076/688/363 1086/700/373 1085/699/372
f 1076/690/363 1077/689/364 1087/701/374 1086/702/373
f 1077/689/364 1078/691/365 1088/703/375 1087/701/374
f 1078/691/365 1079/692/366 1089/704/376 1088/703/375
f 1079/692/366 1080/693/367 1090/705/377 1089/704/376
f 1080/693/367 1071/694/359 1081/706/369 1090/705/377
f 1081/696/369 1082/695/368 1092/707/378 1091/708/330
f 1082/695/368 1083/697/370 1093/709/379 1092/707/378
f 1083/697/370 1084/698/371 1094/710/380 1093/709/379
f 1084/698/371 1085/699/372 1095/711/381 1094/710/380
f 1085/699/372 1086/700/373 1096/712/320 1095/711/381
f 1086/702/373 1087/701/374 1097/713/382 1096/714/320
f 1087/701/374 1088/703/375 1098/715/383 1097/713/382
f 1088/703/375 1089/704/376 1099/716/384 1098/715/383
f 1089/704/376 1090/705/377 1100/717/385 1099/716/384
f 1090/705/377 1081/706/369 1091/718/330 1100/717/385
f 1091/719/330 1092/720/378 1102/721/386 1101/722/331
f 1092/720/378 1093/723/379 1103/724/387 1102/721/386
f 1093/723/379 1094/725/380 1104/726/388 1103/724/387
f 1094/725/380 1095/727/381 1105/728/389 1104/726/388
f 1095/727/381 1096/729/320 1106/730/323 1105/728/389
f 1096/731/320 1097/732/382 1107/733/390 1106/734/323
f 1097/732/382 1098/735/383 1108/736/391 1107/733/390
f 1098/735/383 1099/737/384 1109/738/392 1108/736/391
f 1099/737/384 1100/739/385 1110/740/393 1109/738/392
f 1100/739/385 1091/741/330 1101/742/331 1110/740/393
f 1101/722/331 1102/721/386 1112/743/394 1111/744/345
f 1102/721/386 1103/724/387 1113/745/395 1112/743/394
f 1103/724/387 1104/726/388 1114/746/396 1113/745/395
f 1104/726/388 1105/728/389 1115/747/397 1114/746/396
f 1105/728/389 1106/730/323 1116/748/341 1115/747/397
f 1106/734/323 1107/733/390 1117/749/398 1116/750/341
f 1107/733/390 1108/736/391 1118/751/399 1117/749/398
f 1108/736/391 1109/738/392 1119/752/400 1118/751/399
f 1109/738/392 1110/740/393 1120/753/401 1119/752/400
f 1110/740/393 1101/742/331 1111/754/345 1120/753/401
f 1111/744/345 1112/743/394 1122/755/402 1121/756/247
f 1112/743/394 1113/745/395 1123/757/403 1122/755/402
f 1113/745/395 1114/746/396 1124/758/404 1123/757/403
f 1114/746/396 1115/747/397 1125/759/405 1124/758/404
f 1115/747/397 1116/748/341 1126/760/243 1125/759/405
f 1116/750/341 1117/749/398 1127/761/406 1126/762/243
f 1117/749/398 1118/751/399 1128/763/407 1127/761/406
f 1118/751/399 1119/752/400 1129/764/408 1128/763/407
f 1119/752/400 1120/753/401 1130/765/409 1129/764/408
f 1120/753/401 1111/754/345 1121/766/247 1130/765/409
f 1121/756/247 1122/755/402 1132/767/410 1131/768/363
f 1122/755/402 1123/757/403 1133/769/411 1132/767/410
f 1123/757/403 1124/758/404 1134/770/412 1133/769/411
f 1124/758/404 1125/759/405 1135/771/413 1134/770/412
f 1125/759/405 1126/760/243 1136/772/414 1135/771/413
f 1126/762/243 1127/761/406 1137/773/415 1136/774/414
f 1127/761/406 1128/763/407 1138/775/416 1137/773/415
f 1128/763/407 1129/764/408 1139/776/417 1138/775/416
f 1129/764/408 1130/765/409 1140/777/418 1139/776/417
f 1130/765/409 1121/766/247 1131/778/363 1140/777/418
f 1131/768/363 1132/767/410 1142/779/419 1141/780/373
f 1132/767/410 1133/769/411 1143/781/420 1142/779/419
f 1133/769/411 1134/770/412 1144/782/421 1143/781/420
f 1134/770/412 1135/771/413 1145/783/422 1144/782/421
f 1135/771/413 1136/772/414 1146/784/369 1145/783/422
f 1136/774/414 1137/773/415 1147/785/423 1146/786/369
f 1137/773/415 1138/775/416 1148/787/424 1147/785/423
f 1138/775/416 1139/776/417 1149/788/425 1148/787/424
f 1139/776/417 1140/777/418 1150/789/426 1149/788/425
f 1140/777/418 1131/778/363 1141/790/373 1150/789/426
f 1141/780/373 1142/779/419 1032/791/321 1031/792/320
f 1142/779/419 1143/781/420 1033/793/324 1032/791/321
f 1143/781/420 1144/782/421 1034/794/326 1033/793/324
f 1144/782/421 1145/783/422 1035/795/328 1034/794/326
f 1145/783/422 1146/784/369 1036/796/330 1035/795/328
f 1146/786/369 1147/785/423 1037/797/332 1036/798/330
f 1147/785/423 1148/787/424 1038/799/334 1037/797/332
f 1148/787/424 1149/788/425 1039/800/336 1038/799/334
f 1149/788/425 1150/789/426 1040/801/338 1039/800/336
f 1150/789/426 1141/790/373 1031/802/320 1040/801/338
f 1151/635/212 1152/636/213 1162/637/214 1161/638/215
f 1152/636/213 1153/639/216 1163/640/217 1162/637/214
f 1153/639/216 1154/641/218 1164/642/219 1163/640/217
f 1154/641/218 1155/643/220 1165/644/221 1164/642/219
f 1155/643/220 1156/645/222 1166/646/223 1165/644/221
f 1156/647/222 1157/648/224 1167/649/225 1166/650/223
f 1157/648/224 1158/651/226 1168/652/227 1167/649/225
f 1158/651/226 1159/653/228 1169/654/229 1168/652/227
f 1159/653/228 1160/655/230 1170/656/231 1169/654/229
f 1160/655/230 1151/657/212 1161/658/215 1170/656/231
f 1161/638/215 1162/637/214 1172/659/232 1171/660/233
f 1162/637/214 1163/640/217 1173/661/234 1172/659/232
f 1163/640/217 1164/642/219 1174/662/235 1173/661/234
f 1164/642/219 1165/644/221 1175/663/236 1174/662/235
f 1165/644/221 1166/646/223 1176/664/237 1175/663/236
f 1166/650/223 1167/649/225 1177/665/238 1176/666/237
f 1167/649/225 1168/652/227 1178/667/239 1177/665/238
f 1168/652/227 1169/654/229 1179/668/240 1178/667/239
f 1169/654/229 1170/656/231 1180/669/241 1179/668/240
f 1170/656/231 1161/658/215 1171/670/233 1180/669/241
f 1171/660/233 1172/659/232 1182/671/242 1181/672/243
f 1172/659/232 1173/661/234 1183/673/244 1182/671/242
f 1173/661/234 1174/662/235 1184/674/245 1183/673/244
f 1174/662/235 1175/663/236 1185/675/246 1184/674/245
f 1175/663/236 1176/664/237 1186/676/247 1185/675/246
f 1176/666/237 1177/665/238 1187/677/248 1186/678/247
f 1177/665/238 1178/667/239 1188/679/249 1187/677/248
f 1178/667/239 1179/668/240 1189/680/250 1188/679/249
f 1179/668/240 1180/669/241 1190/681/251 1189/680/250
f 1180/669/241 1171/670/233 1181/682/243 1190/681/251
f 1181/672/243 1182/671/242 1192/683/252 1191/684/253
f 1182/671/242 1183/673/244 1193/685/254 1192/683/252
f 1183/673/244 1184/674/245 1194/686/255 1193/685/254
f 1184/674/245 1185/675/246 1195/687/256 1194/686/255
f 1185/675/246 1186/676/247 1196/688/257 1195/687/256
f 1186/678/247 1187/677/248 1197/689/258 1196/690/257
f 1187/677/248 1188/679/249 1198/691/259 1197/689/258
f 1188/679/249 1189/680/250 1199/692/260 1198/691/259
f 1189/680/250 1190/681/251 1200/693/261 1199/692/260
f 1190/681/251 1181/682/243 1191/694/253 1200/693/261
f 1191/684/253 1192/683/252 1202/695/262 1201/696/263
f 1192/683/252 1193/685/254 1203/697/264 1202/695/262
f 1193/685/254 1194/686/255 1204/698/265 1203/697/264
f 1194/686/255 1195/687/256 1205/699/266 1204/698/265
f 1195/687/256 1196/688/257 1206/700/267 1205/699/266
f 1196/690/257 1197/689/258 1207/701/268 1206/702/267
f 1197/689/258 1198/691/259 1208/703/269 1207/701/268
f 1198/691/259 1199/692/260 1209/704/270 1208/703/269
f 1199/692/260 1200/693/261 1210/705/271 1209/704/270
f 1200/693/261 1191/694/253 1201/706/263 1210/705/271
f 1201/696/263 1202/695/262 1212/707/272 1211/708/222
f 1202/695/262 1203/697/264 1213/709/273 1212/707/272
f 1203/697/264 1204/698/265 1214/710/274 1213/709/273
f 1204/698/265 1205/699/266 1215/711/275 1214/710/274
f 1205/699/266 1206/700/267 1216/712/212 1215/711/275
f 1206/702/267 1207/701/268 1217/713/276 1216/714/212
f 1207/701/268 1208/703/269 1218/715/277 1217/713/276
f 1208/703/269 1209/704/270 1219/716/278 1218/715/277
f 1209/704/270 1210/705/271 1220/717/279 1219/716/278
f 1210/705/271 1201/706/263 1211/718/222 1220/717/279
f 1211/719/222 1212/720/272 1222/721/280 1221/722/223
f 1212/720/272 1213/723/273 1223/724/281 1222/721/280
f 1213/723/273 1214/725/274 1224/726/282 1223/724/281
f 1214/725/274 1215/727/275 1225/728/283 1224/726/282
f 1215/727/275 1216/729/212 1226/730/215 1225/728/283
f 1216/731/212 1217/732/276 1227/733/284 1226/734/215
f 1217/732/276 1218/735/277 1228/736/285 1227/733/284
f 1218/735/277 1219/737/278 1229/738/286 1228/736/285
f 1219/737/278 1220/739/279 1230/740/287 1229/738/286
f 1220/739/279 1211/741/222 1221/742/223 1230/740/287
f 1221/722/223 1222/721/280 1232/743/288 1231/744/237
f 1222/721/280 1223/724/281 1233/745/289 1232/743/288
f 1223/724/281 1224/726/282 1234/746/290 1233/745/289
f 1224/726/282 1225/728/283 1235/747/291 1234/746/290
f 1225/728/283 1226/730/215 1236/748/233 1235/747/291
f 1226/734/215 1227/733/284 1237/749/292 1236/750/233
f 1227/733/284 1228/736/285 1238/751/293 1237/749/292
f 1228/736/285 1229/738/286 1239/752/294 1238/751/293
f 1229/738/286 1230/740/287 1240/753/295 1239/752/294
f 1230/740/287 1221/742/223 1231/754/237 1240/753/295
f 1231/744/237 1232/743/288 1242/755/296 1241/756/247
f 1232/743/288 1233/745/289 1243/757/297 1242/755/296
f 1233/745/289 1234/746/290 1244/758/298 1243/757/297
f 1234/746/290 1235/747/291 1245/759/299 1244/758/298
f 1235/747/291 1236/748/233 1246/760/243 1245/759/299
f 1236/750/233 1237/749/292 1247/761/300 1246/762/243
f 1237/749/292 1238/751/293 1248/763/301 1247/761/300
f 1238/751/293 1239/752/294 1249/764/302 1248/763/301
f 1239/752/294 1240/753/295 1250/765/303 1249/764/302
f 1240/753/295 1231/754/237 1241/766/247 1250/765/303
f 1241/756/247 1242/755/296 1252/767/304 1251/768/257
f 1242/755/296 1243/757/297 1253/769/305 1252/767/304
f 1243/757/297 1244/758/298 1254/770/306 1253/769/305
f 1244/758/298 1245/759/299 1255/771/307 1254/770/306
f 1245/759/299 1246/760/243 1256/772/253 1255/771/307
f 1246/762/243 1247/761/300 1257/773/308 1256/774/253
f 1247/761/300 1248/763/301 1258/775/309 1257/773/308
f 1248/763/301 1249/764/302 1259/776/310 1258/775/309
f 1249/764/302 1250/765/303 1260/777/311 1259/776/310
f 1250/765/303 1241/766/247 1251/778/257 1260/777/311
f 1251/768/257 1252/767/304 1262/779/312 1261/780/267
f 1252/767/304 1253/769/305 1263/781/313 1262/779/312
f 1253/769/305 1254/770/306 1264/782/314 1263/781/313
f 1254/770/306 1255/771/307 1265/783/315 1264/782/314
f 1255/771/307 1256/772/253 1266/784/263 1265/783/315
f 1256/774/253 1257/773/308 1267/785/316 1266/786/263
f 1257/773/308 1258/775/309 1268/787/317 1267/785/316
f 1258/775/309 1259/776/310 1269/788/318 1268/787/317
f 1259/776/310 1260/777/311 1270/789/319 1269/788/318
f 1260/777/311 1251/778/257 1261/790/267 1270/789/319
f 1261/780/267 1262/779/312 1152/791/213 1151/792/212
f 1262/779/312 1263/781/313 1153/793/216 1152/791/213
f 1263/781/313 1264/782/314 1154/794/218 1153/793/216
f 1264/782/314 1265/783/315 1155/795/220 1154/794/218
f 1265/783/315 1266/784/263 1156/796/222 1155/795/220
f 1266/786/263 1267/785/316 1157/797/224 1156/798/222
f 1267/785/316 1268/787/317 1158/799/226 1157/797/224
f 1268/787/317 1269/788/318 1159/800/228 1158/799/226
f 1269/788/318 1270/789/319 1160/801/230 1159/800/228
f 1270/789/319 1261/790/267 1151/802/212 1160/801/230
o STRAWBERRY_DONUT!!
v -0.777846 2.231654 7.079601
v -0.768050 2.200569 7.079601
v -0.741927 2.180611 7.079601
v -0.708512 2.179558 7.079601
v -0.680378 2.198859 7.079601
v -0.669335 2.231654 7.079601
v -0.680378 2.264449 7.079601
v -0.708512 2.283751 7.079601
v -0.741927 2.282697 7.079601
v -0.768050 2.262739 7.079601
v -0.758106 2.231654 7.153270
v -0.749622 2.200569 7.148372
v -0.727000 2.180611 7.135311
v -0.698061 2.179558 7.118603
v -0.673697 2.198859 7.104537
v -0.664132 2.231654 7.099014
v -0.673697 2.264449 7.104537
v -0.698061 2.283751 7.118603
v -0.727000 2.282697 7.135311
v -0.749622 2.262739 7.148372
v -0.704177 2.231654 7.207200
v -0.699278 2.200569 7.198716
v -0.686217 2.180611 7.176093
v -0.669509 2.179558 7.147154
v -0.655443 2.198859 7.122790
v -0.649921 2.231654 7.113226
v -0.655443 2.264449 7.122790
v -0.669509 2.283751 7.147154
v -0.686217 2.282697 7.176093
v -0.699278 2.262739 7.198716
v -0.630508 2.231654 7.226938
v -0.630508 2.200569 7.217143
v -0.630508 2.180611 7.191020
v -0.630508 2.179558 7.157605
v -0.630508 2.198859 7.129472
v -0.630508 2.231654 7.118428
v -0.630508 2.264449 7.129472
v -0.630508 2.283751 7.157605
v -0.630508 2.282697 7.191020
v -0.630508 2.262739 7.217143
v -0.556839 2.231654 7.207200
v -0.561736 2.200569 7.198716
v -0.574798 2.180611 7.176093
v -0.591505 2.179558 7.147154
v -0.605572 2.198859 7.122790
v -0.611094 2.231654 7.113226
v -0.605572 2.264449 7.122790
v -0.591505 2.283751 7.147154
v -0.574798 2.282697 7.176093
v -0.561736 2.262739 7.198716
v -0.502910 2.231654 7.153270
v -0.511393 2.200569 7.148372
v -0.534016 2.180611 7.135311
v -0.562954 2.179558 7.118603
v -0.587319 2.198859 7.104537
v -0.596882 2.231654 7.099014
v -0.587319 2.264449 7.104537
v -0.562954 2.283751 7.118603
v -0.534016 2.282697 7.135311
v -0.511393 2.262739 7.148372
v -0.483170 2.231654 7.079601
v -0.492966 2.200569 7.079601
v -0.519089 2.180611 7.079601
v -0.552504 2.179558 7.079601
v -0.580637 2.198859 7.079601
v -0.591681 2.231654 7.079601
v -0.580637 2.264449 7.079601
v -0.552504 2.283751 7.079601
v -0.519089 2.282697 7.079601
v -0.492966 2.262739 7.079601
v -0.502910 2.231654 7.005932
v -0.511393 2.200569 7.010830
v -0.534016 2.180611 7.023891
v -0.562954 2.179558 7.040599
v -0.587319 2.198859 7.054666
v -0.596882 2.231654 7.060187
v -0.587319 2.264449 7.054666
v -0.562954 2.283751 7.040599
v -0.534016 2.282697 7.023891
v -0.511393 2.262739 7.010830
v -0.556839 2.231654 6.952003
v -0.561736 2.200569 6.960486
v -0.574798 2.180611 6.983109
v -0.591505 2.179558 7.012048
v -0.605572 2.198859 7.036412
v -0.611094 2.231654 7.045976
v -0.605572 2.264449 7.036412
v -0.591505 2.283751 7.012048
v -0.574798 2.282697 6.983109
v -0.561736 2.262739 6.960486
v -0.630508 2.231654 6.932263
v -0.630508 2.200569 6.942059
v -0.630508 2.180611 6.968182
v -0.630508 2.179558 7.001597
v -0.630508 2.198859 7.029730
v -0.630508 2.231654 7.040774
v -0.630508 2.264449 7.029730
v -0.630508 2.283751 7.001597
v -0.630508 2.282697 6.968182
v -0.630508 2.262739 6.942059
v -0.704177 2.231654 6.952003
v -0.699278 2.200569 6.960486
v -0.686217 2.180611 6.983109
v -0.669509 2.179558 7.012048
v -0.655443 2.198859 7.036412
v -0.649921 2.231654 7.045976
v -0.655443 2.264449 7.036412
v -0.669509 2.283751 7.012048
v -0.686217 2.282697 6.983109
v -0.699278 2.262739 6.960486
v -0.758106 2.231654 7.005932
v -0.749622 2.200569 7.010830
v -0.727000 2.180611 7.023891
v -0.698061 2.179558 7.040599
v -0.673697 2.198859 7.054666
v -0.664132 2.231654 7.060187
v -0.673697 2.264449 7.054666
v -0.698061 2.283751 7.040599
v -0.727000 2.282697 7.023891
v -0.749622 2.262739 7.010830
v -0.874706 2.168388 7.079602
v -0.861171 2.182756 7.153271
v -0.845363 2.154203 7.079602
v -0.890616 2.196833 7.079602
v -0.861171 2.182756 7.005933
v -0.824192 2.222011 6.952003
v -0.832727 2.167617 7.010831
v -0.877980 2.210246 7.010831
v -0.843460 2.246891 6.960487
v -0.876995 2.240398 7.023892
v -0.849031 2.270083 6.983110
v -0.857919 2.262184 7.040599
v -0.887230 2.229533 7.079602
v -0.865085 2.254577 7.079602
v -0.876995 2.240398 7.135312
v -0.857919 2.262184 7.118604
v -0.877980 2.210246 7.148373
v -0.849031 2.270083 7.176093
v -0.838341 2.282967 7.147155
v -0.843460 2.246891 7.198717
v -0.810831 2.310633 7.191020
v -0.811598 2.311356 7.157606
v -0.796304 2.296948 7.217144
v -0.772631 2.351184 7.176093
v -0.784854 2.339745 7.147155
v -0.749148 2.347006 7.198717
v -0.744667 2.380868 7.135312
v -0.765277 2.360527 7.118604
v -0.714627 2.383651 7.148373
v -0.734432 2.391734 7.079602
v -0.758111 2.368134 7.079602
v -0.701992 2.397063 7.079602
v -0.744667 2.380868 7.023892
v -0.765277 2.360527 7.040599
v -0.714627 2.383651 7.010831
v -0.772631 2.351184 6.983110
v -0.784854 2.339745 7.012048
v -0.749148 2.347006 6.960487
v -0.810831 2.310633 6.968183
v -0.811598 2.311356 7.001598
v -0.796304 2.296948 6.942060
v -0.773678 2.275633 6.932264
v -0.723163 2.329256 6.952003
v -0.751051 2.254318 6.942060
v -0.703895 2.304376 6.960487
v -0.736524 2.240633 6.968183
v -0.798207 2.204261 6.960487
v -0.774723 2.200083 6.983110
v -0.762500 2.211522 7.012048
v -0.802688 2.170398 7.023892
v -0.782078 2.190740 7.040599
v -0.812923 2.159533 7.079602
v -0.802688 2.170398 7.135312
v -0.789244 2.183133 7.079602
v -0.782078 2.190740 7.118604
v -0.784002 2.216846 7.079602
v -0.779421 2.221709 7.104538
v -0.800301 2.247372 7.079602
v -0.779421 2.221709 7.054666
v -0.766904 2.234996 7.036412
v -0.796734 2.251158 7.060188
v -0.786989 2.261503 7.045977
v -0.827163 2.266684 7.054666
v -0.814646 2.279971 7.036412
v -0.831745 2.261821 7.079602
v -0.827163 2.266684 7.104538
v -0.796734 2.251158 7.099015
v -0.814646 2.279971 7.122791
v -0.786989 2.261503 7.113227
v -0.797549 2.298121 7.129473
v -0.773678 2.275633 7.118429
v -0.780450 2.316271 7.122791
v -0.760366 2.289764 7.113227
v -0.767934 2.329557 7.104538
v -0.750621 2.300109 7.099015
v -0.763352 2.334421 7.079602
v -0.747054 2.303895 7.079602
v -0.767934 2.329557 7.054666
v -0.750621 2.300109 7.060188
v -0.780450 2.316271 7.036412
v -0.760366 2.289764 7.045977
v -0.797549 2.298121 7.029731
v -0.773678 2.275633 7.040775
v -0.749807 2.253146 7.029731
v -0.732708 2.271296 7.036412
v -0.735757 2.239911 7.001598
v -0.709013 2.268301 7.012048
v -0.689436 2.289082 7.040599
v -0.698324 2.281184 6.983110
v -0.670360 2.310869 7.023892
v -0.660125 2.321734 7.079602
v -0.669375 2.341021 7.010831
v -0.656739 2.354434 7.079602
v -0.686184 2.368511 7.005933
v -0.672649 2.382879 7.079602
v -0.686184 2.368511 7.153271
v -0.723163 2.329256 7.207200
v -0.669375 2.341021 7.148373
v -0.703895 2.304376 7.198717
v -0.670360 2.310869 7.135312
v -0.698324 2.281184 7.176093
v -0.689436 2.289082 7.118604
v -0.709013 2.268301 7.147155
v -0.720192 2.284583 7.104538
v -0.682270 2.296689 7.079602
v -0.715610 2.289447 7.079602
v -0.720192 2.284583 7.054666
v -0.732708 2.271296 7.122791
v -0.749807 2.253146 7.129473
v -0.766904 2.234996 7.122791
v -0.735757 2.239911 7.157606
v -0.762500 2.211522 7.147155
v -0.736524 2.240633 7.191020
v -0.774723 2.200083 7.176093
v -0.751051 2.254318 7.217144
v -0.798207 2.204261 7.198717
v -0.773678 2.275633 7.226939
v -0.824192 2.222011 7.207200
v -0.832727 2.167617 7.148373
v -0.838341 2.282967 7.012048
v -0.988595 2.168388 7.079602
v -0.975060 2.182756 7.153271
v -0.959252 2.154203 7.079602
v -1.004505 2.196833 7.079602
v -0.975060 2.182756 7.005933
v -0.938081 2.222011 6.952003
v -0.946616 2.167617 7.010831
v -0.991869 2.210246 7.010831
v -0.957349 2.246891 6.960487
v -0.990884 2.240398 7.023892
v -0.962920 2.270083 6.983110
v -0.971808 2.262184 7.040599
v -1.001119 2.229533 7.079602
v -0.978974 2.254577 7.079602
v -0.990884 2.240398 7.135312
v -0.971808 2.262184 7.118604
v -0.991869 2.210246 7.148373
v -0.962920 2.270083 7.176093
v -0.952230 2.282967 7.147155
v -0.957349 2.246891 7.198717
v -0.924720 2.310633 7.191020
v -0.925487 2.311356 7.157606
v -0.910193 2.296948 7.217144
v -0.886520 2.351184 7.176093
v -0.898743 2.339745 7.147155
v -0.863037 2.347006 7.198717
v -0.858556 2.380868 7.135312
v -0.879166 2.360527 7.118604
v -0.828516 2.383651 7.148373
v -0.848321 2.391734 7.079602
v -0.872000 2.368134 7.079602
v -0.815881 2.397063 7.079602
v -0.858556 2.380868 7.023892
v -0.879166 2.360527 7.040599
v -0.828516 2.383651 7.010831
v -0.886520 2.351184 6.983110
v -0.898743 2.339745 7.012048
v -0.863037 2.347006 6.960487
v -0.924720 2.310633 6.968183
v -0.925487 2.311356 7.001598
v -0.910193 2.296948 6.942060
v -0.887567 2.275633 6.932264
v -0.837052 2.329256 6.952003
v -0.864940 2.254318 6.942060
v -0.817784 2.304376 6.960487
v -0.850413 2.240633 6.968183
v -0.912096 2.204261 6.960487
v -0.888612 2.200083 6.983110
v -0.876389 2.211522 7.012048
v -0.916577 2.170398 7.023892
v -0.895967 2.190740 7.040599
v -0.926812 2.159533 7.079602
v -0.916577 2.170398 7.135312
v -0.903133 2.183133 7.079602
v -0.895967 2.190740 7.118604
v -0.897892 2.216846 7.079602
v -0.893310 2.221709 7.104538
v -0.914190 2.247372 7.079602
v -0.893310 2.221709 7.054666
v -0.880793 2.234996 7.036412
v -0.910623 2.251158 7.060188
v -0.900878 2.261503 7.045977
v -0.941052 2.266684 7.054666
v -0.928535 2.279971 7.036412
v -0.945634 2.261821 7.079602
v -0.941052 2.266684 7.104538
v -0.910623 2.251158 7.099015
v -0.928535 2.279971 7.122791
v -0.900878 2.261503 7.113227
v -0.911438 2.298121 7.129473
v -0.887567 2.275633 7.118429
v -0.894339 2.316271 7.122791
v -0.874255 2.289764 7.113227
v -0.881823 2.329557 7.104538
v -0.864510 2.300109 7.099015
v -0.877241 2.334421 7.079602
v -0.860943 2.303895 7.079602
v -0.881823 2.329557 7.054666
v -0.864510 2.300109 7.060188
v -0.894339 2.316271 7.036412
v -0.874255 2.289764 7.045977
v -0.911438 2.298121 7.029731
v -0.887567 2.275633 7.040775
v -0.863696 2.253146 7.029731
v -0.846597 2.271296 7.036412
v -0.849646 2.239911 7.001598
v -0.822902 2.268301 7.012048
v -0.803325 2.289082 7.040599
v -0.812213 2.281184 6.983110
v -0.784249 2.310869 7.023892
v -0.774014 2.321734 7.079602
v -0.783264 2.341021 7.010831
v -0.770628 2.354434 7.079602
v -0.800073 2.368511 7.005933
v -0.786538 2.382879 7.079602
v -0.800073 2.368511 7.153271
v -0.837052 2.329256 7.207200
v -0.783264 2.341021 7.148373
v -0.817784 2.304376 7.198717
v -0.784249 2.310869 7.135312
v -0.812213 2.281184 7.176093
v -0.803325 2.289082 7.118604
v -0.822902 2.268301 7.147155
v -0.834081 2.284583 7.104538
v -0.796159 2.296689 7.079602
v -0.829499 2.289447 7.079602
v -0.834081 2.284583 7.054666
v -0.846597 2.271296 7.122791
v -0.863696 2.253146 7.129473
v -0.880793 2.234996 7.122791
v -0.849646 2.239911 7.157606
v -0.876389 2.211522 7.147155
v -0.850413 2.240633 7.191020
v -0.888612 2.200083 7.176093
v -0.864940 2.254318 7.217144
v -0.912096 2.204261 7.198717
v -0.887567 2.275633 7.226939
v -0.938081 2.222011 7.207200
v -0.946616 2.167617 7.148373
v -0.952230 2.282967 7.012048
v -1.109757 2.168388 7.079804
v -1.096221 2.182756 7.153473
v -1.080413 2.154203 7.079804
v -1.125666 2.196833 7.079804
v -1.096221 2.182756 7.006135
v -1.059242 2.222011 6.952206
v -1.067778 2.167617 7.011033
v -1.113030 2.210246 7.011033
v -1.078510 2.246891 6.960689
v -1.112046 2.240398 7.024094
v -1.084081 2.270083 6.983313
v -1.092969 2.262184 7.040802
v -1.122281 2.229533 7.079804
v -1.100135 2.254577 7.079804
v -1.112046 2.240398 7.135514
v -1.092969 2.262184 7.118806
v -1.113030 2.210246 7.148575
v -1.084081 2.270083 7.176295
v -1.073392 2.282967 7.147357
v -1.078510 2.246891 7.198919
v -1.045882 2.310633 7.191223
v -1.046648 2.311356 7.157808
v -1.031354 2.296948 7.217346
v -1.007682 2.351184 7.176295
v -1.019905 2.339745 7.147357
v -0.984198 2.347006 7.198919
v -0.979718 2.380868 7.135514
v -1.000327 2.360527 7.118806
v -0.949678 2.383651 7.148575
v -0.969482 2.391734 7.079804
v -0.993161 2.368134 7.079804
v -0.937043 2.397063 7.079804
v -0.979718 2.380868 7.024094
v -1.000327 2.360527 7.040802
v -0.949678 2.383651 7.011033
v -1.007682 2.351184 6.983313
v -1.019905 2.339745 7.012250
v -0.984198 2.347006 6.960689
v -1.045882 2.310633 6.968385
v -1.046648 2.311356 7.001800
v -1.031354 2.296948 6.942262
v -1.008728 2.275633 6.932467
v -0.958214 2.329256 6.952206
v -0.986102 2.254318 6.942262
v -0.938945 2.304376 6.960689
v -0.971574 2.240633 6.968385
v -1.033257 2.204261 6.960689
v -1.009774 2.200083 6.983313
v -0.997551 2.211522 7.012250
v -1.037738 2.170398 7.024094
v -1.017128 2.190740 7.040802
v -1.047974 2.159533 7.079804
v -1.037738 2.170398 7.135514
v -1.024294 2.183133 7.079804
v -1.017128 2.190740 7.118806
v -1.019053 2.216846 7.079804
v -1.014472 2.221709 7.104740
v -1.035351 2.247372 7.079804
v -1.014471 2.221709 7.054869
v -1.001955 2.234996 7.036615
v -1.031784 2.251158 7.060390
v -1.022040 2.261503 7.046179
v -1.062214 2.266684 7.054869
v -1.049697 2.279971 7.036615
v -1.066795 2.261821 7.079804
v -1.062214 2.266684 7.104740
v -1.031784 2.251158 7.099217
v -1.049697 2.279971 7.122993
v -1.022040 2.261503 7.113429
v -1.032599 2.298121 7.129675
v -1.008728 2.275633 7.118631
v -1.015501 2.316271 7.122993
v -0.995416 2.289764 7.113429
v -1.002985 2.329557 7.104740
v -0.985671 2.300109 7.099217
v -0.998403 2.334421 7.079804
v -0.982105 2.303895 7.079804
v -1.002985 2.329557 7.054869
v -0.985671 2.300109 7.060390
v -1.015501 2.316271 7.036615
v -0.995416 2.289764 7.046179
v -1.032599 2.298121 7.029933
v -1.008728 2.275633 7.040977
v -0.984857 2.253146 7.029933
v -0.967759 2.271296 7.036615
v -0.970808 2.239911 7.001800
v -0.944064 2.268301 7.012250
v -0.924487 2.289082 7.040802
v -0.933375 2.281184 6.983313
v -0.905410 2.310869 7.024094
v -0.895175 2.321734 7.079804
v -0.904425 2.341021 7.011033
v -0.891790 2.354434 7.079804
v -0.921234 2.368511 7.006135
v -0.907699 2.382879 7.079804
v -0.921234 2.368511 7.153473
v -0.958214 2.329256 7.207402
v -0.904425 2.341021 7.148575
v -0.938945 2.304376 7.198919
v -0.905410 2.310869 7.135514
v -0.933375 2.281184 7.176295
v -0.924487 2.289082 7.118806
v -0.944064 2.268301 7.147357
v -0.955242 2.284583 7.104740
v -0.917320 2.296689 7.079804
v -0.950660 2.289447 7.079804
v -0.955242 2.284583 7.054869
v -0.967759 2.271296 7.122993
v -0.984857 2.253146 7.129675
v -1.001955 2.234996 7.122993
v -0.970808 2.239911 7.157808
v -0.997551 2.211522 7.147357
v -0.971574 2.240633 7.191223
v -1.009774 2.200083 7.176295
v -0.986102 2.254318 7.217346
v -1.033257 2.204261 7.198919
v -1.008728 2.275633 7.227141
v -1.059242 2.222011 7.207402
v -1.067778 2.167617 7.148575
v -1.073392 2.282967 7.012250
v -1.229074 2.168388 7.079804
v -1.215539 2.182756 7.153473
v -1.199731 2.154203 7.079804
v -1.244984 2.196833 7.079804
v -1.215539 2.182756 7.006135
v -1.178560 2.222011 6.952206
v -1.187095 2.167617 7.011033
v -1.232348 2.210246 7.011033
v -1.197828 2.246891 6.960689
v -1.231363 2.240398 7.024094
v -1.203399 2.270083 6.983313
v -1.212287 2.262184 7.040802
v -1.241599 2.229533 7.079804
v -1.219453 2.254577 7.079804
v -1.231363 2.240398 7.135514
v -1.212287 2.262184 7.118806
v -1.232348 2.210246 7.148575
v -1.203399 2.270083 7.176295
v -1.192709 2.282967 7.147357
v -1.197828 2.246891 7.198919
v -1.165199 2.310633 7.191223
v -1.165966 2.311356 7.157808
v -1.150672 2.296948 7.217346
v -1.126999 2.351184 7.176295
v -1.139222 2.339745 7.147357
v -1.103516 2.347006 7.198919
v -1.099035 2.380868 7.135514
v -1.119645 2.360527 7.118806
v -1.068995 2.383651 7.148575
v -1.088800 2.391734 7.079804
v -1.112479 2.368134 7.079804
v -1.056360 2.397063 7.079804
v -1.099035 2.380868 7.024094
v -1.119645 2.360527 7.040802
v -1.068995 2.383651 7.011033
v -1.126999 2.351184 6.983313
v -1.139222 2.339745 7.012250
v -1.103516 2.347006 6.960689
v -1.165199 2.310633 6.968385
v -1.165966 2.311356 7.001800
v -1.150672 2.296948 6.942262
v -1.128046 2.275633 6.932467
v -1.077531 2.329256 6.952206
v -1.105419 2.254318 6.942262
v -1.058263 2.304376 6.960689
v -1.090892 2.240633 6.968385
v -1.152575 2.204261 6.960689
v -1.129092 2.200083 6.983313
v -1.116868 2.211522 7.012250
v -1.157056 2.170398 7.024094
v -1.136446 2.190740 7.040802
v -1.167291 2.159533 7.079804
v -1.157056 2.170398 7.135514
v -1.143612 2.183133 7.079804
v -1.136446 2.190740 7.118806
v -1.138371 2.216846 7.079804
v -1.133789 2.221709 7.104740
v -1.154669 2.247372 7.079804
v -1.133789 2.221709 7.054869
v -1.121272 2.234996 7.036615
v -1.151102 2.251158 7.060390
v -1.141357 2.261503 7.046179
v -1.181531 2.266684 7.054869
v -1.169014 2.279971 7.036615
v -1.186113 2.261821 7.079804
v -1.181531 2.266684 7.104740
v -1.151102 2.251158 7.099217
v -1.169014 2.279971 7.122993
v -1.141357 2.261503 7.113429
v -1.151917 2.298121 7.129675
v -1.128046 2.275633 7.118631
v -1.134819 2.316271 7.122993
v -1.114734 2.289764 7.113429
v -1.122302 2.329557 7.104740
v -1.104989 2.300109 7.099217
v -1.117720 2.334421 7.079804
v -1.101422 2.303895 7.079804
v -1.122302 2.329557 7.054869
v -1.104989 2.300109 7.060390
v -1.134819 2.316271 7.036615
v -1.114734 2.289764 7.046179
v -1.151917 2.298121 7.029933
v -1.128046 2.275633 7.040977
v -1.104175 2.253146 7.029933
v -1.087076 2.271296 7.036615
v -1.090125 2.239911 7.001800
v -1.063381 2.268301 7.012250
v -1.043804 2.289082 7.040802
v -1.052692 2.281184 6.983313
v -1.024728 2.310869 7.024094
v -1.014493 2.321734 7.079804
v -1.023743 2.341021 7.011033
v -1.011107 2.354434 7.079804
v -1.040552 2.368511 7.006135
v -1.027017 2.382879 7.079804
v -1.040552 2.368511 7.153473
v -1.077531 2.329256 7.207402
v -1.023743 2.341021 7.148575
v -1.058263 2.304376 7.198919
v -1.024728 2.310869 7.135514
v -1.052692 2.281184 7.176295
v -1.043804 2.289082 7.118806
v -1.063382 2.268301 7.147357
v -1.074560 2.284583 7.104740
v -1.036638 2.296689 7.079804
v -1.069978 2.289447 7.079804
v -1.074560 2.284583 7.054869
v -1.087076 2.271296 7.122993
v -1.104175 2.253146 7.129675
v -1.121272 2.234996 7.122993
v -1.090125 2.239911 7.157808
v -1.116868 2.211522 7.147357
v -1.090892 2.240633 7.191223
v -1.129092 2.200083 7.176295
v -1.105419 2.254318 7.217346
v -1.152575 2.204261 7.198919
v -1.128046 2.275633 7.227141
v -1.178560 2.222011 7.207402
v -1.187095 2.167617 7.148575
v -1.192709 2.282967 7.012250
v -1.134170 2.231654 7.344102
v -1.114430 2.231654 7.417771
v -1.124374 2.200569 7.344102
v -1.124374 2.262739 7.344102
v -1.114430 2.231654 7.270433
v -1.060501 2.231654 7.216503
v -1.105946 2.200569 7.275331
v -1.105946 2.262739 7.275331
v -1.055602 2.262739 7.224987
v -1.083324 2.282697 7.288392
v -1.042541 2.282697 7.247611
v -1.054385 2.283751 7.305099
v -1.098251 2.282697 7.344102
v -1.064836 2.283751 7.344102
v -1.083324 2.282697 7.399812
v -1.054385 2.283751 7.383104
v -1.105946 2.262739 7.412873
v -1.042541 2.282697 7.440593
v -1.025834 2.283751 7.411655
v -1.055602 2.262739 7.463217
v -0.986832 2.282697 7.455521
v -0.986832 2.283751 7.422106
v -0.986832 2.262739 7.481644
v -0.931122 2.282697 7.440593
v -0.947830 2.283751 7.411655
v -0.918061 2.262739 7.463217
v -0.890340 2.282697 7.399812
v -0.919279 2.283751 7.383104
v -0.867717 2.262739 7.412873
v -0.875413 2.282697 7.344102
v -0.908828 2.283751 7.344102
v -0.849290 2.262739 7.344102
v -0.890340 2.282697 7.288392
v -0.919279 2.283751 7.305099
v -0.867717 2.262739 7.275331
v -0.931122 2.282697 7.247611
v -0.947830 2.283751 7.276548
v -0.918061 2.262739 7.224987
v -0.986832 2.282697 7.232683
v -0.986832 2.283751 7.266098
v -0.986832 2.262739 7.206560
v -0.986832 2.231654 7.196764
v -0.913163 2.231654 7.216503
v -0.986832 2.200569 7.206560
v -0.918061 2.200569 7.224987
v -0.986832 2.180611 7.232683
v -1.055602 2.200569 7.224987
v -1.042541 2.180611 7.247611
v -1.025834 2.179558 7.276548
v -1.083324 2.180611 7.288392
v -1.054385 2.179558 7.305099
v -1.098251 2.180611 7.344102
v -1.083324 2.180611 7.399812
v -1.064836 2.179558 7.344102
v -1.054385 2.179558 7.383104
v -1.036702 2.198859 7.344102
v -1.030021 2.198859 7.369038
v -1.025659 2.231654 7.344102
v -1.030021 2.198859 7.319167
v -1.011767 2.198859 7.300912
v -1.020457 2.231654 7.324688
v -1.006245 2.231654 7.310477
v -1.030021 2.264449 7.319167
v -1.011767 2.264449 7.300912
v -1.036702 2.264449 7.344102
v -1.030021 2.264449 7.369038
v -1.020457 2.231654 7.363515
v -1.011767 2.264449 7.387291
v -1.006245 2.231654 7.377727
v -0.986832 2.264449 7.393973
v -0.986832 2.231654 7.382929
v -0.961896 2.264449 7.387291
v -0.967418 2.231654 7.377727
v -0.943643 2.264449 7.369038
v -0.953207 2.231654 7.363515
v -0.936961 2.264449 7.344102
v -0.948005 2.231654 7.344102
v -0.943643 2.264449 7.319167
v -0.953207 2.231654 7.324688
v -0.961896 2.264449 7.300912
v -0.967418 2.231654 7.310477
v -0.986832 2.264449 7.294231
v -0.986832 2.231654 7.305275
v -0.986832 2.198859 7.294231
v -0.961896 2.198859 7.300912
v -0.986832 2.179558 7.266098
v -0.947830 2.179558 7.276548
v -0.919279 2.179558 7.305099
v -0.931122 2.180611 7.247611
v -0.890340 2.180611 7.288392
v -0.875413 2.180611 7.344102
v -0.867717 2.200569 7.275331
v -0.849290 2.200569 7.344102
v -0.859234 2.231654 7.270433
v -0.839494 2.231654 7.344102
v -0.859234 2.231654 7.417771
v -0.913163 2.231654 7.471700
v -0.867717 2.200569 7.412873
v -0.918061 2.200569 7.463217
v -0.890340 2.180611 7.399812
v -0.931122 2.180611 7.440593
v -0.919279 2.179558 7.383104
v -0.947830 2.179558 7.411655
v -0.943643 2.198859 7.369038
v -0.908828 2.179558 7.344102
v -0.936961 2.198859 7.344102
v -0.943643 2.198859 7.319167
v -0.961896 2.198859 7.387291
v -0.986832 2.198859 7.393973
v -1.011767 2.198859 7.387291
v -0.986832 2.179558 7.422106
v -1.025834 2.179558 7.411655
v -0.986832 2.180611 7.455521
v -1.042541 2.180611 7.440593
v -0.986832 2.200569 7.481644
v -1.055602 2.200569 7.463217
v -0.986832 2.231654 7.491439
v -1.060501 2.231654 7.471700
v -1.105946 2.200569 7.412873
v -1.025834 2.283751 7.276548
v -1.231030 2.168388 7.344102
v -1.217495 2.182756 7.417771
v -1.201687 2.154203 7.344102
v -1.246940 2.196833 7.344102
v -1.217495 2.182756 7.270433
v -1.180516 2.222011 7.216503
v -1.189051 2.167617 7.275331
v -1.234304 2.210246 7.275331
v -1.199784 2.246891 7.224987
v -1.233319 2.240398 7.288392
v -1.205355 2.270083 7.247611
v -1.214243 2.262184 7.305099
v -1.243554 2.229533 7.344102
v -1.221409 2.254577 7.344102
v -1.233319 2.240398 7.399812
v -1.214243 2.262184 7.383104
v -1.234304 2.210246 7.412873
v -1.205355 2.270083 7.440593
v -1.194665 2.282967 7.411655
v -1.199784 2.246891 7.463217
v -1.167155 2.310633 7.455521
v -1.167922 2.311356 7.422106
v -1.152628 2.296948 7.481644
v -1.128955 2.351184 7.440593
v -1.141178 2.339745 7.411655
v -1.105472 2.347006 7.463217
v -1.100991 2.380868 7.399812
v -1.121601 2.360527 7.383104
v -1.070951 2.383651 7.412873
v -1.090756 2.391734 7.344102
v -1.114435 2.368134 7.344102
v -1.058316 2.397063 7.344102
v -1.100991 2.380868 7.288392
v -1.121601 2.360527 7.305099
v -1.070951 2.383651 7.275331
v -1.128955 2.351184 7.247611
v -1.141178 2.339745 7.276548
v -1.105472 2.347006 7.224987
v -1.167155 2.310633 7.232683
v -1.167922 2.311356 7.266098
v -1.152628 2.296948 7.206560
v -1.130002 2.275633 7.196764
v -1.079487 2.329256 7.216503
v -1.107375 2.254318 7.206560
v -1.060219 2.304376 7.224987
v -1.092848 2.240633 7.232683
v -1.154531 2.204261 7.224987
v -1.131047 2.200083 7.247611
v -1.118824 2.211522 7.276548
v -1.159012 2.170398 7.288392
v -1.138402 2.190740 7.305099
v -1.169247 2.159533 7.344102
v -1.159012 2.170398 7.399812
v -1.145568 2.183133 7.344102
v -1.138402 2.190740 7.383104
v -1.140326 2.216846 7.344102
v -1.135745 2.221709 7.369038
v -1.156625 2.247372 7.344102
v -1.135745 2.221709 7.319167
v -1.123228 2.234996 7.300912
v -1.153058 2.251158 7.324688
v -1.143313 2.261503 7.310477
v -1.183487 2.266684 7.319167
v -1.170970 2.279971 7.300912
v -1.188069 2.261821 7.344102
v -1.183487 2.266684 7.369038
v -1.153058 2.251158 7.363515
v -1.170970 2.279971 7.387291
v -1.143313 2.261503 7.377727
v -1.153873 2.298121 7.393973
v -1.130002 2.275633 7.382929
v -1.136775 2.316271 7.387291
v -1.116690 2.289764 7.377727
v -1.124258 2.329557 7.369038
v -1.106945 2.300109 7.363515
v -1.119676 2.334421 7.344102
v -1.103378 2.303895 7.344102
v -1.124258 2.329557 7.319167
v -1.106945 2.300109 7.324688
v -1.136775 2.316271 7.300912
v -1.116690 2.289764 7.310477
v -1.153873 2.298121 7.294231
v -1.130002 2.275633 7.305275
v -1.106131 2.253146 7.294231
v -1.089032 2.271296 7.300912
v -1.092081 2.239911 7.266098
v -1.065337 2.268301 7.276548
v -1.045760 2.289082 7.305099
v -1.054648 2.281184 7.247611
v -1.026684 2.310869 7.288392
v -1.016449 2.321734 7.344102
v -1.025699 2.341021 7.275331
v -1.013063 2.354434 7.344102
v -1.042508 2.368511 7.270433
v -1.028973 2.382879 7.344102
v -1.042508 2.368511 7.417771
v -1.079487 2.329256 7.471700
v -1.025699 2.341021 7.412873
v -1.060219 2.304376 7.463217
v -1.026684 2.310869 7.399812
v -1.054648 2.281184 7.440593
v -1.045760 2.289082 7.383104
v -1.065337 2.268301 7.411655
v -1.076516 2.284583 7.369038
v -1.038594 2.296689 7.344102
v -1.071934 2.289447 7.344102
v -1.076516 2.284583 7.319167
v -1.089032 2.271296 7.387291
v -1.106131 2.253146 7.393973
v -1.123228 2.234996 7.387291
v -1.092081 2.239911 7.422106
v -1.118824 2.211522 7.411655
v -1.092848 2.240633 7.455521
v -1.131047 2.200083 7.440593
v -1.107375 2.254318 7.481644
v -1.154531 2.204261 7.463217
v -1.130002 2.275633 7.491439
v -1.180516 2.222011 7.471700
v -1.189051 2.167617 7.412873
v -1.194665 2.282967 7.276548
vn -1.0000 -0.0000 -0.0000
vn -0.8338 -0.5520 -0.0000
vn -0.7221 -0.5520 0.4169
vn -0.8660 -0.0000 0.5000
vn -0.3789 -0.9254 -0.0000
vn -0.3281 -0.9254 0.1895
vn 0.2320 -0.9727 -0.0000
vn 0.2009 -0.9727 -0.1160
vn 0.7771 -0.6294 -0.0000
vn 0.6730 -0.6294 -0.3885
vn 1.0000 -0.0000 -0.0000
vn 0.8660 -0.0000 -0.5000
vn 0.7771 0.6294 -0.0000
vn 0.6730 0.6294 -0.3885
vn 0.2320 0.9727 -0.0000
vn 0.2009 0.9727 -0.1160
vn -0.3789 0.9254 -0.0000
vn -0.3281 0.9254 0.1895
vn -0.8338 0.5520 -0.0000
vn -0.7221 0.5520 0.4169
vn -0.4169 -0.5520 0.7221
vn -0.5000 -0.0000 0.8660
vn -0.1894 -0.9254 0.3281
vn 0.1160 -0.9727 -0.2010
vn 0.3885 -0.6294 -0.6730
vn 0.5000 -0.0000 -0.8660
vn 0.3885 0.6294 -0.6730
vn 0.1160 0.9727 -0.2010
vn -0.1894 0.9254 0.3281
vn -0.4169 0.5520 0.7221
vn -0.0000 -0.5520 0.8338
vn -0.0000 -0.0000 1.0000
vn -0.0000 -0.9254 0.3789
vn -0.0000 -0.9727 -0.2320
vn -0.0000 -0.6294 -0.7771
vn -0.0000 -0.0000 -1.0000
vn -0.0000 0.6294 -0.7771
vn -0.0000 0.9727 -0.2320
vn -0.0000 0.9254 0.3789
vn -0.0000 0.5520 0.8338
vn 0.4169 -0.5520 0.7221
vn 0.5000 -0.0000 0.8660
vn 0.1894 -0.9254 0.3281
vn -0.1160 -0.9727 -0.2009
vn -0.3885 -0.6294 -0.6730
vn -0.5000 -0.0000 -0.8660
vn -0.3885 0.6294 -0.6730
vn -0.1160 0.9727 -0.2009
vn 0.1894 0.9254 0.3281
vn 0.4169 0.5520 0.7221
vn 0.7221 -0.5520 0.4169
vn 0.8660 -0.0000 0.5000
vn 0.3281 -0.9254 0.1894
vn -0.2010 -0.9727 -0.1160
vn -0.6730 -0.6294 -0.3885
vn -0.8660 -0.0000 -0.5000
vn -0.6730 0.6294 -0.3885
vn -0.2010 0.9727 -0.1160
vn 0.3281 0.9254 0.1894
vn 0.7221 0.5520 0.4169
vn 0.8338 -0.5520 -0.0000
vn 0.3789 -0.9254 -0.0000
vn -0.2320 -0.9727 -0.0000
vn -0.7771 -0.6294 -0.0000
vn -0.7771 0.6294 -0.0000
vn -0.2320 0.9727 -0.0000
vn 0.3789 0.9254 -0.0000
vn 0.8338 0.5520 -0.0000
vn 0.7221 -0.5520 -0.4169
vn 0.3281 -0.9254 -0.1894
vn -0.2009 -0.9727 0.1160
vn -0.6730 -0.6294 0.3885
vn -0.6730 0.6294 0.3885
vn -0.2009 0.9727 0.1160
vn 0.3281 0.9254 -0.1894
vn 0.7221 0.5520 -0.4169
vn 0.4169 -0.5520 -0.7221
vn 0.1894 -0.9254 -0.3281
vn -0.1160 -0.9727 0.2009
vn -0.3885 -0.6294 0.6730
vn -0.3885 0.6294 0.6730
vn -0.1160 0.9727 0.2009
vn 0.1894 0.9254 -0.3281
vn 0.4169 0.5520 -0.7221
vn -0.0000 -0.5520 -0.8338
vn -0.0000 -0.9254 -0.3789
vn -0.0000 -0.9727 0.2320
vn -0.0000 -0.6294 0.7771
vn -0.0000 0.6294 0.7771
vn -0.0000 0.9727 0.2320
vn -0.0000 0.9254 -0.3789
vn -0.0000 0.5520 -0.8338
vn -0.4169 -0.5520 -0.7221
vn -0.1894 -0.9254 -0.3281
vn 0.1160 -0.9727 0.2009
vn 0.3885 -0.6294 0.6730
vn 0.3885 0.6294 0.6730
vn 0.1160 0.9727 0.2009
vn -0.1894 0.9254 -0.3281
vn -0.4169 0.5520 -0.7221
vn -0.7221 -0.5520 -0.4169
vn -0.3281 -0.9254 -0.1895
vn 0.2009 -0.9727 0.1160
vn 0.6730 -0.6294 0.3885
vn 0.6730 0.6294 0.3885
vn 0.2009 0.9727 0.1160
vn -0.3281 0.9254 -0.1895
vn -0.7221 0.5520 -0.4169
vn -0.9736 -0.2284 -0.0000
vn -0.6857 -0.7279 -0.0000
vn -0.5938 -0.6304 0.5000
vn -0.8970 -0.1471 0.4169
vn -0.1699 -0.9855 -0.0000
vn -0.0933 -0.9041 0.4169
vn -0.5938 -0.6304 -0.5000
vn -0.0933 -0.9041 -0.4169
vn -0.8970 -0.1471 -0.4169
vn -0.6877 0.0751 -0.7221
vn -0.3428 -0.3639 -0.8660
vn 0.1160 -0.6820 -0.7221
vn -0.8035 0.4967 -0.3281
vn -0.8986 0.3957 -0.1895
vn -0.9334 0.3588 -0.0000
vn -0.6285 0.7514 0.2009
vn -0.5702 0.8132 0.1160
vn -0.5489 0.8359 -0.0000
vn -0.8986 0.3957 0.1895
vn -0.5702 0.8132 -0.1160
vn -0.8035 0.4967 0.3281
vn -0.6285 0.7514 -0.2010
vn -0.6877 0.0751 0.7221
vn -0.6736 0.6346 0.3789
vn -0.7080 0.6670 -0.2320
vn -0.4018 0.3785 0.8338
vn -0.5437 0.7725 0.3281
vn -0.7876 0.5825 -0.2009
vn -0.1160 0.6820 0.7221
vn -0.4486 0.8734 0.1894
vn -0.8458 0.5207 -0.1160
vn 0.0933 0.9041 0.4169
vn -0.4138 0.9104 -0.0000
vn -0.8671 0.4981 -0.0000
vn 0.1699 0.9855 -0.0000
vn -0.4486 0.8734 -0.1894
vn -0.8458 0.5207 0.1160
vn 0.0933 0.9041 -0.4169
vn -0.5437 0.7725 -0.3281
vn -0.7876 0.5825 0.2009
vn -0.1160 0.6820 -0.7221
vn -0.6736 0.6346 -0.3789
vn -0.7080 0.6670 0.2320
vn -0.4018 0.3785 -0.8338
vn 0.3428 0.3639 -0.8660
vn 0.6877 -0.0751 -0.7221
vn 0.4018 -0.3785 -0.8338
vn 0.8035 -0.4967 -0.3281
vn 0.6736 -0.6346 -0.3789
vn 0.5437 -0.7725 -0.3281
vn 0.4486 -0.8734 -0.1895
vn 0.7080 -0.6670 0.2320
vn 0.7876 -0.5825 0.2009
vn 0.8458 -0.5207 0.1160
vn 0.4138 -0.9104 -0.0000
vn 0.8671 -0.4981 -0.0000
vn 0.4486 -0.8734 0.1895
vn 0.8458 -0.5207 -0.1160
vn 0.9910 0.1340 -0.0000
vn 0.9196 0.0582 -0.3885
vn 0.9196 0.0583 0.3885
vn 0.6857 0.7279 -0.0000
vn 0.5938 0.6304 -0.5000
vn 0.5938 0.6304 0.5000
vn 0.7246 -0.1488 0.6730
vn 0.3429 0.3639 0.8660
vn -0.1917 0.7144 0.6730
vn 0.0033 0.9214 0.3885
vn 0.0747 0.9972 -0.0000
vn 0.0033 0.9214 -0.3885
vn -0.1917 0.7144 -0.6730
vn -0.4581 0.4316 -0.7771
vn -0.7246 0.1488 -0.6730
vn -0.9196 -0.0583 -0.3885
vn -0.9910 -0.1340 -0.0000
vn -0.9196 -0.0583 0.3885
vn -0.7246 0.1488 0.6730
vn -0.3428 -0.3639 0.8660
vn -0.4581 0.4316 0.7771
vn 0.1917 -0.7144 0.6730
vn 0.4581 -0.4316 0.7771
vn 0.6285 -0.7514 0.2009
vn 0.5702 -0.8132 0.1160
vn -0.0033 -0.9214 0.3885
vn 0.8986 -0.3957 -0.1894
vn 0.8970 0.1471 -0.4169
vn 0.9334 -0.3588 -0.0000
vn 0.5489 -0.8359 -0.0000
vn 0.9736 0.2284 -0.0000
vn 0.8970 0.1471 0.4169
vn 0.3428 0.3639 0.8660
vn 0.6877 -0.0751 0.7221
vn 0.8035 -0.4967 0.3281
vn 0.8986 -0.3957 0.1894
vn 0.6285 -0.7514 -0.2009
vn 0.5702 -0.8132 -0.1160
vn 0.1917 -0.7144 -0.6730
vn -0.0033 -0.9214 -0.3885
vn -0.0747 -0.9972 -0.0000
vn 0.4581 -0.4316 -0.7771
vn 0.7080 -0.6670 -0.2320
vn 0.7246 -0.1488 -0.6730
vn 0.7876 -0.5825 -0.2010
vn 0.5437 -0.7725 0.3281
vn 0.6736 -0.6346 0.3789
vn 0.1160 -0.6820 0.7221
vn 0.4018 -0.3785 0.8338
vn 0.9196 0.0583 -0.3885
vt 0.657691 0.427903
vt 0.653163 0.440256
vt 0.626254 0.432159
vt 0.628046 0.419589
vt 0.646553 0.452061
vt 0.624565 0.444569
vt 0.638774 0.463809
vt 0.622590 0.458104
vt 0.631659 0.476017
vt 0.620839 0.473281
vt 0.628169 0.489760
vt 0.620047 0.488399
vt 0.628129 0.538151
vt 0.631585 0.551918
vt 0.620757 0.554591
vt 0.619995 0.539491
vt 0.638592 0.564251
vt 0.622421 0.569654
vt 0.646198 0.575590
vt 0.624610 0.583147
vt 0.652868 0.587195
vt 0.626347 0.595456
vt 0.657487 0.599373
vt 0.628235 0.607933
vt 0.599896 0.432945
vt 0.597671 0.420390
vt 0.602335 0.445199
vt 0.605153 0.458524
vt 0.608611 0.473908
vt 0.612007 0.488927
vt 0.608557 0.553968
vt 0.611950 0.538955
vt 0.605129 0.569319
vt 0.602402 0.582635
vt 0.600053 0.594877
vt 0.597934 0.607426
vt 0.575382 0.442195
vt 0.569143 0.430966
vt 0.581771 0.453023
vt 0.588583 0.464586
vt 0.596721 0.478321
vt 0.604556 0.491683
vt 0.596669 0.549578
vt 0.604493 0.536204
vt 0.588566 0.563334
vt 0.581813 0.574931
vt 0.575493 0.585801
vt 0.569334 0.597077
vt 0.555022 0.459088
vt 0.545260 0.450371
vt 0.564811 0.467241
vt 0.575286 0.476229
vt 0.587225 0.486719
vt 0.598426 0.496567
vt 0.587150 0.541190
vt 0.598355 0.531327
vt 0.575204 0.551724
vt 0.564762 0.560791
vt 0.555002 0.569027
vt 0.545283 0.577836
vt 0.541097 0.482398
vt 0.528606 0.477258
vt 0.553360 0.486923
vt 0.566594 0.491485
vt 0.580839 0.497091
vt 0.594361 0.503308
vt 0.580743 0.530801
vt 0.594290 0.524585
vt 0.566382 0.536398
vt 0.553200 0.541137
vt 0.540874 0.545750
vt 0.528343 0.551015
vt 0.535741 0.511071
vt 0.521526 0.509303
vt 0.549853 0.510406
vt 0.563916 0.508690
vt 0.578219 0.507935
vt 0.591890 0.511071
vt 0.578161 0.519939
vt 0.591831 0.516823
vt 0.563906 0.519076
vt 0.549467 0.517350
vt 0.535215 0.516823
vt 0.520890 0.518746
vt 0.520597 0.508911
vt 0.534919 0.510854
vt 0.540619 0.481953
vt 0.528096 0.476655
vt 0.549168 0.510340
vt 0.552926 0.486598
vt 0.563588 0.508619
vt 0.566058 0.491355
vt 0.577816 0.507729
vt 0.580323 0.496765
vt 0.591138 0.510854
vt 0.593799 0.503377
vt 0.591636 0.516443
vt 0.578317 0.519596
vt 0.580861 0.530537
vt 0.594310 0.523916
vt 0.564053 0.518808
vt 0.566715 0.535949
vt 0.550002 0.517092
vt 0.553536 0.540538
vt 0.535889 0.516443
vt 0.541292 0.545096
vt 0.521675 0.518232
vt 0.528808 0.550272
vt 0.554833 0.458710
vt 0.545126 0.449844
vt 0.564573 0.467016
vt 0.574970 0.476205
vt 0.587163 0.486631
vt 0.598115 0.496688
vt 0.587691 0.540644
vt 0.598629 0.530600
vt 0.575502 0.551028
vt 0.565076 0.560142
vt 0.555309 0.568368
vt 0.545560 0.577147
vt 0.575466 0.441953
vt 0.569337 0.430613
vt 0.581761 0.452879
vt 0.588495 0.464525
vt 0.596633 0.478322
vt 0.604386 0.491833
vt 0.597137 0.548957
vt 0.604894 0.535458
vt 0.588967 0.562736
vt 0.582179 0.574352
vt 0.575820 0.585240
vt 0.569614 0.596537
vt 0.600146 0.432962
vt 0.598090 0.420384
vt 0.602451 0.445226
vt 0.605139 0.458559
vt 0.608503 0.473938
vt 0.611952 0.489071
vt 0.609010 0.553361
vt 0.612454 0.538222
vt 0.605621 0.568770
vt 0.602849 0.582115
vt 0.600462 0.594394
vt 0.598308 0.606983
vt 0.626449 0.432518
vt 0.628390 0.420089
vt 0.624695 0.444786
vt 0.622572 0.458264
vt 0.620590 0.473287
vt 0.620111 0.488455
vt 0.621125 0.554012
vt 0.620608 0.538826
vt 0.623196 0.569141
vt 0.625113 0.582655
vt 0.626835 0.595024
vt 0.628695 0.607550
vt 0.652716 0.440834
vt 0.657380 0.428772
vt 0.646034 0.452313
vt 0.638451 0.463521
vt 0.631715 0.475855
vt 0.628241 0.489617
vt 0.632244 0.551366
vt 0.628724 0.537641
vt 0.639070 0.563608
vt 0.646849 0.575149
vt 0.653496 0.586826
vt 0.658087 0.599066
s 1
usemtl donut_stand.001
f 1271/803/428 1272/804/429 1282/805/430 1281/806/431
f 1272/804/429 1273/807/432 1283/808/433 1282/805/430
f 1273/807/432 1274/809/434 1284/810/435 1283/808/433
f 1274/809/434 1275/811/436 1285/812/437 1284/810/435
f 1275/811/436 1276/813/438 1286/814/439 1285/812/437
f 1276/815/438 1277/816/440 1287/817/441 1286/818/439
f 1277/816/440 1278/819/442 1288/820/443 1287/817/441
f 1278/819/442 1279/821/444 1289/822/445 1288/820/443
f 1279/821/444 1280/823/446 1290/824/447 1289/822/445
f 1280/823/446 1271/825/428 1281/826/431 1290/824/447
f 1281/806/431 1282/805/430 1292/827/448 1291/828/449
f 1282/805/430 1283/808/433 1293/829/450 1292/827/448
f 1283/808/433 1284/810/435 1294/830/451 1293/829/450
f 1284/810/435 1285/812/437 1295/831/452 1294/830/451
f 1285/812/437 1286/814/439 1296/832/453 1295/831/452
f 1286/818/439 1287/817/441 1297/833/454 1296/834/453
f 1287/817/441 1288/820/443 1298/835/455 1297/833/454
f 1288/820/443 1289/822/445 1299/836/456 1298/835/455
f 1289/822/445 1290/824/447 1300/837/457 1299/836/456
f 1290/824/447 1281/826/431 1291/838/449 1300/837/457
f 1291/828/449 1292/827/448 1302/839/458 1301/840/459
f 1292/827/448 1293/829/450 1303/841/460 1302/839/458
f 1293/829/450 1294/830/451 1304/842/461 1303/841/460
f 1294/830/451 1295/831/452 1305/843/462 1304/842/461
f 1295/831/452 1296/832/453 1306/844/463 1305/843/462
f 1296/834/453 1297/833/454 1307/845/464 1306/846/463
f 1297/833/454 1298/835/455 1308/847/465 1307/845/464
f 1298/835/455 1299/836/456 1309/848/466 1308/847/465
f 1299/836/456 1300/837/457 1310/849/467 1309/848/466
f 1300/837/457 1291/838/449 1301/850/459 1310/849/467
f 1301/840/459 1302/839/458 1312/851/468 1311/852/469
f 1302/839/458 1303/841/460 1313/853/470 1312/851/468
f 1303/841/460 1304/842/461 1314/854/471 1313/853/470
f 1304/842/461 1305/843/462 1315/855/472 1314/854/471
f 1305/843/462 1306/844/463 1316/856/473 1315/855/472
f 1306/846/463 1307/845/464 1317/857/474 1316/858/473
f 1307/845/464 1308/847/465 1318/859/475 1317/857/474
f 1308/847/465 1309/848/466 1319/860/476 1318/859/475
f 1309/848/466 1310/849/467 1320/861/477 1319/860/476
f 1310/849/467 1301/850/459 1311/862/469 1320/861/477
f 1311/852/469 1312/851/468 1322/863/478 1321/864/479
f 1312/851/468 1313/853/470 1323/865/480 1322/863/478
f 1313/853/470 1314/854/471 1324/866/481 1323/865/480
f 1314/854/471 1315/855/472 1325/867/482 1324/866/481
f 1315/855/472 1316/856/473 1326/868/483 1325/867/482
f 1316/858/473 1317/857/474 1327/869/484 1326/870/483
f 1317/857/474 1318/859/475 1328/871/485 1327/869/484
f 1318/859/475 1319/860/476 1329/872/486 1328/871/485
f 1319/860/476 1320/861/477 1330/873/487 1329/872/486
f 1320/861/477 1311/862/469 1321/874/479 1330/873/487
f 1321/864/479 1322/863/478 1332/875/488 1331/876/438
f 1322/863/478 1323/865/480 1333/877/489 1332/875/488
f 1323/865/480 1324/866/481 1334/878/490 1333/877/489
f 1324/866/481 1325/867/482 1335/879/491 1334/878/490
f 1325/867/482 1326/868/483 1336/880/428 1335/879/491
f 1326/870/483 1327/869/484 1337/881/492 1336/882/428
f 1327/869/484 1328/871/485 1338/883/493 1337/881/492
f 1328/871/485 1329/872/486 1339/884/494 1338/883/493
f 1329/872/486 1330/873/487 1340/885/495 1339/884/494
f 1330/873/487 1321/874/479 1331/886/438 1340/885/495
f 1331/887/438 1332/888/488 1342/889/496 1341/890/439
f 1332/888/488 1333/891/489 1343/892/497 1342/889/496
f 1333/891/489 1334/893/490 1344/894/498 1343/892/497
f 1334/893/490 1335/895/491 1345/896/499 1344/894/498
f 1335/895/491 1336/897/428 1346/898/431 1345/896/499
f 1336/899/428 1337/900/492 1347/901/500 1346/902/431
f 1337/900/492 1338/903/493 1348/904/501 1347/901/500
f 1338/903/493 1339/905/494 1349/906/502 1348/904/501
f 1339/905/494 1340/907/495 1350/908/503 1349/906/502
f 1340/907/495 1331/909/438 1341/910/439 1350/908/503
f 1341/890/439 1342/889/496 1352/911/504 1351/912/453
f 1342/889/496 1343/892/497 1353/913/505 1352/911/504
f 1343/892/497 1344/894/498 1354/914/506 1353/913/505
f 1344/894/498 1345/896/499 1355/915/507 1354/914/506
f 1345/896/499 1346/898/431 1356/916/449 1355/915/507
f 1346/902/431 1347/901/500 1357/917/508 1356/918/449
f 1347/901/500 1348/904/501 1358/919/509 1357/917/508
f 1348/904/501 1349/906/502 1359/920/510 1358/919/509
f 1349/906/502 1350/908/503 1360/921/511 1359/920/510
f 1350/908/503 1341/910/439 1351/922/453 1360/921/511
f 1351/912/453 1352/911/504 1362/923/512 1361/924/463
f 1352/911/504 1353/913/505 1363/925/513 1362/923/512
f 1353/913/505 1354/914/506 1364/926/514 1363/925/513
f 1354/914/506 1355/915/507 1365/927/515 1364/926/514
f 1355/915/507 1356/916/449 1366/928/459 1365/927/515
f 1356/918/449 1357/917/508 1367/929/516 1366/930/459
f 1357/917/508 1358/919/509 1368/931/517 1367/929/516
f 1358/919/509 1359/920/510 1369/932/518 1368/931/517
f 1359/920/510 1360/921/511 1370/933/519 1369/932/518
f 1360/921/511 1351/922/453 1361/934/463 1370/933/519
f 1361/924/463 1362/923/512 1372/935/520 1371/936/473
f 1362/923/512 1363/925/513 1373/937/521 1372/935/520
f 1363/925/513 1364/926/514 1374/938/522 1373/937/521
f 1364/926/514 1365/927/515 1375/939/523 1374/938/522
f 1365/927/515 1366/928/459 1376/940/469 1375/939/523
f 1366/930/459 1367/929/516 1377/941/524 1376/942/469
f 1367/929/516 1368/931/517 1378/943/525 1377/941/524
f 1368/931/517 1369/932/518 1379/944/526 1378/943/525
f 1369/932/518 1370/933/519 1380/945/527 1379/944/526
f 1370/933/519 1361/934/463 1371/946/473 1380/945/527
f 1371/936/473 1372/935/520 1382/947/528 1381/948/483
f 1372/935/520 1373/937/521 1383/949/529 1382/947/528
f 1373/937/521 1374/938/522 1384/950/530 1383/949/529
f 1374/938/522 1375/939/523 1385/951/531 1384/950/530
f 1375/939/523 1376/940/469 1386/952/479 1385/951/531
f 1376/942/469 1377/941/524 1387/953/532 1386/954/479
f 1377/941/524 1378/943/525 1388/955/533 1387/953/532
f 1378/943/525 1379/944/526 1389/956/534 1388/955/533
f 1379/944/526 1380/945/527 1390/957/535 1389/956/534
f 1380/945/527 1371/946/473 1381/958/483 1390/957/535
f 1381/948/483 1382/947/528 1272/959/429 1271/960/428
f 1382/947/528 1383/949/529 1273/961/432 1272/959/429
f 1383/949/529 1384/950/530 1274/962/434 1273/961/432
f 1384/950/530 1385/951/531 1275/963/436 1274/962/434
f 1385/951/531 1386/952/479 1276/964/438 1275/963/436
f 1386/954/479 1387/953/532 1277/965/440 1276/966/438
f 1387/953/532 1388/955/533 1278/967/442 1277/965/440
f 1388/955/533 1389/956/534 1279/968/444 1278/967/442
f 1389/956/534 1390/957/535 1280/969/446 1279/968/444
f 1390/957/535 1381/958/483 1271/970/428 1280/969/446
f 1394/823/536 1391/825/537 1392/826/538 1407/824/539
f 1391/803/537 1393/804/540 1509/805/541 1392/806/538
f 1395/948/542 1397/947/543 1393/959/540 1391/960/537
f 1398/957/544 1395/958/542 1391/970/537 1394/969/536
f 1399/945/545 1396/946/546 1395/958/542 1398/957/544
f 1396/936/546 1437/935/547 1397/947/543 1395/948/542
f 1401/944/548 1399/945/545 1398/957/544 1400/956/549
f 1400/956/549 1398/957/544 1394/969/536 1403/968/550
f 1510/943/551 1401/944/548 1400/956/549 1402/955/552
f 1402/955/552 1400/956/549 1403/968/550 1404/967/553
f 1404/819/553 1403/821/550 1405/822/554 1406/820/555
f 1403/821/550 1394/823/536 1407/824/539 1405/822/554
f 1406/820/555 1405/822/554 1408/836/556 1409/835/557
f 1405/822/554 1407/824/539 1410/837/558 1408/836/556
f 1409/835/557 1408/836/556 1411/848/559 1412/847/560
f 1408/836/556 1410/837/558 1413/849/561 1411/848/559
f 1412/847/560 1411/848/559 1414/860/562 1415/859/563
f 1411/848/559 1413/849/561 1416/861/564 1414/860/562
f 1415/859/563 1414/860/562 1417/872/565 1418/871/566
f 1414/860/562 1416/861/564 1419/873/567 1417/872/565
f 1418/871/566 1417/872/565 1420/884/568 1421/883/569
f 1417/872/565 1419/873/567 1422/885/570 1420/884/568
f 1421/903/569 1420/905/568 1423/906/571 1424/904/572
f 1420/905/568 1422/907/570 1425/908/573 1423/906/571
f 1424/904/572 1423/906/571 1426/920/574 1427/919/575
f 1423/906/571 1425/908/573 1428/921/576 1426/920/574
f 1427/919/575 1426/920/574 1429/932/577 1430/931/578
f 1426/920/574 1428/921/576 1431/933/579 1429/932/577
f 1430/931/578 1429/932/577 1401/944/548 1510/943/551
f 1429/932/577 1431/933/579 1399/945/545 1401/944/548
f 1428/921/576 1433/922/580 1432/934/463 1431/933/579
f 1431/933/579 1432/934/463 1396/946/546 1399/945/545
f 1433/912/580 1435/911/581 1434/923/582 1432/924/463
f 1432/924/463 1434/923/582 1437/935/547 1396/936/546
f 1435/911/581 1479/913/583 1436/925/584 1434/923/582
f 1434/923/582 1436/925/584 1438/937/585 1437/935/547
f 1437/935/547 1438/937/585 1440/949/586 1397/947/543
f 1436/925/584 1476/926/587 1439/938/588 1438/937/585
f 1438/937/585 1439/938/588 1441/950/589 1440/949/586
f 1397/947/543 1440/949/586 1442/961/590 1393/959/540
f 1440/949/586 1441/950/589 1444/962/591 1442/961/590
f 1393/804/540 1442/807/590 1443/808/592 1509/805/541
f 1442/807/590 1444/809/591 1445/810/593 1443/808/592
f 1444/809/591 1446/811/594 1447/812/595 1445/810/593
f 1441/950/589 1449/951/596 1446/963/594 1444/962/591
f 1446/811/594 1448/813/597 1457/814/598 1447/812/595
f 1449/951/596 1451/952/599 1448/964/597 1446/963/594
f 1450/939/600 1452/940/601 1451/952/599 1449/951/596
f 1439/938/588 1450/939/600 1449/951/596 1441/950/589
f 1452/942/601 1454/941/602 1453/953/603 1451/954/599
f 1451/954/599 1453/953/603 1455/965/604 1448/966/597
f 1454/941/602 1510/943/551 1402/955/552 1453/953/603
f 1453/953/603 1402/955/552 1404/967/553 1455/965/604
f 1448/815/597 1455/816/604 1456/817/605 1457/818/598
f 1455/816/604 1404/819/553 1406/820/555 1456/817/605
f 1457/818/598 1456/817/605 1458/833/606 1459/834/580
f 1456/817/605 1406/820/555 1409/835/557 1458/833/606
f 1459/834/580 1458/833/606 1460/845/607 1461/846/463
f 1458/833/606 1409/835/557 1412/847/560 1460/845/607
f 1461/846/463 1460/845/607 1462/857/608 1463/858/546
f 1460/845/607 1412/847/560 1415/859/563 1462/857/608
f 1463/858/546 1462/857/608 1464/869/609 1465/870/542
f 1462/857/608 1415/859/563 1418/871/566 1464/869/609
f 1465/870/542 1464/869/609 1466/881/610 1467/882/537
f 1464/869/609 1418/871/566 1421/883/569 1466/881/610
f 1467/899/537 1466/900/610 1468/901/611 1469/902/538
f 1466/900/610 1421/903/569 1424/904/572 1468/901/611
f 1469/902/538 1468/901/611 1470/917/612 1471/918/613
f 1468/901/611 1424/904/572 1427/919/575 1470/917/612
f 1471/918/613 1470/917/612 1472/929/614 1473/930/459
f 1470/917/612 1427/919/575 1430/931/578 1472/929/614
f 1473/930/459 1472/929/614 1454/941/602 1452/942/601
f 1472/929/614 1430/931/578 1510/943/551 1454/941/602
f 1475/915/615 1471/916/613 1473/928/459 1474/927/616
f 1474/927/616 1473/928/459 1452/940/601 1450/939/600
f 1477/914/617 1475/915/615 1474/927/616 1476/926/587
f 1476/926/587 1474/927/616 1450/939/600 1439/938/588
f 1479/913/583 1477/914/617 1476/926/587 1436/925/584
f 1478/894/618 1497/896/619 1475/915/615 1477/914/617
f 1480/892/620 1478/894/618 1477/914/617 1479/913/583
f 1482/889/621 1480/892/620 1479/913/583 1435/911/581
f 1481/891/622 1495/893/623 1478/894/618 1480/892/620
f 1483/888/624 1481/891/622 1480/892/620 1482/889/621
f 1485/887/597 1483/888/624 1482/889/621 1484/890/598
f 1484/890/598 1482/889/621 1435/911/581 1433/912/580
f 1422/907/570 1485/909/597 1484/910/598 1425/908/573
f 1425/908/573 1484/910/598 1433/922/580 1428/921/576
f 1419/873/567 1486/874/599 1485/886/597 1422/885/570
f 1486/864/599 1488/863/625 1483/875/624 1485/876/597
f 1416/861/564 1487/862/626 1486/874/599 1419/873/567
f 1487/852/626 1489/851/627 1488/863/625 1486/864/599
f 1489/851/627 1491/853/628 1490/865/629 1488/863/625
f 1488/863/625 1490/865/629 1481/877/622 1483/875/624
f 1491/853/628 1493/854/630 1492/866/631 1490/865/629
f 1490/865/629 1492/866/631 1495/878/623 1481/877/622
f 1493/854/630 1498/855/632 1494/867/633 1492/866/631
f 1492/866/631 1494/867/633 1496/879/634 1495/878/623
f 1495/893/623 1496/895/634 1497/896/619 1478/894/618
f 1494/867/633 1465/868/542 1467/880/537 1496/879/634
f 1496/895/634 1467/897/537 1469/898/538 1497/896/619
f 1497/896/619 1469/898/538 1471/916/613 1475/915/615
f 1498/855/632 1463/856/546 1465/868/542 1494/867/633
f 1499/843/635 1461/844/463 1463/856/546 1498/855/632
f 1501/842/636 1499/843/635 1498/855/632 1493/854/630
f 1500/831/637 1459/832/580 1461/844/463 1499/843/635
f 1502/830/638 1500/831/637 1499/843/635 1501/842/636
f 1504/829/639 1502/830/638 1501/842/636 1503/841/640
f 1503/841/640 1501/842/636 1493/854/630 1491/853/628
f 1506/827/641 1504/829/639 1503/841/640 1505/839/642
f 1505/839/642 1503/841/640 1491/853/628 1489/851/627
f 1508/828/613 1506/827/641 1505/839/642 1507/840/459
f 1507/840/459 1505/839/642 1489/851/627 1487/852/626
f 1410/837/558 1508/838/613 1507/850/459 1413/849/561
f 1413/849/561 1507/850/459 1487/862/626 1416/861/564
f 1407/824/539 1392/826/538 1508/838/613 1410/837/558
f 1392/806/538 1509/805/541 1506/827/641 1508/828/613
f 1509/805/541 1443/808/592 1504/829/639 1506/827/641
f 1443/808/592 1445/810/593 1502/830/638 1504/829/639
f 1445/810/593 1447/812/595 1500/831/637 1502/830/638
f 1447/812/595 1457/814/598 1459/832/580 1500/831/637
f 1514/823/536 1511/825/537 1512/826/538 1527/824/539
f 1511/803/537 1513/804/540 1629/805/541 1512/806/538
f 1515/948/542 1517/947/543 1513/959/540 1511/960/537
f 1518/957/544 1515/958/542 1511/970/537 1514/969/536
f 1519/945/545 1516/946/546 1515/958/542 1518/957/544
f 1516/936/546 1557/935/547 1517/947/543 1515/948/542
f 1521/944/548 1519/945/545 1518/957/544 1520/956/549
f 1520/956/549 1518/957/544 1514/969/536 1523/968/550
f 1630/943/551 1521/944/548 1520/956/549 1522/955/552
f 1522/955/552 1520/956/549 1523/968/550 1524/967/553
f 1524/819/553 1523/821/550 1525/822/554 1526/820/555
f 1523/821/550 1514/823/536 1527/824/539 1525/822/554
f 1526/820/555 1525/822/554 1528/836/556 1529/835/557
f 1525/822/554 1527/824/539 1530/837/558 1528/836/556
f 1529/835/557 1528/836/556 1531/848/559 1532/847/560
f 1528/836/556 1530/837/558 1533/849/561 1531/848/559
f 1532/847/560 1531/848/559 1534/860/562 1535/859/563
f 1531/848/559 1533/849/561 1536/861/564 1534/860/562
f 1535/859/563 1534/860/562 1537/872/565 1538/871/566
f 1534/860/562 1536/861/564 1539/873/567 1537/872/565
f 1538/871/566 1537/872/565 1540/884/568 1541/883/569
f 1537/872/565 1539/873/567 1542/885/570 1540/884/568
f 1541/903/569 1540/905/568 1543/906/571 1544/904/572
f 1540/905/568 1542/907/570 1545/908/573 1543/906/571
f 1544/904/572 1543/906/571 1546/920/574 1547/919/575
f 1543/906/571 1545/908/573 1548/921/576 1546/920/574
f 1547/919/575 1546/920/574 1549/932/577 1550/931/578
f 1546/920/574 1548/921/576 1551/933/579 1549/932/577
f 1550/931/578 1549/932/577 1521/944/548 1630/943/551
f 1549/932/577 1551/933/579 1519/945/545 1521/944/548
f 1548/921/576 1553/922/580 1552/934/463 1551/933/579
f 1551/933/579 1552/934/463 1516/946/546 1519/945/545
f 1553/912/580 1555/911/581 1554/923/582 1552/924/463
f 1552/924/463 1554/923/582 1557/935/547 1516/936/546
f 1555/911/581 1599/913/583 1556/925/584 1554/923/582
f 1554/923/582 1556/925/584 1558/937/585 1557/935/547
f 1557/935/547 1558/937/585 1560/949/586 1517/947/543
f 1556/925/584 1596/926/587 1559/938/588 1558/937/585
f 1558/937/585 1559/938/588 1561/950/589 1560/949/586
f 1517/947/543 1560/949/586 1562/961/590 1513/959/540
f 1560/949/586 1561/950/589 1564/962/591 1562/961/590
f 1513/804/540 1562/807/590 1563/808/592 1629/805/541
f 1562/807/590 1564/809/591 1565/810/593 1563/808/592
f 1564/809/591 1566/811/594 1567/812/595 1565/810/593
f 1561/950/589 1569/951/596 1566/963/594 1564/962/591
f 1566/811/594 1568/813/597 1577/814/598 1567/812/595
f 1569/951/596 1571/952/599 1568/964/597 1566/963/594
f 1570/939/600 1572/940/601 1571/952/599 1569/951/596
f 1559/938/588 1570/939/600 1569/951/596 1561/950/589
f 1572/942/601 1574/941/602 1573/953/603 1571/954/599
f 1571/954/599 1573/953/603 1575/965/604 1568/966/597
f 1574/941/602 1630/943/551 1522/955/552 1573/953/603
f 1573/953/603 1522/955/552 1524/967/553 1575/965/604
f 1568/815/597 1575/816/604 1576/817/605 1577/818/598
f 1575/816/604 1524/819/553 1526/820/555 1576/817/605
f 1577/818/598 1576/817/605 1578/833/606 1579/834/580
f 1576/817/605 1526/820/555 1529/835/557 1578/833/606
f 1579/834/580 1578/833/606 1580/845/607 1581/846/463
f 1578/833/606 1529/835/557 1532/847/560 1580/845/607
f 1581/846/463 1580/845/607 1582/857/608 1583/858/546
f 1580/845/607 1532/847/560 1535/859/563 1582/857/608
f 1583/858/546 1582/857/608 1584/869/609 1585/870/542
f 1582/857/608 1535/859/563 1538/871/566 1584/869/609
f 1585/870/542 1584/869/609 1586/881/610 1587/882/537
f 1584/869/609 1538/871/566 1541/883/569 1586/881/610
f 1587/899/537 1586/900/610 1588/901/611 1589/902/538
f 1586/900/610 1541/903/569 1544/904/572 1588/901/611
f 1589/902/538 1588/901/611 1590/917/612 1591/918/613
f 1588/901/611 1544/904/572 1547/919/575 1590/917/612
f 1591/918/613 1590/917/612 1592/929/614 1593/930/459
f 1590/917/612 1547/919/575 1550/931/578 1592/929/614
f 1593/930/459 1592/929/614 1574/941/602 1572/942/601
f 1592/929/614 1550/931/578 1630/943/551 1574/941/602
f 1595/915/615 1591/916/613 1593/928/459 1594/927/616
f 1594/927/616 1593/928/459 1572/940/601 1570/939/600
f 1597/914/617 1595/915/615 1594/927/616 1596/926/587
f 1596/926/587 1594/927/616 1570/939/600 1559/938/588
f 1599/913/583 1597/914/617 1596/926/587 1556/925/584
f 1598/894/618 1617/896/619 1595/915/615 1597/914/617
f 1600/892/620 1598/894/618 1597/914/617 1599/913/583
f 1602/889/621 1600/892/620 1599/913/583 1555/911/581
f 1601/891/622 1615/893/623 1598/894/618 1600/892/620
f 1603/888/624 1601/891/622 1600/892/620 1602/889/621
f 1605/887/597 1603/888/624 1602/889/621 1604/890/598
f 1604/890/598 1602/889/621 1555/911/581 1553/912/580
f 1542/907/570 1605/909/597 1604/910/598 1545/908/573
f 1545/908/573 1604/910/598 1553/922/580 1548/921/576
f 1539/873/567 1606/874/599 1605/886/597 1542/885/570
f 1606/864/599 1608/863/625 1603/875/624 1605/876/597
f 1536/861/564 1607/862/626 1606/874/599 1539/873/567
f 1607/852/626 1609/851/627 1608/863/625 1606/864/599
f 1609/851/627 1611/853/628 1610/865/629 1608/863/625
f 1608/863/625 1610/865/629 1601/877/622 1603/875/624
f 1611/853/628 1613/854/630 1612/866/631 1610/865/629
f 1610/865/629 1612/866/631 1615/878/623 1601/877/622
f 1613/854/630 1618/855/632 1614/867/633 1612/866/631
f 1612/866/631 1614/867/633 1616/879/634 1615/878/623
f 1615/893/623 1616/895/634 1617/896/619 1598/894/618
f 1614/867/633 1585/868/542 1587/880/537 1616/879/634
f 1616/895/634 1587/897/537 1589/898/538 1617/896/619
f 1617/896/619 1589/898/538 1591/916/613 1595/915/615
f 1618/855/632 1583/856/546 1585/868/542 1614/867/633
f 1619/843/635 1581/844/463 1583/856/546 1618/855/632
f 1621/842/636 1619/843/635 1618/855/632 1613/854/630
f 1620/831/637 1579/832/580 1581/844/463 1619/843/635
f 1622/830/638 1620/831/637 1619/843/635 1621/842/636
f 1624/829/639 1622/830/638 1621/842/636 1623/841/640
f 1623/841/640 1621/842/636 1613/854/630 1611/853/628
f 1626/827/641 1624/829/639 1623/841/640 1625/839/642
f 1625/839/642 1623/841/640 1611/853/628 1609/851/627
f 1628/828/613 1626/827/641 1625/839/642 1627/840/459
f 1627/840/459 1625/839/642 1609/851/627 1607/852/626
f 1530/837/558 1628/838/613 1627/850/459 1533/849/561
f 1533/849/561 1627/850/459 1607/862/626 1536/861/564
f 1527/824/539 1512/826/538 1628/838/613 1530/837/558
f 1512/806/538 1629/805/541 1626/827/641 1628/828/613
f 1629/805/541 1563/808/592 1624/829/639 1626/827/641
f 1563/808/592 1565/810/593 1622/830/638 1624/829/639
f 1565/810/593 1567/812/595 1620/831/637 1622/830/638
f 1567/812/595 1577/814/598 1579/832/580 1620/831/637
f 1634/823/536 1631/825/537 1632/826/538 1647/824/539
f 1631/803/537 1633/804/540 1749/805/541 1632/806/538
f 1635/948/542 1637/947/543 1633/959/540 1631/960/537
f 1638/957/544 1635/958/542 1631/970/537 1634/969/536
f 1639/945/545 1636/946/546 1635/958/542 1638/957/544
f 1636/936/546 1677/935/547 1637/947/543 1635/948/542
f 1641/944/548 1639/945/545 1638/957/544 1640/956/549
f 1640/956/549 1638/957/544 1634/969/536 1643/968/550
f 1750/943/551 1641/944/548 1640/956/549 1642/955/552
f 1642/955/552 1640/956/549 1643/968/550 1644/967/553
f 1644/819/553 1643/821/550 1645/822/554 1646/820/555
f 1643/821/550 1634/823/536 1647/824/539 1645/822/554
f 1646/820/555 1645/822/554 1648/836/556 1649/835/557
f 1645/822/554 1647/824/539 1650/837/558 1648/836/556
f 1649/835/557 1648/836/556 1651/848/559 1652/847/560
f 1648/836/556 1650/837/558 1653/849/561 1651/848/559
f 1652/847/560 1651/848/559 1654/860/562 1655/859/563
f 1651/848/559 1653/849/561 1656/861/564 1654/860/562
f 1655/859/563 1654/860/562 1657/872/565 1658/871/566
f 1654/860/562 1656/861/564 1659/873/567 1657/872/565
f 1658/871/566 1657/872/565 1660/884/568 1661/883/569
f 1657/872/565 1659/873/567 1662/885/570 1660/884/568
f 1661/903/569 1660/905/568 1663/906/571 1664/904/572
f 1660/905/568 1662/907/570 1665/908/573 1663/906/571
f 1664/904/572 1663/906/571 1666/920/574 1667/919/575
f 1663/906/571 1665/908/573 1668/921/576 1666/920/574
f 1667/919/575 1666/920/574 1669/932/577 1670/931/578
f 1666/920/574 1668/921/576 1671/933/579 1669/932/577
f 1670/931/578 1669/932/577 1641/944/548 1750/943/551
f 1669/932/577 1671/933/579 1639/945/545 1641/944/548
f 1668/921/576 1673/922/580 1672/934/463 1671/933/579
f 1671/933/579 1672/934/463 1636/946/546 1639/945/545
f 1673/912/580 1675/911/581 1674/923/582 1672/924/463
f 1672/924/463 1674/923/582 1677/935/547 1636/936/546
f 1675/911/581 1719/913/583 1676/925/584 1674/923/582
f 1674/923/582 1676/925/584 1678/937/585 1677/935/547
f 1677/935/547 1678/937/585 1680/949/586 1637/947/543
f 1676/925/584 1716/926/587 1679/938/588 1678/937/585
f 1678/937/585 1679/938/588 1681/950/589 1680/949/586
f 1637/947/543 1680/949/586 1682/961/590 1633/959/540
f 1680/949/586 1681/950/589 1684/962/591 1682/961/590
f 1633/804/540 1682/807/590 1683/808/592 1749/805/541
f 1682/807/590 1684/809/591 1685/810/593 1683/808/592
f 1684/809/591 1686/811/594 1687/812/643 1685/810/593
f 1681/950/589 1689/951/596 1686/963/594 1684/962/591
f 1686/811/594 1688/813/597 1697/814/598 1687/812/643
f 1689/951/596 1691/952/599 1688/964/597 1686/963/594
f 1690/939/600 1692/940/601 1691/952/599 1689/951/596
f 1679/938/588 1690/939/600 1689/951/596 1681/950/589
f 1692/942/601 1694/941/602 1693/953/603 1691/954/599
f 1691/954/599 1693/953/603 1695/965/604 1688/966/597
f 1694/941/602 1750/943/551 1642/955/552 1693/953/603
f 1693/953/603 1642/955/552 1644/967/553 1695/965/604
f 1688/815/597 1695/816/604 1696/817/605 1697/818/598
f 1695/816/604 1644/819/553 1646/820/555 1696/817/605
f 1697/818/598 1696/817/605 1698/833/606 1699/834/580
f 1696/817/605 1646/820/555 1649/835/557 1698/833/606
f 1699/834/580 1698/833/606 1700/845/607 1701/846/463
f 1698/833/606 1649/835/557 1652/847/560 1700/845/607
f 1701/846/463 1700/845/607 1702/857/608 1703/858/546
f 1700/845/607 1652/847/560 1655/859/563 1702/857/608
f 1703/858/546 1702/857/608 1704/869/609 1705/870/542
f 1702/857/608 1655/859/563 1658/871/566 1704/869/609
f 1705/870/542 1704/869/609 1706/881/610 1707/882/537
f 1704/869/609 1658/871/566 1661/883/569 1706/881/610
f 1707/899/537 1706/900/610 1708/901/611 1709/902/538
f 1706/900/610 1661/903/569 1664/904/572 1708/901/611
f 1709/902/538 1708/901/611 1710/917/612 1711/918/613
f 1708/901/611 1664/904/572 1667/919/575 1710/917/612
f 1711/918/613 1710/917/612 1712/929/614 1713/930/459
f 1710/917/612 1667/919/575 1670/931/578 1712/929/614
f 1713/930/459 1712/929/614 1694/941/602 1692/942/601
f 1712/929/614 1670/931/578 1750/943/551 1694/941/602
f 1715/915/615 1711/916/613 1713/928/459 1714/927/616
f 1714/927/616 1713/928/459 1692/940/601 1690/939/600
f 1717/914/617 1715/915/615 1714/927/616 1716/926/587
f 1716/926/587 1714/927/616 1690/939/600 1679/938/588
f 1719/913/583 1717/914/617 1716/926/587 1676/925/584
f 1718/894/618 1737/896/619 1715/915/615 1717/914/617
f 1720/892/620 1718/894/618 1717/914/617 1719/913/583
f 1722/889/621 1720/892/620 1719/913/583 1675/911/581
f 1721/891/622 1735/893/623 1718/894/618 1720/892/620
f 1723/888/624 1721/891/622 1720/892/620 1722/889/621
f 1725/887/597 1723/888/624 1722/889/621 1724/890/598
f 1724/890/598 1722/889/621 1675/911/581 1673/912/580
f 1662/907/570 1725/909/597 1724/910/598 1665/908/573
f 1665/908/573 1724/910/598 1673/922/580 1668/921/576
f 1659/873/567 1726/874/599 1725/886/597 1662/885/570
f 1726/864/599 1728/863/625 1723/875/624 1725/876/597
f 1656/861/564 1727/862/626 1726/874/599 1659/873/567
f 1727/852/626 1729/851/627 1728/863/625 1726/864/599
f 1729/851/627 1731/853/628 1730/865/629 1728/863/625
f 1728/863/625 1730/865/629 1721/877/622 1723/875/624
f 1731/853/628 1733/854/630 1732/866/631 1730/865/629
f 1730/865/629 1732/866/631 1735/878/623 1721/877/622
f 1733/854/630 1738/855/632 1734/867/633 1732/866/631
f 1732/866/631 1734/867/633 1736/879/634 1735/878/623
f 1735/893/623 1736/895/634 1737/896/619 1718/894/618
f 1734/867/633 1705/868/542 1707/880/537 1736/879/634
f 1736/895/634 1707/897/537 1709/898/538 1737/896/619
f 1737/896/619 1709/898/538 1711/916/613 1715/915/615
f 1738/855/632 1703/856/546 1705/868/542 1734/867/633
f 1739/843/635 1701/844/463 1703/856/546 1738/855/632
f 1741/842/636 1739/843/635 1738/855/632 1733/854/630
f 1740/831/637 1699/832/580 1701/844/463 1739/843/635
f 1742/830/638 1740/831/637 1739/843/635 1741/842/636
f 1744/829/639 1742/830/638 1741/842/636 1743/841/640
f 1743/841/640 1741/842/636 1733/854/630 1731/853/628
f 1746/827/641 1744/829/639 1743/841/640 1745/839/642
f 1745/839/642 1743/841/640 1731/853/628 1729/851/627
f 1748/828/613 1746/827/641 1745/839/642 1747/840/459
f 1747/840/459 1745/839/642 1729/851/627 1727/852/626
f 1650/837/558 1748/838/613 1747/850/459 1653/849/561
f 1653/849/561 1747/850/459 1727/862/626 1656/861/564
f 1647/824/539 1632/826/538 1748/838/613 1650/837/558
f 1632/806/538 1749/805/541 1746/827/641 1748/828/613
f 1749/805/541 1683/808/592 1744/829/639 1746/827/641
f 1683/808/592 1685/810/593 1742/830/638 1744/829/639
f 1685/810/593 1687/812/643 1740/831/637 1742/830/638
f 1687/812/643 1697/814/598 1699/832/580 1740/831/637
f 1754/823/536 1751/825/537 1752/826/538 1767/824/539
f 1751/803/537 1753/804/540 1869/805/541 1752/806/538
f 1755/948/542 1757/947/543 1753/959/540 1751/960/537
f 1758/957/544 1755/958/542 1751/970/537 1754/969/536
f 1759/945/545 1756/946/546 1755/958/542 1758/957/544
f 1756/936/546 1797/935/547 1757/947/543 1755/948/542
f 1761/944/548 1759/945/545 1758/957/544 1760/956/549
f 1760/956/549 1758/957/544 1754/969/536 1763/968/550
f 1870/943/551 1761/944/548 1760/956/549 1762/955/552
f 1762/955/552 1760/956/549 1763/968/550 1764/967/553
f 1764/819/553 1763/821/550 1765/822/554 1766/820/555
f 1763/821/550 1754/823/536 1767/824/539 1765/822/554
f 1766/820/555 1765/822/554 1768/836/556 1769/835/557
f 1765/822/554 1767/824/539 1770/837/558 1768/836/556
f 1769/835/557 1768/836/556 1771/848/559 1772/847/560
f 1768/836/556 1770/837/558 1773/849/561 1771/848/559
f 1772/847/560 1771/848/559 1774/860/562 1775/859/563
f 1771/848/559 1773/849/561 1776/861/564 1774/860/562
f 1775/859/563 1774/860/562 1777/872/565 1778/871/566
f 1774/860/562 1776/861/564 1779/873/567 1777/872/565
f 1778/871/566 1777/872/565 1780/884/568 1781/883/569
f 1777/872/565 1779/873/567 1782/885/570 1780/884/568
f 1781/903/569 1780/905/568 1783/906/571 1784/904/572
f 1780/905/568 1782/907/570 1785/908/573 1783/906/571
f 1784/904/572 1783/906/571 1786/920/574 1787/919/575
f 1783/906/571 1785/908/573 1788/921/576 1786/920/574
f 1787/919/575 1786/920/574 1789/932/577 1790/931/578
f 1786/920/574 1788/921/576 1791/933/579 1789/932/577
f 1790/931/578 1789/932/577 1761/944/548 1870/943/551
f 1789/932/577 1791/933/579 1759/945/545 1761/944/548
f 1788/921/576 1793/922/580 1792/934/463 1791/933/579
f 1791/933/579 1792/934/463 1756/946/546 1759/945/545
f 1793/912/580 1795/911/581 1794/923/582 1792/924/463
f 1792/924/463 1794/923/582 1797/935/547 1756/936/546
f 1795/911/581 1839/913/583 1796/925/584 1794/923/582
f 1794/923/582 1796/925/584 1798/937/585 1797/935/547
f 1797/935/547 1798/937/585 1800/949/586 1757/947/543
f 1796/925/584 1836/926/587 1799/938/588 1798/937/585
f 1798/937/585 1799/938/588 1801/950/589 1800/949/586
f 1757/947/543 1800/949/586 1802/961/590 1753/959/540
f 1800/949/586 1801/950/589 1804/962/591 1802/961/590
f 1753/804/540 1802/807/590 1803/808/592 1869/805/541
f 1802/807/590 1804/809/591 1805/810/593 1803/808/592
f 1804/809/591 1806/811/594 1807/812/643 1805/810/593
f 1801/950/589 1809/951/596 1806/963/594 1804/962/591
f 1806/811/594 1808/813/597 1817/814/598 1807/812/643
f 1809/951/596 1811/952/599 1808/964/597 1806/963/594
f 1810/939/600 1812/940/601 1811/952/599 1809/951/596
f 1799/938/588 1810/939/600 1809/951/596 1801/950/589
f 1812/942/601 1814/941/602 1813/953/603 1811/954/599
f 1811/954/599 1813/953/603 1815/965/604 1808/966/597
f 1814/941/602 1870/943/551 1762/955/552 1813/953/603
f 1813/953/603 1762/955/552 1764/967/553 1815/965/604
f 1808/815/597 1815/816/604 1816/817/605 1817/818/598
f 1815/816/604 1764/819/553 1766/820/555 1816/817/605
f 1817/818/598 1816/817/605 1818/833/606 1819/834/580
f 1816/817/605 1766/820/555 1769/835/557 1818/833/606
f 1819/834/580 1818/833/606 1820/845/607 1821/846/463
f 1818/833/606 1769/835/557 1772/847/560 1820/845/607
f 1821/846/463 1820/845/607 1822/857/608 1823/858/546
f 1820/845/607 1772/847/560 1775/859/563 1822/857/608
f 1823/858/546 1822/857/608 1824/869/609 1825/870/542
f 1822/857/608 1775/859/563 1778/871/566 1824/869/609
f 1825/870/542 1824/869/609 1826/881/610 1827/882/537
f 1824/869/609 1778/871/566 1781/883/569 1826/881/610
f 1827/899/537 1826/900/610 1828/901/611 1829/902/538
f 1826/900/610 1781/903/569 1784/904/572 1828/901/611
f 1829/902/538 1828/901/611 1830/917/612 1831/918/613
f 1828/901/611 1784/904/572 1787/919/575 1830/917/612
f 1831/918/613 1830/917/612 1832/929/614 1833/930/459
f 1830/917/612 1787/919/575 1790/931/578 1832/929/614
f 1833/930/459 1832/929/614 1814/941/602 1812/942/601
f 1832/929/614 1790/931/578 1870/943/551 1814/941/602
f 1835/915/615 1831/916/613 1833/928/459 1834/927/616
f 1834/927/616 1833/928/459 1812/940/601 1810/939/600
f 1837/914/617 1835/915/615 1834/927/616 1836/926/587
f 1836/926/587 1834/927/616 1810/939/600 1799/938/588
f 1839/913/583 1837/914/617 1836/926/587 1796/925/584
f 1838/894/618 1857/896/619 1835/915/615 1837/914/617
f 1840/892/620 1838/894/618 1837/914/617 1839/913/583
f 1842/889/621 1840/892/620 1839/913/583 1795/911/581
f 1841/891/622 1855/893/623 1838/894/618 1840/892/620
f 1843/888/624 1841/891/622 1840/892/620 1842/889/621
f 1845/887/597 1843/888/624 1842/889/621 1844/890/598
f 1844/890/598 1842/889/621 1795/911/581 1793/912/580
f 1782/907/570 1845/909/597 1844/910/598 1785/908/573
f 1785/908/573 1844/910/598 1793/922/580 1788/921/576
f 1779/873/567 1846/874/599 1845/886/597 1782/885/570
f 1846/864/599 1848/863/625 1843/875/624 1845/876/597
f 1776/861/564 1847/862/626 1846/874/599 1779/873/567
f 1847/852/626 1849/851/627 1848/863/625 1846/864/599
f 1849/851/627 1851/853/628 1850/865/629 1848/863/625
f 1848/863/625 1850/865/629 1841/877/622 1843/875/624
f 1851/853/628 1853/854/630 1852/866/631 1850/865/629
f 1850/865/629 1852/866/631 1855/878/623 1841/877/622
f 1853/854/630 1858/855/632 1854/867/633 1852/866/631
f 1852/866/631 1854/867/633 1856/879/634 1855/878/623
f 1855/893/623 1856/895/634 1857/896/619 1838/894/618
f 1854/867/633 1825/868/542 1827/880/537 1856/879/634
f 1856/895/634 1827/897/537 1829/898/538 1857/896/619
f 1857/896/619 1829/898/538 1831/916/613 1835/915/615
f 1858/855/632 1823/856/546 1825/868/542 1854/867/633
f 1859/843/635 1821/844/463 1823/856/546 1858/855/632
f 1861/842/636 1859/843/635 1858/855/632 1853/854/630
f 1860/831/637 1819/832/580 1821/844/463 1859/843/635
f 1862/830/638 1860/831/637 1859/843/635 1861/842/636
f 1864/829/639 1862/830/638 1861/842/636 1863/841/640
f 1863/841/640 1861/842/636 1853/854/630 1851/853/628
f 1866/827/641 1864/829/639 1863/841/640 1865/839/642
f 1865/839/642 1863/841/640 1851/853/628 1849/851/627
f 1868/828/613 1866/827/641 1865/839/642 1867/840/459
f 1867/840/459 1865/839/642 1849/851/627 1847/852/626
f 1770/837/558 1868/838/613 1867/850/459 1773/849/561
f 1773/849/561 1867/850/459 1847/862/626 1776/861/564
f 1767/824/539 1752/826/538 1868/838/613 1770/837/558
f 1752/806/538 1869/805/541 1866/827/641 1868/828/613
f 1869/805/541 1803/808/592 1864/829/639 1866/827/641
f 1803/808/592 1805/810/593 1862/830/638 1864/829/639
f 1805/810/593 1807/812/643 1860/831/637 1862/830/638
f 1807/812/643 1817/814/598 1819/832/580 1860/831/637
f 1874/823/446 1871/825/428 1872/826/431 1887/824/447
f 1871/803/428 1873/804/429 1989/805/430 1872/806/431
f 1875/948/483 1877/947/528 1873/959/429 1871/960/428
f 1878/957/535 1875/958/483 1871/970/428 1874/969/446
f 1879/945/527 1876/946/473 1875/958/483 1878/957/535
f 1876/936/473 1917/935/520 1877/947/528 1875/948/483
f 1881/944/526 1879/945/527 1878/957/535 1880/956/534
f 1880/956/534 1878/957/535 1874/969/446 1883/968/444
f 1990/943/525 1881/944/526 1880/956/534 1882/955/533
f 1882/955/533 1880/956/534 1883/968/444 1884/967/442
f 1884/819/442 1883/821/444 1885/822/445 1886/820/443
f 1883/821/444 1874/823/446 1887/824/447 1885/822/445
f 1886/820/443 1885/822/445 1888/836/456 1889/835/455
f 1885/822/445 1887/824/447 1890/837/457 1888/836/456
f 1889/835/455 1888/836/456 1891/848/466 1892/847/465
f 1888/836/456 1890/837/457 1893/849/467 1891/848/466
f 1892/847/465 1891/848/466 1894/860/476 1895/859/475
f 1891/848/466 1893/849/467 1896/861/477 1894/860/476
f 1895/859/475 1894/860/476 1897/872/486 1898/871/485
f 1894/860/476 1896/861/477 1899/873/487 1897/872/486
f 1898/871/485 1897/872/486 1900/884/494 1901/883/493
f 1897/872/486 1899/873/487 1902/885/495 1900/884/494
f 1901/903/493 1900/905/494 1903/906/502 1904/904/501
f 1900/905/494 1902/907/495 1905/908/503 1903/906/502
f 1904/904/501 1903/906/502 1906/920/510 1907/919/509
f 1903/906/502 1905/908/503 1908/921/511 1906/920/510
f 1907/919/509 1906/920/510 1909/932/518 1910/931/517
f 1906/920/510 1908/921/511 1911/933/519 1909/932/518
f 1910/931/517 1909/932/518 1881/944/526 1990/943/525
f 1909/932/518 1911/933/519 1879/945/527 1881/944/526
f 1908/921/511 1913/922/453 1912/934/463 1911/933/519
f 1911/933/519 1912/934/463 1876/946/473 1879/945/527
f 1913/912/453 1915/911/504 1914/923/512 1912/924/463
f 1912/924/463 1914/923/512 1917/935/520 1876/936/473
f 1915/911/504 1959/913/505 1916/925/513 1914/923/512
f 1914/923/512 1916/925/513 1918/937/521 1917/935/520
f 1917/935/520 1918/937/521 1920/949/529 1877/947/528
f 1916/925/513 1956/926/514 1919/938/522 1918/937/521
f 1918/937/521 1919/938/522 1921/950/530 1920/949/529
f 1877/947/528 1920/949/529 1922/961/432 1873/959/429
f 1920/949/529 1921/950/530 1924/962/434 1922/961/432
f 1873/804/429 1922/807/432 1923/808/433 1989/805/430
f 1922/807/432 1924/809/434 1925/810/435 1923/808/433
f 1924/809/434 1926/811/436 1927/812/437 1925/810/435
f 1921/950/530 1929/951/531 1926/963/436 1924/962/434
f 1926/811/436 1928/813/438 1937/814/439 1927/812/437
f 1929/951/531 1931/952/479 1928/964/438 1926/963/436
f 1930/939/523 1932/940/469 1931/952/479 1929/951/531
f 1919/938/522 1930/939/523 1929/951/531 1921/950/530
f 1932/942/469 1934/941/524 1933/953/532 1931/954/479
f 1931/954/479 1933/953/532 1935/965/440 1928/966/438
f 1934/941/524 1990/943/525 1882/955/533 1933/953/532
f 1933/953/532 1882/955/533 1884/967/442 1935/965/440
f 1928/815/438 1935/816/440 1936/817/441 1937/818/439
f 1935/816/440 1884/819/442 1886/820/443 1936/817/441
f 1937/818/439 1936/817/441 1938/833/454 1939/834/453
f 1936/817/441 1886/820/443 1889/835/455 1938/833/454
f 1939/834/453 1938/833/454 1940/845/464 1941/846/463
f 1938/833/454 1889/835/455 1892/847/465 1940/845/464
f 1941/846/463 1940/845/464 1942/857/474 1943/858/473
f 1940/845/464 1892/847/465 1895/859/475 1942/857/474
f 1943/858/473 1942/857/474 1944/869/484 1945/870/483
f 1942/857/474 1895/859/475 1898/871/485 1944/869/484
f 1945/870/483 1944/869/484 1946/881/492 1947/882/428
f 1944/869/484 1898/871/485 1901/883/493 1946/881/492
f 1947/899/428 1946/900/492 1948/901/500 1949/902/431
f 1946/900/492 1901/903/493 1904/904/501 1948/901/500
f 1949/902/431 1948/901/500 1950/917/508 1951/918/449
f 1948/901/500 1904/904/501 1907/919/509 1950/917/508
f 1951/918/449 1950/917/508 1952/929/516 1953/930/459
f 1950/917/508 1907/919/509 1910/931/517 1952/929/516
f 1953/930/459 1952/929/516 1934/941/524 1932/942/469
f 1952/929/516 1910/931/517 1990/943/525 1934/941/524
f 1955/915/507 1951/916/449 1953/928/459 1954/927/515
f 1954/927/515 1953/928/459 1932/940/469 1930/939/523
f 1957/914/506 1955/915/507 1954/927/515 1956/926/514
f 1956/926/514 1954/927/515 1930/939/523 1919/938/522
f 1959/913/505 1957/914/506 1956/926/514 1916/925/513
f 1958/894/498 1977/896/499 1955/915/507 1957/914/506
f 1960/892/497 1958/894/498 1957/914/506 1959/913/505
f 1962/889/496 1960/892/497 1959/913/505 1915/911/504
f 1961/891/489 1975/893/490 1958/894/498 1960/892/497
f 1963/888/488 1961/891/489 1960/892/497 1962/889/496
f 1965/887/438 1963/888/488 1962/889/496 1964/890/439
f 1964/890/439 1962/889/496 1915/911/504 1913/912/453
f 1902/907/495 1965/909/438 1964/910/439 1905/908/503
f 1905/908/503 1964/910/439 1913/922/453 1908/921/511
f 1899/873/487 1966/874/479 1965/886/438 1902/885/495
f 1966/864/479 1968/863/478 1963/875/488 1965/876/438
f 1896/861/477 1967/862/469 1966/874/479 1899/873/487
f 1967/852/469 1969/851/468 1968/863/478 1966/864/479
f 1969/851/468 1971/853/470 1970/865/480 1968/863/478
f 1968/863/478 1970/865/480 1961/877/489 1963/875/488
f 1971/853/470 1973/854/471 1972/866/481 1970/865/480
f 1970/865/480 1972/866/481 1975/878/490 1961/877/489
f 1973/854/471 1978/855/472 1974/867/482 1972/866/481
f 1972/866/481 1974/867/482 1976/879/491 1975/878/490
f 1975/893/490 1976/895/491 1977/896/499 1958/894/498
f 1974/867/482 1945/868/483 1947/880/428 1976/879/491
f 1976/895/491 1947/897/428 1949/898/431 1977/896/499
f 1977/896/499 1949/898/431 1951/916/449 1955/915/507
f 1978/855/472 1943/856/473 1945/868/483 1974/867/482
f 1979/843/462 1941/844/463 1943/856/473 1978/855/472
f 1981/842/461 1979/843/462 1978/855/472 1973/854/471
f 1980/831/452 1939/832/453 1941/844/463 1979/843/462
f 1982/830/451 1980/831/452 1979/843/462 1981/842/461
f 1984/829/450 1982/830/451 1981/842/461 1983/841/460
f 1983/841/460 1981/842/461 1973/854/471 1971/853/470
f 1986/827/448 1984/829/450 1983/841/460 1985/839/458
f 1985/839/458 1983/841/460 1971/853/470 1969/851/468
f 1988/828/449 1986/827/448 1985/839/458 1987/840/459
f 1987/840/459 1985/839/458 1969/851/468 1967/852/469
f 1890/837/457 1988/838/449 1987/850/459 1893/849/467
f 1893/849/467 1987/850/459 1967/862/469 1896/861/477
f 1887/824/447 1872/826/431 1988/838/449 1890/837/457
f 1872/806/431 1989/805/430 1986/827/448 1988/828/449
f 1989/805/430 1923/808/433 1984/829/450 1986/827/448
f 1923/808/433 1925/810/435 1982/830/451 1984/829/450
f 1925/810/435 1927/812/437 1980/831/452 1982/830/451
f 1927/812/437 1937/814/439 1939/832/453 1980/831/452
f 1994/823/536 1991/825/537 1992/826/538 2007/824/539
f 1991/803/537 1993/804/540 2109/805/541 1992/806/538
f 1995/948/542 1997/947/543 1993/959/540 1991/960/537
f 1998/957/544 1995/958/542 1991/970/537 1994/969/536
f 1999/945/545 1996/946/546 1995/958/542 1998/957/544
f 1996/936/546 2037/935/547 1997/947/543 1995/948/542
f 2001/944/548 1999/945/545 1998/957/544 2000/956/549
f 2000/956/549 1998/957/544 1994/969/536 2003/968/550
f 2110/943/551 2001/944/548 2000/956/549 2002/955/552
f 2002/955/552 2000/956/549 2003/968/550 2004/967/553
f 2004/819/553 2003/821/550 2005/822/554 2006/820/555
f 2003/821/550 1994/823/536 2007/824/539 2005/822/554
f 2006/820/555 2005/822/554 2008/836/556 2009/835/557
f 2005/822/554 2007/824/539 2010/837/558 2008/836/556
f 2009/835/557 2008/836/556 2011/848/559 2012/847/560
f 2008/836/556 2010/837/558 2013/849/561 2011/848/559
f 2012/847/560 2011/848/559 2014/860/562 2015/859/563
f 2011/848/559 2013/849/561 2016/861/564 2014/860/562
f 2015/859/563 2014/860/562 2017/872/565 2018/871/566
f 2014/860/562 2016/861/564 2019/873/567 2017/872/565
f 2018/871/566 2017/872/565 2020/884/568 2021/883/569
f 2017/872/565 2019/873/567 2022/885/570 2020/884/568
f 2021/903/569 2020/905/568 2023/906/571 2024/904/572
f 2020/905/568 2022/907/570 2025/908/573 2023/906/571
f 2024/904/572 2023/906/571 2026/920/574 2027/919/575
f 2023/906/571 2025/908/573 2028/921/576 2026/920/574
f 2027/919/575 2026/920/574 2029/932/577 2030/931/578
f 2026/920/574 2028/921/576 2031/933/579 2029/932/577
f 2030/931/578 2029/932/577 2001/944/548 2110/943/551
f 2029/932/577 2031/933/579 1999/945/545 2001/944/548
f 2028/921/576 2033/922/580 2032/934/463 2031/933/579
f 2031/933/579 2032/934/463 1996/946/546 1999/945/545
f 2033/912/580 2035/911/581 2034/923/582 2032/924/463
f 2032/924/463 2034/923/582 2037/935/547 1996/936/546
f 2035/911/581 2079/913/583 2036/925/584 2034/923/582
f 2034/923/582 2036/925/584 2038/937/585 2037/935/547
f 2037/935/547 2038/937/585 2040/949/586 1997/947/543
f 2036/925/584 2076/926/587 2039/938/588 2038/937/585
f 2038/937/585 2039/938/588 2041/950/589 2040/949/586
f 1997/947/543 2040/949/586 2042/961/590 1993/959/540
f 2040/949/586 2041/950/589 2044/962/591 2042/961/590
f 1993/804/540 2042/807/590 2043/808/592 2109/805/541
f 2042/807/590 2044/809/591 2045/810/593 2043/808/592
f 2044/809/591 2046/811/594 2047/812/643 2045/810/593
f 2041/950/589 2049/951/596 2046/963/594 2044/962/591
f 2046/811/594 2048/813/597 2057/814/598 2047/812/643
f 2049/951/596 2051/952/599 2048/964/597 2046/963/594
f 2050/939/600 2052/940/601 2051/952/599 2049/951/596
f 2039/938/588 2050/939/600 2049/951/596 2041/950/589
f 2052/942/601 2054/941/602 2053/953/603 2051/954/599
f 2051/954/599 2053/953/603 2055/965/604 2048/966/597
f 2054/941/602 2110/943/551 2002/955/552 2053/953/603
f 2053/953/603 2002/955/552 2004/967/553 2055/965/604
f 2048/815/597 2055/816/604 2056/817/605 2057/818/598
f 2055/816/604 2004/819/553 2006/820/555 2056/817/605
f 2057/818/598 2056/817/605 2058/833/606 2059/834/580
f 2056/817/605 2006/820/555 2009/835/557 2058/833/606
f 2059/834/580 2058/833/606 2060/845/607 2061/846/463
f 2058/833/606 2009/835/557 2012/847/560 2060/845/607
f 2061/846/463 2060/845/607 2062/857/608 2063/858/546
f 2060/845/607 2012/847/560 2015/859/563 2062/857/608
f 2063/858/546 2062/857/608 2064/869/609 2065/870/542
f 2062/857/608 2015/859/563 2018/871/566 2064/869/609
f 2065/870/542 2064/869/609 2066/881/610 2067/882/537
f 2064/869/609 2018/871/566 2021/883/569 2066/881/610
f 2067/899/537 2066/900/610 2068/901/611 2069/902/538
f 2066/900/610 2021/903/569 2024/904/572 2068/901/611
f 2069/902/538 2068/901/611 2070/917/612 2071/918/613
f 2068/901/611 2024/904/572 2027/919/575 2070/917/612
f 2071/918/613 2070/917/612 2072/929/614 2073/930/459
f 2070/917/612 2027/919/575 2030/931/578 2072/929/614
f 2073/930/459 2072/929/614 2054/941/602 2052/942/601
f 2072/929/614 2030/931/578 2110/943/551 2054/941/602
f 2075/915/615 2071/916/613 2073/928/459 2074/927/616
f 2074/927/616 2073/928/459 2052/940/601 2050/939/600
f 2077/914/617 2075/915/615 2074/927/616 2076/926/587
f 2076/926/587 2074/927/616 2050/939/600 2039/938/588
f 2079/913/583 2077/914/617 2076/926/587 2036/925/584
f 2078/894/618 2097/896/619 2075/915/615 2077/914/617
f 2080/892/620 2078/894/618 2077/914/617 2079/913/583
f 2082/889/621 2080/892/620 2079/913/583 2035/911/581
f 2081/891/622 2095/893/623 2078/894/618 2080/892/620
f 2083/888/624 2081/891/622 2080/892/620 2082/889/621
f 2085/887/597 2083/888/624 2082/889/621 2084/890/598
f 2084/890/598 2082/889/621 2035/911/581 2033/912/580
f 2022/907/570 2085/909/597 2084/910/598 2025/908/573
f 2025/908/573 2084/910/598 2033/922/580 2028/921/576
f 2019/873/567 2086/874/599 2085/886/597 2022/885/570
f 2086/864/599 2088/863/625 2083/875/624 2085/876/597
f 2016/861/564 2087/862/626 2086/874/599 2019/873/567
f 2087/852/626 2089/851/627 2088/863/625 2086/864/599
f 2089/851/627 2091/853/628 2090/865/629 2088/863/625
f 2088/863/625 2090/865/629 2081/877/622 2083/875/624
f 2091/853/628 2093/854/630 2092/866/631 2090/865/629
f 2090/865/629 2092/866/631 2095/878/623 2081/877/622
f 2093/854/630 2098/855/632 2094/867/633 2092/866/631
f 2092/866/631 2094/867/633 2096/879/634 2095/878/623
f 2095/893/623 2096/895/634 2097/896/619 2078/894/618
f 2094/867/633 2065/868/542 2067/880/537 2096/879/634
f 2096/895/634 2067/897/537 2069/898/538 2097/896/619
f 2097/896/619 2069/898/538 2071/916/613 2075/915/615
f 2098/855/632 2063/856/546 2065/868/542 2094/867/633
f 2099/843/635 2061/844/463 2063/856/546 2098/855/632
f 2101/842/636 2099/843/635 2098/855/632 2093/854/630
f 2100/831/637 2059/832/580 2061/844/463 2099/843/635
f 2102/830/638 2100/831/637 2099/843/635 2101/842/636
f 2104/829/639 2102/830/638 2101/842/636 2103/841/640
f 2103/841/640 2101/842/636 2093/854/630 2091/853/628
f 2106/827/641 2104/829/639 2103/841/640 2105/839/642
f 2105/839/642 2103/841/640 2091/853/628 2089/851/627
f 2108/828/613 2106/827/641 2105/839/642 2107/840/459
f 2107/840/459 2105/839/642 2089/851/627 2087/852/626
f 2010/837/558 2108/838/613 2107/850/459 2013/849/561
f 2013/849/561 2107/850/459 2087/862/626 2016/861/564
f 2007/824/539 1992/826/538 2108/838/613 2010/837/558
f 1992/806/538 2109/805/541 2106/827/641 2108/828/613
f 2109/805/541 2043/808/592 2104/829/639 2106/827/641
f 2043/808/592 2045/810/593 2102/830/638 2104/829/639
f 2045/810/593 2047/812/643 2100/831/637 2102/830/638
f 2047/812/643 2057/814/598 2059/832/580 2100/831/637
o choco_donut!!
v -0.777846 2.231654 7.683600
v -0.768050 2.200569 7.683600
v -0.741927 2.180611 7.683600
v -0.708512 2.179558 7.683600
v -0.680378 2.198859 7.683600
v -0.669335 2.231654 7.683600
v -0.680378 2.264449 7.683600
v -0.708512 2.283751 7.683600
v -0.741927 2.282697 7.683600
v -0.768050 2.262739 7.683600
v -0.758106 2.231654 7.757270
v -0.749622 2.200569 7.752372
v -0.727000 2.180611 7.739310
v -0.698061 2.179558 7.722603
v -0.673697 2.198859 7.708537
v -0.664132 2.231654 7.703014
v -0.673697 2.264449 7.708537
v -0.698061 2.283751 7.722603
v -0.727000 2.282697 7.739310
v -0.749622 2.262739 7.752372
v -0.704177 2.231654 7.811199
v -0.699278 2.200569 7.802716
v -0.686217 2.180611 7.780092
v -0.669509 2.179558 7.751154
v -0.655443 2.198859 7.726790
v -0.649921 2.231654 7.717226
v -0.655443 2.264449 7.726790
v -0.669509 2.283751 7.751154
v -0.686217 2.282697 7.780092
v -0.699278 2.262739 7.802716
v -0.630508 2.231654 7.830938
v -0.630508 2.200569 7.821143
v -0.630508 2.180611 7.795020
v -0.630508 2.179558 7.761604
v -0.630508 2.198859 7.733471
v -0.630508 2.231654 7.722427
v -0.630508 2.264449 7.733471
v -0.630508 2.283751 7.761604
v -0.630508 2.282697 7.795019
v -0.630508 2.262739 7.821143
v -0.556839 2.231654 7.811199
v -0.561736 2.200569 7.802716
v -0.574798 2.180611 7.780092
v -0.591505 2.179558 7.751154
v -0.605572 2.198859 7.726790
v -0.611094 2.231654 7.717226
v -0.605572 2.264449 7.726790
v -0.591505 2.283751 7.751154
v -0.574798 2.282697 7.780092
v -0.561736 2.262739 7.802716
v -0.502910 2.231654 7.757270
v -0.511393 2.200569 7.752372
v -0.534016 2.180611 7.739310
v -0.562954 2.179558 7.722603
v -0.587319 2.198859 7.708537
v -0.596882 2.231654 7.703014
v -0.587319 2.264449 7.708537
v -0.562954 2.283751 7.722603
v -0.534016 2.282697 7.739310
v -0.511393 2.262739 7.752372
v -0.483170 2.231654 7.683600
v -0.492966 2.200569 7.683600
v -0.519089 2.180611 7.683600
v -0.552504 2.179558 7.683600
v -0.580637 2.198859 7.683600
v -0.591681 2.231654 7.683600
v -0.580637 2.264449 7.683600
v -0.552504 2.283751 7.683600
v -0.519089 2.282697 7.683600
v -0.492966 2.262739 7.683600
v -0.502910 2.231654 7.609931
v -0.511393 2.200569 7.614830
v -0.534016 2.180611 7.627891
v -0.562954 2.179558 7.644598
v -0.587319 2.198859 7.658665
v -0.596882 2.231654 7.664187
v -0.587319 2.264449 7.658665
v -0.562954 2.283751 7.644598
v -0.534016 2.282697 7.627891
v -0.511393 2.262739 7.614830
v -0.556839 2.231654 7.556002
v -0.561736 2.200569 7.564486
v -0.574798 2.180611 7.587109
v -0.591505 2.179558 7.616047
v -0.605572 2.198859 7.640411
v -0.611094 2.231654 7.649975
v -0.605572 2.264449 7.640411
v -0.591505 2.283751 7.616047
v -0.574798 2.282697 7.587109
v -0.561736 2.262739 7.564486
v -0.630508 2.231654 7.536263
v -0.630508 2.200569 7.546059
v -0.630508 2.180611 7.572182
v -0.630508 2.179558 7.605597
v -0.630508 2.198859 7.633730
v -0.630508 2.231654 7.644773
v -0.630508 2.264449 7.633730
v -0.630508 2.283751 7.605597
v -0.630508 2.282697 7.572182
v -0.630508 2.262739 7.546059
v -0.704177 2.231654 7.556002
v -0.699278 2.200569 7.564486
v -0.686217 2.180611 7.587109
v -0.669509 2.179558 7.616047
v -0.655443 2.198859 7.640411
v -0.649921 2.231654 7.649975
v -0.655443 2.264449 7.640411
v -0.669509 2.283751 7.616047
v -0.686217 2.282697 7.587109
v -0.699278 2.262739 7.564486
v -0.758106 2.231654 7.609931
v -0.749622 2.200569 7.614830
v -0.727000 2.180611 7.627891
v -0.698061 2.179558 7.644598
v -0.673697 2.198859 7.658665
v -0.664132 2.231654 7.664187
v -0.673697 2.264449 7.658665
v -0.698061 2.283751 7.644598
v -0.727000 2.282697 7.627891
v -0.749622 2.262739 7.614830
v -0.874706 2.168388 7.683600
v -0.845363 2.154203 7.683600
v -0.812923 2.159533 7.683600
v -0.789244 2.183133 7.683600
v -0.784002 2.216846 7.683600
v -0.800301 2.247372 7.683600
v -0.831745 2.261821 7.683600
v -0.865085 2.254577 7.683600
v -0.887230 2.229533 7.683600
v -0.890616 2.196833 7.683600
v -0.861171 2.182756 7.757270
v -0.832727 2.167617 7.752372
v -0.802688 2.170398 7.739310
v -0.782078 2.190740 7.722603
v -0.779421 2.221709 7.708537
v -0.796734 2.251158 7.703014
v -0.827163 2.266684 7.708537
v -0.857919 2.262184 7.722603
v -0.876995 2.240398 7.739310
v -0.877980 2.210246 7.752372
v -0.824192 2.222011 7.811199
v -0.798207 2.204261 7.802716
v -0.774723 2.200083 7.780092
v -0.762500 2.211522 7.751154
v -0.766904 2.234996 7.726790
v -0.786989 2.261503 7.717226
v -0.814646 2.279971 7.726790
v -0.838341 2.282967 7.751154
v -0.849031 2.270083 7.780092
v -0.843460 2.246891 7.802716
v -0.773678 2.275633 7.830938
v -0.751051 2.254318 7.821143
v -0.736524 2.240633 7.795020
v -0.735757 2.239911 7.761604
v -0.749807 2.253146 7.733471
v -0.773678 2.275633 7.722427
v -0.797549 2.298121 7.733471
v -0.811598 2.311356 7.761604
v -0.810831 2.310633 7.795019
v -0.796304 2.296948 7.821143
v -0.723163 2.329256 7.811199
v -0.703895 2.304376 7.802716
v -0.698324 2.281184 7.780092
v -0.709013 2.268300 7.751154
v -0.732708 2.271296 7.726790
v -0.760366 2.289764 7.717226
v -0.780450 2.316271 7.726790
v -0.784854 2.339745 7.751154
v -0.772631 2.351184 7.780092
v -0.749148 2.347006 7.802716
v -0.686184 2.368511 7.757270
v -0.669375 2.341021 7.752372
v -0.670360 2.310869 7.739310
v -0.689436 2.289082 7.722603
v -0.720192 2.284583 7.708537
v -0.750621 2.300109 7.703014
v -0.767934 2.329557 7.708537
v -0.765277 2.360527 7.722603
v -0.744667 2.380868 7.739310
v -0.714627 2.383651 7.752372
v -0.672649 2.382879 7.683600
v -0.656739 2.354434 7.683600
v -0.660125 2.321734 7.683600
v -0.682270 2.296689 7.683600
v -0.715610 2.289447 7.683600
v -0.747054 2.303895 7.683600
v -0.763352 2.334421 7.683600
v -0.758111 2.368134 7.683600
v -0.734432 2.391734 7.683600
v -0.701992 2.397063 7.683600
v -0.686184 2.368511 7.609931
v -0.669375 2.341021 7.614830
v -0.670360 2.310869 7.627891
v -0.689436 2.289082 7.644598
v -0.720192 2.284583 7.658665
v -0.750621 2.300109 7.664187
v -0.767934 2.329557 7.658665
v -0.765277 2.360527 7.644598
v -0.744667 2.380868 7.627891
v -0.714627 2.383651 7.614830
v -0.723163 2.329256 7.556002
v -0.703895 2.304376 7.564486
v -0.698324 2.281184 7.587109
v -0.709013 2.268300 7.616047
v -0.732708 2.271296 7.640411
v -0.760366 2.289764 7.649975
v -0.780450 2.316271 7.640411
v -0.784854 2.339745 7.616047
v -0.772631 2.351184 7.587109
v -0.749148 2.347006 7.564486
v -0.773678 2.275633 7.536263
v -0.751051 2.254318 7.546059
v -0.736524 2.240633 7.572182
v -0.735757 2.239911 7.605597
v -0.749807 2.253146 7.633730
v -0.773678 2.275633 7.644773
v -0.797549 2.298121 7.633730
v -0.811598 2.311356 7.605597
v -0.810831 2.310633 7.572182
v -0.796304 2.296948 7.546059
v -0.824192 2.222011 7.556002
v -0.798207 2.204261 7.564486
v -0.774723 2.200083 7.587109
v -0.762500 2.211522 7.616047
v -0.766904 2.234996 7.640411
v -0.786989 2.261503 7.649975
v -0.814646 2.279971 7.640411
v -0.838341 2.282967 7.616047
v -0.849031 2.270083 7.587109
v -0.843460 2.246891 7.564486
v -0.861171 2.182756 7.609931
v -0.832727 2.167616 7.614830
v -0.802688 2.170398 7.627891
v -0.782078 2.190740 7.644598
v -0.779421 2.221709 7.658665
v -0.796734 2.251158 7.664187
v -0.827163 2.266684 7.658665
v -0.857919 2.262184 7.644598
v -0.876995 2.240398 7.627891
v -0.877980 2.210246 7.614830
v -0.988595 2.168388 7.683600
v -0.959252 2.154203 7.683600
v -0.926812 2.159533 7.683600
v -0.903133 2.183133 7.683600
v -0.897892 2.216846 7.683600
v -0.914190 2.247372 7.683600
v -0.945634 2.261821 7.683600
v -0.978974 2.254577 7.683600
v -1.001119 2.229533 7.683600
v -1.004505 2.196833 7.683600
v -0.975060 2.182756 7.757270
v -0.946616 2.167617 7.752372
v -0.916577 2.170398 7.739310
v -0.895967 2.190740 7.722603
v -0.893310 2.221709 7.708537
v -0.910623 2.251158 7.703014
v -0.941052 2.266684 7.708537
v -0.971808 2.262184 7.722603
v -0.990884 2.240398 7.739310
v -0.991869 2.210246 7.752372
v -0.938081 2.222011 7.811199
v -0.912096 2.204261 7.802716
v -0.888612 2.200083 7.780092
v -0.876389 2.211522 7.751154
v -0.880793 2.234996 7.726790
v -0.900878 2.261503 7.717226
v -0.928535 2.279971 7.726790
v -0.952230 2.282967 7.751154
v -0.962920 2.270083 7.780092
v -0.957349 2.246891 7.802716
v -0.887567 2.275633 7.830938
v -0.864940 2.254318 7.821143
v -0.850413 2.240633 7.795020
v -0.849646 2.239911 7.761604
v -0.863696 2.253146 7.733471
v -0.887567 2.275633 7.722427
v -0.911438 2.298121 7.733471
v -0.925487 2.311356 7.761604
v -0.924720 2.310633 7.795019
v -0.910193 2.296948 7.821143
v -0.837052 2.329256 7.811199
v -0.817784 2.304376 7.802716
v -0.812213 2.281184 7.780092
v -0.822902 2.268300 7.751154
v -0.846597 2.271296 7.726790
v -0.874255 2.289764 7.717226
v -0.894339 2.316271 7.726790
v -0.898743 2.339745 7.751154
v -0.886520 2.351184 7.780092
v -0.863037 2.347006 7.802716
v -0.800073 2.368511 7.757270
v -0.783264 2.341021 7.752372
v -0.784249 2.310869 7.739310
v -0.803325 2.289082 7.722603
v -0.834081 2.284583 7.708537
v -0.864510 2.300109 7.703014
v -0.881823 2.329557 7.708537
v -0.879166 2.360527 7.722603
v -0.858556 2.380868 7.739310
v -0.828516 2.383651 7.752372
v -0.786538 2.382879 7.683600
v -0.770628 2.354434 7.683600
v -0.774014 2.321734 7.683600
v -0.796159 2.296689 7.683600
v -0.829499 2.289447 7.683600
v -0.860943 2.303895 7.683600
v -0.877241 2.334421 7.683600
v -0.872000 2.368134 7.683600
v -0.848321 2.391734 7.683600
v -0.815881 2.397063 7.683600
v -0.800073 2.368511 7.609931
v -0.783264 2.341021 7.614830
v -0.784249 2.310869 7.627891
v -0.803325 2.289082 7.644598
v -0.834081 2.284583 7.658665
v -0.864510 2.300109 7.664187
v -0.881823 2.329557 7.658665
v -0.879166 2.360527 7.644598
v -0.858556 2.380868 7.627891
v -0.828516 2.383651 7.614830
v -0.837052 2.329256 7.556002
v -0.817784 2.304376 7.564486
v -0.812213 2.281184 7.587109
v -0.822902 2.268300 7.616047
v -0.846597 2.271296 7.640411
v -0.874255 2.289764 7.649975
v -0.894339 2.316271 7.640411
v -0.898743 2.339745 7.616047
v -0.886520 2.351184 7.587109
v -0.863037 2.347006 7.564486
v -0.887567 2.275633 7.536263
v -0.864940 2.254318 7.546059
v -0.850413 2.240633 7.572182
v -0.849646 2.239911 7.605597
v -0.863696 2.253146 7.633730
v -0.887567 2.275633 7.644773
v -0.911438 2.298121 7.633730
v -0.925487 2.311356 7.605597
v -0.924720 2.310633 7.572182
v -0.910193 2.296948 7.546059
v -0.938081 2.222011 7.556002
v -0.912096 2.204261 7.564486
v -0.888612 2.200083 7.587109
v -0.876389 2.211522 7.616047
v -0.880793 2.234996 7.640411
v -0.900878 2.261503 7.649975
v -0.928535 2.279971 7.640411
v -0.952230 2.282967 7.616047
v -0.962920 2.270083 7.587109
v -0.957349 2.246891 7.564486
v -0.975060 2.182756 7.609931
v -0.946616 2.167616 7.614830
v -0.916577 2.170398 7.627891
v -0.895967 2.190740 7.644598
v -0.893310 2.221709 7.658665
v -0.910623 2.251158 7.664187
v -0.941052 2.266684 7.658665
v -0.971808 2.262184 7.644598
v -0.990884 2.240398 7.627891
v -0.991869 2.210246 7.614830
v -1.109757 2.168388 7.683804
v -1.080413 2.154203 7.683804
v -1.047974 2.159533 7.683804
v -1.024294 2.183133 7.683804
v -1.019053 2.216846 7.683804
v -1.035351 2.247372 7.683804
v -1.066795 2.261821 7.683804
v -1.100135 2.254577 7.683804
v -1.122281 2.229533 7.683804
v -1.125666 2.196833 7.683804
v -1.096221 2.182756 7.757473
v -1.067778 2.167617 7.752574
v -1.037738 2.170398 7.739513
v -1.017128 2.190740 7.722806
v -1.014472 2.221709 7.708740
v -1.031784 2.251158 7.703217
v -1.062214 2.266684 7.708740
v -1.092969 2.262184 7.722806
v -1.112046 2.240398 7.739513
v -1.113030 2.210246 7.752574
v -1.059242 2.222011 7.811402
v -1.033257 2.204261 7.802918
v -1.009774 2.200083 7.780295
v -0.997551 2.211522 7.751357
v -1.001955 2.234996 7.726993
v -1.022040 2.261503 7.717429
v -1.049697 2.279971 7.726993
v -1.073392 2.282967 7.751357
v -1.084081 2.270083 7.780295
v -1.078510 2.246891 7.802918
v -1.008728 2.275633 7.831141
v -0.986102 2.254318 7.821346
v -0.971574 2.240633 7.795222
v -0.970808 2.239911 7.761807
v -0.984857 2.253146 7.733675
v -1.008728 2.275633 7.722631
v -1.032599 2.298121 7.733675
v -1.046648 2.311356 7.761807
v -1.045882 2.310633 7.795222
v -1.031354 2.296948 7.821346
v -0.958214 2.329256 7.811402
v -0.938945 2.304376 7.802918
v -0.933375 2.281184 7.780295
v -0.944064 2.268300 7.751357
v -0.967759 2.271296 7.726993
v -0.995416 2.289764 7.717429
v -1.015501 2.316271 7.726993
v -1.019905 2.339745 7.751357
v -1.007682 2.351184 7.780295
v -0.984198 2.347006 7.802918
v -0.921234 2.368511 7.757473
v -0.904425 2.341021 7.752574
v -0.905410 2.310869 7.739513
v -0.924487 2.289082 7.722806
v -0.955242 2.284583 7.708740
v -0.985671 2.300109 7.703217
v -1.002985 2.329557 7.708740
v -1.000327 2.360527 7.722806
v -0.979718 2.380868 7.739513
v -0.949678 2.383651 7.752574
v -0.907699 2.382879 7.683804
v -0.891790 2.354434 7.683804
v -0.895175 2.321734 7.683804
v -0.917320 2.296689 7.683804
v -0.950660 2.289447 7.683804
v -0.982105 2.303895 7.683804
v -0.998403 2.334421 7.683804
v -0.993161 2.368134 7.683804
v -0.969482 2.391734 7.683804
v -0.937043 2.397063 7.683804
v -0.921234 2.368511 7.610135
v -0.904425 2.341021 7.615033
v -0.905410 2.310869 7.628094
v -0.924487 2.289082 7.644802
v -0.955242 2.284583 7.658868
v -0.985671 2.300109 7.664390
v -1.002985 2.329557 7.658868
v -1.000327 2.360527 7.644801
v -0.979718 2.380868 7.628094
v -0.949678 2.383651 7.615033
v -0.958214 2.329256 7.556205
v -0.938945 2.304376 7.564689
v -0.933375 2.281184 7.587312
v -0.944064 2.268300 7.616250
v -0.967759 2.271296 7.640615
v -0.995416 2.289764 7.650178
v -1.015501 2.316271 7.640615
v -1.019905 2.339745 7.616250
v -1.007682 2.351184 7.587312
v -0.984198 2.347006 7.564689
v -1.008728 2.275633 7.536466
v -0.986102 2.254318 7.546261
v -0.971574 2.240633 7.572385
v -0.970808 2.239911 7.605800
v -0.984857 2.253146 7.633933
v -1.008728 2.275633 7.644977
v -1.032599 2.298121 7.633933
v -1.046648 2.311356 7.605800
v -1.045882 2.310633 7.572385
v -1.031354 2.296948 7.546261
v -1.059242 2.222011 7.556205
v -1.033257 2.204261 7.564689
v -1.009774 2.200083 7.587312
v -0.997551 2.211522 7.616250
v -1.001955 2.234996 7.640615
v -1.022040 2.261503 7.650178
v -1.049697 2.279971 7.640615
v -1.073392 2.282967 7.616250
v -1.084081 2.270083 7.587312
v -1.078510 2.246891 7.564689
v -1.096221 2.182756 7.610135
v -1.067778 2.167616 7.615033
v -1.037738 2.170398 7.628094
v -1.017128 2.190740 7.644802
v -1.014471 2.221709 7.658868
v -1.031784 2.251158 7.664390
v -1.062214 2.266684 7.658868
v -1.092969 2.262184 7.644801
v -1.112046 2.240398 7.628094
v -1.113030 2.210246 7.615033
v -1.229074 2.168388 7.683804
v -1.199731 2.154203 7.683804
v -1.167291 2.159533 7.683804
v -1.143612 2.183133 7.683804
v -1.138371 2.216846 7.683804
v -1.154669 2.247372 7.683804
v -1.186113 2.261821 7.683804
v -1.219453 2.254577 7.683804
v -1.241599 2.229533 7.683804
v -1.244984 2.196833 7.683804
v -1.215539 2.182756 7.757473
v -1.187095 2.167617 7.752574
v -1.157056 2.170398 7.739513
v -1.136446 2.190740 7.722806
v -1.133789 2.221709 7.708740
v -1.151102 2.251158 7.703217
v -1.181531 2.266684 7.708740
v -1.212287 2.262184 7.722806
v -1.231363 2.240398 7.739513
v -1.232348 2.210246 7.752574
v -1.178560 2.222011 7.811402
v -1.152575 2.204261 7.802918
v -1.129092 2.200083 7.780295
v -1.116868 2.211522 7.751357
v -1.121272 2.234996 7.726993
v -1.141357 2.261503 7.717429
v -1.169014 2.279971 7.726993
v -1.192709 2.282967 7.751357
v -1.203399 2.270083 7.780295
v -1.197828 2.246891 7.802918
v -1.128046 2.275633 7.831141
v -1.105419 2.254318 7.821346
v -1.090892 2.240633 7.795222
v -1.090125 2.239911 7.761807
v -1.104175 2.253146 7.733675
v -1.128046 2.275633 7.722631
v -1.151917 2.298121 7.733675
v -1.165966 2.311356 7.761807
v -1.165199 2.310633 7.795222
v -1.150672 2.296948 7.821346
v -1.077531 2.329256 7.811402
v -1.058263 2.304376 7.802918
v -1.052692 2.281184 7.780295
v -1.063382 2.268300 7.751357
v -1.087076 2.271296 7.726993
v -1.114734 2.289764 7.717429
v -1.134819 2.316271 7.726993
v -1.139222 2.339745 7.751357
v -1.126999 2.351184 7.780295
v -1.103516 2.347006 7.802918
v -1.040552 2.368511 7.757473
v -1.023743 2.341021 7.752574
v -1.024728 2.310869 7.739513
v -1.043804 2.289082 7.722806
v -1.074560 2.284583 7.708740
v -1.104989 2.300109 7.703217
v -1.122302 2.329557 7.708740
v -1.119645 2.360527 7.722806
v -1.099035 2.380868 7.739513
v -1.068995 2.383651 7.752574
v -1.027017 2.382879 7.683804
v -1.011107 2.354434 7.683804
v -1.014493 2.321734 7.683804
v -1.036638 2.296689 7.683804
v -1.069978 2.289447 7.683804
v -1.101422 2.303895 7.683804
v -1.117720 2.334421 7.683804
v -1.112479 2.368134 7.683804
v -1.088800 2.391734 7.683804
v -1.056360 2.397063 7.683804
v -1.040552 2.368511 7.610135
v -1.023743 2.341021 7.615033
v -1.024728 2.310869 7.628094
v -1.043804 2.289082 7.644802
v -1.074560 2.284583 7.658868
v -1.104989 2.300109 7.664390
v -1.122302 2.329557 7.658868
v -1.119645 2.360527 7.644801
v -1.099035 2.380868 7.628094
v -1.068995 2.383651 7.615033
v -1.077531 2.329256 7.556205
v -1.058263 2.304376 7.564689
v -1.052692 2.281184 7.587312
v -1.063381 2.268300 7.616250
v -1.087076 2.271296 7.640615
v -1.114734 2.289764 7.650178
v -1.134819 2.316271 7.640615
v -1.139222 2.339745 7.616250
v -1.126999 2.351184 7.587312
v -1.103516 2.347006 7.564689
v -1.128046 2.275633 7.536466
v -1.105419 2.254318 7.546261
v -1.090892 2.240633 7.572385
v -1.090125 2.239911 7.605800
v -1.104175 2.253146 7.633933
v -1.128046 2.275633 7.644977
v -1.151917 2.298121 7.633933
v -1.165966 2.311356 7.605800
v -1.165199 2.310633 7.572385
v -1.150672 2.296948 7.546261
v -1.178560 2.222011 7.556205
v -1.152575 2.204261 7.564689
v -1.129092 2.200083 7.587312
v -1.116868 2.211522 7.616250
v -1.121272 2.234996 7.640615
v -1.141357 2.261503 7.650178
v -1.169014 2.279971 7.640615
v -1.192709 2.282967 7.616250
v -1.203399 2.270083 7.587312
v -1.197828 2.246891 7.564689
v -1.215539 2.182756 7.610135
v -1.187095 2.167616 7.615033
v -1.157056 2.170398 7.628094
v -1.136446 2.190740 7.644802
v -1.133789 2.221709 7.658868
v -1.151102 2.251158 7.664390
v -1.181531 2.266684 7.658868
v -1.212287 2.262184 7.644801
v -1.231363 2.240398 7.628094
v -1.232348 2.210246 7.615033
v -0.904065 2.231654 7.955150
v -0.894269 2.200569 7.955150
v -0.868146 2.180611 7.955150
v -0.834731 2.179558 7.955150
v -0.806597 2.198859 7.955150
v -0.795554 2.231654 7.955150
v -0.806597 2.264449 7.955150
v -0.834731 2.283751 7.955150
v -0.868146 2.282697 7.955150
v -0.894269 2.262739 7.955150
v -0.884325 2.231654 8.028819
v -0.875841 2.200569 8.023921
v -0.853219 2.180611 8.010859
v -0.824280 2.179558 7.994152
v -0.799916 2.198859 7.980086
v -0.790352 2.231654 7.974564
v -0.799916 2.264449 7.980086
v -0.824280 2.283751 7.994152
v -0.853219 2.282697 8.010859
v -0.875841 2.262739 8.023921
v -0.830396 2.231654 8.082748
v -0.825497 2.200569 8.074265
v -0.812436 2.180611 8.051641
v -0.795729 2.179558 8.022703
v -0.781662 2.198859 7.998339
v -0.776140 2.231654 7.988775
v -0.781662 2.264449 7.998339
v -0.795729 2.283751 8.022703
v -0.812436 2.282697 8.051641
v -0.825497 2.262739 8.074265
v -0.756727 2.231654 8.102488
v -0.756727 2.200569 8.092692
v -0.756727 2.180611 8.066568
v -0.756727 2.179558 8.033154
v -0.756727 2.198859 8.005021
v -0.756727 2.231654 7.993977
v -0.756727 2.264449 8.005021
v -0.756727 2.283751 8.033154
v -0.756727 2.282697 8.066568
v -0.756727 2.262739 8.092692
v -0.683058 2.231654 8.082748
v -0.687955 2.200569 8.074265
v -0.701017 2.180611 8.051641
v -0.717724 2.179558 8.022703
v -0.731791 2.198859 7.998339
v -0.737313 2.231654 7.988775
v -0.731791 2.264449 7.998339
v -0.717724 2.283751 8.022703
v -0.701017 2.282697 8.051641
v -0.687955 2.262739 8.074265
v -0.629129 2.231654 8.028819
v -0.637612 2.200569 8.023921
v -0.660235 2.180611 8.010859
v -0.689173 2.179558 7.994152
v -0.713538 2.198859 7.980086
v -0.723101 2.231654 7.974564
v -0.713538 2.264449 7.980086
v -0.689173 2.283751 7.994152
v -0.660235 2.282697 8.010859
v -0.637612 2.262739 8.023921
v -0.609389 2.231654 7.955150
v -0.619185 2.200569 7.955150
v -0.645308 2.180611 7.955150
v -0.678723 2.179558 7.955150
v -0.706856 2.198859 7.955150
v -0.717900 2.231654 7.955150
v -0.706856 2.264449 7.955150
v -0.678723 2.283751 7.955150
v -0.645308 2.282697 7.955150
v -0.619185 2.262739 7.955150
v -0.629129 2.231654 7.881481
v -0.637612 2.200569 7.886379
v -0.660235 2.180611 7.899440
v -0.689173 2.179558 7.916148
v -0.713538 2.198859 7.930214
v -0.723101 2.231654 7.935737
v -0.713538 2.264449 7.930214
v -0.689173 2.283751 7.916148
v -0.660235 2.282697 7.899440
v -0.637612 2.262739 7.886379
v -0.683058 2.231654 7.827551
v -0.687955 2.200569 7.836035
v -0.701017 2.180611 7.858658
v -0.717724 2.179558 7.887597
v -0.731791 2.198859 7.911961
v -0.737313 2.231654 7.921525
v -0.731791 2.264449 7.911961
v -0.717724 2.283751 7.887597
v -0.701017 2.282697 7.858658
v -0.687955 2.262739 7.836035
v -0.756727 2.231654 7.807813
v -0.756727 2.200569 7.817608
v -0.756727 2.180611 7.843731
v -0.756727 2.179558 7.877146
v -0.756727 2.198859 7.905279
v -0.756727 2.231654 7.916323
v -0.756727 2.264449 7.905279
v -0.756727 2.283751 7.877146
v -0.756727 2.282697 7.843731
v -0.756727 2.262739 7.817608
v -0.830396 2.231654 7.827551
v -0.825497 2.200569 7.836035
v -0.812436 2.180611 7.858658
v -0.795729 2.179558 7.887597
v -0.781662 2.198859 7.911961
v -0.776140 2.231654 7.921525
v -0.781662 2.264449 7.911961
v -0.795729 2.283751 7.887597
v -0.812436 2.282697 7.858658
v -0.825497 2.262739 7.836035
v -0.884325 2.231654 7.881481
v -0.875841 2.200569 7.886379
v -0.853219 2.180611 7.899440
v -0.824280 2.179558 7.916148
v -0.799916 2.198859 7.930214
v -0.790352 2.231654 7.935737
v -0.799916 2.264449 7.930214
v -0.824280 2.283751 7.916148
v -0.853219 2.282697 7.899440
v -0.875841 2.262739 7.886379
v -1.000925 2.168388 7.955150
v -0.971582 2.154203 7.955150
v -0.939142 2.159533 7.955150
v -0.915463 2.183133 7.955150
v -0.910221 2.216846 7.955150
v -0.926520 2.247372 7.955150
v -0.957964 2.261821 7.955150
v -0.991304 2.254577 7.955150
v -1.013449 2.229533 7.955150
v -1.016835 2.196833 7.955150
v -0.987390 2.182756 8.028819
v -0.958946 2.167617 8.023921
v -0.928907 2.170398 8.010859
v -0.908297 2.190740 7.994152
v -0.905640 2.221709 7.980086
v -0.922953 2.251158 7.974564
v -0.953382 2.266684 7.980086
v -0.984138 2.262184 7.994152
v -1.003214 2.240398 8.010859
v -1.004199 2.210246 8.023921
v -0.950411 2.222011 8.082748
v -0.924426 2.204261 8.074265
v -0.900942 2.200083 8.051641
v -0.888719 2.211522 8.022703
v -0.893123 2.234996 7.998339
v -0.913208 2.261503 7.988775
v -0.940865 2.279971 7.998339
v -0.964560 2.282967 8.022703
v -0.975250 2.270083 8.051641
v -0.969679 2.246891 8.074265
v -0.899897 2.275633 8.102488
v -0.877270 2.254318 8.092692
v -0.862743 2.240633 8.066568
v -0.861976 2.239911 8.033154
v -0.876025 2.253146 8.005021
v -0.899897 2.275633 7.993977
v -0.923768 2.298121 8.005021
v -0.937817 2.311356 8.033154
v -0.937050 2.310633 8.066568
v -0.922523 2.296948 8.092692
v -0.849382 2.329256 8.082748
v -0.830114 2.304376 8.074265
v -0.824543 2.281184 8.051641
v -0.835232 2.268300 8.022703
v -0.858927 2.271296 7.998339
v -0.886585 2.289764 7.988775
v -0.906669 2.316271 7.998339
v -0.911073 2.339745 8.022703
v -0.898850 2.351184 8.051641
v -0.875367 2.347006 8.074265
v -0.812403 2.368511 8.028819
v -0.795594 2.341021 8.023921
v -0.796579 2.310869 8.010859
v -0.815655 2.289082 7.994152
v -0.846411 2.284583 7.980086
v -0.876840 2.300109 7.974564
v -0.894153 2.329557 7.980086
v -0.891496 2.360527 7.994152
v -0.870886 2.380868 8.010859
v -0.840846 2.383651 8.023921
v -0.798868 2.382879 7.955150
v -0.782958 2.354434 7.955150
v -0.786344 2.321734 7.955150
v -0.808489 2.296689 7.955150
v -0.841829 2.289447 7.955150
v -0.873273 2.303895 7.955150
v -0.889571 2.334421 7.955150
v -0.884330 2.368134 7.955150
v -0.860651 2.391734 7.955150
v -0.828211 2.397063 7.955150
v -0.812403 2.368511 7.881481
v -0.795594 2.341021 7.886379
v -0.796579 2.310869 7.899440
v -0.815655 2.289082 7.916148
v -0.846411 2.284583 7.930214
v -0.876840 2.300109 7.935737
v -0.894153 2.329557 7.930214
v -0.891496 2.360527 7.916148
v -0.870886 2.380868 7.899440
v -0.840846 2.383651 7.886379
v -0.849382 2.329256 7.827551
v -0.830114 2.304376 7.836035
v -0.824543 2.281184 7.858658
v -0.835232 2.268300 7.887597
v -0.858927 2.271296 7.911961
v -0.886585 2.289764 7.921525
v -0.906669 2.316271 7.911961
v -0.911073 2.339745 7.887597
v -0.898850 2.351184 7.858658
v -0.875367 2.347006 7.836035
v -0.899897 2.275633 7.807813
v -0.877270 2.254318 7.817608
v -0.862743 2.240633 7.843731
v -0.861976 2.239911 7.877146
v -0.876025 2.253146 7.905279
v -0.899897 2.275633 7.916323
v -0.923768 2.298121 7.905279
v -0.937817 2.311356 7.877146
v -0.937050 2.310633 7.843731
v -0.922523 2.296948 7.817608
v -0.950411 2.222011 7.827551
v -0.924426 2.204261 7.836035
v -0.900942 2.200083 7.858658
v -0.888719 2.211522 7.887597
v -0.893123 2.234996 7.911961
v -0.913208 2.261503 7.921525
v -0.940865 2.279971 7.911961
v -0.964560 2.282967 7.887597
v -0.975249 2.270083 7.858658
v -0.969679 2.246891 7.836035
v -0.987390 2.182756 7.881481
v -0.958946 2.167616 7.886379
v -0.928907 2.170398 7.899440
v -0.908297 2.190740 7.916148
v -0.905640 2.221709 7.930214
v -0.922953 2.251158 7.935737
v -0.953382 2.266684 7.930214
v -0.984138 2.262184 7.916148
v -1.003214 2.240398 7.899440
v -1.004199 2.210246 7.886379
v -1.114814 2.168388 7.955150
v -1.085471 2.154203 7.955150
v -1.053031 2.159533 7.955150
v -1.029352 2.183133 7.955150
v -1.024110 2.216846 7.955150
v -1.040409 2.247372 7.955150
v -1.071853 2.261821 7.955150
v -1.105193 2.254577 7.955150
v -1.127338 2.229533 7.955150
v -1.130724 2.196833 7.955150
v -1.101279 2.182756 8.028819
v -1.072835 2.167617 8.023921
v -1.042796 2.170398 8.010859
v -1.022186 2.190740 7.994152
v -1.019529 2.221709 7.980086
v -1.036842 2.251158 7.974564
v -1.067271 2.266684 7.980086
v -1.098027 2.262184 7.994152
v -1.117103 2.240398 8.010859
v -1.118088 2.210246 8.023921
v -1.064300 2.222011 8.082748
v -1.038315 2.204261 8.074265
v -1.014831 2.200083 8.051641
v -1.002608 2.211522 8.022703
v -1.007012 2.234996 7.998339
v -1.027097 2.261503 7.988775
v -1.054754 2.279971 7.998339
v -1.078449 2.282967 8.022703
v -1.089139 2.270083 8.051641
v -1.083568 2.246891 8.074265
v -1.013785 2.275633 8.102488
v -0.991159 2.254318 8.092692
v -0.976632 2.240633 8.066568
v -0.975865 2.239911 8.033154
v -0.989914 2.253146 8.005021
v -1.013785 2.275633 7.993977
v -1.037657 2.298121 8.005021
v -1.051706 2.311356 8.033154
v -1.050939 2.310633 8.066568
v -1.036412 2.296948 8.092692
v -0.963271 2.329256 8.082748
v -0.944003 2.304376 8.074265
v -0.938432 2.281184 8.051641
v -0.949121 2.268300 8.022703
v -0.972816 2.271296 7.998339
v -1.000474 2.289764 7.988775
v -1.020558 2.316271 7.998339
v -1.024962 2.339745 8.022703
v -1.012739 2.351184 8.051641
v -0.989256 2.347006 8.074265
v -0.926292 2.368511 8.028819
v -0.909482 2.341021 8.023921
v -0.910468 2.310869 8.010859
v -0.929544 2.289082 7.994152
v -0.960300 2.284583 7.980086
v -0.990729 2.300109 7.974564
v -1.008042 2.329557 7.980086
v -1.005385 2.360527 7.994152
v -0.984775 2.380868 8.010859
v -0.954735 2.383651 8.023921
v -0.912757 2.382879 7.955150
v -0.896847 2.354434 7.955150
v -0.900233 2.321734 7.955150
v -0.922378 2.296689 7.955150
v -0.955718 2.289447 7.955150
v -0.987162 2.303895 7.955150
v -1.003460 2.334421 7.955150
v -0.998219 2.368134 7.955150
v -0.974540 2.391734 7.955150
v -0.942100 2.397063 7.955150
v -0.926292 2.368511 7.881481
v -0.909482 2.341021 7.886379
v -0.910468 2.310869 7.899440
v -0.929544 2.289082 7.916148
v -0.960300 2.284583 7.930214
v -0.990729 2.300109 7.935737
v -1.008042 2.329557 7.930214
v -1.005385 2.360527 7.916148
v -0.984775 2.380868 7.899440
v -0.954735 2.383651 7.886379
v -0.963271 2.329256 7.827551
v -0.944003 2.304376 7.836035
v -0.938432 2.281184 7.858658
v -0.949121 2.268300 7.887597
v -0.972816 2.271296 7.911961
v -1.000474 2.289764 7.921525
v -1.020558 2.316271 7.911961
v -1.024962 2.339745 7.887597
v -1.012739 2.351184 7.858658
v -0.989256 2.347006 7.836035
v -1.013785 2.275633 7.807813
v -0.991159 2.254318 7.817608
v -0.976632 2.240633 7.843731
v -0.975865 2.239911 7.877146
v -0.989914 2.253146 7.905279
v -1.013785 2.275633 7.916323
v -1.037657 2.298121 7.905279
v -1.051706 2.311356 7.877146
v -1.050939 2.310633 7.843731
v -1.036412 2.296948 7.817608
v -1.064300 2.222011 7.827551
v -1.038315 2.204261 7.836035
v -1.014831 2.200083 7.858658
v -1.002608 2.211522 7.887597
v -1.007012 2.234996 7.911961
v -1.027097 2.261503 7.921525
v -1.054754 2.279971 7.911961
v -1.078449 2.282967 7.887597
v -1.089139 2.270083 7.858658
v -1.083568 2.246891 7.836035
v -1.101279 2.182756 7.881481
v -1.072835 2.167616 7.886379
v -1.042796 2.170398 7.899440
v -1.022186 2.190740 7.916148
v -1.019529 2.221709 7.930214
v -1.036842 2.251158 7.935737
v -1.067271 2.266684 7.930214
v -1.098027 2.262184 7.916148
v -1.117103 2.240398 7.899440
v -1.118088 2.210246 7.886379
v -1.235976 2.168388 7.955352
v -1.206632 2.154203 7.955352
v -1.174193 2.159533 7.955352
v -1.150513 2.183133 7.955352
v -1.145272 2.216846 7.955352
v -1.161570 2.247372 7.955352
v -1.193014 2.261821 7.955352
v -1.226354 2.254577 7.955352
v -1.248500 2.229533 7.955352
v -1.251885 2.196833 7.955352
v -1.222440 2.182756 8.029021
v -1.193997 2.167617 8.024123
v -1.163957 2.170398 8.011062
v -1.143348 2.190740 7.994354
v -1.140690 2.221709 7.980289
v -1.158003 2.251158 7.974766
v -1.188432 2.266684 7.980289
v -1.219188 2.262184 7.994354
v -1.238264 2.240398 8.011062
v -1.239249 2.210246 8.024123
v -1.185461 2.222011 8.082951
v -1.159476 2.204261 8.074468
v -1.135993 2.200083 8.051844
v -1.123770 2.211522 8.022905
v -1.128174 2.234996 7.998542
v -1.148259 2.261503 7.988977
v -1.175916 2.279971 7.998542
v -1.199611 2.282967 8.022905
v -1.210300 2.270083 8.051844
v -1.204729 2.246891 8.074468
v -1.134947 2.275633 8.102690
v -1.112320 2.254318 8.092895
v -1.097793 2.240633 8.066772
v -1.097026 2.239911 8.033356
v -1.111076 2.253146 8.005223
v -1.134947 2.275633 7.994179
v -1.158818 2.298121 8.005223
v -1.172867 2.311356 8.033356
v -1.172101 2.310633 8.066772
v -1.157573 2.296948 8.092895
v -1.084432 2.329256 8.082951
v -1.065164 2.304376 8.074468
v -1.059593 2.281184 8.051844
v -1.070283 2.268300 8.022905
v -1.093978 2.271296 7.998542
v -1.121635 2.289764 7.988977
v -1.141720 2.316271 7.998542
v -1.146124 2.339745 8.022905
v -1.133901 2.351184 8.051844
v -1.110417 2.347006 8.074468
v -1.047453 2.368511 8.029021
v -1.030644 2.341021 8.024123
v -1.031629 2.310869 8.011062
v -1.050706 2.289082 7.994354
v -1.081461 2.284583 7.980289
v -1.111890 2.300109 7.974766
v -1.129203 2.329557 7.980289
v -1.126546 2.360527 7.994354
v -1.105937 2.380868 8.011062
v -1.075897 2.383651 8.024123
v -1.033918 2.382879 7.955352
v -1.018009 2.354434 7.955352
v -1.021394 2.321734 7.955352
v -1.043539 2.296689 7.955352
v -1.076880 2.289447 7.955352
v -1.108323 2.303895 7.955352
v -1.124622 2.334421 7.955352
v -1.119380 2.368134 7.955352
v -1.095701 2.391734 7.955352
v -1.063262 2.397063 7.955352
v -1.047453 2.368511 7.881683
v -1.030644 2.341021 7.886581
v -1.031629 2.310869 7.899642
v -1.050706 2.289082 7.916350
v -1.081461 2.284583 7.930417
v -1.111890 2.300109 7.935939
v -1.129203 2.329557 7.930417
v -1.126546 2.360527 7.916350
v -1.105937 2.380868 7.899642
v -1.075897 2.383651 7.886581
v -1.084432 2.329256 7.827754
v -1.065164 2.304376 7.836237
v -1.059593 2.281184 7.858861
v -1.070283 2.268300 7.887799
v -1.093978 2.271296 7.912163
v -1.121635 2.289764 7.921727
v -1.141720 2.316271 7.912163
v -1.146124 2.339745 7.887799
v -1.133901 2.351184 7.858861
v -1.110417 2.347006 7.836237
v -1.134947 2.275633 7.808015
v -1.112320 2.254318 7.817810
v -1.097793 2.240633 7.843934
v -1.097026 2.239911 7.877348
v -1.111076 2.253146 7.905481
v -1.134947 2.275633 7.916525
v -1.158818 2.298121 7.905481
v -1.172867 2.311356 7.877348
v -1.172100 2.310633 7.843934
v -1.157573 2.296948 7.817810
v -1.185461 2.222011 7.827754
v -1.159476 2.204261 7.836237
v -1.135993 2.200083 7.858861
v -1.123770 2.211522 7.887799
v -1.128174 2.234996 7.912163
v -1.148259 2.261503 7.921727
v -1.175916 2.279971 7.912163
v -1.199611 2.282967 7.887799
v -1.210300 2.270083 7.858861
v -1.204729 2.246891 7.836237
v -1.222440 2.182756 7.881683
v -1.193997 2.167616 7.886581
v -1.163957 2.170398 7.899642
v -1.143348 2.190740 7.916350
v -1.140690 2.221709 7.930417
v -1.158003 2.251158 7.935939
v -1.188432 2.266684 7.930417
v -1.219188 2.262184 7.916350
v -1.238264 2.240398 7.899642
v -1.239249 2.210246 7.886581
vn -1.0000 -0.0000 -0.0000
vn -0.8338 -0.5520 -0.0000
vn -0.7221 -0.5520 0.4169
vn -0.8660 -0.0000 0.5000
vn -0.3789 -0.9254 -0.0000
vn -0.3281 -0.9254 0.1895
vn 0.2320 -0.9727 -0.0000
vn 0.2009 -0.9727 -0.1160
vn 0.7771 -0.6294 -0.0000
vn 0.6730 -0.6294 -0.3885
vn 1.0000 -0.0000 -0.0000
vn 0.8660 -0.0000 -0.5000
vn 0.7771 0.6294 -0.0000
vn 0.6730 0.6294 -0.3885
vn 0.2320 0.9727 -0.0000
vn 0.2009 0.9727 -0.1160
vn -0.3789 0.9254 -0.0000
vn -0.3281 0.9254 0.1895
vn -0.8338 0.5520 -0.0000
vn -0.7221 0.5520 0.4169
vn -0.4169 -0.5520 0.7221
vn -0.5000 -0.0000 0.8660
vn -0.1894 -0.9254 0.3281
vn 0.1160 -0.9727 -0.2010
vn 0.3885 -0.6294 -0.6730
vn 0.5000 -0.0000 -0.8660
vn 0.3885 0.6294 -0.6730
vn 0.1160 0.9727 -0.2010
vn -0.1894 0.9254 0.3281
vn -0.4169 0.5520 0.7221
vn -0.0000 -0.5520 0.8338
vn -0.0000 -0.0000 1.0000
vn -0.0000 -0.9254 0.3789
vn -0.0000 -0.9727 -0.2320
vn -0.0000 -0.6294 -0.7771
vn -0.0000 -0.0000 -1.0000
vn -0.0000 0.6294 -0.7771
vn -0.0000 0.9727 -0.2320
vn -0.0000 0.9254 0.3789
vn -0.0000 0.5520 0.8338
vn 0.4169 -0.5520 0.7221
vn 0.5000 -0.0000 0.8660
vn 0.1894 -0.9254 0.3281
vn -0.1160 -0.9727 -0.2009
vn -0.3885 -0.6294 -0.6730
vn -0.5000 -0.0000 -0.8660
vn -0.3885 0.6294 -0.6730
vn -0.1160 0.9727 -0.2009
vn 0.1894 0.9254 0.3281
vn 0.4169 0.5520 0.7221
vn 0.7221 -0.5520 0.4169
vn 0.8660 -0.0000 0.5000
vn 0.3281 -0.9254 0.1894
vn -0.2010 -0.9727 -0.1160
vn -0.6730 -0.6294 -0.3885
vn -0.8660 -0.0000 -0.5000
vn -0.6730 0.6294 -0.3885
vn -0.2010 0.9727 -0.1160
vn 0.3281 0.9254 0.1894
vn 0.7221 0.5520 0.4169
vn 0.8338 -0.5520 -0.0000
vn 0.3789 -0.9254 -0.0000
vn -0.2320 -0.9727 -0.0000
vn -0.7771 -0.6294 -0.0000
vn -0.7771 0.6294 -0.0000
vn -0.2320 0.9727 -0.0000
vn 0.3789 0.9254 -0.0000
vn 0.8338 0.5520 -0.0000
vn 0.7221 -0.5520 -0.4169
vn 0.3281 -0.9254 -0.1894
vn -0.2009 -0.9727 0.1160
vn -0.6730 -0.6294 0.3885
vn -0.6730 0.6294 0.3885
vn -0.2009 0.9727 0.1160
vn 0.3281 0.9254 -0.1894
vn 0.7221 0.5520 -0.4169
vn 0.4169 -0.5520 -0.7221
vn 0.1894 -0.9254 -0.3281
vn -0.1160 -0.9727 0.2009
vn -0.3885 -0.6294 0.6730
vn -0.3885 0.6294 0.6730
vn -0.1160 0.9727 0.2009
vn 0.1894 0.9254 -0.3281
vn 0.4169 0.5520 -0.7221
vn -0.0000 -0.5520 -0.8338
vn -0.0000 -0.9254 -0.3789
vn -0.0000 -0.9727 0.2320
vn -0.0000 -0.6294 0.7771
vn -0.0000 0.6294 0.7771
vn -0.0000 0.9727 0.2320
vn -0.0000 0.9254 -0.3789
vn -0.0000 0.5520 -0.8338
vn -0.4169 -0.5520 -0.7221
vn -0.1894 -0.9254 -0.3281
vn 0.1160 -0.9727 0.2009
vn 0.3885 -0.6294 0.6730
vn 0.3885 0.6294 0.6730
vn 0.1160 0.9727 0.2009
vn -0.1894 0.9254 -0.3281
vn -0.4169 0.5520 -0.7221
vn -0.7221 -0.5520 -0.4169
vn -0.3281 -0.9254 -0.1895
vn 0.2009 -0.9727 0.1160
vn 0.6730 -0.6294 0.3885
vn 0.6730 0.6294 0.3885
vn 0.2009 0.9727 0.1160
vn -0.3281 0.9254 -0.1895
vn -0.7221 0.5520 -0.4169
vn -0.6857 -0.7279 -0.0000
vn -0.1699 -0.9855 -0.0000
vn -0.0933 -0.9041 0.4169
vn -0.5938 -0.6304 0.5000
vn 0.4138 -0.9104 -0.0000
vn 0.4486 -0.8734 0.1895
vn 0.8671 -0.4981 -0.0000
vn 0.8458 -0.5207 -0.1160
vn 0.9910 0.1340 -0.0000
vn 0.9196 0.0582 -0.3885
vn 0.6857 0.7279 -0.0000
vn 0.5938 0.6304 -0.5000
vn 0.0747 0.9972 -0.0000
vn 0.0033 0.9214 -0.3885
vn -0.5489 0.8359 -0.0000
vn -0.5702 0.8132 -0.1160
vn -0.9334 0.3588 -0.0000
vn -0.8986 0.3957 0.1895
vn -0.9736 -0.2284 -0.0000
vn -0.8970 -0.1471 0.4169
vn 0.1160 -0.6820 0.7221
vn -0.3428 -0.3639 0.8660
vn 0.5437 -0.7725 0.3281
vn 0.7876 -0.5825 -0.2010
vn 0.7246 -0.1488 -0.6730
vn 0.3428 0.3639 -0.8660
vn -0.1917 0.7144 -0.6730
vn -0.6285 0.7514 -0.2010
vn -0.8035 0.4967 0.3281
vn -0.6877 0.0751 0.7221
vn 0.4018 -0.3785 0.8338
vn 0.6736 -0.6346 0.3789
vn 0.7080 -0.6670 -0.2320
vn 0.4581 -0.4316 -0.7771
vn -0.4581 0.4316 -0.7771
vn -0.7080 0.6670 -0.2320
vn -0.6736 0.6346 0.3789
vn -0.4018 0.3785 0.8338
vn 0.6877 -0.0751 0.7221
vn 0.3428 0.3639 0.8660
vn 0.8035 -0.4967 0.3281
vn 0.6285 -0.7514 -0.2009
vn 0.1917 -0.7144 -0.6730
vn -0.3428 -0.3639 -0.8660
vn -0.7246 0.1488 -0.6730
vn -0.7876 0.5825 -0.2009
vn -0.5437 0.7725 0.3281
vn -0.1160 0.6820 0.7221
vn 0.8970 0.1471 0.4169
vn 0.5938 0.6304 0.5000
vn 0.8986 -0.3957 0.1894
vn 0.5702 -0.8132 -0.1160
vn -0.0033 -0.9214 -0.3885
vn -0.5938 -0.6304 -0.5000
vn -0.9196 -0.0583 -0.3885
vn -0.8458 0.5207 -0.1160
vn -0.4486 0.8734 0.1894
vn 0.0933 0.9041 0.4169
vn 0.9736 0.2284 -0.0000
vn 0.9334 -0.3588 -0.0000
vn 0.5489 -0.8359 -0.0000
vn -0.0747 -0.9972 -0.0000
vn -0.9910 -0.1340 -0.0000
vn -0.8671 0.4981 -0.0000
vn -0.4138 0.9104 -0.0000
vn 0.1699 0.9855 -0.0000
vn 0.8970 0.1471 -0.4169
vn 0.8986 -0.3957 -0.1894
vn 0.5702 -0.8132 0.1160
vn -0.0033 -0.9214 0.3885
vn -0.9196 -0.0583 0.3885
vn -0.8458 0.5207 0.1160
vn -0.4486 0.8734 -0.1894
vn 0.0933 0.9041 -0.4169
vn 0.6877 -0.0751 -0.7221
vn 0.8035 -0.4967 -0.3281
vn 0.6285 -0.7514 0.2009
vn 0.1917 -0.7144 0.6730
vn -0.7246 0.1488 0.6730
vn -0.7876 0.5825 0.2009
vn -0.5437 0.7725 -0.3281
vn -0.1160 0.6820 -0.7221
vn 0.4018 -0.3785 -0.8338
vn 0.6736 -0.6346 -0.3789
vn 0.7080 -0.6670 0.2320
vn 0.4581 -0.4316 0.7771
vn -0.4581 0.4316 0.7771
vn -0.7080 0.6670 0.2320
vn -0.6736 0.6346 -0.3789
vn -0.4018 0.3785 -0.8338
vn 0.1160 -0.6820 -0.7221
vn 0.5437 -0.7725 -0.3281
vn 0.7876 -0.5825 0.2009
vn 0.7246 -0.1488 0.6730
vn 0.3429 0.3639 0.8660
vn -0.1917 0.7144 0.6730
vn -0.6285 0.7514 0.2009
vn -0.8035 0.4967 -0.3281
vn -0.6877 0.0751 -0.7221
vn -0.0933 -0.9041 -0.4169
vn 0.4486 -0.8734 -0.1895
vn 0.8458 -0.5207 0.1160
vn 0.9196 0.0583 0.3885
vn 0.0033 0.9214 0.3885
vn -0.5702 0.8132 0.1160
vn -0.8986 0.3957 -0.1895
vn -0.8970 -0.1471 -0.4169
vn 0.9196 0.0583 -0.3885
vt 0.662415 0.638616
vt 0.658419 0.649519
vt 0.634670 0.642372
vt 0.636251 0.631279
vt 0.652585 0.659937
vt 0.633178 0.653325
vt 0.645720 0.670306
vt 0.631436 0.665271
vt 0.639439 0.681081
vt 0.629891 0.678666
vt 0.636359 0.693210
vt 0.629191 0.692009
vt 0.636985 0.735300
vt 0.640035 0.747451
vt 0.630479 0.749810
vt 0.629806 0.736483
vt 0.646220 0.758336
vt 0.631948 0.763104
vt 0.652932 0.768343
vt 0.633880 0.775013
vt 0.658819 0.778586
vt 0.635413 0.785877
vt 0.662896 0.789334
vt 0.637079 0.796889
vt 0.611406 0.643066
vt 0.609443 0.631985
vt 0.613559 0.653881
vt 0.616046 0.665642
vt 0.619098 0.679219
vt 0.622096 0.692475
vt 0.619711 0.749260
vt 0.622706 0.736010
vt 0.616686 0.762809
vt 0.614279 0.774561
vt 0.612206 0.785365
vt 0.610335 0.796441
vt 0.589771 0.651230
vt 0.584265 0.641319
vt 0.595410 0.660787
vt 0.601421 0.670992
vt 0.608604 0.683114
vt 0.615520 0.694907
vt 0.609220 0.745386
vt 0.616125 0.733582
vt 0.602068 0.757526
vt 0.596107 0.767761
vt 0.590529 0.777355
vt 0.585094 0.787307
vt 0.571801 0.666140
vt 0.563186 0.658446
vt 0.580441 0.673335
vt 0.589686 0.681267
vt 0.600223 0.690526
vt 0.610109 0.699217
vt 0.600818 0.737982
vt 0.610707 0.729278
vt 0.590274 0.747279
vt 0.581059 0.755282
vt 0.572445 0.762551
vt 0.563867 0.770326
vt 0.559511 0.686713
vt 0.548487 0.682176
vt 0.570335 0.690706
vt 0.582015 0.694732
vt 0.594588 0.699680
vt 0.606522 0.705167
vt 0.595163 0.728813
vt 0.607120 0.723328
vt 0.582488 0.733753
vt 0.570854 0.737935
vt 0.559976 0.742007
vt 0.548917 0.746654
vt 0.554784 0.712018
vt 0.542239 0.710458
vt 0.567240 0.711432
vt 0.579651 0.709917
vt 0.592275 0.709250
vt 0.604341 0.712018
vt 0.592885 0.719227
vt 0.604949 0.716477
vt 0.580303 0.718465
vt 0.567560 0.716942
vt 0.554981 0.716477
vt 0.542338 0.718174
vt 0.541451 0.709775
vt 0.554092 0.711489
vt 0.559123 0.685983
vt 0.548070 0.681307
vt 0.566667 0.711036
vt 0.569984 0.690082
vt 0.579395 0.709517
vt 0.581574 0.694281
vt 0.591952 0.708732
vt 0.594164 0.699055
vt 0.603709 0.711489
vt 0.606058 0.704891
vt 0.604467 0.716887
vt 0.592712 0.719669
vt 0.594958 0.729326
vt 0.606827 0.723482
vt 0.580123 0.718974
vt 0.582472 0.734102
vt 0.567722 0.717460
vt 0.570841 0.738153
vt 0.555266 0.716887
vt 0.560035 0.742175
vt 0.542721 0.718466
vt 0.549016 0.746744
vt 0.571668 0.665469
vt 0.563100 0.657644
vt 0.580264 0.672800
vt 0.589440 0.680910
vt 0.600201 0.690111
vt 0.609867 0.698988
vt 0.600986 0.738246
vt 0.610639 0.729381
vt 0.590228 0.747410
vt 0.581026 0.755454
vt 0.572406 0.762715
vt 0.563802 0.770463
vt 0.589878 0.650679
vt 0.584468 0.640670
vt 0.595433 0.660322
vt 0.601377 0.670601
vt 0.608559 0.682778
vt 0.615402 0.694703
vt 0.609322 0.745583
vt 0.616169 0.733669
vt 0.602111 0.757744
vt 0.596121 0.767996
vt 0.590508 0.777605
vt 0.585031 0.787576
vt 0.611660 0.642744
vt 0.609846 0.631643
vt 0.613694 0.653568
vt 0.616067 0.665336
vt 0.619036 0.678909
vt 0.622080 0.692264
vt 0.619801 0.749470
vt 0.622841 0.736108
vt 0.616810 0.763070
vt 0.614363 0.774848
vt 0.612257 0.785684
vt 0.610356 0.796795
vt 0.634874 0.642352
vt 0.636587 0.631382
vt 0.633326 0.653179
vt 0.631453 0.665075
vt 0.629704 0.678334
vt 0.629280 0.691721
vt 0.630493 0.750044
vt 0.630037 0.736642
vt 0.632322 0.763397
vt 0.634013 0.775324
vt 0.635533 0.786241
vt 0.637175 0.797296
vt 0.658057 0.649692
vt 0.662173 0.639046
vt 0.652159 0.659823
vt 0.645467 0.669715
vt 0.639522 0.680600
vt 0.636456 0.692746
vt 0.640307 0.747709
vt 0.637200 0.735595
vt 0.646331 0.758513
vt 0.653197 0.768700
vt 0.659063 0.779005
vt 0.663116 0.789808
s 1
usemtl donut_stand.001
f 2111/971/644 2112/972/645 2122/973/646 2121/974/647
f 2112/972/645 2113/975/648 2123/976/649 2122/973/646
f 2113/975/648 2114/977/650 2124/978/651 2123/976/649
f 2114/977/650 2115/979/652 2125/980/653 2124/978/651
f 2115/979/652 2116/981/654 2126/982/655 2125/980/653
f 2116/983/654 2117/984/656 2127/985/657 2126/986/655
f 2117/984/656 2118/987/658 2128/988/659 2127/985/657
f 2118/987/658 2119/989/660 2129/990/661 2128/988/659
f 2119/989/660 2120/991/662 2130/992/663 2129/990/661
f 2120/991/662 2111/993/644 2121/994/647 2130/992/663
f 2121/974/647 2122/973/646 2132/995/664 2131/996/665
f 2122/973/646 2123/976/649 2133/997/666 2132/995/664
f 2123/976/649 2124/978/651 2134/998/667 2133/997/666
f 2124/978/651 2125/980/653 2135/999/668 2134/998/667
f 2125/980/653 2126/982/655 2136/1000/669 2135/999/668
f 2126/986/655 2127/985/657 2137/1001/670 2136/1002/669
f 2127/985/657 2128/988/659 2138/1003/671 2137/1001/670
f 2128/988/659 2129/990/661 2139/1004/672 2138/1003/671
f 2129/990/661 2130/992/663 2140/1005/673 2139/1004/672
f 2130/992/663 2121/994/647 2131/1006/665 2140/1005/673
f 2131/996/665 2132/995/664 2142/1007/674 2141/1008/675
f 2132/995/664 2133/997/666 2143/1009/676 2142/1007/674
f 2133/997/666 2134/998/667 2144/1010/677 2143/1009/676
f 2134/998/667 2135/999/668 2145/1011/678 2144/1010/677
f 2135/999/668 2136/1000/669 2146/1012/679 2145/1011/678
f 2136/1002/669 2137/1001/670 2147/1013/680 2146/1014/679
f 2137/1001/670 2138/1003/671 2148/1015/681 2147/1013/680
f 2138/1003/671 2139/1004/672 2149/1016/682 2148/1015/681
f 2139/1004/672 2140/1005/673 2150/1017/683 2149/1016/682
f 2140/1005/673 2131/1006/665 2141/1018/675 2150/1017/683
f 2141/1008/675 2142/1007/674 2152/1019/684 2151/1020/685
f 2142/1007/674 2143/1009/676 2153/1021/686 2152/1019/684
f 2143/1009/676 2144/1010/677 2154/1022/687 2153/1021/686
f 2144/1010/677 2145/1011/678 2155/1023/688 2154/1022/687
f 2145/1011/678 2146/1012/679 2156/1024/689 2155/1023/688
f 2146/1014/679 2147/1013/680 2157/1025/690 2156/1026/689
f 2147/1013/680 2148/1015/681 2158/1027/691 2157/1025/690
f 2148/1015/681 2149/1016/682 2159/1028/692 2158/1027/691
f 2149/1016/682 2150/1017/683 2160/1029/693 2159/1028/692
f 2150/1017/683 2141/1018/675 2151/1030/685 2160/1029/693
f 2151/1020/685 2152/1019/684 2162/1031/694 2161/1032/695
f 2152/1019/684 2153/1021/686 2163/1033/696 2162/1031/694
f 2153/1021/686 2154/1022/687 2164/1034/697 2163/1033/696
f 2154/1022/687 2155/1023/688 2165/1035/698 2164/1034/697
f 2155/1023/688 2156/1024/689 2166/1036/699 2165/1035/698
f 2156/1026/689 2157/1025/690 2167/1037/700 2166/1038/699
f 2157/1025/690 2158/1027/691 2168/1039/701 2167/1037/700
f 2158/1027/691 2159/1028/692 2169/1040/702 2168/1039/701
f 2159/1028/692 2160/1029/693 2170/1041/703 2169/1040/702
f 2160/1029/693 2151/1030/685 2161/1042/695 2170/1041/703
f 2161/1032/695 2162/1031/694 2172/1043/704 2171/1044/654
f 2162/1031/694 2163/1033/696 2173/1045/705 2172/1043/704
f 2163/1033/696 2164/1034/697 2174/1046/706 2173/1045/705
f 2164/1034/697 2165/1035/698 2175/1047/707 2174/1046/706
f 2165/1035/698 2166/1036/699 2176/1048/644 2175/1047/707
f 2166/1038/699 2167/1037/700 2177/1049/708 2176/1050/644
f 2167/1037/700 2168/1039/701 2178/1051/709 2177/1049/708
f 2168/1039/701 2169/1040/702 2179/1052/710 2178/1051/709
f 2169/1040/702 2170/1041/703 2180/1053/711 2179/1052/710
f 2170/1041/703 2161/1042/695 2171/1054/654 2180/1053/711
f 2171/1055/654 2172/1056/704 2182/1057/712 2181/1058/655
f 2172/1056/704 2173/1059/705 2183/1060/713 2182/1057/712
f 2173/1059/705 2174/1061/706 2184/1062/714 2183/1060/713
f 2174/1061/706 2175/1063/707 2185/1064/715 2184/1062/714
f 2175/1063/707 2176/1065/644 2186/1066/647 2185/1064/715
f 2176/1067/644 2177/1068/708 2187/1069/716 2186/1070/647
f 2177/1068/708 2178/1071/709 2188/1072/717 2187/1069/716
f 2178/1071/709 2179/1073/710 2189/1074/718 2188/1072/717
f 2179/1073/710 2180/1075/711 2190/1076/719 2189/1074/718
f 2180/1075/711 2171/1077/654 2181/1078/655 2190/1076/719
f 2181/1058/655 2182/1057/712 2192/1079/720 2191/1080/669
f 2182/1057/712 2183/1060/713 2193/1081/721 2192/1079/720
f 2183/1060/713 2184/1062/714 2194/1082/722 2193/1081/721
f 2184/1062/714 2185/1064/715 2195/1083/723 2194/1082/722
f 2185/1064/715 2186/1066/647 2196/1084/665 2195/1083/723
f 2186/1070/647 2187/1069/716 2197/1085/724 2196/1086/665
f 2187/1069/716 2188/1072/717 2198/1087/725 2197/1085/724
f 2188/1072/717 2189/1074/718 2199/1088/726 2198/1087/725
f 2189/1074/718 2190/1076/719 2200/1089/727 2199/1088/726
f 2190/1076/719 2181/1078/655 2191/1090/669 2200/1089/727
f 2191/1080/669 2192/1079/720 2202/1091/728 2201/1092/679
f 2192/1079/720 2193/1081/721 2203/1093/729 2202/1091/728
f 2193/1081/721 2194/1082/722 2204/1094/730 2203/1093/729
f 2194/1082/722 2195/1083/723 2205/1095/731 2204/1094/730
f 2195/1083/723 2196/1084/665 2206/1096/675 2205/1095/731
f 2196/1086/665 2197/1085/724 2207/1097/732 2206/1098/675
f 2197/1085/724 2198/1087/725 2208/1099/733 2207/1097/732
f 2198/1087/725 2199/1088/726 2209/1100/734 2208/1099/733
f 2199/1088/726 2200/1089/727 2210/1101/735 2209/1100/734
f 2200/1089/727 2191/1090/669 2201/1102/679 2210/1101/735
f 2201/1092/679 2202/1091/728 2212/1103/736 2211/1104/689
f 2202/1091/728 2203/1093/729 2213/1105/737 2212/1103/736
f 2203/1093/729 2204/1094/730 2214/1106/738 2213/1105/737
f 2204/1094/730 2205/1095/731 2215/1107/739 2214/1106/738
f 2205/1095/731 2206/1096/675 2216/1108/685 2215/1107/739
f 2206/1098/675 2207/1097/732 2217/1109/740 2216/1110/685
f 2207/1097/732 2208/1099/733 2218/1111/741 2217/1109/740
f 2208/1099/733 2209/1100/734 2219/1112/742 2218/1111/741
f 2209/1100/734 2210/1101/735 2220/1113/743 2219/1112/742
f 2210/1101/735 2201/1102/679 2211/1114/689 2220/1113/743
f 2211/1104/689 2212/1103/736 2222/1115/744 2221/1116/699
f 2212/1103/736 2213/1105/737 2223/1117/745 2222/1115/744
f 2213/1105/737 2214/1106/738 2224/1118/746 2223/1117/745
f 2214/1106/738 2215/1107/739 2225/1119/747 2224/1118/746
f 2215/1107/739 2216/1108/685 2226/1120/695 2225/1119/747
f 2216/1110/685 2217/1109/740 2227/1121/748 2226/1122/695
f 2217/1109/740 2218/1111/741 2228/1123/749 2227/1121/748
f 2218/1111/741 2219/1112/742 2229/1124/750 2228/1123/749
f 2219/1112/742 2220/1113/743 2230/1125/751 2229/1124/750
f 2220/1113/743 2211/1114/689 2221/1126/699 2230/1125/751
f 2221/1116/699 2222/1115/744 2112/1127/645 2111/1128/644
f 2222/1115/744 2223/1117/745 2113/1129/648 2112/1127/645
f 2223/1117/745 2224/1118/746 2114/1130/650 2113/1129/648
f 2224/1118/746 2225/1119/747 2115/1131/652 2114/1130/650
f 2225/1119/747 2226/1120/695 2116/1132/654 2115/1131/652
f 2226/1122/695 2227/1121/748 2117/1133/656 2116/1134/654
f 2227/1121/748 2228/1123/749 2118/1135/658 2117/1133/656
f 2228/1123/749 2229/1124/750 2119/1136/660 2118/1135/658
f 2229/1124/750 2230/1125/751 2120/1137/662 2119/1136/660
f 2230/1125/751 2221/1126/699 2111/1138/644 2120/1137/662
f 2231/971/752 2232/972/753 2242/973/754 2241/974/755
f 2232/972/753 2233/975/756 2243/976/757 2242/973/754
f 2233/975/756 2234/977/758 2244/978/759 2243/976/757
f 2234/977/758 2235/979/760 2245/980/761 2244/978/759
f 2235/979/760 2236/981/762 2246/982/763 2245/980/761
f 2236/983/762 2237/984/764 2247/985/765 2246/986/763
f 2237/984/764 2238/987/766 2248/988/767 2247/985/765
f 2238/987/766 2239/989/768 2249/990/769 2248/988/767
f 2239/989/768 2240/991/770 2250/992/771 2249/990/769
f 2240/991/770 2231/993/752 2241/994/755 2250/992/771
f 2241/974/755 2242/973/754 2252/995/772 2251/996/773
f 2242/973/754 2243/976/757 2253/997/774 2252/995/772
f 2243/976/757 2244/978/759 2254/998/775 2253/997/774
f 2244/978/759 2245/980/761 2255/999/776 2254/998/775
f 2245/980/761 2246/982/763 2256/1000/777 2255/999/776
f 2246/986/763 2247/985/765 2257/1001/778 2256/1002/777
f 2247/985/765 2248/988/767 2258/1003/779 2257/1001/778
f 2248/988/767 2249/990/769 2259/1004/780 2258/1003/779
f 2249/990/769 2250/992/771 2260/1005/781 2259/1004/780
f 2250/992/771 2241/994/755 2251/1006/773 2260/1005/781
f 2251/996/773 2252/995/772 2262/1007/782 2261/1008/675
f 2252/995/772 2253/997/774 2263/1009/783 2262/1007/782
f 2253/997/774 2254/998/775 2264/1010/784 2263/1009/783
f 2254/998/775 2255/999/776 2265/1011/785 2264/1010/784
f 2255/999/776 2256/1000/777 2266/1012/679 2265/1011/785
f 2256/1002/777 2257/1001/778 2267/1013/786 2266/1014/679
f 2257/1001/778 2258/1003/779 2268/1015/787 2267/1013/786
f 2258/1003/779 2259/1004/780 2269/1016/788 2268/1015/787
f 2259/1004/780 2260/1005/781 2270/1017/789 2269/1016/788
f 2260/1005/781 2251/1006/773 2261/1018/675 2270/1017/789
f 2261/1008/675 2262/1007/782 2272/1019/790 2271/1020/791
f 2262/1007/782 2263/1009/783 2273/1021/792 2272/1019/790
f 2263/1009/783 2264/1010/784 2274/1022/793 2273/1021/792
f 2264/1010/784 2265/1011/785 2275/1023/794 2274/1022/793
f 2265/1011/785 2266/1012/679 2276/1024/795 2275/1023/794
f 2266/1014/679 2267/1013/786 2277/1025/796 2276/1026/795
f 2267/1013/786 2268/1015/787 2278/1027/797 2277/1025/796
f 2268/1015/787 2269/1016/788 2279/1028/798 2278/1027/797
f 2269/1016/788 2270/1017/789 2280/1029/799 2279/1028/798
f 2270/1017/789 2261/1018/675 2271/1030/791 2280/1029/799
f 2271/1020/791 2272/1019/790 2282/1031/800 2281/1032/801
f 2272/1019/790 2273/1021/792 2283/1033/802 2282/1031/800
f 2273/1021/792 2274/1022/793 2284/1034/803 2283/1033/802
f 2274/1022/793 2275/1023/794 2285/1035/804 2284/1034/803
f 2275/1023/794 2276/1024/795 2286/1036/805 2285/1035/804
f 2276/1026/795 2277/1025/796 2287/1037/806 2286/1038/805
f 2277/1025/796 2278/1027/797 2288/1039/807 2287/1037/806
f 2278/1027/797 2279/1028/798 2289/1040/808 2288/1039/807
f 2279/1028/798 2280/1029/799 2290/1041/809 2289/1040/808
f 2280/1029/799 2271/1030/791 2281/1042/801 2290/1041/809
f 2281/1032/801 2282/1031/800 2292/1043/810 2291/1044/762
f 2282/1031/800 2283/1033/802 2293/1045/811 2292/1043/810
f 2283/1033/802 2284/1034/803 2294/1046/812 2293/1045/811
f 2284/1034/803 2285/1035/804 2295/1047/813 2294/1046/812
f 2285/1035/804 2286/1036/805 2296/1048/752 2295/1047/813
f 2286/1038/805 2287/1037/806 2297/1049/814 2296/1050/752
f 2287/1037/806 2288/1039/807 2298/1051/815 2297/1049/814
f 2288/1039/807 2289/1040/808 2299/1052/816 2298/1051/815
f 2289/1040/808 2290/1041/809 2300/1053/817 2299/1052/816
f 2290/1041/809 2281/1042/801 2291/1054/762 2300/1053/817
f 2291/1055/762 2292/1056/810 2302/1057/818 2301/1058/763
f 2292/1056/810 2293/1059/811 2303/1060/819 2302/1057/818
f 2293/1059/811 2294/1061/812 2304/1062/820 2303/1060/819
f 2294/1061/812 2295/1063/813 2305/1064/821 2304/1062/820
f 2295/1063/813 2296/1065/752 2306/1066/755 2305/1064/821
f 2296/1067/752 2297/1068/814 2307/1069/822 2306/1070/755
f 2297/1068/814 2298/1071/815 2308/1072/823 2307/1069/822
f 2298/1071/815 2299/1073/816 2309/1074/824 2308/1072/823
f 2299/1073/816 2300/1075/817 2310/1076/825 2309/1074/824
f 2300/1075/817 2291/1077/762 2301/1078/763 2310/1076/825
f 2301/1058/763 2302/1057/818 2312/1079/826 2311/1080/777
f 2302/1057/818 2303/1060/819 2313/1081/827 2312/1079/826
f 2303/1060/819 2304/1062/820 2314/1082/828 2313/1081/827
f 2304/1062/820 2305/1064/821 2315/1083/829 2314/1082/828
f 2305/1064/821 2306/1066/755 2316/1084/773 2315/1083/829
f 2306/1070/755 2307/1069/822 2317/1085/830 2316/1086/773
f 2307/1069/822 2308/1072/823 2318/1087/831 2317/1085/830
f 2308/1072/823 2309/1074/824 2319/1088/832 2318/1087/831
f 2309/1074/824 2310/1076/825 2320/1089/833 2319/1088/832
f 2310/1076/825 2301/1078/763 2311/1090/777 2320/1089/833
f 2311/1080/777 2312/1079/826 2322/1091/834 2321/1092/679
f 2312/1079/826 2313/1081/827 2323/1093/835 2322/1091/834
f 2313/1081/827 2314/1082/828 2324/1094/836 2323/1093/835
f 2314/1082/828 2315/1083/829 2325/1095/837 2324/1094/836
f 2315/1083/829 2316/1084/773 2326/1096/675 2325/1095/837
f 2316/1086/773 2317/1085/830 2327/1097/838 2326/1098/675
f 2317/1085/830 2318/1087/831 2328/1099/839 2327/1097/838
f 2318/1087/831 2319/1088/832 2329/1100/840 2328/1099/839
f 2319/1088/832 2320/1089/833 2330/1101/841 2329/1100/840
f 2320/1089/833 2311/1090/777 2321/1102/679 2330/1101/841
f 2321/1092/679 2322/1091/834 2332/1103/842 2331/1104/795
f 2322/1091/834 2323/1093/835 2333/1105/843 2332/1103/842
f 2323/1093/835 2324/1094/836 2334/1106/844 2333/1105/843
f 2324/1094/836 2325/1095/837 2335/1107/845 2334/1106/844
f 2325/1095/837 2326/1096/675 2336/1108/846 2335/1107/845
f 2326/1098/675 2327/1097/838 2337/1109/847 2336/1110/846
f 2327/1097/838 2328/1099/839 2338/1111/848 2337/1109/847
f 2328/1099/839 2329/1100/840 2339/1112/849 2338/1111/848
f 2329/1100/840 2330/1101/841 2340/1113/850 2339/1112/849
f 2330/1101/841 2321/1102/679 2331/1114/795 2340/1113/850
f 2331/1104/795 2332/1103/842 2342/1115/851 2341/1116/805
f 2332/1103/842 2333/1105/843 2343/1117/852 2342/1115/851
f 2333/1105/843 2334/1106/844 2344/1118/853 2343/1117/852
f 2334/1106/844 2335/1107/845 2345/1119/854 2344/1118/853
f 2335/1107/845 2336/1108/846 2346/1120/801 2345/1119/854
f 2336/1110/846 2337/1109/847 2347/1121/855 2346/1122/801
f 2337/1109/847 2338/1111/848 2348/1123/856 2347/1121/855
f 2338/1111/848 2339/1112/849 2349/1124/857 2348/1123/856
f 2339/1112/849 2340/1113/850 2350/1125/858 2349/1124/857
f 2340/1113/850 2331/1114/795 2341/1126/805 2350/1125/858
f 2341/1116/805 2342/1115/851 2232/1127/753 2231/1128/752
f 2342/1115/851 2343/1117/852 2233/1129/756 2232/1127/753
f 2343/1117/852 2344/1118/853 2234/1130/758 2233/1129/756
f 2344/1118/853 2345/1119/854 2235/1131/760 2234/1130/758
f 2345/1119/854 2346/1120/801 2236/1132/762 2235/1131/760
f 2346/1122/801 2347/1121/855 2237/1133/764 2236/1134/762
f 2347/1121/855 2348/1123/856 2238/1135/766 2237/1133/764
f 2348/1123/856 2349/1124/857 2239/1136/768 2238/1135/766
f 2349/1124/857 2350/1125/858 2240/1137/770 2239/1136/768
f 2350/1125/858 2341/1126/805 2231/1138/752 2240/1137/770
f 2351/971/752 2352/972/753 2362/973/754 2361/974/755
f 2352/972/753 2353/975/756 2363/976/757 2362/973/754
f 2353/975/756 2354/977/758 2364/978/759 2363/976/757
f 2354/977/758 2355/979/760 2365/980/761 2364/978/759
f 2355/979/760 2356/981/762 2366/982/763 2365/980/761
f 2356/983/762 2357/984/764 2367/985/765 2366/986/763
f 2357/984/764 2358/987/766 2368/988/767 2367/985/765
f 2358/987/766 2359/989/768 2369/990/769 2368/988/767
f 2359/989/768 2360/991/770 2370/992/771 2369/990/769
f 2360/991/770 2351/993/752 2361/994/755 2370/992/771
f 2361/974/755 2362/973/754 2372/995/772 2371/996/773
f 2362/973/754 2363/976/757 2373/997/774 2372/995/772
f 2363/976/757 2364/978/759 2374/998/775 2373/997/774
f 2364/978/759 2365/980/761 2375/999/776 2374/998/775
f 2365/980/761 2366/982/763 2376/1000/777 2375/999/776
f 2366/986/763 2367/985/765 2377/1001/778 2376/1002/777
f 2367/985/765 2368/988/767 2378/1003/779 2377/1001/778
f 2368/988/767 2369/990/769 2379/1004/780 2378/1003/779
f 2369/990/769 2370/992/771 2380/1005/781 2379/1004/780
f 2370/992/771 2361/994/755 2371/1006/773 2380/1005/781
f 2371/996/773 2372/995/772 2382/1007/782 2381/1008/675
f 2372/995/772 2373/997/774 2383/1009/783 2382/1007/782
f 2373/997/774 2374/998/775 2384/1010/784 2383/1009/783
f 2374/998/775 2375/999/776 2385/1011/785 2384/1010/784
f 2375/999/776 2376/1000/777 2386/1012/679 2385/1011/785
f 2376/1002/777 2377/1001/778 2387/1013/786 2386/1014/679
f 2377/1001/778 2378/1003/779 2388/1015/787 2387/1013/786
f 2378/1003/779 2379/1004/780 2389/1016/788 2388/1015/787
f 2379/1004/780 2380/1005/781 2390/1017/789 2389/1016/788
f 2380/1005/781 2371/1006/773 2381/1018/675 2390/1017/789
f 2381/1008/675 2382/1007/782 2392/1019/790 2391/1020/791
f 2382/1007/782 2383/1009/783 2393/1021/792 2392/1019/790
f 2383/1009/783 2384/1010/784 2394/1022/793 2393/1021/792
f 2384/1010/784 2385/1011/785 2395/1023/794 2394/1022/793
f 2385/1011/785 2386/1012/679 2396/1024/795 2395/1023/794
f 2386/1014/679 2387/1013/786 2397/1025/796 2396/1026/795
f 2387/1013/786 2388/1015/787 2398/1027/797 2397/1025/796
f 2388/1015/787 2389/1016/788 2399/1028/798 2398/1027/797
f 2389/1016/788 2390/1017/789 2400/1029/799 2399/1028/798
f 2390/1017/789 2381/1018/675 2391/1030/791 2400/1029/799
f 2391/1020/791 2392/1019/790 2402/1031/800 2401/1032/801
f 2392/1019/790 2393/1021/792 2403/1033/802 2402/1031/800
f 2393/1021/792 2394/1022/793 2404/1034/803 2403/1033/802
f 2394/1022/793 2395/1023/794 2405/1035/804 2404/1034/803
f 2395/1023/794 2396/1024/795 2406/1036/805 2405/1035/804
f 2396/1026/795 2397/1025/796 2407/1037/806 2406/1038/805
f 2397/1025/796 2398/1027/797 2408/1039/807 2407/1037/806
f 2398/1027/797 2399/1028/798 2409/1040/808 2408/1039/807
f 2399/1028/798 2400/1029/799 2410/1041/809 2409/1040/808
f 2400/1029/799 2391/1030/791 2401/1042/801 2410/1041/809
f 2401/1032/801 2402/1031/800 2412/1043/810 2411/1044/762
f 2402/1031/800 2403/1033/802 2413/1045/811 2412/1043/810
f 2403/1033/802 2404/1034/803 2414/1046/812 2413/1045/811
f 2404/1034/803 2405/1035/804 2415/1047/813 2414/1046/812
f 2405/1035/804 2406/1036/805 2416/1048/752 2415/1047/813
f 2406/1038/805 2407/1037/806 2417/1049/814 2416/1050/752
f 2407/1037/806 2408/1039/807 2418/1051/815 2417/1049/814
f 2408/1039/807 2409/1040/808 2419/1052/816 2418/1051/815
f 2409/1040/808 2410/1041/809 2420/1053/817 2419/1052/816
f 2410/1041/809 2401/1042/801 2411/1054/762 2420/1053/817
f 2411/1055/762 2412/1056/810 2422/1057/818 2421/1058/763
f 2412/1056/810 2413/1059/811 2423/1060/819 2422/1057/818
f 2413/1059/811 2414/1061/812 2424/1062/820 2423/1060/819
f 2414/1061/812 2415/1063/813 2425/1064/821 2424/1062/820
f 2415/1063/813 2416/1065/752 2426/1066/755 2425/1064/821
f 2416/1067/752 2417/1068/814 2427/1069/822 2426/1070/755
f 2417/1068/814 2418/1071/815 2428/1072/823 2427/1069/822
f 2418/1071/815 2419/1073/816 2429/1074/824 2428/1072/823
f 2419/1073/816 2420/1075/817 2430/1076/825 2429/1074/824
f 2420/1075/817 2411/1077/762 2421/1078/763 2430/1076/825
f 2421/1058/763 2422/1057/818 2432/1079/826 2431/1080/777
f 2422/1057/818 2423/1060/819 2433/1081/827 2432/1079/826
f 2423/1060/819 2424/1062/820 2434/1082/828 2433/1081/827
f 2424/1062/820 2425/1064/821 2435/1083/829 2434/1082/828
f 2425/1064/821 2426/1066/755 2436/1084/773 2435/1083/829
f 2426/1070/755 2427/1069/822 2437/1085/830 2436/1086/773
f 2427/1069/822 2428/1072/823 2438/1087/831 2437/1085/830
f 2428/1072/823 2429/1074/824 2439/1088/832 2438/1087/831
f 2429/1074/824 2430/1076/825 2440/1089/833 2439/1088/832
f 2430/1076/825 2421/1078/763 2431/1090/777 2440/1089/833
f 2431/1080/777 2432/1079/826 2442/1091/834 2441/1092/679
f 2432/1079/826 2433/1081/827 2443/1093/835 2442/1091/834
f 2433/1081/827 2434/1082/828 2444/1094/836 2443/1093/835
f 2434/1082/828 2435/1083/829 2445/1095/837 2444/1094/836
f 2435/1083/829 2436/1084/773 2446/1096/675 2445/1095/837
f 2436/1086/773 2437/1085/830 2447/1097/838 2446/1098/675
f 2437/1085/830 2438/1087/831 2448/1099/839 2447/1097/838
f 2438/1087/831 2439/1088/832 2449/1100/840 2448/1099/839
f 2439/1088/832 2440/1089/833 2450/1101/841 2449/1100/840
f 2440/1089/833 2431/1090/777 2441/1102/679 2450/1101/841
f 2441/1092/679 2442/1091/834 2452/1103/842 2451/1104/795
f 2442/1091/834 2443/1093/835 2453/1105/843 2452/1103/842
f 2443/1093/835 2444/1094/836 2454/1106/844 2453/1105/843
f 2444/1094/836 2445/1095/837 2455/1107/845 2454/1106/844
f 2445/1095/837 2446/1096/675 2456/1108/846 2455/1107/845
f 2446/1098/675 2447/1097/838 2457/1109/847 2456/1110/846
f 2447/1097/838 2448/1099/839 2458/1111/848 2457/1109/847
f 2448/1099/839 2449/1100/840 2459/1112/849 2458/1111/848
f 2449/1100/840 2450/1101/841 2460/1113/850 2459/1112/849
f 2450/1101/841 2441/1102/679 2451/1114/795 2460/1113/850
f 2451/1104/795 2452/1103/842 2462/1115/851 2461/1116/805
f 2452/1103/842 2453/1105/843 2463/1117/852 2462/1115/851
f 2453/1105/843 2454/1106/844 2464/1118/853 2463/1117/852
f 2454/1106/844 2455/1107/845 2465/1119/854 2464/1118/853
f 2455/1107/845 2456/1108/846 2466/1120/801 2465/1119/854
f 2456/1110/846 2457/1109/847 2467/1121/855 2466/1122/801
f 2457/1109/847 2458/1111/848 2468/1123/856 2467/1121/855
f 2458/1111/848 2459/1112/849 2469/1124/857 2468/1123/856
f 2459/1112/849 2460/1113/850 2470/1125/858 2469/1124/857
f 2460/1113/850 2451/1114/795 2461/1126/805 2470/1125/858
f 2461/1116/805 2462/1115/851 2352/1127/753 2351/1128/752
f 2462/1115/851 2463/1117/852 2353/1129/756 2352/1127/753
f 2463/1117/852 2464/1118/853 2354/1130/758 2353/1129/756
f 2464/1118/853 2465/1119/854 2355/1131/760 2354/1130/758
f 2465/1119/854 2466/1120/801 2356/1132/762 2355/1131/760
f 2466/1122/801 2467/1121/855 2357/1133/764 2356/1134/762
f 2467/1121/855 2468/1123/856 2358/1135/766 2357/1133/764
f 2468/1123/856 2469/1124/857 2359/1136/768 2358/1135/766
f 2469/1124/857 2470/1125/858 2360/1137/770 2359/1136/768
f 2470/1125/858 2461/1126/805 2351/1138/752 2360/1137/770
f 2471/971/752 2472/972/753 2482/973/754 2481/974/755
f 2472/972/753 2473/975/756 2483/976/757 2482/973/754
f 2473/975/756 2474/977/758 2484/978/759 2483/976/757
f 2474/977/758 2475/979/760 2485/980/859 2484/978/759
f 2475/979/760 2476/981/762 2486/982/763 2485/980/859
f 2476/983/762 2477/984/764 2487/985/765 2486/986/763
f 2477/984/764 2478/987/766 2488/988/767 2487/985/765
f 2478/987/766 2479/989/768 2489/990/769 2488/988/767
f 2479/989/768 2480/991/770 2490/992/771 2489/990/769
f 2480/991/770 2471/993/752 2481/994/755 2490/992/771
f 2481/974/755 2482/973/754 2492/995/772 2491/996/773
f 2482/973/754 2483/976/757 2493/997/774 2492/995/772
f 2483/976/757 2484/978/759 2494/998/775 2493/997/774
f 2484/978/759 2485/980/859 2495/999/776 2494/998/775
f 2485/980/859 2486/982/763 2496/1000/777 2495/999/776
f 2486/986/763 2487/985/765 2497/1001/778 2496/1002/777
f 2487/985/765 2488/988/767 2498/1003/779 2497/1001/778
f 2488/988/767 2489/990/769 2499/1004/780 2498/1003/779
f 2489/990/769 2490/992/771 2500/1005/781 2499/1004/780
f 2490/992/771 2481/994/755 2491/1006/773 2500/1005/781
f 2491/996/773 2492/995/772 2502/1007/782 2501/1008/675
f 2492/995/772 2493/997/774 2503/1009/783 2502/1007/782
f 2493/997/774 2494/998/775 2504/1010/784 2503/1009/783
f 2494/998/775 2495/999/776 2505/1011/785 2504/1010/784
f 2495/999/776 2496/1000/777 2506/1012/679 2505/1011/785
f 2496/1002/777 2497/1001/778 2507/1013/786 2506/1014/679
f 2497/1001/778 2498/1003/779 2508/1015/787 2507/1013/786
f 2498/1003/779 2499/1004/780 2509/1016/788 2508/1015/787
f 2499/1004/780 2500/1005/781 2510/1017/789 2509/1016/788
f 2500/1005/781 2491/1006/773 2501/1018/675 2510/1017/789
f 2501/1008/675 2502/1007/782 2512/1019/790 2511/1020/791
f 2502/1007/782 2503/1009/783 2513/1021/792 2512/1019/790
f 2503/1009/783 2504/1010/784 2514/1022/793 2513/1021/792
f 2504/1010/784 2505/1011/785 2515/1023/794 2514/1022/793
f 2505/1011/785 2506/1012/679 2516/1024/795 2515/1023/794
f 2506/1014/679 2507/1013/786 2517/1025/796 2516/1026/795
f 2507/1013/786 2508/1015/787 2518/1027/797 2517/1025/796
f 2508/1015/787 2509/1016/788 2519/1028/798 2518/1027/797
f 2509/1016/788 2510/1017/789 2520/1029/799 2519/1028/798
f 2510/1017/789 2501/1018/675 2511/1030/791 2520/1029/799
f 2511/1020/791 2512/1019/790 2522/1031/800 2521/1032/801
f 2512/1019/790 2513/1021/792 2523/1033/802 2522/1031/800
f 2513/1021/792 2514/1022/793 2524/1034/803 2523/1033/802
f 2514/1022/793 2515/1023/794 2525/1035/804 2524/1034/803
f 2515/1023/794 2516/1024/795 2526/1036/805 2525/1035/804
f 2516/1026/795 2517/1025/796 2527/1037/806 2526/1038/805
f 2517/1025/796 2518/1027/797 2528/1039/807 2527/1037/806
f 2518/1027/797 2519/1028/798 2529/1040/808 2528/1039/807
f 2519/1028/798 2520/1029/799 2530/1041/809 2529/1040/808
f 2520/1029/799 2511/1030/791 2521/1042/801 2530/1041/809
f 2521/1032/801 2522/1031/800 2532/1043/810 2531/1044/762
f 2522/1031/800 2523/1033/802 2533/1045/811 2532/1043/810
f 2523/1033/802 2524/1034/803 2534/1046/812 2533/1045/811
f 2524/1034/803 2525/1035/804 2535/1047/813 2534/1046/812
f 2525/1035/804 2526/1036/805 2536/1048/752 2535/1047/813
f 2526/1038/805 2527/1037/806 2537/1049/814 2536/1050/752
f 2527/1037/806 2528/1039/807 2538/1051/815 2537/1049/814
f 2528/1039/807 2529/1040/808 2539/1052/816 2538/1051/815
f 2529/1040/808 2530/1041/809 2540/1053/817 2539/1052/816
f 2530/1041/809 2521/1042/801 2531/1054/762 2540/1053/817
f 2531/1055/762 2532/1056/810 2542/1057/818 2541/1058/763
f 2532/1056/810 2533/1059/811 2543/1060/819 2542/1057/818
f 2533/1059/811 2534/1061/812 2544/1062/820 2543/1060/819
f 2534/1061/812 2535/1063/813 2545/1064/821 2544/1062/820
f 2535/1063/813 2536/1065/752 2546/1066/755 2545/1064/821
f 2536/1067/752 2537/1068/814 2547/1069/822 2546/1070/755
f 2537/1068/814 2538/1071/815 2548/1072/823 2547/1069/822
f 2538/1071/815 2539/1073/816 2549/1074/824 2548/1072/823
f 2539/1073/816 2540/1075/817 2550/1076/825 2549/1074/824
f 2540/1075/817 2531/1077/762 2541/1078/763 2550/1076/825
f 2541/1058/763 2542/1057/818 2552/1079/826 2551/1080/777
f 2542/1057/818 2543/1060/819 2553/1081/827 2552/1079/826
f 2543/1060/819 2544/1062/820 2554/1082/828 2553/1081/827
f 2544/1062/820 2545/1064/821 2555/1083/829 2554/1082/828
f 2545/1064/821 2546/1066/755 2556/1084/773 2555/1083/829
f 2546/1070/755 2547/1069/822 2557/1085/830 2556/1086/773
f 2547/1069/822 2548/1072/823 2558/1087/831 2557/1085/830
f 2548/1072/823 2549/1074/824 2559/1088/832 2558/1087/831
f 2549/1074/824 2550/1076/825 2560/1089/833 2559/1088/832
f 2550/1076/825 2541/1078/763 2551/1090/777 2560/1089/833
f 2551/1080/777 2552/1079/826 2562/1091/834 2561/1092/679
f 2552/1079/826 2553/1081/827 2563/1093/835 2562/1091/834
f 2553/1081/827 2554/1082/828 2564/1094/836 2563/1093/835
f 2554/1082/828 2555/1083/829 2565/1095/837 2564/1094/836
f 2555/1083/829 2556/1084/773 2566/1096/675 2565/1095/837
f 2556/1086/773 2557/1085/830 2567/1097/838 2566/1098/675
f 2557/1085/830 2558/1087/831 2568/1099/839 2567/1097/838
f 2558/1087/831 2559/1088/832 2569/1100/840 2568/1099/839
f 2559/1088/832 2560/1089/833 2570/1101/841 2569/1100/840
f 2560/1089/833 2551/1090/777 2561/1102/679 2570/1101/841
f 2561/1092/679 2562/1091/834 2572/1103/842 2571/1104/795
f 2562/1091/834 2563/1093/835 2573/1105/843 2572/1103/842
f 2563/1093/835 2564/1094/836 2574/1106/844 2573/1105/843
f 2564/1094/836 2565/1095/837 2575/1107/845 2574/1106/844
f 2565/1095/837 2566/1096/675 2576/1108/846 2575/1107/845
f 2566/1098/675 2567/1097/838 2577/1109/847 2576/1110/846
f 2567/1097/838 2568/1099/839 2578/1111/848 2577/1109/847
f 2568/1099/839 2569/1100/840 2579/1112/849 2578/1111/848
f 2569/1100/840 2570/1101/841 2580/1113/850 2579/1112/849
f 2570/1101/841 2561/1102/679 2571/1114/795 2580/1113/850
f 2571/1104/795 2572/1103/842 2582/1115/851 2581/1116/805
f 2572/1103/842 2573/1105/843 2583/1117/852 2582/1115/851
f 2573/1105/843 2574/1106/844 2584/1118/853 2583/1117/852
f 2574/1106/844 2575/1107/845 2585/1119/854 2584/1118/853
f 2575/1107/845 2576/1108/846 2586/1120/801 2585/1119/854
f 2576/1110/846 2577/1109/847 2587/1121/855 2586/1122/801
f 2577/1109/847 2578/1111/848 2588/1123/856 2587/1121/855
f 2578/1111/848 2579/1112/849 2589/1124/857 2588/1123/856
f 2579/1112/849 2580/1113/850 2590/1125/858 2589/1124/857
f 2580/1113/850 2571/1114/795 2581/1126/805 2590/1125/858
f 2581/1116/805 2582/1115/851 2472/1127/753 2471/1128/752
f 2582/1115/851 2583/1117/852 2473/1129/756 2472/1127/753
f 2583/1117/852 2584/1118/853 2474/1130/758 2473/1129/756
f 2584/1118/853 2585/1119/854 2475/1131/760 2474/1130/758
f 2585/1119/854 2586/1120/801 2476/1132/762 2475/1131/760
f 2586/1122/801 2587/1121/855 2477/1133/764 2476/1134/762
f 2587/1121/855 2588/1123/856 2478/1135/766 2477/1133/764
f 2588/1123/856 2589/1124/857 2479/1136/768 2478/1135/766
f 2589/1124/857 2590/1125/858 2480/1137/770 2479/1136/768
f 2590/1125/858 2581/1126/805 2471/1138/752 2480/1137/770
f 2591/971/752 2592/972/753 2602/973/754 2601/974/755
f 2592/972/753 2593/975/756 2603/976/757 2602/973/754
f 2593/975/756 2594/977/758 2604/978/759 2603/976/757
f 2594/977/758 2595/979/760 2605/980/859 2604/978/759
f 2595/979/760 2596/981/762 2606/982/763 2605/980/859
f 2596/983/762 2597/984/764 2607/985/765 2606/986/763
f 2597/984/764 2598/987/766 2608/988/767 2607/985/765
f 2598/987/766 2599/989/768 2609/990/769 2608/988/767
f 2599/989/768 2600/991/770 2610/992/771 2609/990/769
f 2600/991/770 2591/993/752 2601/994/755 2610/992/771
f 2601/974/755 2602/973/754 2612/995/772 2611/996/773
f 2602/973/754 2603/976/757 2613/997/774 2612/995/772
f 2603/976/757 2604/978/759 2614/998/775 2613/997/774
f 2604/978/759 2605/980/859 2615/999/776 2614/998/775
f 2605/980/859 2606/982/763 2616/1000/777 2615/999/776
f 2606/986/763 2607/985/765 2617/1001/778 2616/1002/777
f 2607/985/765 2608/988/767 2618/1003/779 2617/1001/778
f 2608/988/767 2609/990/769 2619/1004/780 2618/1003/779
f 2609/990/769 2610/992/771 2620/1005/781 2619/1004/780
f 2610/992/771 2601/994/755 2611/1006/773 2620/1005/781
f 2611/996/773 2612/995/772 2622/1007/782 2621/1008/675
f 2612/995/772 2613/997/774 2623/1009/783 2622/1007/782
f 2613/997/774 2614/998/775 2624/1010/784 2623/1009/783
f 2614/998/775 2615/999/776 2625/1011/785 2624/1010/784
f 2615/999/776 2616/1000/777 2626/1012/679 2625/1011/785
f 2616/1002/777 2617/1001/778 2627/1013/786 2626/1014/679
f 2617/1001/778 2618/1003/779 2628/1015/787 2627/1013/786
f 2618/1003/779 2619/1004/780 2629/1016/788 2628/1015/787
f 2619/1004/780 2620/1005/781 2630/1017/789 2629/1016/788
f 2620/1005/781 2611/1006/773 2621/1018/675 2630/1017/789
f 2621/1008/675 2622/1007/782 2632/1019/790 2631/1020/791
f 2622/1007/782 2623/1009/783 2633/1021/792 2632/1019/790
f 2623/1009/783 2624/1010/784 2634/1022/793 2633/1021/792
f 2624/1010/784 2625/1011/785 2635/1023/794 2634/1022/793
f 2625/1011/785 2626/1012/679 2636/1024/795 2635/1023/794
f 2626/1014/679 2627/1013/786 2637/1025/796 2636/1026/795
f 2627/1013/786 2628/1015/787 2638/1027/797 2637/1025/796
f 2628/1015/787 2629/1016/788 2639/1028/798 2638/1027/797
f 2629/1016/788 2630/1017/789 2640/1029/799 2639/1028/798
f 2630/1017/789 2621/1018/675 2631/1030/791 2640/1029/799
f 2631/1020/791 2632/1019/790 2642/1031/800 2641/1032/801
f 2632/1019/790 2633/1021/792 2643/1033/802 2642/1031/800
f 2633/1021/792 2634/1022/793 2644/1034/803 2643/1033/802
f 2634/1022/793 2635/1023/794 2645/1035/804 2644/1034/803
f 2635/1023/794 2636/1024/795 2646/1036/805 2645/1035/804
f 2636/1026/795 2637/1025/796 2647/1037/806 2646/1038/805
f 2637/1025/796 2638/1027/797 2648/1039/807 2647/1037/806
f 2638/1027/797 2639/1028/798 2649/1040/808 2648/1039/807
f 2639/1028/798 2640/1029/799 2650/1041/809 2649/1040/808
f 2640/1029/799 2631/1030/791 2641/1042/801 2650/1041/809
f 2641/1032/801 2642/1031/800 2652/1043/810 2651/1044/762
f 2642/1031/800 2643/1033/802 2653/1045/811 2652/1043/810
f 2643/1033/802 2644/1034/803 2654/1046/812 2653/1045/811
f 2644/1034/803 2645/1035/804 2655/1047/813 2654/1046/812
f 2645/1035/804 2646/1036/805 2656/1048/752 2655/1047/813
f 2646/1038/805 2647/1037/806 2657/1049/814 2656/1050/752
f 2647/1037/806 2648/1039/807 2658/1051/815 2657/1049/814
f 2648/1039/807 2649/1040/808 2659/1052/816 2658/1051/815
f 2649/1040/808 2650/1041/809 2660/1053/817 2659/1052/816
f 2650/1041/809 2641/1042/801 2651/1054/762 2660/1053/817
f 2651/1055/762 2652/1056/810 2662/1057/818 2661/1058/763
f 2652/1056/810 2653/1059/811 2663/1060/819 2662/1057/818
f 2653/1059/811 2654/1061/812 2664/1062/820 2663/1060/819
f 2654/1061/812 2655/1063/813 2665/1064/821 2664/1062/820
f 2655/1063/813 2656/1065/752 2666/1066/755 2665/1064/821
f 2656/1067/752 2657/1068/814 2667/1069/822 2666/1070/755
f 2657/1068/814 2658/1071/815 2668/1072/823 2667/1069/822
f 2658/1071/815 2659/1073/816 2669/1074/824 2668/1072/823
f 2659/1073/816 2660/1075/817 2670/1076/825 2669/1074/824
f 2660/1075/817 2651/1077/762 2661/1078/763 2670/1076/825
f 2661/1058/763 2662/1057/818 2672/1079/826 2671/1080/777
f 2662/1057/818 2663/1060/819 2673/1081/827 2672/1079/826
f 2663/1060/819 2664/1062/820 2674/1082/828 2673/1081/827
f 2664/1062/820 2665/1064/821 2675/1083/829 2674/1082/828
f 2665/1064/821 2666/1066/755 2676/1084/773 2675/1083/829
f 2666/1070/755 2667/1069/822 2677/1085/830 2676/1086/773
f 2667/1069/822 2668/1072/823 2678/1087/831 2677/1085/830
f 2668/1072/823 2669/1074/824 2679/1088/832 2678/1087/831
f 2669/1074/824 2670/1076/825 2680/1089/833 2679/1088/832
f 2670/1076/825 2661/1078/763 2671/1090/777 2680/1089/833
f 2671/1080/777 2672/1079/826 2682/1091/834 2681/1092/679
f 2672/1079/826 2673/1081/827 2683/1093/835 2682/1091/834
f 2673/1081/827 2674/1082/828 2684/1094/836 2683/1093/835
f 2674/1082/828 2675/1083/829 2685/1095/837 2684/1094/836
f 2675/1083/829 2676/1084/773 2686/1096/675 2685/1095/837
f 2676/1086/773 2677/1085/830 2687/1097/838 2686/1098/675
f 2677/1085/830 2678/1087/831 2688/1099/839 2687/1097/838
f 2678/1087/831 2679/1088/832 2689/1100/840 2688/1099/839
f 2679/1088/832 2680/1089/833 2690/1101/841 2689/1100/840
f 2680/1089/833 2671/1090/777 2681/1102/679 2690/1101/841
f 2681/1092/679 2682/1091/834 2692/1103/842 2691/1104/795
f 2682/1091/834 2683/1093/835 2693/1105/843 2692/1103/842
f 2683/1093/835 2684/1094/836 2694/1106/844 2693/1105/843
f 2684/1094/836 2685/1095/837 2695/1107/845 2694/1106/844
f 2685/1095/837 2686/1096/675 2696/1108/846 2695/1107/845
f 2686/1098/675 2687/1097/838 2697/1109/847 2696/1110/846
f 2687/1097/838 2688/1099/839 2698/1111/848 2697/1109/847
f 2688/1099/839 2689/1100/840 2699/1112/849 2698/1111/848
f 2689/1100/840 2690/1101/841 2700/1113/850 2699/1112/849
f 2690/1101/841 2681/1102/679 2691/1114/795 2700/1113/850
f 2691/1104/795 2692/1103/842 2702/1115/851 2701/1116/805
f 2692/1103/842 2693/1105/843 2703/1117/852 2702/1115/851
f 2693/1105/843 2694/1106/844 2704/1118/853 2703/1117/852
f 2694/1106/844 2695/1107/845 2705/1119/854 2704/1118/853
f 2695/1107/845 2696/1108/846 2706/1120/801 2705/1119/854
f 2696/1110/846 2697/1109/847 2707/1121/855 2706/1122/801
f 2697/1109/847 2698/1111/848 2708/1123/856 2707/1121/855
f 2698/1111/848 2699/1112/849 2709/1124/857 2708/1123/856
f 2699/1112/849 2700/1113/850 2710/1125/858 2709/1124/857
f 2700/1113/850 2691/1114/795 2701/1126/805 2710/1125/858
f 2701/1116/805 2702/1115/851 2592/1127/753 2591/1128/752
f 2702/1115/851 2703/1117/852 2593/1129/756 2592/1127/753
f 2703/1117/852 2704/1118/853 2594/1130/758 2593/1129/756
f 2704/1118/853 2705/1119/854 2595/1131/760 2594/1130/758
f 2705/1119/854 2706/1120/801 2596/1132/762 2595/1131/760
f 2706/1122/801 2707/1121/855 2597/1133/764 2596/1134/762
f 2707/1121/855 2708/1123/856 2598/1135/766 2597/1133/764
f 2708/1123/856 2709/1124/857 2599/1136/768 2598/1135/766
f 2709/1124/857 2710/1125/858 2600/1137/770 2599/1136/768
f 2710/1125/858 2701/1126/805 2591/1138/752 2600/1137/770
f 2711/971/644 2712/972/645 2722/973/646 2721/974/647
f 2712/972/645 2713/975/648 2723/976/649 2722/973/646
f 2713/975/648 2714/977/650 2724/978/651 2723/976/649
f 2714/977/650 2715/979/652 2725/980/653 2724/978/651
f 2715/979/652 2716/981/654 2726/982/655 2725/980/653
f 2716/983/654 2717/984/656 2727/985/657 2726/986/655
f 2717/984/656 2718/987/658 2728/988/659 2727/985/657
f 2718/987/658 2719/989/660 2729/990/661 2728/988/659
f 2719/989/660 2720/991/662 2730/992/663 2729/990/661
f 2720/991/662 2711/993/644 2721/994/647 2730/992/663
f 2721/974/647 2722/973/646 2732/995/664 2731/996/665
f 2722/973/646 2723/976/649 2733/997/666 2732/995/664
f 2723/976/649 2724/978/651 2734/998/667 2733/997/666
f 2724/978/651 2725/980/653 2735/999/668 2734/998/667
f 2725/980/653 2726/982/655 2736/1000/669 2735/999/668
f 2726/986/655 2727/985/657 2737/1001/670 2736/1002/669
f 2727/985/657 2728/988/659 2738/1003/671 2737/1001/670
f 2728/988/659 2729/990/661 2739/1004/672 2738/1003/671
f 2729/990/661 2730/992/663 2740/1005/673 2739/1004/672
f 2730/992/663 2721/994/647 2731/1006/665 2740/1005/673
f 2731/996/665 2732/995/664 2742/1007/674 2741/1008/675
f 2732/995/664 2733/997/666 2743/1009/676 2742/1007/674
f 2733/997/666 2734/998/667 2744/1010/677 2743/1009/676
f 2734/998/667 2735/999/668 2745/1011/678 2744/1010/677
f 2735/999/668 2736/1000/669 2746/1012/679 2745/1011/678
f 2736/1002/669 2737/1001/670 2747/1013/680 2746/1014/679
f 2737/1001/670 2738/1003/671 2748/1015/681 2747/1013/680
f 2738/1003/671 2739/1004/672 2749/1016/682 2748/1015/681
f 2739/1004/672 2740/1005/673 2750/1017/683 2749/1016/682
f 2740/1005/673 2731/1006/665 2741/1018/675 2750/1017/683
f 2741/1008/675 2742/1007/674 2752/1019/684 2751/1020/685
f 2742/1007/674 2743/1009/676 2753/1021/686 2752/1019/684
f 2743/1009/676 2744/1010/677 2754/1022/687 2753/1021/686
f 2744/1010/677 2745/1011/678 2755/1023/688 2754/1022/687
f 2745/1011/678 2746/1012/679 2756/1024/689 2755/1023/688
f 2746/1014/679 2747/1013/680 2757/1025/690 2756/1026/689
f 2747/1013/680 2748/1015/681 2758/1027/691 2757/1025/690
f 2748/1015/681 2749/1016/682 2759/1028/692 2758/1027/691
f 2749/1016/682 2750/1017/683 2760/1029/693 2759/1028/692
f 2750/1017/683 2741/1018/675 2751/1030/685 2760/1029/693
f 2751/1020/685 2752/1019/684 2762/1031/694 2761/1032/695
f 2752/1019/684 2753/1021/686 2763/1033/696 2762/1031/694
f 2753/1021/686 2754/1022/687 2764/1034/697 2763/1033/696
f 2754/1022/687 2755/1023/688 2765/1035/698 2764/1034/697
f 2755/1023/688 2756/1024/689 2766/1036/699 2765/1035/698
f 2756/1026/689 2757/1025/690 2767/1037/700 2766/1038/699
f 2757/1025/690 2758/1027/691 2768/1039/701 2767/1037/700
f 2758/1027/691 2759/1028/692 2769/1040/702 2768/1039/701
f 2759/1028/692 2760/1029/693 2770/1041/703 2769/1040/702
f 2760/1029/693 2751/1030/685 2761/1042/695 2770/1041/703
f 2761/1032/695 2762/1031/694 2772/1043/704 2771/1044/654
f 2762/1031/694 2763/1033/696 2773/1045/705 2772/1043/704
f 2763/1033/696 2764/1034/697 2774/1046/706 2773/1045/705
f 2764/1034/697 2765/1035/698 2775/1047/707 2774/1046/706
f 2765/1035/698 2766/1036/699 2776/1048/644 2775/1047/707
f 2766/1038/699 2767/1037/700 2777/1049/708 2776/1050/644
f 2767/1037/700 2768/1039/701 2778/1051/709 2777/1049/708
f 2768/1039/701 2769/1040/702 2779/1052/710 2778/1051/709
f 2769/1040/702 2770/1041/703 2780/1053/711 2779/1052/710
f 2770/1041/703 2761/1042/695 2771/1054/654 2780/1053/711
f 2771/1055/654 2772/1056/704 2782/1057/712 2781/1058/655
f 2772/1056/704 2773/1059/705 2783/1060/713 2782/1057/712
f 2773/1059/705 2774/1061/706 2784/1062/714 2783/1060/713
f 2774/1061/706 2775/1063/707 2785/1064/715 2784/1062/714
f 2775/1063/707 2776/1065/644 2786/1066/647 2785/1064/715
f 2776/1067/644 2777/1068/708 2787/1069/716 2786/1070/647
f 2777/1068/708 2778/1071/709 2788/1072/717 2787/1069/716
f 2778/1071/709 2779/1073/710 2789/1074/718 2788/1072/717
f 2779/1073/710 2780/1075/711 2790/1076/719 2789/1074/718
f 2780/1075/711 2771/1077/654 2781/1078/655 2790/1076/719
f 2781/1058/655 2782/1057/712 2792/1079/720 2791/1080/669
f 2782/1057/712 2783/1060/713 2793/1081/721 2792/1079/720
f 2783/1060/713 2784/1062/714 2794/1082/722 2793/1081/721
f 2784/1062/714 2785/1064/715 2795/1083/723 2794/1082/722
f 2785/1064/715 2786/1066/647 2796/1084/665 2795/1083/723
f 2786/1070/647 2787/1069/716 2797/1085/724 2796/1086/665
f 2787/1069/716 2788/1072/717 2798/1087/725 2797/1085/724
f 2788/1072/717 2789/1074/718 2799/1088/726 2798/1087/725
f 2789/1074/718 2790/1076/719 2800/1089/727 2799/1088/726
f 2790/1076/719 2781/1078/655 2791/1090/669 2800/1089/727
f 2791/1080/669 2792/1079/720 2802/1091/728 2801/1092/679
f 2792/1079/720 2793/1081/721 2803/1093/729 2802/1091/728
f 2793/1081/721 2794/1082/722 2804/1094/730 2803/1093/729
f 2794/1082/722 2795/1083/723 2805/1095/731 2804/1094/730
f 2795/1083/723 2796/1084/665 2806/1096/675 2805/1095/731
f 2796/1086/665 2797/1085/724 2807/1097/732 2806/1098/675
f 2797/1085/724 2798/1087/725 2808/1099/733 2807/1097/732
f 2798/1087/725 2799/1088/726 2809/1100/734 2808/1099/733
f 2799/1088/726 2800/1089/727 2810/1101/735 2809/1100/734
f 2800/1089/727 2791/1090/669 2801/1102/679 2810/1101/735
f 2801/1092/679 2802/1091/728 2812/1103/736 2811/1104/689
f 2802/1091/728 2803/1093/729 2813/1105/737 2812/1103/736
f 2803/1093/729 2804/1094/730 2814/1106/738 2813/1105/737
f 2804/1094/730 2805/1095/731 2815/1107/739 2814/1106/738
f 2805/1095/731 2806/1096/675 2816/1108/685 2815/1107/739
f 2806/1098/675 2807/1097/732 2817/1109/740 2816/1110/685
f 2807/1097/732 2808/1099/733 2818/1111/741 2817/1109/740
f 2808/1099/733 2809/1100/734 2819/1112/742 2818/1111/741
f 2809/1100/734 2810/1101/735 2820/1113/743 2819/1112/742
f 2810/1101/735 2801/1102/679 2811/1114/689 2820/1113/743
f 2811/1104/689 2812/1103/736 2822/1115/744 2821/1116/699
f 2812/1103/736 2813/1105/737 2823/1117/745 2822/1115/744
f 2813/1105/737 2814/1106/738 2824/1118/746 2823/1117/745
f 2814/1106/738 2815/1107/739 2825/1119/747 2824/1118/746
f 2815/1107/739 2816/1108/685 2826/1120/695 2825/1119/747
f 2816/1110/685 2817/1109/740 2827/1121/748 2826/1122/695
f 2817/1109/740 2818/1111/741 2828/1123/749 2827/1121/748
f 2818/1111/741 2819/1112/742 2829/1124/750 2828/1123/749
f 2819/1112/742 2820/1113/743 2830/1125/751 2829/1124/750
f 2820/1113/743 2811/1114/689 2821/1126/699 2830/1125/751
f 2821/1116/699 2822/1115/744 2712/1127/645 2711/1128/644
f 2822/1115/744 2823/1117/745 2713/1129/648 2712/1127/645
f 2823/1117/745 2824/1118/746 2714/1130/650 2713/1129/648
f 2824/1118/746 2825/1119/747 2715/1131/652 2714/1130/650
f 2825/1119/747 2826/1120/695 2716/1132/654 2715/1131/652
f 2826/1122/695 2827/1121/748 2717/1133/656 2716/1134/654
f 2827/1121/748 2828/1123/749 2718/1135/658 2717/1133/656
f 2828/1123/749 2829/1124/750 2719/1136/660 2718/1135/658
f 2829/1124/750 2830/1125/751 2720/1137/662 2719/1136/660
f 2830/1125/751 2821/1126/699 2711/1138/644 2720/1137/662
f 2831/971/752 2832/972/753 2842/973/754 2841/974/755
f 2832/972/753 2833/975/756 2843/976/757 2842/973/754
f 2833/975/756 2834/977/758 2844/978/759 2843/976/757
f 2834/977/758 2835/979/760 2845/980/761 2844/978/759
f 2835/979/760 2836/981/762 2846/982/763 2845/980/761
f 2836/983/762 2837/984/764 2847/985/765 2846/986/763
f 2837/984/764 2838/987/766 2848/988/767 2847/985/765
f 2838/987/766 2839/989/768 2849/990/769 2848/988/767
f 2839/989/768 2840/991/770 2850/992/771 2849/990/769
f 2840/991/770 2831/993/752 2841/994/755 2850/992/771
f 2841/974/755 2842/973/754 2852/995/772 2851/996/773
f 2842/973/754 2843/976/757 2853/997/774 2852/995/772
f 2843/976/757 2844/978/759 2854/998/775 2853/997/774
f 2844/978/759 2845/980/761 2855/999/776 2854/998/775
f 2845/980/761 2846/982/763 2856/1000/777 2855/999/776
f 2846/986/763 2847/985/765 2857/1001/778 2856/1002/777
f 2847/985/765 2848/988/767 2858/1003/779 2857/1001/778
f 2848/988/767 2849/990/769 2859/1004/780 2858/1003/779
f 2849/990/769 2850/992/771 2860/1005/781 2859/1004/780
f 2850/992/771 2841/994/755 2851/1006/773 2860/1005/781
f 2851/996/773 2852/995/772 2862/1007/782 2861/1008/675
f 2852/995/772 2853/997/774 2863/1009/783 2862/1007/782
f 2853/997/774 2854/998/775 2864/1010/784 2863/1009/783
f 2854/998/775 2855/999/776 2865/1011/785 2864/1010/784
f 2855/999/776 2856/1000/777 2866/1012/679 2865/1011/785
f 2856/1002/777 2857/1001/778 2867/1013/786 2866/1014/679
f 2857/1001/778 2858/1003/779 2868/1015/787 2867/1013/786
f 2858/1003/779 2859/1004/780 2869/1016/788 2868/1015/787
f 2859/1004/780 2860/1005/781 2870/1017/789 2869/1016/788
f 2860/1005/781 2851/1006/773 2861/1018/675 2870/1017/789
f 2861/1008/675 2862/1007/782 2872/1019/790 2871/1020/791
f 2862/1007/782 2863/1009/783 2873/1021/792 2872/1019/790
f 2863/1009/783 2864/1010/784 2874/1022/793 2873/1021/792
f 2864/1010/784 2865/1011/785 2875/1023/794 2874/1022/793
f 2865/1011/785 2866/1012/679 2876/1024/795 2875/1023/794
f 2866/1014/679 2867/1013/786 2877/1025/796 2876/1026/795
f 2867/1013/786 2868/1015/787 2878/1027/797 2877/1025/796
f 2868/1015/787 2869/1016/788 2879/1028/798 2878/1027/797
f 2869/1016/788 2870/1017/789 2880/1029/799 2879/1028/798
f 2870/1017/789 2861/1018/675 2871/1030/791 2880/1029/799
f 2871/1020/791 2872/1019/790 2882/1031/800 2881/1032/801
f 2872/1019/790 2873/1021/792 2883/1033/802 2882/1031/800
f 2873/1021/792 2874/1022/793 2884/1034/803 2883/1033/802
f 2874/1022/793 2875/1023/794 2885/1035/804 2884/1034/803
f 2875/1023/794 2876/1024/795 2886/1036/805 2885/1035/804
f 2876/1026/795 2877/1025/796 2887/1037/806 2886/1038/805
f 2877/1025/796 2878/1027/797 2888/1039/807 2887/1037/806
f 2878/1027/797 2879/1028/798 2889/1040/808 2888/1039/807
f 2879/1028/798 2880/1029/799 2890/1041/809 2889/1040/808
f 2880/1029/799 2871/1030/791 2881/1042/801 2890/1041/809
f 2881/1032/801 2882/1031/800 2892/1043/810 2891/1044/762
f 2882/1031/800 2883/1033/802 2893/1045/811 2892/1043/810
f 2883/1033/802 2884/1034/803 2894/1046/812 2893/1045/811
f 2884/1034/803 2885/1035/804 2895/1047/813 2894/1046/812
f 2885/1035/804 2886/1036/805 2896/1048/752 2895/1047/813
f 2886/1038/805 2887/1037/806 2897/1049/814 2896/1050/752
f 2887/1037/806 2888/1039/807 2898/1051/815 2897/1049/814
f 2888/1039/807 2889/1040/808 2899/1052/816 2898/1051/815
f 2889/1040/808 2890/1041/809 2900/1053/817 2899/1052/816
f 2890/1041/809 2881/1042/801 2891/1054/762 2900/1053/817
f 2891/1055/762 2892/1056/810 2902/1057/818 2901/1058/763
f 2892/1056/810 2893/1059/811 2903/1060/819 2902/1057/818
f 2893/1059/811 2894/1061/812 2904/1062/820 2903/1060/819
f 2894/1061/812 2895/1063/813 2905/1064/821 2904/1062/820
f 2895/1063/813 2896/1065/752 2906/1066/755 2905/1064/821
f 2896/1067/752 2897/1068/814 2907/1069/822 2906/1070/755
f 2897/1068/814 2898/1071/815 2908/1072/823 2907/1069/822
f 2898/1071/815 2899/1073/816 2909/1074/824 2908/1072/823
f 2899/1073/816 2900/1075/817 2910/1076/825 2909/1074/824
f 2900/1075/817 2891/1077/762 2901/1078/763 2910/1076/825
f 2901/1058/763 2902/1057/818 2912/1079/826 2911/1080/777
f 2902/1057/818 2903/1060/819 2913/1081/827 2912/1079/826
f 2903/1060/819 2904/1062/820 2914/1082/828 2913/1081/827
f 2904/1062/820 2905/1064/821 2915/1083/829 2914/1082/828
f 2905/1064/821 2906/1066/755 2916/1084/773 2915/1083/829
f 2906/1070/755 2907/1069/822 2917/1085/830 2916/1086/773
f 2907/1069/822 2908/1072/823 2918/1087/831 2917/1085/830
f 2908/1072/823 2909/1074/824 2919/1088/832 2918/1087/831
f 2909/1074/824 2910/1076/825 2920/1089/833 2919/1088/832
f 2910/1076/825 2901/1078/763 2911/1090/777 2920/1089/833
f 2911/1080/777 2912/1079/826 2922/1091/834 2921/1092/679
f 2912/1079/826 2913/1081/827 2923/1093/835 2922/1091/834
f 2913/1081/827 2914/1082/828 2924/1094/836 2923/1093/835
f 2914/1082/828 2915/1083/829 2925/1095/837 2924/1094/836
f 2915/1083/829 2916/1084/773 2926/1096/675 2925/1095/837
f 2916/1086/773 2917/1085/830 2927/1097/838 2926/1098/675
f 2917/1085/830 2918/1087/831 2928/1099/839 2927/1097/838
f 2918/1087/831 2919/1088/832 2929/1100/840 2928/1099/839
f 2919/1088/832 2920/1089/833 2930/1101/841 2929/1100/840
f 2920/1089/833 2911/1090/777 2921/1102/679 2930/1101/841
f 2921/1092/679 2922/1091/834 2932/1103/842 2931/1104/795
f 2922/1091/834 2923/1093/835 2933/1105/843 2932/1103/842
f 2923/1093/835 2924/1094/836 2934/1106/844 2933/1105/843
f 2924/1094/836 2925/1095/837 2935/1107/845 2934/1106/844
f 2925/1095/837 2926/1096/675 2936/1108/846 2935/1107/845
f 2926/1098/675 2927/1097/838 2937/1109/847 2936/1110/846
f 2927/1097/838 2928/1099/839 2938/1111/848 2937/1109/847
f 2928/1099/839 2929/1100/840 2939/1112/849 2938/1111/848
f 2929/1100/840 2930/1101/841 2940/1113/850 2939/1112/849
f 2930/1101/841 2921/1102/679 2931/1114/795 2940/1113/850
f 2931/1104/795 2932/1103/842 2942/1115/851 2941/1116/805
f 2932/1103/842 2933/1105/843 2943/1117/852 2942/1115/851
f 2933/1105/843 2934/1106/844 2944/1118/853 2943/1117/852
f 2934/1106/844 2935/1107/845 2945/1119/854 2944/1118/853
f 2935/1107/845 2936/1108/846 2946/1120/801 2945/1119/854
f 2936/1110/846 2937/1109/847 2947/1121/855 2946/1122/801
f 2937/1109/847 2938/1111/848 2948/1123/856 2947/1121/855
f 2938/1111/848 2939/1112/849 2949/1124/857 2948/1123/856
f 2939/1112/849 2940/1113/850 2950/1125/858 2949/1124/857
f 2940/1113/850 2931/1114/795 2941/1126/805 2950/1125/858
f 2941/1116/805 2942/1115/851 2832/1127/753 2831/1128/752
f 2942/1115/851 2943/1117/852 2833/1129/756 2832/1127/753
f 2943/1117/852 2944/1118/853 2834/1130/758 2833/1129/756
f 2944/1118/853 2945/1119/854 2835/1131/760 2834/1130/758
f 2945/1119/854 2946/1120/801 2836/1132/762 2835/1131/760
f 2946/1122/801 2947/1121/855 2837/1133/764 2836/1134/762
f 2947/1121/855 2948/1123/856 2838/1135/766 2837/1133/764
f 2948/1123/856 2949/1124/857 2839/1136/768 2838/1135/766
f 2949/1124/857 2950/1125/858 2840/1137/770 2839/1136/768
f 2950/1125/858 2941/1126/805 2831/1138/752 2840/1137/770
f 2951/971/752 2952/972/753 2962/973/754 2961/974/755
f 2952/972/753 2953/975/756 2963/976/757 2962/973/754
f 2953/975/756 2954/977/758 2964/978/759 2963/976/757
f 2954/977/758 2955/979/760 2965/980/761 2964/978/759
f 2955/979/760 2956/981/762 2966/982/763 2965/980/761
f 2956/983/762 2957/984/764 2967/985/765 2966/986/763
f 2957/984/764 2958/987/766 2968/988/767 2967/985/765
f 2958/987/766 2959/989/768 2969/990/769 2968/988/767
f 2959/989/768 2960/991/770 2970/992/771 2969/990/769
f 2960/991/770 2951/993/752 2961/994/755 2970/992/771
f 2961/974/755 2962/973/754 2972/995/772 2971/996/773
f 2962/973/754 2963/976/757 2973/997/774 2972/995/772
f 2963/976/757 2964/978/759 2974/998/775 2973/997/774
f 2964/978/759 2965/980/761 2975/999/776 2974/998/775
f 2965/980/761 2966/982/763 2976/1000/777 2975/999/776
f 2966/986/763 2967/985/765 2977/1001/778 2976/1002/777
f 2967/985/765 2968/988/767 2978/1003/779 2977/1001/778
f 2968/988/767 2969/990/769 2979/1004/780 2978/1003/779
f 2969/990/769 2970/992/771 2980/1005/781 2979/1004/780
f 2970/992/771 2961/994/755 2971/1006/773 2980/1005/781
f 2971/996/773 2972/995/772 2982/1007/782 2981/1008/675
f 2972/995/772 2973/997/774 2983/1009/783 2982/1007/782
f 2973/997/774 2974/998/775 2984/1010/784 2983/1009/783
f 2974/998/775 2975/999/776 2985/1011/785 2984/1010/784
f 2975/999/776 2976/1000/777 2986/1012/679 2985/1011/785
f 2976/1002/777 2977/1001/778 2987/1013/786 2986/1014/679
f 2977/1001/778 2978/1003/779 2988/1015/787 2987/1013/786
f 2978/1003/779 2979/1004/780 2989/1016/788 2988/1015/787
f 2979/1004/780 2980/1005/781 2990/1017/789 2989/1016/788
f 2980/1005/781 2971/1006/773 2981/1018/675 2990/1017/789
f 2981/1008/675 2982/1007/782 2992/1019/790 2991/1020/791
f 2982/1007/782 2983/1009/783 2993/1021/792 2992/1019/790
f 2983/1009/783 2984/1010/784 2994/1022/793 2993/1021/792
f 2984/1010/784 2985/1011/785 2995/1023/794 2994/1022/793
f 2985/1011/785 2986/1012/679 2996/1024/795 2995/1023/794
f 2986/1014/679 2987/1013/786 2997/1025/796 2996/1026/795
f 2987/1013/786 2988/1015/787 2998/1027/797 2997/1025/796
f 2988/1015/787 2989/1016/788 2999/1028/798 2998/1027/797
f 2989/1016/788 2990/1017/789 3000/1029/799 2999/1028/798
f 2990/1017/789 2981/1018/675 2991/1030/791 3000/1029/799
f 2991/1020/791 2992/1019/790 3002/1031/800 3001/1032/801
f 2992/1019/790 2993/1021/792 3003/1033/802 3002/1031/800
f 2993/1021/792 2994/1022/793 3004/1034/803 3003/1033/802
f 2994/1022/793 2995/1023/794 3005/1035/804 3004/1034/803
f 2995/1023/794 2996/1024/795 3006/1036/805 3005/1035/804
f 2996/1026/795 2997/1025/796 3007/1037/806 3006/1038/805
f 2997/1025/796 2998/1027/797 3008/1039/807 3007/1037/806
f 2998/1027/797 2999/1028/798 3009/1040/808 3008/1039/807
f 2999/1028/798 3000/1029/799 3010/1041/809 3009/1040/808
f 3000/1029/799 2991/1030/791 3001/1042/801 3010/1041/809
f 3001/1032/801 3002/1031/800 3012/1043/810 3011/1044/762
f 3002/1031/800 3003/1033/802 3013/1045/811 3012/1043/810
f 3003/1033/802 3004/1034/803 3014/1046/812 3013/1045/811
f 3004/1034/803 3005/1035/804 3015/1047/813 3014/1046/812
f 3005/1035/804 3006/1036/805 3016/1048/752 3015/1047/813
f 3006/1038/805 3007/1037/806 3017/1049/814 3016/1050/752
f 3007/1037/806 3008/1039/807 3018/1051/815 3017/1049/814
f 3008/1039/807 3009/1040/808 3019/1052/816 3018/1051/815
f 3009/1040/808 3010/1041/809 3020/1053/817 3019/1052/816
f 3010/1041/809 3001/1042/801 3011/1054/762 3020/1053/817
f 3011/1055/762 3012/1056/810 3022/1057/818 3021/1058/763
f 3012/1056/810 3013/1059/811 3023/1060/819 3022/1057/818
f 3013/1059/811 3014/1061/812 3024/1062/820 3023/1060/819
f 3014/1061/812 3015/1063/813 3025/1064/821 3024/1062/820
f 3015/1063/813 3016/1065/752 3026/1066/755 3025/1064/821
f 3016/1067/752 3017/1068/814 3027/1069/822 3026/1070/755
f 3017/1068/814 3018/1071/815 3028/1072/823 3027/1069/822
f 3018/1071/815 3019/1073/816 3029/1074/824 3028/1072/823
f 3019/1073/816 3020/1075/817 3030/1076/825 3029/1074/824
f 3020/1075/817 3011/1077/762 3021/1078/763 3030/1076/825
f 3021/1058/763 3022/1057/818 3032/1079/826 3031/1080/777
f 3022/1057/818 3023/1060/819 3033/1081/827 3032/1079/826
f 3023/1060/819 3024/1062/820 3034/1082/828 3033/1081/827
f 3024/1062/820 3025/1064/821 3035/1083/829 3034/1082/828
f 3025/1064/821 3026/1066/755 3036/1084/773 3035/1083/829
f 3026/1070/755 3027/1069/822 3037/1085/830 3036/1086/773
f 3027/1069/822 3028/1072/823 3038/1087/831 3037/1085/830
f 3028/1072/823 3029/1074/824 3039/1088/832 3038/1087/831
f 3029/1074/824 3030/1076/825 3040/1089/833 3039/1088/832
f 3030/1076/825 3021/1078/763 3031/1090/777 3040/1089/833
f 3031/1080/777 3032/1079/826 3042/1091/834 3041/1092/679
f 3032/1079/826 3033/1081/827 3043/1093/835 3042/1091/834
f 3033/1081/827 3034/1082/828 3044/1094/836 3043/1093/835
f 3034/1082/828 3035/1083/829 3045/1095/837 3044/1094/836
f 3035/1083/829 3036/1084/773 3046/1096/675 3045/1095/837
f 3036/1086/773 3037/1085/830 3047/1097/838 3046/1098/675
f 3037/1085/830 3038/1087/831 3048/1099/839 3047/1097/838
f 3038/1087/831 3039/1088/832 3049/1100/840 3048/1099/839
f 3039/1088/832 3040/1089/833 3050/1101/841 3049/1100/840
f 3040/1089/833 3031/1090/777 3041/1102/679 3050/1101/841
f 3041/1092/679 3042/1091/834 3052/1103/842 3051/1104/795
f 3042/1091/834 3043/1093/835 3053/1105/843 3052/1103/842
f 3043/1093/835 3044/1094/836 3054/1106/844 3053/1105/843
f 3044/1094/836 3045/1095/837 3055/1107/845 3054/1106/844
f 3045/1095/837 3046/1096/675 3056/1108/846 3055/1107/845
f 3046/1098/675 3047/1097/838 3057/1109/847 3056/1110/846
f 3047/1097/838 3048/1099/839 3058/1111/848 3057/1109/847
f 3048/1099/839 3049/1100/840 3059/1112/849 3058/1111/848
f 3049/1100/840 3050/1101/841 3060/1113/850 3059/1112/849
f 3050/1101/841 3041/1102/679 3051/1114/795 3060/1113/850
f 3051/1104/795 3052/1103/842 3062/1115/851 3061/1116/805
f 3052/1103/842 3053/1105/843 3063/1117/852 3062/1115/851
f 3053/1105/843 3054/1106/844 3064/1118/853 3063/1117/852
f 3054/1106/844 3055/1107/845 3065/1119/854 3064/1118/853
f 3055/1107/845 3056/1108/846 3066/1120/801 3065/1119/854
f 3056/1110/846 3057/1109/847 3067/1121/855 3066/1122/801
f 3057/1109/847 3058/1111/848 3068/1123/856 3067/1121/855
f 3058/1111/848 3059/1112/849 3069/1124/857 3068/1123/856
f 3059/1112/849 3060/1113/850 3070/1125/858 3069/1124/857
f 3060/1113/850 3051/1114/795 3061/1126/805 3070/1125/858
f 3061/1116/805 3062/1115/851 2952/1127/753 2951/1128/752
f 3062/1115/851 3063/1117/852 2953/1129/756 2952/1127/753
f 3063/1117/852 3064/1118/853 2954/1130/758 2953/1129/756
f 3064/1118/853 3065/1119/854 2955/1131/760 2954/1130/758
f 3065/1119/854 3066/1120/801 2956/1132/762 2955/1131/760
f 3066/1122/801 3067/1121/855 2957/1133/764 2956/1134/762
f 3067/1121/855 3068/1123/856 2958/1135/766 2957/1133/764
f 3068/1123/856 3069/1124/857 2959/1136/768 2958/1135/766
f 3069/1124/857 3070/1125/858 2960/1137/770 2959/1136/768
f 3070/1125/858 3061/1126/805 2951/1138/752 2960/1137/770
f 3071/971/752 3072/972/753 3082/973/754 3081/974/755
f 3072/972/753 3073/975/756 3083/976/757 3082/973/754
f 3073/975/756 3074/977/758 3084/978/759 3083/976/757
f 3074/977/758 3075/979/760 3085/980/859 3084/978/759
f 3075/979/760 3076/981/762 3086/982/763 3085/980/859
f 3076/983/762 3077/984/764 3087/985/765 3086/986/763
f 3077/984/764 3078/987/766 3088/988/767 3087/985/765
f 3078/987/766 3079/989/768 3089/990/769 3088/988/767
f 3079/989/768 3080/991/770 3090/992/771 3089/990/769
f 3080/991/770 3071/993/752 3081/994/755 3090/992/771
f 3081/974/755 3082/973/754 3092/995/772 3091/996/773
f 3082/973/754 3083/976/757 3093/997/774 3092/995/772
f 3083/976/757 3084/978/759 3094/998/775 3093/997/774
f 3084/978/759 3085/980/859 3095/999/776 3094/998/775
f 3085/980/859 3086/982/763 3096/1000/777 3095/999/776
f 3086/986/763 3087/985/765 3097/1001/778 3096/1002/777
f 3087/985/765 3088/988/767 3098/1003/779 3097/1001/778
f 3088/988/767 3089/990/769 3099/1004/780 3098/1003/779
f 3089/990/769 3090/992/771 3100/1005/781 3099/1004/780
f 3090/992/771 3081/994/755 3091/1006/773 3100/1005/781
f 3091/996/773 3092/995/772 3102/1007/782 3101/1008/675
f 3092/995/772 3093/997/774 3103/1009/783 3102/1007/782
f 3093/997/774 3094/998/775 3104/1010/784 3103/1009/783
f 3094/998/775 3095/999/776 3105/1011/785 3104/1010/784
f 3095/999/776 3096/1000/777 3106/1012/679 3105/1011/785
f 3096/1002/777 3097/1001/778 3107/1013/786 3106/1014/679
f 3097/1001/778 3098/1003/779 3108/1015/787 3107/1013/786
f 3098/1003/779 3099/1004/780 3109/1016/788 3108/1015/787
f 3099/1004/780 3100/1005/781 3110/1017/789 3109/1016/788
f 3100/1005/781 3091/1006/773 3101/1018/675 3110/1017/789
f 3101/1008/675 3102/1007/782 3112/1019/790 3111/1020/791
f 3102/1007/782 3103/1009/783 3113/1021/792 3112/1019/790
f 3103/1009/783 3104/1010/784 3114/1022/793 3113/1021/792
f 3104/1010/784 3105/1011/785 3115/1023/794 3114/1022/793
f 3105/1011/785 3106/1012/679 3116/1024/795 3115/1023/794
f 3106/1014/679 3107/1013/786 3117/1025/796 3116/1026/795
f 3107/1013/786 3108/1015/787 3118/1027/797 3117/1025/796
f 3108/1015/787 3109/1016/788 3119/1028/798 3118/1027/797
f 3109/1016/788 3110/1017/789 3120/1029/799 3119/1028/798
f 3110/1017/789 3101/1018/675 3111/1030/791 3120/1029/799
f 3111/1020/791 3112/1019/790 3122/1031/800 3121/1032/801
f 3112/1019/790 3113/1021/792 3123/1033/802 3122/1031/800
f 3113/1021/792 3114/1022/793 3124/1034/803 3123/1033/802
f 3114/1022/793 3115/1023/794 3125/1035/804 3124/1034/803
f 3115/1023/794 3116/1024/795 3126/1036/805 3125/1035/804
f 3116/1026/795 3117/1025/796 3127/1037/806 3126/1038/805
f 3117/1025/796 3118/1027/797 3128/1039/807 3127/1037/806
f 3118/1027/797 3119/1028/798 3129/1040/808 3128/1039/807
f 3119/1028/798 3120/1029/799 3130/1041/809 3129/1040/808
f 3120/1029/799 3111/1030/791 3121/1042/801 3130/1041/809
f 3121/1032/801 3122/1031/800 3132/1043/810 3131/1044/762
f 3122/1031/800 3123/1033/802 3133/1045/811 3132/1043/810
f 3123/1033/802 3124/1034/803 3134/1046/812 3133/1045/811
f 3124/1034/803 3125/1035/804 3135/1047/813 3134/1046/812
f 3125/1035/804 3126/1036/805 3136/1048/752 3135/1047/813
f 3126/1038/805 3127/1037/806 3137/1049/814 3136/1050/752
f 3127/1037/806 3128/1039/807 3138/1051/815 3137/1049/814
f 3128/1039/807 3129/1040/808 3139/1052/816 3138/1051/815
f 3129/1040/808 3130/1041/809 3140/1053/817 3139/1052/816
f 3130/1041/809 3121/1042/801 3131/1054/762 3140/1053/817
f 3131/1055/762 3132/1056/810 3142/1057/818 3141/1058/763
f 3132/1056/810 3133/1059/811 3143/1060/819 3142/1057/818
f 3133/1059/811 3134/1061/812 3144/1062/820 3143/1060/819
f 3134/1061/812 3135/1063/813 3145/1064/821 3144/1062/820
f 3135/1063/813 3136/1065/752 3146/1066/755 3145/1064/821
f 3136/1067/752 3137/1068/814 3147/1069/822 3146/1070/755
f 3137/1068/814 3138/1071/815 3148/1072/823 3147/1069/822
f 3138/1071/815 3139/1073/816 3149/1074/824 3148/1072/823
f 3139/1073/816 3140/1075/817 3150/1076/825 3149/1074/824
f 3140/1075/817 3131/1077/762 3141/1078/763 3150/1076/825
f 3141/1058/763 3142/1057/818 3152/1079/826 3151/1080/777
f 3142/1057/818 3143/1060/819 3153/1081/827 3152/1079/826
f 3143/1060/819 3144/1062/820 3154/1082/828 3153/1081/827
f 3144/1062/820 3145/1064/821 3155/1083/829 3154/1082/828
f 3145/1064/821 3146/1066/755 3156/1084/773 3155/1083/829
f 3146/1070/755 3147/1069/822 3157/1085/830 3156/1086/773
f 3147/1069/822 3148/1072/823 3158/1087/831 3157/1085/830
f 3148/1072/823 3149/1074/824 3159/1088/832 3158/1087/831
f 3149/1074/824 3150/1076/825 3160/1089/833 3159/1088/832
f 3150/1076/825 3141/1078/763 3151/1090/777 3160/1089/833
f 3151/1080/777 3152/1079/826 3162/1091/834 3161/1092/679
f 3152/1079/826 3153/1081/827 3163/1093/835 3162/1091/834
f 3153/1081/827 3154/1082/828 3164/1094/836 3163/1093/835
f 3154/1082/828 3155/1083/829 3165/1095/837 3164/1094/836
f 3155/1083/829 3156/1084/773 3166/1096/675 3165/1095/837
f 3156/1086/773 3157/1085/830 3167/1097/838 3166/1098/675
f 3157/1085/830 3158/1087/831 3168/1099/839 3167/1097/838
f 3158/1087/831 3159/1088/832 3169/1100/840 3168/1099/839
f 3159/1088/832 3160/1089/833 3170/1101/841 3169/1100/840
f 3160/1089/833 3151/1090/777 3161/1102/679 3170/1101/841
f 3161/1092/679 3162/1091/834 3172/1103/842 3171/1104/795
f 3162/1091/834 3163/1093/835 3173/1105/843 3172/1103/842
f 3163/1093/835 3164/1094/836 3174/1106/844 3173/1105/843
f 3164/1094/836 3165/1095/837 3175/1107/845 3174/1106/844
f 3165/1095/837 3166/1096/675 3176/1108/846 3175/1107/845
f 3166/1098/675 3167/1097/838 3177/1109/847 3176/1110/846
f 3167/1097/838 3168/1099/839 3178/1111/848 3177/1109/847
f 3168/1099/839 3169/1100/840 3179/1112/849 3178/1111/848
f 3169/1100/840 3170/1101/841 3180/1113/850 3179/1112/849
f 3170/1101/841 3161/1102/679 3171/1114/795 3180/1113/850
f 3171/1104/795 3172/1103/842 3182/1115/851 3181/1116/805
f 3172/1103/842 3173/1105/843 3183/1117/852 3182/1115/851
f 3173/1105/843 3174/1106/844 3184/1118/853 3183/1117/852
f 3174/1106/844 3175/1107/845 3185/1119/854 3184/1118/853
f 3175/1107/845 3176/1108/846 3186/1120/801 3185/1119/854
f 3176/1110/846 3177/1109/847 3187/1121/855 3186/1122/801
f 3177/1109/847 3178/1111/848 3188/1123/856 3187/1121/855
f 3178/1111/848 3179/1112/849 3189/1124/857 3188/1123/856
f 3179/1112/849 3180/1113/850 3190/1125/858 3189/1124/857
f 3180/1113/850 3171/1114/795 3181/1126/805 3190/1125/858
f 3181/1116/805 3182/1115/851 3072/1127/753 3071/1128/752
f 3182/1115/851 3183/1117/852 3073/1129/756 3072/1127/753
f 3183/1117/852 3184/1118/853 3074/1130/758 3073/1129/756
f 3184/1118/853 3185/1119/854 3075/1131/760 3074/1130/758
f 3185/1119/854 3186/1120/801 3076/1132/762 3075/1131/760
f 3186/1122/801 3187/1121/855 3077/1133/764 3076/1134/762
f 3187/1121/855 3188/1123/856 3078/1135/766 3077/1133/764
f 3188/1123/856 3189/1124/857 3079/1136/768 3078/1135/766
f 3189/1124/857 3190/1125/858 3080/1137/770 3079/1136/768
f 3190/1125/858 3181/1126/805 3071/1138/752 3080/1137/770
o blooberry_donut!!
v -1.030334 2.231654 8.571727
v -1.020538 2.200569 8.571727
v -0.994415 2.180611 8.571727
v -0.961000 2.179558 8.571727
v -0.932867 2.198859 8.571727
v -0.921823 2.231654 8.571727
v -0.932867 2.264449 8.571727
v -0.961000 2.283751 8.571727
v -0.994415 2.282697 8.571727
v -1.020538 2.262739 8.571727
v -1.010594 2.231654 8.645396
v -1.002110 2.200569 8.640498
v -0.979488 2.180611 8.627437
v -0.950549 2.179558 8.610729
v -0.926185 2.198859 8.596663
v -0.916621 2.231654 8.591141
v -0.926185 2.264449 8.596663
v -0.950549 2.283751 8.610729
v -0.979488 2.282697 8.627437
v -1.002110 2.262739 8.640498
v -0.956665 2.231654 8.699326
v -0.951767 2.200569 8.690842
v -0.938705 2.180611 8.668219
v -0.921998 2.179558 8.639280
v -0.907931 2.198859 8.614916
v -0.902409 2.231654 8.605352
v -0.907931 2.264449 8.614916
v -0.921998 2.283751 8.639280
v -0.938705 2.282697 8.668219
v -0.951767 2.262739 8.690842
v -0.882996 2.231654 8.719065
v -0.882996 2.200569 8.709270
v -0.882996 2.180611 8.683146
v -0.882996 2.179558 8.649731
v -0.882996 2.198859 8.621598
v -0.882996 2.231654 8.610554
v -0.882996 2.264449 8.621598
v -0.882996 2.283751 8.649731
v -0.882996 2.282697 8.683146
v -0.882996 2.262739 8.709270
v -0.809327 2.231654 8.699326
v -0.814225 2.200569 8.690842
v -0.827286 2.180611 8.668219
v -0.843994 2.179558 8.639280
v -0.858060 2.198859 8.614916
v -0.863582 2.231654 8.605352
v -0.858060 2.264449 8.614916
v -0.843994 2.283751 8.639280
v -0.827286 2.282697 8.668219
v -0.814225 2.262739 8.690842
v -0.755398 2.231654 8.645396
v -0.763881 2.200569 8.640498
v -0.786504 2.180611 8.627437
v -0.815443 2.179558 8.610729
v -0.839807 2.198859 8.596663
v -0.849371 2.231654 8.591141
v -0.839807 2.264449 8.596663
v -0.815443 2.283751 8.610729
v -0.786504 2.282697 8.627437
v -0.763881 2.262739 8.640498
v -0.735658 2.231654 8.571727
v -0.745454 2.200569 8.571727
v -0.771577 2.180611 8.571727
v -0.804992 2.179558 8.571727
v -0.833125 2.198859 8.571727
v -0.844169 2.231654 8.571727
v -0.833125 2.264449 8.571727
v -0.804992 2.283751 8.571727
v -0.771577 2.282697 8.571727
v -0.745454 2.262739 8.571727
v -0.755398 2.231654 8.498058
v -0.763881 2.200569 8.502956
v -0.786504 2.180611 8.516017
v -0.815443 2.179558 8.532724
v -0.839807 2.198859 8.546792
v -0.849371 2.231654 8.552314
v -0.839807 2.264449 8.546792
v -0.815443 2.283751 8.532724
v -0.786504 2.282697 8.516017
v -0.763881 2.262739 8.502956
v -0.809327 2.231654 8.444129
v -0.814225 2.200569 8.452612
v -0.827286 2.180611 8.475236
v -0.843994 2.179558 8.504173
v -0.858060 2.198859 8.528538
v -0.863582 2.231654 8.538102
v -0.858060 2.264449 8.528538
v -0.843994 2.283751 8.504173
v -0.827286 2.282697 8.475236
v -0.814225 2.262739 8.452612
v -0.882996 2.231654 8.424390
v -0.882996 2.200569 8.434185
v -0.882996 2.180611 8.460308
v -0.882996 2.179558 8.493723
v -0.882996 2.198859 8.521856
v -0.882996 2.231654 8.532900
v -0.882996 2.264449 8.521856
v -0.882996 2.283751 8.493723
v -0.882996 2.282697 8.460308
v -0.882996 2.262739 8.434185
v -0.956665 2.231654 8.444129
v -0.951767 2.200569 8.452612
v -0.938705 2.180611 8.475236
v -0.921998 2.179558 8.504173
v -0.907931 2.198859 8.528538
v -0.902409 2.231654 8.538102
v -0.907931 2.264449 8.528538
v -0.921998 2.283751 8.504173
v -0.938705 2.282697 8.475236
v -0.951767 2.262739 8.452612
v -1.010594 2.231654 8.498058
v -1.002110 2.200569 8.502956
v -0.979488 2.180611 8.516017
v -0.950549 2.179558 8.532724
v -0.926185 2.198859 8.546792
v -0.916621 2.231654 8.552314
v -0.926185 2.264449 8.546792
v -0.950549 2.283751 8.532724
v -0.979488 2.282697 8.516017
v -1.002110 2.262739 8.502956
v -0.777846 2.231654 8.289207
v -0.768050 2.200569 8.289207
v -0.741927 2.180611 8.289207
v -0.708512 2.179558 8.289207
v -0.680378 2.198859 8.289207
v -0.669335 2.231654 8.289207
v -0.680378 2.264449 8.289207
v -0.708512 2.283751 8.289207
v -0.741927 2.282697 8.289207
v -0.768050 2.262739 8.289207
v -0.758106 2.231654 8.362875
v -0.749622 2.200569 8.357977
v -0.727000 2.180611 8.344916
v -0.698061 2.179558 8.328208
v -0.673697 2.198859 8.314142
v -0.664133 2.231654 8.308619
v -0.673697 2.264449 8.314142
v -0.698061 2.283751 8.328208
v -0.727000 2.282697 8.344916
v -0.749622 2.262739 8.357977
v -0.704177 2.231654 8.416804
v -0.699278 2.200569 8.408321
v -0.686217 2.180611 8.385697
v -0.669510 2.179558 8.356760
v -0.655443 2.198859 8.332396
v -0.649921 2.231654 8.322831
v -0.655443 2.264449 8.332396
v -0.669510 2.283751 8.356760
v -0.686217 2.282697 8.385697
v -0.699278 2.262739 8.408321
v -0.630508 2.231654 8.436543
v -0.630508 2.200569 8.426748
v -0.630508 2.180611 8.400625
v -0.630508 2.179558 8.367210
v -0.630508 2.198859 8.339077
v -0.630508 2.231654 8.328033
v -0.630508 2.264449 8.339077
v -0.630508 2.283751 8.367210
v -0.630508 2.282697 8.400625
v -0.630508 2.262739 8.426748
v -0.556839 2.231654 8.416804
v -0.561737 2.200569 8.408321
v -0.574798 2.180611 8.385697
v -0.591506 2.179558 8.356760
v -0.605572 2.198859 8.332396
v -0.611094 2.231654 8.322831
v -0.605572 2.264449 8.332396
v -0.591506 2.283751 8.356760
v -0.574798 2.282697 8.385697
v -0.561737 2.262739 8.408321
v -0.502910 2.231654 8.362875
v -0.511393 2.200569 8.357977
v -0.534016 2.180611 8.344916
v -0.562955 2.179558 8.328208
v -0.587319 2.198859 8.314142
v -0.596882 2.231654 8.308619
v -0.587319 2.264449 8.314142
v -0.562955 2.283751 8.328208
v -0.534016 2.282697 8.344916
v -0.511393 2.262739 8.357977
v -0.483170 2.231654 8.289207
v -0.492966 2.200569 8.289207
v -0.519089 2.180611 8.289207
v -0.552504 2.179558 8.289207
v -0.580637 2.198859 8.289207
v -0.591681 2.231654 8.289207
v -0.580637 2.264449 8.289207
v -0.552504 2.283751 8.289207
v -0.519089 2.282697 8.289207
v -0.492966 2.262739 8.289207
v -0.502910 2.231654 8.215537
v -0.511393 2.200569 8.220435
v -0.534016 2.180611 8.233497
v -0.562955 2.179558 8.250204
v -0.587319 2.198859 8.264271
v -0.596882 2.231654 8.269793
v -0.587319 2.264449 8.264271
v -0.562955 2.283751 8.250204
v -0.534016 2.282697 8.233497
v -0.511393 2.262739 8.220435
v -0.556839 2.231654 8.161608
v -0.561737 2.200569 8.170092
v -0.574798 2.180611 8.192715
v -0.591506 2.179558 8.221653
v -0.605572 2.198859 8.246017
v -0.611094 2.231654 8.255581
v -0.605572 2.264449 8.246017
v -0.591506 2.283751 8.221653
v -0.574798 2.282697 8.192715
v -0.561737 2.262739 8.170092
v -0.630508 2.231654 8.141869
v -0.630508 2.200569 8.151664
v -0.630508 2.180611 8.177788
v -0.630508 2.179558 8.211203
v -0.630508 2.198859 8.239335
v -0.630508 2.231654 8.250380
v -0.630508 2.264449 8.239335
v -0.630508 2.283751 8.211203
v -0.630508 2.282697 8.177788
v -0.630508 2.262739 8.151664
v -0.704177 2.231654 8.161608
v -0.699278 2.200569 8.170092
v -0.686217 2.180611 8.192715
v -0.669510 2.179558 8.221653
v -0.655443 2.198859 8.246017
v -0.649921 2.231654 8.255581
v -0.655443 2.264449 8.246017
v -0.669510 2.283751 8.221653
v -0.686217 2.282697 8.192715
v -0.699278 2.262739 8.170092
v -0.758106 2.231654 8.215537
v -0.749622 2.200569 8.220435
v -0.727000 2.180611 8.233497
v -0.698061 2.179558 8.250204
v -0.673697 2.198859 8.264271
v -0.664133 2.231654 8.269793
v -0.673697 2.264449 8.264271
v -0.698061 2.283751 8.250204
v -0.727000 2.282697 8.233497
v -0.749622 2.262739 8.220435
v -0.874706 2.168388 8.289207
v -0.845363 2.154203 8.289207
v -0.812923 2.159533 8.289207
v -0.789244 2.183133 8.289207
v -0.784003 2.216846 8.289207
v -0.800301 2.247372 8.289207
v -0.831745 2.261821 8.289207
v -0.865085 2.254577 8.289207
v -0.887230 2.229533 8.289207
v -0.890616 2.196833 8.289207
v -0.861171 2.182756 8.362875
v -0.832727 2.167617 8.357977
v -0.802688 2.170398 8.344916
v -0.782078 2.190740 8.328208
v -0.779421 2.221709 8.314142
v -0.796734 2.251158 8.308619
v -0.827163 2.266684 8.314142
v -0.857919 2.262184 8.328208
v -0.876995 2.240398 8.344916
v -0.877980 2.210246 8.357977
v -0.824192 2.222011 8.416804
v -0.798207 2.204261 8.408321
v -0.774724 2.200083 8.385697
v -0.762500 2.211522 8.356760
v -0.766904 2.234996 8.332396
v -0.786989 2.261503 8.322831
v -0.814646 2.279971 8.332396
v -0.838341 2.282967 8.356760
v -0.849031 2.270083 8.385697
v -0.843460 2.246891 8.408321
v -0.773678 2.275633 8.436543
v -0.751051 2.254318 8.426748
v -0.736524 2.240633 8.400625
v -0.735757 2.239911 8.367210
v -0.749807 2.253146 8.339077
v -0.773678 2.275633 8.328033
v -0.797549 2.298121 8.339077
v -0.811598 2.311356 8.367210
v -0.810831 2.310633 8.400625
v -0.796304 2.296948 8.426748
v -0.723163 2.329256 8.416804
v -0.703895 2.304376 8.408321
v -0.698324 2.281184 8.385697
v -0.709013 2.268301 8.356760
v -0.732708 2.271297 8.332396
v -0.760366 2.289764 8.322831
v -0.780450 2.316271 8.332396
v -0.784854 2.339745 8.356760
v -0.772631 2.351184 8.385697
v -0.749148 2.347006 8.408321
v -0.686184 2.368511 8.362875
v -0.669375 2.341021 8.357977
v -0.670360 2.310869 8.344916
v -0.689436 2.289083 8.328208
v -0.720192 2.284583 8.314142
v -0.750621 2.300109 8.308619
v -0.767934 2.329558 8.314142
v -0.765277 2.360527 8.328208
v -0.744667 2.380869 8.344916
v -0.714628 2.383651 8.357977
v -0.672649 2.382879 8.289207
v -0.656739 2.354434 8.289207
v -0.660125 2.321734 8.289207
v -0.682270 2.296690 8.289207
v -0.715610 2.289447 8.289207
v -0.747054 2.303895 8.289207
v -0.763352 2.334421 8.289207
v -0.758111 2.368134 8.289207
v -0.734432 2.391734 8.289207
v -0.701992 2.397063 8.289207
v -0.686184 2.368511 8.215537
v -0.669375 2.341021 8.220435
v -0.670360 2.310869 8.233497
v -0.689436 2.289083 8.250204
v -0.720192 2.284583 8.264271
v -0.750621 2.300109 8.269793
v -0.767934 2.329558 8.264271
v -0.765277 2.360527 8.250204
v -0.744667 2.380869 8.233497
v -0.714628 2.383651 8.220435
v -0.723163 2.329256 8.161608
v -0.703895 2.304376 8.170092
v -0.698324 2.281184 8.192715
v -0.709013 2.268301 8.221653
v -0.732708 2.271297 8.246017
v -0.760366 2.289764 8.255581
v -0.780450 2.316271 8.246017
v -0.784854 2.339745 8.221653
v -0.772631 2.351184 8.192715
v -0.749148 2.347006 8.170092
v -0.773678 2.275633 8.141869
v -0.751051 2.254318 8.151664
v -0.736524 2.240633 8.177788
v -0.735757 2.239911 8.211203
v -0.749807 2.253146 8.239335
v -0.773678 2.275633 8.250380
v -0.797549 2.298121 8.239335
v -0.811598 2.311356 8.211203
v -0.810831 2.310633 8.177788
v -0.796304 2.296948 8.151664
v -0.824192 2.222011 8.161608
v -0.798207 2.204261 8.170092
v -0.774723 2.200083 8.192715
v -0.762500 2.211522 8.221653
v -0.766904 2.234996 8.246017
v -0.786989 2.261503 8.255581
v -0.814646 2.279971 8.246017
v -0.838341 2.282967 8.221653
v -0.849031 2.270083 8.192715
v -0.843460 2.246891 8.170092
v -0.861171 2.182756 8.215537
v -0.832727 2.167617 8.220435
v -0.802688 2.170398 8.233497
v -0.782078 2.190740 8.250204
v -0.779421 2.221709 8.264271
v -0.796734 2.251158 8.269793
v -0.827163 2.266684 8.264271
v -0.857919 2.262184 8.250204
v -0.876995 2.240398 8.233497
v -0.877980 2.210246 8.220435
v -0.988595 2.168388 8.289207
v -0.959252 2.154203 8.289207
v -0.926812 2.159533 8.289207
v -0.903133 2.183133 8.289207
v -0.897892 2.216846 8.289207
v -0.914190 2.247372 8.289207
v -0.945634 2.261821 8.289207
v -0.978974 2.254577 8.289207
v -1.001119 2.229533 8.289207
v -1.004505 2.196833 8.289207
v -0.975060 2.182756 8.362875
v -0.946616 2.167617 8.357977
v -0.916577 2.170398 8.344916
v -0.895967 2.190740 8.328208
v -0.893310 2.221709 8.314142
v -0.910623 2.251158 8.308619
v -0.941052 2.266684 8.314142
v -0.971808 2.262184 8.328208
v -0.990884 2.240398 8.344916
v -0.991869 2.210246 8.357977
v -0.938081 2.222011 8.416804
v -0.912096 2.204261 8.408321
v -0.888613 2.200083 8.385697
v -0.876389 2.211522 8.356760
v -0.880793 2.234996 8.332396
v -0.900878 2.261503 8.322831
v -0.928535 2.279971 8.332396
v -0.952230 2.282967 8.356760
v -0.962920 2.270083 8.385697
v -0.957349 2.246891 8.408321
v -0.887567 2.275633 8.436543
v -0.864940 2.254318 8.426748
v -0.850413 2.240633 8.400625
v -0.849646 2.239911 8.367210
v -0.863696 2.253146 8.339077
v -0.887567 2.275633 8.328033
v -0.911438 2.298121 8.339077
v -0.925487 2.311356 8.367210
v -0.924720 2.310633 8.400625
v -0.910193 2.296948 8.426748
v -0.837052 2.329256 8.416804
v -0.817784 2.304376 8.408321
v -0.812213 2.281184 8.385697
v -0.822902 2.268301 8.356760
v -0.846597 2.271297 8.332396
v -0.874255 2.289764 8.322831
v -0.894340 2.316271 8.332396
v -0.898743 2.339745 8.356760
v -0.886520 2.351184 8.385697
v -0.863037 2.347006 8.408321
v -0.800073 2.368511 8.362875
v -0.783264 2.341021 8.357977
v -0.784249 2.310869 8.344916
v -0.803325 2.289083 8.328208
v -0.834081 2.284583 8.314142
v -0.864510 2.300109 8.308619
v -0.881823 2.329558 8.314142
v -0.879166 2.360527 8.328208
v -0.858556 2.380869 8.344916
v -0.828516 2.383651 8.357977
v -0.786538 2.382879 8.289207
v -0.770628 2.354434 8.289207
v -0.774014 2.321734 8.289207
v -0.796159 2.296690 8.289207
v -0.829499 2.289447 8.289207
v -0.860943 2.303895 8.289207
v -0.877241 2.334421 8.289207
v -0.872000 2.368134 8.289207
v -0.848321 2.391734 8.289207
v -0.815881 2.397063 8.289207
v -0.800073 2.368511 8.215537
v -0.783264 2.341021 8.220435
v -0.784249 2.310869 8.233497
v -0.803325 2.289083 8.250204
v -0.834081 2.284583 8.264271
v -0.864510 2.300109 8.269793
v -0.881823 2.329558 8.264271
v -0.879166 2.360527 8.250204
v -0.858556 2.380869 8.233497
v -0.828516 2.383651 8.220435
v -0.837052 2.329256 8.161608
v -0.817784 2.304376 8.170092
v -0.812213 2.281184 8.192715
v -0.822902 2.268301 8.221653
v -0.846597 2.271297 8.246017
v -0.874255 2.289764 8.255581
v -0.894340 2.316271 8.246017
v -0.898743 2.339745 8.221653
v -0.886520 2.351184 8.192715
v -0.863037 2.347006 8.170092
v -0.887567 2.275633 8.141869
v -0.864940 2.254318 8.151664
v -0.850413 2.240633 8.177788
v -0.849646 2.239911 8.211203
v -0.863696 2.253146 8.239335
v -0.887567 2.275633 8.250380
v -0.911438 2.298121 8.239335
v -0.925487 2.311356 8.211203
v -0.924720 2.310633 8.177788
v -0.910193 2.296948 8.151664
v -0.938081 2.222011 8.161608
v -0.912096 2.204261 8.170092
v -0.888613 2.200083 8.192715
v -0.876389 2.211522 8.221653
v -0.880793 2.234996 8.246017
v -0.900878 2.261503 8.255581
v -0.928535 2.279971 8.246017
v -0.952230 2.282967 8.221653
v -0.962920 2.270083 8.192715
v -0.957349 2.246891 8.170092
v -0.975060 2.182756 8.215537
v -0.946616 2.167617 8.220435
v -0.916577 2.170398 8.233497
v -0.895967 2.190740 8.250204
v -0.893310 2.221709 8.264271
v -0.910623 2.251158 8.269793
v -0.941052 2.266684 8.264271
v -0.971808 2.262184 8.250204
v -0.990884 2.240398 8.233497
v -0.991869 2.210246 8.220435
v -1.109757 2.168388 8.289410
v -1.080413 2.154203 8.289410
v -1.047974 2.159533 8.289410
v -1.024295 2.183133 8.289410
v -1.019053 2.216846 8.289410
v -1.035352 2.247372 8.289410
v -1.066795 2.261821 8.289410
v -1.100135 2.254577 8.289410
v -1.122281 2.229533 8.289410
v -1.125666 2.196833 8.289410
v -1.096221 2.182756 8.363078
v -1.067778 2.167617 8.358180
v -1.037738 2.170398 8.345119
v -1.017129 2.190740 8.328411
v -1.014472 2.221709 8.314345
v -1.031784 2.251158 8.308823
v -1.062214 2.266684 8.314345
v -1.092969 2.262184 8.328411
v -1.112046 2.240398 8.345119
v -1.113031 2.210246 8.358180
v -1.059242 2.222011 8.417007
v -1.033257 2.204261 8.408525
v -1.009774 2.200083 8.385900
v -0.997551 2.211522 8.356962
v -1.001955 2.234996 8.332599
v -1.022040 2.261503 8.323034
v -1.049697 2.279971 8.332599
v -1.073392 2.282967 8.356962
v -1.084081 2.270083 8.385900
v -1.078510 2.246891 8.408525
v -1.008728 2.275633 8.436747
v -0.986102 2.254318 8.426951
v -0.971574 2.240633 8.400827
v -0.970808 2.239911 8.367413
v -0.984857 2.253146 8.339280
v -1.008728 2.275633 8.328236
v -1.032599 2.298121 8.339280
v -1.046649 2.311356 8.367413
v -1.045882 2.310633 8.400827
v -1.031354 2.296948 8.426951
v -0.958214 2.329256 8.417007
v -0.938945 2.304376 8.408525
v -0.933375 2.281184 8.385900
v -0.944064 2.268301 8.356962
v -0.967759 2.271297 8.332599
v -0.995416 2.289764 8.323034
v -1.015501 2.316271 8.332599
v -1.019905 2.339745 8.356962
v -1.007682 2.351184 8.385900
v -0.984198 2.347006 8.408525
v -0.921234 2.368511 8.363078
v -0.904425 2.341021 8.358180
v -0.905410 2.310869 8.345119
v -0.924487 2.289083 8.328411
v -0.955242 2.284583 8.314345
v -0.985671 2.300109 8.308823
v -1.002985 2.329558 8.314345
v -1.000327 2.360527 8.328411
v -0.979718 2.380869 8.345119
v -0.949678 2.383651 8.358180
v -0.907699 2.382879 8.289410
v -0.891790 2.354434 8.289410
v -0.895175 2.321734 8.289410
v -0.917321 2.296690 8.289410
v -0.950661 2.289447 8.289410
v -0.982105 2.303895 8.289410
v -0.998403 2.334421 8.289410
v -0.993161 2.368134 8.289410
v -0.969482 2.391734 8.289410
v -0.937043 2.397063 8.289410
v -0.921234 2.368511 8.215740
v -0.904425 2.341021 8.220638
v -0.905410 2.310869 8.233700
v -0.924487 2.289083 8.250407
v -0.955242 2.284583 8.264474
v -0.985671 2.300109 8.269996
v -1.002985 2.329558 8.264474
v -1.000327 2.360527 8.250407
v -0.979718 2.380869 8.233700
v -0.949678 2.383651 8.220638
v -0.958214 2.329256 8.161811
v -0.938945 2.304376 8.170294
v -0.933375 2.281184 8.192918
v -0.944064 2.268301 8.221856
v -0.967759 2.271297 8.246220
v -0.995416 2.289764 8.255784
v -1.015501 2.316271 8.246220
v -1.019905 2.339745 8.221856
v -1.007682 2.351184 8.192918
v -0.984198 2.347006 8.170294
v -1.008728 2.275633 8.142072
v -0.986102 2.254318 8.151867
v -0.971574 2.240633 8.177990
v -0.970808 2.239911 8.211406
v -0.984857 2.253146 8.239538
v -1.008728 2.275633 8.250582
v -1.032599 2.298121 8.239538
v -1.046649 2.311356 8.211406
v -1.045882 2.310633 8.177990
v -1.031354 2.296948 8.151867
v -1.059242 2.222011 8.161811
v -1.033257 2.204261 8.170294
v -1.009774 2.200083 8.192918
v -0.997551 2.211522 8.221856
v -1.001955 2.234996 8.246220
v -1.022040 2.261503 8.255784
v -1.049697 2.279971 8.246220
v -1.073392 2.282967 8.221856
v -1.084081 2.270083 8.192918
v -1.078510 2.246891 8.170294
v -1.096221 2.182756 8.215740
v -1.067778 2.167617 8.220638
v -1.037738 2.170398 8.233700
v -1.017129 2.190740 8.250407
v -1.014472 2.221709 8.264474
v -1.031784 2.251158 8.269996
v -1.062214 2.266684 8.264474
v -1.092969 2.262184 8.250407
v -1.112046 2.240398 8.233700
v -1.113031 2.210246 8.220638
v -1.229074 2.168388 8.289410
v -1.199731 2.154203 8.289410
v -1.167291 2.159533 8.289410
v -1.143612 2.183133 8.289410
v -1.138371 2.216846 8.289410
v -1.154669 2.247372 8.289410
v -1.186113 2.261821 8.289410
v -1.219453 2.254577 8.289410
v -1.241599 2.229533 8.289410
v -1.244984 2.196833 8.289410
v -1.215539 2.182756 8.363078
v -1.187095 2.167617 8.358180
v -1.157056 2.170398 8.345119
v -1.136446 2.190740 8.328411
v -1.133789 2.221709 8.314345
v -1.151102 2.251158 8.308823
v -1.181531 2.266684 8.314345
v -1.212287 2.262184 8.328411
v -1.231363 2.240398 8.345119
v -1.232348 2.210246 8.358180
v -1.178560 2.222011 8.417007
v -1.152575 2.204261 8.408525
v -1.129092 2.200083 8.385900
v -1.116868 2.211522 8.356962
v -1.121272 2.234996 8.332599
v -1.141357 2.261503 8.323034
v -1.169015 2.279971 8.332599
v -1.192709 2.282967 8.356962
v -1.203399 2.270083 8.385900
v -1.197828 2.246891 8.408525
v -1.128046 2.275633 8.436747
v -1.105419 2.254318 8.426951
v -1.090892 2.240633 8.400827
v -1.090125 2.239911 8.367413
v -1.104175 2.253146 8.339280
v -1.128046 2.275633 8.328236
v -1.151917 2.298121 8.339280
v -1.165966 2.311356 8.367413
v -1.165199 2.310633 8.400827
v -1.150672 2.296948 8.426951
v -1.077531 2.329256 8.417007
v -1.058263 2.304376 8.408525
v -1.052692 2.281184 8.385900
v -1.063382 2.268301 8.356962
v -1.087076 2.271297 8.332599
v -1.114734 2.289764 8.323034
v -1.134819 2.316271 8.332599
v -1.139222 2.339745 8.356962
v -1.126999 2.351184 8.385900
v -1.103516 2.347006 8.408525
v -1.040552 2.368511 8.363078
v -1.023743 2.341021 8.358180
v -1.024728 2.310869 8.345119
v -1.043804 2.289083 8.328411
v -1.074560 2.284583 8.314345
v -1.104989 2.300109 8.308823
v -1.122302 2.329558 8.314345
v -1.119645 2.360527 8.328411
v -1.099035 2.380869 8.345119
v -1.068996 2.383651 8.358180
v -1.027017 2.382879 8.289410
v -1.011107 2.354434 8.289410
v -1.014493 2.321734 8.289410
v -1.036638 2.296690 8.289410
v -1.069978 2.289447 8.289410
v -1.101422 2.303895 8.289410
v -1.117720 2.334421 8.289410
v -1.112479 2.368134 8.289410
v -1.088800 2.391734 8.289410
v -1.056360 2.397063 8.289410
v -1.040552 2.368511 8.215740
v -1.023743 2.341021 8.220638
v -1.024728 2.310869 8.233700
v -1.043804 2.289083 8.250407
v -1.074560 2.284583 8.264474
v -1.104989 2.300109 8.269996
v -1.122302 2.329558 8.264474
v -1.119645 2.360527 8.250407
v -1.099035 2.380869 8.233700
v -1.068996 2.383651 8.220638
v -1.077531 2.329256 8.161811
v -1.058263 2.304376 8.170294
v -1.052692 2.281184 8.192918
v -1.063382 2.268301 8.221856
v -1.087076 2.271297 8.246220
v -1.114734 2.289764 8.255784
v -1.134819 2.316271 8.246220
v -1.139222 2.339745 8.221856
v -1.126999 2.351184 8.192918
v -1.103516 2.347006 8.170294
v -1.128046 2.275633 8.142072
v -1.105419 2.254318 8.151867
v -1.090892 2.240633 8.177990
v -1.090125 2.239911 8.211406
v -1.104175 2.253146 8.239538
v -1.128046 2.275633 8.250582
v -1.151917 2.298121 8.239538
v -1.165966 2.311356 8.211406
v -1.165199 2.310633 8.177990
v -1.150672 2.296948 8.151867
v -1.178560 2.222011 8.161811
v -1.152575 2.204261 8.170294
v -1.129092 2.200083 8.192918
v -1.116868 2.211522 8.221856
v -1.121272 2.234996 8.246220
v -1.141357 2.261503 8.255784
v -1.169015 2.279971 8.246220
v -1.192709 2.282967 8.221856
v -1.203399 2.270083 8.192918
v -1.197828 2.246891 8.170294
v -1.215539 2.182756 8.215740
v -1.187095 2.167617 8.220638
v -1.157056 2.170398 8.233700
v -1.136446 2.190740 8.250407
v -1.133789 2.221709 8.264474
v -1.151102 2.251158 8.269996
v -1.181531 2.266684 8.264474
v -1.212287 2.262184 8.250407
v -1.231363 2.240398 8.233700
v -1.232348 2.210246 8.220638
v -1.127195 2.168388 8.571728
v -1.097851 2.154203 8.571728
v -1.065412 2.159533 8.571728
v -1.041733 2.183133 8.571728
v -1.036491 2.216846 8.571728
v -1.052789 2.247372 8.571728
v -1.084233 2.261821 8.571728
v -1.117573 2.254577 8.571728
v -1.139719 2.229533 8.571728
v -1.143104 2.196833 8.571728
v -1.113659 2.182756 8.645397
v -1.085216 2.167617 8.640499
v -1.055176 2.170398 8.627438
v -1.034567 2.190740 8.610730
v -1.031909 2.221709 8.596663
v -1.049222 2.251158 8.591141
v -1.079652 2.266684 8.596663
v -1.110407 2.262184 8.610730
v -1.129483 2.240398 8.627438
v -1.130468 2.210246 8.640499
v -1.076680 2.222011 8.699327
v -1.050695 2.204261 8.690843
v -1.027212 2.200083 8.668220
v -1.014989 2.211522 8.639281
v -1.019393 2.234996 8.614917
v -1.039478 2.261503 8.605352
v -1.067135 2.279971 8.614917
v -1.090830 2.282967 8.639281
v -1.101519 2.270083 8.668220
v -1.095948 2.246891 8.690843
v -1.026166 2.275633 8.719065
v -1.003540 2.254318 8.709270
v -0.989012 2.240633 8.683146
v -0.988246 2.239911 8.649732
v -1.002295 2.253146 8.621598
v -1.026166 2.275633 8.610555
v -1.050037 2.298121 8.621598
v -1.064086 2.311356 8.649732
v -1.063319 2.310633 8.683146
v -1.048792 2.296948 8.709270
v -0.975652 2.329256 8.699327
v -0.956383 2.304376 8.690843
v -0.950813 2.281184 8.668220
v -0.961502 2.268301 8.639281
v -0.985197 2.271297 8.614917
v -1.012854 2.289764 8.605352
v -1.032939 2.316271 8.614917
v -1.037343 2.339745 8.639281
v -1.025120 2.351184 8.668220
v -1.001636 2.347006 8.690843
v -0.938672 2.368511 8.645397
v -0.921863 2.341021 8.640499
v -0.922848 2.310869 8.627438
v -0.941925 2.289083 8.610730
v -0.972680 2.284583 8.596663
v -1.003109 2.300109 8.591141
v -1.020422 2.329558 8.596663
v -1.017765 2.360527 8.610730
v -0.997156 2.380869 8.627438
v -0.967116 2.383651 8.640499
v -0.925137 2.382879 8.571728
v -0.909228 2.354434 8.571728
v -0.912613 2.321734 8.571728
v -0.934759 2.296690 8.571728
v -0.968098 2.289447 8.571728
v -0.999543 2.303895 8.571728
v -1.015841 2.334421 8.571728
v -1.010599 2.368134 8.571728
v -0.986920 2.391734 8.571728
v -0.954481 2.397063 8.571728
v -0.938672 2.368511 8.498058
v -0.921863 2.341021 8.502956
v -0.922848 2.310869 8.516018
v -0.941925 2.289083 8.532725
v -0.972680 2.284583 8.546792
v -1.003109 2.300109 8.552314
v -1.020422 2.329558 8.546792
v -1.017765 2.360527 8.532725
v -0.997156 2.380869 8.516018
v -0.967116 2.383651 8.502956
v -0.975652 2.329256 8.444129
v -0.956383 2.304376 8.452613
v -0.950813 2.281184 8.475236
v -0.961502 2.268301 8.504174
v -0.985197 2.271297 8.528539
v -1.012854 2.289764 8.538102
v -1.032939 2.316271 8.528539
v -1.037343 2.339745 8.504174
v -1.025120 2.351184 8.475236
v -1.001636 2.347006 8.452613
v -1.026166 2.275633 8.424390
v -1.003539 2.254318 8.434186
v -0.989012 2.240633 8.460309
v -0.988245 2.239911 8.493724
v -1.002295 2.253146 8.521857
v -1.026166 2.275633 8.532901
v -1.050037 2.298121 8.521857
v -1.064086 2.311356 8.493724
v -1.063319 2.310633 8.460309
v -1.048792 2.296948 8.434186
v -1.076680 2.222011 8.444129
v -1.050695 2.204261 8.452613
v -1.027212 2.200083 8.475236
v -1.014989 2.211522 8.504174
v -1.019393 2.234996 8.528539
v -1.039478 2.261503 8.538102
v -1.067135 2.279971 8.528539
v -1.090830 2.282967 8.504174
v -1.101519 2.270083 8.475236
v -1.095948 2.246891 8.452613
v -1.113659 2.182756 8.498058
v -1.085216 2.167617 8.502956
v -1.055176 2.170398 8.516018
v -1.034567 2.190740 8.532725
v -1.031909 2.221709 8.546792
v -1.049222 2.251158 8.552314
v -1.079652 2.266684 8.546792
v -1.110407 2.262184 8.532725
v -1.129483 2.240398 8.516018
v -1.130468 2.210246 8.502956
v -1.241084 2.168388 8.571728
v -1.211740 2.154203 8.571728
v -1.179301 2.159533 8.571728
v -1.155621 2.183133 8.571728
v -1.150380 2.216846 8.571728
v -1.166678 2.247372 8.571728
v -1.198122 2.261821 8.571728
v -1.231462 2.254577 8.571728
v -1.253608 2.229533 8.571728
v -1.256993 2.196833 8.571728
v -1.227548 2.182756 8.645397
v -1.199105 2.167617 8.640499
v -1.169065 2.170398 8.627438
v -1.148455 2.190740 8.610730
v -1.145798 2.221709 8.596663
v -1.163111 2.251158 8.591141
v -1.193540 2.266684 8.596663
v -1.224296 2.262184 8.610730
v -1.243372 2.240398 8.627438
v -1.244357 2.210246 8.640499
v -1.190569 2.222011 8.699327
v -1.164584 2.204261 8.690843
v -1.141101 2.200083 8.668220
v -1.128878 2.211522 8.639281
v -1.133282 2.234996 8.614917
v -1.153367 2.261503 8.605352
v -1.181024 2.279971 8.614917
v -1.204719 2.282967 8.639281
v -1.215408 2.270083 8.668220
v -1.209837 2.246891 8.690843
v -1.140055 2.275633 8.719065
v -1.117428 2.254318 8.709270
v -1.102901 2.240633 8.683146
v -1.102134 2.239911 8.649732
v -1.116184 2.253146 8.621598
v -1.140055 2.275633 8.610555
v -1.163926 2.298121 8.621598
v -1.177975 2.311356 8.649732
v -1.177208 2.310633 8.683146
v -1.162681 2.296948 8.709270
v -1.089540 2.329256 8.699327
v -1.070272 2.304376 8.690843
v -1.064701 2.281184 8.668220
v -1.075391 2.268301 8.639281
v -1.099086 2.271297 8.614917
v -1.126743 2.289764 8.605352
v -1.146828 2.316271 8.614917
v -1.151232 2.339745 8.639281
v -1.139009 2.351184 8.668220
v -1.115525 2.347006 8.690843
v -1.052561 2.368511 8.645397
v -1.035752 2.341021 8.640499
v -1.036737 2.310869 8.627438
v -1.055813 2.289083 8.610730
v -1.086569 2.284583 8.596663
v -1.116998 2.300109 8.591141
v -1.134311 2.329558 8.596663
v -1.131654 2.360527 8.610730
v -1.111044 2.380869 8.627438
v -1.081005 2.383651 8.640499
v -1.039026 2.382879 8.571728
v -1.023117 2.354434 8.571728
v -1.026502 2.321734 8.571728
v -1.048647 2.296690 8.571728
v -1.081987 2.289447 8.571728
v -1.113431 2.303895 8.571728
v -1.129730 2.334421 8.571728
v -1.124488 2.368134 8.571728
v -1.100809 2.391734 8.571728
v -1.068370 2.397063 8.571728
v -1.052561 2.368511 8.498058
v -1.035752 2.341021 8.502956
v -1.036737 2.310869 8.516018
v -1.055813 2.289083 8.532725
v -1.086569 2.284583 8.546792
v -1.116998 2.300109 8.552314
v -1.134311 2.329558 8.546792
v -1.131654 2.360527 8.532725
v -1.111044 2.380869 8.516018
v -1.081005 2.383651 8.502956
v -1.089540 2.329256 8.444129
v -1.070272 2.304376 8.452613
v -1.064701 2.281184 8.475236
v -1.075391 2.268301 8.504174
v -1.099086 2.271297 8.528539
v -1.126743 2.289764 8.538102
v -1.146828 2.316271 8.528539
v -1.151232 2.339745 8.504174
v -1.139009 2.351184 8.475236
v -1.115525 2.347006 8.452613
v -1.140055 2.275633 8.424390
v -1.117428 2.254318 8.434186
v -1.102901 2.240633 8.460309
v -1.102134 2.239911 8.493724
v -1.116184 2.253146 8.521857
v -1.140055 2.275633 8.532901
v -1.163926 2.298121 8.521857
v -1.177975 2.311356 8.493724
v -1.177208 2.310633 8.460309
v -1.162681 2.296948 8.434186
v -1.190569 2.222011 8.444129
v -1.164584 2.204261 8.452613
v -1.141101 2.200083 8.475236
v -1.128878 2.211522 8.504174
v -1.133282 2.234996 8.528539
v -1.153367 2.261503 8.538102
v -1.181024 2.279971 8.528539
v -1.204719 2.282967 8.504174
v -1.215408 2.270083 8.475236
v -1.209837 2.246891 8.452613
v -1.227548 2.182756 8.498058
v -1.199105 2.167617 8.502956
v -1.169065 2.170398 8.516018
v -1.148455 2.190740 8.532725
v -1.145798 2.221709 8.546792
v -1.163111 2.251158 8.552314
v -1.193540 2.266684 8.546792
v -1.224296 2.262184 8.532725
v -1.243372 2.240398 8.516018
v -1.244357 2.210246 8.502956
vn -1.0000 -0.0000 -0.0000
vn -0.8338 -0.5520 -0.0000
vn -0.7221 -0.5520 0.4169
vn -0.8660 -0.0000 0.5000
vn -0.3789 -0.9254 -0.0000
vn -0.3281 -0.9254 0.1895
vn 0.2320 -0.9727 -0.0000
vn 0.2009 -0.9727 -0.1160
vn 0.7771 -0.6294 -0.0000
vn 0.6730 -0.6294 -0.3885
vn 1.0000 -0.0000 -0.0000
vn 0.8660 -0.0000 -0.5000
vn 0.7771 0.6294 -0.0000
vn 0.6730 0.6294 -0.3885
vn 0.2320 0.9727 -0.0000
vn 0.2009 0.9727 -0.1160
vn -0.3789 0.9254 -0.0000
vn -0.3281 0.9254 0.1895
vn -0.8338 0.5520 -0.0000
vn -0.7221 0.5520 0.4169
vn -0.4169 -0.5520 0.7221
vn -0.5000 -0.0000 0.8660
vn -0.1894 -0.9254 0.3281
vn 0.1160 -0.9727 -0.2010
vn 0.3885 -0.6294 -0.6730
vn 0.5000 -0.0000 -0.8660
vn 0.3885 0.6294 -0.6730
vn 0.1160 0.9727 -0.2010
vn -0.1894 0.9254 0.3281
vn -0.4169 0.5520 0.7221
vn -0.0000 -0.5520 0.8338
vn -0.0000 -0.0000 1.0000
vn -0.0000 -0.9254 0.3789
vn -0.0000 -0.9727 -0.2320
vn -0.0000 -0.6294 -0.7771
vn -0.0000 -0.0000 -1.0000
vn -0.0000 0.6294 -0.7771
vn -0.0000 0.9727 -0.2320
vn -0.0000 0.9254 0.3789
vn -0.0000 0.5520 0.8338
vn 0.4169 -0.5520 0.7221
vn 0.5000 -0.0000 0.8660
vn 0.1894 -0.9254 0.3281
vn -0.1160 -0.9727 -0.2009
vn -0.3885 -0.6294 -0.6730
vn -0.5000 -0.0000 -0.8660
vn -0.3885 0.6294 -0.6730
vn -0.1160 0.9727 -0.2009
vn 0.1894 0.9254 0.3281
vn 0.4169 0.5520 0.7221
vn 0.7221 -0.5520 0.4169
vn 0.8660 -0.0000 0.5000
vn 0.3281 -0.9254 0.1894
vn -0.2010 -0.9727 -0.1160
vn -0.6730 -0.6294 -0.3885
vn -0.8660 -0.0000 -0.5000
vn -0.6730 0.6294 -0.3885
vn -0.2010 0.9727 -0.1160
vn 0.3281 0.9254 0.1894
vn 0.7221 0.5520 0.4169
vn 0.8338 -0.5520 -0.0000
vn 0.3789 -0.9254 -0.0000
vn -0.2320 -0.9727 -0.0000
vn -0.7771 -0.6294 -0.0000
vn -0.7771 0.6294 -0.0000
vn -0.2320 0.9727 -0.0000
vn 0.3789 0.9254 -0.0000
vn 0.8338 0.5520 -0.0000
vn 0.7221 -0.5520 -0.4169
vn 0.3281 -0.9254 -0.1894
vn -0.2009 -0.9727 0.1160
vn -0.6730 -0.6294 0.3885
vn -0.6730 0.6294 0.3885
vn -0.2009 0.9727 0.1160
vn 0.3281 0.9254 -0.1894
vn 0.7221 0.5520 -0.4169
vn 0.4169 -0.5520 -0.7221
vn 0.1894 -0.9254 -0.3281
vn -0.1160 -0.9727 0.2009
vn -0.3885 -0.6294 0.6730
vn -0.3885 0.6294 0.6730
vn -0.1160 0.9727 0.2009
vn 0.1894 0.9254 -0.3281
vn 0.4169 0.5520 -0.7221
vn -0.0000 -0.5520 -0.8338
vn -0.0000 -0.9254 -0.3789
vn -0.0000 -0.9727 0.2320
vn -0.0000 -0.6294 0.7771
vn -0.0000 0.6294 0.7771
vn -0.0000 0.9727 0.2320
vn -0.0000 0.9254 -0.3789
vn -0.0000 0.5520 -0.8338
vn -0.4169 -0.5520 -0.7221
vn -0.1894 -0.9254 -0.3281
vn 0.1160 -0.9727 0.2009
vn 0.3885 -0.6294 0.6730
vn 0.3885 0.6294 0.6730
vn 0.1160 0.9727 0.2009
vn -0.1894 0.9254 -0.3281
vn -0.4169 0.5520 -0.7221
vn -0.7221 -0.5520 -0.4169
vn -0.3281 -0.9254 -0.1895
vn 0.2009 -0.9727 0.1160
vn 0.6730 -0.6294 0.3885
vn 0.6730 0.6294 0.3885
vn 0.2009 0.9727 0.1160
vn -0.3281 0.9254 -0.1895
vn -0.7221 0.5520 -0.4169
vn -0.6857 -0.7279 -0.0000
vn -0.1699 -0.9855 -0.0000
vn -0.0933 -0.9041 0.4169
vn -0.5938 -0.6304 0.5000
vn 0.4138 -0.9104 -0.0000
vn 0.4486 -0.8734 0.1895
vn 0.8671 -0.4981 -0.0000
vn 0.8458 -0.5207 -0.1160
vn 0.9910 0.1340 -0.0000
vn 0.9196 0.0582 -0.3885
vn 0.6857 0.7279 -0.0000
vn 0.5938 0.6304 -0.5000
vn 0.0747 0.9972 -0.0000
vn 0.0033 0.9214 -0.3885
vn -0.5489 0.8359 -0.0000
vn -0.5702 0.8132 -0.1160
vn -0.9334 0.3588 -0.0000
vn -0.8986 0.3957 0.1895
vn -0.9736 -0.2284 -0.0000
vn -0.8970 -0.1471 0.4169
vn 0.1160 -0.6820 0.7221
vn -0.3428 -0.3639 0.8660
vn 0.5437 -0.7725 0.3281
vn 0.7876 -0.5825 -0.2010
vn 0.7246 -0.1488 -0.6730
vn 0.3428 0.3639 -0.8660
vn -0.1917 0.7144 -0.6730
vn -0.6285 0.7514 -0.2010
vn -0.8035 0.4967 0.3281
vn -0.6877 0.0751 0.7221
vn 0.4018 -0.3785 0.8338
vn 0.6736 -0.6346 0.3789
vn 0.7080 -0.6670 -0.2320
vn 0.4581 -0.4316 -0.7771
vn -0.4581 0.4316 -0.7771
vn -0.7080 0.6670 -0.2320
vn -0.6736 0.6346 0.3789
vn -0.4018 0.3785 0.8338
vn 0.6877 -0.0751 0.7221
vn 0.3428 0.3639 0.8660
vn 0.8035 -0.4967 0.3281
vn 0.6285 -0.7514 -0.2009
vn 0.1917 -0.7144 -0.6730
vn -0.3428 -0.3639 -0.8660
vn -0.7246 0.1488 -0.6730
vn -0.7876 0.5825 -0.2009
vn -0.5437 0.7725 0.3281
vn -0.1160 0.6820 0.7221
vn 0.8970 0.1471 0.4169
vn 0.5938 0.6304 0.5000
vn 0.8986 -0.3957 0.1894
vn 0.5702 -0.8132 -0.1160
vn -0.0033 -0.9214 -0.3885
vn -0.5938 -0.6304 -0.5000
vn -0.9196 -0.0583 -0.3885
vn -0.8458 0.5207 -0.1160
vn -0.4486 0.8734 0.1894
vn 0.0933 0.9041 0.4169
vn 0.9736 0.2284 -0.0000
vn 0.9334 -0.3588 -0.0000
vn 0.5489 -0.8359 -0.0000
vn -0.0747 -0.9972 -0.0000
vn -0.9910 -0.1340 -0.0000
vn -0.8671 0.4981 -0.0000
vn -0.4138 0.9104 -0.0000
vn 0.1699 0.9855 -0.0000
vn 0.8970 0.1471 -0.4169
vn 0.8986 -0.3957 -0.1894
vn 0.5702 -0.8132 0.1160
vn -0.0033 -0.9214 0.3885
vn -0.9196 -0.0583 0.3885
vn -0.8458 0.5207 0.1160
vn -0.4486 0.8734 -0.1894
vn 0.0933 0.9041 -0.4169
vn 0.6877 -0.0751 -0.7221
vn 0.8035 -0.4967 -0.3281
vn 0.6285 -0.7514 0.2009
vn 0.1917 -0.7144 0.6730
vn -0.7246 0.1488 0.6730
vn -0.7876 0.5825 0.2009
vn -0.5437 0.7725 -0.3281
vn -0.1160 0.6820 -0.7221
vn 0.4018 -0.3785 -0.8338
vn 0.6736 -0.6346 -0.3789
vn 0.7080 -0.6670 0.2320
vn 0.4581 -0.4316 0.7771
vn -0.4581 0.4316 0.7771
vn -0.7080 0.6670 0.2320
vn -0.6736 0.6346 -0.3789
vn -0.4018 0.3785 -0.8338
vn 0.1160 -0.6820 -0.7221
vn 0.5437 -0.7725 -0.3281
vn 0.7876 -0.5825 0.2009
vn 0.7246 -0.1488 0.6730
vn 0.3429 0.3639 0.8660
vn -0.1917 0.7144 0.6730
vn -0.6285 0.7514 0.2009
vn -0.8035 0.4967 -0.3281
vn -0.6877 0.0751 -0.7221
vn -0.0933 -0.9041 -0.4169
vn 0.4486 -0.8734 -0.1895
vn 0.8458 -0.5207 0.1160
vn 0.9196 0.0583 0.3885
vn 0.0033 0.9214 0.3885
vn -0.5702 0.8132 0.1160
vn -0.8986 0.3957 -0.1895
vn -0.8970 -0.1471 -0.4169
vt 0.125298 0.601616
vt 0.121460 0.612088
vt 0.098648 0.605224
vt 0.100167 0.594568
vt 0.115856 0.622095
vt 0.097216 0.615744
vt 0.109262 0.632054
vt 0.095543 0.627218
vt 0.103230 0.642403
vt 0.094058 0.640083
vt 0.100271 0.654053
vt 0.093386 0.652900
vt 0.100472 0.695303
vt 0.103402 0.706973
vt 0.094224 0.709240
vt 0.093577 0.696439
vt 0.109343 0.717429
vt 0.095634 0.722008
vt 0.115790 0.727041
vt 0.097490 0.733447
vt 0.121444 0.736878
vt 0.098962 0.743882
vt 0.125360 0.747202
vt 0.100563 0.754458
vt 0.076304 0.605890
vt 0.074418 0.595247
vt 0.078372 0.616278
vt 0.080761 0.627574
vt 0.083692 0.640615
vt 0.086571 0.653347
vt 0.083881 0.708711
vt 0.086758 0.695984
vt 0.080975 0.721724
vt 0.078664 0.733012
vt 0.076672 0.743390
vt 0.074876 0.754029
vt 0.055524 0.613732
vt 0.050235 0.604213
vt 0.060940 0.622911
vt 0.066714 0.632713
vt 0.073613 0.644356
vt 0.080255 0.655683
vt 0.073804 0.704990
vt 0.080436 0.693652
vt 0.066935 0.716651
vt 0.061210 0.726481
vt 0.055852 0.735696
vt 0.050631 0.745255
vt 0.038264 0.628052
vt 0.029988 0.620662
vt 0.046562 0.634964
vt 0.055442 0.642583
vt 0.065563 0.651475
vt 0.075058 0.659823
vt 0.065734 0.697879
vt 0.075233 0.689518
vt 0.055607 0.706809
vt 0.046756 0.714495
vt 0.038482 0.721477
vt 0.030243 0.728945
vt 0.026459 0.647812
vt 0.015871 0.643455
vt 0.036855 0.651648
vt 0.048074 0.655515
vt 0.060150 0.660267
vt 0.071613 0.665538
vt 0.060303 0.689072
vt 0.071787 0.683803
vt 0.048129 0.693817
vt 0.036954 0.697834
vt 0.026505 0.701744
vt 0.015883 0.706208
vt 0.021919 0.672119
vt 0.009869 0.670620
vt 0.033882 0.671555
vt 0.045803 0.670100
vt 0.057928 0.669460
vt 0.069518 0.672119
vt 0.058114 0.679864
vt 0.069702 0.677223
vt 0.046030 0.679133
vt 0.033790 0.677670
vt 0.021708 0.677223
vt 0.009565 0.678853
vt 0.009470 0.670249
vt 0.021611 0.671896
vt 0.026444 0.647396
vt 0.015827 0.642905
vt 0.033690 0.671460
vt 0.036876 0.651334
vt 0.045914 0.670001
vt 0.048008 0.655367
vt 0.057975 0.669247
vt 0.060100 0.659952
vt 0.069268 0.671896
vt 0.071524 0.665558
vt 0.069001 0.676929
vt 0.057710 0.679601
vt 0.059867 0.688877
vt 0.071268 0.683264
vt 0.045618 0.678933
vt 0.047875 0.693465
vt 0.033707 0.677479
vt 0.036703 0.697355
vt 0.021744 0.676929
vt 0.026324 0.701218
vt 0.009694 0.678446
vt 0.015741 0.705607
vt 0.038493 0.627693
vt 0.030264 0.620177
vt 0.046750 0.634734
vt 0.055563 0.642524
vt 0.065899 0.651362
vt 0.075183 0.659888
vt 0.065657 0.697444
vt 0.074929 0.688930
vt 0.055324 0.706247
vt 0.046486 0.713973
vt 0.038206 0.720946
vt 0.029942 0.728388
vt 0.055983 0.613488
vt 0.050788 0.603874
vt 0.061319 0.622749
vt 0.067028 0.632622
vt 0.073927 0.644318
vt 0.080499 0.655772
vt 0.073665 0.704492
vt 0.080240 0.693048
vt 0.066738 0.716172
vt 0.060985 0.726019
vt 0.055593 0.735249
vt 0.050333 0.744826
vt 0.076905 0.605866
vt 0.075162 0.595204
vt 0.078859 0.616262
vt 0.081138 0.627565
vt 0.083989 0.640602
vt 0.086913 0.653430
vt 0.083729 0.708224
vt 0.086649 0.695391
vt 0.080856 0.721287
vt 0.078506 0.732600
vt 0.076483 0.743009
vt 0.074657 0.753681
vt 0.099202 0.605490
vt 0.100847 0.594953
vt 0.097716 0.615889
vt 0.095916 0.627315
vt 0.094236 0.640050
vt 0.093829 0.652908
vt 0.093999 0.708776
vt 0.093561 0.695903
vt 0.095755 0.721601
vt 0.097380 0.733058
vt 0.098839 0.743543
vt 0.100417 0.754162
vt 0.121469 0.612539
vt 0.125423 0.602314
vt 0.115804 0.622270
vt 0.109376 0.631771
vt 0.103666 0.642227
vt 0.100722 0.653893
vt 0.103425 0.706533
vt 0.100441 0.694899
vt 0.109211 0.716911
vt 0.115806 0.726695
vt 0.121440 0.736593
vt 0.125333 0.746969
s 1
usemtl donut_stand.001
f 3191/1139/860 3192/1140/861 3202/1141/862 3201/1142/863
f 3192/1140/861 3193/1143/864 3203/1144/865 3202/1141/862
f 3193/1143/864 3194/1145/866 3204/1146/867 3203/1144/865
f 3194/1145/866 3195/1147/868 3205/1148/869 3204/1146/867
f 3195/1147/868 3196/1149/870 3206/1150/871 3205/1148/869
f 3196/1151/870 3197/1152/872 3207/1153/873 3206/1154/871
f 3197/1152/872 3198/1155/874 3208/1156/875 3207/1153/873
f 3198/1155/874 3199/1157/876 3209/1158/877 3208/1156/875
f 3199/1157/876 3200/1159/878 3210/1160/879 3209/1158/877
f 3200/1159/878 3191/1161/860 3201/1162/863 3210/1160/879
f 3201/1142/863 3202/1141/862 3212/1163/880 3211/1164/881
f 3202/1141/862 3203/1144/865 3213/1165/882 3212/1163/880
f 3203/1144/865 3204/1146/867 3214/1166/883 3213/1165/882
f 3204/1146/867 3205/1148/869 3215/1167/884 3214/1166/883
f 3205/1148/869 3206/1150/871 3216/1168/885 3215/1167/884
f 3206/1154/871 3207/1153/873 3217/1169/886 3216/1170/885
f 3207/1153/873 3208/1156/875 3218/1171/887 3217/1169/886
f 3208/1156/875 3209/1158/877 3219/1172/888 3218/1171/887
f 3209/1158/877 3210/1160/879 3220/1173/889 3219/1172/888
f 3210/1160/879 3201/1162/863 3211/1174/881 3220/1173/889
f 3211/1164/881 3212/1163/880 3222/1175/890 3221/1176/891
f 3212/1163/880 3213/1165/882 3223/1177/892 3222/1175/890
f 3213/1165/882 3214/1166/883 3224/1178/893 3223/1177/892
f 3214/1166/883 3215/1167/884 3225/1179/894 3224/1178/893
f 3215/1167/884 3216/1168/885 3226/1180/895 3225/1179/894
f 3216/1170/885 3217/1169/886 3227/1181/896 3226/1182/895
f 3217/1169/886 3218/1171/887 3228/1183/897 3227/1181/896
f 3218/1171/887 3219/1172/888 3229/1184/898 3228/1183/897
f 3219/1172/888 3220/1173/889 3230/1185/899 3229/1184/898
f 3220/1173/889 3211/1174/881 3221/1186/891 3230/1185/899
f 3221/1176/891 3222/1175/890 3232/1187/900 3231/1188/901
f 3222/1175/890 3223/1177/892 3233/1189/902 3232/1187/900
f 3223/1177/892 3224/1178/893 3234/1190/903 3233/1189/902
f 3224/1178/893 3225/1179/894 3235/1191/904 3234/1190/903
f 3225/1179/894 3226/1180/895 3236/1192/905 3235/1191/904
f 3226/1182/895 3227/1181/896 3237/1193/906 3236/1194/905
f 3227/1181/896 3228/1183/897 3238/1195/907 3237/1193/906
f 3228/1183/897 3229/1184/898 3239/1196/908 3238/1195/907
f 3229/1184/898 3230/1185/899 3240/1197/909 3239/1196/908
f 3230/1185/899 3221/1186/891 3231/1198/901 3240/1197/909
f 3231/1188/901 3232/1187/900 3242/1199/910 3241/1200/911
f 3232/1187/900 3233/1189/902 3243/1201/912 3242/1199/910
f 3233/1189/902 3234/1190/903 3244/1202/913 3243/1201/912
f 3234/1190/903 3235/1191/904 3245/1203/914 3244/1202/913
f 3235/1191/904 3236/1192/905 3246/1204/915 3245/1203/914
f 3236/1194/905 3237/1193/906 3247/1205/916 3246/1206/915
f 3237/1193/906 3238/1195/907 3248/1207/917 3247/1205/916
f 3238/1195/907 3239/1196/908 3249/1208/918 3248/1207/917
f 3239/1196/908 3240/1197/909 3250/1209/919 3249/1208/918
f 3240/1197/909 3231/1198/901 3241/1210/911 3250/1209/919
f 3241/1200/911 3242/1199/910 3252/1211/920 3251/1212/870
f 3242/1199/910 3243/1201/912 3253/1213/921 3252/1211/920
f 3243/1201/912 3244/1202/913 3254/1214/922 3253/1213/921
f 3244/1202/913 3245/1203/914 3255/1215/923 3254/1214/922
f 3245/1203/914 3246/1204/915 3256/1216/860 3255/1215/923
f 3246/1206/915 3247/1205/916 3257/1217/924 3256/1218/860
f 3247/1205/916 3248/1207/917 3258/1219/925 3257/1217/924
f 3248/1207/917 3249/1208/918 3259/1220/926 3258/1219/925
f 3249/1208/918 3250/1209/919 3260/1221/927 3259/1220/926
f 3250/1209/919 3241/1210/911 3251/1222/870 3260/1221/927
f 3251/1223/870 3252/1224/920 3262/1225/928 3261/1226/871
f 3252/1224/920 3253/1227/921 3263/1228/929 3262/1225/928
f 3253/1227/921 3254/1229/922 3264/1230/930 3263/1228/929
f 3254/1229/922 3255/1231/923 3265/1232/931 3264/1230/930
f 3255/1231/923 3256/1233/860 3266/1234/863 3265/1232/931
f 3256/1235/860 3257/1236/924 3267/1237/932 3266/1238/863
f 3257/1236/924 3258/1239/925 3268/1240/933 3267/1237/932
f 3258/1239/925 3259/1241/926 3269/1242/934 3268/1240/933
f 3259/1241/926 3260/1243/927 3270/1244/935 3269/1242/934
f 3260/1243/927 3251/1245/870 3261/1246/871 3270/1244/935
f 3261/1226/871 3262/1225/928 3272/1247/936 3271/1248/885
f 3262/1225/928 3263/1228/929 3273/1249/937 3272/1247/936
f 3263/1228/929 3264/1230/930 3274/1250/938 3273/1249/937
f 3264/1230/930 3265/1232/931 3275/1251/939 3274/1250/938
f 3265/1232/931 3266/1234/863 3276/1252/881 3275/1251/939
f 3266/1238/863 3267/1237/932 3277/1253/940 3276/1254/881
f 3267/1237/932 3268/1240/933 3278/1255/941 3277/1253/940
f 3268/1240/933 3269/1242/934 3279/1256/942 3278/1255/941
f 3269/1242/934 3270/1244/935 3280/1257/943 3279/1256/942
f 3270/1244/935 3261/1246/871 3271/1258/885 3280/1257/943
f 3271/1248/885 3272/1247/936 3282/1259/944 3281/1260/895
f 3272/1247/936 3273/1249/937 3283/1261/945 3282/1259/944
f 3273/1249/937 3274/1250/938 3284/1262/946 3283/1261/945
f 3274/1250/938 3275/1251/939 3285/1263/947 3284/1262/946
f 3275/1251/939 3276/1252/881 3286/1264/891 3285/1263/947
f 3276/1254/881 3277/1253/940 3287/1265/948 3286/1266/891
f 3277/1253/940 3278/1255/941 3288/1267/949 3287/1265/948
f 3278/1255/941 3279/1256/942 3289/1268/950 3288/1267/949
f 3279/1256/942 3280/1257/943 3290/1269/951 3289/1268/950
f 3280/1257/943 3271/1258/885 3281/1270/895 3290/1269/951
f 3281/1260/895 3282/1259/944 3292/1271/952 3291/1272/905
f 3282/1259/944 3283/1261/945 3293/1273/953 3292/1271/952
f 3283/1261/945 3284/1262/946 3294/1274/954 3293/1273/953
f 3284/1262/946 3285/1263/947 3295/1275/955 3294/1274/954
f 3285/1263/947 3286/1264/891 3296/1276/901 3295/1275/955
f 3286/1266/891 3287/1265/948 3297/1277/956 3296/1278/901
f 3287/1265/948 3288/1267/949 3298/1279/957 3297/1277/956
f 3288/1267/949 3289/1268/950 3299/1280/958 3298/1279/957
f 3289/1268/950 3290/1269/951 3300/1281/959 3299/1280/958
f 3290/1269/951 3281/1270/895 3291/1282/905 3300/1281/959
f 3291/1272/905 3292/1271/952 3302/1283/960 3301/1284/915
f 3292/1271/952 3293/1273/953 3303/1285/961 3302/1283/960
f 3293/1273/953 3294/1274/954 3304/1286/962 3303/1285/961
f 3294/1274/954 3295/1275/955 3305/1287/963 3304/1286/962
f 3295/1275/955 3296/1276/901 3306/1288/911 3305/1287/963
f 3296/1278/901 3297/1277/956 3307/1289/964 3306/1290/911
f 3297/1277/956 3298/1279/957 3308/1291/965 3307/1289/964
f 3298/1279/957 3299/1280/958 3309/1292/966 3308/1291/965
f 3299/1280/958 3300/1281/959 3310/1293/967 3309/1292/966
f 3300/1281/959 3291/1282/905 3301/1294/915 3310/1293/967
f 3301/1284/915 3302/1283/960 3192/1295/861 3191/1296/860
f 3302/1283/960 3303/1285/961 3193/1297/864 3192/1295/861
f 3303/1285/961 3304/1286/962 3194/1298/866 3193/1297/864
f 3304/1286/962 3305/1287/963 3195/1299/868 3194/1298/866
f 3305/1287/963 3306/1288/911 3196/1300/870 3195/1299/868
f 3306/1290/911 3307/1289/964 3197/1301/872 3196/1302/870
f 3307/1289/964 3308/1291/965 3198/1303/874 3197/1301/872
f 3308/1291/965 3309/1292/966 3199/1304/876 3198/1303/874
f 3309/1292/966 3310/1293/967 3200/1305/878 3199/1304/876
f 3310/1293/967 3301/1294/915 3191/1306/860 3200/1305/878
f 3311/1139/860 3312/1140/861 3322/1141/862 3321/1142/863
f 3312/1140/861 3313/1143/864 3323/1144/865 3322/1141/862
f 3313/1143/864 3314/1145/866 3324/1146/867 3323/1144/865
f 3314/1145/866 3315/1147/868 3325/1148/869 3324/1146/867
f 3315/1147/868 3316/1149/870 3326/1150/871 3325/1148/869
f 3316/1151/870 3317/1152/872 3327/1153/873 3326/1154/871
f 3317/1152/872 3318/1155/874 3328/1156/875 3327/1153/873
f 3318/1155/874 3319/1157/876 3329/1158/877 3328/1156/875
f 3319/1157/876 3320/1159/878 3330/1160/879 3329/1158/877
f 3320/1159/878 3311/1161/860 3321/1162/863 3330/1160/879
f 3321/1142/863 3322/1141/862 3332/1163/880 3331/1164/881
f 3322/1141/862 3323/1144/865 3333/1165/882 3332/1163/880
f 3323/1144/865 3324/1146/867 3334/1166/883 3333/1165/882
f 3324/1146/867 3325/1148/869 3335/1167/884 3334/1166/883
f 3325/1148/869 3326/1150/871 3336/1168/885 3335/1167/884
f 3326/1154/871 3327/1153/873 3337/1169/886 3336/1170/885
f 3327/1153/873 3328/1156/875 3338/1171/887 3337/1169/886
f 3328/1156/875 3329/1158/877 3339/1172/888 3338/1171/887
f 3329/1158/877 3330/1160/879 3340/1173/889 3339/1172/888
f 3330/1160/879 3321/1162/863 3331/1174/881 3340/1173/889
f 3331/1164/881 3332/1163/880 3342/1175/890 3341/1176/891
f 3332/1163/880 3333/1165/882 3343/1177/892 3342/1175/890
f 3333/1165/882 3334/1166/883 3344/1178/893 3343/1177/892
f 3334/1166/883 3335/1167/884 3345/1179/894 3344/1178/893
f 3335/1167/884 3336/1168/885 3346/1180/895 3345/1179/894
f 3336/1170/885 3337/1169/886 3347/1181/896 3346/1182/895
f 3337/1169/886 3338/1171/887 3348/1183/897 3347/1181/896
f 3338/1171/887 3339/1172/888 3349/1184/898 3348/1183/897
f 3339/1172/888 3340/1173/889 3350/1185/899 3349/1184/898
f 3340/1173/889 3331/1174/881 3341/1186/891 3350/1185/899
f 3341/1176/891 3342/1175/890 3352/1187/900 3351/1188/901
f 3342/1175/890 3343/1177/892 3353/1189/902 3352/1187/900
f 3343/1177/892 3344/1178/893 3354/1190/903 3353/1189/902
f 3344/1178/893 3345/1179/894 3355/1191/904 3354/1190/903
f 3345/1179/894 3346/1180/895 3356/1192/905 3355/1191/904
f 3346/1182/895 3347/1181/896 3357/1193/906 3356/1194/905
f 3347/1181/896 3348/1183/897 3358/1195/907 3357/1193/906
f 3348/1183/897 3349/1184/898 3359/1196/908 3358/1195/907
f 3349/1184/898 3350/1185/899 3360/1197/909 3359/1196/908
f 3350/1185/899 3341/1186/891 3351/1198/901 3360/1197/909
f 3351/1188/901 3352/1187/900 3362/1199/910 3361/1200/911
f 3352/1187/900 3353/1189/902 3363/1201/912 3362/1199/910
f 3353/1189/902 3354/1190/903 3364/1202/913 3363/1201/912
f 3354/1190/903 3355/1191/904 3365/1203/914 3364/1202/913
f 3355/1191/904 3356/1192/905 3366/1204/915 3365/1203/914
f 3356/1194/905 3357/1193/906 3367/1205/916 3366/1206/915
f 3357/1193/906 3358/1195/907 3368/1207/917 3367/1205/916
f 3358/1195/907 3359/1196/908 3369/1208/918 3368/1207/917
f 3359/1196/908 3360/1197/909 3370/1209/919 3369/1208/918
f 3360/1197/909 3351/1198/901 3361/1210/911 3370/1209/919
f 3361/1200/911 3362/1199/910 3372/1211/920 3371/1212/870
f 3362/1199/910 3363/1201/912 3373/1213/921 3372/1211/920
f 3363/1201/912 3364/1202/913 3374/1214/922 3373/1213/921
f 3364/1202/913 3365/1203/914 3375/1215/923 3374/1214/922
f 3365/1203/914 3366/1204/915 3376/1216/860 3375/1215/923
f 3366/1206/915 3367/1205/916 3377/1217/924 3376/1218/860
f 3367/1205/916 3368/1207/917 3378/1219/925 3377/1217/924
f 3368/1207/917 3369/1208/918 3379/1220/926 3378/1219/925
f 3369/1208/918 3370/1209/919 3380/1221/927 3379/1220/926
f 3370/1209/919 3361/1210/911 3371/1222/870 3380/1221/927
f 3371/1223/870 3372/1224/920 3382/1225/928 3381/1226/871
f 3372/1224/920 3373/1227/921 3383/1228/929 3382/1225/928
f 3373/1227/921 3374/1229/922 3384/1230/930 3383/1228/929
f 3374/1229/922 3375/1231/923 3385/1232/931 3384/1230/930
f 3375/1231/923 3376/1233/860 3386/1234/863 3385/1232/931
f 3376/1235/860 3377/1236/924 3387/1237/932 3386/1238/863
f 3377/1236/924 3378/1239/925 3388/1240/933 3387/1237/932
f 3378/1239/925 3379/1241/926 3389/1242/934 3388/1240/933
f 3379/1241/926 3380/1243/927 3390/1244/935 3389/1242/934
f 3380/1243/927 3371/1245/870 3381/1246/871 3390/1244/935
f 3381/1226/871 3382/1225/928 3392/1247/936 3391/1248/885
f 3382/1225/928 3383/1228/929 3393/1249/937 3392/1247/936
f 3383/1228/929 3384/1230/930 3394/1250/938 3393/1249/937
f 3384/1230/930 3385/1232/931 3395/1251/939 3394/1250/938
f 3385/1232/931 3386/1234/863 3396/1252/881 3395/1251/939
f 3386/1238/863 3387/1237/932 3397/1253/940 3396/1254/881
f 3387/1237/932 3388/1240/933 3398/1255/941 3397/1253/940
f 3388/1240/933 3389/1242/934 3399/1256/942 3398/1255/941
f 3389/1242/934 3390/1244/935 3400/1257/943 3399/1256/942
f 3390/1244/935 3381/1246/871 3391/1258/885 3400/1257/943
f 3391/1248/885 3392/1247/936 3402/1259/944 3401/1260/895
f 3392/1247/936 3393/1249/937 3403/1261/945 3402/1259/944
f 3393/1249/937 3394/1250/938 3404/1262/946 3403/1261/945
f 3394/1250/938 3395/1251/939 3405/1263/947 3404/1262/946
f 3395/1251/939 3396/1252/881 3406/1264/891 3405/1263/947
f 3396/1254/881 3397/1253/940 3407/1265/948 3406/1266/891
f 3397/1253/940 3398/1255/941 3408/1267/949 3407/1265/948
f 3398/1255/941 3399/1256/942 3409/1268/950 3408/1267/949
f 3399/1256/942 3400/1257/943 3410/1269/951 3409/1268/950
f 3400/1257/943 3391/1258/885 3401/1270/895 3410/1269/951
f 3401/1260/895 3402/1259/944 3412/1271/952 3411/1272/905
f 3402/1259/944 3403/1261/945 3413/1273/953 3412/1271/952
f 3403/1261/945 3404/1262/946 3414/1274/954 3413/1273/953
f 3404/1262/946 3405/1263/947 3415/1275/955 3414/1274/954
f 3405/1263/947 3406/1264/891 3416/1276/901 3415/1275/955
f 3406/1266/891 3407/1265/948 3417/1277/956 3416/1278/901
f 3407/1265/948 3408/1267/949 3418/1279/957 3417/1277/956
f 3408/1267/949 3409/1268/950 3419/1280/958 3418/1279/957
f 3409/1268/950 3410/1269/951 3420/1281/959 3419/1280/958
f 3410/1269/951 3401/1270/895 3411/1282/905 3420/1281/959
f 3411/1272/905 3412/1271/952 3422/1283/960 3421/1284/915
f 3412/1271/952 3413/1273/953 3423/1285/961 3422/1283/960
f 3413/1273/953 3414/1274/954 3424/1286/962 3423/1285/961
f 3414/1274/954 3415/1275/955 3425/1287/963 3424/1286/962
f 3415/1275/955 3416/1276/901 3426/1288/911 3425/1287/963
f 3416/1278/901 3417/1277/956 3427/1289/964 3426/1290/911
f 3417/1277/956 3418/1279/957 3428/1291/965 3427/1289/964
f 3418/1279/957 3419/1280/958 3429/1292/966 3428/1291/965
f 3419/1280/958 3420/1281/959 3430/1293/967 3429/1292/966
f 3420/1281/959 3411/1282/905 3421/1294/915 3430/1293/967
f 3421/1284/915 3422/1283/960 3312/1295/861 3311/1296/860
f 3422/1283/960 3423/1285/961 3313/1297/864 3312/1295/861
f 3423/1285/961 3424/1286/962 3314/1298/866 3313/1297/864
f 3424/1286/962 3425/1287/963 3315/1299/868 3314/1298/866
f 3425/1287/963 3426/1288/911 3316/1300/870 3315/1299/868
f 3426/1290/911 3427/1289/964 3317/1301/872 3316/1302/870
f 3427/1289/964 3428/1291/965 3318/1303/874 3317/1301/872
f 3428/1291/965 3429/1292/966 3319/1304/876 3318/1303/874
f 3429/1292/966 3430/1293/967 3320/1305/878 3319/1304/876
f 3430/1293/967 3421/1294/915 3311/1306/860 3320/1305/878
f 3431/1139/968 3432/1140/969 3442/1141/970 3441/1142/971
f 3432/1140/969 3433/1143/972 3443/1144/973 3442/1141/970
f 3433/1143/972 3434/1145/974 3444/1146/975 3443/1144/973
f 3434/1145/974 3435/1147/976 3445/1148/977 3444/1146/975
f 3435/1147/976 3436/1149/978 3446/1150/979 3445/1148/977
f 3436/1151/978 3437/1152/980 3447/1153/981 3446/1154/979
f 3437/1152/980 3438/1155/982 3448/1156/983 3447/1153/981
f 3438/1155/982 3439/1157/984 3449/1158/985 3448/1156/983
f 3439/1157/984 3440/1159/986 3450/1160/987 3449/1158/985
f 3440/1159/986 3431/1161/968 3441/1162/971 3450/1160/987
f 3441/1142/971 3442/1141/970 3452/1163/988 3451/1164/989
f 3442/1141/970 3443/1144/973 3453/1165/990 3452/1163/988
f 3443/1144/973 3444/1146/975 3454/1166/991 3453/1165/990
f 3444/1146/975 3445/1148/977 3455/1167/992 3454/1166/991
f 3445/1148/977 3446/1150/979 3456/1168/993 3455/1167/992
f 3446/1154/979 3447/1153/981 3457/1169/994 3456/1170/993
f 3447/1153/981 3448/1156/983 3458/1171/995 3457/1169/994
f 3448/1156/983 3449/1158/985 3459/1172/996 3458/1171/995
f 3449/1158/985 3450/1160/987 3460/1173/997 3459/1172/996
f 3450/1160/987 3441/1162/971 3451/1174/989 3460/1173/997
f 3451/1164/989 3452/1163/988 3462/1175/998 3461/1176/891
f 3452/1163/988 3453/1165/990 3463/1177/999 3462/1175/998
f 3453/1165/990 3454/1166/991 3464/1178/1000 3463/1177/999
f 3454/1166/991 3455/1167/992 3465/1179/1001 3464/1178/1000
f 3455/1167/992 3456/1168/993 3466/1180/895 3465/1179/1001
f 3456/1170/993 3457/1169/994 3467/1181/1002 3466/1182/895
f 3457/1169/994 3458/1171/995 3468/1183/1003 3467/1181/1002
f 3458/1171/995 3459/1172/996 3469/1184/1004 3468/1183/1003
f 3459/1172/996 3460/1173/997 3470/1185/1005 3469/1184/1004
f 3460/1173/997 3451/1174/989 3461/1186/891 3470/1185/1005
f 3461/1176/891 3462/1175/998 3472/1187/1006 3471/1188/1007
f 3462/1175/998 3463/1177/999 3473/1189/1008 3472/1187/1006
f 3463/1177/999 3464/1178/1000 3474/1190/1009 3473/1189/1008
f 3464/1178/1000 3465/1179/1001 3475/1191/1010 3474/1190/1009
f 3465/1179/1001 3466/1180/895 3476/1192/1011 3475/1191/1010
f 3466/1182/895 3467/1181/1002 3477/1193/1012 3476/1194/1011
f 3467/1181/1002 3468/1183/1003 3478/1195/1013 3477/1193/1012
f 3468/1183/1003 3469/1184/1004 3479/1196/1014 3478/1195/1013
f 3469/1184/1004 3470/1185/1005 3480/1197/1015 3479/1196/1014
f 3470/1185/1005 3461/1186/891 3471/1198/1007 3480/1197/1015
f 3471/1188/1007 3472/1187/1006 3482/1199/1016 3481/1200/1017
f 3472/1187/1006 3473/1189/1008 3483/1201/1018 3482/1199/1016
f 3473/1189/1008 3474/1190/1009 3484/1202/1019 3483/1201/1018
f 3474/1190/1009 3475/1191/1010 3485/1203/1020 3484/1202/1019
f 3475/1191/1010 3476/1192/1011 3486/1204/1021 3485/1203/1020
f 3476/1194/1011 3477/1193/1012 3487/1205/1022 3486/1206/1021
f 3477/1193/1012 3478/1195/1013 3488/1207/1023 3487/1205/1022
f 3478/1195/1013 3479/1196/1014 3489/1208/1024 3488/1207/1023
f 3479/1196/1014 3480/1197/1015 3490/1209/1025 3489/1208/1024
f 3480/1197/1015 3471/1198/1007 3481/1210/1017 3490/1209/1025
f 3481/1200/1017 3482/1199/1016 3492/1211/1026 3491/1212/978
f 3482/1199/1016 3483/1201/1018 3493/1213/1027 3492/1211/1026
f 3483/1201/1018 3484/1202/1019 3494/1214/1028 3493/1213/1027
f 3484/1202/1019 3485/1203/1020 3495/1215/1029 3494/1214/1028
f 3485/1203/1020 3486/1204/1021 3496/1216/968 3495/1215/1029
f 3486/1206/1021 3487/1205/1022 3497/1217/1030 3496/1218/968
f 3487/1205/1022 3488/1207/1023 3498/1219/1031 3497/1217/1030
f 3488/1207/1023 3489/1208/1024 3499/1220/1032 3498/1219/1031
f 3489/1208/1024 3490/1209/1025 3500/1221/1033 3499/1220/1032
f 3490/1209/1025 3481/1210/1017 3491/1222/978 3500/1221/1033
f 3491/1223/978 3492/1224/1026 3502/1225/1034 3501/1226/979
f 3492/1224/1026 3493/1227/1027 3503/1228/1035 3502/1225/1034
f 3493/1227/1027 3494/1229/1028 3504/1230/1036 3503/1228/1035
f 3494/1229/1028 3495/1231/1029 3505/1232/1037 3504/1230/1036
f 3495/1231/1029 3496/1233/968 3506/1234/971 3505/1232/1037
f 3496/1235/968 3497/1236/1030 3507/1237/1038 3506/1238/971
f 3497/1236/1030 3498/1239/1031 3508/1240/1039 3507/1237/1038
f 3498/1239/1031 3499/1241/1032 3509/1242/1040 3508/1240/1039
f 3499/1241/1032 3500/1243/1033 3510/1244/1041 3509/1242/1040
f 3500/1243/1033 3491/1245/978 3501/1246/979 3510/1244/1041
f 3501/1226/979 3502/1225/1034 3512/1247/1042 3511/1248/993
f 3502/1225/1034 3503/1228/1035 3513/1249/1043 3512/1247/1042
f 3503/1228/1035 3504/1230/1036 3514/1250/1044 3513/1249/1043
f 3504/1230/1036 3505/1232/1037 3515/1251/1045 3514/1250/1044
f 3505/1232/1037 3506/1234/971 3516/1252/989 3515/1251/1045
f 3506/1238/971 3507/1237/1038 3517/1253/1046 3516/1254/989
f 3507/1237/1038 3508/1240/1039 3518/1255/1047 3517/1253/1046
f 3508/1240/1039 3509/1242/1040 3519/1256/1048 3518/1255/1047
f 3509/1242/1040 3510/1244/1041 3520/1257/1049 3519/1256/1048
f 3510/1244/1041 3501/1246/979 3511/1258/993 3520/1257/1049
f 3511/1248/993 3512/1247/1042 3522/1259/1050 3521/1260/895
f 3512/1247/1042 3513/1249/1043 3523/1261/1051 3522/1259/1050
f 3513/1249/1043 3514/1250/1044 3524/1262/1052 3523/1261/1051
f 3514/1250/1044 3515/1251/1045 3525/1263/1053 3524/1262/1052
f 3515/1251/1045 3516/1252/989 3526/1264/891 3525/1263/1053
f 3516/1254/989 3517/1253/1046 3527/1265/1054 3526/1266/891
f 3517/1253/1046 3518/1255/1047 3528/1267/1055 3527/1265/1054
f 3518/1255/1047 3519/1256/1048 3529/1268/1056 3528/1267/1055
f 3519/1256/1048 3520/1257/1049 3530/1269/1057 3529/1268/1056
f 3520/1257/1049 3511/1258/993 3521/1270/895 3530/1269/1057
f 3521/1260/895 3522/1259/1050 3532/1271/1058 3531/1272/1011
f 3522/1259/1050 3523/1261/1051 3533/1273/1059 3532/1271/1058
f 3523/1261/1051 3524/1262/1052 3534/1274/1060 3533/1273/1059
f 3524/1262/1052 3525/1263/1053 3535/1275/1061 3534/1274/1060
f 3525/1263/1053 3526/1264/891 3536/1276/1062 3535/1275/1061
f 3526/1266/891 3527/1265/1054 3537/1277/1063 3536/1278/1062
f 3527/1265/1054 3528/1267/1055 3538/1279/1064 3537/1277/1063
f 3528/1267/1055 3529/1268/1056 3539/1280/1065 3538/1279/1064
f 3529/1268/1056 3530/1269/1057 3540/1281/1066 3539/1280/1065
f 3530/1269/1057 3521/1270/895 3531/1282/1011 3540/1281/1066
f 3531/1272/1011 3532/1271/1058 3542/1283/1067 3541/1284/1021
f 3532/1271/1058 3533/1273/1059 3543/1285/1068 3542/1283/1067
f 3533/1273/1059 3534/1274/1060 3544/1286/1069 3543/1285/1068
f 3534/1274/1060 3535/1275/1061 3545/1287/1070 3544/1286/1069
f 3535/1275/1061 3536/1276/1062 3546/1288/1017 3545/1287/1070
f 3536/1278/1062 3537/1277/1063 3547/1289/1071 3546/1290/1017
f 3537/1277/1063 3538/1279/1064 3548/1291/1072 3547/1289/1071
f 3538/1279/1064 3539/1280/1065 3549/1292/1073 3548/1291/1072
f 3539/1280/1065 3540/1281/1066 3550/1293/1074 3549/1292/1073
f 3540/1281/1066 3531/1282/1011 3541/1294/1021 3550/1293/1074
f 3541/1284/1021 3542/1283/1067 3432/1295/969 3431/1296/968
f 3542/1283/1067 3543/1285/1068 3433/1297/972 3432/1295/969
f 3543/1285/1068 3544/1286/1069 3434/1298/974 3433/1297/972
f 3544/1286/1069 3545/1287/1070 3435/1299/976 3434/1298/974
f 3545/1287/1070 3546/1288/1017 3436/1300/978 3435/1299/976
f 3546/1290/1017 3547/1289/1071 3437/1301/980 3436/1302/978
f 3547/1289/1071 3548/1291/1072 3438/1303/982 3437/1301/980
f 3548/1291/1072 3549/1292/1073 3439/1304/984 3438/1303/982
f 3549/1292/1073 3550/1293/1074 3440/1305/986 3439/1304/984
f 3550/1293/1074 3541/1294/1021 3431/1306/968 3440/1305/986
f 3551/1139/968 3552/1140/969 3562/1141/970 3561/1142/971
f 3552/1140/969 3553/1143/972 3563/1144/973 3562/1141/970
f 3553/1143/972 3554/1145/974 3564/1146/975 3563/1144/973
f 3554/1145/974 3555/1147/976 3565/1148/977 3564/1146/975
f 3555/1147/976 3556/1149/978 3566/1150/979 3565/1148/977
f 3556/1151/978 3557/1152/980 3567/1153/981 3566/1154/979
f 3557/1152/980 3558/1155/982 3568/1156/983 3567/1153/981
f 3558/1155/982 3559/1157/984 3569/1158/985 3568/1156/983
f 3559/1157/984 3560/1159/986 3570/1160/987 3569/1158/985
f 3560/1159/986 3551/1161/968 3561/1162/971 3570/1160/987
f 3561/1142/971 3562/1141/970 3572/1163/988 3571/1164/989
f 3562/1141/970 3563/1144/973 3573/1165/990 3572/1163/988
f 3563/1144/973 3564/1146/975 3574/1166/991 3573/1165/990
f 3564/1146/975 3565/1148/977 3575/1167/992 3574/1166/991
f 3565/1148/977 3566/1150/979 3576/1168/993 3575/1167/992
f 3566/1154/979 3567/1153/981 3577/1169/994 3576/1170/993
f 3567/1153/981 3568/1156/983 3578/1171/995 3577/1169/994
f 3568/1156/983 3569/1158/985 3579/1172/996 3578/1171/995
f 3569/1158/985 3570/1160/987 3580/1173/997 3579/1172/996
f 3570/1160/987 3561/1162/971 3571/1174/989 3580/1173/997
f 3571/1164/989 3572/1163/988 3582/1175/998 3581/1176/891
f 3572/1163/988 3573/1165/990 3583/1177/999 3582/1175/998
f 3573/1165/990 3574/1166/991 3584/1178/1000 3583/1177/999
f 3574/1166/991 3575/1167/992 3585/1179/1001 3584/1178/1000
f 3575/1167/992 3576/1168/993 3586/1180/895 3585/1179/1001
f 3576/1170/993 3577/1169/994 3587/1181/1002 3586/1182/895
f 3577/1169/994 3578/1171/995 3588/1183/1003 3587/1181/1002
f 3578/1171/995 3579/1172/996 3589/1184/1004 3588/1183/1003
f 3579/1172/996 3580/1173/997 3590/1185/1005 3589/1184/1004
f 3580/1173/997 3571/1174/989 3581/1186/891 3590/1185/1005
f 3581/1176/891 3582/1175/998 3592/1187/1006 3591/1188/1007
f 3582/1175/998 3583/1177/999 3593/1189/1008 3592/1187/1006
f 3583/1177/999 3584/1178/1000 3594/1190/1009 3593/1189/1008
f 3584/1178/1000 3585/1179/1001 3595/1191/1010 3594/1190/1009
f 3585/1179/1001 3586/1180/895 3596/1192/1011 3595/1191/1010
f 3586/1182/895 3587/1181/1002 3597/1193/1012 3596/1194/1011
f 3587/1181/1002 3588/1183/1003 3598/1195/1013 3597/1193/1012
f 3588/1183/1003 3589/1184/1004 3599/1196/1014 3598/1195/1013
f 3589/1184/1004 3590/1185/1005 3600/1197/1015 3599/1196/1014
f 3590/1185/1005 3581/1186/891 3591/1198/1007 3600/1197/1015
f 3591/1188/1007 3592/1187/1006 3602/1199/1016 3601/1200/1017
f 3592/1187/1006 3593/1189/1008 3603/1201/1018 3602/1199/1016
f 3593/1189/1008 3594/1190/1009 3604/1202/1019 3603/1201/1018
f 3594/1190/1009 3595/1191/1010 3605/1203/1020 3604/1202/1019
f 3595/1191/1010 3596/1192/1011 3606/1204/1021 3605/1203/1020
f 3596/1194/1011 3597/1193/1012 3607/1205/1022 3606/1206/1021
f 3597/1193/1012 3598/1195/1013 3608/1207/1023 3607/1205/1022
f 3598/1195/1013 3599/1196/1014 3609/1208/1024 3608/1207/1023
f 3599/1196/1014 3600/1197/1015 3610/1209/1025 3609/1208/1024
f 3600/1197/1015 3591/1198/1007 3601/1210/1017 3610/1209/1025
f 3601/1200/1017 3602/1199/1016 3612/1211/1026 3611/1212/978
f 3602/1199/1016 3603/1201/1018 3613/1213/1027 3612/1211/1026
f 3603/1201/1018 3604/1202/1019 3614/1214/1028 3613/1213/1027
f 3604/1202/1019 3605/1203/1020 3615/1215/1029 3614/1214/1028
f 3605/1203/1020 3606/1204/1021 3616/1216/968 3615/1215/1029
f 3606/1206/1021 3607/1205/1022 3617/1217/1030 3616/1218/968
f 3607/1205/1022 3608/1207/1023 3618/1219/1031 3617/1217/1030
f 3608/1207/1023 3609/1208/1024 3619/1220/1032 3618/1219/1031
f 3609/1208/1024 3610/1209/1025 3620/1221/1033 3619/1220/1032
f 3610/1209/1025 3601/1210/1017 3611/1222/978 3620/1221/1033
f 3611/1223/978 3612/1224/1026 3622/1225/1034 3621/1226/979
f 3612/1224/1026 3613/1227/1027 3623/1228/1035 3622/1225/1034
f 3613/1227/1027 3614/1229/1028 3624/1230/1036 3623/1228/1035
f 3614/1229/1028 3615/1231/1029 3625/1232/1037 3624/1230/1036
f 3615/1231/1029 3616/1233/968 3626/1234/971 3625/1232/1037
f 3616/1235/968 3617/1236/1030 3627/1237/1038 3626/1238/971
f 3617/1236/1030 3618/1239/1031 3628/1240/1039 3627/1237/1038
f 3618/1239/1031 3619/1241/1032 3629/1242/1040 3628/1240/1039
f 3619/1241/1032 3620/1243/1033 3630/1244/1041 3629/1242/1040
f 3620/1243/1033 3611/1245/978 3621/1246/979 3630/1244/1041
f 3621/1226/979 3622/1225/1034 3632/1247/1042 3631/1248/993
f 3622/1225/1034 3623/1228/1035 3633/1249/1043 3632/1247/1042
f 3623/1228/1035 3624/1230/1036 3634/1250/1044 3633/1249/1043
f 3624/1230/1036 3625/1232/1037 3635/1251/1045 3634/1250/1044
f 3625/1232/1037 3626/1234/971 3636/1252/989 3635/1251/1045
f 3626/1238/971 3627/1237/1038 3637/1253/1046 3636/1254/989
f 3627/1237/1038 3628/1240/1039 3638/1255/1047 3637/1253/1046
f 3628/1240/1039 3629/1242/1040 3639/1256/1048 3638/1255/1047
f 3629/1242/1040 3630/1244/1041 3640/1257/1049 3639/1256/1048
f 3630/1244/1041 3621/1246/979 3631/1258/993 3640/1257/1049
f 3631/1248/993 3632/1247/1042 3642/1259/1050 3641/1260/895
f 3632/1247/1042 3633/1249/1043 3643/1261/1051 3642/1259/1050
f 3633/1249/1043 3634/1250/1044 3644/1262/1052 3643/1261/1051
f 3634/1250/1044 3635/1251/1045 3645/1263/1053 3644/1262/1052
f 3635/1251/1045 3636/1252/989 3646/1264/891 3645/1263/1053
f 3636/1254/989 3637/1253/1046 3647/1265/1054 3646/1266/891
f 3637/1253/1046 3638/1255/1047 3648/1267/1055 3647/1265/1054
f 3638/1255/1047 3639/1256/1048 3649/1268/1056 3648/1267/1055
f 3639/1256/1048 3640/1257/1049 3650/1269/1057 3649/1268/1056
f 3640/1257/1049 3631/1258/993 3641/1270/895 3650/1269/1057
f 3641/1260/895 3642/1259/1050 3652/1271/1058 3651/1272/1011
f 3642/1259/1050 3643/1261/1051 3653/1273/1059 3652/1271/1058
f 3643/1261/1051 3644/1262/1052 3654/1274/1060 3653/1273/1059
f 3644/1262/1052 3645/1263/1053 3655/1275/1061 3654/1274/1060
f 3645/1263/1053 3646/1264/891 3656/1276/1062 3655/1275/1061
f 3646/1266/891 3647/1265/1054 3657/1277/1063 3656/1278/1062
f 3647/1265/1054 3648/1267/1055 3658/1279/1064 3657/1277/1063
f 3648/1267/1055 3649/1268/1056 3659/1280/1065 3658/1279/1064
f 3649/1268/1056 3650/1269/1057 3660/1281/1066 3659/1280/1065
f 3650/1269/1057 3641/1270/895 3651/1282/1011 3660/1281/1066
f 3651/1272/1011 3652/1271/1058 3662/1283/1067 3661/1284/1021
f 3652/1271/1058 3653/1273/1059 3663/1285/1068 3662/1283/1067
f 3653/1273/1059 3654/1274/1060 3664/1286/1069 3663/1285/1068
f 3654/1274/1060 3655/1275/1061 3665/1287/1070 3664/1286/1069
f 3655/1275/1061 3656/1276/1062 3666/1288/1017 3665/1287/1070
f 3656/1278/1062 3657/1277/1063 3667/1289/1071 3666/1290/1017
f 3657/1277/1063 3658/1279/1064 3668/1291/1072 3667/1289/1071
f 3658/1279/1064 3659/1280/1065 3669/1292/1073 3668/1291/1072
f 3659/1280/1065 3660/1281/1066 3670/1293/1074 3669/1292/1073
f 3660/1281/1066 3651/1282/1011 3661/1294/1021 3670/1293/1074
f 3661/1284/1021 3662/1283/1067 3552/1295/969 3551/1296/968
f 3662/1283/1067 3663/1285/1068 3553/1297/972 3552/1295/969
f 3663/1285/1068 3664/1286/1069 3554/1298/974 3553/1297/972
f 3664/1286/1069 3665/1287/1070 3555/1299/976 3554/1298/974
f 3665/1287/1070 3666/1288/1017 3556/1300/978 3555/1299/976
f 3666/1290/1017 3667/1289/1071 3557/1301/980 3556/1302/978
f 3667/1289/1071 3668/1291/1072 3558/1303/982 3557/1301/980
f 3668/1291/1072 3669/1292/1073 3559/1304/984 3558/1303/982
f 3669/1292/1073 3670/1293/1074 3560/1305/986 3559/1304/984
f 3670/1293/1074 3661/1294/1021 3551/1306/968 3560/1305/986
f 3671/1139/968 3672/1140/969 3682/1141/970 3681/1142/971
f 3672/1140/969 3673/1143/972 3683/1144/973 3682/1141/970
f 3673/1143/972 3674/1145/974 3684/1146/975 3683/1144/973
f 3674/1145/974 3675/1147/976 3685/1148/977 3684/1146/975
f 3675/1147/976 3676/1149/978 3686/1150/979 3685/1148/977
f 3676/1151/978 3677/1152/980 3687/1153/981 3686/1154/979
f 3677/1152/980 3678/1155/982 3688/1156/983 3687/1153/981
f 3678/1155/982 3679/1157/984 3689/1158/985 3688/1156/983
f 3679/1157/984 3680/1159/986 3690/1160/987 3689/1158/985
f 3680/1159/986 3671/1161/968 3681/1162/971 3690/1160/987
f 3681/1142/971 3682/1141/970 3692/1163/988 3691/1164/989
f 3682/1141/970 3683/1144/973 3693/1165/990 3692/1163/988
f 3683/1144/973 3684/1146/975 3694/1166/991 3693/1165/990
f 3684/1146/975 3685/1148/977 3695/1167/992 3694/1166/991
f 3685/1148/977 3686/1150/979 3696/1168/993 3695/1167/992
f 3686/1154/979 3687/1153/981 3697/1169/994 3696/1170/993
f 3687/1153/981 3688/1156/983 3698/1171/995 3697/1169/994
f 3688/1156/983 3689/1158/985 3699/1172/996 3698/1171/995
f 3689/1158/985 3690/1160/987 3700/1173/997 3699/1172/996
f 3690/1160/987 3681/1162/971 3691/1174/989 3700/1173/997
f 3691/1164/989 3692/1163/988 3702/1175/998 3701/1176/891
f 3692/1163/988 3693/1165/990 3703/1177/999 3702/1175/998
f 3693/1165/990 3694/1166/991 3704/1178/1000 3703/1177/999
f 3694/1166/991 3695/1167/992 3705/1179/1001 3704/1178/1000
f 3695/1167/992 3696/1168/993 3706/1180/895 3705/1179/1001
f 3696/1170/993 3697/1169/994 3707/1181/1002 3706/1182/895
f 3697/1169/994 3698/1171/995 3708/1183/1003 3707/1181/1002
f 3698/1171/995 3699/1172/996 3709/1184/1004 3708/1183/1003
f 3699/1172/996 3700/1173/997 3710/1185/1005 3709/1184/1004
f 3700/1173/997 3691/1174/989 3701/1186/891 3710/1185/1005
f 3701/1176/891 3702/1175/998 3712/1187/1006 3711/1188/1007
f 3702/1175/998 3703/1177/999 3713/1189/1008 3712/1187/1006
f 3703/1177/999 3704/1178/1000 3714/1190/1009 3713/1189/1008
f 3704/1178/1000 3705/1179/1001 3715/1191/1010 3714/1190/1009
f 3705/1179/1001 3706/1180/895 3716/1192/1011 3715/1191/1010
f 3706/1182/895 3707/1181/1002 3717/1193/1012 3716/1194/1011
f 3707/1181/1002 3708/1183/1003 3718/1195/1013 3717/1193/1012
f 3708/1183/1003 3709/1184/1004 3719/1196/1014 3718/1195/1013
f 3709/1184/1004 3710/1185/1005 3720/1197/1015 3719/1196/1014
f 3710/1185/1005 3701/1186/891 3711/1198/1007 3720/1197/1015
f 3711/1188/1007 3712/1187/1006 3722/1199/1016 3721/1200/1017
f 3712/1187/1006 3713/1189/1008 3723/1201/1018 3722/1199/1016
f 3713/1189/1008 3714/1190/1009 3724/1202/1019 3723/1201/1018
f 3714/1190/1009 3715/1191/1010 3725/1203/1020 3724/1202/1019
f 3715/1191/1010 3716/1192/1011 3726/1204/1021 3725/1203/1020
f 3716/1194/1011 3717/1193/1012 3727/1205/1022 3726/1206/1021
f 3717/1193/1012 3718/1195/1013 3728/1207/1023 3727/1205/1022
f 3718/1195/1013 3719/1196/1014 3729/1208/1024 3728/1207/1023
f 3719/1196/1014 3720/1197/1015 3730/1209/1025 3729/1208/1024
f 3720/1197/1015 3711/1198/1007 3721/1210/1017 3730/1209/1025
f 3721/1200/1017 3722/1199/1016 3732/1211/1026 3731/1212/978
f 3722/1199/1016 3723/1201/1018 3733/1213/1027 3732/1211/1026
f 3723/1201/1018 3724/1202/1019 3734/1214/1028 3733/1213/1027
f 3724/1202/1019 3725/1203/1020 3735/1215/1029 3734/1214/1028
f 3725/1203/1020 3726/1204/1021 3736/1216/968 3735/1215/1029
f 3726/1206/1021 3727/1205/1022 3737/1217/1030 3736/1218/968
f 3727/1205/1022 3728/1207/1023 3738/1219/1031 3737/1217/1030
f 3728/1207/1023 3729/1208/1024 3739/1220/1032 3738/1219/1031
f 3729/1208/1024 3730/1209/1025 3740/1221/1033 3739/1220/1032
f 3730/1209/1025 3721/1210/1017 3731/1222/978 3740/1221/1033
f 3731/1223/978 3732/1224/1026 3742/1225/1034 3741/1226/979
f 3732/1224/1026 3733/1227/1027 3743/1228/1035 3742/1225/1034
f 3733/1227/1027 3734/1229/1028 3744/1230/1036 3743/1228/1035
f 3734/1229/1028 3735/1231/1029 3745/1232/1037 3744/1230/1036
f 3735/1231/1029 3736/1233/968 3746/1234/971 3745/1232/1037
f 3736/1235/968 3737/1236/1030 3747/1237/1038 3746/1238/971
f 3737/1236/1030 3738/1239/1031 3748/1240/1039 3747/1237/1038
f 3738/1239/1031 3739/1241/1032 3749/1242/1040 3748/1240/1039
f 3739/1241/1032 3740/1243/1033 3750/1244/1041 3749/1242/1040
f 3740/1243/1033 3731/1245/978 3741/1246/979 3750/1244/1041
f 3741/1226/979 3742/1225/1034 3752/1247/1042 3751/1248/993
f 3742/1225/1034 3743/1228/1035 3753/1249/1043 3752/1247/1042
f 3743/1228/1035 3744/1230/1036 3754/1250/1044 3753/1249/1043
f 3744/1230/1036 3745/1232/1037 3755/1251/1045 3754/1250/1044
f 3745/1232/1037 3746/1234/971 3756/1252/989 3755/1251/1045
f 3746/1238/971 3747/1237/1038 3757/1253/1046 3756/1254/989
f 3747/1237/1038 3748/1240/1039 3758/1255/1047 3757/1253/1046
f 3748/1240/1039 3749/1242/1040 3759/1256/1048 3758/1255/1047
f 3749/1242/1040 3750/1244/1041 3760/1257/1049 3759/1256/1048
f 3750/1244/1041 3741/1246/979 3751/1258/993 3760/1257/1049
f 3751/1248/993 3752/1247/1042 3762/1259/1050 3761/1260/895
f 3752/1247/1042 3753/1249/1043 3763/1261/1051 3762/1259/1050
f 3753/1249/1043 3754/1250/1044 3764/1262/1052 3763/1261/1051
f 3754/1250/1044 3755/1251/1045 3765/1263/1053 3764/1262/1052
f 3755/1251/1045 3756/1252/989 3766/1264/891 3765/1263/1053
f 3756/1254/989 3757/1253/1046 3767/1265/1054 3766/1266/891
f 3757/1253/1046 3758/1255/1047 3768/1267/1055 3767/1265/1054
f 3758/1255/1047 3759/1256/1048 3769/1268/1056 3768/1267/1055
f 3759/1256/1048 3760/1257/1049 3770/1269/1057 3769/1268/1056
f 3760/1257/1049 3751/1258/993 3761/1270/895 3770/1269/1057
f 3761/1260/895 3762/1259/1050 3772/1271/1058 3771/1272/1011
f 3762/1259/1050 3763/1261/1051 3773/1273/1059 3772/1271/1058
f 3763/1261/1051 3764/1262/1052 3774/1274/1060 3773/1273/1059
f 3764/1262/1052 3765/1263/1053 3775/1275/1061 3774/1274/1060
f 3765/1263/1053 3766/1264/891 3776/1276/1062 3775/1275/1061
f 3766/1266/891 3767/1265/1054 3777/1277/1063 3776/1278/1062
f 3767/1265/1054 3768/1267/1055 3778/1279/1064 3777/1277/1063
f 3768/1267/1055 3769/1268/1056 3779/1280/1065 3778/1279/1064
f 3769/1268/1056 3770/1269/1057 3780/1281/1066 3779/1280/1065
f 3770/1269/1057 3761/1270/895 3771/1282/1011 3780/1281/1066
f 3771/1272/1011 3772/1271/1058 3782/1283/1067 3781/1284/1021
f 3772/1271/1058 3773/1273/1059 3783/1285/1068 3782/1283/1067
f 3773/1273/1059 3774/1274/1060 3784/1286/1069 3783/1285/1068
f 3774/1274/1060 3775/1275/1061 3785/1287/1070 3784/1286/1069
f 3775/1275/1061 3776/1276/1062 3786/1288/1017 3785/1287/1070
f 3776/1278/1062 3777/1277/1063 3787/1289/1071 3786/1290/1017
f 3777/1277/1063 3778/1279/1064 3788/1291/1072 3787/1289/1071
f 3778/1279/1064 3779/1280/1065 3789/1292/1073 3788/1291/1072
f 3779/1280/1065 3780/1281/1066 3790/1293/1074 3789/1292/1073
f 3780/1281/1066 3771/1282/1011 3781/1294/1021 3790/1293/1074
f 3781/1284/1021 3782/1283/1067 3672/1295/969 3671/1296/968
f 3782/1283/1067 3783/1285/1068 3673/1297/972 3672/1295/969
f 3783/1285/1068 3784/1286/1069 3674/1298/974 3673/1297/972
f 3784/1286/1069 3785/1287/1070 3675/1299/976 3674/1298/974
f 3785/1287/1070 3786/1288/1017 3676/1300/978 3675/1299/976
f 3786/1290/1017 3787/1289/1071 3677/1301/980 3676/1302/978
f 3787/1289/1071 3788/1291/1072 3678/1303/982 3677/1301/980
f 3788/1291/1072 3789/1292/1073 3679/1304/984 3678/1303/982
f 3789/1292/1073 3790/1293/1074 3680/1305/986 3679/1304/984
f 3790/1293/1074 3781/1294/1021 3671/1306/968 3680/1305/986
f 3791/1139/968 3792/1140/969 3802/1141/970 3801/1142/971
f 3792/1140/969 3793/1143/972 3803/1144/973 3802/1141/970
f 3793/1143/972 3794/1145/974 3804/1146/975 3803/1144/973
f 3794/1145/974 3795/1147/976 3805/1148/977 3804/1146/975
f 3795/1147/976 3796/1149/978 3806/1150/979 3805/1148/977
f 3796/1151/978 3797/1152/980 3807/1153/981 3806/1154/979
f 3797/1152/980 3798/1155/982 3808/1156/983 3807/1153/981
f 3798/1155/982 3799/1157/984 3809/1158/985 3808/1156/983
f 3799/1157/984 3800/1159/986 3810/1160/987 3809/1158/985
f 3800/1159/986 3791/1161/968 3801/1162/971 3810/1160/987
f 3801/1142/971 3802/1141/970 3812/1163/988 3811/1164/989
f 3802/1141/970 3803/1144/973 3813/1165/990 3812/1163/988
f 3803/1144/973 3804/1146/975 3814/1166/991 3813/1165/990
f 3804/1146/975 3805/1148/977 3815/1167/992 3814/1166/991
f 3805/1148/977 3806/1150/979 3816/1168/993 3815/1167/992
f 3806/1154/979 3807/1153/981 3817/1169/994 3816/1170/993
f 3807/1153/981 3808/1156/983 3818/1171/995 3817/1169/994
f 3808/1156/983 3809/1158/985 3819/1172/996 3818/1171/995
f 3809/1158/985 3810/1160/987 3820/1173/997 3819/1172/996
f 3810/1160/987 3801/1162/971 3811/1174/989 3820/1173/997
f 3811/1164/989 3812/1163/988 3822/1175/998 3821/1176/891
f 3812/1163/988 3813/1165/990 3823/1177/999 3822/1175/998
f 3813/1165/990 3814/1166/991 3824/1178/1000 3823/1177/999
f 3814/1166/991 3815/1167/992 3825/1179/1001 3824/1178/1000
f 3815/1167/992 3816/1168/993 3826/1180/895 3825/1179/1001
f 3816/1170/993 3817/1169/994 3827/1181/1002 3826/1182/895
f 3817/1169/994 3818/1171/995 3828/1183/1003 3827/1181/1002
f 3818/1171/995 3819/1172/996 3829/1184/1004 3828/1183/1003
f 3819/1172/996 3820/1173/997 3830/1185/1005 3829/1184/1004
f 3820/1173/997 3811/1174/989 3821/1186/891 3830/1185/1005
f 3821/1176/891 3822/1175/998 3832/1187/1006 3831/1188/1007
f 3822/1175/998 3823/1177/999 3833/1189/1008 3832/1187/1006
f 3823/1177/999 3824/1178/1000 3834/1190/1009 3833/1189/1008
f 3824/1178/1000 3825/1179/1001 3835/1191/1010 3834/1190/1009
f 3825/1179/1001 3826/1180/895 3836/1192/1011 3835/1191/1010
f 3826/1182/895 3827/1181/1002 3837/1193/1012 3836/1194/1011
f 3827/1181/1002 3828/1183/1003 3838/1195/1013 3837/1193/1012
f 3828/1183/1003 3829/1184/1004 3839/1196/1014 3838/1195/1013
f 3829/1184/1004 3830/1185/1005 3840/1197/1015 3839/1196/1014
f 3830/1185/1005 3821/1186/891 3831/1198/1007 3840/1197/1015
f 3831/1188/1007 3832/1187/1006 3842/1199/1016 3841/1200/1017
f 3832/1187/1006 3833/1189/1008 3843/1201/1018 3842/1199/1016
f 3833/1189/1008 3834/1190/1009 3844/1202/1019 3843/1201/1018
f 3834/1190/1009 3835/1191/1010 3845/1203/1020 3844/1202/1019
f 3835/1191/1010 3836/1192/1011 3846/1204/1021 3845/1203/1020
f 3836/1194/1011 3837/1193/1012 3847/1205/1022 3846/1206/1021
f 3837/1193/1012 3838/1195/1013 3848/1207/1023 3847/1205/1022
f 3838/1195/1013 3839/1196/1014 3849/1208/1024 3848/1207/1023
f 3839/1196/1014 3840/1197/1015 3850/1209/1025 3849/1208/1024
f 3840/1197/1015 3831/1198/1007 3841/1210/1017 3850/1209/1025
f 3841/1200/1017 3842/1199/1016 3852/1211/1026 3851/1212/978
f 3842/1199/1016 3843/1201/1018 3853/1213/1027 3852/1211/1026
f 3843/1201/1018 3844/1202/1019 3854/1214/1028 3853/1213/1027
f 3844/1202/1019 3845/1203/1020 3855/1215/1029 3854/1214/1028
f 3845/1203/1020 3846/1204/1021 3856/1216/968 3855/1215/1029
f 3846/1206/1021 3847/1205/1022 3857/1217/1030 3856/1218/968
f 3847/1205/1022 3848/1207/1023 3858/1219/1031 3857/1217/1030
f 3848/1207/1023 3849/1208/1024 3859/1220/1032 3858/1219/1031
f 3849/1208/1024 3850/1209/1025 3860/1221/1033 3859/1220/1032
f 3850/1209/1025 3841/1210/1017 3851/1222/978 3860/1221/1033
f 3851/1223/978 3852/1224/1026 3862/1225/1034 3861/1226/979
f 3852/1224/1026 3853/1227/1027 3863/1228/1035 3862/1225/1034
f 3853/1227/1027 3854/1229/1028 3864/1230/1036 3863/1228/1035
f 3854/1229/1028 3855/1231/1029 3865/1232/1037 3864/1230/1036
f 3855/1231/1029 3856/1233/968 3866/1234/971 3865/1232/1037
f 3856/1235/968 3857/1236/1030 3867/1237/1038 3866/1238/971
f 3857/1236/1030 3858/1239/1031 3868/1240/1039 3867/1237/1038
f 3858/1239/1031 3859/1241/1032 3869/1242/1040 3868/1240/1039
f 3859/1241/1032 3860/1243/1033 3870/1244/1041 3869/1242/1040
f 3860/1243/1033 3851/1245/978 3861/1246/979 3870/1244/1041
f 3861/1226/979 3862/1225/1034 3872/1247/1042 3871/1248/993
f 3862/1225/1034 3863/1228/1035 3873/1249/1043 3872/1247/1042
f 3863/1228/1035 3864/1230/1036 3874/1250/1044 3873/1249/1043
f 3864/1230/1036 3865/1232/1037 3875/1251/1045 3874/1250/1044
f 3865/1232/1037 3866/1234/971 3876/1252/989 3875/1251/1045
f 3866/1238/971 3867/1237/1038 3877/1253/1046 3876/1254/989
f 3867/1237/1038 3868/1240/1039 3878/1255/1047 3877/1253/1046
f 3868/1240/1039 3869/1242/1040 3879/1256/1048 3878/1255/1047
f 3869/1242/1040 3870/1244/1041 3880/1257/1049 3879/1256/1048
f 3870/1244/1041 3861/1246/979 3871/1258/993 3880/1257/1049
f 3871/1248/993 3872/1247/1042 3882/1259/1050 3881/1260/895
f 3872/1247/1042 3873/1249/1043 3883/1261/1051 3882/1259/1050
f 3873/1249/1043 3874/1250/1044 3884/1262/1052 3883/1261/1051
f 3874/1250/1044 3875/1251/1045 3885/1263/1053 3884/1262/1052
f 3875/1251/1045 3876/1252/989 3886/1264/891 3885/1263/1053
f 3876/1254/989 3877/1253/1046 3887/1265/1054 3886/1266/891
f 3877/1253/1046 3878/1255/1047 3888/1267/1055 3887/1265/1054
f 3878/1255/1047 3879/1256/1048 3889/1268/1056 3888/1267/1055
f 3879/1256/1048 3880/1257/1049 3890/1269/1057 3889/1268/1056
f 3880/1257/1049 3871/1258/993 3881/1270/895 3890/1269/1057
f 3881/1260/895 3882/1259/1050 3892/1271/1058 3891/1272/1011
f 3882/1259/1050 3883/1261/1051 3893/1273/1059 3892/1271/1058
f 3883/1261/1051 3884/1262/1052 3894/1274/1060 3893/1273/1059
f 3884/1262/1052 3885/1263/1053 3895/1275/1061 3894/1274/1060
f 3885/1263/1053 3886/1264/891 3896/1276/1062 3895/1275/1061
f 3886/1266/891 3887/1265/1054 3897/1277/1063 3896/1278/1062
f 3887/1265/1054 3888/1267/1055 3898/1279/1064 3897/1277/1063
f 3888/1267/1055 3889/1268/1056 3899/1280/1065 3898/1279/1064
f 3889/1268/1056 3890/1269/1057 3900/1281/1066 3899/1280/1065
f 3890/1269/1057 3881/1270/895 3891/1282/1011 3900/1281/1066
f 3891/1272/1011 3892/1271/1058 3902/1283/1067 3901/1284/1021
f 3892/1271/1058 3893/1273/1059 3903/1285/1068 3902/1283/1067
f 3893/1273/1059 3894/1274/1060 3904/1286/1069 3903/1285/1068
f 3894/1274/1060 3895/1275/1061 3905/1287/1070 3904/1286/1069
f 3895/1275/1061 3896/1276/1062 3906/1288/1017 3905/1287/1070
f 3896/1278/1062 3897/1277/1063 3907/1289/1071 3906/1290/1017
f 3897/1277/1063 3898/1279/1064 3908/1291/1072 3907/1289/1071
f 3898/1279/1064 3899/1280/1065 3909/1292/1073 3908/1291/1072
f 3899/1280/1065 3900/1281/1066 3910/1293/1074 3909/1292/1073
f 3900/1281/1066 3891/1282/1011 3901/1294/1021 3910/1293/1074
f 3901/1284/1021 3902/1283/1067 3792/1295/969 3791/1296/968
f 3902/1283/1067 3903/1285/1068 3793/1297/972 3792/1295/969
f 3903/1285/1068 3904/1286/1069 3794/1298/974 3793/1297/972
f 3904/1286/1069 3905/1287/1070 3795/1299/976 3794/1298/974
f 3905/1287/1070 3906/1288/1017 3796/1300/978 3795/1299/976
f 3906/1290/1017 3907/1289/1071 3797/1301/980 3796/1302/978
f 3907/1289/1071 3908/1291/1072 3798/1303/982 3797/1301/980
f 3908/1291/1072 3909/1292/1073 3799/1304/984 3798/1303/982
f 3909/1292/1073 3910/1293/1074 3800/1305/986 3799/1304/984
f 3910/1293/1074 3901/1294/1021 3791/1306/968 3800/1305/986
f 3911/1139/968 3912/1140/969 3922/1141/970 3921/1142/971
f 3912/1140/969 3913/1143/972 3923/1144/973 3922/1141/970
f 3913/1143/972 3914/1145/974 3924/1146/975 3923/1144/973
f 3914/1145/974 3915/1147/976 3925/1148/977 3924/1146/975
f 3915/1147/976 3916/1149/978 3926/1150/979 3925/1148/977
f 3916/1151/978 3917/1152/980 3927/1153/981 3926/1154/979
f 3917/1152/980 3918/1155/982 3928/1156/983 3927/1153/981
f 3918/1155/982 3919/1157/984 3929/1158/985 3928/1156/983
f 3919/1157/984 3920/1159/986 3930/1160/987 3929/1158/985
f 3920/1159/986 3911/1161/968 3921/1162/971 3930/1160/987
f 3921/1142/971 3922/1141/970 3932/1163/988 3931/1164/989
f 3922/1141/970 3923/1144/973 3933/1165/990 3932/1163/988
f 3923/1144/973 3924/1146/975 3934/1166/991 3933/1165/990
f 3924/1146/975 3925/1148/977 3935/1167/992 3934/1166/991
f 3925/1148/977 3926/1150/979 3936/1168/993 3935/1167/992
f 3926/1154/979 3927/1153/981 3937/1169/994 3936/1170/993
f 3927/1153/981 3928/1156/983 3938/1171/995 3937/1169/994
f 3928/1156/983 3929/1158/985 3939/1172/996 3938/1171/995
f 3929/1158/985 3930/1160/987 3940/1173/997 3939/1172/996
f 3930/1160/987 3921/1162/971 3931/1174/989 3940/1173/997
f 3931/1164/989 3932/1163/988 3942/1175/998 3941/1176/891
f 3932/1163/988 3933/1165/990 3943/1177/999 3942/1175/998
f 3933/1165/990 3934/1166/991 3944/1178/1000 3943/1177/999
f 3934/1166/991 3935/1167/992 3945/1179/1001 3944/1178/1000
f 3935/1167/992 3936/1168/993 3946/1180/895 3945/1179/1001
f 3936/1170/993 3937/1169/994 3947/1181/1002 3946/1182/895
f 3937/1169/994 3938/1171/995 3948/1183/1003 3947/1181/1002
f 3938/1171/995 3939/1172/996 3949/1184/1004 3948/1183/1003
f 3939/1172/996 3940/1173/997 3950/1185/1005 3949/1184/1004
f 3940/1173/997 3931/1174/989 3941/1186/891 3950/1185/1005
f 3941/1176/891 3942/1175/998 3952/1187/1006 3951/1188/1007
f 3942/1175/998 3943/1177/999 3953/1189/1008 3952/1187/1006
f 3943/1177/999 3944/1178/1000 3954/1190/1009 3953/1189/1008
f 3944/1178/1000 3945/1179/1001 3955/1191/1010 3954/1190/1009
f 3945/1179/1001 3946/1180/895 3956/1192/1011 3955/1191/1010
f 3946/1182/895 3947/1181/1002 3957/1193/1012 3956/1194/1011
f 3947/1181/1002 3948/1183/1003 3958/1195/1013 3957/1193/1012
f 3948/1183/1003 3949/1184/1004 3959/1196/1014 3958/1195/1013
f 3949/1184/1004 3950/1185/1005 3960/1197/1015 3959/1196/1014
f 3950/1185/1005 3941/1186/891 3951/1198/1007 3960/1197/1015
f 3951/1188/1007 3952/1187/1006 3962/1199/1016 3961/1200/1017
f 3952/1187/1006 3953/1189/1008 3963/1201/1018 3962/1199/1016
f 3953/1189/1008 3954/1190/1009 3964/1202/1019 3963/1201/1018
f 3954/1190/1009 3955/1191/1010 3965/1203/1020 3964/1202/1019
f 3955/1191/1010 3956/1192/1011 3966/1204/1021 3965/1203/1020
f 3956/1194/1011 3957/1193/1012 3967/1205/1022 3966/1206/1021
f 3957/1193/1012 3958/1195/1013 3968/1207/1023 3967/1205/1022
f 3958/1195/1013 3959/1196/1014 3969/1208/1024 3968/1207/1023
f 3959/1196/1014 3960/1197/1015 3970/1209/1025 3969/1208/1024
f 3960/1197/1015 3951/1198/1007 3961/1210/1017 3970/1209/1025
f 3961/1200/1017 3962/1199/1016 3972/1211/1026 3971/1212/978
f 3962/1199/1016 3963/1201/1018 3973/1213/1027 3972/1211/1026
f 3963/1201/1018 3964/1202/1019 3974/1214/1028 3973/1213/1027
f 3964/1202/1019 3965/1203/1020 3975/1215/1029 3974/1214/1028
f 3965/1203/1020 3966/1204/1021 3976/1216/968 3975/1215/1029
f 3966/1206/1021 3967/1205/1022 3977/1217/1030 3976/1218/968
f 3967/1205/1022 3968/1207/1023 3978/1219/1031 3977/1217/1030
f 3968/1207/1023 3969/1208/1024 3979/1220/1032 3978/1219/1031
f 3969/1208/1024 3970/1209/1025 3980/1221/1033 3979/1220/1032
f 3970/1209/1025 3961/1210/1017 3971/1222/978 3980/1221/1033
f 3971/1223/978 3972/1224/1026 3982/1225/1034 3981/1226/979
f 3972/1224/1026 3973/1227/1027 3983/1228/1035 3982/1225/1034
f 3973/1227/1027 3974/1229/1028 3984/1230/1036 3983/1228/1035
f 3974/1229/1028 3975/1231/1029 3985/1232/1037 3984/1230/1036
f 3975/1231/1029 3976/1233/968 3986/1234/971 3985/1232/1037
f 3976/1235/968 3977/1236/1030 3987/1237/1038 3986/1238/971
f 3977/1236/1030 3978/1239/1031 3988/1240/1039 3987/1237/1038
f 3978/1239/1031 3979/1241/1032 3989/1242/1040 3988/1240/1039
f 3979/1241/1032 3980/1243/1033 3990/1244/1041 3989/1242/1040
f 3980/1243/1033 3971/1245/978 3981/1246/979 3990/1244/1041
f 3981/1226/979 3982/1225/1034 3992/1247/1042 3991/1248/993
f 3982/1225/1034 3983/1228/1035 3993/1249/1043 3992/1247/1042
f 3983/1228/1035 3984/1230/1036 3994/1250/1044 3993/1249/1043
f 3984/1230/1036 3985/1232/1037 3995/1251/1045 3994/1250/1044
f 3985/1232/1037 3986/1234/971 3996/1252/989 3995/1251/1045
f 3986/1238/971 3987/1237/1038 3997/1253/1046 3996/1254/989
f 3987/1237/1038 3988/1240/1039 3998/1255/1047 3997/1253/1046
f 3988/1240/1039 3989/1242/1040 3999/1256/1048 3998/1255/1047
f 3989/1242/1040 3990/1244/1041 4000/1257/1049 3999/1256/1048
f 3990/1244/1041 3981/1246/979 3991/1258/993 4000/1257/1049
f 3991/1248/993 3992/1247/1042 4002/1259/1050 4001/1260/895
f 3992/1247/1042 3993/1249/1043 4003/1261/1051 4002/1259/1050
f 3993/1249/1043 3994/1250/1044 4004/1262/1052 4003/1261/1051
f 3994/1250/1044 3995/1251/1045 4005/1263/1053 4004/1262/1052
f 3995/1251/1045 3996/1252/989 4006/1264/891 4005/1263/1053
f 3996/1254/989 3997/1253/1046 4007/1265/1054 4006/1266/891
f 3997/1253/1046 3998/1255/1047 4008/1267/1055 4007/1265/1054
f 3998/1255/1047 3999/1256/1048 4009/1268/1056 4008/1267/1055
f 3999/1256/1048 4000/1257/1049 4010/1269/1057 4009/1268/1056
f 4000/1257/1049 3991/1258/993 4001/1270/895 4010/1269/1057
f 4001/1260/895 4002/1259/1050 4012/1271/1058 4011/1272/1011
f 4002/1259/1050 4003/1261/1051 4013/1273/1059 4012/1271/1058
f 4003/1261/1051 4004/1262/1052 4014/1274/1060 4013/1273/1059
f 4004/1262/1052 4005/1263/1053 4015/1275/1061 4014/1274/1060
f 4005/1263/1053 4006/1264/891 4016/1276/1062 4015/1275/1061
f 4006/1266/891 4007/1265/1054 4017/1277/1063 4016/1278/1062
f 4007/1265/1054 4008/1267/1055 4018/1279/1064 4017/1277/1063
f 4008/1267/1055 4009/1268/1056 4019/1280/1065 4018/1279/1064
f 4009/1268/1056 4010/1269/1057 4020/1281/1066 4019/1280/1065
f 4010/1269/1057 4001/1270/895 4011/1282/1011 4020/1281/1066
f 4011/1272/1011 4012/1271/1058 4022/1283/1067 4021/1284/1021
f 4012/1271/1058 4013/1273/1059 4023/1285/1068 4022/1283/1067
f 4013/1273/1059 4014/1274/1060 4024/1286/1069 4023/1285/1068
f 4014/1274/1060 4015/1275/1061 4025/1287/1070 4024/1286/1069
f 4015/1275/1061 4016/1276/1062 4026/1288/1017 4025/1287/1070
f 4016/1278/1062 4017/1277/1063 4027/1289/1071 4026/1290/1017
f 4017/1277/1063 4018/1279/1064 4028/1291/1072 4027/1289/1071
f 4018/1279/1064 4019/1280/1065 4029/1292/1073 4028/1291/1072
f 4019/1280/1065 4020/1281/1066 4030/1293/1074 4029/1292/1073
f 4020/1281/1066 4011/1282/1011 4021/1294/1021 4030/1293/1074
f 4021/1284/1021 4022/1283/1067 3912/1295/969 3911/1296/968
f 4022/1283/1067 4023/1285/1068 3913/1297/972 3912/1295/969
f 4023/1285/1068 4024/1286/1069 3914/1298/974 3913/1297/972
f 4024/1286/1069 4025/1287/1070 3915/1299/976 3914/1298/974
f 4025/1287/1070 4026/1288/1017 3916/1300/978 3915/1299/976
f 4026/1290/1017 4027/1289/1071 3917/1301/980 3916/1302/978
f 4027/1289/1071 4028/1291/1072 3918/1303/982 3917/1301/980
f 4028/1291/1072 4029/1292/1073 3919/1304/984 3918/1303/982
f 4029/1292/1073 4030/1293/1074 3920/1305/986 3919/1304/984
f 4030/1293/1074 4021/1294/1021 3911/1306/968 3920/1305/986
f 4031/1139/968 4032/1140/969 4042/1141/970 4041/1142/971
f 4032/1140/969 4033/1143/972 4043/1144/973 4042/1141/970
f 4033/1143/972 4034/1145/974 4044/1146/975 4043/1144/973
f 4034/1145/974 4035/1147/976 4045/1148/977 4044/1146/975
f 4035/1147/976 4036/1149/978 4046/1150/979 4045/1148/977
f 4036/1151/978 4037/1152/980 4047/1153/981 4046/1154/979
f 4037/1152/980 4038/1155/982 4048/1156/983 4047/1153/981
f 4038/1155/982 4039/1157/984 4049/1158/985 4048/1156/983
f 4039/1157/984 4040/1159/986 4050/1160/987 4049/1158/985
f 4040/1159/986 4031/1161/968 4041/1162/971 4050/1160/987
f 4041/1142/971 4042/1141/970 4052/1163/988 4051/1164/989
f 4042/1141/970 4043/1144/973 4053/1165/990 4052/1163/988
f 4043/1144/973 4044/1146/975 4054/1166/991 4053/1165/990
f 4044/1146/975 4045/1148/977 4055/1167/992 4054/1166/991
f 4045/1148/977 4046/1150/979 4056/1168/993 4055/1167/992
f 4046/1154/979 4047/1153/981 4057/1169/994 4056/1170/993
f 4047/1153/981 4048/1156/983 4058/1171/995 4057/1169/994
f 4048/1156/983 4049/1158/985 4059/1172/996 4058/1171/995
f 4049/1158/985 4050/1160/987 4060/1173/997 4059/1172/996
f 4050/1160/987 4041/1162/971 4051/1174/989 4060/1173/997
f 4051/1164/989 4052/1163/988 4062/1175/998 4061/1176/891
f 4052/1163/988 4053/1165/990 4063/1177/999 4062/1175/998
f 4053/1165/990 4054/1166/991 4064/1178/1000 4063/1177/999
f 4054/1166/991 4055/1167/992 4065/1179/1001 4064/1178/1000
f 4055/1167/992 4056/1168/993 4066/1180/895 4065/1179/1001
f 4056/1170/993 4057/1169/994 4067/1181/1002 4066/1182/895
f 4057/1169/994 4058/1171/995 4068/1183/1003 4067/1181/1002
f 4058/1171/995 4059/1172/996 4069/1184/1004 4068/1183/1003
f 4059/1172/996 4060/1173/997 4070/1185/1005 4069/1184/1004
f 4060/1173/997 4051/1174/989 4061/1186/891 4070/1185/1005
f 4061/1176/891 4062/1175/998 4072/1187/1006 4071/1188/1007
f 4062/1175/998 4063/1177/999 4073/1189/1008 4072/1187/1006
f 4063/1177/999 4064/1178/1000 4074/1190/1009 4073/1189/1008
f 4064/1178/1000 4065/1179/1001 4075/1191/1010 4074/1190/1009
f 4065/1179/1001 4066/1180/895 4076/1192/1011 4075/1191/1010
f 4066/1182/895 4067/1181/1002 4077/1193/1012 4076/1194/1011
f 4067/1181/1002 4068/1183/1003 4078/1195/1013 4077/1193/1012
f 4068/1183/1003 4069/1184/1004 4079/1196/1014 4078/1195/1013
f 4069/1184/1004 4070/1185/1005 4080/1197/1015 4079/1196/1014
f 4070/1185/1005 4061/1186/891 4071/1198/1007 4080/1197/1015
f 4071/1188/1007 4072/1187/1006 4082/1199/1016 4081/1200/1017
f 4072/1187/1006 4073/1189/1008 4083/1201/1018 4082/1199/1016
f 4073/1189/1008 4074/1190/1009 4084/1202/1019 4083/1201/1018
f 4074/1190/1009 4075/1191/1010 4085/1203/1020 4084/1202/1019
f 4075/1191/1010 4076/1192/1011 4086/1204/1021 4085/1203/1020
f 4076/1194/1011 4077/1193/1012 4087/1205/1022 4086/1206/1021
f 4077/1193/1012 4078/1195/1013 4088/1207/1023 4087/1205/1022
f 4078/1195/1013 4079/1196/1014 4089/1208/1024 4088/1207/1023
f 4079/1196/1014 4080/1197/1015 4090/1209/1025 4089/1208/1024
f 4080/1197/1015 4071/1198/1007 4081/1210/1017 4090/1209/1025
f 4081/1200/1017 4082/1199/1016 4092/1211/1026 4091/1212/978
f 4082/1199/1016 4083/1201/1018 4093/1213/1027 4092/1211/1026
f 4083/1201/1018 4084/1202/1019 4094/1214/1028 4093/1213/1027
f 4084/1202/1019 4085/1203/1020 4095/1215/1029 4094/1214/1028
f 4085/1203/1020 4086/1204/1021 4096/1216/968 4095/1215/1029
f 4086/1206/1021 4087/1205/1022 4097/1217/1030 4096/1218/968
f 4087/1205/1022 4088/1207/1023 4098/1219/1031 4097/1217/1030
f 4088/1207/1023 4089/1208/1024 4099/1220/1032 4098/1219/1031
f 4089/1208/1024 4090/1209/1025 4100/1221/1033 4099/1220/1032
f 4090/1209/1025 4081/1210/1017 4091/1222/978 4100/1221/1033
f 4091/1223/978 4092/1224/1026 4102/1225/1034 4101/1226/979
f 4092/1224/1026 4093/1227/1027 4103/1228/1035 4102/1225/1034
f 4093/1227/1027 4094/1229/1028 4104/1230/1036 4103/1228/1035
f 4094/1229/1028 4095/1231/1029 4105/1232/1037 4104/1230/1036
f 4095/1231/1029 4096/1233/968 4106/1234/971 4105/1232/1037
f 4096/1235/968 4097/1236/1030 4107/1237/1038 4106/1238/971
f 4097/1236/1030 4098/1239/1031 4108/1240/1039 4107/1237/1038
f 4098/1239/1031 4099/1241/1032 4109/1242/1040 4108/1240/1039
f 4099/1241/1032 4100/1243/1033 4110/1244/1041 4109/1242/1040
f 4100/1243/1033 4091/1245/978 4101/1246/979 4110/1244/1041
f 4101/1226/979 4102/1225/1034 4112/1247/1042 4111/1248/993
f 4102/1225/1034 4103/1228/1035 4113/1249/1043 4112/1247/1042
f 4103/1228/1035 4104/1230/1036 4114/1250/1044 4113/1249/1043
f 4104/1230/1036 4105/1232/1037 4115/1251/1045 4114/1250/1044
f 4105/1232/1037 4106/1234/971 4116/1252/989 4115/1251/1045
f 4106/1238/971 4107/1237/1038 4117/1253/1046 4116/1254/989
f 4107/1237/1038 4108/1240/1039 4118/1255/1047 4117/1253/1046
f 4108/1240/1039 4109/1242/1040 4119/1256/1048 4118/1255/1047
f 4109/1242/1040 4110/1244/1041 4120/1257/1049 4119/1256/1048
f 4110/1244/1041 4101/1246/979 4111/1258/993 4120/1257/1049
f 4111/1248/993 4112/1247/1042 4122/1259/1050 4121/1260/895
f 4112/1247/1042 4113/1249/1043 4123/1261/1051 4122/1259/1050
f 4113/1249/1043 4114/1250/1044 4124/1262/1052 4123/1261/1051
f 4114/1250/1044 4115/1251/1045 4125/1263/1053 4124/1262/1052
f 4115/1251/1045 4116/1252/989 4126/1264/891 4125/1263/1053
f 4116/1254/989 4117/1253/1046 4127/1265/1054 4126/1266/891
f 4117/1253/1046 4118/1255/1047 4128/1267/1055 4127/1265/1054
f 4118/1255/1047 4119/1256/1048 4129/1268/1056 4128/1267/1055
f 4119/1256/1048 4120/1257/1049 4130/1269/1057 4129/1268/1056
f 4120/1257/1049 4111/1258/993 4121/1270/895 4130/1269/1057
f 4121/1260/895 4122/1259/1050 4132/1271/1058 4131/1272/1011
f 4122/1259/1050 4123/1261/1051 4133/1273/1059 4132/1271/1058
f 4123/1261/1051 4124/1262/1052 4134/1274/1060 4133/1273/1059
f 4124/1262/1052 4125/1263/1053 4135/1275/1061 4134/1274/1060
f 4125/1263/1053 4126/1264/891 4136/1276/1062 4135/1275/1061
f 4126/1266/891 4127/1265/1054 4137/1277/1063 4136/1278/1062
f 4127/1265/1054 4128/1267/1055 4138/1279/1064 4137/1277/1063
f 4128/1267/1055 4129/1268/1056 4139/1280/1065 4138/1279/1064
f 4129/1268/1056 4130/1269/1057 4140/1281/1066 4139/1280/1065
f 4130/1269/1057 4121/1270/895 4131/1282/1011 4140/1281/1066
f 4131/1272/1011 4132/1271/1058 4142/1283/1067 4141/1284/1021
f 4132/1271/1058 4133/1273/1059 4143/1285/1068 4142/1283/1067
f 4133/1273/1059 4134/1274/1060 4144/1286/1069 4143/1285/1068
f 4134/1274/1060 4135/1275/1061 4145/1287/1070 4144/1286/1069
f 4135/1275/1061 4136/1276/1062 4146/1288/1017 4145/1287/1070
f 4136/1278/1062 4137/1277/1063 4147/1289/1071 4146/1290/1017
f 4137/1277/1063 4138/1279/1064 4148/1291/1072 4147/1289/1071
f 4138/1279/1064 4139/1280/1065 4149/1292/1073 4148/1291/1072
f 4139/1280/1065 4140/1281/1066 4150/1293/1074 4149/1292/1073
f 4140/1281/1066 4131/1282/1011 4141/1294/1021 4150/1293/1074
f 4141/1284/1021 4142/1283/1067 4032/1295/969 4031/1296/968
f 4142/1283/1067 4143/1285/1068 4033/1297/972 4032/1295/969
f 4143/1285/1068 4144/1286/1069 4034/1298/974 4033/1297/972
f 4144/1286/1069 4145/1287/1070 4035/1299/976 4034/1298/974
f 4145/1287/1070 4146/1288/1017 4036/1300/978 4035/1299/976
f 4146/1290/1017 4147/1289/1071 4037/1301/980 4036/1302/978
f 4147/1289/1071 4148/1291/1072 4038/1303/982 4037/1301/980
f 4148/1291/1072 4149/1292/1073 4039/1304/984 4038/1303/982
f 4149/1292/1073 4150/1293/1074 4040/1305/986 4039/1304/984
f 4150/1293/1074 4141/1294/1021 4031/1306/968 4040/1305/986
