# Blender 5.1.0
# www.blender.org
mtllib gazebo.mtl
o gazebo_floor
v 20.849894 -0.097989 6.592651
v 20.849894 0.106020 6.592651
v 22.769741 -0.097989 6.974534
v 22.769741 0.106020 6.974534
v 24.397308 -0.097989 8.062039
v 24.397308 0.106020 8.062039
v 25.484814 -0.097989 9.689608
v 25.484814 0.106020 9.689608
v 25.866695 -0.097988 11.609454
v 25.866695 0.106021 11.609454
v 25.484814 -0.097988 13.529301
v 25.484814 0.106021 13.529301
v 24.397308 -0.097988 15.156869
v 24.397308 0.106021 15.156869
v 22.769741 -0.097988 16.244375
v 22.769741 0.106021 16.244375
v 20.849894 -0.097988 16.626255
v 20.849894 0.106021 16.626255
v 18.930046 -0.097988 16.244375
v 18.930046 0.106021 16.244375
v 17.302479 -0.097988 15.156869
v 17.302479 0.106021 15.156869
v 16.214973 -0.097988 13.529301
v 16.214973 0.106021 13.529301
v 15.833090 -0.097988 11.609454
v 15.833090 0.106021 11.609454
v 16.214973 -0.097989 9.689608
v 16.214973 0.106020 9.689608
v 17.302479 -0.097989 8.062039
v 17.302479 0.106020 8.062039
v 18.930046 -0.097989 6.974534
v 18.930046 0.106020 6.974534
v 20.849894 0.106020 7.049805
v 22.594795 0.106020 7.396887
v 24.074053 0.106020 8.385295
v 25.062460 0.106020 9.864552
v 25.409542 0.106021 11.609454
v 25.062460 0.106021 13.354357
v 24.074053 0.106021 14.833613
v 22.594795 0.106021 15.822021
v 20.849894 0.106021 16.169104
v 19.104990 0.106021 15.822021
v 17.625734 0.106021 14.833613
v 16.637327 0.106021 13.354357
v 16.290243 0.106021 11.609454
v 16.637327 0.106020 9.864552
v 17.625734 0.106020 8.385295
v 19.104990 0.106020 7.396887
v 20.849894 0.357412 7.049805
v 22.594795 0.357412 7.396887
v 24.074053 0.357412 8.385295
v 25.062460 0.357412 9.864552
v 25.409542 0.357412 11.609454
v 25.062460 0.357412 13.354357
v 24.074053 0.357412 14.833613
v 22.594795 0.357412 15.822021
v 20.849894 0.357412 16.169104
v 19.104990 0.357412 15.822021
v 17.625734 0.357412 14.833613
v 16.637327 0.357412 13.354357
v 16.290243 0.357412 11.609454
v 16.637327 0.357412 9.864552
v 17.625734 0.357412 8.385295
v 19.104990 0.357412 7.396887
v 20.849894 0.357412 7.595582
v 22.385935 0.357412 7.901121
v 23.688129 0.357412 8.771217
v 24.558226 0.357412 10.073412
v 24.863764 0.357412 11.609454
v 24.558226 0.357412 13.145496
v 23.688129 0.357412 14.447690
v 22.385935 0.357412 15.317788
v 20.849894 0.357412 15.623325
v 19.313850 0.357412 15.317788
v 18.011658 0.357412 14.447690
v 17.141560 0.357412 13.145496
v 16.836021 0.357412 11.609454
v 17.141560 0.357412 10.073412
v 18.011658 0.357412 8.771217
v 19.313850 0.357412 7.901121
v 20.849894 0.661071 7.595582
v 22.385935 0.661071 7.901121
v 23.688129 0.661071 8.771217
v 24.558226 0.661071 10.073412
v 24.863764 0.661071 11.609454
v 24.558226 0.661071 13.145496
v 23.688129 0.661072 14.447690
v 22.385935 0.661072 15.317788
v 20.849894 0.661072 15.623325
v 19.313850 0.661072 15.317788
v 18.011658 0.661072 14.447690
v 17.141560 0.661071 13.145496
v 16.836021 0.661071 11.609454
v 17.141560 0.661071 10.073412
v 18.011658 0.661071 8.771217
v 19.313850 0.661071 7.901121
v 20.849894 0.661071 11.609454
vn 0.1951 -0.0000 -0.9808
vn 0.5556 -0.0000 -0.8315
vn 0.8315 -0.0000 -0.5556
vn 0.9808 -0.0000 -0.1951
vn 0.9808 -0.0000 0.1951
vn 0.8315 -0.0000 0.5556
vn 0.5556 -0.0000 0.8315
vn 0.1951 -0.0000 0.9808
vn -0.1951 -0.0000 0.9808
vn -0.5556 -0.0000 0.8315
vn -0.8315 -0.0000 0.5556
vn -0.9808 -0.0000 0.1951
vn -0.9808 -0.0000 -0.1951
vn -0.8315 -0.0000 -0.5556
vn -0.0000 1.0000 -0.0000
vn -0.5556 -0.0000 -0.8315
vn -0.1951 -0.0000 -0.9808
vt 0.031449 0.441857
vt 0.041305 0.438593
vt 0.084381 0.530674
vt 0.074550 0.535279
vt 0.074669 0.535015
vt 0.084381 0.530509
vt 0.041313 0.438556
vt 0.031435 0.441836
vt 0.023727 0.344300
vt 0.013216 0.344851
vt 0.032602 0.250154
vt 0.022531 0.247465
vt 0.069348 0.164093
vt 0.060734 0.158491
vt 0.130718 0.093958
vt 0.124126 0.086072
vt 0.210430 0.046099
vt 0.206259 0.036514
vt 0.302343 0.019895
vt 0.300752 0.009289
vt 0.403618 0.017984
vt 0.403378 0.006658
vt 0.403402 0.006675
vt 0.403653 0.018036
vt 0.302316 0.019834
vt 0.300707 0.009323
vt 0.210343 0.046100
vt 0.206287 0.036583
vt 0.130682 0.094031
vt 0.124161 0.086088
vt 0.069393 0.164083
vt 0.060711 0.158499
vt 0.032621 0.250119
vt 0.022565 0.247454
vt 0.144572 0.110922
vt 0.219158 0.065406
vt 0.023706 0.344367
vt 0.013162 0.344806
vt 0.103047 0.516885
vt 0.062428 0.431474
vt 0.219350 0.065445
vt 0.144579 0.110851
vt 0.054046 0.255764
vt 0.087841 0.175947
vt 0.398872 0.043020
vt 0.305528 0.043146
vt 0.054027 0.255711
vt 0.046229 0.343342
vt 0.046271 0.343287
vt 0.305528 0.043168
vt 0.062479 0.431403
vt 0.103102 0.516863
vt 0.087866 0.175895
vt 0.398816 0.043044
vt 0.307258 0.055552
vt 0.398818 0.055577
vt 0.115921 0.510835
vt 0.074991 0.427287
vt 0.398916 0.055518
vt 0.307224 0.055553
vt 0.058062 0.342538
vt 0.223820 0.076987
vt 0.065891 0.258562
vt 0.152490 0.120042
vt 0.098273 0.182256
vt 0.098225 0.182234
vt 0.152505 0.120083
vt 0.065940 0.258515
vt 0.223815 0.076946
vt 0.058141 0.342643
vt 0.074974 0.427299
vt 0.115845 0.510796
vt 0.310277 0.082019
vt 0.233427 0.100989
vt 0.083044 0.340726
vt 0.090982 0.264863
vt 0.168498 0.140130
vt 0.119774 0.195953
vt 0.119781 0.195895
vt 0.168511 0.140088
vt 0.090965 0.264850
vt 0.233441 0.100932
vt 0.082983 0.340731
vt 0.310288 0.082001
vt 0.101528 0.417856
vt 0.138812 0.493478
vt 0.392528 0.085763
vt 0.138860 0.493509
vt 0.101500 0.417949
vt 0.392483 0.085788
vt 0.097831 0.339684
vt 0.116517 0.412473
vt 0.311204 0.097966
vt 0.392059 0.101184
vt 0.154568 0.485638
vt 0.116444 0.412420
vt 0.392081 0.101184
vt 0.311236 0.097911
vt 0.097862 0.339670
vt 0.239075 0.114593
vt 0.104957 0.268017
vt 0.177553 0.151234
vt 0.131988 0.203260
vt 0.131941 0.203253
vt 0.177541 0.151188
vt 0.104979 0.268005
vt 0.239105 0.114554
vt 0.154559 0.485488
vt 0.303839 0.311001
vt 0.303831 0.310981
s 1
usemtl Material.007
f 1/1/1 2/2/1 4/3/1 3/4/1
f 3/5/2 4/6/2 6/7/2 5/8/2
f 5/8/3 6/7/3 8/9/3 7/10/3
f 7/10/4 8/9/4 10/11/4 9/12/4
f 9/12/5 10/11/5 12/13/5 11/14/5
f 11/14/6 12/13/6 14/15/6 13/16/6
f 13/16/7 14/15/7 16/17/7 15/18/7
f 15/18/8 16/17/8 18/19/8 17/20/8
f 17/20/9 18/19/9 20/21/9 19/22/9
f 19/23/10 20/24/10 22/25/10 21/26/10
f 21/26/11 22/25/11 24/27/11 23/28/11
f 23/28/12 24/27/12 26/29/12 25/30/12
f 25/30/13 26/29/13 28/31/13 27/32/13
f 27/32/14 28/31/14 30/33/14 29/34/14
f 16/17/15 14/15/15 39/35/15 40/36/15
f 29/34/16 30/33/16 32/37/16 31/38/16
f 31/38/17 32/37/17 2/2/17 1/1/17
f 6/7/15 4/6/15 34/39/15 35/40/15
f 26/29/15 24/27/15 44/41/15 45/42/15
f 12/13/15 10/11/15 37/43/15 38/44/15
f 22/25/15 20/24/15 42/45/15 43/46/15
f 32/37/15 30/33/15 47/47/15 48/48/15
f 8/9/15 6/7/15 35/40/15 36/49/15
f 18/19/15 16/17/15 40/36/15 41/50/15
f 4/3/15 2/2/15 33/51/15 34/52/15
f 28/31/15 26/29/15 45/42/15 46/53/15
f 14/15/15 12/13/15 38/44/15 39/35/15
f 24/27/15 22/25/15 43/46/15 44/41/15
f 2/2/15 32/37/15 48/48/15 33/51/15
f 10/11/15 8/9/15 36/49/15 37/43/15
f 20/21/15 18/19/15 41/50/15 42/54/15
f 30/33/15 28/31/15 46/53/15 47/47/15
f 42/54/9 41/50/9 57/55/9 58/56/9
f 35/40/2 34/39/2 50/57/2 51/58/2
f 43/46/10 42/45/10 58/59/10 59/60/10
f 36/49/3 35/40/3 51/58/3 52/61/3
f 44/41/11 43/46/11 59/60/11 60/62/11
f 37/43/4 36/49/4 52/61/4 53/63/4
f 45/42/12 44/41/12 60/62/12 61/64/12
f 38/44/5 37/43/5 53/63/5 54/65/5
f 46/53/13 45/42/13 61/64/13 62/66/13
f 39/35/6 38/44/6 54/65/6 55/67/6
f 47/47/14 46/53/14 62/66/14 63/68/14
f 40/36/7 39/35/7 55/67/7 56/69/7
f 48/48/16 47/47/16 63/68/16 64/70/16
f 41/50/8 40/36/8 56/69/8 57/55/8
f 34/52/1 33/51/1 49/71/1 50/72/1
f 33/51/17 48/48/17 64/70/17 49/71/17
f 60/62/15 59/60/15 75/73/15 76/74/15
f 53/63/15 52/61/15 68/75/15 69/76/15
f 61/64/15 60/62/15 76/74/15 77/77/15
f 54/65/15 53/63/15 69/76/15 70/78/15
f 62/66/15 61/64/15 77/77/15 78/79/15
f 55/67/15 54/65/15 70/78/15 71/80/15
f 63/68/15 62/66/15 78/79/15 79/81/15
f 56/69/15 55/67/15 71/80/15 72/82/15
f 64/70/15 63/68/15 79/81/15 80/83/15
f 57/55/15 56/69/15 72/82/15 73/84/15
f 50/72/15 49/71/15 65/85/15 66/86/15
f 49/71/15 64/70/15 80/83/15 65/85/15
f 58/56/15 57/55/15 73/84/15 74/87/15
f 51/58/15 50/57/15 66/88/15 67/89/15
f 59/60/15 58/59/15 74/90/15 75/73/15
f 52/61/15 51/58/15 67/89/15 68/75/15
f 65/85/17 80/83/17 96/91/17 81/92/17
f 74/87/9 73/84/9 89/93/9 90/94/9
f 67/89/2 66/88/2 82/95/2 83/96/2
f 75/73/10 74/90/10 90/97/10 91/98/10
f 68/75/3 67/89/3 83/96/3 84/99/3
f 76/74/11 75/73/11 91/98/11 92/100/11
f 69/76/4 68/75/4 84/99/4 85/101/4
f 77/77/12 76/74/12 92/100/12 93/102/12
f 70/78/5 69/76/5 85/101/5 86/103/5
f 78/79/13 77/77/13 93/102/13 94/104/13
f 71/80/6 70/78/6 86/103/6 87/105/6
f 79/81/14 78/79/14 94/104/14 95/106/14
f 72/82/7 71/80/7 87/105/7 88/107/7
f 80/83/16 79/81/16 95/106/16 96/91/16
f 73/84/8 72/82/8 88/107/8 89/93/8
f 66/86/1 65/85/1 81/92/1 82/108/1
f 95/106/15 94/104/15 97/109/15
f 88/107/15 87/105/15 97/110/15
f 96/91/15 95/106/15 97/109/15
f 89/93/15 88/107/15 97/110/15
f 82/108/15 81/92/15 97/109/15
f 81/92/15 96/91/15 97/109/15
f 90/94/15 89/93/15 97/110/15
f 83/96/15 82/95/15 97/110/15
f 91/98/15 90/97/15 97/109/15
f 84/99/15 83/96/15 97/110/15
f 92/100/15 91/98/15 97/109/15
f 85/101/15 84/99/15 97/110/15
f 93/102/15 92/100/15 97/109/15
f 86/103/15 85/101/15 97/110/15
f 94/104/15 93/102/15 97/109/15
f 87/105/15 86/103/15 97/110/15
o gazebo_dome
v 19.179651 6.662010 7.577133
v 19.104990 6.662010 7.396886
v 20.849894 6.662010 7.244901
v 17.763689 6.662010 8.523249
v 19.249550 7.410770 7.745880
v 20.849894 7.410770 7.427552
v 17.892841 7.410770 8.652403
v 19.470322 8.335501 8.278873
v 20.849894 8.335501 8.004459
v 18.300777 8.335501 9.060337
v 19.831144 9.070334 9.149977
v 20.849894 9.070334 8.947335
v 18.967491 9.070334 9.727051
v 20.163132 9.515104 9.951464
v 20.849894 9.515104 9.814857
v 19.580923 9.515104 10.340483
v 20.515902 9.734950 10.803125
v 20.849894 9.734950 10.736691
v 20.232758 9.734950 10.992316
v 20.664751 9.781579 11.162482
v 20.507797 9.781579 11.267357
v 20.849894 9.781579 11.125655
v 20.664751 9.906898 11.162482
v 20.507797 9.906898 11.267357
v 20.849894 9.906898 11.125655
v 20.758385 9.906898 11.388530
v 20.680805 9.906898 11.440366
v 20.849894 9.906898 11.370327
v 20.786228 10.053833 11.455746
v 20.732252 10.053833 11.491811
v 20.849895 10.053833 11.443081
v 20.849895 10.053832 11.609454
v 20.967539 10.053833 11.491811
v 20.913563 10.053833 11.455746
v 20.732252 10.053833 11.727097
v 20.786228 10.053833 11.763162
v 21.003601 10.053833 11.545785
v 20.696186 10.053833 11.673121
v 21.016266 10.053833 11.609454
v 20.683523 10.053833 11.609454
v 21.003601 10.053833 11.673121
v 20.696186 10.053833 11.545785
v 20.967539 10.053833 11.727097
v 20.913563 10.053833 11.763162
v 20.849895 10.053833 11.775826
v 20.849894 9.906898 11.848580
v 20.941404 9.906898 11.830378
v 20.758385 9.906898 11.830378
v 20.849894 9.906898 12.093252
v 21.035034 9.906898 12.056426
v 20.664751 9.906898 12.056426
v 20.849894 9.781579 12.093252
v 21.035034 9.781579 12.056426
v 20.664751 9.781579 12.056426
v 20.849894 9.734950 12.482216
v 20.515902 9.734950 12.415781
v 21.183886 9.734950 12.415781
v 20.849894 9.515104 13.404049
v 20.163132 9.515104 13.267444
v 21.536655 9.515104 13.267444
v 20.849894 9.070335 14.271572
v 19.831144 9.070335 14.068931
v 21.868641 9.070335 14.068931
v 20.849894 8.335501 15.214447
v 19.470322 8.335501 14.940035
v 22.229465 8.335501 14.940035
v 20.849894 7.410771 15.791355
v 19.249550 7.410771 15.473027
v 22.450237 7.410771 15.473027
v 20.849894 6.662011 15.974005
v 20.849894 6.662011 16.169102
v 19.179651 6.662011 15.641773
v 22.520136 6.662011 15.641773
v 22.594795 6.662011 15.822021
v 23.936098 6.662011 14.695658
v 24.074053 6.662011 14.833612
v 24.882214 6.662011 13.279696
v 23.806944 7.410771 14.566504
v 24.713467 7.410771 13.209798
v 23.399010 8.335501 14.158569
v 24.180473 8.335501 12.989025
v 22.732296 9.070335 13.491856
v 23.309370 9.070335 12.628202
v 22.118864 9.515104 12.878425
v 22.507885 9.515104 12.296216
v 21.467031 9.734950 12.226590
v 21.656221 9.734950 11.943446
v 21.191992 9.781579 11.951551
v 21.296865 9.781579 11.794596
v 21.191992 9.906898 11.951551
v 21.296865 9.906898 11.794596
v 21.018982 9.906898 11.778542
v 21.070818 9.906898 11.700964
v 21.089020 9.906898 11.609454
v 21.070818 9.906898 11.517943
v 21.333693 9.906898 11.609454
v 21.296865 9.906898 11.424313
v 21.333693 9.781579 11.609454
v 21.296865 9.781579 11.424313
v 21.722656 9.734950 11.609454
v 21.656221 9.734950 11.275462
v 22.644489 9.515104 11.609453
v 22.507885 9.515104 10.922691
v 23.512011 9.070335 11.609453
v 23.309370 9.070334 10.590704
v 24.454889 8.335501 11.609453
v 24.180473 8.335501 10.229881
v 25.031796 7.410770 11.609453
v 24.713467 7.410770 10.009109
v 25.214447 6.662010 11.609453
v 25.409542 6.662010 11.609453
v 24.882214 6.662010 9.939211
v 25.062460 6.662010 9.864551
v 23.936098 6.662010 8.523249
v 24.074053 6.662010 8.385294
v 22.520136 6.662010 7.577133
v 23.806944 7.410770 8.652403
v 22.450237 7.410770 7.745880
v 23.399010 8.335501 9.060337
v 22.229465 8.335501 8.278873
v 22.732296 9.070334 9.727051
v 21.868641 9.070334 9.149977
v 22.118864 9.515104 10.340483
v 21.536655 9.515104 9.951464
v 21.467031 9.734950 10.992316
v 21.183886 9.734950 10.803125
v 21.191992 9.781579 11.267357
v 21.035034 9.781579 11.162482
v 21.191992 9.906898 11.267357
v 21.035034 9.906898 11.162482
v 21.018982 9.906898 11.440366
v 20.941404 9.906898 11.388530
v 22.594795 6.662010 7.396886
v 20.849894 6.662010 7.049804
v 22.594795 6.410619 7.396886
v 20.849894 6.410619 7.049804
v 24.074053 6.410619 8.385294
v 22.511934 6.410619 7.596932
v 20.849894 6.410619 7.266331
v 23.920944 6.410619 8.538403
v 22.385935 6.254557 7.901120
v 20.849894 6.254557 7.595582
v 23.688129 6.254557 8.771217
v 17.141560 6.254557 10.073411
v 18.011658 6.254557 8.771217
v 23.688129 6.254557 14.447689
v 22.385935 6.254557 15.317787
v 19.313852 6.254557 7.901120
v 20.849894 6.254557 15.623325
v 19.313852 6.254557 15.317787
v 18.011658 6.254557 14.447689
v 24.558228 6.254557 10.073411
v 17.141560 6.254557 13.145496
v 24.863766 6.254557 11.609453
v 16.836021 6.254557 11.609453
v 24.558228 6.254557 13.145496
v 24.862415 6.410619 13.271494
v 25.193016 6.410619 11.609453
v 23.920944 6.410619 14.680505
v 25.062460 6.410619 13.354357
v 25.409542 6.410619 11.609453
v 24.074053 6.410619 14.833612
v 25.062460 6.662011 13.354357
v 22.594795 6.410619 15.822021
v 20.849894 6.410619 16.169102
v 22.511934 6.410619 15.621975
v 20.849894 6.410619 15.952576
v 19.187853 6.410619 15.621975
v 17.778843 6.410619 14.680505
v 19.104990 6.410619 15.822021
v 17.625734 6.410619 14.833612
v 19.104990 6.662011 15.822021
v 17.625734 6.662011 14.833612
v 17.763689 6.662011 14.695658
v 16.637327 6.662011 13.354357
v 16.817574 6.662011 13.279696
v 16.290243 6.662010 11.609453
v 16.637327 6.410619 13.354357
v 16.290243 6.410619 11.609453
v 16.837372 6.410619 13.271494
v 16.506771 6.410619 11.609453
v 16.837372 6.410619 9.947412
v 17.778843 6.410619 8.538403
v 16.637327 6.410619 9.864551
v 17.625734 6.410619 8.385294
v 16.637327 6.662010 9.864551
v 16.817574 6.662010 9.939211
v 17.625734 6.662010 8.385294
v 16.485342 6.662010 11.609453
v 16.986320 7.410770 10.009109
v 16.667992 7.410770 11.609453
v 17.519314 8.335501 10.229881
v 17.244900 8.335501 11.609453
v 18.390415 9.070334 10.590704
v 18.187775 9.070335 11.609453
v 19.191902 9.515104 10.922691
v 19.055298 9.515104 11.609453
v 20.043566 9.734950 11.275462
v 19.977131 9.734950 11.609454
v 20.402922 9.781579 11.424313
v 20.366095 9.781579 11.609454
v 20.402922 9.906898 11.424313
v 20.366095 9.906898 11.609454
v 20.628969 9.906898 11.517943
v 20.610767 9.906898 11.609454
v 20.628969 9.906898 11.700964
v 20.680805 9.906898 11.778542
v 20.402922 9.906898 11.794596
v 20.507797 9.906898 11.951551
v 20.402922 9.781579 11.794596
v 20.507797 9.781579 11.951551
v 20.043566 9.734950 11.943446
v 20.232758 9.734950 12.226590
v 19.191902 9.515104 12.296216
v 19.580923 9.515104 12.878425
v 18.390415 9.070335 12.628202
v 18.967491 9.070335 13.491856
v 17.519314 8.335501 12.989025
v 18.300777 8.335501 14.158569
v 16.986320 7.410771 13.209798
v 17.892841 7.410771 14.566504
v 19.104990 6.410619 7.396886
v 19.187853 6.410619 7.596932
v 25.062460 6.410619 9.864551
v 24.862415 6.410619 9.947412
v 21.918545 6.257436 9.029500
v 20.849894 6.257436 8.816931
v 22.824507 6.257436 9.634842
v 18.269939 6.257436 10.540801
v 18.875280 6.257436 9.634842
v 22.824507 6.257436 13.584065
v 21.918545 6.257436 14.189408
v 19.781240 6.257436 9.029500
v 20.849894 6.257436 14.401977
v 19.781240 6.257436 14.189408
v 18.875280 6.257436 13.584065
v 23.429848 6.257436 10.540801
v 18.269939 6.257436 12.678106
v 23.642416 6.257436 11.609453
v 18.057371 6.257436 11.609453
v 23.429848 6.257436 12.678106
v 21.741062 7.661262 9.457983
v 20.849894 7.661262 9.280717
v 22.496559 7.661262 9.962788
v 18.698423 7.661262 10.718285
v 19.203230 7.661262 9.962788
v 22.496559 7.661263 13.256119
v 21.741062 7.661263 13.760925
v 19.958727 7.661262 9.457983
v 20.849894 7.661263 13.938190
v 19.958727 7.661263 13.760925
v 19.203230 7.661263 13.256119
v 23.001366 7.661262 10.718285
v 18.698423 7.661263 12.500622
v 23.178631 7.661263 11.609453
v 18.521158 7.661263 11.609453
v 23.001366 7.661263 12.500622
v 21.544947 8.285147 9.931450
v 20.849894 8.285147 9.793195
v 22.134184 8.285147 10.325165
v 19.171892 8.285147 10.914401
v 19.565605 8.285147 10.325165
v 22.134184 8.285147 12.893742
v 21.544947 8.285147 13.287457
v 20.154842 8.285147 9.931450
v 20.849894 8.285147 13.425711
v 20.154842 8.285147 13.287457
v 19.565605 8.285147 12.893742
v 22.527899 8.285147 10.914401
v 19.171892 8.285147 12.304505
v 22.666153 8.285147 11.609453
v 19.033636 8.285147 11.609453
v 22.527899 8.285147 12.304505
v 21.217094 8.604068 10.722956
v 20.849895 8.604068 10.649915
v 21.528391 8.604068 10.930957
v 19.963398 8.604068 11.242253
v 20.171398 8.604068 10.930957
v 21.528391 8.604068 12.287949
v 21.217094 8.604068 12.495951
v 20.482695 8.604068 10.722956
v 20.849895 8.604068 12.568991
v 20.482695 8.604068 12.495951
v 20.171398 8.604068 12.287949
v 21.736393 8.604068 11.242253
v 19.963398 8.604068 11.976652
v 21.809433 8.604068 11.609453
v 19.890356 8.604068 11.609453
v 21.736393 8.604068 11.976652
v 21.052813 8.735177 11.119565
v 20.849895 8.735177 11.079202
v 21.224838 8.735177 11.234509
v 20.360006 8.735177 11.406534
v 20.474951 8.735177 11.234509
v 21.224838 8.735177 11.984397
v 21.052813 8.735178 12.099340
v 20.646976 8.735177 11.119565
v 20.849895 8.735178 12.139704
v 20.646976 8.735178 12.099340
v 20.474951 8.735177 11.984397
v 21.339783 8.735177 11.406534
v 20.360006 8.735177 11.812371
v 21.380146 8.735177 11.609452
v 20.319643 8.735177 11.609452
v 21.339783 8.735177 11.812371
v 20.849895 8.735177 11.609452
vn -0.0000 1.0000 -0.0000
vn -0.0000 0.2370 -0.9715
vn -0.3718 0.2370 -0.8976
vn -0.3538 0.3812 -0.8541
vn -0.0000 0.3812 -0.9245
vn -0.6870 0.2370 -0.6870
vn -0.6537 0.3812 -0.6537
vn -0.2879 0.6587 -0.6951
vn -0.0000 0.6587 -0.7524
vn -0.5320 0.6587 -0.5320
vn -0.2090 0.8377 -0.5045
vn -0.0000 0.8377 -0.5461
vn -0.3861 0.8377 -0.3861
vn -0.1376 0.9331 -0.3322
vn -0.0000 0.9331 -0.3596
vn -0.2543 0.9331 -0.2543
vn -0.0699 0.9832 -0.1688
vn -0.0000 0.9832 -0.1827
vn -0.1292 0.9832 -0.1292
vn -0.0455 0.9929 -0.1100
vn -0.0000 0.9929 -0.1190
vn -0.0842 0.9929 -0.0842
vn -0.5556 -0.0000 -0.8315
vn -0.1951 -0.0000 -0.9808
vn -0.4997 0.4368 -0.7479
vn -0.1755 0.4368 -0.8823
vn 0.1755 0.4368 0.8823
vn -0.1755 0.4368 0.8823
vn 0.1951 -0.0000 0.9808
vn -0.1951 -0.0000 0.9808
vn -0.0000 0.9832 0.1827
vn 0.0699 0.9832 0.1688
vn 0.0455 0.9929 0.1100
vn -0.0000 0.9929 0.1190
vn -0.0699 0.9832 0.1688
vn -0.0456 0.9929 0.1100
vn -0.1376 0.9331 0.3322
vn -0.0000 0.9331 0.3596
vn 0.1376 0.9331 0.3322
vn -0.2090 0.8377 0.5045
vn -0.0000 0.8377 0.5461
vn 0.2090 0.8377 0.5045
vn -0.2879 0.6587 0.6951
vn -0.0000 0.6587 0.7524
vn 0.2879 0.6587 0.6951
vn -0.3538 0.3812 0.8541
vn -0.0000 0.3812 0.9245
vn 0.3538 0.3812 0.8541
vn -0.3718 0.2370 0.8976
vn -0.0000 0.2370 0.9715
vn 0.3718 0.2370 0.8976
vn 0.6870 0.2370 0.6870
vn 0.6537 0.3812 0.6537
vn 0.8976 0.2370 0.3718
vn 0.8541 0.3812 0.3538
vn 0.5320 0.6587 0.5320
vn 0.6951 0.6587 0.2879
vn 0.3861 0.8377 0.3861
vn 0.5045 0.8377 0.2090
vn 0.2543 0.9331 0.2543
vn 0.3322 0.9331 0.1376
vn 0.1292 0.9832 0.1292
vn 0.1688 0.9832 0.0699
vn 0.0842 0.9929 0.0842
vn 0.1100 0.9929 0.0455
vn 0.8315 -0.0000 0.5556
vn 0.5556 -0.0000 0.8315
vn 0.7479 0.4368 0.4997
vn 0.4998 0.4368 0.7479
vn 0.8823 0.4368 0.1755
vn 0.8823 0.4368 -0.1755
vn 0.9808 -0.0000 -0.1951
vn 0.9808 -0.0000 0.1951
vn 0.1827 0.9832 -0.0000
vn 0.1688 0.9832 -0.0699
vn 0.1100 0.9929 -0.0455
vn 0.1190 0.9929 -0.0000
vn 0.3596 0.9331 -0.0000
vn 0.3322 0.9331 -0.1376
vn 0.5461 0.8377 -0.0000
vn 0.5045 0.8377 -0.2090
vn 0.7524 0.6587 -0.0000
vn 0.6951 0.6587 -0.2879
vn 0.9245 0.3812 -0.0000
vn 0.8541 0.3812 -0.3538
vn 0.9715 0.2370 -0.0000
vn 0.8976 0.2370 -0.3718
vn 0.6870 0.2370 -0.6870
vn 0.6537 0.3812 -0.6537
vn 0.3718 0.2370 -0.8976
vn 0.3538 0.3812 -0.8541
vn 0.5320 0.6587 -0.5320
vn 0.2879 0.6587 -0.6951
vn 0.3861 0.8377 -0.3861
vn 0.2090 0.8377 -0.5045
vn 0.2543 0.9331 -0.2543
vn 0.1376 0.9331 -0.3322
vn 0.1292 0.9832 -0.1292
vn 0.0699 0.9832 -0.1688
vn 0.0842 0.9929 -0.0842
vn 0.0455 0.9929 -0.1100
vn 0.5556 -0.0000 -0.8315
vn 0.8315 -0.0000 -0.5556
vn 0.4998 0.4368 -0.7479
vn 0.7479 0.4368 -0.4997
vn 0.1755 0.4368 -0.8823
vn 0.1951 -0.0000 -0.9808
vn -0.0000 -1.0000 -0.0000
vn 0.0849 -0.9004 -0.4268
vn 0.2417 -0.9004 -0.3618
vn 0.4268 -0.9004 0.0849
vn 0.3618 -0.9004 0.2417
vn 0.2417 -0.9004 0.3618
vn 0.0849 -0.9004 0.4268
vn -0.0849 -0.9004 0.4268
vn -0.2417 -0.9004 0.3618
vn -0.5556 -0.0000 0.8315
vn -0.8315 -0.0000 0.5556
vn -0.9808 -0.0000 0.1951
vn -0.3618 -0.9004 0.2417
vn -0.4268 -0.9004 0.0849
vn -0.4268 -0.9004 -0.0849
vn -0.3618 -0.9004 -0.2417
vn -0.9808 -0.0000 -0.1951
vn -0.8315 -0.0000 -0.5556
vn -0.8976 0.2370 -0.3718
vn -0.8541 0.3812 -0.3538
vn -0.9715 0.2370 -0.0000
vn -0.9245 0.3812 -0.0000
vn -0.6951 0.6587 -0.2879
vn -0.7524 0.6587 -0.0000
vn -0.5045 0.8377 -0.2090
vn -0.5461 0.8377 -0.0000
vn -0.3322 0.9331 -0.1376
vn -0.3596 0.9331 -0.0000
vn -0.1688 0.9832 -0.0699
vn -0.1827 0.9832 -0.0000
vn -0.1100 0.9929 -0.0455
vn -0.1190 0.9929 -0.0000
vn -0.8823 0.4369 -0.1755
vn -0.7479 0.4369 -0.4998
vn -0.8823 0.4369 0.1755
vn -0.7479 0.4369 0.4998
vn -0.1688 0.9832 0.0699
vn -0.1292 0.9832 0.1292
vn -0.0842 0.9929 0.0842
vn -0.1100 0.9929 0.0456
vn -0.3322 0.9331 0.1376
vn -0.2543 0.9331 0.2543
vn -0.5045 0.8377 0.2090
vn -0.3861 0.8377 0.3861
vn -0.6951 0.6587 0.2879
vn -0.5320 0.6587 0.5320
vn -0.8541 0.3812 0.3538
vn -0.6537 0.3812 0.6537
vn -0.8976 0.2370 0.3718
vn -0.6870 0.2370 0.6870
vn -0.4997 0.4368 0.7479
vn -0.2417 -0.9004 -0.3618
vn -0.0849 -0.9004 -0.4268
vn 0.3618 -0.9004 -0.2417
vn 0.4268 -0.9004 -0.0849
vn 0.0024 -1.0000 -0.0000
vn 0.0022 -1.0000 0.0009
vn 0.0009 -1.0000 -0.0022
vn 0.0017 -1.0000 -0.0017
vn 0.0022 -1.0000 -0.0009
vn -0.0017 -1.0000 0.0017
vn -0.0009 -1.0000 0.0022
vn -0.0017 -1.0000 -0.0017
vn -0.0009 -1.0000 -0.0022
vn -0.0024 -1.0000 -0.0000
vn -0.0022 -1.0000 -0.0009
vn -0.0022 -1.0000 0.0009
vn 0.0017 -1.0000 0.0017
vn -0.0000 -1.0000 -0.0024
vn 0.0009 -1.0000 0.0022
vn -0.0000 -1.0000 0.0024
vn 0.3634 -0.3137 -0.8772
vn 0.6714 -0.3137 -0.6714
vn 0.6230 -0.4730 -0.6230
vn 0.3372 -0.4730 -0.8140
vn 0.9495 -0.3137 -0.0000
vn 0.8772 -0.3137 0.3634
vn 0.8140 -0.4730 0.3372
vn 0.8811 -0.4730 -0.0000
vn -0.6714 -0.3137 0.6714
vn -0.8772 -0.3137 0.3634
vn -0.8140 -0.4730 0.3372
vn -0.6230 -0.4730 0.6230
vn 0.6714 -0.3137 0.6714
vn 0.6230 -0.4730 0.6230
vn 0.8772 -0.3137 -0.3634
vn 0.8140 -0.4730 -0.3372
vn 0.3634 -0.3137 0.8772
vn 0.3372 -0.4730 0.8140
vn -0.9495 -0.3137 -0.0000
vn -0.8811 -0.4730 -0.0000
vn -0.8772 -0.3137 -0.3634
vn -0.6714 -0.3137 -0.6714
vn -0.6230 -0.4730 -0.6230
vn -0.8140 -0.4730 -0.3372
vn -0.3634 -0.3137 -0.8772
vn -0.3372 -0.4730 -0.8140
vn -0.3634 -0.3137 0.8772
vn -0.3372 -0.4730 0.8140
vn -0.0000 -0.4730 0.8811
vn -0.0000 -0.3137 0.9495
vn -0.0000 -0.3137 -0.9495
vn -0.0000 -0.4730 -0.8811
vn -0.2302 -0.7988 0.5558
vn -0.0000 -0.7988 0.6016
vn -0.5558 -0.7988 -0.2302
vn -0.6016 -0.7988 -0.0000
vn -0.0000 -0.7988 -0.6016
vn -0.2302 -0.7988 -0.5558
vn -0.4254 -0.7988 0.4254
vn 0.2302 -0.7988 -0.5558
vn 0.2302 -0.7988 0.5558
vn 0.4254 -0.7988 -0.4254
vn 0.5558 -0.7988 0.2302
vn 0.6016 -0.7988 -0.0000
vn -0.5558 -0.7988 0.2302
vn 0.4254 -0.7988 0.4254
vn 0.5558 -0.7988 -0.2302
vn -0.4254 -0.7988 -0.4254
vn -0.1240 -0.9461 -0.2993
vn -0.2291 -0.9461 -0.2291
vn -0.1240 -0.9461 0.2993
vn -0.0000 -0.9461 0.3240
vn -0.2993 -0.9461 -0.1240
vn -0.3240 -0.9461 -0.0000
vn -0.0000 -0.9461 -0.3240
vn -0.2291 -0.9461 0.2291
vn 0.1240 -0.9461 -0.2993
vn 0.1240 -0.9461 0.2993
vn 0.2291 -0.9461 -0.2291
vn 0.2993 -0.9461 0.1240
vn 0.3240 -0.9461 -0.0000
vn -0.2993 -0.9461 0.1240
vn 0.2291 -0.9461 0.2291
vn 0.2993 -0.9461 -0.1240
vn 0.1656 -0.9862 -0.0000
vn 0.1530 -0.9862 -0.0634
vn -0.0634 -0.9862 -0.1530
vn -0.1171 -0.9862 -0.1171
vn -0.0634 -0.9862 0.1530
vn -0.0000 -0.9862 0.1656
vn -0.1530 -0.9862 -0.0634
vn -0.1656 -0.9862 -0.0000
vn -0.0000 -0.9862 -0.1656
vn -0.1171 -0.9862 0.1171
vn 0.0634 -0.9862 -0.1530
vn 0.0634 -0.9862 0.1530
vn 0.1171 -0.9862 -0.1171
vn 0.1530 -0.9862 0.0634
vn -0.1530 -0.9862 0.0634
vn 0.1171 -0.9862 0.1171
vt 0.562583 0.968855
vt 0.612727 0.969381
vt 0.612665 0.987827
vt 0.562514 0.988014
vt 0.509484 0.967812
vt 0.509293 0.988906
vt 0.655572 0.016835
vt 0.741198 0.025020
vt 0.732966 0.062188
vt 0.656031 0.054770
vt 0.822795 0.055015
vt 0.804823 0.088878
vt 0.722574 0.111441
vt 0.658043 0.106535
vt 0.781533 0.133107
vt 0.712197 0.164738
vt 0.663285 0.163460
vt 0.756625 0.180086
vt 0.704927 0.209603
vt 0.670966 0.210488
vt 0.736115 0.219513
vt 0.699338 0.255906
vt 0.682096 0.257095
vt 0.715669 0.260521
vt 0.697371 0.276019
vt 0.687480 0.276905
vt 0.706922 0.278601
vt 0.831937 0.453082
vt 0.829510 0.466507
vt 0.821341 0.463961
vt 0.823582 0.452719
vt 0.831013 0.439868
vt 0.822933 0.441267
vt 0.805609 0.458561
vt 0.807089 0.451793
vt 0.806708 0.444803
vt 0.795538 0.454836
vt 0.796119 0.451033
vt 0.795464 0.447065
vt 0.785141 0.451689
vt 0.869805 0.480493
vt 0.873923 0.479942
vt 0.872241 0.491489
vt 0.878459 0.480792
vt 0.793469 0.443097
vt 0.787520 0.462543
vt 0.783424 0.462987
vt 0.778972 0.462076
vt 0.863514 0.500152
vt 0.861548 0.496026
vt 0.866313 0.482223
vt 0.791093 0.460921
vt 0.863526 0.484777
vt 0.793817 0.458218
vt 0.861697 0.488104
vt 0.860994 0.491939
vt 0.850462 0.498306
vt 0.850036 0.491307
vt 0.852659 0.504875
vt 0.833441 0.501106
vt 0.833319 0.489444
vt 0.836348 0.513674
vt 0.825135 0.502133
vt 0.824900 0.488688
vt 0.827600 0.515310
vt 0.681915 0.256198
vt 0.699088 0.255024
vt 0.697103 0.275040
vt 0.687234 0.275788
vt 0.665829 0.263641
vt 0.678276 0.280133
vt 0.637942 0.221831
vt 0.671377 0.209436
vt 0.705100 0.208865
vt 0.614628 0.176441
vt 0.664200 0.162640
vt 0.712608 0.164199
vt 0.591308 0.119201
vt 0.659687 0.106731
vt 0.723687 0.111116
vt 0.578198 0.064460
vt 0.657906 0.055100
vt 0.734684 0.062369
vt 0.572368 0.026184
vt 0.657447 0.017226
vt 0.742914 0.025406
vt 0.509316 0.967568
vt 0.562472 0.968729
vt 0.562741 0.988047
vt 0.509100 0.988957
vt 0.452031 0.967114
vt 0.452871 0.989124
vt 0.612916 0.969189
vt 0.612838 0.987867
vt 0.823832 0.055604
vt 0.805851 0.089184
vt 0.660883 0.969633
vt 0.660807 0.987384
vt 0.893974 0.107432
vt 0.867045 0.134869
vt 0.782477 0.133103
vt 0.832044 0.170458
vt 0.756872 0.179705
vt 0.793942 0.207640
vt 0.736235 0.218936
vt 0.762179 0.238257
vt 0.715357 0.259790
vt 0.728979 0.269769
vt 0.706569 0.277815
vt 0.714484 0.283693
vt 0.827983 0.475345
vt 0.834561 0.463128
vt 0.841624 0.468100
vt 0.836034 0.478235
vt 0.854846 0.478314
vt 0.851518 0.484476
vt 0.859816 0.473250
vt 0.849801 0.459792
vt 0.866100 0.469782
vt 0.860048 0.453957
vt 0.844274 0.453053
vt 0.856382 0.445868
vt 0.738474 0.283852
vt 0.742454 0.300552
vt 0.722092 0.301649
vt 0.719894 0.291957
vt 0.780484 0.265065
vt 0.789371 0.296771
vt 0.820807 0.245662
vt 0.834898 0.291182
vt 0.868595 0.221142
vt 0.889287 0.281605
vt 0.913040 0.196806
vt 0.939992 0.270513
vt 0.947096 0.177903
vt 0.978617 0.261592
vt 0.706478 0.970636
vt 0.750919 0.971635
vt 0.750822 0.988942
vt 0.706387 0.987070
vt 0.794306 0.972241
vt 0.794217 0.988209
vt 0.986751 0.352145
vt 0.945986 0.351021
vt 0.839364 0.973450
vt 0.838193 0.990889
vt 0.973634 0.444470
vt 0.931904 0.436067
vt 0.891955 0.347977
vt 0.875158 0.418035
vt 0.834442 0.340673
vt 0.817598 0.390637
vt 0.787184 0.330959
vt 0.772836 0.364259
vt 0.740404 0.317900
vt 0.732055 0.333833
vt 0.720734 0.311561
vt 0.715868 0.320392
vt 0.870074 0.441748
vt 0.884964 0.440496
vt 0.885498 0.450602
vt 0.871794 0.450835
vt 0.880299 0.468970
vt 0.873223 0.468429
vt 0.804469 0.438220
vt 0.819530 0.429242
vt 0.827939 0.427201
vt 0.665989 0.264626
vt 0.678508 0.281302
vt 0.637488 0.223564
vt 0.612166 0.178258
vt 0.589346 0.118938
vt 0.576220 0.064135
vt 0.570381 0.025809
vt 0.451486 0.967008
vt 0.452759 0.989039
vt 0.451626 0.937900
vt 0.509610 0.941112
vt 0.794469 0.950972
vt 0.839449 0.950411
vt 0.453298 0.913428
vt 0.509788 0.918167
vt 0.794547 0.933078
vt 0.838387 0.932073
vt 0.924644 0.483306
vt 0.911217 0.493678
vt 0.944978 0.558581
vt 0.961121 0.553277
vt 0.958897 0.554402
vt 0.943276 0.559809
vt 0.909852 0.497384
vt 0.922796 0.487140
vt 0.931818 0.777353
vt 0.917735 0.768350
vt 0.947290 0.701993
vt 0.963378 0.706432
vt 0.880959 0.835345
vt 0.870206 0.822820
vt 0.661079 0.946243
vt 0.661222 0.926478
vt 0.706836 0.929077
vt 0.706696 0.948103
vt 0.613124 0.944596
vt 0.613274 0.923817
vt 0.562667 0.943638
vt 0.562887 0.922471
vt 0.509633 0.941238
vt 0.509820 0.918109
vt 0.816831 0.875489
vt 0.810318 0.860538
vt 0.744034 0.894915
vt 0.742339 0.878842
vt 0.669546 0.890528
vt 0.673298 0.874929
vt 0.451654 0.937860
vt 0.453350 0.913476
vt 0.744631 0.892618
vt 0.742821 0.876635
vt 0.673523 0.873582
vt 0.669988 0.889343
vt 0.794555 0.950966
vt 0.794569 0.933049
vt 0.838431 0.932022
vt 0.839462 0.950385
vt 0.794196 0.972212
vt 0.839432 0.973477
vt 0.838186 0.990872
vt 0.794079 0.988159
vt 0.750889 0.971553
vt 0.750798 0.989090
vt 0.751182 0.949690
vt 0.706430 0.970648
vt 0.706340 0.987496
vt 0.706739 0.948191
vt 0.751297 0.931114
vt 0.706812 0.929040
vt 0.816155 0.872743
vt 0.809658 0.858005
vt 0.879541 0.833126
vt 0.869051 0.820714
vt 0.929865 0.776826
vt 0.916120 0.767831
vt 0.661000 0.946248
vt 0.661338 0.926408
vt 0.962163 0.707516
vt 0.946241 0.702774
vt 0.613135 0.944611
vt 0.613249 0.923820
vt 0.660719 0.969530
vt 0.660655 0.987495
vt 0.562784 0.943644
vt 0.893600 0.107069
vt 0.866493 0.134726
vt 0.947093 0.178156
vt 0.912780 0.197161
vt 0.831300 0.170515
vt 0.867716 0.221137
vt 0.793704 0.207774
vt 0.820505 0.245614
vt 0.762009 0.238664
vt 0.780463 0.265104
vt 0.729398 0.270333
vt 0.738802 0.284290
vt 0.714979 0.284293
vt 0.720559 0.292389
vt 0.823447 0.479087
vt 0.813984 0.489737
vt 0.808161 0.483024
vt 0.816117 0.474337
vt 0.797396 0.469465
vt 0.802315 0.464620
vt 0.791326 0.473044
vt 0.797800 0.489172
vt 0.784260 0.474767
vt 0.785748 0.492404
vt 0.801662 0.497423
vt 0.787542 0.501707
vt 0.743085 0.300694
vt 0.741182 0.317836
vt 0.721858 0.311737
vt 0.722994 0.301933
vt 0.789461 0.296721
vt 0.787463 0.330579
vt 0.834755 0.290691
vt 0.834497 0.340052
vt 0.889050 0.281478
vt 0.892000 0.347655
vt 0.939333 0.270944
vt 0.945583 0.350521
vt 0.978673 0.262432
vt 0.985043 0.351914
vt 0.931923 0.433814
vt 0.876238 0.416775
vt 0.972542 0.441819
vt 0.817499 0.390965
vt 0.773022 0.363642
vt 0.733069 0.333532
vt 0.717169 0.320472
vt 0.772354 0.502945
vt 0.771848 0.492634
vt 0.776952 0.474325
vt 0.562924 0.922353
vt 0.973408 0.631094
vt 0.956555 0.631257
vt 0.751251 0.931152
vt 0.751123 0.949685
vt 0.972374 0.629999
vt 0.955766 0.630502
vt 0.866709 0.735814
vt 0.831976 0.777264
vt 0.735653 0.821359
vt 0.686048 0.821440
vt 0.785907 0.804781
vt 0.888065 0.578528
vt 0.866687 0.531220
vt 0.787321 0.808728
vt 0.832313 0.777821
vt 0.867402 0.736457
vt 0.890636 0.686913
vt 0.897461 0.632151
vt 0.890500 0.686421
vt 0.735869 0.822208
vt 0.897100 0.631226
vt 0.888148 0.576928
vt 0.685602 0.822760
vt 0.866295 0.528223
vt 0.724051 0.756691
vt 0.686406 0.757366
vt 0.811862 0.700794
vt 0.789241 0.727843
vt 0.830201 0.633183
vt 0.823069 0.596636
vt 0.825759 0.668247
vt 0.759050 0.747111
vt 0.829039 0.632213
vt 0.825855 0.669117
vt 0.789417 0.729160
vt 0.812182 0.701699
vt 0.758985 0.747772
vt 0.803867 0.559527
vt 0.821876 0.595786
vt 0.724477 0.758156
vt 0.806222 0.561096
vt 0.685886 0.759066
vt 0.774316 0.581774
vt 0.790762 0.607305
vt 0.786217 0.685675
vt 0.796419 0.661604
vt 0.720221 0.726062
vt 0.746912 0.719349
vt 0.792115 0.608171
vt 0.776155 0.581719
vt 0.690945 0.724073
vt 0.797489 0.634460
vt 0.720434 0.724875
vt 0.691087 0.722999
vt 0.785890 0.684927
vt 0.769371 0.704910
vt 0.798325 0.635121
vt 0.796052 0.660983
vt 0.746706 0.718322
vt 0.769592 0.705568
vt 0.734121 0.686107
vt 0.747081 0.678744
vt 0.746929 0.611678
vt 0.757205 0.624120
vt 0.756768 0.667718
vt 0.762231 0.654031
vt 0.718945 0.688622
vt 0.757764 0.624278
vt 0.747561 0.611519
vt 0.703072 0.685635
vt 0.762139 0.638696
vt 0.719169 0.687844
vt 0.703324 0.684782
vt 0.756540 0.667139
vt 0.746983 0.678100
vt 0.762638 0.639031
vt 0.761752 0.653520
vt 0.734141 0.685381
vt 0.735846 0.664210
vt 0.728446 0.668127
vt 0.728398 0.668632
vt 0.735906 0.664684
vt 0.734906 0.627370
vt 0.741006 0.633805
vt 0.741456 0.658395
vt 0.744465 0.650553
vt 0.719750 0.669599
vt 0.741315 0.633920
vt 0.735184 0.627332
vt 0.711038 0.667263
vt 0.744179 0.641798
vt 0.719912 0.669100
vt 0.711374 0.666795
vt 0.741346 0.657995
vt 0.744469 0.642044
vt 0.744228 0.650197
vt 0.722365 0.646641
vt 0.722302 0.646799
s 1
usemtl Material.007
f 99/111/18 285/112/18 101/113/18 98/114/18
f 231/115/18 99/111/18 98/114/18 100/116/18
f 100/117/19 98/118/20 102/119/21 103/120/22
f 98/118/20 101/121/23 104/122/24 102/119/21
f 103/120/22 102/119/21 105/123/25 106/124/26
f 102/119/21 104/122/24 107/125/27 105/123/25
f 106/124/26 105/123/25 108/126/28 109/127/29
f 105/123/25 107/125/27 110/128/30 108/126/28
f 109/127/29 108/126/28 111/129/31 112/130/32
f 108/126/28 110/128/30 113/131/33 111/129/31
f 112/130/32 111/129/31 114/132/34 115/133/35
f 111/129/31 113/131/33 116/134/36 114/132/34
f 115/133/35 114/132/34 117/135/37 119/136/38
f 114/132/34 116/134/36 118/137/39 117/135/37
f 117/138/40 118/139/40 121/140/40 120/141/40
f 119/142/41 117/138/41 120/141/41 122/143/41
f 120/141/18 121/140/18 124/144/18 123/145/18
f 122/143/18 120/141/18 123/145/18 125/146/18
f 123/145/42 124/144/42 127/147/42 126/148/42
f 125/146/43 123/145/43 126/148/43 128/149/43
f 126/148/18 127/147/18 129/150/18
f 128/149/18 126/148/18 129/150/18
f 134/151/18 130/152/18 129/153/18
f 130/152/18 131/154/18 129/153/18
f 131/155/18 128/149/18 129/150/18
f 135/156/18 132/157/18 129/150/18
f 132/157/18 133/158/18 129/150/18
f 133/159/18 142/160/18 129/153/18
f 136/161/18 134/151/18 129/153/18
f 137/162/18 135/156/18 129/150/18
f 138/163/18 136/161/18 129/153/18
f 139/164/18 137/162/18 129/150/18
f 140/165/18 138/163/18 129/153/18
f 127/147/18 139/164/18 129/150/18
f 141/166/18 140/165/18 129/153/18
f 142/160/18 141/166/18 129/153/18
f 143/167/44 144/168/44 141/166/44 142/160/44
f 145/169/45 143/167/45 142/160/45 133/159/45
f 146/170/18 147/171/18 144/168/18 143/167/18
f 148/172/18 146/170/18 143/167/18 145/169/18
f 149/173/46 150/174/46 147/171/46 146/170/46
f 151/175/47 149/173/47 146/170/47 148/172/47
f 152/176/48 154/177/49 150/178/50 149/179/51
f 153/180/52 152/176/48 149/179/51 151/181/53
f 156/182/54 155/183/55 152/176/48 153/180/52
f 155/183/55 157/184/56 154/177/49 152/176/48
f 159/185/57 158/186/58 155/183/55 156/182/54
f 158/186/58 160/187/59 157/184/56 155/183/55
f 162/188/60 161/189/61 158/186/58 159/185/57
f 161/189/61 163/190/62 160/187/59 158/186/58
f 165/191/63 164/192/64 161/189/61 162/188/60
f 164/192/64 166/193/65 163/190/62 161/189/61
f 169/194/66 167/195/67 164/192/64 165/191/63
f 167/195/67 170/196/68 166/193/65 164/192/64
f 168/197/18 171/198/18 170/199/18 167/200/18
f 269/201/18 168/197/18 167/200/18 169/202/18
f 171/198/18 173/203/18 172/204/18 170/199/18
f 170/196/68 172/205/69 175/206/70 166/193/65
f 173/203/18 260/207/18 174/208/18 172/204/18
f 172/205/69 174/209/71 176/210/72 175/206/70
f 166/193/65 175/206/70 177/211/73 163/190/62
f 175/206/70 176/210/72 178/212/74 177/211/73
f 163/190/62 177/211/73 179/213/75 160/187/59
f 177/211/73 178/212/74 180/214/76 179/213/75
f 160/187/59 179/213/75 181/215/77 157/184/56
f 179/213/75 180/214/76 182/216/78 181/215/77
f 157/184/56 181/215/77 183/217/79 154/177/49
f 181/215/77 182/216/78 184/218/80 183/217/79
f 154/177/49 183/217/79 185/219/81 150/178/50
f 183/217/79 184/218/80 186/220/82 185/219/81
f 185/221/83 186/222/83 188/223/83 187/224/83
f 150/174/84 185/221/84 187/224/84 147/171/84
f 187/224/18 188/223/18 190/225/18 189/226/18
f 147/171/18 187/224/18 189/226/18 144/168/18
f 189/226/85 190/225/85 138/163/85 140/165/85
f 144/168/86 189/226/86 140/165/86 141/166/86
f 190/225/87 191/227/87 136/161/87 138/163/87
f 188/223/18 193/228/18 191/227/18 190/225/18
f 191/227/88 192/229/88 134/151/88 136/161/88
f 193/228/18 194/230/18 192/229/18 191/227/18
f 195/231/89 196/232/89 194/230/89 193/228/89
f 186/222/90 195/231/90 193/228/90 188/223/90
f 197/233/91 198/234/92 196/235/93 195/236/94
f 184/218/80 197/233/91 195/236/94 186/220/82
f 182/216/78 199/237/95 197/233/91 184/218/80
f 199/237/95 200/238/96 198/234/92 197/233/91
f 180/214/76 201/239/97 199/237/95 182/216/78
f 201/239/97 202/240/98 200/238/96 199/237/95
f 178/212/74 203/241/99 201/239/97 180/214/76
f 203/241/99 204/242/100 202/240/98 201/239/97
f 176/210/72 205/243/101 203/241/99 178/212/74
f 205/243/101 206/244/102 204/242/100 203/241/99
f 174/209/71 207/245/103 205/243/101 176/210/72
f 207/245/103 209/246/104 206/244/102 205/243/101
f 208/247/18 210/248/18 209/249/18 207/250/18
f 260/207/18 208/247/18 207/250/18 174/208/18
f 210/248/18 212/251/18 211/252/18 209/249/18
f 209/246/104 211/253/105 214/254/106 206/244/102
f 212/251/18 230/255/18 213/256/18 211/252/18
f 211/253/105 213/257/107 215/258/108 214/254/106
f 206/244/102 214/254/106 216/259/109 204/242/100
f 214/254/106 215/258/108 217/260/110 216/259/109
f 204/242/100 216/259/109 218/261/111 202/240/98
f 216/259/109 217/260/110 219/262/112 218/261/111
f 202/240/98 218/261/111 220/263/113 200/238/96
f 218/261/111 219/262/112 221/264/114 220/263/113
f 200/238/96 220/263/113 222/265/115 198/234/92
f 220/263/113 221/264/114 223/266/116 222/265/115
f 198/234/92 222/265/115 224/267/117 196/235/93
f 222/265/115 223/266/116 225/268/118 224/267/117
f 224/269/119 225/270/119 227/271/119 226/272/119
f 196/232/120 224/269/120 226/272/120 194/230/120
f 226/272/18 227/271/18 229/273/18 228/274/18
f 194/230/18 226/272/18 228/274/18 192/229/18
f 228/274/121 229/273/121 131/154/121 130/152/121
f 192/229/122 228/274/122 130/152/122 134/151/122
f 229/275/123 125/146/123 128/149/123 131/155/123
f 227/276/18 122/143/18 125/146/18 229/275/18
f 225/277/124 119/142/124 122/143/124 227/276/124
f 223/278/116 115/133/35 119/136/38 225/279/118
f 221/280/114 112/130/32 115/133/35 223/278/116
f 219/281/112 109/127/29 112/130/32 221/280/114
f 217/282/110 106/124/26 109/127/29 219/281/112
f 215/283/108 103/120/22 106/124/26 217/282/110
f 213/284/107 100/117/19 103/120/22 215/283/108
f 230/285/18 231/115/18 100/116/18 213/286/18
f 230/285/124 232/287/124 233/288/124 231/115/124
f 212/251/119 234/289/119 232/290/119 230/255/119
f 232/287/125 235/291/125 236/292/125 233/288/125
f 234/289/125 237/293/125 235/294/125 232/290/125
f 235/295/126 238/296/126 239/297/126 236/298/126
f 237/299/127 240/300/127 238/301/127 235/302/127
f 254/303/128 253/304/128 251/305/128 255/306/128
f 256/307/129 243/308/129 253/304/129 254/303/129
f 257/309/125 254/310/125 255/311/125 258/312/125
f 259/313/125 256/314/125 254/310/125 257/309/125
f 260/207/90 257/309/90 258/312/90 208/247/90
f 173/203/83 259/313/83 257/309/83 260/207/83
f 261/315/125 263/316/125 256/314/125 259/313/125
f 171/198/84 261/315/84 259/313/84 173/203/84
f 262/317/125 264/318/125 263/316/125 261/315/125
f 168/197/46 262/317/46 261/315/46 171/198/46
f 263/319/130 244/320/130 243/308/130 256/307/130
f 264/321/131 246/322/131 244/320/131 263/319/131
f 265/323/132 247/324/132 246/322/132 264/321/132
f 267/325/125 265/326/125 264/318/125 262/317/125
f 266/327/133 248/328/133 247/329/133 265/330/133
f 268/331/125 266/332/125 265/333/125 267/334/125
f 269/201/47 267/325/47 262/317/47 168/197/47
f 270/335/134 268/331/134 267/334/134 269/336/134
f 270/335/18 269/336/18 169/337/18 271/338/18
f 272/339/18 270/335/18 271/338/18 273/340/18
f 272/339/135 275/341/135 268/331/135 270/335/135
f 274/342/18 272/339/18 273/340/18 286/343/18
f 274/342/136 276/344/136 275/341/136 272/339/136
f 275/341/125 277/345/125 266/332/125 268/331/125
f 276/344/125 278/346/125 277/345/125 275/341/125
f 277/347/137 250/348/137 248/328/137 266/327/137
f 278/349/138 252/350/138 250/348/138 277/347/138
f 279/351/139 241/352/139 252/350/139 278/349/139
f 281/353/125 279/354/125 278/346/125 276/344/125
f 280/355/140 242/356/140 241/352/140 279/351/140
f 282/357/125 280/358/125 279/354/125 281/353/125
f 283/359/141 281/353/141 276/344/141 274/342/141
f 285/112/142 282/357/142 281/353/142 283/359/142
f 283/359/18 274/342/18 286/343/18 284/360/18
f 285/112/18 283/359/18 284/360/18 101/113/18
f 99/111/40 319/361/40 282/357/40 285/112/40
f 101/121/23 284/362/143 287/363/144 104/122/24
f 284/362/143 286/364/145 288/365/146 287/363/144
f 104/122/24 287/363/144 289/366/147 107/125/27
f 287/363/144 288/365/146 290/367/148 289/366/147
f 107/125/27 289/366/147 291/368/149 110/128/30
f 289/366/147 290/367/148 292/369/150 291/368/149
f 110/128/30 291/368/149 293/370/151 113/131/33
f 291/368/149 292/369/150 294/371/152 293/370/151
f 113/131/33 293/370/151 295/372/153 116/134/36
f 293/370/151 294/371/152 296/373/154 295/372/153
f 116/134/36 295/372/153 297/374/155 118/137/39
f 295/372/153 296/373/154 298/375/156 297/374/155
f 297/376/141 298/377/141 300/378/141 299/379/141
f 118/139/142 297/376/142 299/379/142 121/140/142
f 299/379/18 300/378/18 302/380/18 301/381/18
f 121/140/18 299/379/18 301/381/18 124/144/18
f 301/381/157 302/380/157 137/162/157 139/164/157
f 124/144/158 301/381/158 139/164/158 127/147/158
f 302/380/159 303/382/159 135/156/159 137/162/159
f 300/378/18 305/383/18 303/382/18 302/380/18
f 303/382/160 304/384/160 132/157/160 135/156/160
f 305/383/18 306/385/18 304/384/18 303/382/18
f 307/386/135 308/387/135 306/385/135 305/383/135
f 298/377/136 307/386/136 305/383/136 300/378/136
f 309/388/161 310/389/162 308/390/163 307/391/164
f 296/373/154 309/388/161 307/391/164 298/375/156
f 294/371/152 311/392/165 309/388/161 296/373/154
f 311/392/165 312/393/166 310/389/162 309/388/161
f 292/369/150 313/394/167 311/392/165 294/371/152
f 313/394/167 314/395/168 312/393/166 311/392/165
f 290/367/148 315/396/169 313/394/167 292/369/150
f 315/396/169 316/397/170 314/395/168 313/394/167
f 288/365/146 317/398/171 315/396/169 290/367/148
f 317/398/171 318/399/172 316/397/170 315/396/169
f 286/364/145 273/400/173 317/398/171 288/365/146
f 273/400/173 271/401/174 318/399/172 317/398/171
f 318/399/172 165/402/63 162/403/60 316/397/170
f 271/401/174 169/404/66 165/402/63 318/399/172
f 316/397/170 162/403/60 159/405/57 314/395/168
f 314/395/168 159/405/57 156/406/54 312/393/166
f 312/393/166 156/406/54 153/407/52 310/389/162
f 310/389/162 153/407/52 151/408/53 308/390/163
f 308/387/134 151/409/134 148/410/134 306/385/134
f 306/385/18 148/410/18 145/411/18 304/384/18
f 304/384/175 145/411/175 133/158/175 132/157/175
f 319/361/125 320/412/125 280/358/125 282/357/125
f 233/288/125 236/292/125 320/412/125 319/361/125
f 231/115/41 233/288/41 319/361/41 99/111/41
f 320/413/176 245/414/176 242/356/176 280/355/176
f 236/298/177 239/297/177 245/414/177 320/413/177
f 258/312/125 255/311/125 322/415/125 321/416/125
f 208/247/89 258/312/89 321/416/89 210/248/89
f 321/416/125 322/415/125 237/293/125 234/289/125
f 210/248/120 321/416/120 234/289/120 212/251/120
f 322/417/178 249/418/178 240/300/178 237/299/178
f 255/306/179 251/305/179 249/418/179 322/417/179
f 252/350/180 241/352/181 326/419/181 337/420/180
f 247/329/182 248/328/183 333/421/183 332/422/182
f 250/348/184 252/350/180 337/420/180 335/423/184
f 240/300/185 325/424/185 323/425/186 238/301/186
f 243/308/187 244/320/188 329/426/188 328/427/187
f 251/305/189 253/304/190 338/428/190 336/429/189
f 240/300/185 249/418/191 334/430/191 325/424/185
f 241/352/181 242/356/192 327/431/192 326/419/181
f 244/320/188 246/322/193 331/432/193 329/426/188
f 248/328/183 250/348/184 335/423/184 333/421/183
f 242/356/192 245/414/194 330/433/194 327/431/192
f 245/414/194 239/297/195 324/434/195 330/433/194
f 246/322/193 247/324/182 332/435/182 331/432/193
f 238/296/186 323/436/186 324/434/195 239/297/195
f 253/304/190 243/308/187 328/427/187 338/428/190
f 249/418/191 251/305/189 336/429/189 334/430/191
f 332/422/196 333/421/197 349/437/198 348/438/199
f 337/420/200 326/419/201 342/439/202 353/440/203
f 325/424/204 334/430/205 350/441/206 341/442/207
f 326/419/201 327/431/208 343/443/209 342/439/202
f 333/421/197 335/423/210 351/444/211 349/437/198
f 327/431/208 330/433/212 346/445/213 343/443/209
f 334/430/205 336/429/214 352/446/215 350/441/206
f 338/428/216 328/427/217 344/447/218 354/448/219
f 335/423/210 337/420/200 353/440/203 351/444/211
f 328/427/217 329/426/220 345/449/221 344/447/218
f 323/436/222 339/450/223 340/451/224 324/434/225
f 336/429/214 338/428/216 354/448/219 352/446/215
f 329/426/220 331/432/226 347/452/227 345/449/221
f 325/424/204 341/442/207 339/453/223 323/425/222
f 331/432/226 332/435/196 348/454/199 347/452/227
f 330/433/212 324/434/225 340/451/224 346/445/213
f 339/450/223 355/455/228 356/456/229 340/451/224
f 352/446/215 354/448/219 370/457/230 368/458/231
f 345/449/221 347/452/227 363/459/232 361/460/233
f 341/442/207 357/461/234 355/462/228 339/453/223
f 347/452/227 348/454/199 364/463/235 363/459/232
f 346/445/213 340/451/224 356/456/229 362/464/236
f 348/438/199 349/437/198 365/465/237 364/466/235
f 353/440/203 342/439/202 358/467/238 369/468/239
f 341/442/207 350/441/206 366/469/240 357/461/234
f 342/439/202 343/443/209 359/470/241 358/467/238
f 349/437/198 351/444/211 367/471/242 365/465/237
f 343/443/209 346/445/213 362/464/236 359/470/241
f 350/441/206 352/446/215 368/458/231 366/469/240
f 354/448/219 344/447/218 360/472/243 370/457/230
f 351/444/211 353/440/203 369/468/239 367/471/242
f 344/447/218 345/449/221 361/460/233 360/472/243
f 360/472/243 361/460/233 377/473/244 376/474/245
f 355/455/228 371/475/246 372/476/247 356/456/229
f 368/458/231 370/457/230 386/477/248 384/478/249
f 361/460/233 363/459/232 379/479/250 377/473/244
f 357/461/234 373/480/251 371/481/246 355/462/228
f 363/459/232 364/463/235 380/482/252 379/479/250
f 362/464/236 356/456/229 372/476/247 378/483/253
f 364/466/235 365/465/237 381/484/254 380/485/252
f 369/468/239 358/467/238 374/486/255 385/487/256
f 357/461/234 366/469/240 382/488/257 373/480/251
f 358/467/238 359/470/241 375/489/258 374/486/255
f 365/465/237 367/471/242 383/490/259 381/484/254
f 359/470/241 362/464/236 378/483/253 375/489/258
f 366/469/240 368/458/231 384/478/249 382/488/257
f 370/457/230 360/472/243 376/474/245 386/477/248
f 367/471/242 369/468/239 385/487/256 383/490/259
f 383/490/259 385/487/256 401/491/260 399/492/261
f 376/474/245 377/473/244 393/493/262 392/494/263
f 371/475/246 387/495/264 388/496/265 372/476/247
f 384/478/249 386/477/248 402/497/266 400/498/267
f 377/473/244 379/479/250 395/499/268 393/493/262
f 373/480/251 389/500/269 387/501/264 371/481/246
f 379/479/250 380/482/252 396/502/270 395/499/268
f 378/483/253 372/476/247 388/496/265 394/503/271
f 380/485/252 381/484/254 397/504/272 396/505/270
f 385/487/256 374/486/255 390/506/273 401/491/260
f 373/480/251 382/488/257 398/507/274 389/500/269
f 374/486/255 375/489/258 391/508/275 390/506/273
f 381/484/254 383/490/259 399/492/261 397/504/272
f 375/489/258 378/483/253 394/503/271 391/508/275
f 382/488/257 384/478/249 400/498/267 398/507/274
f 386/477/248 376/474/245 392/494/263 402/497/266
f 397/504/272 399/492/261 403/509/125
f 391/508/275 394/503/271 403/509/125
f 398/507/274 400/498/267 403/510/125
f 402/497/266 392/494/263 403/510/125
f 399/492/261 401/491/260 403/509/125
f 392/494/263 393/493/262 403/510/125
f 387/495/264 403/509/125 388/496/265
f 400/498/267 402/497/266 403/510/125
f 393/493/262 395/499/268 403/510/125
f 389/500/269 403/510/125 387/501/264
f 395/499/268 396/502/270 403/510/125
f 394/503/271 388/496/265 403/509/125
f 396/505/270 397/504/272 403/509/125
f 401/491/260 390/506/273 403/509/125
f 389/500/269 398/507/274 403/510/125
f 390/506/273 391/508/275 403/509/125
o gazebo_pillars
v 18.401459 0.679449 13.122493
v 18.713682 0.679449 13.206153
v 18.401459 0.765718 13.122493
v 18.089237 0.679449 13.206153
v 17.860674 0.679449 13.434715
v 18.089237 0.765719 13.206153
v 17.860674 0.765719 13.434715
v 18.131475 0.765719 13.279312
v 17.933834 0.765719 13.476955
v 18.401459 0.765719 13.206971
v 18.179840 1.154229 13.363081
v 18.017601 1.154229 13.525318
v 18.401459 1.154229 13.303698
v 18.179840 1.880867 13.363081
v 18.017601 1.880867 13.525318
v 18.401459 1.880867 13.303698
v 18.144407 2.030854 13.301709
v 17.956230 2.030854 13.489885
v 18.401459 2.030854 13.232833
v 18.115065 2.030854 13.250890
v 17.905411 2.030854 13.460545
v 18.401459 2.030854 13.174150
v 18.115065 2.086609 13.250890
v 17.905411 2.086609 13.460545
v 18.401459 2.086609 13.174150
v 18.218681 2.086609 13.430357
v 18.084879 2.086609 13.564159
v 18.401459 2.086609 13.381382
v 18.259247 6.027371 13.500619
v 18.155140 6.027371 13.604725
v 18.401459 6.027371 13.462513
v 18.230467 6.027371 13.450769
v 18.105291 6.027371 13.575945
v 18.401459 6.027371 13.404952
v 18.230467 6.061636 13.450769
v 18.105291 6.061636 13.575945
v 18.401459 6.061636 13.404952
v 18.205215 6.194412 13.407036
v 18.061558 6.194412 13.550695
v 18.401459 6.194412 13.354454
v 18.176517 6.194412 13.357327
v 18.011848 6.194412 13.521996
v 18.401459 6.194412 13.297052
v 18.176517 6.237244 13.357327
v 18.011848 6.237244 13.521996
v 18.401459 6.237244 13.297052
v 18.626402 6.237244 13.357327
v 18.791071 6.237244 13.521996
v 18.626402 6.194412 13.357327
v 18.791071 6.194412 13.521996
v 18.597702 6.194412 13.407036
v 18.741360 6.194412 13.550695
v 18.572453 6.061636 13.450769
v 18.697628 6.061636 13.575945
v 18.572453 6.027371 13.450769
v 18.697628 6.027371 13.575945
v 18.543673 6.027371 13.500619
v 18.647778 6.027371 13.604725
v 18.584236 2.086609 13.430357
v 18.718040 2.086609 13.564159
v 18.687855 2.086609 13.250890
v 18.897509 2.086609 13.460545
v 18.687855 2.030854 13.250890
v 18.897509 2.030854 13.460545
v 18.658512 2.030854 13.301709
v 18.846687 2.030854 13.489885
v 18.623079 1.880867 13.363081
v 18.785316 1.880867 13.525318
v 18.623079 1.154229 13.363081
v 18.785316 1.154229 13.525318
v 18.671444 0.765719 13.279312
v 18.869087 0.765719 13.476955
v 18.713682 0.765719 13.206153
v 18.942245 0.765719 13.434715
v 18.942245 0.679449 13.434715
v 19.025906 0.765719 13.746939
v 19.025906 0.679449 13.746939
v 18.942245 0.765719 14.059161
v 18.941427 0.765719 13.746939
v 18.869087 0.765719 14.016923
v 18.844700 1.154229 13.746939
v 18.785316 1.154229 13.968559
v 18.844700 1.880867 13.746939
v 18.785316 1.880867 13.968559
v 18.915564 2.030854 13.746939
v 18.846687 2.030854 14.003991
v 18.974247 2.030854 13.746939
v 18.897509 2.030854 14.033333
v 18.974247 2.086609 13.746939
v 18.897509 2.086609 14.033333
v 18.767015 2.086609 13.746939
v 18.718040 2.086609 13.929716
v 18.685884 6.027371 13.746938
v 18.647778 6.027371 13.889151
v 18.743444 6.027371 13.746938
v 18.697628 6.027371 13.917930
v 18.743444 6.061636 13.746938
v 18.697628 6.061636 13.917930
v 18.793943 6.194412 13.746938
v 18.741360 6.194412 13.943180
v 18.851345 6.194412 13.746938
v 18.791071 6.194412 13.971880
v 18.851345 6.237244 13.746938
v 18.791071 6.237244 13.971880
v 18.626402 6.237244 14.136549
v 18.401459 6.237244 14.196823
v 18.626402 6.194412 14.136549
v 18.401459 6.194412 14.196823
v 18.597702 6.194412 14.086839
v 18.401459 6.194412 14.139421
v 18.572453 6.061636 14.043106
v 18.401459 6.061636 14.088923
v 18.572453 6.027371 14.043106
v 18.401459 6.027371 14.088923
v 18.543673 6.027371 13.993257
v 18.401459 6.027371 14.031363
v 18.584236 2.086609 14.063519
v 18.401459 2.086609 14.112495
v 18.687855 2.086609 14.242988
v 18.401459 2.086609 14.319727
v 18.687855 2.030854 14.242988
v 18.401459 2.030854 14.319727
v 18.658512 2.030854 14.192167
v 18.401459 2.030854 14.261045
v 18.623079 1.880867 14.130796
v 18.401459 1.880867 14.190180
v 18.623079 1.154229 14.130796
v 18.401459 1.154229 14.190180
v 18.671444 0.765719 14.214563
v 18.401459 0.765719 14.286906
v 18.713682 0.765719 14.287724
v 18.713682 0.679449 14.287724
v 18.401459 0.765719 14.371384
v 18.401459 0.679449 14.371384
v 18.089237 0.765719 14.287724
v 18.089237 0.679449 14.287724
v 17.860674 0.765719 14.059161
v 18.131475 0.765719 14.214563
v 17.933834 0.765719 14.016923
v 18.179840 1.154229 14.130796
v 18.017601 1.154229 13.968559
v 18.179840 1.880867 14.130796
v 18.017601 1.880867 13.968559
v 18.144407 2.030854 14.192167
v 17.956230 2.030854 14.003991
v 18.115065 2.030854 14.242988
v 17.905411 2.030854 14.033333
v 18.115065 2.086609 14.242988
v 17.905411 2.086609 14.033333
v 18.218681 2.086609 14.063519
v 18.084879 2.086609 13.929716
v 18.259247 6.027371 13.993257
v 18.155140 6.027371 13.889151
v 18.230467 6.027371 14.043106
v 18.105291 6.027371 13.917930
v 18.230467 6.061636 14.043106
v 18.105291 6.061636 13.917930
v 18.205215 6.194412 14.086839
v 18.061558 6.194412 13.943180
v 18.176517 6.194412 14.136549
v 18.011848 6.194412 13.971880
v 18.176517 6.237244 14.136549
v 18.011848 6.237244 13.971880
v 17.951574 6.237244 13.746938
v 17.951574 6.194412 13.746938
v 18.008974 6.194412 13.746938
v 18.059475 6.061636 13.746938
v 18.059475 6.027371 13.746938
v 18.117037 6.027371 13.746938
v 18.035904 2.086609 13.746939
v 17.828671 2.086609 13.746939
v 17.828671 2.030854 13.746939
v 17.887354 2.030854 13.746939
v 17.958220 1.880867 13.746939
v 17.958220 1.154229 13.746939
v 17.861492 0.765719 13.746939
v 17.777014 0.765719 13.746939
v 17.777014 0.679449 13.746939
v 17.860674 0.679449 14.059161
v 18.942245 0.679449 14.059161
v 23.199673 0.679449 13.246927
v 23.511896 0.679449 13.330587
v 23.199673 0.765719 13.246927
v 22.887451 0.679449 13.330587
v 22.887451 0.765719 13.330587
v 22.658888 0.679449 13.559151
v 22.658888 0.765719 13.559151
v 22.575228 0.679449 13.871373
v 22.658888 0.679449 14.183596
v 22.575228 0.765719 13.871373
v 22.659706 0.765719 13.871374
v 22.658888 0.765719 14.183596
v 22.887451 0.765719 14.412159
v 22.732048 0.765719 14.141356
v 22.929689 0.765719 14.338999
v 22.815815 1.154229 14.092994
v 22.978052 1.154229 14.255232
v 22.815815 1.880867 14.092994
v 22.756433 1.154229 13.871374
v 22.756433 1.880867 13.871374
v 22.815815 1.154229 13.649753
v 22.732048 0.765719 13.601390
v 22.978052 1.154229 13.487515
v 22.815815 1.880867 13.649753
v 22.978052 1.880867 13.487515
v 22.754444 2.030855 13.614321
v 22.942619 2.030855 13.426145
v 22.703623 2.030855 13.584980
v 22.685568 2.030855 13.871374
v 22.626884 2.030855 13.871373
v 22.754444 2.030855 14.128426
v 22.942619 2.030855 14.316602
v 22.703623 2.030855 14.157767
v 22.913279 2.030855 14.367422
v 22.703623 2.086610 14.157767
v 22.913279 2.086610 14.367422
v 22.883091 2.086610 14.054152
v 22.626884 2.086610 13.871373
v 22.834116 2.086610 13.871374
v 22.703623 2.086610 13.584980
v 22.913279 2.086610 13.375324
v 22.883091 2.086610 13.688595
v 23.016893 2.086610 13.554791
v 22.953354 6.027371 13.729160
v 23.057461 6.027371 13.625053
v 22.903503 6.027371 13.700379
v 22.915249 6.027371 13.871372
v 22.857687 6.027371 13.871372
v 22.953354 6.027371 14.013584
v 23.057461 6.027371 14.117691
v 22.903503 6.027371 14.042365
v 23.028681 6.027371 14.167541
v 22.903503 6.061637 14.042365
v 23.028681 6.061637 14.167541
v 22.859772 6.194413 14.067614
v 22.857687 6.061637 13.871372
v 22.807188 6.194413 13.871372
v 22.903503 6.061637 13.700379
v 23.028681 6.061637 13.575205
v 22.859772 6.194413 13.675131
v 23.003429 6.194413 13.531471
v 22.810061 6.194413 13.646430
v 22.974731 6.194413 13.481761
v 22.810061 6.237245 13.646430
v 22.749788 6.194413 13.871372
v 22.749788 6.237245 13.871372
v 22.810061 6.194413 14.096315
v 22.974731 6.194413 14.260984
v 22.810061 6.237245 14.096315
v 22.974731 6.237245 14.260984
v 23.199673 6.237245 14.321258
v 23.199673 6.194413 14.321258
v 23.424614 6.237245 14.260984
v 23.424614 6.194413 14.260984
v 23.589285 6.237245 14.096315
v 23.589285 6.194413 14.096315
v 23.649559 6.237245 13.871372
v 23.649559 6.194413 13.871372
v 23.589285 6.237245 13.646430
v 23.589285 6.194413 13.646430
v 23.424614 6.237245 13.481761
v 23.424614 6.194413 13.481761
v 23.199673 6.237245 13.421488
v 23.199673 6.194413 13.421488
v 22.974731 6.237245 13.481761
v 23.199673 6.194413 13.478889
v 23.199673 6.061637 13.529387
v 23.395914 6.194413 13.531471
v 23.539574 6.194413 13.675131
v 23.370665 6.061637 13.575205
v 23.495842 6.061637 13.700379
v 23.370665 6.027371 13.575205
v 23.199673 6.027371 13.529387
v 23.495842 6.027371 13.700379
v 23.341885 6.027371 13.625053
v 23.199673 6.027371 13.586947
v 23.445992 6.027371 13.729160
v 23.382450 2.086610 13.554791
v 23.199673 2.086610 13.505816
v 23.516254 2.086610 13.688595
v 23.486067 2.086610 13.375324
v 23.199673 2.086610 13.298585
v 23.695723 2.086610 13.584980
v 23.486067 2.030855 13.375324
v 23.199673 2.030855 13.298585
v 23.695723 2.030855 13.584980
v 23.456726 2.030855 13.426145
v 23.199673 2.030855 13.357268
v 23.644901 2.030855 13.614321
v 23.421293 1.880867 13.487515
v 23.199673 1.880867 13.428132
v 23.583530 1.880867 13.649753
v 23.421293 1.154229 13.487515
v 23.199673 1.154229 13.428132
v 23.583530 1.154229 13.649753
v 23.469658 0.765719 13.403748
v 23.199673 0.765719 13.331405
v 23.667299 0.765719 13.601390
v 23.511896 0.765719 13.330587
v 23.740458 0.765719 13.559151
v 23.740458 0.679449 13.559151
v 23.824118 0.765719 13.871373
v 23.824118 0.679449 13.871373
v 23.739639 0.765719 13.871374
v 23.740458 0.765719 14.183596
v 23.740458 0.679449 14.183596
v 23.667299 0.765719 14.141356
v 23.511896 0.765719 14.412159
v 23.469658 0.765719 14.338999
v 23.199673 0.765719 14.495819
v 23.511896 0.679449 14.412159
v 23.199673 0.679449 14.495819
v 22.887451 0.679449 14.412159
v 23.199673 0.765719 14.411341
v 23.199673 1.154229 14.314614
v 23.199673 1.880867 14.314614
v 23.421293 1.154229 14.255232
v 23.421293 1.880867 14.255232
v 23.583530 1.154229 14.092994
v 23.642914 1.154229 13.871374
v 23.583530 1.880867 14.092994
v 23.642914 1.880867 13.871374
v 23.644901 2.030855 14.128426
v 23.713778 2.030855 13.871374
v 23.695723 2.030855 14.157767
v 23.456726 2.030855 14.316602
v 23.486067 2.030855 14.367422
v 23.199673 2.030855 14.385479
v 23.199673 2.030855 14.444161
v 23.199673 2.086610 14.444161
v 23.199673 2.086610 14.236929
v 23.486067 2.086610 14.367422
v 23.382450 2.086610 14.187955
v 23.695723 2.086610 14.157767
v 23.772461 2.086610 13.871373
v 23.516254 2.086610 14.054152
v 23.565229 2.086610 13.871374
v 23.445992 6.027371 14.013584
v 23.484098 6.027371 13.871372
v 23.495842 6.027371 14.042365
v 23.341885 6.027371 14.117691
v 23.370665 6.027371 14.167541
v 23.199673 6.027371 14.155797
v 23.199673 6.027371 14.213358
v 23.199673 6.061637 14.213358
v 23.199673 6.194413 14.263857
v 23.370665 6.061637 14.167541
v 23.395914 6.194413 14.211274
v 23.495842 6.061637 14.042365
v 23.541658 6.061637 13.871372
v 23.539574 6.194413 14.067614
v 23.592157 6.194413 13.871372
v 23.541658 6.027371 13.871372
v 23.003429 6.194413 14.211274
v 23.772461 2.030855 13.871373
v 23.016893 2.086610 14.187955
v 22.978052 1.880867 14.255232
v 22.929689 0.765719 13.403748
v 22.913279 2.030855 13.375324
v 23.028681 6.027371 13.575205
v 20.841949 0.679449 14.192220
v 21.154173 0.679449 14.275879
v 20.841949 0.765719 14.192220
v 20.529726 0.679449 14.275879
v 20.529726 0.765719 14.275879
v 20.301165 0.679449 14.504442
v 20.301165 0.765719 14.504442
v 20.217505 0.679449 14.816665
v 20.301165 0.679449 15.128887
v 20.217505 0.765719 14.816665
v 20.301981 0.765719 14.816665
v 20.301165 0.765719 15.128887
v 20.529726 0.765719 15.357450
v 20.374325 0.765719 15.086649
v 20.571966 0.765719 15.284290
v 20.458092 1.154229 15.038285
v 20.620329 1.154229 15.200522
v 20.458092 1.880867 15.038285
v 20.398708 1.154229 14.816665
v 20.398708 1.880867 14.816665
v 20.458092 1.154229 14.595045
v 20.374325 0.765719 14.546680
v 20.620329 1.154229 14.432807
v 20.458092 1.880867 14.595045
v 20.620329 1.880867 14.432807
v 20.396721 2.030854 14.559612
v 20.584898 2.030854 14.371437
v 20.345901 2.030854 14.530271
v 20.327845 2.030854 14.816665
v 20.269161 2.030854 14.816665
v 20.396721 2.030854 15.073717
v 20.584898 2.030854 15.261893
v 20.345901 2.030854 15.103060
v 20.555555 2.030854 15.312714
v 20.345901 2.086609 15.103060
v 20.555555 2.086609 15.312714
v 20.525370 2.086609 14.999444
v 20.269161 2.086609 14.816665
v 20.476395 2.086609 14.816665
v 20.345901 2.086609 14.530271
v 20.555555 2.086609 14.320616
v 20.525370 2.086609 14.633887
v 20.659172 2.086609 14.500084
v 20.595631 6.027371 14.674452
v 20.699738 6.027371 14.570345
v 20.545782 6.027371 14.645671
v 20.557526 6.027371 14.816664
v 20.499966 6.027371 14.816664
v 20.595631 6.027371 14.958876
v 20.699738 6.027371 15.062982
v 20.545782 6.027371 14.987657
v 20.670958 6.027371 15.112832
v 20.545782 6.061636 14.987657
v 20.670958 6.061636 15.112832
v 20.502048 6.194412 15.012906
v 20.499966 6.061636 14.816664
v 20.449465 6.194412 14.816664
v 20.545782 6.061636 14.645671
v 20.670958 6.061636 14.520496
v 20.502048 6.194412 14.620422
v 20.645708 6.194412 14.476762
v 20.452339 6.194412 14.591722
v 20.617006 6.194412 14.427052
v 20.452339 6.237244 14.591722
v 20.392065 6.194412 14.816664
v 20.392065 6.237244 14.816664
v 20.452339 6.194412 15.041605
v 20.617006 6.194412 15.206275
v 20.452339 6.237244 15.041605
v 20.617006 6.237244 15.206275
v 20.841949 6.237244 15.266548
v 20.841949 6.194412 15.266548
v 21.066893 6.237244 15.206275
v 21.066893 6.194412 15.206275
v 21.231562 6.237244 15.041605
v 21.231562 6.194412 15.041605
v 21.291834 6.237244 14.816664
v 21.291834 6.194412 14.816664
v 21.231562 6.237244 14.591722
v 21.231562 6.194412 14.591722
v 21.066893 6.237244 14.427052
v 21.066893 6.194412 14.427052
v 20.841949 6.237244 14.366779
v 20.841949 6.194412 14.366779
v 20.617006 6.237244 14.427052
v 20.841949 6.194412 14.424179
v 20.841949 6.061636 14.474678
v 21.038191 6.194412 14.476762
v 21.181850 6.194412 14.620422
v 21.012943 6.061636 14.520496
v 21.138117 6.061636 14.645671
v 21.012943 6.027371 14.520496
v 20.841949 6.027371 14.474678
v 21.138117 6.027371 14.645671
v 20.984163 6.027371 14.570345
v 20.841949 6.027371 14.532240
v 21.088268 6.027371 14.674452
v 21.024729 2.086609 14.500084
v 20.841949 2.086609 14.451109
v 21.158531 2.086609 14.633887
v 21.128344 2.086609 14.320616
v 20.841949 2.086609 14.243876
v 21.337999 2.086609 14.530271
v 21.128344 2.030854 14.320616
v 20.841949 2.030854 14.243876
v 21.337999 2.030854 14.530271
v 21.099003 2.030854 14.371437
v 20.841949 2.030854 14.302560
v 21.287178 2.030854 14.559612
v 21.063570 1.880867 14.432807
v 20.841949 1.880867 14.373424
v 21.225807 1.880867 14.595045
v 21.063570 1.154229 14.432807
v 20.841949 1.154229 14.373424
v 21.225807 1.154229 14.595045
v 21.111933 0.765719 14.349039
v 20.841949 0.765719 14.276697
v 21.309576 0.765719 14.546680
v 21.154173 0.765719 14.275879
v 21.382736 0.765719 14.504442
v 21.382736 0.679449 14.504442
v 21.466396 0.765719 14.816665
v 21.466396 0.679449 14.816665
v 21.381918 0.765719 14.816665
v 21.382736 0.765719 15.128887
v 21.382736 0.679449 15.128887
v 21.309576 0.765719 15.086649
v 21.154173 0.765719 15.357450
v 21.111933 0.765719 15.284290
v 20.841949 0.765719 15.441109
v 21.154173 0.679449 15.357450
v 20.841949 0.679449 15.441109
v 20.529726 0.679449 15.357450
v 20.841949 0.765719 15.356632
v 20.841949 1.154229 15.259905
v 20.841949 1.880867 15.259905
v 21.063570 1.154229 15.200522
v 21.063570 1.880867 15.200522
v 21.225807 1.154229 15.038285
v 21.285191 1.154229 14.816665
v 21.225807 1.880867 15.038285
v 21.285191 1.880867 14.816665
v 21.287178 2.030854 15.073717
v 21.356056 2.030854 14.816665
v 21.337999 2.030854 15.103060
v 21.099003 2.030854 15.261893
v 21.128344 2.030854 15.312714
v 20.841949 2.030854 15.330770
v 20.841949 2.030854 15.389453
v 20.841949 2.086609 15.389453
v 20.841949 2.086609 15.182221
v 21.128344 2.086609 15.312714
v 21.024729 2.086609 15.133247
v 21.337999 2.086609 15.103060
v 21.414738 2.086609 14.816665
v 21.158531 2.086609 14.999444
v 21.207506 2.086609 14.816665
v 21.088268 6.027371 14.958876
v 21.126373 6.027371 14.816664
v 21.138117 6.027371 14.987657
v 20.984163 6.027371 15.062982
v 21.012943 6.027371 15.112832
v 20.841949 6.027371 15.101089
v 20.841949 6.027371 15.158649
v 20.841949 6.061636 15.158649
v 20.841949 6.194412 15.209147
v 21.012943 6.061636 15.112832
v 21.038191 6.194412 15.156565
v 21.138117 6.061636 14.987657
v 21.183935 6.061636 14.816664
v 21.181850 6.194412 15.012906
v 21.234434 6.194412 14.816664
v 21.183935 6.027371 14.816664
v 20.645708 6.194412 15.156565
v 21.414738 2.030854 14.816665
v 20.659172 2.086609 15.133247
v 20.620329 1.880867 15.200522
v 20.571966 0.765719 14.349039
v 20.555555 2.030854 14.320616
v 20.670958 6.027371 14.520496
v 18.401459 0.679449 10.096400
v 18.713682 0.679449 10.012740
v 18.401459 0.765718 10.096400
v 18.089237 0.679449 10.012740
v 17.860674 0.679449 9.784178
v 18.089237 0.765719 10.012740
v 17.860674 0.765719 9.784178
v 18.131475 0.765719 9.939581
v 17.933834 0.765719 9.741938
v 18.401459 0.765719 10.011922
v 18.179840 1.154229 9.855812
v 18.017601 1.154229 9.693575
v 18.401459 1.154229 9.915195
v 18.179840 1.880867 9.855812
v 18.017601 1.880867 9.693575
v 18.401459 1.880867 9.915195
v 18.144407 2.030854 9.917184
v 17.956230 2.030854 9.729008
v 18.401459 2.030854 9.986060
v 18.115065 2.030854 9.968003
v 17.905411 2.030854 9.758348
v 18.401459 2.030854 10.044743
v 18.115065 2.086609 9.968003
v 17.905411 2.086609 9.758348
v 18.401459 2.086609 10.044743
v 18.218681 2.086609 9.788536
v 18.084879 2.086609 9.654734
v 18.401459 2.086609 9.837511
v 18.259247 6.027371 9.718274
v 18.155140 6.027371 9.614168
v 18.401459 6.027371 9.756380
v 18.230467 6.027371 9.768124
v 18.105291 6.027371 9.642948
v 18.401459 6.027371 9.813941
v 18.230467 6.061636 9.768124
v 18.105291 6.061636 9.642948
v 18.401459 6.061636 9.813941
v 18.205215 6.194412 9.811857
v 18.061558 6.194412 9.668198
v 18.401459 6.194412 9.864439
v 18.176517 6.194412 9.861567
v 18.011848 6.194412 9.696898
v 18.401459 6.194412 9.921841
v 18.176517 6.237244 9.861567
v 18.011848 6.237244 9.696898
v 18.401459 6.237244 9.921841
v 18.626402 6.237244 9.861567
v 18.791071 6.237244 9.696898
v 18.626402 6.194412 9.861567
v 18.791071 6.194412 9.696898
v 18.597702 6.194412 9.811857
v 18.741360 6.194412 9.668198
v 18.572453 6.061636 9.768124
v 18.697628 6.061636 9.642948
v 18.572453 6.027371 9.768124
v 18.697628 6.027371 9.642948
v 18.543673 6.027371 9.718274
v 18.647778 6.027371 9.614168
v 18.584236 2.086609 9.788536
v 18.718040 2.086609 9.654734
v 18.687855 2.086609 9.968003
v 18.897509 2.086609 9.758348
v 18.687855 2.030854 9.968003
v 18.897509 2.030854 9.758348
v 18.658512 2.030854 9.917184
v 18.846687 2.030854 9.729008
v 18.623079 1.880867 9.855812
v 18.785316 1.880867 9.693575
v 18.623079 1.154229 9.855812
v 18.785316 1.154229 9.693575
v 18.671444 0.765719 9.939581
v 18.869087 0.765719 9.741938
v 18.713682 0.765719 10.012740
v 18.942245 0.765719 9.784178
v 18.942245 0.679449 9.784178
v 19.025906 0.765719 9.471954
v 19.025906 0.679449 9.471954
v 18.942245 0.765719 9.159732
v 18.941427 0.765719 9.471954
v 18.869087 0.765719 9.201970
v 18.844700 1.154229 9.471954
v 18.785316 1.154229 9.250334
v 18.844700 1.880867 9.471954
v 18.785316 1.880867 9.250334
v 18.915564 2.030854 9.471954
v 18.846687 2.030854 9.214902
v 18.974247 2.030854 9.471954
v 18.897509 2.030854 9.185560
v 18.974247 2.086609 9.471954
v 18.897509 2.086609 9.185560
v 18.767015 2.086609 9.471954
v 18.718040 2.086609 9.289177
v 18.685884 6.027371 9.471955
v 18.647778 6.027371 9.329742
v 18.743444 6.027371 9.471955
v 18.697628 6.027371 9.300963
v 18.743444 6.061636 9.471955
v 18.697628 6.061636 9.300963
v 18.793943 6.194412 9.471955
v 18.741360 6.194412 9.275713
v 18.851345 6.194412 9.471955
v 18.791071 6.194412 9.247013
v 18.851345 6.237244 9.471955
v 18.791071 6.237244 9.247013
v 18.626402 6.237244 9.082344
v 18.401459 6.237244 9.022070
v 18.626402 6.194412 9.082344
v 18.401459 6.194412 9.022070
v 18.597702 6.194412 9.132054
v 18.401459 6.194412 9.079472
v 18.572453 6.061636 9.175787
v 18.401459 6.061636 9.129971
v 18.572453 6.027371 9.175787
v 18.401459 6.027371 9.129971
v 18.543673 6.027371 9.225636
v 18.401459 6.027371 9.187531
v 18.584236 2.086609 9.155374
v 18.401459 2.086609 9.106398
v 18.687855 2.086609 8.975905
v 18.401459 2.086609 8.899166
v 18.687855 2.030854 8.975905
v 18.401459 2.030854 8.899166
v 18.658512 2.030854 9.026726
v 18.401459 2.030854 8.957849
v 18.623079 1.880867 9.088097
v 18.401459 1.880867 9.028713
v 18.623079 1.154229 9.088097
v 18.401459 1.154229 9.028713
v 18.671444 0.765719 9.004330
v 18.401459 0.765719 8.931987
v 18.713682 0.765719 8.931169
v 18.713682 0.679449 8.931169
v 18.401459 0.765719 8.847509
v 18.401459 0.679449 8.847509
v 18.089237 0.765719 8.931169
v 18.089237 0.679449 8.931169
v 17.860674 0.765719 9.159732
v 18.131475 0.765719 9.004330
v 17.933834 0.765719 9.201970
v 18.179840 1.154229 9.088097
v 18.017601 1.154229 9.250334
v 18.179840 1.880867 9.088097
v 18.017601 1.880867 9.250334
v 18.144407 2.030854 9.026726
v 17.956230 2.030854 9.214902
v 18.115065 2.030854 8.975905
v 17.905411 2.030854 9.185560
v 18.115065 2.086609 8.975905
v 17.905411 2.086609 9.185560
v 18.218681 2.086609 9.155374
v 18.084879 2.086609 9.289177
v 18.259247 6.027371 9.225636
v 18.155140 6.027371 9.329742
v 18.230467 6.027371 9.175787
v 18.105291 6.027371 9.300963
v 18.230467 6.061636 9.175787
v 18.105291 6.061636 9.300963
v 18.205215 6.194412 9.132054
v 18.061558 6.194412 9.275713
v 18.176517 6.194412 9.082344
v 18.011848 6.194412 9.247013
v 18.176517 6.237244 9.082344
v 18.011848 6.237244 9.247013
v 17.951574 6.237244 9.471955
v 17.951574 6.194412 9.471955
v 18.008974 6.194412 9.471955
v 18.059475 6.061636 9.471955
v 18.059475 6.027371 9.471955
v 18.117037 6.027371 9.471955
v 18.035904 2.086609 9.471954
v 17.828671 2.086609 9.471954
v 17.828671 2.030854 9.471954
v 17.887354 2.030854 9.471954
v 17.958220 1.880867 9.471954
v 17.958220 1.154229 9.471954
v 17.861492 0.765719 9.471954
v 17.777014 0.765719 9.471954
v 17.777014 0.679449 9.471954
v 17.860674 0.679449 9.159732
v 18.942245 0.679449 9.159732
v 23.199673 0.679449 9.971966
v 23.511896 0.679449 9.888306
v 23.199673 0.765719 9.971966
v 22.887451 0.679449 9.888306
v 22.887451 0.765719 9.888306
v 22.658888 0.679449 9.659742
v 22.658888 0.765719 9.659742
v 22.575228 0.679449 9.347520
v 22.658888 0.679449 9.035297
v 22.575228 0.765719 9.347520
v 22.659706 0.765719 9.347519
v 22.658888 0.765719 9.035297
v 22.887451 0.765719 8.806734
v 22.732048 0.765719 9.077537
v 22.929689 0.765719 8.879894
v 22.815815 1.154229 9.125899
v 22.978052 1.154229 8.963661
v 22.815815 1.880867 9.125899
v 22.756433 1.154229 9.347519
v 22.756433 1.880867 9.347519
v 22.815815 1.154229 9.569140
v 22.732048 0.765719 9.617503
v 22.978052 1.154229 9.731378
v 22.815815 1.880867 9.569140
v 22.978052 1.880867 9.731378
v 22.754444 2.030855 9.604572
v 22.942619 2.030855 9.792748
v 22.703623 2.030855 9.633913
v 22.685568 2.030855 9.347519
v 22.626884 2.030855 9.347520
v 22.754444 2.030855 9.090467
v 22.942619 2.030855 8.902291
v 22.703623 2.030855 9.061126
v 22.913279 2.030855 8.851471
v 22.703623 2.086610 9.061126
v 22.913279 2.086610 8.851471
v 22.883091 2.086610 9.164742
v 22.626884 2.086610 9.347520
v 22.834116 2.086610 9.347519
v 22.703623 2.086610 9.633913
v 22.913279 2.086610 9.843569
v 22.883091 2.086610 9.530298
v 23.016893 2.086610 9.664102
v 22.953354 6.027371 9.489733
v 23.057461 6.027371 9.593840
v 22.903503 6.027371 9.518514
v 22.915249 6.027371 9.347521
v 22.857687 6.027371 9.347521
v 22.953354 6.027371 9.205309
v 23.057461 6.027371 9.101202
v 22.903503 6.027371 9.176528
v 23.028681 6.027371 9.051353
v 22.903503 6.061637 9.176528
v 23.028681 6.061637 9.051353
v 22.859772 6.194413 9.151279
v 22.857687 6.061637 9.347521
v 22.807188 6.194413 9.347521
v 22.903503 6.061637 9.518514
v 23.028681 6.061637 9.643688
v 22.859772 6.194413 9.543762
v 23.003429 6.194413 9.687422
v 22.810061 6.194413 9.572463
v 22.974731 6.194413 9.737132
v 22.810061 6.237245 9.572463
v 22.749788 6.194413 9.347521
v 22.749788 6.237245 9.347521
v 22.810061 6.194413 9.122578
v 22.974731 6.194413 8.957909
v 22.810061 6.237245 9.122578
v 22.974731 6.237245 8.957909
v 23.199673 6.237245 8.897635
v 23.199673 6.194413 8.897635
v 23.424614 6.237245 8.957909
v 23.424614 6.194413 8.957909
v 23.589285 6.237245 9.122578
v 23.589285 6.194413 9.122578
v 23.649559 6.237245 9.347521
v 23.649559 6.194413 9.347521
v 23.589285 6.237245 9.572463
v 23.589285 6.194413 9.572463
v 23.424614 6.237245 9.737132
v 23.424614 6.194413 9.737132
v 23.199673 6.237245 9.797405
v 23.199673 6.194413 9.797405
v 22.974731 6.237245 9.737132
v 23.199673 6.194413 9.740005
v 23.199673 6.061637 9.689507
v 23.395914 6.194413 9.687422
v 23.539574 6.194413 9.543762
v 23.370665 6.061637 9.643688
v 23.495842 6.061637 9.518514
v 23.370665 6.027371 9.643688
v 23.199673 6.027371 9.689507
v 23.495842 6.027371 9.518514
v 23.341885 6.027371 9.593840
v 23.199673 6.027371 9.631946
v 23.445992 6.027371 9.489733
v 23.382450 2.086610 9.664102
v 23.199673 2.086610 9.713077
v 23.516254 2.086610 9.530298
v 23.486067 2.086610 9.843569
v 23.199673 2.086610 9.920308
v 23.695723 2.086610 9.633913
v 23.486067 2.030855 9.843569
v 23.199673 2.030855 9.920308
v 23.695723 2.030855 9.633913
v 23.456726 2.030855 9.792748
v 23.199673 2.030855 9.861625
v 23.644901 2.030855 9.604572
v 23.421293 1.880867 9.731378
v 23.199673 1.880867 9.790761
v 23.583530 1.880867 9.569140
v 23.421293 1.154229 9.731378
v 23.199673 1.154229 9.790761
v 23.583530 1.154229 9.569140
v 23.469658 0.765719 9.815145
v 23.199673 0.765719 9.887488
v 23.667299 0.765719 9.617503
v 23.511896 0.765719 9.888306
v 23.740458 0.765719 9.659742
v 23.740458 0.679449 9.659742
v 23.824118 0.765719 9.347520
v 23.824118 0.679449 9.347520
v 23.739639 0.765719 9.347519
v 23.740458 0.765719 9.035297
v 23.740458 0.679449 9.035297
v 23.667299 0.765719 9.077537
v 23.511896 0.765719 8.806734
v 23.469658 0.765719 8.879894
v 23.199673 0.765719 8.723074
v 23.511896 0.679449 8.806734
v 23.199673 0.679449 8.723074
v 22.887451 0.679449 8.806734
v 23.199673 0.765719 8.807552
v 23.199673 1.154229 8.904279
v 23.199673 1.880867 8.904279
v 23.421293 1.154229 8.963661
v 23.421293 1.880867 8.963661
v 23.583530 1.154229 9.125899
v 23.642914 1.154229 9.347519
v 23.583530 1.880867 9.125899
v 23.642914 1.880867 9.347519
v 23.644901 2.030855 9.090467
v 23.713778 2.030855 9.347519
v 23.695723 2.030855 9.061126
v 23.456726 2.030855 8.902291
v 23.486067 2.030855 8.851471
v 23.199673 2.030855 8.833414
v 23.199673 2.030855 8.774732
v 23.199673 2.086610 8.774732
v 23.199673 2.086610 8.981964
v 23.486067 2.086610 8.851471
v 23.382450 2.086610 9.030938
v 23.695723 2.086610 9.061126
v 23.772461 2.086610 9.347520
v 23.516254 2.086610 9.164742
v 23.565229 2.086610 9.347519
v 23.445992 6.027371 9.205309
v 23.484098 6.027371 9.347521
v 23.495842 6.027371 9.176528
v 23.341885 6.027371 9.101202
v 23.370665 6.027371 9.051353
v 23.199673 6.027371 9.063096
v 23.199673 6.027371 9.005535
v 23.199673 6.061637 9.005535
v 23.199673 6.194413 8.955036
v 23.370665 6.061637 9.051353
v 23.395914 6.194413 9.007619
v 23.495842 6.061637 9.176528
v 23.541658 6.061637 9.347521
v 23.539574 6.194413 9.151279
v 23.592157 6.194413 9.347521
v 23.541658 6.027371 9.347521
v 23.003429 6.194413 9.007619
v 23.772461 2.030855 9.347520
v 23.016893 2.086610 9.030938
v 22.978052 1.880867 8.963661
v 22.929689 0.765719 9.815145
v 22.913279 2.030855 9.843569
v 23.028681 6.027371 9.643688
v 20.841949 0.679449 9.026673
v 21.154173 0.679449 8.943014
v 20.841949 0.765719 9.026673
v 20.529726 0.679449 8.943014
v 20.529726 0.765719 8.943014
v 20.301165 0.679449 8.714451
v 20.301165 0.765719 8.714451
v 20.217505 0.679449 8.402228
v 20.301165 0.679449 8.090006
v 20.217505 0.765719 8.402228
v 20.301981 0.765719 8.402228
v 20.301165 0.765719 8.090006
v 20.529726 0.765719 7.861444
v 20.374325 0.765719 8.132244
v 20.571966 0.765719 7.934603
v 20.458092 1.154229 8.180608
v 20.620329 1.154229 8.018371
v 20.458092 1.880867 8.180608
v 20.398708 1.154229 8.402228
v 20.398708 1.880867 8.402228
v 20.458092 1.154229 8.623848
v 20.374325 0.765719 8.672213
v 20.620329 1.154229 8.786086
v 20.458092 1.880867 8.623848
v 20.620329 1.880867 8.786086
v 20.396721 2.030854 8.659281
v 20.584898 2.030854 8.847456
v 20.345901 2.030854 8.688622
v 20.327845 2.030854 8.402228
v 20.269161 2.030854 8.402228
v 20.396721 2.030854 8.145176
v 20.584898 2.030854 7.957000
v 20.345901 2.030854 8.115833
v 20.555555 2.030854 7.906179
v 20.345901 2.086609 8.115833
v 20.555555 2.086609 7.906179
v 20.525370 2.086609 8.219449
v 20.269161 2.086609 8.402228
v 20.476395 2.086609 8.402228
v 20.345901 2.086609 8.688622
v 20.555555 2.086609 8.898277
v 20.525370 2.086609 8.585006
v 20.659172 2.086609 8.718809
v 20.595631 6.027371 8.544441
v 20.699738 6.027371 8.648548
v 20.545782 6.027371 8.573222
v 20.557526 6.027371 8.402229
v 20.499966 6.027371 8.402229
v 20.595631 6.027371 8.260017
v 20.699738 6.027371 8.155911
v 20.545782 6.027371 8.231236
v 20.670958 6.027371 8.106061
v 20.545782 6.061636 8.231236
v 20.670958 6.061636 8.106061
v 20.502048 6.194412 8.205987
v 20.499966 6.061636 8.402229
v 20.449465 6.194412 8.402229
v 20.545782 6.061636 8.573222
v 20.670958 6.061636 8.698397
v 20.502048 6.194412 8.598471
v 20.645708 6.194412 8.742131
v 20.452339 6.194412 8.627172
v 20.617006 6.194412 8.791842
v 20.452339 6.237244 8.627172
v 20.392065 6.194412 8.402229
v 20.392065 6.237244 8.402229
v 20.452339 6.194412 8.177288
v 20.617006 6.194412 8.012618
v 20.452339 6.237244 8.177288
v 20.617006 6.237244 8.012618
v 20.841949 6.237244 7.952345
v 20.841949 6.194412 7.952345
v 21.066893 6.237244 8.012618
v 21.066893 6.194412 8.012618
v 21.231562 6.237244 8.177288
v 21.231562 6.194412 8.177288
v 21.291834 6.237244 8.402229
v 21.291834 6.194412 8.402229
v 21.231562 6.237244 8.627172
v 21.231562 6.194412 8.627172
v 21.066893 6.237244 8.791842
v 21.066893 6.194412 8.791842
v 20.841949 6.237244 8.852114
v 20.841949 6.194412 8.852114
v 20.617006 6.237244 8.791842
v 20.841949 6.194412 8.794714
v 20.841949 6.061636 8.744215
v 21.038191 6.194412 8.742131
v 21.181850 6.194412 8.598471
v 21.012943 6.061636 8.698397
v 21.138117 6.061636 8.573222
v 21.012943 6.027371 8.698397
v 20.841949 6.027371 8.744215
v 21.138117 6.027371 8.573222
v 20.984163 6.027371 8.648548
v 20.841949 6.027371 8.686653
v 21.088268 6.027371 8.544441
v 21.024729 2.086609 8.718809
v 20.841949 2.086609 8.767784
v 21.158531 2.086609 8.585006
v 21.128344 2.086609 8.898277
v 20.841949 2.086609 8.975017
v 21.337999 2.086609 8.688622
v 21.128344 2.030854 8.898277
v 20.841949 2.030854 8.975017
v 21.337999 2.030854 8.688622
v 21.099003 2.030854 8.847456
v 20.841949 2.030854 8.916333
v 21.287178 2.030854 8.659281
v 21.063570 1.880867 8.786086
v 20.841949 1.880867 8.845469
v 21.225807 1.880867 8.623848
v 21.063570 1.154229 8.786086
v 20.841949 1.154229 8.845469
v 21.225807 1.154229 8.623848
v 21.111933 0.765719 8.869854
v 20.841949 0.765719 8.942196
v 21.309576 0.765719 8.672213
v 21.154173 0.765719 8.943014
v 21.382736 0.765719 8.714451
v 21.382736 0.679449 8.714451
v 21.466396 0.765719 8.402228
v 21.466396 0.679449 8.402228
v 21.381918 0.765719 8.402228
v 21.382736 0.765719 8.090006
v 21.382736 0.679449 8.090006
v 21.309576 0.765719 8.132244
v 21.154173 0.765719 7.861444
v 21.111933 0.765719 7.934603
v 20.841949 0.765719 7.777784
v 21.154173 0.679449 7.861444
v 20.841949 0.679449 7.777784
v 20.529726 0.679449 7.861444
v 20.841949 0.765719 7.862261
v 20.841949 1.154229 7.958988
v 20.841949 1.880867 7.958988
v 21.063570 1.154229 8.018371
v 21.063570 1.880867 8.018371
v 21.225807 1.154229 8.180608
v 21.285191 1.154229 8.402228
v 21.225807 1.880867 8.180608
v 21.285191 1.880867 8.402228
v 21.287178 2.030854 8.145176
v 21.356056 2.030854 8.402228
v 21.337999 2.030854 8.115833
v 21.099003 2.030854 7.957000
v 21.128344 2.030854 7.906179
v 20.841949 2.030854 7.888123
v 20.841949 2.030854 7.829440
v 20.841949 2.086609 7.829440
v 20.841949 2.086609 8.036672
v 21.128344 2.086609 7.906179
v 21.024729 2.086609 8.085646
v 21.337999 2.086609 8.115833
v 21.414738 2.086609 8.402228
v 21.158531 2.086609 8.219449
v 21.207506 2.086609 8.402228
v 21.088268 6.027371 8.260017
v 21.126373 6.027371 8.402229
v 21.138117 6.027371 8.231236
v 20.984163 6.027371 8.155911
v 21.012943 6.027371 8.106061
v 20.841949 6.027371 8.117804
v 20.841949 6.027371 8.060244
v 20.841949 6.061636 8.060244
v 20.841949 6.194412 8.009746
v 21.012943 6.061636 8.106061
v 21.038191 6.194412 8.062328
v 21.138117 6.061636 8.231236
v 21.183935 6.061636 8.402229
v 21.181850 6.194412 8.205987
v 21.234434 6.194412 8.402229
v 21.183935 6.027371 8.402229
v 20.645708 6.194412 8.062328
v 21.414738 2.030854 8.402228
v 20.659172 2.086609 8.085646
v 20.620329 1.880867 8.018371
v 20.571966 0.765719 8.869854
v 20.555555 2.030854 8.898277
v 20.670958 6.027371 8.698397
vn 0.2588 -0.0000 -0.9659
vn -0.2588 -0.0000 -0.9659
vn -0.7071 -0.0000 -0.7071
vn -0.0000 1.0000 -0.0000
vn -0.6875 0.2338 -0.6875
vn -0.2516 0.2338 -0.9392
vn -0.6433 -0.4152 -0.6433
vn -0.2355 -0.4152 -0.8787
vn -0.0000 -1.0000 -0.0000
vn -0.7070 0.0199 -0.7070
vn -0.2588 0.0199 -0.9657
vn -0.6637 -0.3448 -0.6637
vn -0.2429 -0.3448 -0.9067
vn 0.7071 -0.0000 -0.7071
vn 0.2429 -0.3448 -0.9067
vn 0.6637 -0.3448 -0.6637
vn 0.2588 0.0199 -0.9657
vn 0.7070 0.0199 -0.7070
vn 0.2355 -0.4152 -0.8787
vn 0.6433 -0.4152 -0.6433
vn 0.2516 0.2338 -0.9392
vn 0.6875 0.2338 -0.6875
vn 0.9659 -0.0000 -0.2588
vn 0.9659 -0.0000 0.2588
vn 0.9392 0.2338 -0.2516
vn 0.9392 0.2338 0.2516
vn 0.8787 -0.4152 -0.2355
vn 0.8787 -0.4152 0.2355
vn 0.9657 0.0199 -0.2588
vn 0.9657 0.0199 0.2588
vn 0.9067 -0.3448 -0.2429
vn 0.9067 -0.3448 0.2429
vn 0.7071 -0.0000 0.7071
vn 0.2588 -0.0000 0.9659
vn 0.6637 -0.3448 0.6637
vn 0.2429 -0.3448 0.9067
vn 0.7070 0.0199 0.7070
vn 0.2588 0.0199 0.9657
vn 0.6433 -0.4152 0.6433
vn 0.2355 -0.4152 0.8787
vn 0.6875 0.2338 0.6875
vn 0.2516 0.2338 0.9392
vn -0.2588 -0.0000 0.9659
vn -0.7071 -0.0000 0.7071
vn -0.2516 0.2338 0.9391
vn -0.6875 0.2338 0.6875
vn -0.2355 -0.4152 0.8787
vn -0.6433 -0.4152 0.6433
vn -0.2588 0.0199 0.9657
vn -0.7070 0.0199 0.7070
vn -0.2429 -0.3448 0.9067
vn -0.6637 -0.3448 0.6637
vn -0.9659 -0.0000 0.2588
vn -0.9659 -0.0000 -0.2588
vn -0.9067 -0.3448 0.2429
vn -0.9067 -0.3448 -0.2429
vn -0.9657 0.0199 0.2588
vn -0.9657 0.0199 -0.2588
vn -0.8787 -0.4152 0.2355
vn -0.8787 -0.4152 -0.2355
vn -0.9392 0.2338 0.2516
vn -0.9392 0.2338 -0.2516
vn 0.2516 0.2338 -0.9391
vn -0.2516 0.2338 0.9392
vn -0.2516 0.2338 -0.9391
vn -0.9391 0.2338 0.2516
vn -0.9391 0.2338 -0.2516
vn 0.9391 0.2338 0.2516
vn 0.9391 0.2338 -0.2516
vn 0.2516 0.2338 0.9391
vt 0.200013 0.690871
vt 0.195832 0.683856
vt 0.220160 0.667926
vt 0.224845 0.674571
vt 0.174123 0.705791
vt 0.170478 0.698457
vt 0.146684 0.718322
vt 0.143737 0.710814
vt 0.140820 0.703452
vt 0.166528 0.690719
vt 0.191962 0.677544
vt 0.124250 0.664107
vt 0.146669 0.652272
vt 0.169058 0.639783
vt 0.089064 0.596805
vt 0.108911 0.584975
vt 0.128563 0.572590
vt 0.081579 0.583410
vt 0.101458 0.571582
vt 0.120957 0.560010
vt 0.079112 0.578977
vt 0.099127 0.567421
vt 0.118676 0.555965
vt 0.076855 0.575002
vt 0.096759 0.563446
vt 0.116292 0.552124
vt 0.066300 0.557169
vt 0.085000 0.543515
vt 0.105764 0.534127
vt 0.171931 0.747717
vt 0.190938 0.747899
vt 0.178282 0.980704
vt 0.163493 0.980562
vt 0.152922 0.747608
vt 0.148703 0.980477
vt 0.294201 0.714336
vt 0.295344 0.726860
vt 0.290882 0.727939
vt 0.289241 0.714257
vt 0.296385 0.700815
vt 0.291186 0.699425
vt 0.288239 0.728655
vt 0.286297 0.714289
vt 0.288094 0.698694
vt 0.277169 0.731760
vt 0.274069 0.714542
vt 0.275433 0.695606
vt 0.273077 0.733042
vt 0.269162 0.714934
vt 0.269900 0.694594
vt 0.269720 0.734192
vt 0.265354 0.715327
vt 0.265829 0.693938
vt 0.276550 0.674161
vt 0.272584 0.672444
vt 0.287928 0.654917
vt 0.284285 0.652165
vt 0.281273 0.676323
vt 0.292554 0.658522
vt 0.293840 0.682790
vt 0.303742 0.667972
vt 0.296870 0.684309
vt 0.306435 0.670255
vt 0.302186 0.687126
vt 0.310877 0.674230
vt 0.133911 0.747572
vt 0.133911 0.980449
vt 0.114900 0.747608
vt 0.119120 0.980477
vt 0.135278 0.541106
vt 0.124752 0.524534
vt 0.153324 0.529876
vt 0.142457 0.514556
vt 0.137625 0.544810
vt 0.155722 0.533365
vt 0.139882 0.548735
vt 0.158097 0.537062
vt 0.148026 0.560938
vt 0.166387 0.549023
vt 0.190482 0.625281
vt 0.210839 0.609929
vt 0.215083 0.660954
vt 0.238072 0.643784
vt 0.243164 0.649783
vt 0.248135 0.655930
vt 0.264005 0.631471
vt 0.269166 0.637250
vt 0.259260 0.626290
vt 0.283987 0.612288
vt 0.289621 0.617896
vt 0.278414 0.606775
vt 0.230259 0.594305
vt 0.247824 0.577297
vt 0.183122 0.535969
vt 0.199147 0.522689
vt 0.174816 0.524603
vt 0.190564 0.512044
vt 0.172444 0.521513
vt 0.187788 0.508991
vt 0.169931 0.518309
vt 0.185135 0.506073
vt 0.158674 0.504170
vt 0.173617 0.493139
vt 0.095891 0.747717
vt 0.104329 0.980562
vt 0.076884 0.747899
vt 0.089541 0.980704
vt 0.322879 0.663597
vt 0.319467 0.658526
vt 0.337430 0.655970
vt 0.335322 0.650111
vt 0.317352 0.655580
vt 0.333975 0.646660
vt 0.308704 0.643275
vt 0.328469 0.632050
vt 0.304823 0.638053
vt 0.326304 0.626301
vt 0.301912 0.634261
vt 0.324528 0.621861
vt 0.349791 0.620723
vt 0.349139 0.615954
vt 0.374436 0.620397
vt 0.374967 0.615444
vt 0.350467 0.626465
vt 0.373624 0.626894
vt 0.352542 0.642204
vt 0.371793 0.642623
vt 0.352976 0.645920
vt 0.371257 0.646459
vt 0.353553 0.652168
vt 0.370261 0.652537
vt 0.057881 0.748154
vt 0.074755 0.980902
vt 0.038884 0.748482
vt 0.059974 0.981157
vt 0.199364 0.492835
vt 0.187846 0.481536
vt 0.213132 0.478118
vt 0.199251 0.466838
vt 0.202222 0.495642
vt 0.216227 0.480979
vt 0.205193 0.498558
vt 0.219495 0.484098
vt 0.214337 0.508701
vt 0.229083 0.494002
vt 0.264364 0.559828
vt 0.279098 0.541778
vt 0.296795 0.585419
vt 0.313237 0.563156
vt 0.303453 0.590706
vt 0.319754 0.566807
vt 0.309766 0.595857
vt 0.326863 0.571050
vt 0.332390 0.539521
vt 0.340365 0.543257
vt 0.323913 0.538226
vt 0.064546 0.736021
vt 0.063920 0.728653
vt 0.091118 0.726447
vt 0.092150 0.733674
vt 0.065104 0.721845
vt 0.090099 0.719489
vt 0.291203 0.523925
vt 0.060609 0.688259
vt 0.080397 0.682171
vt 0.244382 0.480130
vt 0.030417 0.628020
vt 0.049515 0.617480
vt 0.236110 0.468335
vt 0.021371 0.615791
vt 0.042275 0.604068
vt 0.233406 0.463488
vt 0.017714 0.612120
vt 0.040065 0.600082
vt 0.229627 0.459797
vt 0.015158 0.607343
vt 0.037908 0.596156
vt 0.209603 0.450910
vt 0.011674 0.585956
vt 0.029714 0.577828
vt 0.019893 0.748882
vt 0.045198 0.981469
vt 0.228939 0.748482
vt 0.247930 0.748882
vt 0.222624 0.981469
vt 0.207848 0.981157
vt 0.386522 0.657459
vt 0.390026 0.651816
vt 0.306102 0.746790
vt 0.315134 0.753547
vt 0.313285 0.757846
vt 0.303067 0.749786
vt 0.391149 0.647789
vt 0.311707 0.759799
vt 0.301324 0.751527
vt 0.396627 0.632814
vt 0.305974 0.768552
vt 0.293712 0.759193
vt 0.399918 0.627224
vt 0.304156 0.772777
vt 0.290862 0.762085
vt 0.401275 0.622047
vt 0.302152 0.775260
vt 0.288652 0.764365
vt 0.280126 0.749090
vt 0.277279 0.750908
vt 0.284053 0.746679
vt 0.293452 0.741180
vt 0.295696 0.739877
vt 0.299326 0.737895
vt 0.209941 0.748154
vt 0.193067 0.980902
vt 0.057422 0.585945
vt 0.048640 0.569807
vt 0.059622 0.589825
vt 0.061879 0.593843
vt 0.068831 0.606780
vt 0.101907 0.674380
vt 0.115347 0.713064
vt 0.117334 0.720322
vt 0.119373 0.727775
s 1
usemtl Material.007
f 404/511/276 406/512/276 476/513/276 405/514/276
f 407/515/277 409/516/277 406/512/277 404/511/277
f 408/517/278 410/518/278 409/516/278 407/515/278
f 409/516/279 410/518/279 412/519/279 411/520/279
f 406/512/279 409/516/279 411/520/279 413/521/279
f 411/520/280 412/519/280 415/522/280 414/523/280
f 413/521/281 411/520/281 414/523/281 416/524/281
f 414/523/278 415/522/278 418/525/278 417/526/278
f 416/524/277 414/523/277 417/526/277 419/527/277
f 417/526/282 418/525/282 421/528/282 420/529/282
f 419/527/283 417/526/283 420/529/283 422/530/283
f 420/529/284 421/528/284 424/531/284 423/532/284
f 422/530/284 420/529/284 423/532/284 425/533/284
f 423/532/278 424/531/278 427/534/278 426/535/278
f 425/533/277 423/532/277 426/535/277 428/536/277
f 426/535/279 427/534/279 430/537/279 429/538/279
f 428/536/279 426/535/279 429/538/279 431/539/279
f 429/540/285 430/541/285 433/542/285 432/543/285
f 431/544/286 429/540/286 432/543/286 434/545/286
f 432/546/284 433/547/284 436/548/284 435/549/284
f 434/550/284 432/546/284 435/549/284 437/551/284
f 435/549/278 436/548/278 439/552/278 438/553/278
f 437/551/277 435/549/277 438/553/277 440/554/277
f 438/553/287 439/552/287 442/555/287 441/556/287
f 440/554/288 438/553/288 441/556/288 443/557/288
f 441/556/284 442/555/284 445/558/284 444/559/284
f 443/557/284 441/556/284 444/559/284 446/560/284
f 444/559/278 445/558/278 448/561/278 447/562/278
f 446/560/277 444/559/277 447/562/277 449/563/277
f 452/564/276 446/560/276 449/563/276 450/565/276
f 453/566/289 452/564/289 450/565/289 451/567/289
f 454/568/284 443/557/284 446/560/284 452/564/284
f 455/569/284 454/568/284 452/564/284 453/566/284
f 456/570/290 440/554/290 443/557/290 454/568/290
f 457/571/291 456/570/291 454/568/291 455/569/291
f 458/572/276 437/551/276 440/554/276 456/570/276
f 459/573/289 458/572/289 456/570/289 457/571/289
f 460/574/284 434/550/284 437/551/284 458/572/284
f 461/575/284 460/574/284 458/572/284 459/573/284
f 462/576/292 431/544/292 434/545/292 460/577/292
f 463/578/293 462/576/293 460/577/293 461/579/293
f 464/580/279 428/536/279 431/539/279 462/581/279
f 465/582/279 464/580/279 462/581/279 463/583/279
f 466/584/276 425/533/276 428/536/276 464/580/276
f 467/585/289 466/584/289 464/580/289 465/582/289
f 468/586/284 422/530/284 425/533/284 466/584/284
f 469/587/284 468/586/284 466/584/284 467/585/284
f 470/588/294 419/527/294 422/530/294 468/586/294
f 471/589/295 470/588/295 468/586/295 469/587/295
f 472/590/276 416/524/276 419/527/276 470/588/276
f 473/591/289 472/590/289 470/588/289 471/589/289
f 474/592/296 413/521/296 416/524/296 472/590/296
f 475/593/297 474/592/297 472/590/297 473/591/297
f 476/513/279 406/512/279 413/521/279 474/592/279
f 477/594/279 476/513/279 474/592/279 475/593/279
f 405/514/289 476/513/289 477/594/289 478/595/289
f 478/595/298 477/594/298 479/596/298 480/597/298
f 479/596/279 477/594/279 475/593/279 482/598/279
f 480/597/299 479/596/299 481/599/299 583/600/299
f 481/599/279 479/596/279 482/598/279 483/601/279
f 482/598/300 475/593/300 473/591/300 484/602/300
f 483/601/301 482/598/301 484/602/301 485/603/301
f 484/602/298 473/591/298 471/589/298 486/604/298
f 485/603/299 484/602/299 486/604/299 487/605/299
f 486/604/302 471/589/302 469/587/302 488/606/302
f 487/605/303 486/604/303 488/606/303 489/607/303
f 488/606/284 469/587/284 467/585/284 490/608/284
f 489/607/284 488/606/284 490/608/284 491/609/284
f 490/608/298 467/585/298 465/582/298 492/610/298
f 491/609/299 490/608/299 492/610/299 493/611/299
f 492/610/279 465/582/279 463/583/279 494/612/279
f 493/611/279 492/610/279 494/612/279 495/613/279
f 494/614/304 463/578/304 461/579/304 496/615/304
f 495/616/305 494/614/305 496/615/305 497/617/305
f 496/618/284 461/575/284 459/573/284 498/619/284
f 497/620/284 496/618/284 498/619/284 499/621/284
f 498/619/298 459/573/298 457/571/298 500/622/298
f 499/621/299 498/619/299 500/622/299 501/623/299
f 500/622/306 457/571/306 455/569/306 502/624/306
f 501/623/307 500/622/307 502/624/307 503/625/307
f 502/624/284 455/569/284 453/566/284 504/626/284
f 503/625/284 502/624/284 504/626/284 505/627/284
f 504/626/298 453/566/298 451/567/298 506/628/298
f 505/627/299 504/626/299 506/628/299 507/629/299
f 510/630/308 505/627/308 507/629/308 508/631/308
f 511/632/309 510/630/309 508/631/309 509/633/309
f 512/634/284 503/625/284 505/627/284 510/630/284
f 513/635/284 512/634/284 510/630/284 511/632/284
f 514/636/310 501/623/310 503/625/310 512/634/310
f 515/637/311 514/636/311 512/634/311 513/635/311
f 516/638/308 499/621/308 501/623/308 514/636/308
f 517/639/309 516/638/309 514/636/309 515/637/309
f 518/640/284 497/620/284 499/621/284 516/638/284
f 519/641/284 518/640/284 516/638/284 517/639/284
f 520/642/312 495/616/312 497/617/312 518/643/312
f 521/644/313 520/642/313 518/643/313 519/645/313
f 522/646/279 493/611/279 495/613/279 520/647/279
f 523/648/279 522/646/279 520/647/279 521/649/279
f 524/650/308 491/609/308 493/611/308 522/646/308
f 525/651/309 524/650/309 522/646/309 523/648/309
f 526/652/284 489/607/284 491/609/284 524/650/284
f 527/653/284 526/652/284 524/650/284 525/651/284
f 528/654/314 487/605/314 489/607/314 526/652/314
f 529/655/315 528/654/315 526/652/315 527/653/315
f 530/656/308 485/603/308 487/605/308 528/654/308
f 531/657/309 530/656/309 528/654/309 529/655/309
f 532/658/316 483/601/316 485/603/316 530/656/316
f 533/659/317 532/658/317 530/656/317 531/657/317
f 534/660/279 481/599/279 483/601/279 532/658/279
f 536/661/279 534/660/279 532/658/279 533/659/279
f 583/600/308 481/599/308 534/660/308 535/662/308
f 535/662/309 534/660/309 536/661/309 537/663/309
f 537/663/318 536/661/318 538/664/318 539/665/318
f 538/664/279 536/661/279 533/659/279 541/666/279
f 539/667/319 538/668/319 540/669/319 582/670/319
f 540/669/279 538/668/279 541/671/279 542/672/279
f 541/666/320 533/659/320 531/657/320 543/673/320
f 542/672/321 541/671/321 543/674/321 544/675/321
f 543/673/318 531/657/318 529/655/318 545/676/318
f 544/675/319 543/674/319 545/677/319 546/678/319
f 545/676/322 529/655/322 527/653/322 547/679/322
f 546/678/323 545/677/323 547/680/323 548/681/323
f 547/679/284 527/653/284 525/651/284 549/682/284
f 548/681/284 547/680/284 549/683/284 550/684/284
f 549/682/318 525/651/318 523/648/318 551/685/318
f 550/684/319 549/683/319 551/686/319 552/687/319
f 551/685/279 523/648/279 521/649/279 553/688/279
f 552/687/279 551/686/279 553/689/279 554/690/279
f 553/691/324 521/644/324 519/645/324 555/692/324
f 554/693/325 553/694/325 555/695/325 556/696/325
f 555/697/284 519/641/284 517/639/284 557/698/284
f 556/699/284 555/700/284 557/701/284 558/702/284
f 557/698/318 517/639/318 515/637/318 559/703/318
f 558/702/319 557/701/319 559/704/319 560/705/319
f 559/703/326 515/637/326 513/635/326 561/706/326
f 560/705/327 559/704/327 561/707/327 562/708/327
f 561/706/284 513/635/284 511/632/284 563/709/284
f 562/708/284 561/707/284 563/710/284 564/711/284
f 563/709/318 511/632/318 509/633/318 565/712/318
f 564/711/319 563/710/319 565/713/319 566/714/319
f 568/715/328 564/711/328 566/714/328 567/716/328
f 445/558/329 568/715/329 567/716/329 448/561/329
f 569/717/284 562/708/284 564/711/284 568/715/284
f 442/555/284 569/717/284 568/715/284 445/558/284
f 570/718/330 560/705/330 562/708/330 569/717/330
f 439/552/331 570/718/331 569/717/331 442/555/331
f 571/719/328 558/702/328 560/705/328 570/718/328
f 436/548/329 571/719/329 570/718/329 439/552/329
f 572/720/284 556/699/284 558/702/284 571/719/284
f 433/547/284 572/720/284 571/719/284 436/548/284
f 573/721/332 554/693/332 556/696/332 572/722/332
f 430/541/333 573/721/333 572/722/333 433/542/333
f 574/723/279 552/687/279 554/690/279 573/724/279
f 427/534/279 574/723/279 573/724/279 430/537/279
f 575/725/328 550/684/328 552/687/328 574/723/328
f 424/531/329 575/725/329 574/723/329 427/534/329
f 576/726/284 548/681/284 550/684/284 575/725/284
f 421/528/284 576/726/284 575/725/284 424/531/284
f 577/727/334 546/678/334 548/681/334 576/726/334
f 418/525/335 577/727/335 576/726/335 421/528/335
f 578/728/328 544/675/328 546/678/328 577/727/328
f 415/522/329 578/728/329 577/727/329 418/525/329
f 579/729/336 542/672/336 544/675/336 578/728/336
f 412/519/337 579/729/337 578/728/337 415/522/337
f 580/730/279 540/669/279 542/672/279 579/729/279
f 410/518/279 580/730/279 579/729/279 412/519/279
f 582/670/328 540/669/328 580/730/328 581/731/328
f 581/731/329 580/730/329 410/518/329 408/517/329
f 584/511/276 586/512/276 702/513/276 585/514/276
f 587/515/277 588/516/277 586/512/277 584/511/277
f 589/517/278 590/518/278 588/516/278 587/515/278
f 591/731/329 593/730/329 590/518/329 589/517/329
f 592/670/328 595/669/328 593/730/328 591/731/328
f 590/518/279 593/730/279 594/729/279 605/519/279
f 593/730/279 595/669/279 597/672/279 594/729/279
f 595/669/279 596/668/279 598/671/279 597/672/279
f 716/667/319 596/668/319 595/669/319 592/670/319
f 597/672/321 598/671/321 600/674/321 599/675/321
f 594/729/336 597/672/336 599/675/336 602/728/336
f 599/675/319 600/674/319 760/677/319 601/678/319
f 602/728/328 599/675/328 601/678/328 603/727/328
f 604/522/329 602/728/329 603/727/329 607/525/329
f 605/519/337 594/729/337 602/728/337 604/522/337
f 761/520/280 605/519/280 604/522/280 606/523/280
f 606/523/278 604/522/278 607/525/278 608/526/278
f 608/526/282 607/525/282 609/528/282 610/529/282
f 607/525/335 603/727/335 612/726/335 609/528/335
f 610/529/284 609/528/284 611/531/284 762/532/284
f 609/528/284 612/726/284 613/725/284 611/531/284
f 612/726/284 614/681/284 616/684/284 613/725/284
f 603/727/334 601/678/334 614/681/334 612/726/334
f 601/678/323 760/677/323 615/680/323 614/681/323
f 614/681/284 615/680/284 617/683/284 616/684/284
f 616/684/319 617/683/319 619/686/319 618/687/319
f 613/725/328 616/684/328 618/687/328 621/723/328
f 618/687/279 619/686/279 759/689/279 620/690/279
f 621/723/279 618/687/279 620/690/279 622/724/279
f 623/534/279 621/723/279 622/724/279 625/537/279
f 611/531/329 613/725/329 621/723/329 623/534/329
f 762/532/278 611/531/278 623/534/278 624/535/278
f 624/535/279 623/534/279 625/537/279 626/538/279
f 626/540/285 625/541/285 627/542/285 628/543/285
f 625/541/333 622/721/333 630/722/333 627/542/333
f 628/546/284 627/547/284 629/548/284 763/549/284
f 627/547/284 630/720/284 631/719/284 629/548/284
f 630/720/284 632/699/284 634/702/284 631/719/284
f 622/721/332 620/693/332 632/696/332 630/722/332
f 620/693/325 759/694/325 633/695/325 632/696/325
f 632/699/284 633/700/284 635/701/284 634/702/284
f 634/702/319 635/701/319 637/704/319 636/705/319
f 631/719/328 634/702/328 636/705/328 639/718/328
f 636/705/327 637/704/327 757/707/327 638/708/327
f 639/718/330 636/705/330 638/708/330 640/717/330
f 641/552/331 639/718/331 640/717/331 643/555/331
f 629/548/329 631/719/329 639/718/329 641/552/329
f 763/549/278 629/548/278 641/552/278 642/553/278
f 642/553/287 641/552/287 643/555/287 644/556/287
f 644/556/284 643/555/284 645/558/284 646/559/284
f 643/555/284 640/717/284 648/715/284 645/558/284
f 646/559/278 645/558/278 647/561/278 668/562/278
f 645/558/329 648/715/329 649/716/329 647/561/329
f 648/715/328 650/711/328 652/714/328 649/716/328
f 640/717/284 638/708/284 650/711/284 648/715/284
f 638/708/284 757/707/284 651/710/284 650/711/284
f 650/711/319 651/710/319 653/713/319 652/714/319
f 651/709/318 655/632/318 654/633/318 653/712/318
f 655/632/309 657/630/309 656/631/309 654/633/309
f 657/630/308 659/627/308 658/629/308 656/631/308
f 659/627/299 661/626/299 660/628/299 658/629/299
f 661/626/298 663/566/298 662/567/298 660/628/298
f 663/566/289 665/564/289 664/565/289 662/567/289
f 665/564/276 667/560/276 666/563/276 664/565/276
f 667/560/277 646/559/277 668/562/277 666/563/277
f 671/568/284 669/557/284 667/560/284 665/564/284
f 669/557/284 644/556/284 646/559/284 667/560/284
f 673/570/290 670/554/290 669/557/290 671/568/290
f 670/554/288 642/553/288 644/556/288 669/557/288
f 672/569/284 671/568/284 665/564/284 663/566/284
f 674/571/291 673/570/291 671/568/291 672/569/291
f 675/572/276 676/551/276 670/554/276 673/570/276
f 677/573/289 675/572/289 673/570/289 674/571/289
f 678/574/284 679/550/284 676/551/284 675/572/284
f 680/575/284 678/574/284 675/572/284 677/573/284
f 681/576/292 682/544/292 679/545/292 678/577/292
f 683/578/293 681/576/293 678/577/293 680/579/293
f 684/580/279 685/536/279 682/539/279 681/581/279
f 686/582/279 684/580/279 681/581/279 683/583/279
f 687/584/276 688/533/276 685/536/276 684/580/276
f 689/585/289 687/584/289 684/580/289 686/582/289
f 690/586/284 691/530/284 688/533/284 687/584/284
f 692/587/284 690/586/284 687/584/284 689/585/284
f 693/588/294 694/527/294 691/530/294 690/586/294
f 695/589/295 693/588/295 690/586/295 692/587/295
f 696/590/276 697/524/276 694/527/276 693/588/276
f 698/591/289 696/590/289 693/588/289 695/589/289
f 699/592/338 700/521/338 697/524/338 696/590/338
f 701/593/297 699/592/297 696/590/297 698/591/297
f 702/513/279 586/512/279 700/521/279 699/592/279
f 703/594/279 702/513/279 699/592/279 701/593/279
f 585/514/289 702/513/289 703/594/289 704/595/289
f 705/596/279 703/594/279 701/593/279 707/598/279
f 704/595/298 703/594/298 705/596/298 706/597/298
f 706/597/299 705/596/299 708/599/299 709/600/299
f 708/599/279 705/596/279 707/598/279 710/601/279
f 709/600/308 708/599/308 711/660/308 714/662/308
f 711/660/279 708/599/279 710/601/279 712/658/279
f 713/661/279 711/660/279 712/658/279 717/659/279
f 714/662/309 711/660/309 713/661/309 715/663/309
f 715/663/318 713/661/318 596/664/318 716/665/318
f 596/664/279 713/661/279 717/659/279 598/666/279
f 598/666/339 717/659/339 718/657/339 600/673/339
f 717/659/317 712/658/317 720/656/317 718/657/317
f 600/673/318 718/657/318 719/655/318 760/676/318
f 718/657/309 720/656/309 721/654/309 719/655/309
f 720/656/308 722/603/308 724/605/308 721/654/308
f 712/658/316 710/601/316 722/603/316 720/656/316
f 710/601/301 707/598/301 723/602/301 722/603/301
f 722/603/299 723/602/299 725/604/299 724/605/299
f 724/605/303 725/604/303 727/606/303 726/607/303
f 721/654/314 724/605/314 726/607/314 729/652/314
f 726/607/284 727/606/284 758/608/284 728/609/284
f 729/652/284 726/607/284 728/609/284 730/650/284
f 731/653/284 729/652/284 730/650/284 732/651/284
f 719/655/315 721/654/315 729/652/315 731/653/315
f 615/679/284 731/653/284 732/651/284 617/682/284
f 760/676/322 719/655/322 731/653/322 615/679/322
f 617/682/318 732/651/318 733/648/318 619/685/318
f 732/651/309 730/650/309 735/646/309 733/648/309
f 619/685/279 733/648/279 734/649/279 759/688/279
f 733/648/279 735/646/279 736/647/279 734/649/279
f 735/646/279 737/611/279 739/613/279 736/647/279
f 730/650/308 728/609/308 737/611/308 735/646/308
f 728/609/299 758/608/299 738/610/299 737/611/299
f 737/611/279 738/610/279 740/612/279 739/613/279
f 739/616/305 740/614/305 742/615/305 741/617/305
f 736/642/312 739/616/312 741/617/312 744/643/312
f 741/620/284 742/618/284 756/619/284 743/621/284
f 744/640/284 741/620/284 743/621/284 745/638/284
f 746/641/284 744/640/284 745/638/284 747/639/284
f 734/644/313 736/642/313 744/643/313 746/645/313
f 633/697/284 746/641/284 747/639/284 635/698/284
f 759/691/324 734/644/324 746/645/324 633/692/324
f 635/698/318 747/639/318 748/637/318 637/703/318
f 747/639/309 745/638/309 750/636/309 748/637/309
f 637/703/326 748/637/326 749/635/326 757/706/326
f 748/637/311 750/636/311 751/634/311 749/635/311
f 750/636/310 752/623/310 754/625/310 751/634/310
f 745/638/308 743/621/308 752/623/308 750/636/308
f 743/621/299 756/619/299 753/622/299 752/623/299
f 752/623/307 753/622/307 755/624/307 754/625/307
f 754/625/284 755/624/284 661/626/284 659/627/284
f 751/634/284 754/625/284 659/627/284 657/630/284
f 753/622/306 674/571/306 672/569/306 755/624/306
f 755/624/284 672/569/284 663/566/284 661/626/284
f 756/619/298 677/573/298 674/571/298 753/622/298
f 742/618/284 680/575/284 677/573/284 756/619/284
f 749/635/284 751/634/284 657/630/284 655/632/284
f 757/706/284 749/635/284 655/632/284 651/709/284
f 740/614/304 683/578/304 680/579/304 742/615/304
f 738/610/279 686/582/279 683/583/279 740/612/279
f 758/608/298 689/585/298 686/582/298 738/610/298
f 727/606/284 692/587/284 689/585/284 758/608/284
f 725/604/302 695/589/302 692/587/302 727/606/302
f 723/602/298 698/591/298 695/589/298 725/604/298
f 707/598/300 701/593/300 698/591/300 723/602/300
f 586/512/279 588/516/279 761/520/279 700/521/279
f 700/521/340 761/520/340 606/523/340 697/524/340
f 588/516/279 590/518/279 605/519/279 761/520/279
f 697/524/277 606/523/277 608/526/277 694/527/277
f 694/527/283 608/526/283 610/529/283 691/530/283
f 691/530/284 610/529/284 762/532/284 688/533/284
f 688/533/277 762/532/277 624/535/277 685/536/277
f 685/536/279 624/535/279 626/538/279 682/539/279
f 682/544/286 626/540/286 628/543/286 679/545/286
f 679/550/284 628/546/284 763/549/284 676/551/284
f 676/551/277 763/549/277 642/553/277 670/554/277
f 764/511/276 766/512/276 882/513/276 765/514/276
f 767/515/277 768/516/277 766/512/277 764/511/277
f 769/517/278 770/518/278 768/516/278 767/515/278
f 771/731/329 773/730/329 770/518/329 769/517/329
f 772/670/328 775/669/328 773/730/328 771/731/328
f 770/518/279 773/730/279 774/729/279 785/519/279
f 773/730/279 775/669/279 777/672/279 774/729/279
f 775/669/279 776/668/279 778/671/279 777/672/279
f 896/667/319 776/668/319 775/669/319 772/670/319
f 777/672/321 778/671/321 780/674/321 779/675/321
f 774/729/341 777/672/341 779/675/341 782/728/341
f 779/675/319 780/674/319 940/677/319 781/678/319
f 782/728/328 779/675/328 781/678/328 783/727/328
f 784/522/329 782/728/329 783/727/329 787/525/329
f 785/519/342 774/729/342 782/728/342 784/522/342
f 941/520/280 785/519/280 784/522/280 786/523/280
f 786/523/278 784/522/278 787/525/278 788/526/278
f 788/526/282 787/525/282 789/528/282 790/529/282
f 787/525/335 783/727/335 792/726/335 789/528/335
f 790/529/284 789/528/284 791/531/284 942/532/284
f 789/528/284 792/726/284 793/725/284 791/531/284
f 792/726/284 794/681/284 796/684/284 793/725/284
f 783/727/334 781/678/334 794/681/334 792/726/334
f 781/678/323 940/677/323 795/680/323 794/681/323
f 794/681/284 795/680/284 797/683/284 796/684/284
f 796/684/319 797/683/319 799/686/319 798/687/319
f 793/725/328 796/684/328 798/687/328 801/723/328
f 798/687/279 799/686/279 939/689/279 800/690/279
f 801/723/279 798/687/279 800/690/279 802/724/279
f 803/534/279 801/723/279 802/724/279 805/537/279
f 791/531/329 793/725/329 801/723/329 803/534/329
f 942/532/278 791/531/278 803/534/278 804/535/278
f 804/535/279 803/534/279 805/537/279 806/538/279
f 806/540/285 805/541/285 807/542/285 808/543/285
f 805/541/333 802/721/333 810/722/333 807/542/333
f 808/546/284 807/547/284 809/548/284 943/549/284
f 807/547/284 810/720/284 811/719/284 809/548/284
f 810/720/284 812/699/284 814/702/284 811/719/284
f 802/721/332 800/693/332 812/696/332 810/722/332
f 800/693/325 939/694/325 813/695/325 812/696/325
f 812/699/284 813/700/284 815/701/284 814/702/284
f 814/702/319 815/701/319 817/704/319 816/705/319
f 811/719/328 814/702/328 816/705/328 819/718/328
f 816/705/327 817/704/327 937/707/327 818/708/327
f 819/718/330 816/705/330 818/708/330 820/717/330
f 821/552/331 819/718/331 820/717/331 823/555/331
f 809/548/329 811/719/329 819/718/329 821/552/329
f 943/549/278 809/548/278 821/552/278 822/553/278
f 822/553/287 821/552/287 823/555/287 824/556/287
f 824/556/284 823/555/284 825/558/284 826/559/284
f 823/555/284 820/717/284 828/715/284 825/558/284
f 826/559/278 825/558/278 827/561/278 848/562/278
f 825/558/329 828/715/329 829/716/329 827/561/329
f 828/715/328 830/711/328 832/714/328 829/716/328
f 820/717/284 818/708/284 830/711/284 828/715/284
f 818/708/284 937/707/284 831/710/284 830/711/284
f 830/711/319 831/710/319 833/713/319 832/714/319
f 831/709/318 835/632/318 834/633/318 833/712/318
f 835/632/309 837/630/309 836/631/309 834/633/309
f 837/630/308 839/627/308 838/629/308 836/631/308
f 839/627/299 841/626/299 840/628/299 838/629/299
f 841/626/298 843/566/298 842/567/298 840/628/298
f 843/566/289 845/564/289 844/565/289 842/567/289
f 845/564/276 847/560/276 846/563/276 844/565/276
f 847/560/277 826/559/277 848/562/277 846/563/277
f 851/568/284 849/557/284 847/560/284 845/564/284
f 849/557/284 824/556/284 826/559/284 847/560/284
f 853/570/290 850/554/290 849/557/290 851/568/290
f 850/554/288 822/553/288 824/556/288 849/557/288
f 852/569/284 851/568/284 845/564/284 843/566/284
f 854/571/291 853/570/291 851/568/291 852/569/291
f 855/572/276 856/551/276 850/554/276 853/570/276
f 857/573/289 855/572/289 853/570/289 854/571/289
f 858/574/284 859/550/284 856/551/284 855/572/284
f 860/575/284 858/574/284 855/572/284 857/573/284
f 861/576/292 862/544/292 859/545/292 858/577/292
f 863/578/293 861/576/293 858/577/293 860/579/293
f 864/580/279 865/536/279 862/539/279 861/581/279
f 866/582/279 864/580/279 861/581/279 863/583/279
f 867/584/276 868/533/276 865/536/276 864/580/276
f 869/585/289 867/584/289 864/580/289 866/582/289
f 870/586/284 871/530/284 868/533/284 867/584/284
f 872/587/284 870/586/284 867/584/284 869/585/284
f 873/588/294 874/527/294 871/530/294 870/586/294
f 875/589/295 873/588/295 870/586/295 872/587/295
f 876/590/276 877/524/276 874/527/276 873/588/276
f 878/591/289 876/590/289 873/588/289 875/589/289
f 879/592/296 880/521/296 877/524/296 876/590/296
f 881/593/297 879/592/297 876/590/297 878/591/297
f 882/513/279 766/512/279 880/521/279 879/592/279
f 883/594/279 882/513/279 879/592/279 881/593/279
f 765/514/289 882/513/289 883/594/289 884/595/289
f 885/596/279 883/594/279 881/593/279 887/598/279
f 884/595/298 883/594/298 885/596/298 886/597/298
f 886/597/299 885/596/299 888/599/299 889/600/299
f 888/599/279 885/596/279 887/598/279 890/601/279
f 889/600/308 888/599/308 891/660/308 894/662/308
f 891/660/279 888/599/279 890/601/279 892/658/279
f 893/661/279 891/660/279 892/658/279 897/659/279
f 894/662/309 891/660/309 893/661/309 895/663/309
f 895/663/318 893/661/318 776/664/318 896/665/318
f 776/664/279 893/661/279 897/659/279 778/666/279
f 778/666/339 897/659/339 898/657/339 780/673/339
f 897/659/317 892/658/317 900/656/317 898/657/317
f 780/673/318 898/657/318 899/655/318 940/676/318
f 898/657/309 900/656/309 901/654/309 899/655/309
f 900/656/308 902/603/308 904/605/308 901/654/308
f 892/658/316 890/601/316 902/603/316 900/656/316
f 890/601/343 887/598/343 903/602/343 902/603/343
f 902/603/299 903/602/299 905/604/299 904/605/299
f 904/605/303 905/604/303 907/606/303 906/607/303
f 901/654/314 904/605/314 906/607/314 909/652/314
f 906/607/284 907/606/284 938/608/284 908/609/284
f 909/652/284 906/607/284 908/609/284 910/650/284
f 911/653/284 909/652/284 910/650/284 912/651/284
f 899/655/315 901/654/315 909/652/315 911/653/315
f 795/679/284 911/653/284 912/651/284 797/682/284
f 940/676/322 899/655/322 911/653/322 795/679/322
f 797/682/318 912/651/318 913/648/318 799/685/318
f 912/651/309 910/650/309 915/646/309 913/648/309
f 799/685/279 913/648/279 914/649/279 939/688/279
f 913/648/279 915/646/279 916/647/279 914/649/279
f 915/646/279 917/611/279 919/613/279 916/647/279
f 910/650/308 908/609/308 917/611/308 915/646/308
f 908/609/299 938/608/299 918/610/299 917/611/299
f 917/611/279 918/610/279 920/612/279 919/613/279
f 919/616/305 920/614/305 922/615/305 921/617/305
f 916/642/312 919/616/312 921/617/312 924/643/312
f 921/620/284 922/618/284 936/619/284 923/621/284
f 924/640/284 921/620/284 923/621/284 925/638/284
f 926/641/284 924/640/284 925/638/284 927/639/284
f 914/644/313 916/642/313 924/643/313 926/645/313
f 813/697/284 926/641/284 927/639/284 815/698/284
f 939/691/324 914/644/324 926/645/324 813/692/324
f 815/698/318 927/639/318 928/637/318 817/703/318
f 927/639/309 925/638/309 930/636/309 928/637/309
f 817/703/326 928/637/326 929/635/326 937/706/326
f 928/637/311 930/636/311 931/634/311 929/635/311
f 930/636/310 932/623/310 934/625/310 931/634/310
f 925/638/308 923/621/308 932/623/308 930/636/308
f 923/621/299 936/619/299 933/622/299 932/623/299
f 932/623/307 933/622/307 935/624/307 934/625/307
f 934/625/284 935/624/284 841/626/284 839/627/284
f 931/634/284 934/625/284 839/627/284 837/630/284
f 933/622/306 854/571/306 852/569/306 935/624/306
f 935/624/284 852/569/284 843/566/284 841/626/284
f 936/619/298 857/573/298 854/571/298 933/622/298
f 922/618/284 860/575/284 857/573/284 936/619/284
f 929/635/284 931/634/284 837/630/284 835/632/284
f 937/706/284 929/635/284 835/632/284 831/709/284
f 920/614/304 863/578/304 860/579/304 922/615/304
f 918/610/279 866/582/279 863/583/279 920/612/279
f 938/608/298 869/585/298 866/582/298 918/610/298
f 907/606/284 872/587/284 869/585/284 938/608/284
f 905/604/302 875/589/302 872/587/302 907/606/302
f 903/602/298 878/591/298 875/589/298 905/604/298
f 887/598/344 881/593/344 878/591/344 903/602/344
f 766/512/279 768/516/279 941/520/279 880/521/279
f 880/521/281 941/520/281 786/523/281 877/524/281
f 768/516/279 770/518/279 785/519/279 941/520/279
f 877/524/277 786/523/277 788/526/277 874/527/277
f 874/527/283 788/526/283 790/529/283 871/530/283
f 871/530/284 790/529/284 942/532/284 868/533/284
f 868/533/277 942/532/277 804/535/277 865/536/277
f 865/536/279 804/535/279 806/538/279 862/539/279
f 862/544/286 806/540/286 808/543/286 859/545/286
f 859/550/284 808/546/284 943/549/284 856/551/284
f 856/551/277 943/549/277 822/553/277 850/554/277
f 944/511/309 945/514/309 1016/513/309 946/512/309
f 947/515/318 944/511/318 946/512/318 949/516/318
f 948/517/319 947/515/319 949/516/319 950/518/319
f 949/516/279 951/520/279 952/519/279 950/518/279
f 946/512/279 953/521/279 951/520/279 949/516/279
f 951/520/321 954/523/321 955/522/321 952/519/321
f 953/521/339 956/524/339 954/523/339 951/520/339
f 954/523/319 957/526/319 958/525/319 955/522/319
f 956/524/318 959/527/318 957/526/318 954/523/318
f 957/526/323 960/529/323 961/528/323 958/525/323
f 959/527/322 962/530/322 960/529/322 957/526/322
f 960/529/284 963/532/284 964/531/284 961/528/284
f 962/530/284 965/533/284 963/532/284 960/529/284
f 963/532/319 966/535/319 967/534/319 964/531/319
f 965/533/318 968/536/318 966/535/318 963/532/318
f 966/535/279 969/538/279 970/537/279 967/534/279
f 968/536/279 971/539/279 969/538/279 966/535/279
f 969/540/325 972/543/325 973/542/325 970/541/325
f 971/544/324 974/545/324 972/543/324 969/540/324
f 972/546/284 975/549/284 976/548/284 973/547/284
f 974/550/284 977/551/284 975/549/284 972/546/284
f 975/549/319 978/553/319 979/552/319 976/548/319
f 977/551/318 980/554/318 978/553/318 975/549/318
f 978/553/327 981/556/327 982/555/327 979/552/327
f 980/554/326 983/557/326 981/556/326 978/553/326
f 981/556/284 984/559/284 985/558/284 982/555/284
f 983/557/284 986/560/284 984/559/284 981/556/284
f 984/559/319 987/562/319 988/561/319 985/558/319
f 986/560/318 989/563/318 987/562/318 984/559/318
f 992/564/309 990/565/309 989/563/309 986/560/309
f 993/566/308 991/567/308 990/565/308 992/564/308
f 994/568/284 992/564/284 986/560/284 983/557/284
f 995/569/284 993/566/284 992/564/284 994/568/284
f 996/570/311 994/568/311 983/557/311 980/554/311
f 997/571/310 995/569/310 994/568/310 996/570/310
f 998/572/309 996/570/309 980/554/309 977/551/309
f 999/573/308 997/571/308 996/570/308 998/572/308
f 1000/574/284 998/572/284 977/551/284 974/550/284
f 1001/575/284 999/573/284 998/572/284 1000/574/284
f 1002/576/313 1000/577/313 974/545/313 971/544/313
f 1003/578/312 1001/579/312 1000/577/312 1002/576/312
f 1004/580/279 1002/581/279 971/539/279 968/536/279
f 1005/582/279 1003/583/279 1002/581/279 1004/580/279
f 1006/584/309 1004/580/309 968/536/309 965/533/309
f 1007/585/308 1005/582/308 1004/580/308 1006/584/308
f 1008/586/284 1006/584/284 965/533/284 962/530/284
f 1009/587/284 1007/585/284 1006/584/284 1008/586/284
f 1010/588/315 1008/586/315 962/530/315 959/527/315
f 1011/589/314 1009/587/314 1008/586/314 1010/588/314
f 1012/590/309 1010/588/309 959/527/309 956/524/309
f 1013/591/308 1011/589/308 1010/588/308 1012/590/308
f 1014/592/317 1012/590/317 956/524/317 953/521/317
f 1015/593/316 1013/591/316 1012/590/316 1014/592/316
f 1016/513/279 1014/592/279 953/521/279 946/512/279
f 1017/594/279 1015/593/279 1014/592/279 1016/513/279
f 945/514/308 1018/595/308 1017/594/308 1016/513/308
f 1018/595/299 1020/597/299 1019/596/299 1017/594/299
f 1019/596/279 1022/598/279 1015/593/279 1017/594/279
f 1020/597/298 1123/600/298 1021/599/298 1019/596/298
f 1021/599/279 1023/601/279 1022/598/279 1019/596/279
f 1022/598/301 1024/602/301 1013/591/301 1015/593/301
f 1023/601/300 1025/603/300 1024/602/300 1022/598/300
f 1024/602/299 1026/604/299 1011/589/299 1013/591/299
f 1025/603/298 1027/605/298 1026/604/298 1024/602/298
f 1026/604/303 1028/606/303 1009/587/303 1011/589/303
f 1027/605/302 1029/607/302 1028/606/302 1026/604/302
f 1028/606/284 1030/608/284 1007/585/284 1009/587/284
f 1029/607/284 1031/609/284 1030/608/284 1028/606/284
f 1030/608/299 1032/610/299 1005/582/299 1007/585/299
f 1031/609/298 1033/611/298 1032/610/298 1030/608/298
f 1032/610/279 1034/612/279 1003/583/279 1005/582/279
f 1033/611/279 1035/613/279 1034/612/279 1032/610/279
f 1034/614/305 1036/615/305 1001/579/305 1003/578/305
f 1035/616/304 1037/617/304 1036/615/304 1034/614/304
f 1036/618/284 1038/619/284 999/573/284 1001/575/284
f 1037/620/284 1039/621/284 1038/619/284 1036/618/284
f 1038/619/299 1040/622/299 997/571/299 999/573/299
f 1039/621/298 1041/623/298 1040/622/298 1038/619/298
f 1040/622/307 1042/624/307 995/569/307 997/571/307
f 1041/623/306 1043/625/306 1042/624/306 1040/622/306
f 1042/624/284 1044/626/284 993/566/284 995/569/284
f 1043/625/284 1045/627/284 1044/626/284 1042/624/284
f 1044/626/299 1046/628/299 991/567/299 993/566/299
f 1045/627/298 1047/629/298 1046/628/298 1044/626/298
f 1050/630/289 1048/631/289 1047/629/289 1045/627/289
f 1051/632/276 1049/633/276 1048/631/276 1050/630/276
f 1052/634/284 1050/630/284 1045/627/284 1043/625/284
f 1053/635/284 1051/632/284 1050/630/284 1052/634/284
f 1054/636/291 1052/634/291 1043/625/291 1041/623/291
f 1055/637/290 1053/635/290 1052/634/290 1054/636/290
f 1056/638/289 1054/636/289 1041/623/289 1039/621/289
f 1057/639/276 1055/637/276 1054/636/276 1056/638/276
f 1058/640/284 1056/638/284 1039/621/284 1037/620/284
f 1059/641/284 1057/639/284 1056/638/284 1058/640/284
f 1060/642/293 1058/643/293 1037/617/293 1035/616/293
f 1061/644/292 1059/645/292 1058/643/292 1060/642/292
f 1062/646/279 1060/647/279 1035/613/279 1033/611/279
f 1063/648/279 1061/649/279 1060/647/279 1062/646/279
f 1064/650/289 1062/646/289 1033/611/289 1031/609/289
f 1065/651/276 1063/648/276 1062/646/276 1064/650/276
f 1066/652/284 1064/650/284 1031/609/284 1029/607/284
f 1067/653/284 1065/651/284 1064/650/284 1066/652/284
f 1068/654/295 1066/652/295 1029/607/295 1027/605/295
f 1069/655/294 1067/653/294 1066/652/294 1068/654/294
f 1070/656/289 1068/654/289 1027/605/289 1025/603/289
f 1071/657/276 1069/655/276 1068/654/276 1070/656/276
f 1072/658/297 1070/656/297 1025/603/297 1023/601/297
f 1073/659/296 1071/657/296 1070/656/296 1072/658/296
f 1074/660/279 1072/658/279 1023/601/279 1021/599/279
f 1076/661/279 1073/659/279 1072/658/279 1074/660/279
f 1123/600/289 1075/662/289 1074/660/289 1021/599/289
f 1075/662/276 1077/663/276 1076/661/276 1074/660/276
f 1077/663/277 1079/665/277 1078/664/277 1076/661/277
f 1078/664/279 1081/666/279 1073/659/279 1076/661/279
f 1079/667/278 1122/670/278 1080/669/278 1078/668/278
f 1080/669/279 1082/672/279 1081/671/279 1078/668/279
f 1081/666/281 1083/673/281 1071/657/281 1073/659/281
f 1082/672/280 1084/675/280 1083/674/280 1081/671/280
f 1083/673/277 1085/676/277 1069/655/277 1071/657/277
f 1084/675/278 1086/678/278 1085/677/278 1083/674/278
f 1085/676/283 1087/679/283 1067/653/283 1069/655/283
f 1086/678/282 1088/681/282 1087/680/282 1085/677/282
f 1087/679/284 1089/682/284 1065/651/284 1067/653/284
f 1088/681/284 1090/684/284 1089/683/284 1087/680/284
f 1089/682/277 1091/685/277 1063/648/277 1065/651/277
f 1090/684/278 1092/687/278 1091/686/278 1089/683/278
f 1091/685/279 1093/688/279 1061/649/279 1063/648/279
f 1092/687/279 1094/690/279 1093/689/279 1091/686/279
f 1093/691/286 1095/692/286 1059/645/286 1061/644/286
f 1094/693/285 1096/696/285 1095/695/285 1093/694/285
f 1095/697/284 1097/698/284 1057/639/284 1059/641/284
f 1096/699/284 1098/702/284 1097/701/284 1095/700/284
f 1097/698/277 1099/703/277 1055/637/277 1057/639/277
f 1098/702/278 1100/705/278 1099/704/278 1097/701/278
f 1099/703/288 1101/706/288 1053/635/288 1055/637/288
f 1100/705/287 1102/708/287 1101/707/287 1099/704/287
f 1101/706/284 1103/709/284 1051/632/284 1053/635/284
f 1102/708/284 1104/711/284 1103/710/284 1101/707/284
f 1103/709/277 1105/712/277 1049/633/277 1051/632/277
f 1104/711/278 1106/714/278 1105/713/278 1103/710/278
f 1108/715/329 1107/716/329 1106/714/329 1104/711/329
f 985/558/328 988/561/328 1107/716/328 1108/715/328
f 1109/717/284 1108/715/284 1104/711/284 1102/708/284
f 982/555/284 985/558/284 1108/715/284 1109/717/284
f 1110/718/331 1109/717/331 1102/708/331 1100/705/331
f 979/552/330 982/555/330 1109/717/330 1110/718/330
f 1111/719/329 1110/718/329 1100/705/329 1098/702/329
f 976/548/328 979/552/328 1110/718/328 1111/719/328
f 1112/720/284 1111/719/284 1098/702/284 1096/699/284
f 973/547/284 976/548/284 1111/719/284 1112/720/284
f 1113/721/333 1112/722/333 1096/696/333 1094/693/333
f 970/541/332 973/542/332 1112/722/332 1113/721/332
f 1114/723/279 1113/724/279 1094/690/279 1092/687/279
f 967/534/279 970/537/279 1113/724/279 1114/723/279
f 1115/725/329 1114/723/329 1092/687/329 1090/684/329
f 964/531/328 967/534/328 1114/723/328 1115/725/328
f 1116/726/284 1115/725/284 1090/684/284 1088/681/284
f 961/528/284 964/531/284 1115/725/284 1116/726/284
f 1117/727/335 1116/726/335 1088/681/335 1086/678/335
f 958/525/334 961/528/334 1116/726/334 1117/727/334
f 1118/728/329 1117/727/329 1086/678/329 1084/675/329
f 955/522/328 958/525/328 1117/727/328 1118/728/328
f 1119/729/337 1118/728/337 1084/675/337 1082/672/337
f 952/519/336 955/522/336 1118/728/336 1119/729/336
f 1120/730/279 1119/729/279 1082/672/279 1080/669/279
f 950/518/279 952/519/279 1119/729/279 1120/730/279
f 1122/670/329 1121/731/329 1120/730/329 1080/669/329
f 1121/731/328 948/517/328 950/518/328 1120/730/328
f 1124/511/309 1125/514/309 1242/513/309 1126/512/309
f 1127/515/318 1124/511/318 1126/512/318 1128/516/318
f 1129/517/319 1127/515/319 1128/516/319 1130/518/319
f 1131/731/328 1129/517/328 1130/518/328 1133/730/328
f 1132/670/329 1131/731/329 1133/730/329 1135/669/329
f 1130/518/279 1145/519/279 1134/729/279 1133/730/279
f 1133/730/279 1134/729/279 1137/672/279 1135/669/279
f 1135/669/279 1137/672/279 1138/671/279 1136/668/279
f 1256/667/278 1132/670/278 1135/669/278 1136/668/278
f 1137/672/280 1139/675/280 1140/674/280 1138/671/280
f 1134/729/337 1142/728/337 1139/675/337 1137/672/337
f 1139/675/278 1141/678/278 1300/677/278 1140/674/278
f 1142/728/329 1143/727/329 1141/678/329 1139/675/329
f 1144/522/328 1147/525/328 1143/727/328 1142/728/328
f 1145/519/336 1144/522/336 1142/728/336 1134/729/336
f 1301/520/321 1146/523/321 1144/522/321 1145/519/321
f 1146/523/319 1148/526/319 1147/525/319 1144/522/319
f 1148/526/323 1150/529/323 1149/528/323 1147/525/323
f 1147/525/334 1149/528/334 1152/726/334 1143/727/334
f 1150/529/284 1302/532/284 1151/531/284 1149/528/284
f 1149/528/284 1151/531/284 1153/725/284 1152/726/284
f 1152/726/284 1153/725/284 1156/684/284 1154/681/284
f 1143/727/335 1152/726/335 1154/681/335 1141/678/335
f 1141/678/282 1154/681/282 1155/680/282 1300/677/282
f 1154/681/284 1156/684/284 1157/683/284 1155/680/284
f 1156/684/278 1158/687/278 1159/686/278 1157/683/278
f 1153/725/329 1161/723/329 1158/687/329 1156/684/329
f 1158/687/279 1160/690/279 1299/689/279 1159/686/279
f 1161/723/279 1162/724/279 1160/690/279 1158/687/279
f 1163/534/279 1165/537/279 1162/724/279 1161/723/279
f 1151/531/328 1163/534/328 1161/723/328 1153/725/328
f 1302/532/319 1164/535/319 1163/534/319 1151/531/319
f 1164/535/279 1166/538/279 1165/537/279 1163/534/279
f 1166/540/325 1168/543/325 1167/542/325 1165/541/325
f 1165/541/332 1167/542/332 1170/722/332 1162/721/332
f 1168/546/284 1303/549/284 1169/548/284 1167/547/284
f 1167/547/284 1169/548/284 1171/719/284 1170/720/284
f 1170/720/284 1171/719/284 1174/702/284 1172/699/284
f 1162/721/333 1170/722/333 1172/696/333 1160/693/333
f 1160/693/285 1172/696/285 1173/695/285 1299/694/285
f 1172/699/284 1174/702/284 1175/701/284 1173/700/284
f 1174/702/278 1176/705/278 1177/704/278 1175/701/278
f 1171/719/329 1179/718/329 1176/705/329 1174/702/329
f 1176/705/287 1178/708/287 1297/707/287 1177/704/287
f 1179/718/331 1180/717/331 1178/708/331 1176/705/331
f 1181/552/330 1183/555/330 1180/717/330 1179/718/330
f 1169/548/328 1181/552/328 1179/718/328 1171/719/328
f 1303/549/319 1182/553/319 1181/552/319 1169/548/319
f 1182/553/327 1184/556/327 1183/555/327 1181/552/327
f 1184/556/284 1186/559/284 1185/558/284 1183/555/284
f 1183/555/284 1185/558/284 1188/715/284 1180/717/284
f 1186/559/319 1208/562/319 1187/561/319 1185/558/319
f 1185/558/328 1187/561/328 1189/716/328 1188/715/328
f 1188/715/329 1189/716/329 1192/714/329 1190/711/329
f 1180/717/284 1188/715/284 1190/711/284 1178/708/284
f 1178/708/284 1190/711/284 1191/710/284 1297/707/284
f 1190/711/278 1192/714/278 1193/713/278 1191/710/278
f 1191/709/277 1193/712/277 1194/633/277 1195/632/277
f 1195/632/276 1194/633/276 1196/631/276 1197/630/276
f 1197/630/289 1196/631/289 1198/629/289 1199/627/289
f 1199/627/298 1198/629/298 1200/628/298 1201/626/298
f 1201/626/299 1200/628/299 1202/567/299 1203/566/299
f 1203/566/308 1202/567/308 1204/565/308 1205/564/308
f 1205/564/309 1204/565/309 1206/563/309 1207/560/309
f 1207/560/318 1206/563/318 1208/562/318 1186/559/318
f 1211/568/284 1205/564/284 1207/560/284 1209/557/284
f 1209/557/284 1207/560/284 1186/559/284 1184/556/284
f 1213/570/311 1211/568/311 1209/557/311 1210/554/311
f 1210/554/326 1209/557/326 1184/556/326 1182/553/326
f 1212/569/284 1203/566/284 1205/564/284 1211/568/284
f 1214/571/310 1212/569/310 1211/568/310 1213/570/310
f 1215/572/309 1213/570/309 1210/554/309 1216/551/309
f 1217/573/308 1214/571/308 1213/570/308 1215/572/308
f 1218/574/284 1215/572/284 1216/551/284 1219/550/284
f 1220/575/284 1217/573/284 1215/572/284 1218/574/284
f 1221/576/313 1218/577/313 1219/545/313 1222/544/313
f 1223/578/312 1220/579/312 1218/577/312 1221/576/312
f 1224/580/279 1221/581/279 1222/539/279 1225/536/279
f 1226/582/279 1223/583/279 1221/581/279 1224/580/279
f 1227/584/309 1224/580/309 1225/536/309 1228/533/309
f 1229/585/308 1226/582/308 1224/580/308 1227/584/308
f 1230/586/284 1227/584/284 1228/533/284 1231/530/284
f 1232/587/284 1229/585/284 1227/584/284 1230/586/284
f 1233/588/315 1230/586/315 1231/530/315 1234/527/315
f 1235/589/314 1232/587/314 1230/586/314 1233/588/314
f 1236/590/309 1233/588/309 1234/527/309 1237/524/309
f 1238/591/308 1235/589/308 1233/588/308 1236/590/308
f 1239/592/345 1236/590/345 1237/524/345 1240/521/345
f 1241/593/316 1238/591/316 1236/590/316 1239/592/316
f 1242/513/279 1239/592/279 1240/521/279 1126/512/279
f 1243/594/279 1241/593/279 1239/592/279 1242/513/279
f 1125/514/308 1244/595/308 1243/594/308 1242/513/308
f 1245/596/279 1247/598/279 1241/593/279 1243/594/279
f 1244/595/299 1246/597/299 1245/596/299 1243/594/299
f 1246/597/298 1249/600/298 1248/599/298 1245/596/298
f 1248/599/279 1250/601/279 1247/598/279 1245/596/279
f 1249/600/289 1254/662/289 1251/660/289 1248/599/289
f 1251/660/279 1252/658/279 1250/601/279 1248/599/279
f 1253/661/279 1257/659/279 1252/658/279 1251/660/279
f 1254/662/276 1255/663/276 1253/661/276 1251/660/276
f 1255/663/277 1256/665/277 1136/664/277 1253/661/277
f 1136/664/279 1138/666/279 1257/659/279 1253/661/279
f 1138/666/281 1140/673/281 1258/657/281 1257/659/281
f 1257/659/296 1258/657/296 1260/656/296 1252/658/296
f 1140/673/277 1300/676/277 1259/655/277 1258/657/277
f 1258/657/276 1259/655/276 1261/654/276 1260/656/276
f 1260/656/289 1261/654/289 1264/605/289 1262/603/289
f 1252/658/297 1260/656/297 1262/603/297 1250/601/297
f 1250/601/300 1262/603/300 1263/602/300 1247/598/300
f 1262/603/298 1264/605/298 1265/604/298 1263/602/298
f 1264/605/302 1266/607/302 1267/606/302 1265/604/302
f 1261/654/295 1269/652/295 1266/607/295 1264/605/295
f 1266/607/284 1268/609/284 1298/608/284 1267/606/284
f 1269/652/284 1270/650/284 1268/609/284 1266/607/284
f 1271/653/284 1272/651/284 1270/650/284 1269/652/284
f 1259/655/294 1271/653/294 1269/652/294 1261/654/294
f 1155/679/284 1157/682/284 1272/651/284 1271/653/284
f 1300/676/283 1155/679/283 1271/653/283 1259/655/283
f 1157/682/277 1159/685/277 1273/648/277 1272/651/277
f 1272/651/276 1273/648/276 1275/646/276 1270/650/276
f 1159/685/279 1299/688/279 1274/649/279 1273/648/279
f 1273/648/279 1274/649/279 1276/647/279 1275/646/279
f 1275/646/279 1276/647/279 1279/613/279 1277/611/279
f 1270/650/289 1275/646/289 1277/611/289 1268/609/289
f 1268/609/298 1277/611/298 1278/610/298 1298/608/298
f 1277/611/279 1279/613/279 1280/612/279 1278/610/279
f 1279/616/304 1281/617/304 1282/615/304 1280/614/304
f 1276/642/293 1284/643/293 1281/617/293 1279/616/293
f 1281/620/284 1283/621/284 1296/619/284 1282/618/284
f 1284/640/284 1285/638/284 1283/621/284 1281/620/284
f 1286/641/284 1287/639/284 1285/638/284 1284/640/284
f 1274/644/292 1286/645/292 1284/643/292 1276/642/292
f 1173/697/284 1175/698/284 1287/639/284 1286/641/284
f 1299/691/286 1173/692/286 1286/645/286 1274/644/286
f 1175/698/277 1177/703/277 1288/637/277 1287/639/277
f 1287/639/276 1288/637/276 1290/636/276 1285/638/276
f 1177/703/288 1297/706/288 1289/635/288 1288/637/288
f 1288/637/290 1289/635/290 1291/634/290 1290/636/290
f 1290/636/291 1291/634/291 1294/625/291 1292/623/291
f 1285/638/289 1290/636/289 1292/623/289 1283/621/289
f 1283/621/298 1292/623/298 1293/622/298 1296/619/298
f 1292/623/306 1294/625/306 1295/624/306 1293/622/306
f 1294/625/284 1199/627/284 1201/626/284 1295/624/284
f 1291/634/284 1197/630/284 1199/627/284 1294/625/284
f 1293/622/307 1295/624/307 1212/569/307 1214/571/307
f 1295/624/284 1201/626/284 1203/566/284 1212/569/284
f 1296/619/299 1293/622/299 1214/571/299 1217/573/299
f 1282/618/284 1296/619/284 1217/573/284 1220/575/284
f 1289/635/284 1195/632/284 1197/630/284 1291/634/284
f 1297/706/284 1191/709/284 1195/632/284 1289/635/284
f 1280/614/305 1282/615/305 1220/579/305 1223/578/305
f 1278/610/279 1280/612/279 1223/583/279 1226/582/279
f 1298/608/299 1278/610/299 1226/582/299 1229/585/299
f 1267/606/284 1298/608/284 1229/585/284 1232/587/284
f 1265/604/303 1267/606/303 1232/587/303 1235/589/303
f 1263/602/299 1265/604/299 1235/589/299 1238/591/299
f 1247/598/301 1263/602/301 1238/591/301 1241/593/301
f 1126/512/279 1240/521/279 1301/520/279 1128/516/279
f 1240/521/320 1237/524/320 1146/523/320 1301/520/320
f 1128/516/279 1301/520/279 1145/519/279 1130/518/279
f 1237/524/318 1234/527/318 1148/526/318 1146/523/318
f 1234/527/322 1231/530/322 1150/529/322 1148/526/322
f 1231/530/284 1228/533/284 1302/532/284 1150/529/284
f 1228/533/318 1225/536/318 1164/535/318 1302/532/318
f 1225/536/279 1222/539/279 1166/538/279 1164/535/279
f 1222/544/324 1219/545/324 1168/543/324 1166/540/324
f 1219/550/284 1216/551/284 1303/549/284 1168/546/284
f 1216/551/318 1210/554/318 1182/553/318 1303/549/318
f 1304/511/309 1305/514/309 1422/513/309 1306/512/309
f 1307/515/318 1304/511/318 1306/512/318 1308/516/318
f 1309/517/319 1307/515/319 1308/516/319 1310/518/319
f 1311/731/328 1309/517/328 1310/518/328 1313/730/328
f 1312/670/329 1311/731/329 1313/730/329 1315/669/329
f 1310/518/279 1325/519/279 1314/729/279 1313/730/279
f 1313/730/279 1314/729/279 1317/672/279 1315/669/279
f 1315/669/279 1317/672/279 1318/671/279 1316/668/279
f 1436/667/278 1312/670/278 1315/669/278 1316/668/278
f 1317/672/280 1319/675/280 1320/674/280 1318/671/280
f 1314/729/342 1322/728/342 1319/675/342 1317/672/342
f 1319/675/278 1321/678/278 1480/677/278 1320/674/278
f 1322/728/329 1323/727/329 1321/678/329 1319/675/329
f 1324/522/328 1327/525/328 1323/727/328 1322/728/328
f 1325/519/341 1324/522/341 1322/728/341 1314/729/341
f 1481/520/321 1326/523/321 1324/522/321 1325/519/321
f 1326/523/319 1328/526/319 1327/525/319 1324/522/319
f 1328/526/323 1330/529/323 1329/528/323 1327/525/323
f 1327/525/334 1329/528/334 1332/726/334 1323/727/334
f 1330/529/284 1482/532/284 1331/531/284 1329/528/284
f 1329/528/284 1331/531/284 1333/725/284 1332/726/284
f 1332/726/284 1333/725/284 1336/684/284 1334/681/284
f 1323/727/335 1332/726/335 1334/681/335 1321/678/335
f 1321/678/282 1334/681/282 1335/680/282 1480/677/282
f 1334/681/284 1336/684/284 1337/683/284 1335/680/284
f 1336/684/278 1338/687/278 1339/686/278 1337/683/278
f 1333/725/329 1341/723/329 1338/687/329 1336/684/329
f 1338/687/279 1340/690/279 1479/689/279 1339/686/279
f 1341/723/279 1342/724/279 1340/690/279 1338/687/279
f 1343/534/279 1345/537/279 1342/724/279 1341/723/279
f 1331/531/328 1343/534/328 1341/723/328 1333/725/328
f 1482/532/319 1344/535/319 1343/534/319 1331/531/319
f 1344/535/279 1346/538/279 1345/537/279 1343/534/279
f 1346/540/325 1348/543/325 1347/542/325 1345/541/325
f 1345/541/332 1347/542/332 1350/722/332 1342/721/332
f 1348/546/284 1483/549/284 1349/548/284 1347/547/284
f 1347/547/284 1349/548/284 1351/719/284 1350/720/284
f 1350/720/284 1351/719/284 1354/702/284 1352/699/284
f 1342/721/333 1350/722/333 1352/696/333 1340/693/333
f 1340/693/285 1352/696/285 1353/695/285 1479/694/285
f 1352/699/284 1354/702/284 1355/701/284 1353/700/284
f 1354/702/278 1356/705/278 1357/704/278 1355/701/278
f 1351/719/329 1359/718/329 1356/705/329 1354/702/329
f 1356/705/287 1358/708/287 1477/707/287 1357/704/287
f 1359/718/331 1360/717/331 1358/708/331 1356/705/331
f 1361/552/330 1363/555/330 1360/717/330 1359/718/330
f 1349/548/328 1361/552/328 1359/718/328 1351/719/328
f 1483/549/319 1362/553/319 1361/552/319 1349/548/319
f 1362/553/327 1364/556/327 1363/555/327 1361/552/327
f 1364/556/284 1366/559/284 1365/558/284 1363/555/284
f 1363/555/284 1365/558/284 1368/715/284 1360/717/284
f 1366/559/319 1388/562/319 1367/561/319 1365/558/319
f 1365/558/328 1367/561/328 1369/716/328 1368/715/328
f 1368/715/329 1369/716/329 1372/714/329 1370/711/329
f 1360/717/284 1368/715/284 1370/711/284 1358/708/284
f 1358/708/284 1370/711/284 1371/710/284 1477/707/284
f 1370/711/278 1372/714/278 1373/713/278 1371/710/278
f 1371/709/277 1373/712/277 1374/633/277 1375/632/277
f 1375/632/276 1374/633/276 1376/631/276 1377/630/276
f 1377/630/289 1376/631/289 1378/629/289 1379/627/289
f 1379/627/298 1378/629/298 1380/628/298 1381/626/298
f 1381/626/299 1380/628/299 1382/567/299 1383/566/299
f 1383/566/308 1382/567/308 1384/565/308 1385/564/308
f 1385/564/309 1384/565/309 1386/563/309 1387/560/309
f 1387/560/318 1386/563/318 1388/562/318 1366/559/318
f 1391/568/284 1385/564/284 1387/560/284 1389/557/284
f 1389/557/284 1387/560/284 1366/559/284 1364/556/284
f 1393/570/311 1391/568/311 1389/557/311 1390/554/311
f 1390/554/326 1389/557/326 1364/556/326 1362/553/326
f 1392/569/284 1383/566/284 1385/564/284 1391/568/284
f 1394/571/310 1392/569/310 1391/568/310 1393/570/310
f 1395/572/309 1393/570/309 1390/554/309 1396/551/309
f 1397/573/308 1394/571/308 1393/570/308 1395/572/308
f 1398/574/284 1395/572/284 1396/551/284 1399/550/284
f 1400/575/284 1397/573/284 1395/572/284 1398/574/284
f 1401/576/313 1398/577/313 1399/545/313 1402/544/313
f 1403/578/312 1400/579/312 1398/577/312 1401/576/312
f 1404/580/279 1401/581/279 1402/539/279 1405/536/279
f 1406/582/279 1403/583/279 1401/581/279 1404/580/279
f 1407/584/309 1404/580/309 1405/536/309 1408/533/309
f 1409/585/308 1406/582/308 1404/580/308 1407/584/308
f 1410/586/284 1407/584/284 1408/533/284 1411/530/284
f 1412/587/284 1409/585/284 1407/584/284 1410/586/284
f 1413/588/315 1410/586/315 1411/530/315 1414/527/315
f 1415/589/314 1412/587/314 1410/586/314 1413/588/314
f 1416/590/309 1413/588/309 1414/527/309 1417/524/309
f 1418/591/308 1415/589/308 1413/588/308 1416/590/308
f 1419/592/317 1416/590/317 1417/524/317 1420/521/317
f 1421/593/316 1418/591/316 1416/590/316 1419/592/316
f 1422/513/279 1419/592/279 1420/521/279 1306/512/279
f 1423/594/279 1421/593/279 1419/592/279 1422/513/279
f 1305/514/308 1424/595/308 1423/594/308 1422/513/308
f 1425/596/279 1427/598/279 1421/593/279 1423/594/279
f 1424/595/299 1426/597/299 1425/596/299 1423/594/299
f 1426/597/298 1429/600/298 1428/599/298 1425/596/298
f 1428/599/279 1430/601/279 1427/598/279 1425/596/279
f 1429/600/289 1434/662/289 1431/660/289 1428/599/289
f 1431/660/279 1432/658/279 1430/601/279 1428/599/279
f 1433/661/279 1437/659/279 1432/658/279 1431/660/279
f 1434/662/276 1435/663/276 1433/661/276 1431/660/276
f 1435/663/277 1436/665/277 1316/664/277 1433/661/277
f 1316/664/279 1318/666/279 1437/659/279 1433/661/279
f 1318/666/281 1320/673/281 1438/657/281 1437/659/281
f 1437/659/296 1438/657/296 1440/656/296 1432/658/296
f 1320/673/277 1480/676/277 1439/655/277 1438/657/277
f 1438/657/276 1439/655/276 1441/654/276 1440/656/276
f 1440/656/289 1441/654/289 1444/605/289 1442/603/289
f 1432/658/297 1440/656/297 1442/603/297 1430/601/297
f 1430/601/344 1442/603/344 1443/602/344 1427/598/344
f 1442/603/298 1444/605/298 1445/604/298 1443/602/298
f 1444/605/302 1446/607/302 1447/606/302 1445/604/302
f 1441/654/295 1449/652/295 1446/607/295 1444/605/295
f 1446/607/284 1448/609/284 1478/608/284 1447/606/284
f 1449/652/284 1450/650/284 1448/609/284 1446/607/284
f 1451/653/284 1452/651/284 1450/650/284 1449/652/284
f 1439/655/294 1451/653/294 1449/652/294 1441/654/294
f 1335/679/284 1337/682/284 1452/651/284 1451/653/284
f 1480/676/283 1335/679/283 1451/653/283 1439/655/283
f 1337/682/277 1339/685/277 1453/648/277 1452/651/277
f 1452/651/276 1453/648/276 1455/646/276 1450/650/276
f 1339/685/279 1479/688/279 1454/649/279 1453/648/279
f 1453/648/279 1454/649/279 1456/647/279 1455/646/279
f 1455/646/279 1456/647/279 1459/613/279 1457/611/279
f 1450/650/289 1455/646/289 1457/611/289 1448/609/289
f 1448/609/298 1457/611/298 1458/610/298 1478/608/298
f 1457/611/279 1459/613/279 1460/612/279 1458/610/279
f 1459/616/304 1461/617/304 1462/615/304 1460/614/304
f 1456/642/293 1464/643/293 1461/617/293 1459/616/293
f 1461/620/284 1463/621/284 1476/619/284 1462/618/284
f 1464/640/284 1465/638/284 1463/621/284 1461/620/284
f 1466/641/284 1467/639/284 1465/638/284 1464/640/284
f 1454/644/292 1466/645/292 1464/643/292 1456/642/292
f 1353/697/284 1355/698/284 1467/639/284 1466/641/284
f 1479/691/286 1353/692/286 1466/645/286 1454/644/286
f 1355/698/277 1357/703/277 1468/637/277 1467/639/277
f 1467/639/276 1468/637/276 1470/636/276 1465/638/276
f 1357/703/288 1477/706/288 1469/635/288 1468/637/288
f 1468/637/290 1469/635/290 1471/634/290 1470/636/290
f 1470/636/291 1471/634/291 1474/625/291 1472/623/291
f 1465/638/289 1470/636/289 1472/623/289 1463/621/289
f 1463/621/298 1472/623/298 1473/622/298 1476/619/298
f 1472/623/306 1474/625/306 1475/624/306 1473/622/306
f 1474/625/284 1379/627/284 1381/626/284 1475/624/284
f 1471/634/284 1377/630/284 1379/627/284 1474/625/284
f 1473/622/307 1475/624/307 1392/569/307 1394/571/307
f 1475/624/284 1381/626/284 1383/566/284 1392/569/284
f 1476/619/299 1473/622/299 1394/571/299 1397/573/299
f 1462/618/284 1476/619/284 1397/573/284 1400/575/284
f 1469/635/284 1375/632/284 1377/630/284 1471/634/284
f 1477/706/284 1371/709/284 1375/632/284 1469/635/284
f 1460/614/305 1462/615/305 1400/579/305 1403/578/305
f 1458/610/279 1460/612/279 1403/583/279 1406/582/279
f 1478/608/299 1458/610/299 1406/582/299 1409/585/299
f 1447/606/284 1478/608/284 1409/585/284 1412/587/284
f 1445/604/303 1447/606/303 1412/587/303 1415/589/303
f 1443/602/299 1445/604/299 1415/589/299 1418/591/299
f 1427/598/343 1443/602/343 1418/591/343 1421/593/343
f 1306/512/279 1420/521/279 1481/520/279 1308/516/279
f 1420/521/339 1417/524/339 1326/523/339 1481/520/339
f 1308/516/279 1481/520/279 1325/519/279 1310/518/279
f 1417/524/318 1414/527/318 1328/526/318 1326/523/318
f 1414/527/322 1411/530/322 1330/529/322 1328/526/322
f 1411/530/284 1408/533/284 1482/532/284 1330/529/284
f 1408/533/318 1405/536/318 1344/535/318 1482/532/318
f 1405/536/279 1402/539/279 1346/538/279 1344/535/279
f 1402/544/324 1399/545/324 1348/543/324 1346/540/324
f 1399/550/284 1396/551/284 1483/549/284 1348/546/284
f 1396/551/318 1390/554/318 1362/553/318 1483/549/318
