# Blender 5.0.1
# www.blender.org
mtllib hotdog stand.mtl
o ketchup_bottle
v -0.175271 1.661890 -0.876339
v -0.175271 2.031034 -0.876339
v -0.144286 1.661890 -0.868037
v -0.144286 2.031034 -0.868037
v -0.121603 1.661890 -0.845354
v -0.121603 2.031034 -0.845354
v -0.113300 1.661890 -0.814368
v -0.113300 2.031034 -0.814368
v -0.121603 1.661890 -0.783383
v -0.121603 2.031034 -0.783383
v -0.144286 1.661890 -0.760700
v -0.144286 2.031034 -0.760700
v -0.175271 1.661890 -0.752397
v -0.175271 2.031034 -0.752397
v -0.206257 1.661890 -0.760700
v -0.206257 2.031034 -0.760700
v -0.228940 1.661890 -0.783383
v -0.228940 2.031034 -0.783383
v -0.237242 1.661890 -0.814368
v -0.237242 2.031034 -0.814368
v -0.228940 1.661890 -0.845354
v -0.228940 2.031034 -0.845354
v -0.206257 1.661890 -0.868037
v -0.206257 2.031034 -0.868037
v -0.175271 1.657445 -0.871233
v -0.146838 1.657445 -0.863615
v -0.126024 1.657445 -0.842801
v -0.118406 1.657445 -0.814368
v -0.126024 1.657445 -0.785935
v -0.146838 1.657445 -0.765121
v -0.175271 1.657445 -0.757503
v -0.203704 1.657445 -0.765121
v -0.224518 1.657445 -0.785935
v -0.232136 1.657445 -0.814368
v -0.224518 1.657445 -0.842801
v -0.203704 1.657445 -0.863615
v -0.175271 1.657445 -0.814368
v -0.223587 2.034946 -0.842263
v -0.231062 2.034946 -0.814368
v -0.223587 2.034946 -0.786473
v -0.203166 2.034946 -0.766052
v -0.175271 2.034946 -0.758577
v -0.147376 2.034946 -0.766052
v -0.126955 2.034946 -0.786473
v -0.119480 2.034946 -0.814368
v -0.126955 2.034946 -0.842263
v -0.147376 2.034946 -0.862684
v -0.175271 2.034946 -0.870159
v -0.203166 2.034946 -0.862684
v -0.208369 2.040921 -0.833477
v -0.213489 2.040921 -0.814368
v -0.208369 2.040921 -0.795259
v -0.194380 2.040921 -0.781270
v -0.175271 2.040921 -0.776150
v -0.156162 2.040921 -0.781270
v -0.142173 2.040921 -0.795259
v -0.137053 2.040921 -0.814368
v -0.142173 2.040921 -0.833477
v -0.156162 2.040921 -0.847466
v -0.175271 2.040921 -0.852587
v -0.194380 2.040921 -0.847466
v -0.208369 2.057860 -0.833477
v -0.213489 2.057860 -0.814368
v -0.208369 2.057860 -0.795259
v -0.194380 2.057860 -0.781270
v -0.175271 2.057860 -0.776150
v -0.156162 2.057860 -0.781270
v -0.142173 2.057860 -0.795259
v -0.137053 2.057860 -0.814368
v -0.142173 2.057860 -0.833477
v -0.156162 2.057860 -0.847466
v -0.175271 2.057860 -0.852587
v -0.194380 2.057860 -0.847466
v -0.190605 2.057860 -0.823221
v -0.192977 2.057860 -0.814368
v -0.190605 2.057860 -0.805515
v -0.184124 2.057860 -0.799034
v -0.175271 2.057860 -0.796662
v -0.166418 2.057860 -0.799034
v -0.159938 2.057860 -0.805515
v -0.157565 2.057860 -0.814368
v -0.159938 2.057860 -0.823221
v -0.166418 2.057860 -0.829702
v -0.175271 2.057860 -0.832074
v -0.184124 2.057860 -0.829702
v -0.178531 2.121646 -0.816250
v -0.179036 2.121646 -0.814368
v -0.178531 2.121646 -0.812486
v -0.177153 2.121646 -0.811108
v -0.175271 2.121646 -0.810604
v -0.173389 2.121646 -0.811108
v -0.172011 2.121646 -0.812486
v -0.171506 2.121646 -0.814368
v -0.172011 2.121646 -0.816250
v -0.173389 2.121646 -0.817628
v -0.175271 2.121646 -0.818133
v -0.177153 2.121646 -0.817628
v -0.175271 2.121646 -0.814368
vn 0.2588 -0.0000 -0.9659
vn 0.7071 -0.0000 -0.7071
vn 0.9659 -0.0000 -0.2588
vn 0.9659 -0.0000 0.2588
vn 0.7071 -0.0000 0.7071
vn 0.2588 -0.0000 0.9659
vn -0.2588 -0.0000 0.9659
vn -0.7071 -0.0000 0.7071
vn -0.9659 -0.0000 0.2588
vn -0.9659 -0.0000 -0.2588
vn -0.6467 -0.7428 -0.1733
vn -0.7071 -0.0000 -0.7071
vn -0.2588 -0.0000 -0.9659
vn -0.6467 -0.7428 0.1733
vn -0.4734 -0.7428 0.4734
vn -0.1733 -0.7428 0.6467
vn 0.1733 -0.7428 0.6467
vn 0.4734 -0.7428 0.4734
vn 0.6467 -0.7428 0.1733
vn -0.1733 -0.7428 -0.6467
vn 0.1733 -0.7428 -0.6467
vn 0.6467 -0.7428 -0.1733
vn -0.4734 -0.7428 -0.4734
vn 0.4734 -0.7428 -0.4734
vn -0.0000 -1.0000 -0.0000
vn 0.5294 0.8364 0.1419
vn -0.1419 0.8364 -0.5294
vn 0.1419 0.8364 -0.5294
vn 0.5294 0.8364 -0.1419
vn -0.3876 0.8364 -0.3876
vn 0.3876 0.8364 -0.3876
vn -0.5294 0.8364 -0.1419
vn -0.5294 0.8364 0.1419
vn -0.3876 0.8364 0.3876
vn -0.1419 0.8364 0.5294
vn 0.1419 0.8364 0.5294
vn 0.3876 0.8364 0.3876
vn -0.0859 0.9433 0.3207
vn 0.0859 0.9433 -0.3207
vn -0.3207 0.9433 -0.0859
vn 0.3207 0.9433 0.0859
vn 0.0859 0.9433 0.3207
vn -0.3207 0.9433 0.0859
vn 0.3207 0.9433 -0.0859
vn -0.0859 0.9433 -0.3207
vn 0.2348 0.9433 0.2348
vn -0.2348 0.9433 0.2348
vn 0.2348 0.9433 -0.2348
vn -0.2348 0.9433 -0.2348
vn -0.0000 1.0000 -0.0000
vn -0.9451 0.2066 -0.2532
vn 0.9451 0.2066 -0.2532
vn 0.2532 0.2066 0.9451
vn -0.9451 0.2066 0.2532
vn 0.6919 0.2066 -0.6919
vn -0.2532 0.2066 -0.9451
vn 0.6919 0.2066 0.6918
vn -0.6919 0.2066 0.6919
vn 0.2532 0.2066 -0.9451
vn -0.6919 0.2066 -0.6919
vn 0.9451 0.2066 0.2532
vn -0.2532 0.2066 0.9451
vt 0.099764 0.523192
vt 0.104686 0.626014
vt 0.094105 0.626169
vt 0.091667 0.524898
vt 0.083666 0.626012
vt 0.083895 0.525517
vt 0.073470 0.625751
vt 0.076249 0.525123
vt 0.063518 0.625570
vt 0.068343 0.523767
vt 0.053464 0.625399
vt 0.059775 0.521022
vt 0.043233 0.625950
vt 0.050191 0.516294
vt 0.032540 0.627426
vt 0.039412 0.508222
vt 0.020551 0.631701
vt 0.026947 0.493707
vt 0.138442 0.493257
vt 0.149529 0.631379
vt 0.137177 0.627763
vt 0.127551 0.506947
vt 0.126134 0.626498
vt 0.117396 0.515124
vt 0.115924 0.512990
vt 0.125267 0.504786
vt 0.115363 0.626177
vt 0.108185 0.520049
vt 0.134730 0.491364
vt 0.030965 0.491522
vt 0.041728 0.505873
vt 0.051626 0.514054
vt 0.060632 0.519059
vt 0.068820 0.521966
vt 0.076447 0.523460
vt 0.099210 0.521329
vt 0.107287 0.518196
vt 0.091396 0.523151
vt 0.083862 0.523817
vt 0.083396 0.486605
vt 0.073410 0.628207
vt 0.063480 0.627897
vt 0.115298 0.628786
vt 0.104688 0.628710
vt 0.094112 0.628755
vt 0.083612 0.628538
vt 0.125944 0.629110
vt 0.136595 0.630381
vt 0.147881 0.634259
vt 0.033256 0.630056
vt 0.022320 0.634473
vt 0.043474 0.628350
vt 0.053510 0.627949
vt 0.044556 0.635894
vt 0.035545 0.637184
vt 0.104740 0.636741
vt 0.094191 0.637898
vt 0.134566 0.637976
vt 0.125187 0.637162
vt 0.073489 0.636374
vt 0.063682 0.635868
vt 0.054007 0.635685
vt 0.143009 0.641198
vt 0.083617 0.637042
vt 0.115038 0.637599
vt 0.027621 0.641198
vt 0.308913 0.601927
vt 0.310762 0.624796
vt 0.291770 0.624615
vt 0.291023 0.605161
vt 0.252825 0.511037
vt 0.269556 0.525586
vt 0.257414 0.538462
vt 0.242795 0.526070
vt 0.188461 0.488816
vt 0.211110 0.491605
vt 0.207268 0.509417
vt 0.187876 0.506716
vt 0.308410 0.648961
vt 0.288529 0.644801
vt 0.283433 0.542066
vt 0.269484 0.552742
vt 0.233177 0.499308
vt 0.225966 0.516192
vt 0.300970 0.674402
vt 0.279230 0.667161
vt 0.294809 0.560337
vt 0.279410 0.568771
vt 0.303371 0.580382
vt 0.286535 0.586392
vt 0.166341 0.489186
vt 0.166658 0.508126
vt 0.247234 0.568115
vt 0.237079 0.557274
vt 0.213247 0.540760
vt 0.200120 0.535905
vt 0.258204 0.648741
vt 0.262861 0.637054
vt 0.253685 0.581579
vt 0.262897 0.609254
vt 0.260553 0.594736
vt 0.225632 0.548002
vt 0.187221 0.532092
vt 0.175016 0.531826
vt 0.265192 0.623488
vt 0.179262 0.627261
vt 0.180539 0.624764
vt 0.179432 0.616666
vt 0.178129 0.615203
vt 0.174445 0.613331
vt 0.172158 0.613099
vt 0.176856 0.629731
vt 0.180406 0.618362
vt 0.181022 0.622421
vt 0.180975 0.620301
vt 0.176462 0.614107
vt 0.169434 0.613495
vt 0.166341 0.614953
vt 0.173707 0.620799
s 0
usemtl Material.001
f 1/1/1 2/2/1 4/3/1 3/4/1
f 3/4/2 4/3/2 6/5/2 5/6/2
f 5/6/3 6/5/3 8/7/3 7/8/3
f 7/8/4 8/7/4 10/9/4 9/10/4
f 9/10/5 10/9/5 12/11/5 11/12/5
f 11/12/6 12/11/6 14/13/6 13/14/6
f 13/14/7 14/13/7 16/15/7 15/16/7
f 15/16/8 16/15/8 18/17/8 17/18/8
f 17/19/9 18/20/9 20/21/9 19/22/9
f 19/22/10 20/21/10 22/23/10 21/24/10
f 19/22/11 21/24/11 35/25/11 34/26/11
f 21/24/12 22/23/12 24/27/12 23/28/12
f 23/28/13 24/27/13 2/2/13 1/1/13
f 17/19/14 19/22/14 34/26/14 33/29/14
f 15/16/15 17/18/15 33/30/15 32/31/15
f 13/14/16 15/16/16 32/31/16 31/32/16
f 11/12/17 13/14/17 31/32/17 30/33/17
f 9/10/18 11/12/18 30/33/18 29/34/18
f 7/8/19 9/10/19 29/34/19 28/35/19
f 23/28/20 1/1/20 25/36/20 36/37/20
f 1/1/21 3/4/21 26/38/21 25/36/21
f 5/6/22 7/8/22 28/35/22 27/39/22
f 21/24/23 23/28/23 36/37/23 35/25/23
f 3/4/24 5/6/24 27/39/24 26/38/24
f 34/26/25 35/25/25 37/40/25
f 31/32/25 32/31/25 37/40/25
f 28/35/25 29/34/25 37/40/25
f 35/25/25 36/37/25 37/40/25
f 25/36/25 26/38/25 37/40/25
f 32/31/25 33/30/25 37/40/25
f 29/34/25 30/33/25 37/40/25
f 36/37/25 25/36/25 37/40/25
f 26/38/25 27/39/25 37/40/25
f 33/29/25 34/26/25 37/40/25
f 30/33/25 31/32/25 37/40/25
f 27/39/25 28/35/25 37/40/25
f 10/9/26 8/7/26 45/41/26 44/42/26
f 2/2/27 24/27/27 49/43/27 48/44/27
f 4/3/28 2/2/28 48/44/28 47/45/28
f 8/7/29 6/5/29 46/46/29 45/41/29
f 24/27/30 22/23/30 38/47/30 49/43/30
f 6/5/31 4/3/31 47/45/31 46/46/31
f 22/23/32 20/21/32 39/48/32 38/47/32
f 20/21/33 18/20/33 40/49/33 39/48/33
f 18/17/34 16/15/34 41/50/34 40/51/34
f 16/15/35 14/13/35 42/52/35 41/50/35
f 14/13/36 12/11/36 43/53/36 42/52/36
f 12/11/37 10/9/37 44/42/37 43/53/37
f 41/50/38 42/52/38 54/54/38 53/55/38
f 47/45/39 48/44/39 60/56/39 59/57/39
f 38/47/40 39/48/40 51/58/40 50/59/40
f 44/42/41 45/41/41 57/60/41 56/61/41
f 42/52/42 43/53/42 55/62/42 54/54/42
f 39/48/43 40/49/43 52/63/43 51/58/43
f 45/41/44 46/46/44 58/64/44 57/60/44
f 48/44/45 49/43/45 61/65/45 60/56/45
f 43/53/46 44/42/46 56/61/46 55/62/46
f 40/51/47 41/50/47 53/55/47 52/66/47
f 46/46/48 47/45/48 59/57/48 58/64/48
f 49/43/49 38/47/49 50/59/49 61/65/49
f 61/67/12 50/68/12 62/69/12 73/70/12
f 56/71/4 57/72/4 69/73/4 68/74/4
f 53/75/7 54/76/7 66/77/7 65/78/7
f 50/68/10 51/79/10 63/80/10 62/69/10
f 57/72/3 58/81/3 70/82/3 69/73/3
f 54/76/6 55/83/6 67/84/6 66/77/6
f 51/79/9 52/85/9 64/86/9 63/80/9
f 58/81/2 59/87/2 71/88/2 70/82/2
f 60/89/13 61/67/13 73/70/13 72/90/13
f 55/83/5 56/71/5 68/74/5 67/84/5
f 52/91/8 53/75/8 65/78/8 64/92/8
f 59/87/1 60/89/1 72/90/1 71/88/1
f 69/73/50 70/82/50 82/93/50 81/94/50
f 66/77/50 67/84/50 79/95/50 78/96/50
f 63/80/50 64/86/50 76/97/50 75/98/50
f 70/82/50 71/88/50 83/99/50 82/93/50
f 72/90/50 73/70/50 85/100/50 84/101/50
f 67/84/50 68/74/50 80/102/50 79/95/50
f 64/92/50 65/78/50 77/103/50 76/104/50
f 71/88/50 72/90/50 84/101/50 83/99/50
f 73/70/50 62/69/50 74/105/50 85/100/50
f 68/74/50 69/73/50 81/94/50 80/102/50
f 65/78/50 66/77/50 78/96/50 77/103/50
f 62/69/50 63/80/50 75/98/50 74/105/50
f 74/105/51 75/98/51 87/106/51 86/107/51
f 81/94/52 82/93/52 94/108/52 93/109/52
f 78/96/53 79/95/53 91/110/53 90/111/53
f 75/98/54 76/97/54 88/112/54 87/106/54
f 82/93/55 83/99/55 95/113/55 94/108/55
f 84/101/56 85/100/56 97/114/56 96/115/56
f 79/95/57 80/102/57 92/116/57 91/110/57
f 76/104/58 77/103/58 89/117/58 88/118/58
f 83/99/59 84/101/59 96/115/59 95/113/59
f 85/100/60 74/105/60 86/107/60 97/114/60
f 80/102/61 81/94/61 93/109/61 92/116/61
f 77/103/62 78/96/62 90/111/62 89/117/62
f 94/108/50 95/113/50 98/119/50
f 96/115/50 97/114/50 98/119/50
f 91/110/50 92/116/50 98/119/50
f 88/118/50 89/117/50 98/119/50
f 95/113/50 96/115/50 98/119/50
f 97/114/50 86/107/50 98/119/50
f 92/116/50 93/109/50 98/119/50
f 89/117/50 90/111/50 98/119/50
f 86/107/50 87/106/50 98/119/50
f 93/109/50 94/108/50 98/119/50
f 90/111/50 91/110/50 98/119/50
f 87/106/50 88/112/50 98/119/50
o umbrella
v -0.112785 1.596565 0.222238
v -0.112785 4.227530 0.222238
v -0.104034 1.596565 0.224583
v -0.104034 4.227530 0.224583
v -0.097629 1.596565 0.230988
v -0.097629 4.227530 0.230988
v -0.095284 1.596565 0.239738
v -0.095284 4.227530 0.239738
v -0.097629 1.596565 0.248488
v -0.097629 4.227530 0.248488
v -0.104034 1.596565 0.254894
v -0.104034 4.227530 0.254894
v -0.112785 1.596565 0.257239
v -0.112785 4.227530 0.257239
v -0.121535 1.596565 0.254894
v -0.121535 4.227530 0.254894
v -0.127940 1.596565 0.248488
v -0.127940 4.227530 0.248488
v -0.130285 1.596565 0.239738
v -0.130285 4.227530 0.239738
v -0.127940 1.596565 0.230988
v -0.127940 4.227530 0.230988
v -0.121535 1.596565 0.224583
v -0.121535 4.227530 0.224583
v -0.112785 4.099332 -0.312790
v 0.163479 4.099332 -0.238765
v 0.365718 4.099332 -0.036526
v 0.439742 4.099332 0.239737
v 0.365718 4.099332 0.516001
v 0.163479 4.099332 0.718240
v -0.112785 4.099332 0.792264
v -0.389048 4.099332 0.718240
v -0.591287 4.099332 0.516001
v -0.665312 4.099332 0.239737
v -0.591287 4.099332 -0.036526
v -0.389048 4.099332 -0.238765
v -0.112785 3.854701 -0.852008
v 0.433088 3.854701 -0.705742
v 0.832695 3.854701 -0.306135
v 0.978961 3.854701 0.239737
v 0.832695 3.854701 0.785610
v 0.433088 3.854701 1.185217
v -0.112785 3.854701 1.331483
v -0.658657 3.854701 1.185217
v -1.058264 3.854701 0.785610
v -1.204530 3.854701 0.239737
v -1.058264 3.854701 -0.306135
v -0.658657 3.854701 -0.705742
v -0.112785 3.430341 -1.213019
v 0.613593 3.430341 -1.018386
v 1.145339 3.430341 -0.486640
v 1.339971 3.430341 0.239737
v 1.145339 3.430341 0.966116
v 0.613593 3.430341 1.497861
v -0.112785 3.430341 1.692493
v -0.839163 3.430341 1.497861
v -1.370908 3.430341 0.966116
v -1.565541 3.430341 0.239737
v -1.370908 3.430341 -0.486640
v -0.839163 3.430341 -1.018386
v -0.112785 3.200688 -1.213019
v 0.613593 3.200688 -1.018386
v 1.145339 3.200688 -0.486640
v 1.339971 3.200688 0.239737
v 1.145339 3.200688 0.966116
v 0.613593 3.200688 1.497861
v -0.112785 3.200688 1.692493
v -0.839163 3.200688 1.497861
v -1.370908 3.200688 0.966116
v -1.565541 3.200688 0.239737
v -1.370908 3.200688 -0.486640
v -0.839163 3.200688 -1.018386
v -0.112785 4.238593 0.226344
v -0.106087 4.238593 0.228138
v -0.101185 4.238593 0.233041
v -0.099390 4.238593 0.239738
v -0.101185 4.238593 0.246436
v -0.106087 4.238593 0.251338
v -0.112785 4.238593 0.253133
v -0.119482 4.238593 0.251338
v -0.124384 4.238593 0.246436
v -0.126179 4.238593 0.239738
v -0.124384 4.238593 0.233041
v -0.119482 4.238593 0.228138
v -0.112785 4.249518 0.239738
vn 0.2588 -0.0000 -0.9659
vn 0.7071 -0.0000 -0.7071
vn 0.9659 -0.0000 -0.2588
vn 0.9659 -0.0000 0.2588
vn 0.7071 -0.0000 0.7071
vn 0.2588 -0.0000 0.9659
vn -0.2588 -0.0000 0.9659
vn -0.7071 -0.0000 0.7071
vn -0.9659 -0.0000 0.2588
vn -0.9659 -0.0000 -0.2588
vn -0.0623 0.9706 0.2326
vn -0.7071 -0.0000 -0.7071
vn -0.2588 -0.0000 -0.9659
vn 0.0623 0.9706 0.2326
vn 0.1702 0.9706 0.1702
vn 0.2326 0.9706 0.0623
vn -0.0623 0.9706 -0.2326
vn 0.0623 0.9706 -0.2326
vn 0.2326 0.9706 -0.0623
vn -0.1702 0.9706 -0.1702
vn 0.1702 0.9706 -0.1702
vn -0.2326 0.9706 -0.0623
vn -0.2326 0.9706 0.0623
vn -0.1702 0.9706 0.1702
vn 0.3006 0.9051 -0.3006
vn -0.4106 0.9051 0.1100
vn 0.1100 0.9051 0.4106
vn 0.4106 0.9051 -0.1100
vn -0.4106 0.9051 -0.1100
vn -0.1100 0.9051 0.4106
vn 0.4106 0.9051 0.1100
vn -0.3006 0.9051 -0.3006
vn 0.1100 0.9051 -0.4106
vn -0.3006 0.9051 0.3006
vn 0.3006 0.9051 0.3006
vn -0.1100 0.9051 -0.4106
vn -0.2000 0.6349 -0.7463
vn 0.5463 0.6349 -0.5463
vn -0.7463 0.6349 0.2000
vn 0.2000 0.6349 0.7463
vn 0.7463 0.6349 -0.2000
vn -0.7463 0.6349 -0.2000
vn -0.2000 0.6349 0.7463
vn 0.7463 0.6349 0.2000
vn -0.5463 0.6349 -0.5463
vn 0.2000 0.6349 -0.7463
vn -0.5463 0.6349 0.5463
vn 0.5463 0.6349 0.5463
vn -0.2436 0.3375 0.9093
vn 0.2436 0.3375 0.9093
vn 0.6656 0.3375 0.6656
vn 0.9093 0.3375 0.2436
vn -0.2436 0.3375 -0.9093
vn 0.2436 0.3375 -0.9093
vn 0.9093 0.3375 -0.2436
vn -0.6656 0.3375 -0.6656
vn 0.6656 0.3375 -0.6656
vn -0.9093 0.3375 -0.2436
vn -0.9093 0.3375 0.2436
vn -0.6656 0.3375 0.6656
vn -0.4562 0.7640 0.4562
vn 0.4562 0.7640 0.4562
vn -0.1670 0.7640 -0.6232
vn 0.4562 0.7640 -0.4562
vn -0.6232 0.7640 0.1670
vn 0.1670 0.7640 0.6232
vn 0.6232 0.7640 -0.1670
vn -0.6232 0.7640 -0.1670
vn -0.1670 0.7640 0.6232
vn 0.6232 0.7640 0.1670
vn -0.4562 0.7640 -0.4562
vn 0.1670 0.7640 -0.6232
vt 0.663267 0.540095
vt 0.969247 0.536650
vt 0.969302 0.541526
vt 0.663322 0.544971
vt 0.969357 0.546402
vt 0.663377 0.549847
vt 0.969412 0.551277
vt 0.663432 0.554723
vt 0.969467 0.556153
vt 0.663486 0.559599
vt 0.662828 0.501088
vt 0.968808 0.497642
vt 0.968863 0.502518
vt 0.662882 0.505964
vt 0.968917 0.507394
vt 0.662937 0.510840
vt 0.968972 0.512270
vt 0.662992 0.515716
vt 0.969027 0.517146
vt 0.663047 0.520591
vt 0.969082 0.522022
vt 0.663102 0.525467
vt 0.969137 0.526898
vt 0.663157 0.530343
vt 0.867166 0.981298
vt 0.789827 0.889485
vt 0.845833 0.863405
vt 0.868945 0.980439
vt 0.969192 0.531774
vt 0.663212 0.535219
vt 0.908007 0.866264
vt 0.870916 0.980556
vt 0.866781 0.978699
vt 0.789334 0.888176
vt 0.845659 0.862025
vt 0.868793 0.978699
vt 0.907014 0.865042
vt 0.870805 0.978699
vt 0.867787 0.978699
vt 0.907014 0.866048
vt 0.869799 0.979704
vt 0.865776 0.979704
vt 0.865106 0.981009
vt 0.788016 0.888282
vt 0.844679 0.862469
vt 0.866903 0.980164
vt 0.865957 0.981300
vt 0.788510 0.888766
vt 0.844835 0.862615
vt 0.867968 0.981300
vt 0.906850 0.865836
vt 0.868882 0.980299
vt 0.907195 0.865632
vt 0.869980 0.981300
vt 0.866542 0.979823
vt 0.789708 0.888314
vt 0.845502 0.862386
vt 0.868315 0.978972
vt 0.907416 0.865404
vt 0.870280 0.979093
vt 0.821412 0.739282
vt 0.941754 0.741909
vt 0.710954 0.787363
vt 0.821788 0.739421
vt 0.821741 0.740418
vt 0.942162 0.741373
vt 0.710317 0.785620
vt 0.820695 0.739906
vt 0.941392 0.740912
vt 0.710691 0.788066
vt 0.820514 0.739316
vt 0.941211 0.740322
vt 0.710057 0.786173
vt 0.710881 0.786589
vt 0.821520 0.739316
vt 0.941977 0.741419
vt 0.709875 0.787595
vt 0.942217 0.742334
vt 0.799392 0.622643
vt 0.963339 0.622643
vt 0.799318 0.622300
vt 0.962954 0.622300
vt 0.646176 0.684052
vt 0.798586 0.622517
vt 0.799890 0.623242
vt 0.962052 0.622888
vt 0.646952 0.681982
vt 0.799573 0.622227
vt 0.961509 0.622227
vt 0.646251 0.683936
vt 0.799392 0.621637
vt 0.961327 0.621637
vt 0.646691 0.682575
vt 0.646509 0.682991
vt 0.962517 0.621475
vt 0.645504 0.682991
vt 0.626393 0.635718
vt 0.780282 0.575370
vt 0.799392 0.572352
vt 0.963339 0.572352
vt 0.799318 0.572327
vt 0.962954 0.572327
vt 0.627384 0.637508
vt 0.779794 0.575972
vt 0.799782 0.573719
vt 0.961944 0.573365
vt 0.628726 0.635451
vt 0.781091 0.575769
vt 0.799573 0.572942
vt 0.961509 0.572942
vt 0.627715 0.637016
vt 0.781355 0.576322
vt 0.961327 0.572352
vt 0.628586 0.635302
vt 0.781469 0.575960
vt 0.628405 0.636724
vt 0.780282 0.576376
vt 0.798268 0.572454
vt 0.962199 0.571412
vt 0.691981 0.585268
vt 0.703293 0.581122
vt 0.706585 0.587414
vt 0.696086 0.593732
vt 0.689682 0.575853
vt 0.702013 0.574177
vt 0.692085 0.585481
vt 0.703396 0.581334
vt 0.702116 0.574389
vt 0.689785 0.576066
vt 0.696190 0.593945
vt 0.706688 0.587627
vt 0.695839 0.593721
vt 0.706555 0.587710
vt 0.703394 0.581329
vt 0.691984 0.585113
vt 0.702114 0.574323
vt 0.689930 0.575907
vt 0.692066 0.585442
vt 0.703378 0.581295
vt 0.702097 0.574351
vt 0.689766 0.576027
vt 0.692007 0.585322
vt 0.703319 0.581175
vt 0.702039 0.574230
vt 0.689708 0.575907
vt 0.696171 0.593906
vt 0.706669 0.587588
vt 0.696112 0.593785
vt 0.706611 0.587467
vt 0.692022 0.585352
vt 0.703334 0.581205
vt 0.706625 0.587497
vt 0.696127 0.593816
vt 0.689722 0.575937
vt 0.702053 0.574260
vt 0.720003 0.575455
vt 0.720066 0.575585
vt 0.720217 0.575748
vt 0.720047 0.575546
vt 0.719963 0.575372
vt 0.719989 0.575425
s 0
usemtl umbrella.001
f 99/120/63 100/121/63 102/122/63 101/123/63
f 101/123/64 102/122/64 104/124/64 103/125/64
f 103/125/65 104/124/65 106/126/65 105/127/65
f 105/127/66 106/126/66 108/128/66 107/129/66
f 107/130/67 108/131/67 110/132/67 109/133/67
f 109/133/68 110/132/68 112/134/68 111/135/68
f 111/135/69 112/134/69 114/136/69 113/137/69
f 113/137/70 114/136/70 116/138/70 115/139/70
f 115/139/71 116/138/71 118/140/71 117/141/71
f 117/141/72 118/140/72 120/142/72 119/143/72
f 114/144/73 130/145/73 129/146/73 112/147/73
f 119/143/74 120/142/74 122/148/74 121/149/74
f 121/149/75 122/148/75 100/121/75 99/120/75
f 112/147/76 129/146/76 128/150/76 110/151/76
f 110/152/77 128/153/77 127/154/77 108/155/77
f 108/155/78 127/154/78 126/156/78 106/157/78
f 100/158/79 123/154/79 134/159/79 122/160/79
f 102/161/80 124/153/80 123/154/80 100/158/80
f 106/162/81 126/163/81 125/164/81 104/165/81
f 122/166/82 134/167/82 133/168/82 120/169/82
f 104/165/83 125/164/83 124/170/83 102/171/83
f 120/169/84 133/168/84 132/172/84 118/173/84
f 118/174/85 132/175/85 131/176/85 116/177/85
f 116/177/86 131/176/86 130/178/86 114/179/86
f 125/164/87 137/180/87 136/181/87 124/170/87
f 132/175/88 144/182/88 143/183/88 131/176/88
f 129/146/89 141/184/89 140/185/89 128/150/89
f 126/163/90 138/186/90 137/180/90 125/164/90
f 133/168/91 145/187/91 144/188/91 132/172/91
f 130/145/92 142/189/92 141/184/92 129/146/92
f 127/154/93 139/190/93 138/191/93 126/156/93
f 134/167/94 146/192/94 145/187/94 133/168/94
f 124/153/95 136/193/95 135/194/95 123/154/95
f 131/176/96 143/183/96 142/195/96 130/178/96
f 128/153/97 140/196/97 139/190/97 127/154/97
f 123/154/98 135/194/98 146/197/98 134/159/98
f 135/194/99 147/198/99 158/199/99 146/197/99
f 137/180/100 149/200/100 148/201/100 136/181/100
f 144/182/101 156/202/101 155/203/101 143/183/101
f 141/184/102 153/204/102 152/205/102 140/185/102
f 138/186/103 150/206/103 149/200/103 137/180/103
f 145/187/104 157/207/104 156/208/104 144/188/104
f 142/189/105 154/209/105 153/204/105 141/184/105
f 139/190/106 151/210/106 150/211/106 138/191/106
f 146/192/107 158/212/107 157/207/107 145/187/107
f 136/193/108 148/213/108 147/198/108 135/194/108
f 143/183/109 155/203/109 154/214/109 142/195/109
f 140/196/110 152/215/110 151/210/110 139/190/110
f 152/215/67 164/216/67 163/217/67 151/210/67
f 147/198/75 159/218/75 170/219/75 158/199/75
f 149/200/64 161/220/64 160/221/64 148/201/64
f 156/202/71 168/222/71 167/223/71 155/203/71
f 153/204/68 165/224/68 164/225/68 152/205/68
f 150/206/65 162/226/65 161/227/65 149/200/65
f 157/207/72 169/228/72 168/229/72 156/208/72
f 154/209/69 166/230/69 165/231/69 153/204/69
f 151/210/66 163/218/66 162/232/66 150/211/66
f 158/212/74 170/233/74 169/234/74 157/207/74
f 148/213/63 160/235/63 159/236/63 147/198/63
f 155/203/70 167/237/70 166/238/70 154/214/70
f 112/239/111 177/240/111 178/241/111 114/242/111
f 110/243/112 176/244/112 177/240/112 112/239/112
f 108/245/113 175/246/113 176/247/113 110/248/113
f 106/249/114 174/250/114 175/246/114 108/245/114
f 122/251/115 182/252/115 171/253/115 100/254/115
f 100/254/116 171/253/116 172/255/116 102/256/116
f 104/257/117 173/258/117 174/259/117 106/260/117
f 120/261/118 181/262/118 182/263/118 122/264/118
f 102/265/119 172/266/119 173/258/119 104/257/119
f 118/267/120 180/268/120 181/262/120 120/261/120
f 116/269/121 179/270/121 180/271/121 118/272/121
f 114/273/122 178/274/122 179/270/122 116/269/122
f 178/274/123 183/275/123 179/270/123
f 175/246/124 183/276/124 176/247/124
f 182/252/125 183/277/125 171/253/125
f 172/266/126 183/278/126 173/258/126
f 179/270/127 183/275/127 180/271/127
f 176/244/128 183/279/128 177/240/128
f 173/258/129 183/278/129 174/259/129
f 180/268/130 183/280/130 181/262/130
f 177/240/131 183/279/131 178/241/131
f 174/250/132 183/276/132 175/246/132
f 181/262/133 183/280/133 182/263/133
f 171/253/134 183/277/134 172/255/134
o stand
v -0.765128 1.675841 1.264200
v -0.765128 1.659288 1.264200
v -0.765128 1.675841 0.644290
v -0.765128 1.659288 0.644290
v -0.326729 1.675841 1.264200
v -0.326729 1.659288 1.264200
v -0.326729 1.675841 0.644290
v -0.326729 1.659288 0.644290
v -0.737938 1.666567 0.682738
v -0.737938 1.666567 1.225752
v -0.353920 1.666567 0.682738
v -0.353920 1.666567 1.225752
v -0.953377 0.478683 0.562602
v -0.884505 0.478683 0.562602
v -0.953377 0.270622 0.610091
v -0.884505 0.270622 0.610091
v -0.953377 0.103770 0.743151
v -0.884505 0.103770 0.743151
v -0.953377 0.011175 0.935428
v -0.884505 0.011175 0.935428
v -0.953377 0.011175 1.148839
v -0.884505 0.011175 1.148839
v -0.953377 0.103770 1.341116
v -0.884505 0.103770 1.341116
v -0.953377 0.270622 1.474176
v -0.884505 0.270622 1.474176
v -0.953377 0.478683 1.521664
v -0.884505 0.478683 1.521664
v -0.953377 0.686744 1.474176
v -0.884505 0.686744 1.474176
v -0.953377 0.853595 1.341116
v -0.884505 0.853595 1.341116
v -0.953377 0.946191 1.148839
v -0.884505 0.946191 1.148839
v -0.953377 0.946191 0.935428
v -0.884505 0.946191 0.935428
v -0.953377 0.853595 0.743151
v -0.884505 0.853595 0.743151
v -0.953377 0.686744 0.610091
v -0.884505 0.686744 0.610091
v -0.950623 0.478683 0.600950
v -0.950623 0.287261 0.644641
v -0.887259 0.287261 0.644641
v -0.887259 0.478683 0.600950
v -0.950623 0.133752 0.767060
v -0.887259 0.133752 0.767060
v -0.950623 0.048561 0.943961
v -0.887259 0.048561 0.943961
v -0.950623 0.048561 1.140306
v -0.887259 0.048561 1.140306
v -0.950623 0.133752 1.317207
v -0.887259 0.133752 1.317207
v -0.950623 0.287261 1.439626
v -0.887259 0.287261 1.439626
v -0.950623 0.478683 1.483316
v -0.887259 0.478683 1.483316
v -0.950623 0.670105 1.439626
v -0.887259 0.670105 1.439626
v -0.950623 0.823614 1.317207
v -0.887259 0.823614 1.317207
v -0.950623 0.908804 1.140306
v -0.887259 0.908804 1.140306
v -0.950623 0.908804 0.943961
v -0.887259 0.908804 0.943961
v -0.950623 0.823614 0.767060
v -0.887259 0.823614 0.767060
v -0.950623 0.670105 0.644641
v -0.887259 0.670105 0.644641
v -0.918440 0.478683 0.600950
v -0.918440 0.287261 0.644641
v -0.918440 0.133752 0.767060
v -0.918440 0.048561 0.943961
v -0.918440 0.048561 1.140306
v -0.918440 0.133752 1.317207
v -0.918440 0.287261 1.439626
v -0.918440 0.478683 1.483316
v -0.918440 0.670105 1.439626
v -0.918440 0.823614 1.317207
v -0.918440 0.908804 1.140306
v -0.918440 0.908804 0.943961
v -0.918440 0.823614 0.767060
v -0.918440 0.670105 0.644641
v -0.918440 0.478683 1.011504
v -0.918440 0.465393 1.014537
v -0.918440 0.454736 1.023036
v -0.918440 0.448821 1.035318
v -0.918440 0.448821 1.048949
v -0.918440 0.454736 1.061231
v -0.918440 0.465393 1.069730
v -0.918440 0.478683 1.072763
v -0.918440 0.491973 1.069730
v -0.918440 0.502630 1.061231
v -0.918440 0.508545 1.048949
v -0.918440 0.508545 1.035318
v -0.918440 0.502630 1.023036
v -0.918440 0.491973 1.014537
v -0.932204 0.478683 1.016813
v -0.932204 0.467697 1.019321
v -0.932204 0.458887 1.026346
v -0.932204 0.453997 1.036499
v -0.932204 0.453997 1.047768
v -0.932204 0.458887 1.057920
v -0.932204 0.467697 1.064946
v -0.932204 0.478683 1.067454
v -0.932204 0.489669 1.064946
v -0.932204 0.498479 1.057920
v -0.932204 0.503368 1.047768
v -0.932204 0.503368 1.036499
v -0.932204 0.498479 1.026346
v -0.932204 0.489669 1.019321
v -0.932204 0.478683 1.042133
v 0.041834 0.478683 0.562602
v -0.027038 0.478683 0.562602
v 0.041834 0.270622 0.610091
v -0.027038 0.270622 0.610091
v 0.041834 0.103770 0.743151
v -0.027038 0.103770 0.743151
v 0.041834 0.011175 0.935428
v -0.027038 0.011175 0.935428
v 0.041834 0.011175 1.148839
v -0.027038 0.011175 1.148839
v 0.041834 0.103770 1.341116
v -0.027038 0.103770 1.341116
v 0.041834 0.270622 1.474176
v -0.027038 0.270622 1.474176
v 0.041834 0.478683 1.521664
v -0.027038 0.478683 1.521664
v 0.041834 0.686744 1.474176
v -0.027038 0.686744 1.474176
v 0.041834 0.853595 1.341116
v -0.027038 0.853595 1.341116
v 0.041834 0.946191 1.148839
v -0.027038 0.946191 1.148839
v 0.041834 0.946191 0.935428
v -0.027038 0.946191 0.935428
v 0.041834 0.853595 0.743151
v -0.027038 0.853595 0.743151
v 0.041834 0.686744 0.610091
v -0.027038 0.686744 0.610091
v 0.039080 0.478683 0.600950
v 0.039080 0.287261 0.644641
v -0.024284 0.287261 0.644641
v -0.024284 0.478683 0.600950
v 0.039080 0.133752 0.767060
v -0.024284 0.133752 0.767060
v 0.039080 0.048561 0.943961
v -0.024284 0.048561 0.943961
v 0.039080 0.048561 1.140306
v -0.024284 0.048561 1.140306
v 0.039080 0.133752 1.317207
v -0.024284 0.133752 1.317207
v 0.039080 0.287261 1.439626
v -0.024284 0.287261 1.439626
v 0.039080 0.478683 1.483316
v -0.024284 0.478683 1.483316
v 0.039080 0.670105 1.439626
v -0.024284 0.670105 1.439626
v 0.039080 0.823614 1.317207
v -0.024284 0.823614 1.317207
v 0.039080 0.908804 1.140306
v -0.024284 0.908804 1.140306
v 0.039080 0.908804 0.943961
v -0.024284 0.908804 0.943961
v 0.039080 0.823614 0.767060
v -0.024284 0.823614 0.767060
v 0.039080 0.670105 0.644641
v -0.024284 0.670105 0.644641
v 0.006898 0.478683 0.600950
v 0.006898 0.287261 0.644641
v 0.006898 0.133752 0.767060
v 0.006898 0.048561 0.943961
v 0.006898 0.048561 1.140306
v 0.006898 0.133752 1.317207
v 0.006898 0.287261 1.439626
v 0.006898 0.478683 1.483316
v 0.006898 0.670105 1.439626
v 0.006898 0.823614 1.317207
v 0.006898 0.908804 1.140306
v 0.006898 0.908804 0.943961
v 0.006898 0.823614 0.767060
v 0.006898 0.670105 0.644641
v 0.006898 0.478683 1.011504
v 0.006898 0.465393 1.014537
v 0.006898 0.454736 1.023036
v 0.006898 0.448821 1.035318
v 0.006898 0.448821 1.048949
v 0.006898 0.454736 1.061231
v 0.006898 0.465393 1.069730
v 0.006898 0.478683 1.072763
v 0.006898 0.491973 1.069730
v 0.006898 0.502630 1.061231
v 0.006898 0.508545 1.048949
v 0.006898 0.508545 1.035318
v 0.006898 0.502630 1.023036
v 0.006898 0.491973 1.014537
v 0.020661 0.478683 1.016813
v 0.020661 0.467697 1.019321
v 0.020661 0.458887 1.026346
v 0.020661 0.453997 1.036499
v 0.020661 0.453997 1.047768
v 0.020661 0.458887 1.057920
v 0.020661 0.467697 1.064946
v 0.020661 0.478683 1.067454
v 0.020661 0.489669 1.064946
v 0.020661 0.498479 1.057920
v 0.020661 0.503368 1.047768
v 0.020661 0.503368 1.036499
v 0.020661 0.498479 1.026346
v 0.020661 0.489669 1.019321
v 0.020661 0.478683 1.042133
v -0.073268 1.614917 -0.968268
v -0.074014 0.530211 -0.968268
v -0.073268 1.614917 1.353374
v -0.073268 0.530211 1.353374
v -0.842026 1.614917 -0.968268
v -0.841139 0.530211 -0.968268
v -0.842026 1.614917 1.353374
v -0.842026 0.530211 1.353374
v -0.026600 1.610520 1.408982
v -1.082527 1.610520 1.408982
v -0.026600 1.610520 -1.023877
v -1.082527 1.610520 -1.023877
v -0.026600 1.656434 1.408982
v -1.082527 1.656434 1.408982
v -0.026600 1.656434 -1.023877
v -1.082527 1.656434 -1.023877
v -0.072844 0.530211 -0.750043
v -0.842762 0.530211 -0.748975
v -1.082527 1.610520 -0.753282
v -0.842595 1.614610 -0.755961
v -1.082527 1.656434 -0.753354
v -0.120767 0.530211 -0.889725
v -0.026600 1.656434 -0.749246
v -0.073268 1.614917 -0.747144
v -0.026600 1.610520 -0.749022
v -0.794527 0.530211 -0.889725
v -0.120767 0.530211 -0.828236
v -0.794527 0.530211 -0.827866
v -0.130429 0.012779 -0.828236
v -0.733868 0.012779 -0.827911
v -0.130429 0.012779 -0.889725
v -0.721364 0.530211 -0.889725
v -0.782204 0.012779 -0.889725
v -0.187836 0.530210 -0.889725
v -0.178175 0.012779 -0.889725
v -0.178182 0.012779 -0.828185
v -0.187846 0.530211 -0.828185
v -0.733724 0.012779 -0.889725
v -0.782204 0.012779 -0.827866
v -0.721583 0.530211 -0.827911
v -0.175121 1.512200 -1.390078
v -0.175121 1.489507 -1.370619
v -0.175121 1.495012 -1.341237
v -0.175121 1.523211 -1.331314
v -0.175121 1.545904 -1.350772
v -0.175121 1.540398 -1.380155
v -0.175121 1.509300 -1.405556
v -0.175121 1.474652 -1.375847
v -0.175121 1.483058 -1.330986
v -0.175121 1.526111 -1.315835
v -0.175121 1.568368 -1.341672
v -0.175121 1.552353 -1.390406
v -0.128181 1.509300 -1.405556
v -0.128181 1.474652 -1.375847
v -0.128181 1.483058 -1.330986
v -0.128181 1.526111 -1.315835
v -0.128181 1.568368 -1.341672
v -0.128181 1.552353 -1.390406
v -0.128181 1.517705 -1.360696
v -0.175121 1.535592 -1.205327
v -0.175121 1.492454 -1.200457
v -0.175121 1.577764 -1.211143
v -0.128181 1.535592 -1.205327
v -0.128181 1.492454 -1.200457
v -0.128181 1.577764 -1.211143
v -0.175121 1.493793 -0.966607
v -0.175121 1.450740 -0.967069
v -0.175121 1.536051 -0.967179
v -0.128181 1.493793 -0.966607
v -0.128181 1.450740 -0.967069
v -0.128181 1.536051 -0.967179
v -0.720666 1.512302 -1.390331
v -0.720666 1.489609 -1.370872
v -0.720666 1.495114 -1.341490
v -0.720666 1.523313 -1.331567
v -0.720666 1.546006 -1.351026
v -0.720666 1.540500 -1.380408
v -0.720666 1.509402 -1.405810
v -0.720666 1.474754 -1.376100
v -0.720666 1.483160 -1.331239
v -0.720666 1.526213 -1.316088
v -0.720666 1.568470 -1.341925
v -0.720666 1.552455 -1.390659
v -0.767606 1.509402 -1.405810
v -0.767606 1.474754 -1.376100
v -0.767606 1.483160 -1.331239
v -0.767606 1.526213 -1.316088
v -0.767606 1.568470 -1.341925
v -0.767606 1.552455 -1.390659
v -0.767606 1.517807 -1.360950
v -0.720666 1.535694 -1.205580
v -0.720666 1.492556 -1.200710
v -0.720666 1.577866 -1.211396
v -0.767606 1.535694 -1.205580
v -0.767606 1.492556 -1.200710
v -0.767606 1.577866 -1.211396
v -0.720666 1.493895 -0.966860
v -0.720666 1.450842 -0.967322
v -0.720666 1.536152 -0.967432
v -0.767606 1.493895 -0.966860
v -0.767606 1.450842 -0.967322
v -0.767606 1.536152 -0.967432
v -0.789501 2.109090 1.282744
v -0.826441 1.677800 1.323522
v -0.789501 2.109090 0.622577
v -0.826441 1.677800 0.622577
v -0.355166 2.109090 1.282744
v -0.351219 1.677800 1.323522
v -0.850095 1.655891 1.358411
v -0.850095 1.655891 0.609152
v -0.316026 1.655891 1.358411
v -0.812769 1.655891 1.303356
v -0.812769 1.655891 0.617158
v -0.342350 1.655891 1.303356
vn -1.0000 -0.0000 -0.0000
vn -0.0000 -0.0000 -1.0000
vn 1.0000 -0.0000 -0.0000
vn -0.0000 -0.0000 1.0000
vn -0.0000 0.9721 0.2345
vn -0.0000 -1.0000 -0.0000
vn -0.0000 1.0000 -0.0000
vn 0.3228 0.9465 -0.0000
vn -0.3228 0.9465 -0.0000
vn -0.0000 0.9721 -0.2345
vn -0.0000 -0.2225 -0.9749
vn -0.0000 -0.6235 -0.7818
vn -0.0000 -0.9010 -0.4339
vn -0.0000 -0.9010 0.4339
vn -0.0000 -0.6235 0.7818
vn -0.0000 -0.2225 0.9749
vn -0.0000 0.2225 0.9749
vn -0.0000 0.6235 0.7818
vn -0.0000 0.9010 0.4339
vn -0.0000 0.9010 -0.4339
vn 0.9973 -0.0662 0.0319
vn -0.0000 0.6235 -0.7818
vn -0.0000 0.2225 -0.9749
vn 0.9973 0.0662 0.0319
vn -0.9973 -0.0163 -0.0716
vn 0.9973 -0.0163 -0.0716
vn -0.9973 0.0735 -0.0000
vn -0.9973 -0.0458 0.0574
vn 0.9973 0.0735 -0.0000
vn 0.9973 -0.0458 0.0574
vn -0.9973 -0.0458 -0.0574
vn 0.9973 -0.0458 -0.0574
vn -0.9973 0.0662 -0.0319
vn -0.9973 -0.0163 0.0716
vn -0.9973 0.0163 0.0716
vn 0.9973 0.0662 -0.0319
vn 0.9973 -0.0163 0.0716
vn 0.9973 0.0163 0.0716
vn -0.9973 -0.0662 -0.0319
vn 0.9973 -0.0662 -0.0319
vn -0.9973 0.0458 -0.0574
vn 0.9973 0.0458 -0.0574
vn -0.9973 0.0458 0.0574
vn -0.9973 -0.0735 -0.0000
vn 0.9973 0.0458 0.0574
vn 0.9973 -0.0735 -0.0000
vn -0.9973 0.0163 -0.0716
vn 0.9973 0.0163 -0.0716
vn -0.9973 0.0662 0.0319
vn -0.9973 -0.0662 0.0319
vn -0.3520 0.8433 0.4061
vn -0.3520 -0.5836 -0.7318
vn -0.3520 0.5836 0.7318
vn -0.3520 -0.2083 -0.9125
vn -0.3520 0.2083 0.9125
vn -0.3520 -0.2083 0.9125
vn -0.3520 0.2083 -0.9125
vn -0.3520 -0.5836 0.7318
vn -0.3520 0.5836 -0.7318
vn -0.3520 -0.8433 0.4061
vn -0.3520 0.8433 -0.4061
vn -0.3520 -0.9360 -0.0000
vn -0.3520 0.9360 -0.0000
vn -0.3520 -0.8433 -0.4061
vn 0.3520 0.8433 0.4061
vn 0.3520 -0.5836 -0.7318
vn 0.3520 0.5836 0.7318
vn 0.3520 -0.2083 -0.9125
vn 0.3520 0.2083 0.9125
vn 0.3520 -0.2083 0.9125
vn 0.3520 0.2083 -0.9125
vn 0.3520 -0.5836 0.7318
vn 0.3520 0.5836 -0.7318
vn 0.3520 -0.8433 0.4061
vn 0.3520 0.8433 -0.4061
vn 0.3520 -0.9360 -0.0000
vn 0.3520 0.9360 -0.0000
vn 0.3520 -0.8433 -0.4061
vn -1.0000 0.0001 0.0003
vn 1.0000 -0.0001 -0.0027
vn -0.0938 -0.9956 -0.0000
vn 0.0177 -0.9998 -0.0006
vn -0.0000 -0.9969 0.0788
vn -0.0000 -0.9969 -0.0788
vn 0.0177 -0.9998 0.0001
vn -1.0000 -0.0003 -0.0051
vn 1.0000 0.0002 0.0001
vn 0.0009 -0.0000 1.0000
vn 0.9998 -0.0187 -0.0000
vn 0.0008 -0.0000 1.0000
vn 0.9997 -0.0238 0.0029
vn -0.9997 -0.0238 -0.0000
vn -0.9998 -0.0187 -0.0001
vn -0.0003 -0.9829 0.1842
vn -0.0005 -0.3320 0.9433
vn -0.0002 0.6509 0.7591
vn 0.0003 0.9829 -0.1842
vn 0.0005 0.3320 -0.9433
vn -0.0000 -0.9829 0.1842
vn -0.0000 0.9500 -0.3122
vn -0.0000 -0.6509 -0.7591
vn -0.0000 0.3320 -0.9433
vn -0.0000 -0.9974 0.0718
vn -0.0000 -0.9844 -0.1759
vn -0.0000 0.9974 -0.0718
vn -0.0000 -0.0107 0.9999
vn -0.0000 0.0135 0.9999
vn -0.0000 0.9857 0.1685
vn 0.0002 -0.6509 -0.7591
vn -0.9964 0.0853 -0.0000
vn -0.0000 0.0941 0.9956
vn -0.0000 0.8469 0.5318
vn -0.6795 0.7337 -0.0000
vn -0.0000 0.6772 -0.7358
vn 0.8484 0.5294 -0.0000
vn 0.1965 0.3493 -0.9162
vn 0.7175 0.6062 -0.3431
vt 0.326696 0.378699
vt 0.311083 0.424730
vt 0.277644 0.402903
vt 0.280666 0.363086
vt 0.256962 0.413108
vt 0.224744 0.378131
vt 0.265119 0.459958
vt 0.194904 0.443729
vt 0.372726 0.394313
vt 0.357113 0.440343
vt 0.219731 0.345676
vt 0.268716 0.332497
vt 0.312052 0.435526
vt 0.367046 0.470949
vt 0.331622 0.525943
vt 0.276629 0.490519
vt 0.292322 0.338108
vt 0.332642 0.351784
vt 0.159778 0.422841
vt 0.185916 0.365380
vt 0.338352 0.353721
vt 0.378673 0.367398
vt 0.480005 0.091659
vt 0.479956 0.117180
vt 0.515855 0.118463
vt 0.516053 0.093397
vt 0.479742 0.142396
vt 0.516053 0.142939
vt 0.479141 0.167689
vt 0.516831 0.167530
vt 0.477250 0.193671
vt 0.519533 0.193009
vt 0.476678 0.016101
vt 0.478717 0.041337
vt 0.516721 0.042698
vt 0.519228 0.016621
vt 0.479696 0.066787
vt 0.516109 0.067765
vt 0.479926 0.092318
vt 0.516052 0.092929
vt 0.479941 0.117487
vt 0.516064 0.118430
vt 0.479730 0.142686
vt 0.516347 0.143533
vt 0.479095 0.168002
vt 0.517060 0.168365
vt 0.477138 0.193989
vt 0.519665 0.193989
vt 0.476567 0.015895
vt 0.478646 0.041056
vt 0.517097 0.041965
vt 0.519543 0.015546
vt 0.533430 0.042431
vt 0.536372 0.017435
vt 0.479556 0.066155
vt 0.516353 0.067716
vt 0.532946 0.166916
vt 0.531748 0.142790
vt 0.463000 0.066974
vt 0.434143 0.067955
vt 0.434410 0.092072
vt 0.463644 0.092337
vt 0.463468 0.142232
vt 0.433754 0.139998
vt 0.432805 0.164102
vt 0.462862 0.167286
vt 0.463713 0.117412
vt 0.532484 0.118406
vt 0.532237 0.092916
vt 0.460735 0.192059
vt 0.462375 0.041549
vt 0.463225 0.066372
vt 0.536372 0.191037
vt 0.532927 0.067882
vt 0.463456 0.142514
vt 0.532228 0.143416
vt 0.460211 0.017682
vt 0.462395 0.041814
vt 0.463348 0.091719
vt 0.463672 0.117117
vt 0.532824 0.043178
vt 0.535890 0.018529
vt 0.532249 0.093511
vt 0.531826 0.118499
vt 0.462805 0.167583
vt 0.533278 0.167784
vt 0.532208 0.067860
vt 0.460604 0.192355
vt 0.536579 0.192048
vt 0.460108 0.017494
vt 0.432866 0.164318
vt 0.431450 0.189124
vt 0.431450 0.188965
vt 0.434341 0.116204
vt 0.432708 0.020425
vt 0.433739 0.043736
vt 0.434339 0.091511
vt 0.434219 0.115792
vt 0.432497 0.020658
vt 0.433559 0.044103
vt 0.433861 0.140292
vt 0.434222 0.067411
vt 0.757828 0.964252
vt 0.794568 0.944857
vt 0.795467 0.945903
vt 0.770781 0.979318
vt 0.757863 0.964222
vt 0.794603 0.944828
vt 0.794246 0.943495
vt 0.752730 0.945028
vt 0.796731 0.946455
vt 0.788988 0.987272
vt 0.794503 0.942140
vt 0.756433 0.925508
vt 0.798110 0.946405
vt 0.808843 0.986539
vt 0.795323 0.941030
vt 0.768239 0.909528
vt 0.799330 0.945761
vt 0.826414 0.977263
vt 0.768204 0.909557
vt 0.795288 0.941060
vt 0.794469 0.942169
vt 0.756398 0.925538
vt 0.826448 0.977234
vt 0.799364 0.945731
vt 0.798144 0.946375
vt 0.808878 0.986509
vt 0.794212 0.943525
vt 0.752695 0.945058
vt 0.796766 0.946426
vt 0.789023 0.987242
vt 0.795502 0.945873
vt 0.770816 0.979288
vt 0.737560 0.963449
vt 0.739625 0.950844
vt 0.742128 0.950564
vt 0.740766 0.964278
vt 0.734449 0.962467
vt 0.737473 0.950565
vt 0.739675 0.950772
vt 0.737631 0.963369
vt 0.734377 0.962547
vt 0.737410 0.950632
vt 0.731291 0.961493
vt 0.735434 0.949957
vt 0.731220 0.961572
vt 0.735358 0.950020
vt 0.728087 0.960527
vt 0.733377 0.948976
vt 0.728159 0.960448
vt 0.733466 0.948917
vt 0.724971 0.959409
vt 0.731412 0.947340
vt 0.725044 0.959331
vt 0.731515 0.947282
vt 0.722044 0.958295
vt 0.729479 0.944731
vt 0.721947 0.958152
vt 0.729668 0.944746
vt 0.740836 0.964199
vt 0.742166 0.950485
vt 0.745120 0.949408
vt 0.744069 0.964960
vt 0.745195 0.949476
vt 0.743821 0.964998
vt 0.700022 0.982266
vt 0.696284 0.982266
vt 0.696283 0.865399
vt 0.700022 0.865399
vt 0.677592 0.982266
vt 0.673854 0.982266
vt 0.673854 0.865399
vt 0.677592 0.865399
vt 0.651424 0.982266
vt 0.647686 0.982266
vt 0.647686 0.865399
vt 0.651424 0.865399
vt 0.681331 0.982266
vt 0.681330 0.865399
vt 0.655162 0.982266
vt 0.655162 0.865399
vt 0.685069 0.982266
vt 0.685068 0.865399
vt 0.658901 0.982266
vt 0.658900 0.865399
vt 0.662639 0.982266
vt 0.662639 0.865399
vt 0.666377 0.982266
vt 0.666377 0.865399
vt 0.692546 0.982266
vt 0.688807 0.982266
vt 0.688807 0.865399
vt 0.692545 0.865399
vt 0.670116 0.982266
vt 0.670115 0.865399
vt 0.738320 0.943869
vt 0.738365 0.943882
vt 0.480674 0.118510
vt 0.516902 0.116894
vt 0.516882 0.092261
vt 0.480804 0.093816
vt 0.517102 0.066903
vt 0.480643 0.068195
vt 0.518006 0.041681
vt 0.479778 0.042315
vt 0.520444 0.016352
vt 0.477663 0.016089
vt 0.476782 0.194023
vt 0.520051 0.194544
vt 0.517312 0.167411
vt 0.478960 0.168272
vt 0.516484 0.141851
vt 0.479813 0.142712
vt 0.516366 0.117163
vt 0.480093 0.117976
vt 0.516337 0.092241
vt 0.480457 0.093282
vt 0.516630 0.067029
vt 0.480540 0.067726
vt 0.517573 0.042424
vt 0.479935 0.041958
vt 0.520180 0.017473
vt 0.478107 0.015855
vt 0.477896 0.194299
vt 0.520470 0.193557
vt 0.517852 0.167331
vt 0.480007 0.168646
vt 0.537435 0.191617
vt 0.534275 0.166817
vt 0.517018 0.141882
vt 0.480631 0.143194
vt 0.533700 0.067070
vt 0.534246 0.042190
vt 0.463590 0.142530
vt 0.464374 0.117880
vt 0.435249 0.117519
vt 0.434765 0.141115
vt 0.464078 0.068367
vt 0.463520 0.042769
vt 0.433206 0.046838
vt 0.434571 0.071108
vt 0.464351 0.093229
vt 0.532231 0.117166
vt 0.532744 0.092302
vt 0.461172 0.017775
vt 0.464605 0.143088
vt 0.463581 0.168182
vt 0.537435 0.018255
vt 0.533576 0.141709
vt 0.463976 0.067814
vt 0.532783 0.067178
vt 0.462269 0.167761
vt 0.460190 0.192396
vt 0.465084 0.118488
vt 0.464763 0.093839
vt 0.537435 0.192469
vt 0.533882 0.166800
vt 0.532884 0.116845
vt 0.533139 0.092334
vt 0.463740 0.042328
vt 0.533584 0.042989
vt 0.532655 0.141662
vt 0.461730 0.017446
vt 0.536999 0.019427
vt 0.461554 0.192697
vt 0.432220 0.020594
vt 0.433599 0.045555
vt 0.431450 0.021783
vt 0.435157 0.093797
vt 0.435266 0.166202
vt 0.434136 0.189607
vt 0.435503 0.095221
vt 0.435976 0.118980
vt 0.433702 0.164725
vt 0.432220 0.189012
vt 0.434597 0.069744
vt 0.435891 0.142592
vt 0.770826 0.979193
vt 0.757873 0.964127
vt 0.794613 0.944732
vt 0.795512 0.945778
vt 0.757677 0.964174
vt 0.752544 0.944980
vt 0.794060 0.943447
vt 0.794416 0.944779
vt 0.752740 0.944933
vt 0.794256 0.943399
vt 0.756247 0.925460
vt 0.794317 0.942091
vt 0.756443 0.925412
vt 0.794513 0.942044
vt 0.768053 0.909479
vt 0.795137 0.940982
vt 0.768249 0.909432
vt 0.795333 0.940934
vt 0.826458 0.977138
vt 0.808888 0.986413
vt 0.798154 0.946279
vt 0.799374 0.945635
vt 0.826262 0.977185
vt 0.808692 0.986461
vt 0.797958 0.946326
vt 0.799178 0.945682
vt 0.789033 0.987147
vt 0.796776 0.946330
vt 0.788837 0.987194
vt 0.796580 0.946377
vt 0.770630 0.979240
vt 0.795316 0.945825
vt 0.727919 0.960471
vt 0.724805 0.959351
vt 0.731331 0.947326
vt 0.733282 0.948973
vt 0.731040 0.961517
vt 0.727902 0.960469
vt 0.733327 0.948895
vt 0.735270 0.949967
vt 0.731049 0.961520
vt 0.735250 0.950026
vt 0.734197 0.962491
vt 0.737305 0.950616
vt 0.734204 0.962493
vt 0.737286 0.950666
vt 0.737380 0.963397
vt 0.739493 0.950891
vt 0.737377 0.963395
vt 0.739511 0.950847
vt 0.740584 0.964227
vt 0.742033 0.950639
vt 0.740584 0.964226
vt 0.742048 0.950602
vt 0.743630 0.964954
vt 0.745099 0.949560
vt 0.743631 0.964954
vt 0.745111 0.949533
vt 0.724785 0.959348
vt 0.721685 0.958155
vt 0.729587 0.944703
vt 0.731425 0.947253
vt 0.721710 0.958168
vt 0.729487 0.944776
vt 0.738242 0.943923
vt 0.738294 0.943905
vt 0.958146 0.048793
vt 0.760362 0.054332
vt 0.765737 0.210530
vt 0.961772 0.208045
vt 0.401263 0.014292
vt 0.269066 0.014292
vt 0.269066 0.197233
vt 0.401263 0.197233
vt 0.019592 0.012954
vt 0.018266 0.284990
vt 0.212860 0.286843
vt 0.214245 0.013903
vt 0.019596 0.012077
vt 0.019459 0.040315
vt 0.214110 0.041638
vt 0.214249 0.013025
vt 0.400960 0.014292
vt 0.269044 0.014292
vt 0.268911 0.197233
vt 0.401108 0.197233
vt 0.979591 0.228438
vt 0.969856 0.221055
vt 0.706101 0.220397
vt 0.701758 0.235423
vt 0.677789 0.053073
vt 0.684730 0.051294
vt 0.700243 0.046744
vt 0.694812 0.032423
vt 0.695777 0.056086
vt 0.689755 0.216590
vt 0.700585 0.211229
vt 0.966361 0.036057
vt 0.682805 0.215276
vt 0.976280 0.026642
vt 0.249587 0.249773
vt 0.242834 0.235606
vt 0.237544 0.235604
vt 0.230810 0.250120
vt 0.018128 0.313367
vt 0.212781 0.314315
vt 0.018132 0.312490
vt 0.212785 0.313438
vt 0.237547 0.215282
vt 0.249678 0.017371
vt 0.242915 0.031490
vt 0.242906 0.053654
vt 0.230810 0.016872
vt 0.237592 0.031488
vt 0.648539 0.229405
vt 0.648943 0.217911
vt 0.586047 0.217358
vt 0.585760 0.225541
vt 0.237587 0.053586
vt 0.242842 0.215288
vt 0.648970 0.214917
vt 0.648779 0.202181
vt 0.585930 0.206179
vt 0.586074 0.214364
vt 0.648624 0.202030
vt 0.649045 0.214567
vt 0.586133 0.214564
vt 0.585854 0.206257
vt 0.649045 0.217579
vt 0.648624 0.230079
vt 0.585854 0.225860
vt 0.586133 0.217577
vt 0.648423 0.233083
vt 0.585653 0.228863
vt 0.648355 0.232397
vt 0.585576 0.228532
vt 0.419868 0.981879
vt 0.419868 0.917308
vt 0.424320 0.917309
vt 0.424320 0.981881
vt 0.428771 0.917309
vt 0.428771 0.981881
vt 0.433223 0.917307
vt 0.433223 0.981879
vt 0.406514 0.981879
vt 0.406514 0.917307
vt 0.410965 0.917306
vt 0.410965 0.981878
vt 0.415417 0.917306
vt 0.415417 0.981878
vt 0.642521 0.039415
vt 0.642173 0.041479
vt 0.647852 0.039200
vt 0.646046 0.037973
vt 0.643669 0.031871
vt 0.644055 0.029515
vt 0.638937 0.032362
vt 0.640279 0.033401
vt 0.639646 0.036925
vt 0.636612 0.037964
vt 0.647969 0.033856
vt 0.646387 0.034420
vt 0.654951 0.038622
vt 0.653339 0.031424
vt 0.633728 0.028813
vt 0.630538 0.035952
vt 0.634418 0.055373
vt 0.640518 0.056634
vt 0.649781 0.025856
vt 0.639163 0.023487
vt 0.646232 0.057891
vt 0.653754 0.058531
vt 0.627031 0.184986
vt 0.634798 0.178350
vt 0.623466 0.174071
vt 0.632935 0.168306
vt 0.642565 0.171714
vt 0.644428 0.181758
vt 0.636661 0.188394
vt 0.640511 0.142497
vt 0.649398 0.090516
vt 0.640314 0.092014
vt 0.630860 0.143580
vt 0.645149 0.084630
vt 0.627666 0.055084
vt 0.621419 0.144852
vt 0.640976 0.084419
vt 0.636717 0.083008
vt 0.631002 0.090295
vt 0.642015 0.039600
vt 0.645627 0.038128
vt 0.647477 0.039343
vt 0.641697 0.041695
vt 0.643054 0.032087
vt 0.639697 0.033636
vt 0.638336 0.032601
vt 0.643378 0.029730
vt 0.639045 0.037178
vt 0.636036 0.038267
vt 0.645868 0.034510
vt 0.647445 0.033900
vt 0.652813 0.031276
vt 0.654678 0.038597
vt 0.629668 0.036353
vt 0.632969 0.029010
vt 0.640152 0.056969
vt 0.633991 0.055764
vt 0.649001 0.025809
vt 0.638476 0.023644
vt 0.653494 0.058775
vt 0.645916 0.058182
vt 0.627617 0.185092
vt 0.624003 0.174236
vt 0.635319 0.178436
vt 0.633405 0.168438
vt 0.643020 0.171779
vt 0.644934 0.181777
vt 0.637232 0.188434
vt 0.640809 0.142677
vt 0.631198 0.143811
vt 0.640316 0.092371
vt 0.649372 0.090818
vt 0.645082 0.084975
vt 0.627402 0.055653
vt 0.621797 0.145132
vt 0.640916 0.084798
vt 0.636646 0.083427
vt 0.631036 0.090713
vt 0.511517 0.443232
vt 0.622624 0.440981
vt 0.616560 0.527754
vt 0.505736 0.523159
vt 0.500142 0.377402
vt 0.610290 0.371863
vt 0.558266 0.346401
vt 0.478693 0.355501
vt 0.473597 0.339893
vt 0.563024 0.329666
vt 0.424959 0.284180
vt 0.470224 0.473219
vt 0.462269 0.485073
vt 0.411630 0.273588
vt 0.475891 0.320902
vt 0.554660 0.311894
vt 0.453695 0.471427
vt 0.409382 0.286365
vt 0.483385 0.435455
vt 0.470537 0.436548
vt 0.465892 0.357402
vt 0.424516 0.275084
vt 0.613506 0.297321
vt 0.618010 0.306895
s 0
usemtl hotdog_stand
f 184/281/135 186/284/135 187/283/135 185/282/135
f 186/284/136 190/286/136 191/285/136 187/283/136
f 190/286/137 188/288/137 189/287/137 191/285/137
f 188/289/138 184/281/138 185/282/138 189/290/138
f 186/284/139 192/292/139 194/291/139 190/286/139
f 191/285/140 189/287/140 185/282/140 187/283/140
f 192/293/141 193/296/141 195/295/141 194/294/141
f 184/281/142 193/298/142 192/297/142 186/284/142
f 190/286/143 194/300/143 195/299/143 188/288/143
f 188/289/144 195/302/144 193/301/144 184/281/144
f 196/303/145 197/306/145 199/305/145 198/304/145
f 198/304/146 199/305/146 201/308/146 200/307/146
f 200/307/147 201/308/147 203/310/147 202/309/147
f 202/309/140 203/310/140 205/312/140 204/311/140
f 204/313/148 205/316/148 207/315/148 206/314/148
f 206/314/149 207/315/149 209/318/149 208/317/149
f 208/317/150 209/318/150 211/320/150 210/319/150
f 210/319/151 211/320/151 213/322/151 212/321/151
f 212/321/152 213/322/152 215/324/152 214/323/152
f 214/323/153 215/324/153 217/326/153 216/325/153
f 216/325/141 217/326/141 219/328/141 218/327/141
f 218/329/154 219/332/154 221/331/154 220/330/154
f 221/331/155 219/332/155 247/334/155 249/333/155
f 220/330/156 221/331/156 223/336/156 222/335/156
f 222/335/157 223/336/157 197/306/157 196/303/157
f 203/310/158 201/308/158 229/338/158 231/337/158
f 236/339/157 238/342/157 259/341/157 258/340/157
f 228/343/153 230/346/153 255/345/153 254/344/153
f 210/319/159 212/321/159 240/347/159 238/342/159
f 213/322/160 211/320/160 239/349/160 241/348/160
f 202/309/161 204/311/161 232/350/161 230/346/161
f 220/330/162 222/335/162 250/352/162 248/351/162
f 205/312/163 203/310/163 231/337/163 233/353/163
f 223/336/164 221/331/164 249/333/164 251/354/164
f 212/321/165 214/323/165 242/355/165 240/347/165
f 215/324/166 213/322/166 241/348/166 243/356/166
f 204/313/167 206/314/167 234/358/167 232/357/167
f 222/335/168 196/303/168 224/359/168 250/352/168
f 196/303/169 198/304/169 225/360/169 224/359/169
f 207/315/170 205/316/170 233/362/170 235/361/170
f 197/306/171 223/336/171 251/354/171 227/363/171
f 199/305/172 197/306/172 227/363/172 226/364/172
f 214/323/173 216/325/173 244/365/173 242/355/173
f 217/326/174 215/324/174 243/356/174 245/366/174
f 206/314/175 208/317/175 236/339/175 234/358/175
f 209/318/176 207/315/176 235/361/176 237/367/176
f 198/304/177 200/307/177 228/343/177 225/360/177
f 216/325/178 218/327/178 246/368/178 244/365/178
f 201/308/179 199/305/179 226/364/179 229/338/179
f 219/328/180 217/326/180 245/366/180 247/369/180
f 208/317/181 210/319/181 238/342/181 236/339/181
f 211/320/182 209/318/182 237/367/182 239/349/182
f 200/307/183 202/309/183 230/346/183 228/343/183
f 218/329/184 220/330/184 248/351/184 246/370/184
f 244/365/140 246/368/140 263/372/140 262/371/140
f 230/346/141 232/350/141 256/373/141 255/345/141
f 238/342/145 240/347/145 260/374/145 259/341/145
f 246/370/148 248/351/148 264/376/148 263/375/148
f 224/359/151 225/360/151 253/378/151 252/377/151
f 232/357/154 234/358/154 257/380/154 256/379/154
f 240/347/146 242/355/146 261/381/146 260/374/146
f 248/351/149 250/352/149 265/382/149 264/376/149
f 225/360/152 228/343/152 254/344/152 253/378/152
f 234/358/156 236/339/156 258/340/156 257/380/156
f 242/355/147 244/365/147 262/371/147 261/381/147
f 250/352/150 224/359/150 252/377/150 265/382/150
f 252/383/135 253/386/135 267/385/135 266/384/135
f 260/387/135 261/390/135 275/389/135 274/388/135
f 253/386/135 254/392/135 268/391/135 267/385/135
f 261/390/135 262/394/135 276/393/135 275/389/135
f 254/392/135 255/396/135 269/395/135 268/391/135
f 262/394/135 263/398/135 277/397/135 276/393/135
f 255/396/135 256/400/135 270/399/135 269/395/135
f 263/401/135 264/404/135 278/403/135 277/402/135
f 256/405/135 257/408/135 271/407/135 270/406/135
f 264/404/135 265/410/135 279/409/135 278/403/135
f 257/408/135 258/412/135 272/411/135 271/407/135
f 265/410/135 252/383/135 266/384/135 279/409/135
f 258/412/135 259/414/135 273/413/135 272/411/135
f 259/414/135 260/387/135 274/388/135 273/413/135
f 275/415/185 276/418/185 290/417/185 289/416/185
f 267/419/186 268/422/186 282/421/186 281/420/186
f 274/423/187 275/415/187 289/416/187 288/424/187
f 266/425/188 267/419/188 281/420/188 280/426/188
f 273/427/189 274/423/189 288/424/189 287/428/189
f 272/429/190 273/427/190 287/428/190 286/430/190
f 279/431/191 266/425/191 280/426/191 293/432/191
f 271/433/192 272/429/192 286/430/192 285/434/192
f 278/435/193 279/431/193 293/432/193 292/436/193
f 270/437/194 271/433/194 285/434/194 284/438/194
f 277/439/195 278/435/195 292/436/195 291/440/195
f 269/441/196 270/444/196 284/443/196 283/442/196
f 276/418/197 277/446/197 291/445/197 290/417/197
f 268/422/198 269/441/198 283/442/198 282/421/198
f 369/447/140 270/450/140 269/449/140 368/448/140
f 377/451/154 278/454/154 277/453/154 376/452/154
f 370/455/148 271/458/148 270/457/148 369/456/148
f 378/459/156 279/460/156 278/454/156 377/451/156
f 371/461/149 272/462/149 271/458/149 370/455/149
f 365/463/157 266/464/157 279/460/157 378/459/157
f 372/465/150 273/466/150 272/462/150 371/461/150
f 373/467/151 274/468/151 273/466/151 372/465/151
f 374/469/152 275/470/152 274/468/152 373/467/152
f 367/471/146 268/474/146 267/473/146 366/472/146
f 375/475/153 276/476/153 275/470/153 374/469/153
f 368/448/147 269/449/147 268/474/147 367/471/147
f 376/452/141 277/453/141 276/476/141 375/475/141
f 290/417/135 291/445/135 294/477/135
f 283/442/135 284/443/135 294/478/135
f 291/440/135 292/436/135 294/478/135
f 284/438/135 285/434/135 294/477/135
f 292/436/135 293/432/135 294/478/135
f 285/434/135 286/430/135 294/477/135
f 293/432/135 280/426/135 294/478/135
f 286/430/135 287/428/135 294/477/135
f 287/428/135 288/424/135 294/477/135
f 280/426/135 281/420/135 294/478/135
f 288/424/135 289/416/135 294/477/135
f 281/420/135 282/421/135 294/478/135
f 289/416/135 290/417/135 294/477/135
f 282/421/135 283/442/135 294/478/135
f 295/479/145 297/482/145 298/481/145 296/480/145
f 297/482/146 299/484/146 300/483/146 298/481/146
f 299/484/147 301/486/147 302/485/147 300/483/147
f 301/486/140 303/488/140 304/487/140 302/485/140
f 303/489/148 305/492/148 306/491/148 304/490/148
f 305/492/149 307/494/149 308/493/149 306/491/149
f 307/494/150 309/496/150 310/495/150 308/493/150
f 309/496/151 311/498/151 312/497/151 310/495/151
f 311/498/152 313/500/152 314/499/152 312/497/152
f 313/500/153 315/502/153 316/501/153 314/499/153
f 315/502/141 317/504/141 318/503/141 316/501/141
f 317/505/154 319/508/154 320/507/154 318/506/154
f 320/507/184 348/510/184 346/509/184 318/506/184
f 319/508/156 321/512/156 322/511/156 320/507/156
f 321/512/157 295/479/157 296/480/157 322/511/157
f 302/485/183 330/514/183 328/513/183 300/483/183
f 335/515/157 357/518/157 358/517/157 337/516/157
f 327/519/153 353/522/153 354/521/153 329/520/153
f 309/496/160 337/516/160 339/523/160 311/498/160
f 312/497/159 340/525/159 338/524/159 310/495/159
f 301/486/163 329/520/163 331/526/163 303/488/163
f 319/508/164 347/528/164 349/527/164 321/512/164
f 304/487/161 332/529/161 330/514/161 302/485/161
f 322/511/162 350/530/162 348/510/162 320/507/162
f 311/498/166 339/523/166 341/531/166 313/500/166
f 314/499/165 342/532/165 340/525/165 312/497/165
f 303/489/170 331/534/170 333/533/170 305/492/170
f 321/512/171 349/527/171 323/535/171 295/479/171
f 295/479/172 323/535/172 324/536/172 297/482/172
f 306/491/167 334/538/167 332/537/167 304/490/167
f 296/480/168 326/539/168 350/530/168 322/511/168
f 298/481/169 325/540/169 326/539/169 296/480/169
f 313/500/174 341/531/174 343/541/174 315/502/174
f 316/501/173 344/542/173 342/532/173 314/499/173
f 305/492/176 333/533/176 335/515/176 307/494/176
f 308/493/175 336/543/175 334/538/175 306/491/175
f 297/482/179 324/536/179 327/519/179 299/484/179
f 315/502/180 343/541/180 345/544/180 317/504/180
f 300/483/177 328/513/177 325/540/177 298/481/177
f 318/503/178 346/545/178 344/542/178 316/501/178
f 307/494/182 335/515/182 337/516/182 309/496/182
f 310/495/181 338/524/181 336/543/181 308/493/181
f 299/484/158 327/519/158 329/520/158 301/486/158
f 317/505/155 345/546/155 347/528/155 319/508/155
f 343/541/140 361/548/140 362/547/140 345/544/140
f 329/520/141 354/521/141 355/549/141 331/526/141
f 337/516/145 358/517/145 359/550/145 339/523/145
f 345/546/148 362/552/148 363/551/148 347/528/148
f 323/535/151 351/554/151 352/553/151 324/536/151
f 331/534/154 355/556/154 356/555/154 333/533/154
f 339/523/146 359/550/146 360/557/146 341/531/146
f 347/528/149 363/551/149 364/558/149 349/527/149
f 324/536/152 352/553/152 353/522/152 327/519/152
f 333/533/156 356/555/156 357/518/156 335/515/156
f 341/531/147 360/557/147 361/548/147 343/541/147
f 349/527/150 364/558/150 351/554/150 323/535/150
f 351/559/137 365/562/137 366/561/137 352/560/137
f 359/563/137 373/566/137 374/565/137 360/564/137
f 352/560/137 366/561/137 367/568/137 353/567/137
f 360/564/137 374/565/137 375/570/137 361/569/137
f 353/567/137 367/568/137 368/572/137 354/571/137
f 361/569/137 375/570/137 376/574/137 362/573/137
f 354/571/137 368/572/137 369/576/137 355/575/137
f 362/577/137 376/580/137 377/579/137 363/578/137
f 355/581/137 369/584/137 370/583/137 356/582/137
f 363/578/137 377/579/137 378/586/137 364/585/137
f 356/582/137 370/583/137 371/588/137 357/587/137
f 364/585/137 378/586/137 365/562/137 351/559/137
f 357/587/137 371/588/137 372/590/137 358/589/137
f 358/589/137 372/590/137 373/566/137 359/563/137
f 374/591/199 388/594/199 389/593/199 375/592/199
f 366/595/200 380/598/200 381/597/200 367/596/200
f 373/599/201 387/600/201 388/594/201 374/591/201
f 365/601/202 379/602/202 380/598/202 366/595/202
f 372/603/203 386/604/203 387/600/203 373/599/203
f 371/605/204 385/606/204 386/604/204 372/603/204
f 378/607/205 392/608/205 379/602/205 365/601/205
f 370/609/206 384/610/206 385/606/206 371/605/206
f 377/611/207 391/612/207 392/608/207 378/607/207
f 369/613/208 383/614/208 384/610/208 370/609/208
f 376/615/209 390/616/209 391/612/209 377/611/209
f 368/617/210 382/620/210 383/619/210 369/618/210
f 375/592/211 389/593/211 390/622/211 376/621/211
f 367/596/212 381/597/212 382/620/212 368/617/212
f 389/593/137 393/623/137 390/622/137
f 382/620/137 393/624/137 383/619/137
f 390/616/137 393/624/137 391/612/137
f 383/614/137 393/623/137 384/610/137
f 391/612/137 393/624/137 392/608/137
f 384/610/137 393/623/137 385/606/137
f 392/608/137 393/624/137 379/602/137
f 385/606/137 393/623/137 386/604/137
f 386/604/137 393/623/137 387/600/137
f 379/602/137 393/624/137 380/598/137
f 387/600/137 393/623/137 388/594/137
f 380/598/137 393/624/137 381/597/137
f 388/594/137 393/623/137 389/593/137
f 381/597/137 393/624/137 382/620/137
f 366/472/145 267/473/145 266/464/145 365/463/145
f 407/625/141 406/628/141 416/627/141 414/626/141
f 397/629/138 396/632/138 400/631/138 401/630/138
f 401/633/213 400/636/213 413/635/213 411/634/213
f 395/637/214 394/640/214 417/639/214 410/638/214
f 399/641/136 398/644/136 394/643/136 395/642/136
f 396/645/215 417/648/215 418/647/215 402/646/215
f 398/649/216 413/652/216 412/651/216 405/650/216
f 405/650/135 412/651/135 414/626/135 409/653/135
f 402/646/137 418/647/137 416/627/137 406/628/137
f 404/654/136 405/650/136 409/653/136 408/655/136
f 403/656/138 402/646/138 406/628/138 407/625/138
f 394/657/217 398/649/217 405/650/217 404/654/217
f 400/658/218 396/645/218 402/646/218 403/656/218
f 395/659/140 410/662/140 420/661/140 415/660/140
f 412/651/219 413/652/219 400/658/219 403/656/219
f 411/634/220 413/635/220 398/664/220 399/663/220
f 414/626/135 412/651/135 403/656/135 407/625/135
f 414/626/141 416/627/141 408/655/141 409/653/141
f 416/627/137 418/647/137 404/654/137 408/655/137
f 418/647/215 417/648/215 394/657/215 404/654/215
f 410/638/221 417/639/221 396/666/221 397/665/221
f 410/662/140 430/667/140 420/661/140
f 399/668/140 425/670/140 419/669/140
f 411/671/140 399/668/140 419/669/140 421/672/140
f 430/673/222 429/676/222 422/675/222 420/674/222
f 425/670/140 427/678/140 430/667/140 433/677/140
f 415/679/136 424/682/136 428/681/136 427/680/136
f 420/674/223 422/675/223 424/682/223 415/679/223
f 425/683/136 431/686/136 426/685/136 419/684/136
f 425/670/140 399/668/140 395/659/140 427/678/140
f 421/687/224 432/690/224 423/689/224 433/688/224
f 423/689/225 431/692/225 425/691/225 433/688/225
f 427/678/140 395/659/140 415/660/140
f 430/667/140 410/662/140 411/671/140 433/677/140
f 433/677/140 411/671/140 421/672/140
f 419/684/226 426/685/226 432/690/226 421/687/226
f 427/693/227 428/694/227 429/676/227 430/673/227
f 435/695/228 436/698/228 467/697/228 466/696/228
f 436/698/229 437/700/229 468/699/229 467/697/229
f 437/700/230 438/702/230 469/701/230 468/699/230
f 438/703/231 439/706/231 470/705/231 469/704/231
f 439/706/232 434/708/232 465/707/232 470/705/232
f 437/709/135 436/712/135 442/711/135 443/710/135
f 434/713/135 439/716/135 445/715/135 440/714/135
f 438/717/135 437/709/135 443/710/135 444/718/135
f 436/712/135 435/720/135 441/719/135 442/711/135
f 439/716/135 438/717/135 444/718/135 445/715/135
f 435/720/135 434/713/135 440/714/135 441/719/135
f 442/711/233 441/719/233 447/722/233 448/721/233
f 445/715/234 444/718/234 450/724/234 451/723/234
f 444/718/135 443/710/135 453/726/135 455/725/135
f 441/719/235 440/714/235 446/727/235 447/722/235
f 440/714/236 445/715/236 451/723/236 446/728/236
f 442/711/237 448/721/237 457/730/237 454/729/237
f 451/731/137 450/733/137 452/732/137
f 449/734/137 448/735/137 452/732/137
f 447/736/137 446/737/137 452/732/137
f 446/737/137 451/731/137 452/732/137
f 450/733/137 449/734/137 452/732/137
f 448/735/137 447/736/137 452/732/137
f 457/738/137 456/741/137 462/740/137 463/739/137
f 454/729/238 457/730/238 463/739/238 460/742/238
f 448/735/137 449/734/137 456/741/137 457/738/137
f 450/724/239 444/718/239 455/725/239 458/743/239
f 449/734/137 450/733/137 458/744/137 456/741/137
f 443/710/135 442/711/135 454/729/135 453/726/135
f 459/745/240 460/742/240 463/739/240 462/740/240
f 461/746/241 459/745/241 462/740/241 464/747/241
f 453/726/135 454/729/135 460/742/135 459/745/135
f 458/743/242 455/725/242 461/746/242 464/747/242
f 456/741/137 458/744/137 464/747/137 462/740/137
f 455/725/135 453/726/135 459/745/135 461/746/135
f 468/748/137 474/751/137 473/750/137 467/749/137
f 465/752/137 471/755/137 476/754/137 470/753/137
f 469/756/137 475/757/137 474/751/137 468/748/137
f 467/749/137 473/750/137 472/759/137 466/758/137
f 470/753/137 476/754/137 475/757/137 469/756/137
f 466/758/137 472/759/137 471/755/137 465/752/137
f 473/750/233 479/761/233 478/760/233 472/759/233
f 476/754/234 482/763/234 481/762/234 475/757/234
f 475/757/137 486/765/137 484/764/137 474/751/137
f 472/759/235 478/760/235 477/766/235 471/755/235
f 471/755/236 477/767/236 482/763/236 476/754/236
f 473/750/237 485/769/237 488/768/237 479/761/237
f 482/770/135 483/772/135 481/771/135
f 480/773/135 483/772/135 479/774/135
f 478/775/135 483/772/135 477/776/135
f 477/776/135 483/772/135 482/770/135
f 481/771/135 483/772/135 480/773/135
f 479/774/135 483/772/135 478/775/135
f 488/777/135 494/780/135 493/779/135 487/778/135
f 485/769/238 491/781/238 494/780/238 488/768/238
f 479/774/135 488/777/135 487/778/135 480/773/135
f 481/762/239 489/782/239 486/765/239 475/757/239
f 480/773/135 487/778/135 489/783/135 481/771/135
f 474/751/137 484/764/137 485/769/137 473/750/137
f 490/784/240 493/779/240 494/780/240 491/781/240
f 492/785/241 495/786/241 493/779/241 490/784/241
f 484/764/137 490/784/137 491/781/137 485/769/137
f 489/782/242 495/786/242 492/785/242 486/765/242
f 487/778/135 493/779/135 495/786/135 489/783/135
f 486/765/137 492/785/137 490/784/137 484/764/137
f 434/708/243 435/695/243 466/696/243 465/707/243
f 496/787/244 498/790/244 499/789/244 497/788/244
f 497/788/245 501/792/245 500/791/245 496/787/245
f 497/793/246 502/796/246 504/795/246 501/794/246
f 499/797/247 503/800/247 502/799/247 497/798/247
f 502/796/140 505/802/140 507/801/140 504/795/140
f 503/800/140 506/804/140 505/803/140 502/799/140
f 497/805/248 501/794/248 507/807/248 505/806/248
f 499/797/249 497/810/249 505/809/249 506/808/249
f 503/800/250 499/797/250 506/808/250
f 504/795/251 507/807/251 501/794/251
o mustard_bottle
v -0.494424 1.661890 -0.914523
v -0.494424 2.031034 -0.914523
v -0.466593 1.661890 -0.930475
v -0.466593 2.031034 -0.930475
v -0.434515 1.661890 -0.930375
v -0.434515 2.031034 -0.930375
v -0.406784 1.661890 -0.914249
v -0.406784 2.031034 -0.914249
v -0.390832 1.661890 -0.886418
v -0.390832 2.031034 -0.886418
v -0.390932 1.661890 -0.854339
v -0.390932 2.031034 -0.854339
v -0.407058 1.661890 -0.826609
v -0.407058 2.031034 -0.826609
v -0.434889 1.661890 -0.810656
v -0.434889 2.031034 -0.810656
v -0.466968 1.661890 -0.810757
v -0.466968 2.031034 -0.810757
v -0.494698 1.661890 -0.826883
v -0.494698 2.031034 -0.826883
v -0.510651 1.661890 -0.854714
v -0.510651 2.031034 -0.854714
v -0.510550 1.661890 -0.886792
v -0.510550 2.031034 -0.886792
v -0.490825 1.657445 -0.910901
v -0.465287 1.657445 -0.925539
v -0.435852 1.657445 -0.925447
v -0.410406 1.657445 -0.910650
v -0.395768 1.657445 -0.885112
v -0.395860 1.657445 -0.855676
v -0.410657 1.657445 -0.830230
v -0.436195 1.657445 -0.815592
v -0.465631 1.657445 -0.815684
v -0.491077 1.657445 -0.830482
v -0.505715 1.657445 -0.856020
v -0.505623 1.657445 -0.885455
v -0.450741 1.657445 -0.870566
v -0.504676 2.034946 -0.856295
v -0.490314 2.034946 -0.831239
v -0.465349 2.034946 -0.816722
v -0.436470 2.034946 -0.816631
v -0.411415 2.034946 -0.830993
v -0.396897 2.034946 -0.855958
v -0.396807 2.034946 -0.884837
v -0.411168 2.034946 -0.909892
v -0.436133 2.034946 -0.924410
v -0.465012 2.034946 -0.924500
v -0.490068 2.034946 -0.910139
v -0.504585 2.034946 -0.885174
v -0.487688 2.040921 -0.860790
v -0.477850 2.040921 -0.843626
v -0.460748 2.040921 -0.833681
v -0.440965 2.040921 -0.833619
v -0.423801 2.040921 -0.843457
v -0.413856 2.040921 -0.860559
v -0.413794 2.040921 -0.880342
v -0.423632 2.040921 -0.897506
v -0.440734 2.040921 -0.907451
v -0.460517 2.040921 -0.907513
v -0.477681 2.040921 -0.897675
v -0.487626 2.040921 -0.880573
v -0.487688 2.057860 -0.860790
v -0.477850 2.057860 -0.843626
v -0.460748 2.057860 -0.833681
v -0.440965 2.057860 -0.833619
v -0.423801 2.057860 -0.843457
v -0.413856 2.057860 -0.860559
v -0.413794 2.057860 -0.880342
v -0.423632 2.057860 -0.897506
v -0.440734 2.057860 -0.907451
v -0.460517 2.057860 -0.907513
v -0.477681 2.057860 -0.897675
v -0.487626 2.057860 -0.880573
v -0.467858 2.057860 -0.866037
v -0.463300 2.057860 -0.858085
v -0.455377 2.057860 -0.853478
v -0.446212 2.057860 -0.853449
v -0.438261 2.057860 -0.858007
v -0.433653 2.057860 -0.865930
v -0.433625 2.057860 -0.875095
v -0.438182 2.057860 -0.883046
v -0.446105 2.057860 -0.887654
v -0.455270 2.057860 -0.887683
v -0.463222 2.057860 -0.883125
v -0.467829 2.057860 -0.875202
v -0.454381 2.121646 -0.869603
v -0.453412 2.121646 -0.867912
v -0.451727 2.121646 -0.866933
v -0.449778 2.121646 -0.866927
v -0.448088 2.121646 -0.867896
v -0.447108 2.121646 -0.869580
v -0.447102 2.121646 -0.871529
v -0.448071 2.121646 -0.873220
v -0.449756 2.121646 -0.874199
v -0.451704 2.121646 -0.874205
v -0.453395 2.121646 -0.873236
v -0.454374 2.121646 -0.871552
v -0.450741 2.121646 -0.870566
vn -0.4973 -0.0000 -0.8676
vn 0.0031 -0.0000 -1.0000
vn 0.5027 -0.0000 -0.8645
vn 0.8676 -0.0000 -0.4973
vn 1.0000 -0.0000 0.0031
vn 0.8645 -0.0000 0.5027
vn 0.4973 -0.0000 0.8676
vn -0.0031 -0.0000 1.0000
vn -0.5027 -0.0000 0.8645
vn -0.8676 -0.0000 0.4973
vn -0.5808 -0.7428 0.3329
vn -1.0000 -0.0000 -0.0031
vn -0.8645 -0.0000 -0.5027
vn -0.3366 -0.7428 0.5788
vn -0.0021 -0.7428 0.6695
vn 0.3329 -0.7428 0.5808
vn 0.5788 -0.7428 0.3366
vn 0.6695 -0.7428 0.0021
vn 0.5809 -0.7428 -0.3329
vn -0.5788 -0.7428 -0.3366
vn -0.3329 -0.7428 -0.5809
vn 0.3366 -0.7428 -0.5788
vn -0.6695 -0.7428 -0.0021
vn 0.0021 -0.7428 -0.6695
vn -0.0000 -1.0000 -0.0000
vn 0.4755 0.8364 -0.2726
vn -0.4738 0.8364 -0.2755
vn -0.2726 0.8364 -0.4755
vn 0.2755 0.8364 -0.4738
vn -0.5481 0.8364 -0.0017
vn 0.0017 0.8364 -0.5481
vn -0.4755 0.8364 0.2726
vn -0.2755 0.8364 0.4738
vn -0.0017 0.8364 0.5481
vn 0.2726 0.8364 0.4755
vn 0.4738 0.8364 0.2755
vn 0.5481 0.8364 0.0017
vn 0.1651 0.9433 0.2881
vn -0.1651 0.9433 -0.2881
vn -0.2881 0.9433 0.1651
vn 0.2881 0.9433 -0.1651
vn 0.2870 0.9433 0.1669
vn -0.1669 0.9433 0.2870
vn 0.1669 0.9433 -0.2870
vn -0.2870 0.9433 -0.1669
vn 0.3320 0.9433 0.0010
vn -0.0010 0.9433 0.3320
vn 0.0010 0.9433 -0.3320
vn -0.3320 0.9433 -0.0010
vn -0.0000 1.0000 -0.0000
vn -0.8489 0.2066 0.4866
vn 0.4919 0.2066 -0.8458
vn 0.8458 0.2066 0.4919
vn -0.4919 0.2066 0.8458
vn 0.0031 0.2066 -0.9784
vn -0.8458 0.2066 -0.4919
vn 0.9784 0.2066 0.0030
vn -0.0031 0.2066 0.9784
vn -0.4866 0.2066 -0.8489
vn -0.9784 0.2066 -0.0031
vn 0.8489 0.2066 -0.4866
vn 0.4866 0.2066 0.8489
vt 0.444432 0.558327
vt 0.410891 0.655650
vt 0.401007 0.651871
vt 0.436280 0.556910
vt 0.391370 0.647857
vt 0.428831 0.554604
vt 0.381997 0.643835
vt 0.421876 0.551404
vt 0.372820 0.639978
vt 0.415036 0.547214
vt 0.363546 0.636093
vt 0.408095 0.541489
vt 0.353840 0.632812
vt 0.400947 0.533546
vt 0.343361 0.630220
vt 0.393927 0.522053
vt 0.330641 0.629746
vt 0.387731 0.503952
vt 0.491450 0.544861
vt 0.450552 0.677254
vt 0.440420 0.669317
vt 0.476261 0.553539
vt 0.430632 0.664049
vt 0.463798 0.557369
vt 0.463223 0.554842
vt 0.474941 0.550686
vt 0.420748 0.659758
vt 0.453418 0.558529
vt 0.488704 0.541727
vt 0.392273 0.503412
vt 0.396949 0.520730
vt 0.403110 0.531997
vt 0.409619 0.539984
vt 0.416146 0.545719
vt 0.422677 0.549933
vt 0.444608 0.556391
vt 0.453271 0.556475
vt 0.436675 0.555187
vt 0.429431 0.553013
vt 0.442791 0.518279
vt 0.381031 0.646094
vt 0.371923 0.642125
vt 0.419720 0.662158
vt 0.409894 0.658154
vt 0.400055 0.654276
vt 0.390383 0.650182
vt 0.429488 0.666405
vt 0.438909 0.671533
vt 0.447954 0.679318
vt 0.343051 0.632928
vt 0.331257 0.632977
vt 0.353174 0.635130
vt 0.362644 0.638478
vt 0.351383 0.642538
vt 0.342536 0.640396
vt 0.406965 0.665632
vt 0.396739 0.662797
vt 0.434209 0.677835
vt 0.425801 0.673602
vt 0.378077 0.653708
vt 0.369156 0.649603
vt 0.360238 0.645847
vt 0.440857 0.683957
vt 0.387235 0.658083
vt 0.416212 0.670247
vt 0.333687 0.641187
vt 0.603312 0.709069
vt 0.597102 0.729215
vt 0.580956 0.722592
vt 0.586945 0.705736
vt 0.586403 0.612405
vt 0.595726 0.630518
vt 0.580979 0.637371
vt 0.572724 0.621817
vt 0.539044 0.571521
vt 0.557422 0.581614
vt 0.548077 0.595507
vt 0.532448 0.586598
vt 0.586865 0.749036
vt 0.571316 0.738715
vt 0.601955 0.649308
vt 0.586416 0.653668
vt 0.573631 0.595704
vt 0.561726 0.607656
vt 0.571851 0.768213
vt 0.555766 0.754629
vt 0.605441 0.668775
vt 0.589427 0.670728
vt 0.605921 0.688796
vt 0.589507 0.688191
vt 0.520041 0.564304
vt 0.513861 0.580575
vt 0.562192 0.659209
vt 0.557218 0.646500
vt 0.542506 0.624290
vt 0.532956 0.615676
vt 0.544095 0.731750
vt 0.552049 0.723363
vt 0.563112 0.672896
vt 0.561548 0.699651
vt 0.564492 0.686463
vt 0.550608 0.634688
vt 0.523248 0.608030
vt 0.512922 0.603646
vt 0.558659 0.712579
vt 0.484043 0.686534
vt 0.485983 0.684838
vt 0.487797 0.677550
vt 0.487183 0.675858
vt 0.484677 0.673006
vt 0.482804 0.672029
vt 0.481150 0.687823
vt 0.488051 0.679330
vt 0.487194 0.683003
vt 0.487876 0.681177
vt 0.486134 0.674355
vt 0.480345 0.671439
vt 0.477209 0.671630
vt 0.481504 0.679128
s 0
usemtl Material.001
f 508/811/252 509/812/252 511/813/252 510/814/252
f 510/814/253 511/813/253 513/815/253 512/816/253
f 512/816/254 513/815/254 515/817/254 514/818/254
f 514/818/255 515/817/255 517/819/255 516/820/255
f 516/820/256 517/819/256 519/821/256 518/822/256
f 518/822/257 519/821/257 521/823/257 520/824/257
f 520/824/258 521/823/258 523/825/258 522/826/258
f 522/826/259 523/825/259 525/827/259 524/828/259
f 524/829/260 525/830/260 527/831/260 526/832/260
f 526/832/261 527/831/261 529/833/261 528/834/261
f 526/832/262 528/834/262 542/835/262 541/836/262
f 528/834/263 529/833/263 531/837/263 530/838/263
f 530/838/264 531/837/264 509/812/264 508/811/264
f 524/829/265 526/832/265 541/836/265 540/839/265
f 522/826/266 524/828/266 540/840/266 539/841/266
f 520/824/267 522/826/267 539/841/267 538/842/267
f 518/822/268 520/824/268 538/842/268 537/843/268
f 516/820/269 518/822/269 537/843/269 536/844/269
f 514/818/270 516/820/270 536/844/270 535/845/270
f 530/838/271 508/811/271 532/846/271 543/847/271
f 508/811/272 510/814/272 533/848/272 532/846/272
f 512/816/273 514/818/273 535/845/273 534/849/273
f 528/834/274 530/838/274 543/847/274 542/835/274
f 510/814/275 512/816/275 534/849/275 533/848/275
f 541/836/276 542/835/276 544/850/276
f 538/842/276 539/841/276 544/850/276
f 535/845/276 536/844/276 544/850/276
f 542/835/276 543/847/276 544/850/276
f 532/846/276 533/848/276 544/850/276
f 539/841/276 540/840/276 544/850/276
f 536/844/276 537/843/276 544/850/276
f 543/847/276 532/846/276 544/850/276
f 533/848/276 534/849/276 544/850/276
f 540/839/276 541/836/276 544/850/276
f 537/843/276 538/842/276 544/850/276
f 534/849/276 535/845/276 544/850/276
f 517/819/277 515/817/277 552/851/277 551/852/277
f 509/812/278 531/837/278 556/853/278 555/854/278
f 511/813/279 509/812/279 555/854/279 554/855/279
f 515/817/280 513/815/280 553/856/280 552/851/280
f 531/837/281 529/833/281 545/857/281 556/853/281
f 513/815/282 511/813/282 554/855/282 553/856/282
f 529/833/283 527/831/283 546/858/283 545/857/283
f 527/831/284 525/830/284 547/859/284 546/858/284
f 525/827/285 523/825/285 548/860/285 547/861/285
f 523/825/286 521/823/286 549/862/286 548/860/286
f 521/823/287 519/821/287 550/863/287 549/862/287
f 519/821/288 517/819/288 551/852/288 550/863/288
f 548/860/289 549/862/289 561/864/289 560/865/289
f 554/855/290 555/854/290 567/866/290 566/867/290
f 545/857/291 546/858/291 558/868/291 557/869/291
f 551/852/292 552/851/292 564/870/292 563/871/292
f 549/862/293 550/863/293 562/872/293 561/864/293
f 546/858/294 547/859/294 559/873/294 558/868/294
f 552/851/295 553/856/295 565/874/295 564/870/295
f 555/854/296 556/853/296 568/875/296 567/866/296
f 550/863/297 551/852/297 563/871/297 562/872/297
f 547/861/298 548/860/298 560/865/298 559/876/298
f 553/856/299 554/855/299 566/867/299 565/874/299
f 556/853/300 545/857/300 557/869/300 568/875/300
f 568/877/263 557/878/263 569/879/263 580/880/263
f 563/881/255 564/882/255 576/883/255 575/884/255
f 560/885/258 561/886/258 573/887/258 572/888/258
f 557/878/261 558/889/261 570/890/261 569/879/261
f 564/882/254 565/891/254 577/892/254 576/883/254
f 561/886/257 562/893/257 574/894/257 573/887/257
f 558/889/260 559/895/260 571/896/260 570/890/260
f 565/891/253 566/897/253 578/898/253 577/892/253
f 567/899/264 568/877/264 580/880/264 579/900/264
f 562/893/256 563/881/256 575/884/256 574/894/256
f 559/901/259 560/885/259 572/888/259 571/902/259
f 566/897/252 567/899/252 579/900/252 578/898/252
f 576/883/301 577/892/301 589/903/301 588/904/301
f 573/887/301 574/894/301 586/905/301 585/906/301
f 570/890/301 571/896/301 583/907/301 582/908/301
f 577/892/301 578/898/301 590/909/301 589/903/301
f 579/900/301 580/880/301 592/910/301 591/911/301
f 574/894/301 575/884/301 587/912/301 586/905/301
f 571/902/301 572/888/301 584/913/301 583/914/301
f 578/898/301 579/900/301 591/911/301 590/909/301
f 580/880/301 569/879/301 581/915/301 592/910/301
f 575/884/301 576/883/301 588/904/301 587/912/301
f 572/888/301 573/887/301 585/906/301 584/913/301
f 569/879/301 570/890/301 582/908/301 581/915/301
f 581/915/302 582/908/302 594/916/302 593/917/302
f 588/904/303 589/903/303 601/918/303 600/919/303
f 585/906/304 586/905/304 598/920/304 597/921/304
f 582/908/305 583/907/305 595/922/305 594/916/305
f 589/903/306 590/909/306 602/923/306 601/918/306
f 591/911/307 592/910/307 604/924/307 603/925/307
f 586/905/308 587/912/308 599/926/308 598/920/308
f 583/914/309 584/913/309 596/927/309 595/928/309
f 590/909/310 591/911/310 603/925/310 602/923/310
f 592/910/311 581/915/311 593/917/311 604/924/311
f 587/912/312 588/904/312 600/919/312 599/926/312
f 584/913/313 585/906/313 597/921/313 596/927/313
f 601/918/301 602/923/301 605/929/301
f 603/925/301 604/924/301 605/929/301
f 598/920/301 599/926/301 605/929/301
f 595/928/301 596/927/301 605/929/301
f 602/923/301 603/925/301 605/929/301
f 604/924/301 593/917/301 605/929/301
f 599/926/301 600/919/301 605/929/301
f 596/927/301 597/921/301 605/929/301
f 593/917/301 594/916/301 605/929/301
f 600/919/301 601/918/301 605/929/301
f 597/921/301 598/920/301 605/929/301
f 594/916/301 595/922/301 605/929/301
o hotdog_cover
v -0.625406 1.675395 -0.301216
v -0.338237 1.675395 -0.301216
v -0.625406 1.675395 -0.496176
v -0.338237 1.675395 -0.496176
v -0.637929 1.664698 -0.508699
v -0.637929 1.664698 -0.288693
v -0.325714 1.664698 -0.288693
v -0.325714 1.664698 -0.508699
v -0.706155 1.664698 -0.576925
v -0.706155 1.664698 -0.220468
v -0.257489 1.664698 -0.220468
v -0.257489 1.664698 -0.576925
v -0.727039 1.670343 -0.597809
v -0.727039 1.670343 -0.199583
v -0.236604 1.670343 -0.199583
v -0.236604 1.670343 -0.597809
v -0.791332 1.670343 -0.662103
v -0.791332 1.670343 -0.135290
v -0.172311 1.670343 -0.135290
v -0.172311 1.670343 -0.662103
v -0.804078 1.660521 -0.674849
v -0.804078 1.660521 -0.122544
v -0.159565 1.660521 -0.122544
v -0.159565 1.660521 -0.674849
vn -0.0000 1.0000 -0.0000
vn 0.6495 0.7604 -0.0000
vn -0.6495 0.7604 -0.0000
vn -0.0000 0.7604 -0.6495
vn -0.0000 0.7604 0.6495
vn -0.0000 0.9654 0.2609
vn -0.0000 0.9654 -0.2609
vn -0.2609 0.9654 -0.0000
vn 0.2609 0.9654 -0.0000
vn 0.6104 0.7921 -0.0000
vn -0.6104 0.7921 -0.0000
vn -0.0000 0.7921 -0.6104
vn -0.0000 0.7921 0.6104
vt 0.306346 0.961677
vt 0.306346 0.711350
vt 0.136398 0.711350
vt 0.136398 0.961677
vt 0.408440 0.884539
vt 0.375411 0.917568
vt 0.375411 0.745003
vt 0.408440 0.778032
vt 0.416413 0.878477
vt 0.416413 0.784095
vt 0.416258 0.784095
vt 0.408285 0.778032
vt 0.408285 0.884539
vt 0.416258 0.878477
vt 0.022570 0.753676
vt 0.030349 0.747762
vt 0.030349 0.895223
vt 0.022570 0.889309
vt 0.022981 0.889309
vt 0.030760 0.895223
vt 0.030760 0.747762
vt 0.022981 0.753676
vt 0.375256 0.745003
vt 0.375256 0.917568
vt 0.062573 0.715538
vt 0.062573 0.927447
vt 0.062983 0.927447
vt 0.062983 0.715538
vt 0.072791 0.705674
vt 0.072791 0.937311
vt 0.073201 0.937311
vt 0.073201 0.705674
vt 0.364938 0.927679
vt 0.364938 0.734893
vt 0.364783 0.734893
vt 0.364783 0.927679
vt 0.103568 0.967677
vt 0.103568 0.675308
vt 0.333813 0.958803
vt 0.333813 0.703768
vt 0.333658 0.703768
vt 0.333658 0.958803
vt 0.103157 0.675308
vt 0.103157 0.967677
vt 0.326023 0.964974
vt 0.326023 0.697597
vt 0.325868 0.697597
vt 0.325868 0.964974
vt 0.110757 0.669288
vt 0.110757 0.973697
vt 0.111168 0.973697
vt 0.111168 0.669288
s 0
usemtl Material.003
f 606/930/314 607/931/314 609/932/314 608/933/314
f 612/934/314 616/935/314 617/936/314 613/937/314
f 607/938/315 612/934/315 613/937/315 609/939/315
f 608/940/316 610/941/316 611/942/316 606/943/316
f 609/944/317 613/945/317 610/946/317 608/947/317
f 606/948/318 611/949/318 612/950/318 607/951/318
f 610/941/314 614/952/314 615/953/314 611/942/314
f 613/945/314 617/954/314 614/955/314 610/946/314
f 611/949/314 615/956/314 616/957/314 612/950/314
f 617/954/319 621/958/319 618/959/319 614/955/319
f 615/956/320 619/960/320 620/961/320 616/957/320
f 616/935/321 620/962/321 621/963/321 617/936/321
f 614/952/322 618/964/322 619/965/322 615/953/322
f 619/960/314 623/966/314 624/967/314 620/961/314
f 620/962/314 624/968/314 625/969/314 621/963/314
f 618/964/314 622/970/314 623/971/314 619/965/314
f 621/958/314 625/972/314 622/973/314 618/959/314
f 624/968/323 628/974/323 629/975/323 625/969/323
f 622/970/324 626/976/324 627/977/324 623/971/324
f 625/972/325 629/978/325 626/979/325 622/973/325
f 623/966/326 627/980/326 628/981/326 624/967/326
o glass_cover
v -0.819952 2.127128 1.320001
v -0.819952 2.108425 1.320001
v -0.819952 2.127128 0.620657
v -0.819952 2.108425 0.620657
v -0.317766 2.127128 1.320001
v -0.317766 2.108425 1.320001
v -0.317766 2.127128 0.620657
v -0.317766 2.108425 0.620657
v -0.819952 2.108425 0.606586
v -0.819952 2.127128 0.606586
v -0.317766 2.127128 0.606586
v -0.317766 2.108425 0.606586
v -0.853942 1.662682 0.620657
v -0.317766 1.662682 0.620657
v -0.853942 1.662682 0.606586
v -0.317766 1.662682 0.606586
vn -1.0000 -0.0000 -0.0000
vn 1.0000 -0.0000 -0.0000
vn -0.0000 -0.0000 1.0000
vn -0.0000 1.0000 -0.0000
vn -0.0000 -1.0000 -0.0000
vn -0.0000 -0.0000 -1.0000
vn -0.9971 0.0760 -0.0000
vt 0.769930 0.344718
vt 0.765805 0.356954
vt 0.693495 0.436485
vt 0.693495 0.272182
vt 0.635545 0.277692
vt 0.667660 0.267346
vt 0.658608 0.316086
vt 0.639211 0.315078
vt 0.854826 0.267989
vt 0.854826 0.432292
vt 0.778391 0.359756
vt 0.782515 0.347520
vt 0.661865 0.398145
vt 0.640424 0.400626
vt 0.675266 0.435063
vt 0.932579 0.321993
vt 0.927175 0.323157
vt 0.891477 0.258561
vt 0.963521 0.261661
vt 0.639854 0.431815
vt 0.887651 0.448663
vt 0.882309 0.450007
vt 0.884789 0.260953
vt 0.923980 0.383917
vt 0.930063 0.385021
vt 0.948801 0.459119
s 0
usemtl Material.004
f 630/982/327 632/985/327 633/984/327 631/983/327
f 637/986/328 641/989/328 640/988/328 636/987/328
f 636/990/328 634/993/328 635/992/328 637/991/328
f 634/993/329 630/982/329 631/983/329 635/992/329
f 632/985/330 630/982/330 634/993/330 636/990/330
f 637/991/331 635/992/331 631/983/331 633/984/331
f 639/994/332 640/988/332 641/989/332 638/995/332
f 636/987/330 640/988/330 639/994/330 632/996/330
f 638/997/333 644/1000/333 642/999/333 633/998/333
f 632/996/327 639/994/327 638/995/327 633/1001/327
f 642/999/331 644/1004/331 645/1003/331 643/1002/331
f 637/1005/328 643/1002/328 645/1007/328 641/1006/328
f 633/998/329 642/999/329 643/1002/329 637/1005/329
f 641/1006/332 645/1007/332 644/1000/332 638/997/332
o hot_dog_cover2
v -0.625406 1.675395 0.333750
v -0.338237 1.675395 0.333750
v -0.625406 1.675395 0.138790
v -0.338237 1.675395 0.138790
v -0.637929 1.664698 0.126267
v -0.637929 1.664698 0.346273
v -0.325714 1.664698 0.346273
v -0.325714 1.664698 0.126267
v -0.706155 1.664698 0.058041
v -0.706155 1.664698 0.414498
v -0.257489 1.664698 0.414498
v -0.257489 1.664698 0.058041
v -0.727039 1.670343 0.037157
v -0.727039 1.670343 0.435383
v -0.236604 1.670343 0.435383
v -0.236604 1.670343 0.037157
v -0.791332 1.670343 -0.027137
v -0.791332 1.670343 0.499676
v -0.172311 1.670343 0.499676
v -0.172311 1.670343 -0.027137
v -0.804078 1.660521 -0.039883
v -0.804078 1.660521 0.512422
v -0.159565 1.660521 0.512422
v -0.159565 1.660521 -0.039883
vn -0.0000 1.0000 -0.0000
vn 0.6495 0.7604 -0.0000
vn -0.6495 0.7604 -0.0000
vn -0.0000 0.7604 -0.6495
vn -0.0000 0.7604 0.6495
vn -0.0000 0.9654 0.2609
vn -0.0000 0.9654 -0.2609
vn -0.2609 0.9654 -0.0000
vn 0.2609 0.9654 -0.0000
vn 0.6104 0.7921 -0.0000
vn -0.6104 0.7921 -0.0000
vn -0.0000 0.7921 -0.6104
vn -0.0000 0.7921 0.6104
vt 0.305688 0.961808
vt 0.305688 0.711481
vt 0.135740 0.711481
vt 0.135740 0.961808
vt 0.408152 0.883898
vt 0.375325 0.916725
vt 0.375325 0.745215
vt 0.408152 0.778042
vt 0.416076 0.877873
vt 0.416076 0.784067
vt 0.415922 0.784067
vt 0.407997 0.778042
vt 0.407997 0.883898
vt 0.415922 0.877873
vt 0.022342 0.753197
vt 0.030114 0.747287
vt 0.030114 0.894631
vt 0.022342 0.888721
vt 0.022752 0.888721
vt 0.030525 0.894631
vt 0.030524 0.747288
vt 0.022752 0.753197
vt 0.375170 0.745215
vt 0.375170 0.916725
vt 0.062312 0.715090
vt 0.062312 0.926829
vt 0.062722 0.926829
vt 0.062722 0.715090
vt 0.072522 0.705233
vt 0.072522 0.936685
vt 0.072932 0.936685
vt 0.072932 0.705234
vt 0.364915 0.926774
vt 0.364915 0.735166
vt 0.364761 0.735166
vt 0.364761 0.926774
vt 0.103274 0.967027
vt 0.103274 0.674892
vt 0.333980 0.957709
vt 0.333980 0.704231
vt 0.333826 0.704231
vt 0.333826 0.957709
vt 0.102864 0.674892
vt 0.102864 0.967027
vt 0.326238 0.963842
vt 0.326238 0.698098
vt 0.326084 0.698098
vt 0.326084 0.963842
vt 0.110458 0.668876
vt 0.110458 0.973042
vt 0.110868 0.973042
vt 0.110868 0.668876
s 0
usemtl Material.002
f 646/1008/334 647/1009/334 649/1010/334 648/1011/334
f 652/1012/334 656/1013/334 657/1014/334 653/1015/334
f 647/1016/335 652/1012/335 653/1015/335 649/1017/335
f 648/1018/336 650/1019/336 651/1020/336 646/1021/336
f 649/1022/337 653/1023/337 650/1024/337 648/1025/337
f 646/1026/338 651/1027/338 652/1028/338 647/1029/338
f 650/1019/334 654/1030/334 655/1031/334 651/1020/334
f 653/1023/334 657/1032/334 654/1033/334 650/1024/334
f 651/1027/334 655/1034/334 656/1035/334 652/1028/334
f 657/1032/339 661/1036/339 658/1037/339 654/1033/339
f 655/1034/340 659/1038/340 660/1039/340 656/1035/340
f 656/1013/341 660/1040/341 661/1041/341 657/1014/341
f 654/1030/342 658/1042/342 659/1043/342 655/1031/342
f 659/1038/334 663/1044/334 664/1045/334 660/1039/334
f 660/1040/334 664/1046/334 665/1047/334 661/1041/334
f 658/1042/334 662/1048/334 663/1049/334 659/1043/334
f 661/1036/334 665/1050/334 662/1051/334 658/1037/334
f 664/1046/343 668/1052/343 669/1053/343 665/1047/343
f 662/1048/344 666/1054/344 667/1055/344 663/1049/344
f 665/1050/345 669/1056/345 666/1057/345 662/1051/345
f 663/1044/346 667/1058/346 668/1059/346 664/1045/346
o metal_bars
v -0.804977 1.871578 1.302154
v -0.354748 1.871578 1.302154
v -0.804977 1.871578 0.611255
v -0.354748 1.871578 0.611255
vn -0.0000 1.0000 -0.0000
vt 0.456228 0.786792
vt 0.622904 0.786792
vt 0.622904 0.953468
vt 0.456228 0.953468
s 0
usemtl mesh
f 670/1060/347 671/1061/347 673/1062/347 672/1063/347
o hotdawgs
v -0.615239 1.861343 0.743535
v -0.449970 1.861343 0.743526
v -0.615699 1.863119 0.756400
v -0.449213 1.863122 0.756360
v -0.616068 1.869859 0.767104
v -0.448605 1.869864 0.767041
v -0.616273 1.880229 0.773525
v -0.448268 1.880234 0.773452
v -0.616273 1.892177 0.774356
v -0.448268 1.892182 0.774283
v -0.616068 1.903336 0.769433
v -0.448605 1.903340 0.769370
v -0.615699 1.911494 0.759766
v -0.449213 1.911496 0.759726
v -0.615239 1.915034 0.747270
v -0.449970 1.915035 0.747261
v -0.614779 1.913257 0.734421
v -0.450728 1.913255 0.734445
v -0.614410 1.906514 0.723759
v -0.451335 1.906510 0.723815
v -0.614205 1.896142 0.717367
v -0.451672 1.896137 0.717437
v -0.614205 1.884194 0.716536
v -0.451672 1.884189 0.716606
v -0.614410 1.873037 0.721430
v -0.451335 1.873034 0.721485
v -0.614779 1.864882 0.731055
v -0.450728 1.864881 0.731079
v -0.501768 1.895640 0.724584
v -0.501768 1.906011 0.730986
v -0.501768 1.912751 0.741690
v -0.501768 1.914525 0.754589
v -0.501768 1.910981 0.767128
v -0.501768 1.902820 0.776847
v -0.501768 1.891657 0.781823
v -0.565655 1.895648 0.724470
v -0.565655 1.906019 0.730873
v -0.565655 1.912759 0.741572
v -0.565655 1.914533 0.754475
v -0.565655 1.910990 0.767006
v -0.565655 1.902829 0.776716
v -0.565655 1.891667 0.781683
v -0.565637 1.860841 0.750740
v -0.565638 1.864385 0.738208
v -0.565642 1.872542 0.728545
v -0.565648 1.883700 0.723639
v -0.501683 1.864377 0.738318
v -0.501675 1.860834 0.750848
v -0.501734 1.883692 0.723751
v -0.501704 1.872535 0.728653
v -0.501680 1.879710 0.780986
v -0.501679 1.869344 0.774513
v -0.501677 1.862607 0.763757
v -0.565684 1.879719 0.780850
v -0.565675 1.869353 0.774386
v -0.565658 1.862615 0.763640
v -0.662899 1.861921 0.735225
v -0.402311 1.861921 0.735221
v -0.664654 1.863716 0.747819
v -0.400417 1.863719 0.747781
v -0.666062 1.870473 0.758291
v -0.398899 1.870477 0.758231
v -0.666843 1.880853 0.764562
v -0.398057 1.880858 0.764488
v -0.666843 1.892800 0.765394
v -0.398057 1.892805 0.765319
v -0.666062 1.903949 0.760620
v -0.398899 1.903953 0.760561
v -0.664654 1.912091 0.751184
v -0.400417 1.912093 0.751147
v -0.662899 1.915612 0.738961
v -0.402311 1.915613 0.738957
v -0.661144 1.913817 0.726370
v -0.404204 1.913815 0.726403
v -0.659736 1.907060 0.715900
v -0.405722 1.907056 0.715960
v -0.658955 1.896680 0.709629
v -0.406564 1.896675 0.709704
v -0.658955 1.884733 0.708798
v -0.406564 1.884728 0.708872
v -0.659736 1.873584 0.713571
v -0.405722 1.873580 0.713631
v -0.661144 1.865443 0.723004
v -0.404204 1.865440 0.723037
v -0.678377 1.869445 0.732134
v -0.390364 1.868312 0.729385
v -0.679906 1.870754 0.741309
v -0.388712 1.869711 0.739153
v -0.681131 1.875680 0.748937
v -0.387387 1.874971 0.747274
v -0.681812 1.883248 0.753506
v -0.386652 1.883049 0.752140
v -0.681812 1.891959 0.754113
v -0.386652 1.892346 0.752787
v -0.681131 1.900087 0.750635
v -0.387387 1.901020 0.749086
v -0.679906 1.906022 0.743763
v -0.388712 1.907353 0.741772
v -0.678377 1.908589 0.734857
v -0.390364 1.910092 0.732292
v -0.676849 1.907280 0.725682
v -0.392016 1.908693 0.722523
v -0.675623 1.902354 0.718054
v -0.393340 1.903433 0.714402
v -0.674943 1.894786 0.713484
v -0.394075 1.895355 0.709536
v -0.674943 1.886075 0.712878
v -0.394075 1.886058 0.708889
v -0.675623 1.877947 0.716356
v -0.393340 1.877384 0.712590
v -0.676849 1.872012 0.723228
v -0.392016 1.871051 0.719904
v -0.383400 1.873072 0.727127
v -0.382110 1.874164 0.734751
v -0.381077 1.878269 0.741090
v -0.380503 1.884575 0.744888
v -0.380503 1.891831 0.745393
v -0.381077 1.898602 0.742505
v -0.382110 1.903545 0.736796
v -0.383400 1.905682 0.729396
v -0.384689 1.904590 0.721772
v -0.385723 1.900485 0.715433
v -0.386297 1.894180 0.711635
v -0.386297 1.886923 0.711130
v -0.385723 1.880153 0.714018
v -0.384689 1.875209 0.719727
v -0.379781 1.889625 0.724695
v -0.680919 1.883396 0.722591
v -0.680587 1.887365 0.720893
v -0.680587 1.891618 0.721189
v -0.680919 1.895314 0.723420
v -0.681518 1.897719 0.727145
v -0.682264 1.898358 0.731625
v -0.683011 1.897105 0.735974
v -0.683609 1.894207 0.739329
v -0.683941 1.890238 0.741027
v -0.683941 1.885985 0.740732
v -0.683609 1.882289 0.738500
v -0.683011 1.879884 0.734776
v -0.682264 1.879244 0.730295
v -0.681518 1.880498 0.725947
v -0.682264 1.888802 0.730960
v -0.615239 1.861343 1.172580
v -0.449970 1.861343 1.172571
v -0.615699 1.863119 1.185445
v -0.449213 1.863122 1.185405
v -0.616068 1.869859 1.196149
v -0.448605 1.869864 1.196086
v -0.616273 1.880229 1.202570
v -0.448268 1.880234 1.202497
v -0.616273 1.892177 1.203401
v -0.448268 1.892182 1.203328
v -0.616068 1.903336 1.198478
v -0.448605 1.903340 1.198415
v -0.615699 1.911493 1.188811
v -0.449213 1.911496 1.188771
v -0.615239 1.915034 1.176316
v -0.449970 1.915035 1.176306
v -0.614779 1.913257 1.163466
v -0.450728 1.913255 1.163490
v -0.614410 1.906513 1.152804
v -0.451335 1.906510 1.152860
v -0.614206 1.896142 1.146412
v -0.451672 1.896137 1.146482
v -0.614206 1.884194 1.145581
v -0.451672 1.884189 1.145651
v -0.614410 1.873037 1.150475
v -0.451335 1.873033 1.150530
v -0.614779 1.864882 1.160100
v -0.450728 1.864881 1.160124
v -0.501769 1.895640 1.153629
v -0.501769 1.906011 1.160031
v -0.501769 1.912751 1.170735
v -0.501769 1.914525 1.183634
v -0.501769 1.910981 1.196173
v -0.501769 1.902820 1.205892
v -0.501769 1.891657 1.210868
v -0.565655 1.895648 1.153515
v -0.565655 1.906018 1.159918
v -0.565655 1.912759 1.170618
v -0.565655 1.914533 1.183520
v -0.565655 1.910990 1.196051
v -0.565655 1.902829 1.205761
v -0.565655 1.891667 1.210728
v -0.565637 1.860841 1.179785
v -0.565638 1.864385 1.167253
v -0.565642 1.872542 1.157590
v -0.565648 1.883700 1.152684
v -0.501683 1.864377 1.167364
v -0.501675 1.860834 1.179893
v -0.501735 1.883692 1.152796
v -0.501704 1.872535 1.157698
v -0.501680 1.879710 1.210032
v -0.501679 1.869344 1.203558
v -0.501678 1.862607 1.192802
v -0.565684 1.879719 1.209895
v -0.565675 1.869353 1.203431
v -0.565658 1.862615 1.192685
v -0.662899 1.861921 1.164271
v -0.402311 1.861921 1.164266
v -0.664654 1.863716 1.176864
v -0.400418 1.863719 1.176826
v -0.666062 1.870473 1.187336
v -0.398899 1.870477 1.187276
v -0.666843 1.880853 1.193608
v -0.398057 1.880858 1.193533
v -0.666843 1.892800 1.194439
v -0.398057 1.892805 1.194364
v -0.666062 1.903949 1.189665
v -0.398899 1.903953 1.189606
v -0.664654 1.912091 1.180229
v -0.400418 1.912093 1.180192
v -0.662899 1.915612 1.168006
v -0.402311 1.915613 1.168002
v -0.661144 1.913817 1.155415
v -0.404204 1.913815 1.155448
v -0.659736 1.907060 1.144945
v -0.405722 1.907056 1.145005
v -0.658955 1.896680 1.138674
v -0.406564 1.896675 1.138749
v -0.658955 1.884733 1.137843
v -0.406564 1.884727 1.137917
v -0.659736 1.873584 1.142616
v -0.405722 1.873580 1.142676
v -0.661144 1.865443 1.152049
v -0.404204 1.865440 1.152082
v -0.678377 1.869445 1.161179
v -0.390364 1.868312 1.158430
v -0.679906 1.870754 1.170354
v -0.388712 1.869711 1.168198
v -0.681132 1.875680 1.177982
v -0.387387 1.874971 1.176319
v -0.681812 1.883248 1.182552
v -0.386652 1.883049 1.181185
v -0.681812 1.891959 1.183158
v -0.386652 1.892346 1.181832
v -0.681132 1.900087 1.179680
v -0.387387 1.901020 1.178131
v -0.679906 1.906022 1.172808
v -0.388712 1.907353 1.170817
v -0.678377 1.908589 1.163902
v -0.390364 1.910092 1.161337
v -0.676849 1.907280 1.154727
v -0.392016 1.908692 1.151568
v -0.675623 1.902354 1.147099
v -0.393340 1.903433 1.143447
v -0.674943 1.894786 1.142529
v -0.394075 1.895355 1.138581
v -0.674943 1.886075 1.141923
v -0.394075 1.886058 1.137934
v -0.675623 1.877947 1.145401
v -0.393340 1.877384 1.141635
v -0.676849 1.872012 1.152273
v -0.392016 1.871050 1.148949
v -0.383400 1.873072 1.156172
v -0.382111 1.874164 1.163796
v -0.381077 1.878269 1.170135
v -0.380503 1.884575 1.173933
v -0.380503 1.891831 1.174438
v -0.381077 1.898601 1.171550
v -0.382111 1.903545 1.165841
v -0.383400 1.905682 1.158441
v -0.384689 1.904590 1.150817
v -0.385723 1.900485 1.144478
v -0.386297 1.894180 1.140680
v -0.386297 1.886923 1.140175
v -0.385723 1.880153 1.143063
v -0.384689 1.875209 1.148772
v -0.379781 1.889625 1.153740
v -0.680920 1.883396 1.151636
v -0.680587 1.887365 1.149938
v -0.680587 1.891618 1.150234
v -0.680920 1.895314 1.152465
v -0.681518 1.897719 1.156190
v -0.682264 1.898358 1.160670
v -0.683011 1.897105 1.165019
v -0.683609 1.894207 1.168375
v -0.683941 1.890238 1.170073
v -0.683941 1.885985 1.169777
v -0.683609 1.882289 1.167545
v -0.683011 1.879884 1.163821
v -0.682264 1.879244 1.159340
v -0.681518 1.880498 1.154992
v -0.682264 1.888801 1.160005
v -0.615239 1.861343 1.092304
v -0.449970 1.861343 1.092295
v -0.615699 1.863119 1.105170
v -0.449213 1.863122 1.105130
v -0.616068 1.869859 1.115874
v -0.448605 1.869864 1.115810
v -0.616273 1.880229 1.122294
v -0.448268 1.880234 1.122221
v -0.616273 1.892177 1.123126
v -0.448268 1.892182 1.123052
v -0.616068 1.903336 1.118203
v -0.448605 1.903340 1.118140
v -0.615699 1.911493 1.108536
v -0.449213 1.911496 1.108495
v -0.615239 1.915034 1.096040
v -0.449970 1.915035 1.096031
v -0.614779 1.913257 1.083191
v -0.450728 1.913255 1.083214
v -0.614410 1.906513 1.072529
v -0.451335 1.906510 1.072584
v -0.614206 1.896142 1.066137
v -0.451672 1.896137 1.066206
v -0.614206 1.884194 1.065306
v -0.451672 1.884189 1.065375
v -0.614410 1.873037 1.070199
v -0.451335 1.873033 1.070255
v -0.614779 1.864882 1.079825
v -0.450728 1.864881 1.079849
v -0.501769 1.895640 1.073353
v -0.501769 1.906011 1.079756
v -0.501769 1.912751 1.090459
v -0.501769 1.914525 1.103359
v -0.501769 1.910981 1.115898
v -0.501769 1.902820 1.125617
v -0.501769 1.891657 1.130592
v -0.565655 1.895648 1.073240
v -0.565655 1.906018 1.079643
v -0.565655 1.912759 1.090342
v -0.565655 1.914533 1.103244
v -0.565655 1.910990 1.115775
v -0.565655 1.902829 1.125486
v -0.565655 1.891667 1.130453
v -0.565637 1.860841 1.099509
v -0.565638 1.864385 1.086977
v -0.565642 1.872542 1.077314
v -0.565648 1.883700 1.072409
v -0.501683 1.864377 1.087088
v -0.501675 1.860834 1.099617
v -0.501735 1.883692 1.072520
v -0.501704 1.872535 1.077422
v -0.501680 1.879710 1.129756
v -0.501679 1.869344 1.123282
v -0.501678 1.862607 1.112526
v -0.565684 1.879719 1.129619
v -0.565675 1.869353 1.123155
v -0.565658 1.862615 1.112409
v -0.662899 1.861921 1.083995
v -0.402311 1.861921 1.083991
v -0.664654 1.863716 1.096588
v -0.400418 1.863719 1.096551
v -0.666062 1.870473 1.107060
v -0.398899 1.870477 1.107001
v -0.666843 1.880853 1.113332
v -0.398057 1.880858 1.113258
v -0.666843 1.892800 1.114163
v -0.398057 1.892805 1.114089
v -0.666062 1.903949 1.109390
v -0.398899 1.903953 1.109330
v -0.664654 1.912091 1.099954
v -0.400418 1.912093 1.099917
v -0.662899 1.915612 1.087731
v -0.402311 1.915613 1.087727
v -0.661144 1.913817 1.075139
v -0.404204 1.913815 1.075172
v -0.659736 1.907060 1.064670
v -0.405722 1.907056 1.064730
v -0.658955 1.896680 1.058398
v -0.406564 1.896675 1.058473
v -0.658955 1.884733 1.057567
v -0.406564 1.884727 1.057642
v -0.659736 1.873584 1.062341
v -0.405722 1.873580 1.062400
v -0.661144 1.865443 1.071773
v -0.404204 1.865440 1.071806
v -0.678377 1.869445 1.080903
v -0.390364 1.868312 1.078154
v -0.679906 1.870754 1.090078
v -0.388712 1.869711 1.087922
v -0.681132 1.875680 1.097706
v -0.387387 1.874971 1.096043
v -0.681812 1.883248 1.102276
v -0.386652 1.883049 1.100909
v -0.681812 1.891959 1.102882
v -0.386652 1.892346 1.101556
v -0.681132 1.900087 1.099405
v -0.387387 1.901020 1.097856
v -0.679906 1.906022 1.092532
v -0.388712 1.907353 1.090541
v -0.678377 1.908589 1.083627
v -0.390364 1.910092 1.081061
v -0.676849 1.907280 1.074451
v -0.392016 1.908692 1.071293
v -0.675623 1.902354 1.066823
v -0.393340 1.903433 1.063172
v -0.674943 1.894786 1.062254
v -0.394075 1.895355 1.058306
v -0.674943 1.886075 1.061648
v -0.394075 1.886058 1.057659
v -0.675623 1.877947 1.065125
v -0.393340 1.877384 1.061359
v -0.676849 1.872012 1.071997
v -0.392016 1.871050 1.068674
v -0.383400 1.873072 1.075897
v -0.382111 1.874164 1.083521
v -0.381077 1.878269 1.089860
v -0.380503 1.884575 1.093658
v -0.380503 1.891831 1.094163
v -0.381077 1.898601 1.091274
v -0.382111 1.903545 1.085565
v -0.383400 1.905682 1.078165
v -0.384689 1.904590 1.070541
v -0.385723 1.900485 1.064202
v -0.386297 1.894180 1.060404
v -0.386297 1.886923 1.059899
v -0.385723 1.880153 1.062788
v -0.384689 1.875209 1.068497
v -0.379781 1.889625 1.073465
v -0.680920 1.883396 1.071361
v -0.680587 1.887365 1.069663
v -0.680587 1.891618 1.069958
v -0.680920 1.895314 1.072190
v -0.681518 1.897719 1.075914
v -0.682264 1.898358 1.080395
v -0.683011 1.897105 1.084743
v -0.683609 1.894207 1.088099
v -0.683941 1.890238 1.089797
v -0.683941 1.885985 1.089501
v -0.683609 1.882289 1.087270
v -0.683011 1.879884 1.083545
v -0.682264 1.879244 1.079065
v -0.681518 1.880498 1.074716
v -0.682264 1.888801 1.079730
v -0.615239 1.861343 1.009146
v -0.449970 1.861343 1.009137
v -0.615699 1.863119 1.022011
v -0.449213 1.863122 1.021971
v -0.616068 1.869859 1.032715
v -0.448605 1.869864 1.032652
v -0.616273 1.880229 1.039136
v -0.448268 1.880234 1.039062
v -0.616273 1.892177 1.039967
v -0.448268 1.892182 1.039894
v -0.616068 1.903336 1.035044
v -0.448605 1.903340 1.034981
v -0.615699 1.911493 1.025377
v -0.449213 1.911496 1.025337
v -0.615239 1.915034 1.012881
v -0.449970 1.915035 1.012872
v -0.614779 1.913257 1.000032
v -0.450728 1.913255 1.000056
v -0.614410 1.906513 0.989370
v -0.451335 1.906510 0.989426
v -0.614206 1.896142 0.982978
v -0.451672 1.896137 0.983048
v -0.614206 1.884194 0.982147
v -0.451672 1.884189 0.982217
v -0.614410 1.873037 0.987041
v -0.451335 1.873033 0.987096
v -0.614779 1.864882 0.996666
v -0.450728 1.864881 0.996690
v -0.501769 1.895640 0.990195
v -0.501769 1.906011 0.996597
v -0.501769 1.912751 1.007300
v -0.501769 1.914525 1.020200
v -0.501769 1.910981 1.032739
v -0.501769 1.902820 1.042458
v -0.501769 1.891657 1.047434
v -0.565655 1.895648 0.990081
v -0.565655 1.906018 0.996484
v -0.565655 1.912759 1.007184
v -0.565655 1.914533 1.020086
v -0.565655 1.910990 1.032617
v -0.565655 1.902829 1.042327
v -0.565655 1.891667 1.047294
v -0.565637 1.860841 1.016351
v -0.565638 1.864385 1.003819
v -0.565642 1.872542 0.994156
v -0.565648 1.883700 0.989250
v -0.501683 1.864377 1.003929
v -0.501675 1.860834 1.016459
v -0.501735 1.883692 0.989362
v -0.501704 1.872535 0.994264
v -0.501680 1.879710 1.046597
v -0.501679 1.869344 1.040124
v -0.501678 1.862607 1.029368
v -0.565684 1.879719 1.046461
v -0.565675 1.869353 1.039997
v -0.565658 1.862615 1.029251
v -0.662899 1.861921 1.000836
v -0.402311 1.861921 1.000832
v -0.664654 1.863716 1.013430
v -0.400418 1.863719 1.013392
v -0.666062 1.870473 1.023902
v -0.398899 1.870477 1.023842
v -0.666843 1.880853 1.030174
v -0.398057 1.880858 1.030099
v -0.666843 1.892800 1.031005
v -0.398057 1.892805 1.030930
v -0.666062 1.903949 1.026231
v -0.398899 1.903953 1.026171
v -0.664654 1.912091 1.016795
v -0.400418 1.912093 1.016758
v -0.662899 1.915612 1.004572
v -0.402311 1.915613 1.004568
v -0.661144 1.913817 0.991981
v -0.404204 1.913815 0.992014
v -0.659736 1.907060 0.981511
v -0.405722 1.907056 0.981571
v -0.658955 1.896680 0.975240
v -0.406564 1.896675 0.975314
v -0.658955 1.884733 0.974409
v -0.406564 1.884727 0.974483
v -0.659736 1.873584 0.979182
v -0.405722 1.873580 0.979242
v -0.661144 1.865443 0.988615
v -0.404204 1.865440 0.988648
v -0.678377 1.869445 0.997744
v -0.390364 1.868312 0.994996
v -0.679906 1.870754 1.006920
v -0.388712 1.869711 1.004764
v -0.681132 1.875680 1.014548
v -0.387387 1.874971 1.012885
v -0.681812 1.883248 1.019117
v -0.386652 1.883049 1.017751
v -0.681812 1.891959 1.019724
v -0.386652 1.892346 1.018398
v -0.681132 1.900087 1.016246
v -0.387387 1.901020 1.014697
v -0.679906 1.906022 1.009374
v -0.388712 1.907353 1.007383
v -0.678377 1.908589 1.000468
v -0.390364 1.910092 0.997903
v -0.676849 1.907280 0.991293
v -0.392016 1.908692 0.988134
v -0.675623 1.902354 0.983665
v -0.393340 1.903433 0.980013
v -0.674943 1.894786 0.979095
v -0.394075 1.895355 0.975147
v -0.674943 1.886075 0.978489
v -0.394075 1.886058 0.974500
v -0.675623 1.877947 0.981966
v -0.393340 1.877384 0.978201
v -0.676849 1.872012 0.988839
v -0.392016 1.871050 0.985515
v -0.383400 1.873072 0.992738
v -0.382111 1.874164 1.000362
v -0.381077 1.878269 1.006701
v -0.380503 1.884575 1.010499
v -0.380503 1.891831 1.011004
v -0.381077 1.898601 1.008116
v -0.382111 1.903545 1.002407
v -0.383400 1.905682 0.995007
v -0.384689 1.904590 0.987383
v -0.385723 1.900485 0.981044
v -0.386297 1.894180 0.977246
v -0.386297 1.886923 0.976741
v -0.385723 1.880153 0.979629
v -0.384689 1.875209 0.985338
v -0.379781 1.889625 0.990306
v -0.680920 1.883396 0.988202
v -0.680587 1.887365 0.986504
v -0.680587 1.891618 0.986800
v -0.680920 1.895314 0.989031
v -0.681518 1.897719 0.992756
v -0.682264 1.898358 0.997236
v -0.683011 1.897105 1.001585
v -0.683609 1.894207 1.004941
v -0.683941 1.890238 1.006638
v -0.683941 1.885985 1.006343
v -0.683609 1.882289 1.004111
v -0.683011 1.879884 1.000387
v -0.682264 1.879244 0.995906
v -0.681518 1.880498 0.991558
v -0.682264 1.888801 0.996571
v -0.615239 1.861343 0.923974
v -0.449970 1.861343 0.923965
v -0.615699 1.863119 0.936840
v -0.449213 1.863122 0.936800
v -0.616068 1.869859 0.947544
v -0.448605 1.869864 0.947480
v -0.616273 1.880229 0.953965
v -0.448268 1.880234 0.953891
v -0.616273 1.892177 0.954796
v -0.448268 1.892182 0.954723
v -0.616068 1.903336 0.949873
v -0.448605 1.903340 0.949810
v -0.615699 1.911493 0.940206
v -0.449213 1.911496 0.940166
v -0.615239 1.915034 0.927710
v -0.449970 1.915035 0.927701
v -0.614779 1.913257 0.914861
v -0.450728 1.913255 0.914885
v -0.614410 1.906513 0.904199
v -0.451335 1.906510 0.904254
v -0.614206 1.896142 0.897807
v -0.451672 1.896137 0.897877
v -0.614206 1.884194 0.896976
v -0.451672 1.884189 0.897045
v -0.614410 1.873037 0.901870
v -0.451335 1.873033 0.901925
v -0.614779 1.864882 0.911495
v -0.450728 1.864881 0.911519
v -0.501769 1.895640 0.905024
v -0.501769 1.906011 0.911426
v -0.501769 1.912751 0.922129
v -0.501769 1.914525 0.935029
v -0.501769 1.910981 0.947568
v -0.501769 1.902820 0.957287
v -0.501769 1.891657 0.962263
v -0.565655 1.895648 0.904910
v -0.565655 1.906018 0.911313
v -0.565655 1.912759 0.922012
v -0.565655 1.914533 0.934914
v -0.565655 1.910990 0.947446
v -0.565655 1.902829 0.957156
v -0.565655 1.891667 0.962123
v -0.565637 1.860841 0.931180
v -0.565638 1.864385 0.918647
v -0.565642 1.872542 0.908985
v -0.565648 1.883700 0.904079
v -0.501683 1.864377 0.918758
v -0.501675 1.860834 0.931288
v -0.501735 1.883692 0.904190
v -0.501704 1.872535 0.909093
v -0.501680 1.879710 0.961426
v -0.501679 1.869344 0.954953
v -0.501677 1.862607 0.944197
v -0.565684 1.879719 0.961290
v -0.565675 1.869353 0.954826
v -0.565658 1.862615 0.944080
v -0.662899 1.861921 0.915665
v -0.402311 1.861921 0.915661
v -0.664654 1.863716 0.928258
v -0.400418 1.863719 0.928221
v -0.666062 1.870473 0.938731
v -0.398899 1.870477 0.938671
v -0.666843 1.880853 0.945002
v -0.398057 1.880858 0.944928
v -0.666843 1.892800 0.945834
v -0.398057 1.892805 0.945759
v -0.666062 1.903949 0.941060
v -0.398899 1.903953 0.941000
v -0.664654 1.912091 0.931624
v -0.400418 1.912093 0.931587
v -0.662899 1.915612 0.919401
v -0.402311 1.915613 0.919397
v -0.661144 1.913817 0.906809
v -0.404204 1.913815 0.906842
v -0.659736 1.907060 0.896340
v -0.405722 1.907056 0.896400
v -0.658955 1.896680 0.890069
v -0.406564 1.896675 0.890143
v -0.658955 1.884733 0.889237
v -0.406564 1.884727 0.889312
v -0.659736 1.873584 0.894011
v -0.405722 1.873580 0.894071
v -0.661144 1.865443 0.903444
v -0.404204 1.865440 0.903477
v -0.678377 1.869445 0.912573
v -0.390364 1.868312 0.909824
v -0.679906 1.870754 0.921749
v -0.388712 1.869711 0.919592
v -0.681132 1.875680 0.929377
v -0.387387 1.874971 0.927714
v -0.681812 1.883248 0.933946
v -0.386652 1.883049 0.932580
v -0.681812 1.891959 0.934552
v -0.386652 1.892346 0.933227
v -0.681132 1.900087 0.931075
v -0.387387 1.901020 0.929526
v -0.679906 1.906022 0.924203
v -0.388712 1.907353 0.922211
v -0.678377 1.908589 0.915297
v -0.390364 1.910092 0.912731
v -0.676849 1.907280 0.906121
v -0.392016 1.908693 0.902963
v -0.675623 1.902354 0.898493
v -0.393340 1.903433 0.894842
v -0.674943 1.894786 0.893924
v -0.394075 1.895355 0.889976
v -0.674943 1.886075 0.893318
v -0.394075 1.886058 0.889329
v -0.675623 1.877947 0.896795
v -0.393340 1.877384 0.893029
v -0.676849 1.872012 0.903667
v -0.392016 1.871050 0.900344
v -0.383400 1.873072 0.907567
v -0.382111 1.874164 0.915191
v -0.381077 1.878269 0.921530
v -0.380503 1.884575 0.925328
v -0.380503 1.891831 0.925833
v -0.381077 1.898601 0.922945
v -0.382111 1.903545 0.917235
v -0.383400 1.905682 0.909836
v -0.384689 1.904590 0.902211
v -0.385723 1.900485 0.895872
v -0.386297 1.894180 0.892074
v -0.386297 1.886923 0.891569
v -0.385723 1.880153 0.894458
v -0.384689 1.875209 0.900167
v -0.379781 1.889625 0.905135
v -0.680919 1.883396 0.903031
v -0.680587 1.887365 0.901333
v -0.680587 1.891618 0.901629
v -0.680919 1.895314 0.903860
v -0.681518 1.897719 0.907585
v -0.682264 1.898358 0.912065
v -0.683011 1.897105 0.916414
v -0.683609 1.894207 0.919769
v -0.683941 1.890238 0.921467
v -0.683941 1.885985 0.921171
v -0.683609 1.882289 0.918940
v -0.683011 1.879884 0.915215
v -0.682264 1.879244 0.910735
v -0.681518 1.880498 0.906386
v -0.682264 1.888801 0.911400
v -0.615239 1.861343 0.833324
v -0.449970 1.861343 0.833315
v -0.615699 1.863119 0.846190
v -0.449213 1.863122 0.846150
v -0.616068 1.869859 0.856894
v -0.448605 1.869864 0.856830
v -0.616273 1.880229 0.863314
v -0.448268 1.880234 0.863241
v -0.616273 1.892177 0.864146
v -0.448268 1.892182 0.864072
v -0.616068 1.903336 0.859223
v -0.448605 1.903340 0.859159
v -0.615699 1.911493 0.849556
v -0.449213 1.911496 0.849515
v -0.615239 1.915034 0.837060
v -0.449970 1.915035 0.837051
v -0.614779 1.913257 0.824211
v -0.450728 1.913255 0.824234
v -0.614410 1.906513 0.813549
v -0.451335 1.906510 0.813604
v -0.614206 1.896142 0.807157
v -0.451672 1.896137 0.807226
v -0.614206 1.884194 0.806326
v -0.451672 1.884189 0.806395
v -0.614410 1.873037 0.811219
v -0.451335 1.873033 0.811275
v -0.614779 1.864882 0.820845
v -0.450728 1.864881 0.820869
v -0.501769 1.895640 0.814373
v -0.501769 1.906011 0.820776
v -0.501769 1.912751 0.831479
v -0.501769 1.914525 0.844379
v -0.501769 1.910981 0.856918
v -0.501769 1.902820 0.866637
v -0.501769 1.891657 0.871612
v -0.565655 1.895648 0.814260
v -0.565655 1.906018 0.820663
v -0.565655 1.912759 0.831362
v -0.565655 1.914533 0.844264
v -0.565655 1.910990 0.856795
v -0.565655 1.902829 0.866506
v -0.565655 1.891667 0.871472
v -0.565637 1.860841 0.840529
v -0.565638 1.864385 0.827997
v -0.565642 1.872542 0.818334
v -0.565648 1.883700 0.813429
v -0.501683 1.864377 0.828108
v -0.501675 1.860834 0.840637
v -0.501734 1.883692 0.813540
v -0.501704 1.872535 0.818442
v -0.501680 1.879710 0.870776
v -0.501679 1.869344 0.864302
v -0.501677 1.862607 0.853546
v -0.565684 1.879719 0.870639
v -0.565675 1.869353 0.864175
v -0.565658 1.862615 0.853429
v -0.662899 1.861921 0.825015
v -0.402311 1.861921 0.825011
v -0.664654 1.863716 0.837608
v -0.400418 1.863719 0.837571
v -0.666062 1.870473 0.848080
v -0.398899 1.870477 0.848021
v -0.666843 1.880853 0.854352
v -0.398057 1.880858 0.854277
v -0.666843 1.892800 0.855183
v -0.398057 1.892805 0.855109
v -0.666062 1.903949 0.850410
v -0.398899 1.903953 0.850350
v -0.664654 1.912091 0.840974
v -0.400418 1.912093 0.840937
v -0.662899 1.915612 0.828751
v -0.402311 1.915613 0.828747
v -0.661144 1.913817 0.816159
v -0.404204 1.913815 0.816192
v -0.659736 1.907060 0.805690
v -0.405722 1.907056 0.805749
v -0.658955 1.896680 0.799418
v -0.406564 1.896675 0.799493
v -0.658955 1.884733 0.798587
v -0.406564 1.884727 0.798662
v -0.659736 1.873584 0.803361
v -0.405722 1.873580 0.803420
v -0.661144 1.865443 0.812793
v -0.404204 1.865440 0.812826
v -0.678377 1.869445 0.821923
v -0.390364 1.868312 0.819174
v -0.679906 1.870754 0.831098
v -0.388712 1.869711 0.828942
v -0.681132 1.875680 0.838726
v -0.387387 1.874971 0.837063
v -0.681812 1.883248 0.843296
v -0.386652 1.883049 0.841929
v -0.681812 1.891959 0.843902
v -0.386652 1.892346 0.842576
v -0.681132 1.900087 0.840425
v -0.387387 1.901020 0.838876
v -0.679906 1.906022 0.833552
v -0.388712 1.907353 0.831561
v -0.678377 1.908589 0.824647
v -0.390364 1.910092 0.822081
v -0.676849 1.907280 0.815471
v -0.392016 1.908693 0.812313
v -0.675623 1.902354 0.807843
v -0.393340 1.903433 0.804192
v -0.674943 1.894786 0.803274
v -0.394075 1.895355 0.799326
v -0.674943 1.886075 0.802667
v -0.394075 1.886058 0.798679
v -0.675623 1.877947 0.806145
v -0.393340 1.877384 0.802379
v -0.676849 1.872012 0.813017
v -0.392016 1.871050 0.809694
v -0.383400 1.873072 0.816916
v -0.382111 1.874164 0.824541
v -0.381077 1.878269 0.830880
v -0.380503 1.884575 0.834678
v -0.380503 1.891831 0.835183
v -0.381077 1.898601 0.832294
v -0.382111 1.903545 0.826585
v -0.383400 1.905682 0.819185
v -0.384689 1.904590 0.811561
v -0.385723 1.900485 0.805222
v -0.386297 1.894180 0.801424
v -0.386297 1.886923 0.800919
v -0.385723 1.880153 0.803807
v -0.384689 1.875209 0.809517
v -0.379781 1.889625 0.814485
v -0.680919 1.883396 0.812380
v -0.680587 1.887365 0.810682
v -0.680587 1.891618 0.810978
v -0.680919 1.895314 0.813210
v -0.681518 1.897719 0.816934
v -0.682264 1.898358 0.821415
v -0.683011 1.897105 0.825763
v -0.683609 1.894207 0.829119
v -0.683941 1.890238 0.830817
v -0.683941 1.885985 0.830521
v -0.683609 1.882289 0.828290
v -0.683011 1.879884 0.824565
v -0.682264 1.879244 0.820085
v -0.681518 1.880498 0.815736
v -0.682264 1.888801 0.820750
vn -0.0297 -0.9903 0.1359
vn -0.0850 -0.8444 0.5290
vn -0.1271 -0.5244 0.8419
vn -0.1436 -0.0686 0.9873
vn -0.1270 0.4028 0.9064
vn -0.0850 0.7629 0.6409
vn -0.0297 0.9619 0.2717
vn 0.0298 0.9903 -0.1360
vn 0.0859 0.8432 -0.5308
vn 0.1285 0.5216 -0.8435
vn 0.1451 0.0687 -0.9870
vn 0.1285 -0.3997 -0.9076
vn -0.1548 0.3996 0.9035
vn 0.0859 -0.7615 -0.6424
vn 0.0298 -0.9619 -0.2719
vn -0.1015 0.8422 -0.5295
vn -0.0290 0.9903 -0.1360
vn -0.0837 0.8434 -0.5308
vn 0.1237 0.4035 0.9066
vn -0.1253 0.5219 -0.8438
vn 0.0827 0.7633 0.6407
vn 0.0289 0.9620 0.2716
vn 0.0004 0.9907 -0.1362
vn 0.0011 0.8461 -0.5330
vn -0.0019 0.4068 0.9135
vn 0.0016 0.5253 -0.8509
vn -0.0012 0.7657 0.6432
vn -0.0004 0.9623 0.2720
vn 0.0004 -0.9623 -0.2721
vn 0.0018 0.0695 -0.9976
vn 0.0010 -0.7642 -0.6450
vn 0.0015 -0.4024 -0.9155
vn -0.1254 -0.4001 -0.9079
vn -0.1416 0.0686 -0.9875
vn -0.0838 -0.7618 -0.6424
vn -0.0291 -0.9619 -0.2718
vn 0.0356 -0.9617 -0.2717
vn 0.0828 -0.8447 0.5288
vn 0.1238 -0.5251 0.8420
vn 0.0289 -0.9903 0.1358
vn -0.0011 -0.8474 0.5310
vn -0.0018 -0.5294 0.8484
vn -0.0004 -0.9907 0.1362
vn 0.1400 -0.0684 0.9878
vn -0.0022 -0.0697 0.9976
vn -0.0358 -0.9901 0.1358
vn 0.1557 0.3999 0.9032
vn -0.0355 -0.9617 -0.2717
vn 0.0358 -0.9901 0.1357
vn 0.1518 0.5201 -0.8405
vn -0.1507 0.5203 -0.8406
vn -0.1032 0.7614 0.6400
vn 0.1036 0.7616 0.6397
vn -0.1032 -0.8427 0.5284
vn 0.1708 0.0684 -0.9829
vn 0.1036 -0.8429 0.5281
vn -0.1694 0.0684 -0.9832
vn -0.0358 0.9617 0.2716
vn 0.0358 0.9618 0.2715
vn -0.1548 -0.5209 0.8395
vn 0.1518 -0.3987 -0.9044
vn 0.1557 -0.5211 0.8392
vn -0.1507 -0.3989 -0.9046
vn 0.0356 0.9901 -0.1359
vn -0.0355 0.9901 -0.1359
vn -0.1749 -0.0683 0.9822
vn 0.1020 -0.7607 -0.6410
vn 0.1761 -0.0683 0.9820
vn -0.1015 -0.7608 -0.6410
vn 0.1020 0.8422 -0.5295
vn 0.3278 0.9265 -0.1848
vn -0.5177 -0.7512 0.4096
vn -0.3030 0.7800 -0.5476
vn 0.6182 -0.6997 0.3582
vn 0.1678 0.8156 -0.5537
vn -0.5762 -0.4564 0.6780
vn -0.2579 0.4841 -0.8362
vn 0.7067 -0.4085 0.5777
vn 0.0425 0.5130 -0.8574
vn -0.5989 -0.0556 0.7989
vn -0.2414 0.0674 -0.9681
vn 0.7379 -0.0468 0.6732
vn -0.0060 0.0694 -0.9976
vn -0.5762 0.3581 0.7347
vn -0.2579 -0.3636 -0.8952
vn 0.7067 0.3246 0.6287
vn 0.0425 -0.3893 -0.9201
vn -0.5177 0.6872 0.5096
vn -0.3030 -0.6966 -0.6503
vn 0.6182 0.6434 0.4516
vn 0.1678 -0.7311 -0.6613
vn -0.4429 0.8775 0.1841
vn -0.3678 -0.8768 -0.3099
vn 0.4861 0.8576 0.1681
vn -0.4429 -0.8945 0.0608
vn 0.3279 -0.8920 -0.3113
vn -0.3678 0.9112 -0.1854
vn 0.4861 -0.8726 0.0478
vn 0.4619 -0.8274 -0.3195
vn 0.7399 -0.3952 0.5443
vn 0.5695 0.8108 0.1350
vn 0.2693 0.0668 -0.9607
vn 0.7665 -0.0446 0.6407
vn 0.4626 0.8633 -0.2019
vn 0.2950 -0.3537 -0.8876
vn 0.5689 -0.8221 0.0216
vn 0.7401 0.3160 0.5936
vn 0.3655 0.7530 -0.5472
vn 0.3648 -0.6702 -0.6463
vn 0.6681 -0.6696 0.3246
vn 0.6685 0.6179 0.4139
vn 0.2954 0.4731 -0.8300
vn 0.9422 -0.2403 -0.2336
vn 0.9645 0.2458 -0.0970
vn 0.9422 0.2703 -0.1980
vn 0.9645 -0.2300 -0.1301
vn 0.9205 0.2420 -0.3068
vn 0.9831 -0.1776 -0.0453
vn 0.9045 0.1566 -0.3967
vn 0.9952 -0.0973 0.0112
vn 0.8986 0.0305 -0.4377
vn 0.9994 -0.0024 0.0351
vn 0.9045 -0.1002 -0.4145
vn 0.9952 0.0948 0.0246
vn 0.9205 -0.1971 -0.3374
vn 0.9831 0.1822 -0.0203
vn -0.9541 -0.2970 0.0385
vn -0.9590 0.2755 0.0669
vn -0.8277 0.2337 -0.5103
vn -0.8781 -0.3981 -0.2655
vn -0.9780 -0.1650 0.1277
vn -0.9278 0.3692 -0.0528
vn -0.8139 0.0403 -0.5796
vn -0.9867 -0.0113 0.1621
vn -0.8914 0.4038 -0.2061
vn -0.8186 -0.1667 -0.5497
vn -0.9186 -0.3828 -0.0984
vn -0.9798 0.1422 0.1408
vn -0.8557 0.3611 -0.3707
vn -0.8418 -0.3251 -0.4309
vn -0.9861 0.0115 -0.1659
vn 0.6681 -0.6695 0.3246
vt 0.966513 0.917124
vt 0.967437 0.930437
vt 0.964670 0.930680
vt 0.964039 0.917629
vt 0.961962 0.930860
vt 0.961614 0.917966
vt 0.959296 0.930958
vt 0.959217 0.918115
vt 0.956648 0.930966
vt 0.956821 0.918096
vt 0.953972 0.930879
vt 0.954398 0.917865
vt 0.951243 0.930710
vt 0.951924 0.917446
vt 0.948445 0.930478
vt 0.949373 0.916861
vt 0.945563 0.930214
vt 0.946712 0.916147
vt 0.942597 0.929958
vt 0.943900 0.915354
vt 0.939541 0.929747
vt 0.940878 0.914540
vt 0.977584 0.914205
vt 0.979265 0.929404
vt 0.976192 0.929601
vt 0.974572 0.914968
vt 0.973196 0.929859
vt 0.971735 0.915748
vt 0.955974 0.907644
vt 0.957558 0.907969
vt 0.970278 0.930149
vt 0.969066 0.916484
vt 0.944087 0.964263
vt 0.946917 0.963523
vt 0.951152 0.974767
vt 0.948867 0.976631
vt 0.945595 0.948794
vt 0.948501 0.948513
vt 0.949585 0.962851
vt 0.942607 0.949067
vt 0.954073 0.948072
vt 0.956765 0.947959
vt 0.957113 0.961672
vt 0.954658 0.961901
vt 0.939541 0.949291
vt 0.941037 0.965013
vt 0.951323 0.948263
vt 0.952138 0.962291
vt 0.970510 0.948541
vt 0.967636 0.948320
vt 0.979570 0.949031
vt 0.976488 0.948928
vt 0.973462 0.948756
vt 0.975132 0.964193
vt 0.972247 0.963520
vt 0.978273 0.964865
vt 0.969538 0.962891
vt 0.966951 0.962348
vt 0.963910 0.906988
vt 0.965632 0.906094
vt 0.962105 0.948002
vt 0.964838 0.948130
vt 0.964447 0.961926
vt 0.961966 0.961678
vt 0.959422 0.947951
vt 0.959530 0.961591
vt 0.962278 0.907589
vt 0.958027 0.971685
vt 0.956478 0.972028
vt 0.966135 0.973531
vt 0.964316 0.972631
vt 0.962641 0.972062
vt 0.946206 0.901085
vt 0.948689 0.903314
vt 0.945997 0.979254
vt 0.954349 0.907076
vt 0.954874 0.972606
vt 0.960698 0.907944
vt 0.969567 0.903123
vt 0.972203 0.900486
vt 0.961082 0.971722
vt 0.973235 0.979140
vt 0.970486 0.976736
vt 0.952640 0.906220
vt 0.953112 0.973475
vt 0.959133 0.908081
vt 0.967493 0.904832
vt 0.959559 0.971591
vt 0.968157 0.974857
vt 0.950785 0.905000
vt 0.954466 0.976091
vt 0.953201 0.977542
vt 0.960168 0.905403
vt 0.961271 0.905053
vt 0.952796 0.900507
vt 0.953717 0.902393
vt 0.962207 0.974435
vt 0.960911 0.974056
vt 0.951984 0.979614
vt 0.959072 0.905523
vt 0.952153 0.897494
vt 0.959617 0.973928
vt 0.950824 0.982656
vt 0.957989 0.905424
vt 0.965459 0.900200
vt 0.966068 0.897545
vt 0.958327 0.974045
vt 0.968694 0.982213
vt 0.967392 0.979536
vt 0.956898 0.905112
vt 0.964523 0.902179
vt 0.957041 0.974423
vt 0.966101 0.977515
vt 0.955813 0.904547
vt 0.963472 0.903521
vt 0.955752 0.975084
vt 0.964811 0.976093
vt 0.954744 0.903673
vt 0.962377 0.904444
vt 0.963510 0.975096
vt 0.963558 0.977392
vt 0.962664 0.976459
vt 0.960677 0.975451
vt 0.959641 0.975324
vt 0.956620 0.976445
vt 0.955745 0.977390
vt 0.964979 0.983017
vt 0.964840 0.980426
vt 0.958597 0.975436
vt 0.955023 0.978706
vt 0.964319 0.978680
vt 0.961692 0.975823
vt 0.957583 0.975807
vt 0.954576 0.980499
vt 0.954668 0.982957
vt 0.959744 0.980170
vt 0.959896 0.903532
vt 0.960629 0.903259
vt 0.957014 0.902765
vt 0.957691 0.903238
vt 0.956268 0.898333
vt 0.955862 0.899840
vt 0.961315 0.902781
vt 0.961909 0.902079
vt 0.959148 0.903611
vt 0.956424 0.902060
vt 0.962492 0.899899
vt 0.962101 0.898380
vt 0.958410 0.903500
vt 0.955996 0.901094
vt 0.962342 0.901128
vt 0.959173 0.900808
s 0
usemtl Hotdog
f 674/1064/348 716/1065/348 729/1066/348 676/1067/348
f 676/1067/349 729/1066/349 728/1068/349 678/1069/349
f 678/1069/350 728/1068/350 727/1070/350 680/1071/350
f 680/1071/351 727/1070/351 715/1072/351 682/1073/351
f 682/1073/352 715/1072/352 714/1074/352 684/1075/352
f 684/1075/353 714/1074/353 713/1076/353 686/1077/353
f 686/1077/354 713/1076/354 712/1078/354 688/1079/354
f 688/1079/355 712/1078/355 711/1080/355 690/1081/355
f 690/1081/356 711/1080/356 710/1082/356 692/1083/356
f 692/1083/357 710/1082/357 709/1084/357 694/1085/357
f 694/1086/358 709/1087/358 719/1088/358 696/1089/358
f 696/1089/359 719/1088/359 718/1090/359 698/1091/359
f 682/1073/360 684/1075/360 740/1092/360 738/1093/360
f 698/1091/361 718/1090/361 717/1094/361 700/1095/361
f 700/1095/362 717/1094/362 716/1065/362 674/1064/362
f 693/1096/363 691/1097/363 747/1098/363 749/1099/363
f 704/1100/364 705/1101/364 689/1102/364 691/1097/364
f 703/1103/365 704/1100/365 691/1097/365 693/1096/365
f 707/1104/366 708/1105/366 683/1106/366 685/1107/366
f 702/1108/367 703/1103/367 693/1096/367 695/1109/367
f 706/1110/368 707/1104/368 685/1107/368 687/1111/368
f 705/1101/369 706/1110/369 687/1111/369 689/1102/369
f 711/1080/370 712/1078/370 705/1101/370 704/1100/370
f 710/1082/371 711/1080/371 704/1100/371 703/1103/371
f 714/1074/372 715/1072/372 708/1105/372 707/1104/372
f 709/1084/373 710/1082/373 703/1103/373 702/1108/373
f 713/1076/374 714/1074/374 707/1104/374 706/1110/374
f 712/1078/375 713/1076/375 706/1110/375 705/1101/375
f 716/1065/376 717/1094/376 720/1112/376 721/1113/376
f 719/1088/377 709/1087/377 702/1114/377 722/1115/377
f 717/1094/378 718/1090/378 723/1116/378 720/1112/378
f 718/1090/379 719/1088/379 722/1115/379 723/1116/379
f 723/1116/380 722/1115/380 697/1117/380 699/1118/380
f 722/1115/381 702/1114/381 695/1119/381 697/1117/381
f 720/1112/382 723/1116/382 699/1118/382 701/1120/382
f 721/1113/383 720/1112/383 701/1120/383 675/1121/383
f 700/1095/384 674/1064/384 730/1122/384 756/1123/384
f 725/1124/385 726/1125/385 677/1126/385 679/1127/385
f 724/1128/386 725/1124/386 679/1127/386 681/1129/386
f 726/1125/387 721/1113/387 675/1121/387 677/1126/387
f 728/1068/388 729/1066/388 726/1125/388 725/1124/388
f 727/1070/389 728/1068/389 725/1124/389 724/1128/389
f 729/1066/390 716/1065/390 721/1113/390 726/1125/390
f 708/1105/391 724/1128/391 681/1129/391 683/1106/391
f 715/1072/392 727/1070/392 724/1128/392 708/1105/392
f 674/1064/393 676/1067/393 732/1130/393 730/1122/393
f 685/1107/394 683/1106/394 739/1131/394 741/1132/394
f 675/1121/395 701/1120/395 757/1133/395 731/1134/395
f 677/1126/396 675/1121/396 731/1134/396 733/1135/396
f 692/1083/397 694/1085/397 750/1136/397 748/1137/397
f 695/1109/398 693/1096/398 749/1099/398 751/1138/398
f 684/1075/399 686/1077/399 742/1139/399 740/1092/399
f 687/1111/400 685/1107/400 741/1132/400 743/1140/400
f 676/1067/401 678/1069/401 734/1141/401 732/1130/401
f 694/1086/402 696/1089/402 752/1142/402 750/1143/402
f 679/1127/403 677/1126/403 733/1135/403 735/1144/403
f 697/1117/404 695/1119/404 751/1145/404 753/1146/404
f 686/1077/405 688/1079/405 744/1147/405 742/1139/405
f 689/1102/406 687/1111/406 743/1140/406 745/1148/406
f 678/1069/407 680/1071/407 736/1149/407 734/1141/407
f 696/1089/408 698/1091/408 754/1150/408 752/1142/408
f 681/1129/409 679/1127/409 735/1144/409 737/1151/409
f 699/1118/410 697/1117/410 753/1146/410 755/1152/410
f 688/1079/411 690/1081/411 746/1153/411 744/1147/411
f 691/1097/412 689/1102/412 745/1148/412 747/1098/412
f 680/1071/413 682/1073/413 738/1093/413 736/1149/413
f 698/1091/414 700/1095/414 756/1123/414 754/1150/414
f 683/1106/415 681/1129/415 737/1151/415 739/1131/415
f 701/1120/416 699/1118/416 755/1152/416 757/1133/416
f 690/1081/417 692/1083/417 748/1137/417 746/1153/417
f 747/1098/418 745/1148/418 773/1154/418 775/1155/418
f 732/1130/419 734/1141/419 762/1156/419 760/1157/419
f 746/1153/420 748/1137/420 776/1158/420 774/1159/420
f 735/1144/421 733/1135/421 761/1160/421 763/1161/421
f 749/1099/422 747/1098/422 775/1155/422 777/1162/422
f 734/1141/423 736/1149/423 764/1163/423 762/1156/423
f 748/1137/424 750/1136/424 778/1164/424 776/1158/424
f 737/1151/425 735/1144/425 763/1161/425 765/1165/425
f 751/1138/426 749/1099/426 777/1162/426 779/1166/426
f 736/1149/427 738/1093/427 766/1167/427 764/1163/427
f 750/1143/428 752/1142/428 780/1168/428 778/1169/428
f 739/1131/429 737/1151/429 765/1165/429 767/1170/429
f 753/1146/430 751/1145/430 779/1171/430 781/1172/430
f 738/1093/431 740/1092/431 768/1173/431 766/1167/431
f 752/1142/432 754/1150/432 782/1174/432 780/1168/432
f 741/1132/433 739/1131/433 767/1170/433 769/1175/433
f 755/1152/434 753/1146/434 781/1172/434 783/1176/434
f 740/1092/435 742/1139/435 770/1177/435 768/1173/435
f 754/1150/436 756/1123/436 784/1178/436 782/1174/436
f 743/1140/437 741/1132/437 769/1175/437 771/1179/437
f 757/1133/438 755/1152/438 783/1176/438 785/1180/438
f 742/1139/439 744/1147/439 772/1181/439 770/1177/439
f 756/1123/440 730/1122/440 758/1182/440 784/1178/440
f 745/1148/441 743/1140/441 771/1179/441 773/1154/441
f 730/1122/442 732/1130/442 760/1157/442 758/1182/442
f 731/1134/443 757/1133/443 785/1180/443 759/1183/443
f 744/1147/444 746/1153/444 774/1159/444 772/1181/444
f 733/1135/445 731/1134/445 759/1183/445 761/1160/445
f 759/1183/446 785/1180/446 799/1184/446 786/1185/446
f 765/1165/447 763/1161/447 788/1186/447 789/1187/447
f 773/1154/448 771/1179/448 792/1188/448 793/1189/448
f 781/1172/449 779/1171/449 796/1190/449 797/1191/449
f 767/1170/450 765/1165/450 789/1187/450 790/1192/450
f 775/1155/451 773/1154/451 793/1189/451 794/1193/451
f 783/1176/452 781/1172/452 797/1191/452 798/1194/452
f 761/1160/453 759/1183/453 786/1185/453 787/1195/453
f 769/1175/454 767/1170/454 790/1192/454 791/1196/454
f 777/1162/455 775/1155/455 794/1193/455 795/1197/455
f 785/1180/456 783/1176/456 798/1194/456 799/1184/456
f 763/1161/457 761/1160/457 787/1195/457 788/1186/457
f 771/1179/458 769/1175/458 791/1196/458 792/1188/458
f 779/1166/459 777/1162/459 795/1197/459 796/1198/459
f 786/1185/460 799/1184/460 800/1199/460
f 793/1189/461 792/1188/461 800/1199/461
f 794/1193/462 793/1189/462 800/1199/462
f 787/1195/463 786/1185/463 800/1199/463
f 795/1197/464 794/1193/464 800/1199/464
f 788/1186/465 787/1195/465 800/1199/465
f 796/1198/466 795/1197/466 800/1199/466
f 789/1187/467 788/1186/467 800/1199/467
f 797/1191/468 796/1190/468 800/1199/468
f 790/1192/469 789/1187/469 800/1199/469
f 798/1194/470 797/1191/470 800/1199/470
f 791/1196/471 790/1192/471 800/1199/471
f 799/1184/472 798/1194/472 800/1199/472
f 792/1188/473 791/1196/473 800/1199/473
f 760/1157/474 762/1156/474 811/1200/474 812/1201/474
f 768/1173/475 770/1177/475 807/1202/475 808/1203/475
f 776/1158/476 778/1164/476 803/1204/476 804/1205/476
f 784/1178/477 758/1182/477 813/1206/477 814/1207/477
f 762/1156/478 764/1163/478 810/1208/478 811/1200/478
f 770/1177/479 772/1181/479 806/1209/479 807/1202/479
f 778/1169/480 780/1168/480 802/1210/480 803/1211/480
f 764/1163/481 766/1167/481 809/1212/481 810/1208/481
f 772/1181/482 774/1159/482 805/1213/482 806/1209/482
f 780/1168/483 782/1174/483 801/1214/483 802/1210/483
f 758/1182/484 760/1157/484 812/1201/484 813/1206/484
f 766/1167/485 768/1173/485 808/1203/485 809/1212/485
f 774/1159/486 776/1158/486 804/1205/486 805/1213/486
f 782/1174/487 784/1178/487 814/1207/487 801/1214/487
f 808/1203/488 807/1202/488 815/1215/488
f 801/1214/488 814/1207/488 815/1215/488
f 809/1212/488 808/1203/488 815/1215/488
f 802/1210/488 801/1214/488 815/1215/488
f 810/1208/488 809/1212/488 815/1215/488
f 803/1211/488 802/1210/488 815/1215/488
f 811/1200/488 810/1208/488 815/1215/488
f 804/1205/488 803/1204/488 815/1215/488
f 812/1201/488 811/1200/488 815/1215/488
f 805/1213/488 804/1205/488 815/1215/488
f 813/1206/488 812/1201/488 815/1215/488
f 806/1209/488 805/1213/488 815/1215/488
f 814/1207/488 813/1206/488 815/1215/488
f 807/1202/488 806/1209/488 815/1215/488
f 816/1064/348 858/1065/348 871/1066/348 818/1067/348
f 818/1067/349 871/1066/349 870/1068/349 820/1069/349
f 820/1069/350 870/1068/350 869/1070/350 822/1071/350
f 822/1071/351 869/1070/351 857/1072/351 824/1073/351
f 824/1073/352 857/1072/352 856/1074/352 826/1075/352
f 826/1075/353 856/1074/353 855/1076/353 828/1077/353
f 828/1077/354 855/1076/354 854/1078/354 830/1079/354
f 830/1079/355 854/1078/355 853/1080/355 832/1081/355
f 832/1081/356 853/1080/356 852/1082/356 834/1083/356
f 834/1083/357 852/1082/357 851/1084/357 836/1085/357
f 836/1086/358 851/1087/358 861/1088/358 838/1089/358
f 838/1089/359 861/1088/359 860/1090/359 840/1091/359
f 824/1073/360 826/1075/360 882/1092/360 880/1093/360
f 840/1091/361 860/1090/361 859/1094/361 842/1095/361
f 842/1095/362 859/1094/362 858/1065/362 816/1064/362
f 835/1096/363 833/1097/363 889/1098/363 891/1099/363
f 846/1100/364 847/1101/364 831/1102/364 833/1097/364
f 845/1103/365 846/1100/365 833/1097/365 835/1096/365
f 849/1104/366 850/1105/366 825/1106/366 827/1107/366
f 844/1108/367 845/1103/367 835/1096/367 837/1109/367
f 848/1110/368 849/1104/368 827/1107/368 829/1111/368
f 847/1101/369 848/1110/369 829/1111/369 831/1102/369
f 853/1080/370 854/1078/370 847/1101/370 846/1100/370
f 852/1082/371 853/1080/371 846/1100/371 845/1103/371
f 856/1074/372 857/1072/372 850/1105/372 849/1104/372
f 851/1084/373 852/1082/373 845/1103/373 844/1108/373
f 855/1076/374 856/1074/374 849/1104/374 848/1110/374
f 854/1078/375 855/1076/375 848/1110/375 847/1101/375
f 858/1065/376 859/1094/376 862/1112/376 863/1113/376
f 861/1088/377 851/1087/377 844/1114/377 864/1115/377
f 859/1094/378 860/1090/378 865/1116/378 862/1112/378
f 860/1090/379 861/1088/379 864/1115/379 865/1116/379
f 865/1116/380 864/1115/380 839/1117/380 841/1118/380
f 864/1115/381 844/1114/381 837/1119/381 839/1117/381
f 862/1112/382 865/1116/382 841/1118/382 843/1120/382
f 863/1113/383 862/1112/383 843/1120/383 817/1121/383
f 842/1095/384 816/1064/384 872/1122/384 898/1123/384
f 867/1124/385 868/1125/385 819/1126/385 821/1127/385
f 866/1128/386 867/1124/386 821/1127/386 823/1129/386
f 868/1125/387 863/1113/387 817/1121/387 819/1126/387
f 870/1068/388 871/1066/388 868/1125/388 867/1124/388
f 869/1070/389 870/1068/389 867/1124/389 866/1128/389
f 871/1066/390 858/1065/390 863/1113/390 868/1125/390
f 850/1105/391 866/1128/391 823/1129/391 825/1106/391
f 857/1072/392 869/1070/392 866/1128/392 850/1105/392
f 816/1064/393 818/1067/393 874/1130/393 872/1122/393
f 827/1107/394 825/1106/394 881/1131/394 883/1132/394
f 817/1121/395 843/1120/395 899/1133/395 873/1134/395
f 819/1126/396 817/1121/396 873/1134/396 875/1135/396
f 834/1083/397 836/1085/397 892/1136/397 890/1137/397
f 837/1109/398 835/1096/398 891/1099/398 893/1138/398
f 826/1075/399 828/1077/399 884/1139/399 882/1092/399
f 829/1111/400 827/1107/400 883/1132/400 885/1140/400
f 818/1067/401 820/1069/401 876/1141/401 874/1130/401
f 836/1086/402 838/1089/402 894/1142/402 892/1143/402
f 821/1127/403 819/1126/403 875/1135/403 877/1144/403
f 839/1117/404 837/1119/404 893/1145/404 895/1146/404
f 828/1077/405 830/1079/405 886/1147/405 884/1139/405
f 831/1102/406 829/1111/406 885/1140/406 887/1148/406
f 820/1069/407 822/1071/407 878/1149/407 876/1141/407
f 838/1089/408 840/1091/408 896/1150/408 894/1142/408
f 823/1129/409 821/1127/409 877/1144/409 879/1151/409
f 841/1118/410 839/1117/410 895/1146/410 897/1152/410
f 830/1079/411 832/1081/411 888/1153/411 886/1147/411
f 833/1097/412 831/1102/412 887/1148/412 889/1098/412
f 822/1071/413 824/1073/413 880/1093/413 878/1149/413
f 840/1091/414 842/1095/414 898/1123/414 896/1150/414
f 825/1106/415 823/1129/415 879/1151/415 881/1131/415
f 843/1120/416 841/1118/416 897/1152/416 899/1133/416
f 832/1081/417 834/1083/417 890/1137/417 888/1153/417
f 889/1098/418 887/1148/418 915/1154/418 917/1155/418
f 874/1130/419 876/1141/419 904/1156/419 902/1157/419
f 888/1153/420 890/1137/420 918/1158/420 916/1159/420
f 877/1144/421 875/1135/421 903/1160/421 905/1161/421
f 891/1099/422 889/1098/422 917/1155/422 919/1162/422
f 876/1141/423 878/1149/423 906/1163/423 904/1156/423
f 890/1137/424 892/1136/424 920/1164/424 918/1158/424
f 879/1151/425 877/1144/425 905/1161/425 907/1165/425
f 893/1138/426 891/1099/426 919/1162/426 921/1166/426
f 878/1149/427 880/1093/427 908/1167/427 906/1163/427
f 892/1143/428 894/1142/428 922/1168/428 920/1169/428
f 881/1131/429 879/1151/429 907/1165/429 909/1170/429
f 895/1146/430 893/1145/430 921/1171/430 923/1172/430
f 880/1093/431 882/1092/431 910/1173/431 908/1167/431
f 894/1142/432 896/1150/432 924/1174/432 922/1168/432
f 883/1132/433 881/1131/433 909/1170/433 911/1175/433
f 897/1152/434 895/1146/434 923/1172/434 925/1176/434
f 882/1092/435 884/1139/435 912/1177/435 910/1173/435
f 896/1150/436 898/1123/436 926/1178/436 924/1174/436
f 885/1140/437 883/1132/437 911/1175/437 913/1179/437
f 899/1133/438 897/1152/438 925/1176/438 927/1180/438
f 884/1139/439 886/1147/439 914/1181/439 912/1177/439
f 898/1123/440 872/1122/440 900/1182/440 926/1178/440
f 887/1148/441 885/1140/441 913/1179/441 915/1154/441
f 872/1122/442 874/1130/442 902/1157/442 900/1182/442
f 873/1134/443 899/1133/443 927/1180/443 901/1183/443
f 886/1147/444 888/1153/444 916/1159/444 914/1181/444
f 875/1135/445 873/1134/445 901/1183/445 903/1160/445
f 901/1183/446 927/1180/446 941/1184/446 928/1185/446
f 907/1165/447 905/1161/447 930/1186/447 931/1187/447
f 915/1154/448 913/1179/448 934/1188/448 935/1189/448
f 923/1172/449 921/1171/449 938/1190/449 939/1191/449
f 909/1170/450 907/1165/450 931/1187/450 932/1192/450
f 917/1155/451 915/1154/451 935/1189/451 936/1193/451
f 925/1176/452 923/1172/452 939/1191/452 940/1194/452
f 903/1160/453 901/1183/453 928/1185/453 929/1195/453
f 911/1175/454 909/1170/454 932/1192/454 933/1196/454
f 919/1162/455 917/1155/455 936/1193/455 937/1197/455
f 927/1180/456 925/1176/456 940/1194/456 941/1184/456
f 905/1161/457 903/1160/457 929/1195/457 930/1186/457
f 913/1179/458 911/1175/458 933/1196/458 934/1188/458
f 921/1166/459 919/1162/459 937/1197/459 938/1198/459
f 928/1185/460 941/1184/460 942/1199/460
f 935/1189/461 934/1188/461 942/1199/461
f 936/1193/462 935/1189/462 942/1199/462
f 929/1195/463 928/1185/463 942/1199/463
f 937/1197/464 936/1193/464 942/1199/464
f 930/1186/465 929/1195/465 942/1199/465
f 938/1198/466 937/1197/466 942/1199/466
f 931/1187/467 930/1186/467 942/1199/467
f 939/1191/468 938/1190/468 942/1199/468
f 932/1192/469 931/1187/469 942/1199/469
f 940/1194/470 939/1191/470 942/1199/470
f 933/1196/471 932/1192/471 942/1199/471
f 941/1184/472 940/1194/472 942/1199/472
f 934/1188/473 933/1196/473 942/1199/473
f 902/1157/474 904/1156/474 953/1200/474 954/1201/474
f 910/1173/475 912/1177/475 949/1202/475 950/1203/475
f 918/1158/476 920/1164/476 945/1204/476 946/1205/476
f 926/1178/477 900/1182/477 955/1206/477 956/1207/477
f 904/1156/478 906/1163/478 952/1208/478 953/1200/478
f 912/1177/479 914/1181/479 948/1209/479 949/1202/479
f 920/1169/480 922/1168/480 944/1210/480 945/1211/480
f 906/1163/481 908/1167/481 951/1212/481 952/1208/481
f 914/1181/482 916/1159/482 947/1213/482 948/1209/482
f 922/1168/483 924/1174/483 943/1214/483 944/1210/483
f 900/1182/484 902/1157/484 954/1201/484 955/1206/484
f 908/1167/485 910/1173/485 950/1203/485 951/1212/485
f 916/1159/486 918/1158/486 946/1205/486 947/1213/486
f 924/1174/487 926/1178/487 956/1207/487 943/1214/487
f 950/1203/488 949/1202/488 957/1215/488
f 943/1214/488 956/1207/488 957/1215/488
f 951/1212/488 950/1203/488 957/1215/488
f 944/1210/488 943/1214/488 957/1215/488
f 952/1208/488 951/1212/488 957/1215/488
f 945/1211/488 944/1210/488 957/1215/488
f 953/1200/488 952/1208/488 957/1215/488
f 946/1205/488 945/1204/488 957/1215/488
f 954/1201/488 953/1200/488 957/1215/488
f 947/1213/488 946/1205/488 957/1215/488
f 955/1206/488 954/1201/488 957/1215/488
f 948/1209/488 947/1213/488 957/1215/488
f 956/1207/488 955/1206/488 957/1215/488
f 949/1202/488 948/1209/488 957/1215/488
f 958/1064/348 1000/1065/348 1013/1066/348 960/1067/348
f 960/1067/349 1013/1066/349 1012/1068/349 962/1069/349
f 962/1069/350 1012/1068/350 1011/1070/350 964/1071/350
f 964/1071/351 1011/1070/351 999/1072/351 966/1073/351
f 966/1073/352 999/1072/352 998/1074/352 968/1075/352
f 968/1075/353 998/1074/353 997/1076/353 970/1077/353
f 970/1077/354 997/1076/354 996/1078/354 972/1079/354
f 972/1079/355 996/1078/355 995/1080/355 974/1081/355
f 974/1081/356 995/1080/356 994/1082/356 976/1083/356
f 976/1083/357 994/1082/357 993/1084/357 978/1085/357
f 978/1086/358 993/1087/358 1003/1088/358 980/1089/358
f 980/1089/359 1003/1088/359 1002/1090/359 982/1091/359
f 966/1073/360 968/1075/360 1024/1092/360 1022/1093/360
f 982/1091/361 1002/1090/361 1001/1094/361 984/1095/361
f 984/1095/362 1001/1094/362 1000/1065/362 958/1064/362
f 977/1096/363 975/1097/363 1031/1098/363 1033/1099/363
f 988/1100/364 989/1101/364 973/1102/364 975/1097/364
f 987/1103/365 988/1100/365 975/1097/365 977/1096/365
f 991/1104/366 992/1105/366 967/1106/366 969/1107/366
f 986/1108/367 987/1103/367 977/1096/367 979/1109/367
f 990/1110/368 991/1104/368 969/1107/368 971/1111/368
f 989/1101/369 990/1110/369 971/1111/369 973/1102/369
f 995/1080/370 996/1078/370 989/1101/370 988/1100/370
f 994/1082/371 995/1080/371 988/1100/371 987/1103/371
f 998/1074/372 999/1072/372 992/1105/372 991/1104/372
f 993/1084/373 994/1082/373 987/1103/373 986/1108/373
f 997/1076/374 998/1074/374 991/1104/374 990/1110/374
f 996/1078/375 997/1076/375 990/1110/375 989/1101/375
f 1000/1065/376 1001/1094/376 1004/1112/376 1005/1113/376
f 1003/1088/377 993/1087/377 986/1114/377 1006/1115/377
f 1001/1094/378 1002/1090/378 1007/1116/378 1004/1112/378
f 1002/1090/379 1003/1088/379 1006/1115/379 1007/1116/379
f 1007/1116/380 1006/1115/380 981/1117/380 983/1118/380
f 1006/1115/381 986/1114/381 979/1119/381 981/1117/381
f 1004/1112/382 1007/1116/382 983/1118/382 985/1120/382
f 1005/1113/383 1004/1112/383 985/1120/383 959/1121/383
f 984/1095/384 958/1064/384 1014/1122/384 1040/1123/384
f 1009/1124/385 1010/1125/385 961/1126/385 963/1127/385
f 1008/1128/386 1009/1124/386 963/1127/386 965/1129/386
f 1010/1125/387 1005/1113/387 959/1121/387 961/1126/387
f 1012/1068/388 1013/1066/388 1010/1125/388 1009/1124/388
f 1011/1070/389 1012/1068/389 1009/1124/389 1008/1128/389
f 1013/1066/390 1000/1065/390 1005/1113/390 1010/1125/390
f 992/1105/391 1008/1128/391 965/1129/391 967/1106/391
f 999/1072/392 1011/1070/392 1008/1128/392 992/1105/392
f 958/1064/393 960/1067/393 1016/1130/393 1014/1122/393
f 969/1107/394 967/1106/394 1023/1131/394 1025/1132/394
f 959/1121/395 985/1120/395 1041/1133/395 1015/1134/395
f 961/1126/396 959/1121/396 1015/1134/396 1017/1135/396
f 976/1083/397 978/1085/397 1034/1136/397 1032/1137/397
f 979/1109/398 977/1096/398 1033/1099/398 1035/1138/398
f 968/1075/399 970/1077/399 1026/1139/399 1024/1092/399
f 971/1111/400 969/1107/400 1025/1132/400 1027/1140/400
f 960/1067/401 962/1069/401 1018/1141/401 1016/1130/401
f 978/1086/402 980/1089/402 1036/1142/402 1034/1143/402
f 963/1127/403 961/1126/403 1017/1135/403 1019/1144/403
f 981/1117/404 979/1119/404 1035/1145/404 1037/1146/404
f 970/1077/405 972/1079/405 1028/1147/405 1026/1139/405
f 973/1102/406 971/1111/406 1027/1140/406 1029/1148/406
f 962/1069/407 964/1071/407 1020/1149/407 1018/1141/407
f 980/1089/408 982/1091/408 1038/1150/408 1036/1142/408
f 965/1129/409 963/1127/409 1019/1144/409 1021/1151/409
f 983/1118/410 981/1117/410 1037/1146/410 1039/1152/410
f 972/1079/411 974/1081/411 1030/1153/411 1028/1147/411
f 975/1097/412 973/1102/412 1029/1148/412 1031/1098/412
f 964/1071/413 966/1073/413 1022/1093/413 1020/1149/413
f 982/1091/414 984/1095/414 1040/1123/414 1038/1150/414
f 967/1106/415 965/1129/415 1021/1151/415 1023/1131/415
f 985/1120/416 983/1118/416 1039/1152/416 1041/1133/416
f 974/1081/417 976/1083/417 1032/1137/417 1030/1153/417
f 1031/1098/418 1029/1148/418 1057/1154/418 1059/1155/418
f 1016/1130/419 1018/1141/419 1046/1156/419 1044/1157/419
f 1030/1153/420 1032/1137/420 1060/1158/420 1058/1159/420
f 1019/1144/421 1017/1135/421 1045/1160/421 1047/1161/421
f 1033/1099/422 1031/1098/422 1059/1155/422 1061/1162/422
f 1018/1141/423 1020/1149/423 1048/1163/423 1046/1156/423
f 1032/1137/424 1034/1136/424 1062/1164/424 1060/1158/424
f 1021/1151/425 1019/1144/425 1047/1161/425 1049/1165/425
f 1035/1138/426 1033/1099/426 1061/1162/426 1063/1166/426
f 1020/1149/427 1022/1093/427 1050/1167/427 1048/1163/427
f 1034/1143/428 1036/1142/428 1064/1168/428 1062/1169/428
f 1023/1131/429 1021/1151/429 1049/1165/429 1051/1170/429
f 1037/1146/430 1035/1145/430 1063/1171/430 1065/1172/430
f 1022/1093/431 1024/1092/431 1052/1173/431 1050/1167/431
f 1036/1142/432 1038/1150/432 1066/1174/432 1064/1168/432
f 1025/1132/433 1023/1131/433 1051/1170/433 1053/1175/433
f 1039/1152/434 1037/1146/434 1065/1172/434 1067/1176/434
f 1024/1092/435 1026/1139/435 1054/1177/435 1052/1173/435
f 1038/1150/436 1040/1123/436 1068/1178/436 1066/1174/436
f 1027/1140/437 1025/1132/437 1053/1175/437 1055/1179/437
f 1041/1133/438 1039/1152/438 1067/1176/438 1069/1180/438
f 1026/1139/439 1028/1147/439 1056/1181/439 1054/1177/439
f 1040/1123/440 1014/1122/440 1042/1182/440 1068/1178/440
f 1029/1148/441 1027/1140/441 1055/1179/441 1057/1154/441
f 1014/1122/442 1016/1130/442 1044/1157/442 1042/1182/442
f 1015/1134/443 1041/1133/443 1069/1180/443 1043/1183/443
f 1028/1147/444 1030/1153/444 1058/1159/444 1056/1181/444
f 1017/1135/445 1015/1134/445 1043/1183/445 1045/1160/445
f 1043/1183/446 1069/1180/446 1083/1184/446 1070/1185/446
f 1049/1165/447 1047/1161/447 1072/1186/447 1073/1187/447
f 1057/1154/448 1055/1179/448 1076/1188/448 1077/1189/448
f 1065/1172/449 1063/1171/449 1080/1190/449 1081/1191/449
f 1051/1170/450 1049/1165/450 1073/1187/450 1074/1192/450
f 1059/1155/451 1057/1154/451 1077/1189/451 1078/1193/451
f 1067/1176/452 1065/1172/452 1081/1191/452 1082/1194/452
f 1045/1160/453 1043/1183/453 1070/1185/453 1071/1195/453
f 1053/1175/454 1051/1170/454 1074/1192/454 1075/1196/454
f 1061/1162/455 1059/1155/455 1078/1193/455 1079/1197/455
f 1069/1180/456 1067/1176/456 1082/1194/456 1083/1184/456
f 1047/1161/489 1045/1160/489 1071/1195/489 1072/1186/489
f 1055/1179/458 1053/1175/458 1075/1196/458 1076/1188/458
f 1063/1166/459 1061/1162/459 1079/1197/459 1080/1198/459
f 1070/1185/460 1083/1184/460 1084/1199/460
f 1077/1189/461 1076/1188/461 1084/1199/461
f 1078/1193/462 1077/1189/462 1084/1199/462
f 1071/1195/463 1070/1185/463 1084/1199/463
f 1079/1197/464 1078/1193/464 1084/1199/464
f 1072/1186/465 1071/1195/465 1084/1199/465
f 1080/1198/466 1079/1197/466 1084/1199/466
f 1073/1187/467 1072/1186/467 1084/1199/467
f 1081/1191/468 1080/1190/468 1084/1199/468
f 1074/1192/469 1073/1187/469 1084/1199/469
f 1082/1194/470 1081/1191/470 1084/1199/470
f 1075/1196/471 1074/1192/471 1084/1199/471
f 1083/1184/472 1082/1194/472 1084/1199/472
f 1076/1188/473 1075/1196/473 1084/1199/473
f 1044/1157/474 1046/1156/474 1095/1200/474 1096/1201/474
f 1052/1173/475 1054/1177/475 1091/1202/475 1092/1203/475
f 1060/1158/476 1062/1164/476 1087/1204/476 1088/1205/476
f 1068/1178/477 1042/1182/477 1097/1206/477 1098/1207/477
f 1046/1156/478 1048/1163/478 1094/1208/478 1095/1200/478
f 1054/1177/479 1056/1181/479 1090/1209/479 1091/1202/479
f 1062/1169/480 1064/1168/480 1086/1210/480 1087/1211/480
f 1048/1163/481 1050/1167/481 1093/1212/481 1094/1208/481
f 1056/1181/482 1058/1159/482 1089/1213/482 1090/1209/482
f 1064/1168/483 1066/1174/483 1085/1214/483 1086/1210/483
f 1042/1182/484 1044/1157/484 1096/1201/484 1097/1206/484
f 1050/1167/485 1052/1173/485 1092/1203/485 1093/1212/485
f 1058/1159/486 1060/1158/486 1088/1205/486 1089/1213/486
f 1066/1174/487 1068/1178/487 1098/1207/487 1085/1214/487
f 1092/1203/488 1091/1202/488 1099/1215/488
f 1085/1214/488 1098/1207/488 1099/1215/488
f 1093/1212/488 1092/1203/488 1099/1215/488
f 1086/1210/488 1085/1214/488 1099/1215/488
f 1094/1208/488 1093/1212/488 1099/1215/488
f 1087/1211/488 1086/1210/488 1099/1215/488
f 1095/1200/488 1094/1208/488 1099/1215/488
f 1088/1205/488 1087/1204/488 1099/1215/488
f 1096/1201/488 1095/1200/488 1099/1215/488
f 1089/1213/488 1088/1205/488 1099/1215/488
f 1097/1206/488 1096/1201/488 1099/1215/488
f 1090/1209/488 1089/1213/488 1099/1215/488
f 1098/1207/488 1097/1206/488 1099/1215/488
f 1091/1202/488 1090/1209/488 1099/1215/488
f 1100/1064/348 1142/1065/348 1155/1066/348 1102/1067/348
f 1102/1067/349 1155/1066/349 1154/1068/349 1104/1069/349
f 1104/1069/350 1154/1068/350 1153/1070/350 1106/1071/350
f 1106/1071/351 1153/1070/351 1141/1072/351 1108/1073/351
f 1108/1073/352 1141/1072/352 1140/1074/352 1110/1075/352
f 1110/1075/353 1140/1074/353 1139/1076/353 1112/1077/353
f 1112/1077/354 1139/1076/354 1138/1078/354 1114/1079/354
f 1114/1079/355 1138/1078/355 1137/1080/355 1116/1081/355
f 1116/1081/356 1137/1080/356 1136/1082/356 1118/1083/356
f 1118/1083/357 1136/1082/357 1135/1084/357 1120/1085/357
f 1120/1086/358 1135/1087/358 1145/1088/358 1122/1089/358
f 1122/1089/359 1145/1088/359 1144/1090/359 1124/1091/359
f 1108/1073/360 1110/1075/360 1166/1092/360 1164/1093/360
f 1124/1091/361 1144/1090/361 1143/1094/361 1126/1095/361
f 1126/1095/362 1143/1094/362 1142/1065/362 1100/1064/362
f 1119/1096/363 1117/1097/363 1173/1098/363 1175/1099/363
f 1130/1100/364 1131/1101/364 1115/1102/364 1117/1097/364
f 1129/1103/365 1130/1100/365 1117/1097/365 1119/1096/365
f 1133/1104/366 1134/1105/366 1109/1106/366 1111/1107/366
f 1128/1108/367 1129/1103/367 1119/1096/367 1121/1109/367
f 1132/1110/368 1133/1104/368 1111/1107/368 1113/1111/368
f 1131/1101/369 1132/1110/369 1113/1111/369 1115/1102/369
f 1137/1080/370 1138/1078/370 1131/1101/370 1130/1100/370
f 1136/1082/371 1137/1080/371 1130/1100/371 1129/1103/371
f 1140/1074/372 1141/1072/372 1134/1105/372 1133/1104/372
f 1135/1084/373 1136/1082/373 1129/1103/373 1128/1108/373
f 1139/1076/374 1140/1074/374 1133/1104/374 1132/1110/374
f 1138/1078/375 1139/1076/375 1132/1110/375 1131/1101/375
f 1142/1065/376 1143/1094/376 1146/1112/376 1147/1113/376
f 1145/1088/377 1135/1087/377 1128/1114/377 1148/1115/377
f 1143/1094/378 1144/1090/378 1149/1116/378 1146/1112/378
f 1144/1090/379 1145/1088/379 1148/1115/379 1149/1116/379
f 1149/1116/380 1148/1115/380 1123/1117/380 1125/1118/380
f 1148/1115/381 1128/1114/381 1121/1119/381 1123/1117/381
f 1146/1112/382 1149/1116/382 1125/1118/382 1127/1120/382
f 1147/1113/383 1146/1112/383 1127/1120/383 1101/1121/383
f 1126/1095/384 1100/1064/384 1156/1122/384 1182/1123/384
f 1151/1124/385 1152/1125/385 1103/1126/385 1105/1127/385
f 1150/1128/386 1151/1124/386 1105/1127/386 1107/1129/386
f 1152/1125/387 1147/1113/387 1101/1121/387 1103/1126/387
f 1154/1068/388 1155/1066/388 1152/1125/388 1151/1124/388
f 1153/1070/389 1154/1068/389 1151/1124/389 1150/1128/389
f 1155/1066/390 1142/1065/390 1147/1113/390 1152/1125/390
f 1134/1105/391 1150/1128/391 1107/1129/391 1109/1106/391
f 1141/1072/392 1153/1070/392 1150/1128/392 1134/1105/392
f 1100/1064/393 1102/1067/393 1158/1130/393 1156/1122/393
f 1111/1107/394 1109/1106/394 1165/1131/394 1167/1132/394
f 1101/1121/395 1127/1120/395 1183/1133/395 1157/1134/395
f 1103/1126/396 1101/1121/396 1157/1134/396 1159/1135/396
f 1118/1083/397 1120/1085/397 1176/1136/397 1174/1137/397
f 1121/1109/398 1119/1096/398 1175/1099/398 1177/1138/398
f 1110/1075/399 1112/1077/399 1168/1139/399 1166/1092/399
f 1113/1111/400 1111/1107/400 1167/1132/400 1169/1140/400
f 1102/1067/401 1104/1069/401 1160/1141/401 1158/1130/401
f 1120/1086/402 1122/1089/402 1178/1142/402 1176/1143/402
f 1105/1127/403 1103/1126/403 1159/1135/403 1161/1144/403
f 1123/1117/404 1121/1119/404 1177/1145/404 1179/1146/404
f 1112/1077/405 1114/1079/405 1170/1147/405 1168/1139/405
f 1115/1102/406 1113/1111/406 1169/1140/406 1171/1148/406
f 1104/1069/407 1106/1071/407 1162/1149/407 1160/1141/407
f 1122/1089/408 1124/1091/408 1180/1150/408 1178/1142/408
f 1107/1129/409 1105/1127/409 1161/1144/409 1163/1151/409
f 1125/1118/410 1123/1117/410 1179/1146/410 1181/1152/410
f 1114/1079/411 1116/1081/411 1172/1153/411 1170/1147/411
f 1117/1097/412 1115/1102/412 1171/1148/412 1173/1098/412
f 1106/1071/413 1108/1073/413 1164/1093/413 1162/1149/413
f 1124/1091/414 1126/1095/414 1182/1123/414 1180/1150/414
f 1109/1106/415 1107/1129/415 1163/1151/415 1165/1131/415
f 1127/1120/416 1125/1118/416 1181/1152/416 1183/1133/416
f 1116/1081/417 1118/1083/417 1174/1137/417 1172/1153/417
f 1173/1098/418 1171/1148/418 1199/1154/418 1201/1155/418
f 1158/1130/419 1160/1141/419 1188/1156/419 1186/1157/419
f 1172/1153/420 1174/1137/420 1202/1158/420 1200/1159/420
f 1161/1144/421 1159/1135/421 1187/1160/421 1189/1161/421
f 1175/1099/422 1173/1098/422 1201/1155/422 1203/1162/422
f 1160/1141/423 1162/1149/423 1190/1163/423 1188/1156/423
f 1174/1137/424 1176/1136/424 1204/1164/424 1202/1158/424
f 1163/1151/425 1161/1144/425 1189/1161/425 1191/1165/425
f 1177/1138/426 1175/1099/426 1203/1162/426 1205/1166/426
f 1162/1149/427 1164/1093/427 1192/1167/427 1190/1163/427
f 1176/1143/428 1178/1142/428 1206/1168/428 1204/1169/428
f 1165/1131/429 1163/1151/429 1191/1165/429 1193/1170/429
f 1179/1146/430 1177/1145/430 1205/1171/430 1207/1172/430
f 1164/1093/431 1166/1092/431 1194/1173/431 1192/1167/431
f 1178/1142/432 1180/1150/432 1208/1174/432 1206/1168/432
f 1167/1132/433 1165/1131/433 1193/1170/433 1195/1175/433
f 1181/1152/434 1179/1146/434 1207/1172/434 1209/1176/434
f 1166/1092/435 1168/1139/435 1196/1177/435 1194/1173/435
f 1180/1150/436 1182/1123/436 1210/1178/436 1208/1174/436
f 1169/1140/437 1167/1132/437 1195/1175/437 1197/1179/437
f 1183/1133/438 1181/1152/438 1209/1176/438 1211/1180/438
f 1168/1139/439 1170/1147/439 1198/1181/439 1196/1177/439
f 1182/1123/440 1156/1122/440 1184/1182/440 1210/1178/440
f 1171/1148/441 1169/1140/441 1197/1179/441 1199/1154/441
f 1156/1122/442 1158/1130/442 1186/1157/442 1184/1182/442
f 1157/1134/443 1183/1133/443 1211/1180/443 1185/1183/443
f 1170/1147/444 1172/1153/444 1200/1159/444 1198/1181/444
f 1159/1135/445 1157/1134/445 1185/1183/445 1187/1160/445
f 1185/1183/446 1211/1180/446 1225/1184/446 1212/1185/446
f 1191/1165/447 1189/1161/447 1214/1186/447 1215/1187/447
f 1199/1154/448 1197/1179/448 1218/1188/448 1219/1189/448
f 1207/1172/449 1205/1171/449 1222/1190/449 1223/1191/449
f 1193/1170/450 1191/1165/450 1215/1187/450 1216/1192/450
f 1201/1155/451 1199/1154/451 1219/1189/451 1220/1193/451
f 1209/1176/452 1207/1172/452 1223/1191/452 1224/1194/452
f 1187/1160/453 1185/1183/453 1212/1185/453 1213/1195/453
f 1195/1175/454 1193/1170/454 1216/1192/454 1217/1196/454
f 1203/1162/455 1201/1155/455 1220/1193/455 1221/1197/455
f 1211/1180/456 1209/1176/456 1224/1194/456 1225/1184/456
f 1189/1161/457 1187/1160/457 1213/1195/457 1214/1186/457
f 1197/1179/458 1195/1175/458 1217/1196/458 1218/1188/458
f 1205/1166/459 1203/1162/459 1221/1197/459 1222/1198/459
f 1212/1185/460 1225/1184/460 1226/1199/460
f 1219/1189/461 1218/1188/461 1226/1199/461
f 1220/1193/462 1219/1189/462 1226/1199/462
f 1213/1195/463 1212/1185/463 1226/1199/463
f 1221/1197/464 1220/1193/464 1226/1199/464
f 1214/1186/465 1213/1195/465 1226/1199/465
f 1222/1198/466 1221/1197/466 1226/1199/466
f 1215/1187/467 1214/1186/467 1226/1199/467
f 1223/1191/468 1222/1190/468 1226/1199/468
f 1216/1192/469 1215/1187/469 1226/1199/469
f 1224/1194/470 1223/1191/470 1226/1199/470
f 1217/1196/471 1216/1192/471 1226/1199/471
f 1225/1184/472 1224/1194/472 1226/1199/472
f 1218/1188/473 1217/1196/473 1226/1199/473
f 1186/1157/474 1188/1156/474 1237/1200/474 1238/1201/474
f 1194/1173/475 1196/1177/475 1233/1202/475 1234/1203/475
f 1202/1158/476 1204/1164/476 1229/1204/476 1230/1205/476
f 1210/1178/477 1184/1182/477 1239/1206/477 1240/1207/477
f 1188/1156/478 1190/1163/478 1236/1208/478 1237/1200/478
f 1196/1177/479 1198/1181/479 1232/1209/479 1233/1202/479
f 1204/1169/480 1206/1168/480 1228/1210/480 1229/1211/480
f 1190/1163/481 1192/1167/481 1235/1212/481 1236/1208/481
f 1198/1181/482 1200/1159/482 1231/1213/482 1232/1209/482
f 1206/1168/483 1208/1174/483 1227/1214/483 1228/1210/483
f 1184/1182/484 1186/1157/484 1238/1201/484 1239/1206/484
f 1192/1167/485 1194/1173/485 1234/1203/485 1235/1212/485
f 1200/1159/486 1202/1158/486 1230/1205/486 1231/1213/486
f 1208/1174/487 1210/1178/487 1240/1207/487 1227/1214/487
f 1234/1203/488 1233/1202/488 1241/1215/488
f 1227/1214/488 1240/1207/488 1241/1215/488
f 1235/1212/488 1234/1203/488 1241/1215/488
f 1228/1210/488 1227/1214/488 1241/1215/488
f 1236/1208/488 1235/1212/488 1241/1215/488
f 1229/1211/488 1228/1210/488 1241/1215/488
f 1237/1200/488 1236/1208/488 1241/1215/488
f 1230/1205/488 1229/1204/488 1241/1215/488
f 1238/1201/488 1237/1200/488 1241/1215/488
f 1231/1213/488 1230/1205/488 1241/1215/488
f 1239/1206/488 1238/1201/488 1241/1215/488
f 1232/1209/488 1231/1213/488 1241/1215/488
f 1240/1207/488 1239/1206/488 1241/1215/488
f 1233/1202/488 1232/1209/488 1241/1215/488
f 1242/1064/348 1284/1065/348 1297/1066/348 1244/1067/348
f 1244/1067/349 1297/1066/349 1296/1068/349 1246/1069/349
f 1246/1069/350 1296/1068/350 1295/1070/350 1248/1071/350
f 1248/1071/351 1295/1070/351 1283/1072/351 1250/1073/351
f 1250/1073/352 1283/1072/352 1282/1074/352 1252/1075/352
f 1252/1075/353 1282/1074/353 1281/1076/353 1254/1077/353
f 1254/1077/354 1281/1076/354 1280/1078/354 1256/1079/354
f 1256/1079/355 1280/1078/355 1279/1080/355 1258/1081/355
f 1258/1081/356 1279/1080/356 1278/1082/356 1260/1083/356
f 1260/1083/357 1278/1082/357 1277/1084/357 1262/1085/357
f 1262/1086/358 1277/1087/358 1287/1088/358 1264/1089/358
f 1264/1089/359 1287/1088/359 1286/1090/359 1266/1091/359
f 1250/1073/360 1252/1075/360 1308/1092/360 1306/1093/360
f 1266/1091/361 1286/1090/361 1285/1094/361 1268/1095/361
f 1268/1095/362 1285/1094/362 1284/1065/362 1242/1064/362
f 1261/1096/363 1259/1097/363 1315/1098/363 1317/1099/363
f 1272/1100/364 1273/1101/364 1257/1102/364 1259/1097/364
f 1271/1103/365 1272/1100/365 1259/1097/365 1261/1096/365
f 1275/1104/366 1276/1105/366 1251/1106/366 1253/1107/366
f 1270/1108/367 1271/1103/367 1261/1096/367 1263/1109/367
f 1274/1110/368 1275/1104/368 1253/1107/368 1255/1111/368
f 1273/1101/369 1274/1110/369 1255/1111/369 1257/1102/369
f 1279/1080/370 1280/1078/370 1273/1101/370 1272/1100/370
f 1278/1082/371 1279/1080/371 1272/1100/371 1271/1103/371
f 1282/1074/372 1283/1072/372 1276/1105/372 1275/1104/372
f 1277/1084/373 1278/1082/373 1271/1103/373 1270/1108/373
f 1281/1076/374 1282/1074/374 1275/1104/374 1274/1110/374
f 1280/1078/375 1281/1076/375 1274/1110/375 1273/1101/375
f 1284/1065/376 1285/1094/376 1288/1112/376 1289/1113/376
f 1287/1088/377 1277/1087/377 1270/1114/377 1290/1115/377
f 1285/1094/378 1286/1090/378 1291/1116/378 1288/1112/378
f 1286/1090/379 1287/1088/379 1290/1115/379 1291/1116/379
f 1291/1116/380 1290/1115/380 1265/1117/380 1267/1118/380
f 1290/1115/381 1270/1114/381 1263/1119/381 1265/1117/381
f 1288/1112/382 1291/1116/382 1267/1118/382 1269/1120/382
f 1289/1113/383 1288/1112/383 1269/1120/383 1243/1121/383
f 1268/1095/384 1242/1064/384 1298/1122/384 1324/1123/384
f 1293/1124/385 1294/1125/385 1245/1126/385 1247/1127/385
f 1292/1128/386 1293/1124/386 1247/1127/386 1249/1129/386
f 1294/1125/387 1289/1113/387 1243/1121/387 1245/1126/387
f 1296/1068/388 1297/1066/388 1294/1125/388 1293/1124/388
f 1295/1070/389 1296/1068/389 1293/1124/389 1292/1128/389
f 1297/1066/390 1284/1065/390 1289/1113/390 1294/1125/390
f 1276/1105/391 1292/1128/391 1249/1129/391 1251/1106/391
f 1283/1072/392 1295/1070/392 1292/1128/392 1276/1105/392
f 1242/1064/393 1244/1067/393 1300/1130/393 1298/1122/393
f 1253/1107/394 1251/1106/394 1307/1131/394 1309/1132/394
f 1243/1121/395 1269/1120/395 1325/1133/395 1299/1134/395
f 1245/1126/396 1243/1121/396 1299/1134/396 1301/1135/396
f 1260/1083/397 1262/1085/397 1318/1136/397 1316/1137/397
f 1263/1109/398 1261/1096/398 1317/1099/398 1319/1138/398
f 1252/1075/399 1254/1077/399 1310/1139/399 1308/1092/399
f 1255/1111/400 1253/1107/400 1309/1132/400 1311/1140/400
f 1244/1067/401 1246/1069/401 1302/1141/401 1300/1130/401
f 1262/1086/402 1264/1089/402 1320/1142/402 1318/1143/402
f 1247/1127/403 1245/1126/403 1301/1135/403 1303/1144/403
f 1265/1117/404 1263/1119/404 1319/1145/404 1321/1146/404
f 1254/1077/405 1256/1079/405 1312/1147/405 1310/1139/405
f 1257/1102/406 1255/1111/406 1311/1140/406 1313/1148/406
f 1246/1069/407 1248/1071/407 1304/1149/407 1302/1141/407
f 1264/1089/408 1266/1091/408 1322/1150/408 1320/1142/408
f 1249/1129/409 1247/1127/409 1303/1144/409 1305/1151/409
f 1267/1118/410 1265/1117/410 1321/1146/410 1323/1152/410
f 1256/1079/411 1258/1081/411 1314/1153/411 1312/1147/411
f 1259/1097/412 1257/1102/412 1313/1148/412 1315/1098/412
f 1248/1071/413 1250/1073/413 1306/1093/413 1304/1149/413
f 1266/1091/414 1268/1095/414 1324/1123/414 1322/1150/414
f 1251/1106/415 1249/1129/415 1305/1151/415 1307/1131/415
f 1269/1120/416 1267/1118/416 1323/1152/416 1325/1133/416
f 1258/1081/417 1260/1083/417 1316/1137/417 1314/1153/417
f 1315/1098/418 1313/1148/418 1341/1154/418 1343/1155/418
f 1300/1130/419 1302/1141/419 1330/1156/419 1328/1157/419
f 1314/1153/420 1316/1137/420 1344/1158/420 1342/1159/420
f 1303/1144/421 1301/1135/421 1329/1160/421 1331/1161/421
f 1317/1099/422 1315/1098/422 1343/1155/422 1345/1162/422
f 1302/1141/423 1304/1149/423 1332/1163/423 1330/1156/423
f 1316/1137/424 1318/1136/424 1346/1164/424 1344/1158/424
f 1305/1151/425 1303/1144/425 1331/1161/425 1333/1165/425
f 1319/1138/426 1317/1099/426 1345/1162/426 1347/1166/426
f 1304/1149/427 1306/1093/427 1334/1167/427 1332/1163/427
f 1318/1143/428 1320/1142/428 1348/1168/428 1346/1169/428
f 1307/1131/429 1305/1151/429 1333/1165/429 1335/1170/429
f 1321/1146/430 1319/1145/430 1347/1171/430 1349/1172/430
f 1306/1093/431 1308/1092/431 1336/1173/431 1334/1167/431
f 1320/1142/432 1322/1150/432 1350/1174/432 1348/1168/432
f 1309/1132/433 1307/1131/433 1335/1170/433 1337/1175/433
f 1323/1152/434 1321/1146/434 1349/1172/434 1351/1176/434
f 1308/1092/435 1310/1139/435 1338/1177/435 1336/1173/435
f 1322/1150/436 1324/1123/436 1352/1178/436 1350/1174/436
f 1311/1140/437 1309/1132/437 1337/1175/437 1339/1179/437
f 1325/1133/438 1323/1152/438 1351/1176/438 1353/1180/438
f 1310/1139/439 1312/1147/439 1340/1181/439 1338/1177/439
f 1324/1123/440 1298/1122/440 1326/1182/440 1352/1178/440
f 1313/1148/441 1311/1140/441 1339/1179/441 1341/1154/441
f 1298/1122/442 1300/1130/442 1328/1157/442 1326/1182/442
f 1299/1134/443 1325/1133/443 1353/1180/443 1327/1183/443
f 1312/1147/444 1314/1153/444 1342/1159/444 1340/1181/444
f 1301/1135/445 1299/1134/445 1327/1183/445 1329/1160/445
f 1327/1183/446 1353/1180/446 1367/1184/446 1354/1185/446
f 1333/1165/447 1331/1161/447 1356/1186/447 1357/1187/447
f 1341/1154/448 1339/1179/448 1360/1188/448 1361/1189/448
f 1349/1172/449 1347/1171/449 1364/1190/449 1365/1191/449
f 1335/1170/450 1333/1165/450 1357/1187/450 1358/1192/450
f 1343/1155/451 1341/1154/451 1361/1189/451 1362/1193/451
f 1351/1176/452 1349/1172/452 1365/1191/452 1366/1194/452
f 1329/1160/453 1327/1183/453 1354/1185/453 1355/1195/453
f 1337/1175/454 1335/1170/454 1358/1192/454 1359/1196/454
f 1345/1162/455 1343/1155/455 1362/1193/455 1363/1197/455
f 1353/1180/456 1351/1176/456 1366/1194/456 1367/1184/456
f 1331/1161/457 1329/1160/457 1355/1195/457 1356/1186/457
f 1339/1179/458 1337/1175/458 1359/1196/458 1360/1188/458
f 1347/1166/459 1345/1162/459 1363/1197/459 1364/1198/459
f 1354/1185/460 1367/1184/460 1368/1199/460
f 1361/1189/461 1360/1188/461 1368/1199/461
f 1362/1193/462 1361/1189/462 1368/1199/462
f 1355/1195/463 1354/1185/463 1368/1199/463
f 1363/1197/464 1362/1193/464 1368/1199/464
f 1356/1186/465 1355/1195/465 1368/1199/465
f 1364/1198/466 1363/1197/466 1368/1199/466
f 1357/1187/467 1356/1186/467 1368/1199/467
f 1365/1191/468 1364/1190/468 1368/1199/468
f 1358/1192/469 1357/1187/469 1368/1199/469
f 1366/1194/470 1365/1191/470 1368/1199/470
f 1359/1196/471 1358/1192/471 1368/1199/471
f 1367/1184/472 1366/1194/472 1368/1199/472
f 1360/1188/473 1359/1196/473 1368/1199/473
f 1328/1157/474 1330/1156/474 1379/1200/474 1380/1201/474
f 1336/1173/475 1338/1177/475 1375/1202/475 1376/1203/475
f 1344/1158/476 1346/1164/476 1371/1204/476 1372/1205/476
f 1352/1178/477 1326/1182/477 1381/1206/477 1382/1207/477
f 1330/1156/478 1332/1163/478 1378/1208/478 1379/1200/478
f 1338/1177/479 1340/1181/479 1374/1209/479 1375/1202/479
f 1346/1169/480 1348/1168/480 1370/1210/480 1371/1211/480
f 1332/1163/481 1334/1167/481 1377/1212/481 1378/1208/481
f 1340/1181/482 1342/1159/482 1373/1213/482 1374/1209/482
f 1348/1168/483 1350/1174/483 1369/1214/483 1370/1210/483
f 1326/1182/484 1328/1157/484 1380/1201/484 1381/1206/484
f 1334/1167/485 1336/1173/485 1376/1203/485 1377/1212/485
f 1342/1159/486 1344/1158/486 1372/1205/486 1373/1213/486
f 1350/1174/487 1352/1178/487 1382/1207/487 1369/1214/487
f 1376/1203/488 1375/1202/488 1383/1215/488
f 1369/1214/488 1382/1207/488 1383/1215/488
f 1377/1212/488 1376/1203/488 1383/1215/488
f 1370/1210/488 1369/1214/488 1383/1215/488
f 1378/1208/488 1377/1212/488 1383/1215/488
f 1371/1211/488 1370/1210/488 1383/1215/488
f 1379/1200/488 1378/1208/488 1383/1215/488
f 1372/1205/488 1371/1204/488 1383/1215/488
f 1380/1201/488 1379/1200/488 1383/1215/488
f 1373/1213/488 1372/1205/488 1383/1215/488
f 1381/1206/488 1380/1201/488 1383/1215/488
f 1374/1209/488 1373/1213/488 1383/1215/488
f 1382/1207/488 1381/1206/488 1383/1215/488
f 1375/1202/488 1374/1209/488 1383/1215/488
f 1384/1064/348 1426/1065/348 1439/1066/348 1386/1067/348
f 1386/1067/349 1439/1066/349 1438/1068/349 1388/1069/349
f 1388/1069/350 1438/1068/350 1437/1070/350 1390/1071/350
f 1390/1071/351 1437/1070/351 1425/1072/351 1392/1073/351
f 1392/1073/352 1425/1072/352 1424/1074/352 1394/1075/352
f 1394/1075/353 1424/1074/353 1423/1076/353 1396/1077/353
f 1396/1077/354 1423/1076/354 1422/1078/354 1398/1079/354
f 1398/1079/355 1422/1078/355 1421/1080/355 1400/1081/355
f 1400/1081/356 1421/1080/356 1420/1082/356 1402/1083/356
f 1402/1083/357 1420/1082/357 1419/1084/357 1404/1085/357
f 1404/1086/358 1419/1087/358 1429/1088/358 1406/1089/358
f 1406/1089/359 1429/1088/359 1428/1090/359 1408/1091/359
f 1392/1073/360 1394/1075/360 1450/1092/360 1448/1093/360
f 1408/1091/361 1428/1090/361 1427/1094/361 1410/1095/361
f 1410/1095/362 1427/1094/362 1426/1065/362 1384/1064/362
f 1403/1096/363 1401/1097/363 1457/1098/363 1459/1099/363
f 1414/1100/364 1415/1101/364 1399/1102/364 1401/1097/364
f 1413/1103/365 1414/1100/365 1401/1097/365 1403/1096/365
f 1417/1104/366 1418/1105/366 1393/1106/366 1395/1107/366
f 1412/1108/367 1413/1103/367 1403/1096/367 1405/1109/367
f 1416/1110/368 1417/1104/368 1395/1107/368 1397/1111/368
f 1415/1101/369 1416/1110/369 1397/1111/369 1399/1102/369
f 1421/1080/370 1422/1078/370 1415/1101/370 1414/1100/370
f 1420/1082/371 1421/1080/371 1414/1100/371 1413/1103/371
f 1424/1074/372 1425/1072/372 1418/1105/372 1417/1104/372
f 1419/1084/373 1420/1082/373 1413/1103/373 1412/1108/373
f 1423/1076/374 1424/1074/374 1417/1104/374 1416/1110/374
f 1422/1078/375 1423/1076/375 1416/1110/375 1415/1101/375
f 1426/1065/376 1427/1094/376 1430/1112/376 1431/1113/376
f 1429/1088/377 1419/1087/377 1412/1114/377 1432/1115/377
f 1427/1094/378 1428/1090/378 1433/1116/378 1430/1112/378
f 1428/1090/379 1429/1088/379 1432/1115/379 1433/1116/379
f 1433/1116/380 1432/1115/380 1407/1117/380 1409/1118/380
f 1432/1115/381 1412/1114/381 1405/1119/381 1407/1117/381
f 1430/1112/382 1433/1116/382 1409/1118/382 1411/1120/382
f 1431/1113/383 1430/1112/383 1411/1120/383 1385/1121/383
f 1410/1095/384 1384/1064/384 1440/1122/384 1466/1123/384
f 1435/1124/385 1436/1125/385 1387/1126/385 1389/1127/385
f 1434/1128/386 1435/1124/386 1389/1127/386 1391/1129/386
f 1436/1125/387 1431/1113/387 1385/1121/387 1387/1126/387
f 1438/1068/388 1439/1066/388 1436/1125/388 1435/1124/388
f 1437/1070/389 1438/1068/389 1435/1124/389 1434/1128/389
f 1439/1066/390 1426/1065/390 1431/1113/390 1436/1125/390
f 1418/1105/391 1434/1128/391 1391/1129/391 1393/1106/391
f 1425/1072/392 1437/1070/392 1434/1128/392 1418/1105/392
f 1384/1064/393 1386/1067/393 1442/1130/393 1440/1122/393
f 1395/1107/394 1393/1106/394 1449/1131/394 1451/1132/394
f 1385/1121/395 1411/1120/395 1467/1133/395 1441/1134/395
f 1387/1126/396 1385/1121/396 1441/1134/396 1443/1135/396
f 1402/1083/397 1404/1085/397 1460/1136/397 1458/1137/397
f 1405/1109/398 1403/1096/398 1459/1099/398 1461/1138/398
f 1394/1075/399 1396/1077/399 1452/1139/399 1450/1092/399
f 1397/1111/400 1395/1107/400 1451/1132/400 1453/1140/400
f 1386/1067/401 1388/1069/401 1444/1141/401 1442/1130/401
f 1404/1086/402 1406/1089/402 1462/1142/402 1460/1143/402
f 1389/1127/403 1387/1126/403 1443/1135/403 1445/1144/403
f 1407/1117/404 1405/1119/404 1461/1145/404 1463/1146/404
f 1396/1077/405 1398/1079/405 1454/1147/405 1452/1139/405
f 1399/1102/406 1397/1111/406 1453/1140/406 1455/1148/406
f 1388/1069/407 1390/1071/407 1446/1149/407 1444/1141/407
f 1406/1089/408 1408/1091/408 1464/1150/408 1462/1142/408
f 1391/1129/409 1389/1127/409 1445/1144/409 1447/1151/409
f 1409/1118/410 1407/1117/410 1463/1146/410 1465/1152/410
f 1398/1079/411 1400/1081/411 1456/1153/411 1454/1147/411
f 1401/1097/412 1399/1102/412 1455/1148/412 1457/1098/412
f 1390/1071/413 1392/1073/413 1448/1093/413 1446/1149/413
f 1408/1091/414 1410/1095/414 1466/1123/414 1464/1150/414
f 1393/1106/415 1391/1129/415 1447/1151/415 1449/1131/415
f 1411/1120/416 1409/1118/416 1465/1152/416 1467/1133/416
f 1400/1081/417 1402/1083/417 1458/1137/417 1456/1153/417
f 1457/1098/418 1455/1148/418 1483/1154/418 1485/1155/418
f 1442/1130/419 1444/1141/419 1472/1156/419 1470/1157/419
f 1456/1153/420 1458/1137/420 1486/1158/420 1484/1159/420
f 1445/1144/421 1443/1135/421 1471/1160/421 1473/1161/421
f 1459/1099/422 1457/1098/422 1485/1155/422 1487/1162/422
f 1444/1141/423 1446/1149/423 1474/1163/423 1472/1156/423
f 1458/1137/424 1460/1136/424 1488/1164/424 1486/1158/424
f 1447/1151/425 1445/1144/425 1473/1161/425 1475/1165/425
f 1461/1138/426 1459/1099/426 1487/1162/426 1489/1166/426
f 1446/1149/427 1448/1093/427 1476/1167/427 1474/1163/427
f 1460/1143/428 1462/1142/428 1490/1168/428 1488/1169/428
f 1449/1131/429 1447/1151/429 1475/1165/429 1477/1170/429
f 1463/1146/430 1461/1145/430 1489/1171/430 1491/1172/430
f 1448/1093/431 1450/1092/431 1478/1173/431 1476/1167/431
f 1462/1142/432 1464/1150/432 1492/1174/432 1490/1168/432
f 1451/1132/433 1449/1131/433 1477/1170/433 1479/1175/433
f 1465/1152/434 1463/1146/434 1491/1172/434 1493/1176/434
f 1450/1092/435 1452/1139/435 1480/1177/435 1478/1173/435
f 1464/1150/436 1466/1123/436 1494/1178/436 1492/1174/436
f 1453/1140/437 1451/1132/437 1479/1175/437 1481/1179/437
f 1467/1133/438 1465/1152/438 1493/1176/438 1495/1180/438
f 1452/1139/439 1454/1147/439 1482/1181/439 1480/1177/439
f 1466/1123/440 1440/1122/440 1468/1182/440 1494/1178/440
f 1455/1148/441 1453/1140/441 1481/1179/441 1483/1154/441
f 1440/1122/442 1442/1130/442 1470/1157/442 1468/1182/442
f 1441/1134/443 1467/1133/443 1495/1180/443 1469/1183/443
f 1454/1147/444 1456/1153/444 1484/1159/444 1482/1181/444
f 1443/1135/445 1441/1134/445 1469/1183/445 1471/1160/445
f 1469/1183/446 1495/1180/446 1509/1184/446 1496/1185/446
f 1475/1165/447 1473/1161/447 1498/1186/447 1499/1187/447
f 1483/1154/448 1481/1179/448 1502/1188/448 1503/1189/448
f 1491/1172/449 1489/1171/449 1506/1190/449 1507/1191/449
f 1477/1170/450 1475/1165/450 1499/1187/450 1500/1192/450
f 1485/1155/451 1483/1154/451 1503/1189/451 1504/1193/451
f 1493/1176/452 1491/1172/452 1507/1191/452 1508/1194/452
f 1471/1160/453 1469/1183/453 1496/1185/453 1497/1195/453
f 1479/1175/454 1477/1170/454 1500/1192/454 1501/1196/454
f 1487/1162/455 1485/1155/455 1504/1193/455 1505/1197/455
f 1495/1180/456 1493/1176/456 1508/1194/456 1509/1184/456
f 1473/1161/457 1471/1160/457 1497/1195/457 1498/1186/457
f 1481/1179/458 1479/1175/458 1501/1196/458 1502/1188/458
f 1489/1166/459 1487/1162/459 1505/1197/459 1506/1198/459
f 1496/1185/460 1509/1184/460 1510/1199/460
f 1503/1189/461 1502/1188/461 1510/1199/461
f 1504/1193/462 1503/1189/462 1510/1199/462
f 1497/1195/463 1496/1185/463 1510/1199/463
f 1505/1197/464 1504/1193/464 1510/1199/464
f 1498/1186/465 1497/1195/465 1510/1199/465
f 1506/1198/466 1505/1197/466 1510/1199/466
f 1499/1187/467 1498/1186/467 1510/1199/467
f 1507/1191/468 1506/1190/468 1510/1199/468
f 1500/1192/469 1499/1187/469 1510/1199/469
f 1508/1194/470 1507/1191/470 1510/1199/470
f 1501/1196/471 1500/1192/471 1510/1199/471
f 1509/1184/472 1508/1194/472 1510/1199/472
f 1502/1188/473 1501/1196/473 1510/1199/473
f 1470/1157/474 1472/1156/474 1521/1200/474 1522/1201/474
f 1478/1173/475 1480/1177/475 1517/1202/475 1518/1203/475
f 1486/1158/476 1488/1164/476 1513/1204/476 1514/1205/476
f 1494/1178/477 1468/1182/477 1523/1206/477 1524/1207/477
f 1472/1156/478 1474/1163/478 1520/1208/478 1521/1200/478
f 1480/1177/479 1482/1181/479 1516/1209/479 1517/1202/479
f 1488/1169/480 1490/1168/480 1512/1210/480 1513/1211/480
f 1474/1163/481 1476/1167/481 1519/1212/481 1520/1208/481
f 1482/1181/482 1484/1159/482 1515/1213/482 1516/1209/482
f 1490/1168/483 1492/1174/483 1511/1214/483 1512/1210/483
f 1468/1182/484 1470/1157/484 1522/1201/484 1523/1206/484
f 1476/1167/485 1478/1173/485 1518/1203/485 1519/1212/485
f 1484/1159/486 1486/1158/486 1514/1205/486 1515/1213/486
f 1492/1174/487 1494/1178/487 1524/1207/487 1511/1214/487
f 1518/1203/488 1517/1202/488 1525/1215/488
f 1511/1214/488 1524/1207/488 1525/1215/488
f 1519/1212/488 1518/1203/488 1525/1215/488
f 1512/1210/488 1511/1214/488 1525/1215/488
f 1520/1208/488 1519/1212/488 1525/1215/488
f 1513/1211/488 1512/1210/488 1525/1215/488
f 1521/1200/488 1520/1208/488 1525/1215/488
f 1514/1205/488 1513/1204/488 1525/1215/488
f 1522/1201/488 1521/1200/488 1525/1215/488
f 1515/1213/488 1514/1205/488 1525/1215/488
f 1523/1206/488 1522/1201/488 1525/1215/488
f 1516/1209/488 1515/1213/488 1525/1215/488
f 1524/1207/488 1523/1206/488 1525/1215/488
f 1517/1202/488 1516/1209/488 1525/1215/488
o pile_of_plates
v -0.691018 2.244601 1.167997
v -0.518917 2.244601 1.167997
v -0.691018 2.244601 0.944106
v -0.518917 2.244601 0.944106
v -0.739453 2.327229 0.881096
v -0.739453 2.327229 1.231007
v -0.470482 2.327229 1.231007
v -0.470482 2.327229 0.881096
v -0.691018 2.142763 1.167997
v -0.518917 2.142763 1.167997
v -0.691018 2.142763 0.944106
v -0.518917 2.142763 0.944106
v -0.739453 2.225391 0.881096
v -0.739453 2.225391 1.231007
v -0.470482 2.225391 1.231007
v -0.470482 2.225391 0.881096
v -0.691018 2.162498 1.167997
v -0.518917 2.162498 1.167997
v -0.691018 2.162498 0.944106
v -0.518917 2.162498 0.944106
v -0.739453 2.245126 0.881096
v -0.739453 2.245126 1.231007
v -0.470482 2.245126 1.231007
v -0.470482 2.245126 0.881096
v -0.691018 2.183398 1.167997
v -0.518917 2.183398 1.167997
v -0.691018 2.183398 0.944106
v -0.518917 2.183398 0.944106
v -0.739453 2.266026 0.881096
v -0.739453 2.266026 1.231007
v -0.470482 2.266026 1.231007
v -0.470482 2.266026 0.881096
v -0.691018 2.198965 1.167997
v -0.518917 2.198965 1.167997
v -0.691018 2.198965 0.944106
v -0.518917 2.198965 0.944106
v -0.739453 2.281593 0.881096
v -0.739453 2.281593 1.231007
v -0.470482 2.281593 1.231007
v -0.470482 2.281593 0.881096
v -0.691018 2.212039 1.167997
v -0.518917 2.212039 1.167997
v -0.691018 2.212039 0.944106
v -0.518917 2.212039 0.944106
v -0.739453 2.294666 0.881096
v -0.739453 2.294666 1.231007
v -0.470482 2.294666 1.231007
v -0.470482 2.294666 0.881096
v -0.691018 2.227771 1.167997
v -0.518917 2.227771 1.167997
v -0.691018 2.227771 0.944106
v -0.518917 2.227771 0.944106
v -0.739453 2.310399 0.881096
v -0.739453 2.310399 1.231007
v -0.470482 2.310399 1.231007
v -0.470482 2.310399 0.881096
vn -0.0000 1.0000 -0.0000
vn -0.0000 0.6064 0.7952
vn -0.0000 0.6064 -0.7952
vn -0.8627 0.5057 -0.0000
vn 0.8627 0.5057 -0.0000
vt 0.110304 0.426665
vt 0.110304 0.366406
vt 0.050044 0.366406
vt 0.050044 0.426665
vt 0.022077 0.349447
vt 0.022077 0.443624
vt 0.138271 0.443624
vt 0.138271 0.349447
vt 0.127263 0.338439
vt 0.033085 0.338439
vt 0.033085 0.454633
vt 0.127263 0.454633
s 0
usemtl Material
f 1526/1216/490 1527/1217/490 1529/1218/490 1528/1219/490
f 1529/1218/491 1533/1220/491 1530/1221/491 1528/1219/491
f 1526/1216/492 1531/1222/492 1532/1223/492 1527/1217/492
f 1527/1217/493 1532/1224/493 1533/1225/493 1529/1218/493
f 1528/1219/494 1530/1226/494 1531/1227/494 1526/1216/494
f 1534/1216/490 1535/1217/490 1537/1218/490 1536/1219/490
f 1537/1218/491 1541/1220/491 1538/1221/491 1536/1219/491
f 1534/1216/492 1539/1222/492 1540/1223/492 1535/1217/492
f 1535/1217/493 1540/1224/493 1541/1225/493 1537/1218/493
f 1536/1219/494 1538/1226/494 1539/1227/494 1534/1216/494
f 1542/1216/490 1543/1217/490 1545/1218/490 1544/1219/490
f 1545/1218/491 1549/1220/491 1546/1221/491 1544/1219/491
f 1542/1216/492 1547/1222/492 1548/1223/492 1543/1217/492
f 1543/1217/493 1548/1224/493 1549/1225/493 1545/1218/493
f 1544/1219/494 1546/1226/494 1547/1227/494 1542/1216/494
f 1550/1216/490 1551/1217/490 1553/1218/490 1552/1219/490
f 1553/1218/491 1557/1220/491 1554/1221/491 1552/1219/491
f 1550/1216/492 1555/1222/492 1556/1223/492 1551/1217/492
f 1551/1217/493 1556/1224/493 1557/1225/493 1553/1218/493
f 1552/1219/494 1554/1226/494 1555/1227/494 1550/1216/494
f 1558/1216/490 1559/1217/490 1561/1218/490 1560/1219/490
f 1561/1218/491 1565/1220/491 1562/1221/491 1560/1219/491
f 1558/1216/492 1563/1222/492 1564/1223/492 1559/1217/492
f 1559/1217/493 1564/1224/493 1565/1225/493 1561/1218/493
f 1560/1219/494 1562/1226/494 1563/1227/494 1558/1216/494
f 1566/1216/490 1567/1217/490 1569/1218/490 1568/1219/490
f 1569/1218/491 1573/1220/491 1570/1221/491 1568/1219/491
f 1566/1216/492 1571/1222/492 1572/1223/492 1567/1217/492
f 1567/1217/493 1572/1224/493 1573/1225/493 1569/1218/493
f 1568/1219/494 1570/1226/494 1571/1227/494 1566/1216/494
f 1574/1216/490 1575/1217/490 1577/1218/490 1576/1219/490
f 1577/1218/491 1581/1220/491 1578/1221/491 1576/1219/491
f 1574/1216/492 1579/1222/492 1580/1223/492 1575/1217/492
f 1575/1217/493 1580/1224/493 1581/1225/493 1577/1218/493
f 1576/1219/494 1578/1226/494 1579/1227/494 1574/1216/494
