# Blender 5.1.0
# www.blender.org
mtllib sign with words.mtl
o Cube.027
v 0.098136 2.984421 -0.220749
v 0.099728 3.142145 -0.013085
v 0.169621 2.848129 -0.069754
v 0.113729 3.056830 0.056346
v 0.131402 3.086143 -0.130363
v 0.145320 2.950332 -0.003657
v 0.164691 2.908577 -0.155333
v 0.101328 3.111075 0.043976
v 0.156645 3.005461 -0.085411
v 0.057690 3.153358 0.058612
v 0.116235 2.800369 0.037625
v 0.114872 3.072113 0.095516
v 0.136609 2.912958 0.081605
v 0.090348 3.112951 0.080995
v 0.101236 3.096884 -0.018698
v 0.132938 3.067513 -0.076842
v 0.136539 3.027586 -0.061554
v 0.121769 2.998100 -0.015285
v 0.102431 3.063463 0.008448
v 0.133370 2.955791 0.040711
v 0.125280 3.114072 -0.084943
v 0.117378 3.092509 -0.060972
v 0.135929 2.980618 0.095693
v 0.109979 3.026946 0.003853
v 0.125435 2.998210 0.054099
v 0.178217 2.984979 -0.328173
v 0.282726 2.775899 -0.088558
v 0.270353 2.874657 -0.225302
v 0.198361 2.690128 0.092033
v 0.098386 2.998796 -0.201964
v 0.161300 2.868100 -0.055982
v 0.158149 2.927369 -0.141088
v 0.115351 2.824973 0.042141
v 0.126198 3.045037 -0.178017
v 0.177275 2.908513 -0.022602
v 0.176154 2.971482 -0.114605
v 0.136698 2.870084 0.072351
v -0.082558 3.096491 -0.256456
v -0.004955 3.173717 -0.031522
v -0.046478 3.139227 -0.145656
v 0.014035 3.056953 -0.266872
v 0.042200 3.169308 0.000200
v 0.047049 3.113397 -0.166550
v -0.194044 3.105951 -0.192091
v -0.015799 3.200805 -0.001226
v -0.127642 3.173210 -0.114034
v 0.019640 3.182589 0.028646
v 0.067934 3.129681 -0.043353
v 0.085672 3.114064 -0.111836
v 0.046191 3.116567 -0.128444
v -0.007121 3.125039 -0.110709
v 0.026075 3.138663 -0.048083
v -0.070756 3.156828 -0.110415
v 0.092692 3.116822 -0.079249
v -0.083140 3.196372 -0.066495
v 0.001765 3.133523 -0.076264
v -0.047080 3.168113 -0.073623
v -0.104730 3.157492 -0.375413
v 0.050386 3.091295 -0.388156
v -0.295374 3.176391 -0.273506
v -0.076747 3.102544 -0.232220
v 0.019013 3.064400 -0.244098
v -0.177634 3.113525 -0.174772
v -0.061476 3.143650 -0.199362
v 0.041651 3.103950 -0.214185
v -0.155720 3.158076 -0.144142
v -0.175945 2.921899 0.066283
v -0.006905 3.117820 0.098586
v 0.005123 2.810604 0.102516
v 0.079857 3.049103 0.091819
v -0.107138 3.031729 0.119447
v 0.046168 2.927714 0.100179
v -0.091471 2.850142 0.112932
v 0.055423 3.100603 0.092050
v -0.044442 2.959589 0.125177
v -0.002661 3.073183 0.090108
v -0.050906 3.025574 0.115689
v -0.027278 2.990216 0.110003
v 0.023062 2.975583 0.088087
v 0.030977 3.047163 0.083277
v 0.087429 2.945311 0.088822
v -0.069218 3.069704 0.118745
v -0.041822 3.056192 0.105749
v 0.034774 3.009791 0.082611
v 0.090923 2.990337 0.090241
v -0.275230 2.881540 0.146700
v 0.009960 2.713677 0.197096
v -0.145155 2.779873 0.209838
v -0.160670 2.939702 0.069332
v 0.013731 2.834437 0.098560
v -0.082028 2.872581 0.110437
v -0.145220 2.983122 0.106225
v 0.038793 2.876923 0.122423
v -0.064333 2.916623 0.137246
v -0.247056 3.058966 -0.084186
v -0.038827 3.165991 0.003950
v -0.145630 3.116609 -0.041819
v -0.242126 2.998518 0.001393
v -0.003705 3.158836 0.048274
v -0.154037 3.067526 0.044038
v -0.035963 3.105981 0.065453
v -0.098172 3.072126 0.080695
v -0.117626 3.079197 0.043113
v -0.105829 3.102522 -0.007337
v -0.045379 3.122364 0.026746
v -0.116697 3.146348 -0.062303
v -0.066508 3.080505 0.087473
v -0.073440 3.116367 0.002494
v -0.081592 3.160241 -0.037481
v -0.377496 3.095269 -0.089759
v -0.365123 2.996511 0.046984
v -0.224315 3.068881 -0.077679
v -0.221164 3.009611 0.007427
v -0.199957 3.112060 -0.054337
v -0.198837 3.049091 0.037666
v 0.079593 3.151088 0.026009
v 0.136687 2.944902 -0.189557
v 0.106154 3.088984 0.049552
v 0.151154 2.819402 -0.014892
v 0.130529 3.102608 -0.107283
v 0.137346 2.948949 0.023915
v 0.152845 2.976389 -0.050318
v 0.175026 2.877331 -0.116392
v 0.100499 3.125041 0.022251
v 0.150957 3.042028 -0.111309
v 0.104092 3.115676 -0.015643
v 0.119070 3.053777 0.079430
v 0.146677 2.922617 0.041339
v 0.096917 3.113472 0.059963
v 0.106987 3.085992 0.091011
v 0.073577 3.135389 0.069868
v 0.138803 2.945996 0.090896
v 0.123939 3.078468 -0.066849
v 0.133672 3.048733 -0.066696
v 0.127346 3.017868 -0.041772
v 0.106310 3.046001 0.001546
v 0.100443 3.079722 -0.004702
v 0.106271 3.063009 0.029147
v 0.132625 2.976696 -0.016320
v 0.146772 3.016844 -0.073686
v 0.138982 3.073896 -0.098239
v 0.129640 2.973381 0.049609
v 0.124757 2.977236 0.013604
v 0.140923 2.934508 0.063463
v 0.114998 3.126659 -0.054310
v 0.107467 3.092428 -0.039645
v 0.123529 3.105135 -0.075060
v 0.128415 3.017019 0.096448
v 0.113368 3.018586 -0.008111
v 0.120322 3.026080 0.057266
v 0.135525 2.986280 0.080040
v 0.115044 3.013662 0.025254
v 0.126706 3.056951 -0.162854
v 0.172242 2.923933 -0.013207
v 0.171662 2.984764 -0.102215
v 0.136343 2.889503 0.076242
v 0.231773 2.928195 -0.280395
v 0.255547 2.724268 0.003232
v 0.287464 2.825569 -0.163676
v 0.217691 2.817431 -0.077746
v 0.209597 2.894161 -0.185070
v 0.151139 2.753516 0.060749
v 0.132171 2.984658 -0.266404
v 0.088810 2.987584 -0.203945
v 0.106855 2.818376 0.032591
v 0.153941 2.860976 -0.063909
v 0.113027 3.022148 -0.190676
v 0.170101 2.887945 -0.039160
v 0.167948 2.949503 -0.128349
v 0.126830 2.846840 0.057865
v 0.166561 2.896500 -0.102049
v 0.133334 2.962149 -0.173515
v 0.145555 2.841797 -0.004840
v 0.150427 2.917352 -0.144493
v 0.131724 3.055018 -0.172203
v 0.180125 2.917662 -0.015356
v 0.179455 2.981127 -0.108409
v 0.140790 2.880508 0.078529
v 0.182097 2.937812 -0.071575
v 0.156831 3.008534 -0.149553
v 0.163752 2.884595 0.028178
v 0.056813 3.023567 -0.248692
v 0.022634 3.171240 -0.012283
v -0.141089 3.107222 -0.231256
v -0.065414 3.148640 -0.126199
v 0.002891 3.124074 -0.161337
v -0.031179 3.080415 -0.269056
v 0.065729 3.159285 -0.003491
v 0.089712 3.102346 -0.156652
v 0.081425 3.138000 -0.032424
v -0.019818 3.190563 -0.023397
v -0.094338 3.159984 -0.137098
v 0.033766 3.175666 0.013209
v -0.003915 3.195215 0.008904
v 0.040284 3.168178 0.045219
v -0.106811 3.187892 -0.090945
v 0.086514 3.115327 -0.094556
v 0.065166 3.116201 -0.117414
v 0.025065 3.118601 -0.117496
v 0.017272 3.133692 -0.064374
v 0.046117 3.133227 -0.044923
v 0.014337 3.153550 -0.038916
v -0.021021 3.128016 -0.130073
v 0.047028 3.115078 -0.147532
v 0.104491 3.107865 -0.123774
v -0.062997 3.163102 -0.093010
v -0.039813 3.139316 -0.108236
v -0.099230 3.171026 -0.114335
v 0.078048 3.121402 -0.061425
v 0.112118 3.116374 -0.083509
v -0.056656 3.199290 -0.040571
v 0.002958 3.127325 -0.089854
v -0.028193 3.172348 -0.052688
v -0.069590 3.188291 -0.071817
v -0.020169 3.146828 -0.074852
v -0.055974 3.148695 -0.182167
v 0.043831 3.110661 -0.196856
v -0.142891 3.164510 -0.130490
v 0.116724 3.041503 -0.365573
v -0.204685 3.177535 -0.337503
v -0.020731 3.129099 -0.391849
v -0.091981 3.122416 -0.307013
v 0.029484 3.071548 -0.318418
v -0.237109 3.135888 -0.226692
v -0.178927 3.099833 -0.178989
v -0.079172 3.090561 -0.236494
v -0.069304 3.123727 -0.216404
v 0.030852 3.084525 -0.229849
v -0.167414 3.136631 -0.159980
v -0.026359 3.086501 -0.244879
v 0.060181 3.034195 -0.227674
v -0.130634 3.113806 -0.209317
v 0.011590 3.054088 -0.247281
v -0.057994 3.152177 -0.191648
v 0.046231 3.112334 -0.207042
v -0.150356 3.167248 -0.137022
v -0.008767 3.125787 -0.212882
v 0.087209 3.077102 -0.201098
v -0.112828 3.156989 -0.176589
v 0.027909 3.139298 0.080135
v -0.134482 2.883044 0.094424
v 0.065882 3.079798 0.091726
v 0.063420 2.799388 0.076987
v -0.088197 3.052713 0.121777
v 0.072786 2.934222 0.091526
v -0.004326 2.940536 0.114279
v -0.046163 2.826874 0.115248
v 0.031224 3.109239 0.094799
v -0.077844 2.989835 0.128302
v -0.003476 3.091138 0.097007
v 0.103375 3.050197 0.095866
v 0.096007 2.911058 0.094404
v 0.070192 3.107375 0.087951
v -0.044114 3.040133 0.109145
v -0.036978 3.009805 0.112017
v -0.006568 2.987320 0.098469
v 0.028226 3.028188 0.083320
v 0.014570 3.060133 0.085228
v 0.051516 3.050518 0.086488
v 0.027348 2.952680 0.093931
v -0.036114 2.975125 0.117840
v -0.072699 3.025608 0.123444
v 0.092110 2.964819 0.088913
v 0.055857 2.961519 0.085759
v 0.114649 2.928514 0.090979
v -0.042744 3.090675 0.110884
v -0.021702 3.062963 0.095627
v -0.057809 3.063768 0.114846
v 0.025122 2.998456 0.084304
v 0.087739 3.018647 0.091389
v 0.119441 2.982611 0.096885
v 0.058806 3.000833 0.084149
v -0.132935 2.997723 0.109054
v 0.044329 2.894753 0.120750
v -0.055388 2.932970 0.135562
v -0.212895 2.826759 0.185283
v 0.108513 2.690727 0.157213
v -0.073478 2.743232 0.214320
v 0.007179 2.769410 0.142712
v -0.114287 2.820278 0.154117
v -0.218141 2.904746 0.100460
v -0.160883 2.930625 0.057546
v 0.007008 2.827458 0.089967
v -0.153611 2.961323 0.088561
v 0.026524 2.855193 0.111201
v -0.073632 2.894395 0.124646
v -0.036839 2.850101 0.110961
v -0.122739 2.903734 0.094657
v 0.068076 2.824123 0.076300
v -0.083754 2.863931 0.100754
v -0.141290 2.992739 0.113710
v 0.044111 2.886635 0.127085
v -0.060114 2.926477 0.142478
v -0.014830 2.892889 0.134657
v -0.107604 2.948212 0.127376
v 0.092433 2.868325 0.102867
v -0.214356 2.961709 0.035289
v -0.017638 3.162054 0.029892
v -0.228823 3.087208 -0.139376
v -0.129974 3.133913 -0.058588
v -0.154280 3.088220 0.003260
v -0.252367 3.029958 -0.037417
v -0.003546 3.143482 0.069057
v -0.139088 3.050152 0.082960
v -0.026142 3.113462 0.080226
v -0.035513 3.186983 -0.006960
v -0.145009 3.148425 -0.084032
v 0.007041 3.169570 0.041197
v -0.081539 3.076991 0.081437
v -0.105483 3.077273 0.061298
v -0.108848 3.088053 0.022746
v -0.060812 3.115880 0.017400
v -0.039756 3.113637 0.045008
v -0.040417 3.141060 0.018425
v -0.126298 3.104001 -0.019822
v -0.135858 3.073359 0.043995
v -0.107190 3.059577 0.097908
v -0.100527 3.154541 -0.053707
v -0.108713 3.123598 -0.036081
v -0.125504 3.165032 -0.086819
v -0.051121 3.091936 0.073847
v -0.069220 3.075007 0.106397
v -0.085287 3.107195 0.002561
v -0.060777 3.164915 -0.018565
v -0.085674 3.184622 -0.054973
v -0.076407 3.133999 -0.015957
v -0.183887 3.119515 -0.048210
v -0.183219 3.058867 0.040922
v -0.327944 2.940067 0.100106
v -0.351719 3.143994 -0.183521
v -0.381673 3.046762 -0.013853
v -0.302493 3.074395 -0.086554
v -0.294400 2.997665 0.020769
v -0.226105 3.057043 -0.082619
v -0.212881 3.090974 -0.066043
v -0.210728 3.029416 0.023146
v -0.229759 3.040102 -0.031869
v -0.195892 2.975780 0.040497
v -0.208113 3.096132 -0.128178
v -0.222591 3.000667 -0.002035
v -0.194007 3.121150 -0.049208
v -0.193337 3.057684 0.043846
v -0.205694 3.080865 -0.006650
v -0.177225 3.016780 0.075831
v -0.184147 3.140720 -0.101900
v 0.140149 2.994489 -0.047109
v 0.107636 3.085521 0.072231
v 0.089404 3.134616 0.042344
v 0.142305 2.932131 0.044316
v 0.145372 3.045784 -0.090623
v 0.130496 2.966333 0.007237
v 0.102217 3.097311 0.017427
v 0.131913 3.092204 -0.091444
v 0.112861 3.055216 -0.032998
v 0.112689 3.114327 -0.047766
v 0.110782 3.036412 0.029051
v 0.128849 3.019175 0.081644
v 0.139136 2.955605 0.075098
v 0.119358 2.994312 0.019667
v 0.159360 2.888030 -0.107691
v 0.137550 2.835184 -0.014096
v 0.222812 2.855332 -0.136488
v 0.195521 2.778970 -0.007190
v 0.177098 2.937802 -0.228164
v 0.167094 2.894427 0.035127
v 0.161365 3.018596 -0.143790
v 0.184849 2.946984 -0.064718
v 0.124523 2.951136 -0.175713
v 0.160612 2.902350 0.035107
v 0.154856 3.021503 -0.135795
v 0.176534 2.951739 -0.060494
v 0.175129 2.917037 -0.087028
v 0.145855 2.985524 -0.162175
v 0.155501 2.862617 0.012098
v 0.012551 3.120156 -0.141577
v 0.006894 3.184738 -0.002354
v 0.059121 3.164441 0.019924
v -0.089546 3.160472 -0.127336
v 0.079337 3.110820 -0.139512
v -0.043417 3.137615 -0.121520
v 0.047228 3.151468 -0.023284
v 0.113362 3.110475 -0.105178
v 0.046141 3.120926 -0.082394
v 0.101029 3.125811 -0.056399
v -0.005483 3.150917 -0.057026
v -0.046175 3.191550 -0.047936
v -0.089936 3.181210 -0.094496
v -0.031132 3.142524 -0.091750
v -0.031149 3.075656 -0.248736
v -0.132011 3.100666 -0.213667
v -0.026738 3.101105 -0.321243
v -0.168117 3.137105 -0.276411
v 0.082275 3.031190 -0.298366
v -0.108535 3.165885 -0.168936
v 0.092624 3.086296 -0.194682
v -0.005059 3.134017 -0.205317
v 0.051046 3.023501 -0.230112
v -0.103659 3.162621 -0.160548
v 0.088858 3.086503 -0.184658
v -0.005533 3.131051 -0.195289
v -0.017365 3.106618 -0.229542
v 0.074373 3.055924 -0.215097
v -0.122261 3.136175 -0.193545
v -0.005921 2.961169 0.105861
v 0.088826 3.081230 0.091929
v 0.048008 3.125173 0.085696
v 0.096585 2.921701 0.092196
v -0.058865 2.999194 0.123264
v 0.052364 2.948510 0.089061
v 0.032528 3.081414 0.090408
v -0.070453 3.046041 0.120484
v -0.006949 3.027886 0.092472
v -0.033906 3.080887 0.105756
v 0.057383 3.024230 0.084974
v 0.113557 3.015686 0.097658
v 0.121387 2.951556 0.093686
v 0.057767 2.980262 0.084167
v -0.041038 2.842315 0.102176
v 0.059904 2.817472 0.067220
v -0.057772 2.791326 0.157353
v 0.082585 2.753207 0.111083
v -0.167808 2.859123 0.133039
v 0.097350 2.878517 0.108167
v -0.103809 2.958106 0.133913
v -0.009903 2.902557 0.139236
v -0.123153 2.894637 0.083665
v 0.095199 2.887428 0.103610
v -0.097084 2.964031 0.128049
v -0.007371 2.909787 0.132101
v -0.025964 2.871164 0.123567
v -0.115781 2.925840 0.111824
v 0.080854 2.845589 0.090272
v -0.133518 3.086835 0.011394
v -0.011916 3.180447 0.017344
v 0.017725 3.154998 0.063275
v -0.135265 3.150043 -0.079456
v -0.124900 3.064230 0.074374
v -0.121550 3.119791 -0.039696
v -0.022461 3.135571 0.049697
v -0.089004 3.064312 0.106749
v -0.073668 3.093595 0.043076
v -0.045567 3.092371 0.097123
v -0.058883 3.138736 -0.001104
v -0.061467 3.188061 -0.031922
v -0.107685 3.177161 -0.075908
v -0.092723 3.128474 -0.027249
v -0.231548 3.029942 -0.038869
v -0.209657 3.082953 -0.132351
v -0.307322 3.037100 -0.027402
v -0.281054 3.111342 -0.158138
v -0.262631 2.952511 0.062836
v -0.178279 3.149975 -0.095897
v -0.172549 3.025806 0.083020
v -0.199811 3.089591 -0.001363
v -0.196630 2.967002 0.029266
v -0.169072 3.147700 -0.092044
v -0.163082 3.029031 0.079187
v -0.189439 3.089099 -0.002694
v -0.218459 3.060745 -0.018947
v -0.187263 2.996240 0.058902
v -0.196908 3.119147 -0.115371
v 0.210722 1.775278 0.001098
v 0.819171 1.758736 0.001731
v 0.215191 1.896849 -0.002337
v 0.817854 1.897837 -0.001034
v 1.003364 1.777338 -0.004519
v 1.055880 1.894114 0.006895
v 1.207909 1.800195 -0.007676
v -0.450400 2.147423 0.000128
v -1.061834 2.131685 0.006715
v -0.449433 1.982615 -0.000943
v -1.060895 1.953597 -0.001524
v -1.249189 2.127558 -0.001372
v -1.302636 1.986441 -0.000228
v -1.384384 2.044969 0.020073
v -1.133548 2.110982 0.065903
v -1.171645 2.099102 0.060740
v -0.812437 2.472681 0.014783
v -0.849223 2.476704 0.021464
v -0.809538 2.499834 -0.107754
v -0.850027 2.490468 -0.108978
v -0.570996 2.136999 0.022419
v -0.623717 2.134164 0.012052
v 0.304994 1.870386 -0.016731
v 0.268273 1.866844 -0.024595
v 0.552185 2.237356 0.006077
v 0.502404 2.244496 0.005731
v 0.634068 2.259943 -0.109429
v 0.585715 2.255248 -0.104009
v 0.861838 1.894471 -0.054538
v 0.827069 1.891311 -0.059301
v 0.209105 1.776670 -0.067277
v 0.811990 1.763663 -0.068603
v 0.213757 1.904567 -0.075756
v 0.830216 1.896542 -0.063422
v 1.009095 1.772934 -0.070797
v 1.063730 1.901350 -0.065322
v 1.213516 1.797530 -0.068821
v -0.455807 2.145386 0.050386
v -1.064372 2.129295 0.049787
v -0.449328 1.980746 0.052981
v -1.056635 1.964239 0.059317
v -1.249923 2.127729 0.052978
v -1.298511 1.981366 0.044011
v -1.377678 2.052223 0.074527
v 0.216925 1.634525 0.005267
v 0.833290 1.648235 0.005067
v 0.202835 1.772869 -0.000381
v 0.818974 1.756860 0.006361
v 1.019601 1.650031 0.002858
v 1.214275 1.796207 0.003606
v 1.217219 1.666080 0.002584
v 0.304644 1.737906 0.010339
v 0.270226 1.728299 -0.004918
v 0.870651 1.760537 0.019601
v 0.822466 1.771276 0.020038
v 0.208488 1.635404 -0.060017
v 0.823998 1.650542 -0.067555
v 0.203205 1.771448 -0.066595
v 0.823252 1.756751 -0.067628
v 1.007944 1.650577 -0.073650
v 1.205901 1.790505 -0.071470
v 1.220331 1.676471 -0.058495
v 0.219068 1.632292 -0.001628
v 0.830913 1.645467 -0.008229
v 1.021592 1.646899 0.002516
v 1.210522 1.665927 -0.001212
v 0.212912 1.531763 -0.000976
v 0.830840 1.548630 -0.002014
v 1.014949 1.552440 0.003587
v 1.221755 1.546670 -0.000431
v 0.220446 1.529539 -0.004197
v 0.830144 1.546862 -0.008892
v 1.017801 1.551038 0.000555
v 1.220272 1.542932 0.001215
v 0.211570 1.373298 0.003515
v 0.829239 1.396662 -0.000210
v 1.009802 1.393606 -0.000134
v 1.215255 1.408558 0.009156
v 0.207019 1.627849 -0.067816
v 0.827884 1.649966 -0.066939
v 1.015086 1.642012 -0.073097
v 1.216591 1.661319 -0.068363
v 0.223354 1.534427 -0.066333
v 0.828048 1.542828 -0.068903
v 1.008405 1.544208 -0.073095
v 1.205328 1.553528 -0.067559
v 0.215816 1.527020 -0.073814
v 0.838321 1.540700 -0.067813
v 1.017617 1.538828 -0.067585
v 1.223820 1.551489 -0.068113
v 0.213933 1.373572 -0.068473
v 0.832748 1.398223 -0.070848
v 1.016629 1.395394 -0.068405
v 1.216285 1.404138 -0.071167
v -0.451746 1.979231 0.052606
v -1.066524 1.960643 0.054128
v -0.451514 1.806160 0.051639
v -1.017501 1.826588 0.051686
v -1.361577 1.982740 0.058460
v -1.304086 1.824650 0.041241
v -1.391665 1.878594 0.077338
v -0.431626 1.802029 0.058042
v -0.999337 1.821509 0.053743
v -0.431432 1.660002 0.050819
v -1.036589 1.664660 0.052076
v -1.353383 1.820943 0.050255
v -1.293985 1.657158 0.059756
v -1.375250 1.716077 0.073309
v -0.428214 1.651244 0.050738
v -1.043089 1.661151 0.048166
v -0.420128 1.557064 0.049779
v -1.033330 1.569630 0.055658
v -1.344307 1.649316 0.053842
v -1.284338 1.557424 0.045904
v -1.362970 1.588407 0.075048
v -0.456565 1.964962 -0.010246
v -1.071224 1.962073 -0.006817
v -0.459690 1.810504 -0.007715
v -1.027497 1.824268 -0.005278
v -1.364697 1.982640 -0.007428
v -1.312039 1.821384 -0.005788
v -1.396144 1.878785 0.011373
v -0.444358 1.804057 -0.006515
v -1.003819 1.820496 -0.005702
v -0.439004 1.653817 0.003996
v -1.037372 1.662549 -0.002091
v -1.358481 1.812342 -0.001648
v -1.300521 1.659940 -0.003009
v -1.373803 1.718713 0.015187
v -0.434316 1.646340 -0.007256
v -1.034689 1.654262 -0.005702
v -0.438531 1.559432 -0.006355
v -1.044205 1.567638 -0.013559
v -1.356679 1.644684 -0.010361
v -1.287177 1.559328 -0.006646
v -1.368984 1.590108 0.014208
v -0.819250 2.136770 -0.053480
v -0.767007 1.527369 -0.046893
v -0.654794 2.147583 -0.054551
v -0.617666 1.537249 -0.055132
v -0.818133 2.137040 -0.015223
v -0.765889 1.527639 -0.008635
v -0.653677 2.147853 -0.016293
v -0.616548 1.537519 -0.016874
v 0.645999 1.935192 -0.099179
v 0.477424 1.408865 -0.093227
v 0.786892 1.886959 -0.100146
v 0.605389 1.365116 -0.100671
v 0.647025 1.935028 -0.064610
v 0.478449 1.408701 -0.058658
v 0.787918 1.886796 -0.065577
v 0.606415 1.364953 -0.066102
v -0.123189 0.011518 0.050023
v 0.022116 0.002643 0.065517
v -0.122155 0.006889 -0.089840
v 0.021842 0.005005 -0.079110
v -0.115576 3.075684 -0.047290
v 0.029729 3.066808 -0.031797
v -0.114542 3.071054 -0.187154
v 0.029455 3.069170 -0.176423
v 0.025923 1.534725 0.016860
v 0.025649 1.537088 -0.127767
v -0.118348 1.538972 -0.138497
v -0.119383 1.543601 0.001367
vn 0.7219 0.5572 0.4103
vn 0.8833 0.3470 -0.3151
vn 0.9335 0.3500 0.0783
vn 0.7577 0.5389 0.3681
vn 0.8030 0.3839 0.4558
vn 0.8185 0.3025 0.4885
vn 0.8213 0.3724 0.4321
vn 0.7390 0.5145 0.4349
vn 0.9592 0.2622 -0.1057
vn 0.9434 0.3217 0.0804
vn 0.8574 0.4905 0.1560
vn 0.9250 0.3730 -0.0726
vn 0.8911 0.1667 0.4220
vn 0.3431 0.9303 0.1298
vn 0.8638 0.4528 0.2210
vn 0.7755 0.5900 0.2246
vn 0.6017 0.7222 0.3411
vn 0.7169 0.6155 0.3275
vn 0.8610 0.4552 0.2268
vn 0.9321 0.3591 0.0468
vn 0.9747 0.0995 0.2001
vn 0.9386 0.3445 0.0199
vn 0.8882 0.2745 0.3685
vn 0.8655 0.2619 0.4270
vn 0.9090 0.2925 0.2969
vn 0.7918 0.5422 0.2810
vn 0.8866 0.4037 0.2258
vn 0.9045 0.4228 0.0555
vn 0.9793 0.1276 -0.1569
vn 0.9880 0.0454 -0.1477
vn 0.9937 -0.1087 -0.0257
vn 0.9924 0.1020 0.0689
vn 0.9910 0.1297 -0.0340
vn 0.9539 0.2332 0.1889
vn 0.8937 0.1445 0.4248
vn 0.8841 0.2645 0.3852
vn 0.9624 0.2663 -0.0541
vn 0.9504 0.1774 0.2556
vn 0.9582 0.2039 0.2006
vn 0.9623 0.1742 0.2088
vn 0.8953 0.2533 0.3664
vn 0.8449 0.2204 0.4874
vn 0.8415 0.2778 0.4633
vn 0.8804 0.2117 0.4244
vn 0.9531 0.0804 0.2917
vn 0.9473 -0.1530 0.2814
vn 0.9157 -0.0448 0.3992
vn 0.9452 0.0665 0.3197
vn 0.9488 0.2084 -0.2373
vn 0.9767 0.1889 -0.1021
vn 0.9708 0.2047 -0.1247
vn 0.9540 0.1813 -0.2386
vn 0.9787 0.1986 0.0519
vn 0.9406 0.2038 -0.2717
vn 0.9467 0.2262 -0.2292
vn 0.9676 0.2521 0.0131
vn 0.9944 -0.0444 0.0954
vn 0.9618 0.2221 -0.1601
vn 0.9494 0.1777 -0.2589
vn 0.9948 0.0924 0.0426
vn 0.9512 0.2926 -0.0977
vn 0.9448 0.3122 0.0990
vn 0.9621 0.2726 -0.0081
vn 0.9540 0.2283 -0.1942
vn 0.6586 0.7137 0.2385
vn 0.6619 0.5034 0.5554
vn 0.7802 -0.3907 -0.4885
vn 0.8048 -0.5431 -0.2395
vn 0.7304 -0.6732 -0.1149
vn 0.5690 -0.8188 0.0759
vn 0.5237 0.7282 0.4421
vn 0.5256 0.6929 0.4937
vn 0.5256 0.6936 0.4925
vn 0.5230 0.7306 0.4389
vn 0.5189 0.6722 0.5282
vn 0.4983 0.6537 0.5695
vn 0.4974 0.6533 0.5707
vn 0.5182 0.6713 0.5300
vn 0.4971 0.7822 0.3755
vn 0.5086 0.7656 0.3939
vn 0.5075 0.7673 0.3920
vn 0.4965 0.7829 0.3749
vn 0.6603 0.5997 0.4521
vn 0.6178 0.7604 0.2001
vn 0.6428 0.7251 0.2473
vn 0.6582 0.5553 0.5084
vn 0.6272 0.5014 0.5960
vn 0.6171 0.6509 0.4423
vn 0.9298 -0.3602 0.0761
vn 0.8006 -0.5039 0.3242
vn 0.7140 0.0452 -0.6987
vn 0.8643 -0.0393 -0.5014
vn 0.9605 -0.1438 -0.2380
vn 0.2034 0.9550 0.2159
vn 0.9661 -0.2520 -0.0564
vn 0.4615 -0.2202 -0.8594
vn 0.5944 -0.2650 -0.7592
vn 0.6214 0.6504 0.4368
vn 0.6633 0.6053 0.4401
vn 0.6621 0.6583 0.3580
vn 0.9266 -0.1863 -0.3267
vn 0.9508 -0.1540 -0.2687
vn 0.9590 -0.2751 -0.0683
vn 0.9398 -0.3274 -0.0974
vn 0.6421 -0.0020 -0.7666
vn 0.6898 0.0354 -0.7231
vn 0.8377 -0.0379 -0.5448
vn 0.7845 -0.0581 -0.6175
vn 0.8943 -0.4457 0.0403
vn 0.9202 -0.3855 0.0676
vn 0.7902 -0.5275 0.3120
vn 0.7589 -0.5907 0.2741
vn 0.3156 0.9489 0.0054
vn 0.4198 0.8559 -0.3020
vn 0.6385 0.5881 -0.4964
vn 0.0656 0.9797 -0.1892
vn 0.1975 0.9803 0.0075
vn 0.2988 0.9481 0.1089
vn 0.2062 0.9782 -0.0233
vn 0.1177 0.9926 -0.0303
vn 0.4646 0.7493 -0.4719
vn 0.5248 0.7671 -0.3689
vn 0.4683 0.8736 -0.1320
vn 0.3985 0.8584 -0.3231
vn 0.3610 0.9296 0.0744
vn 0.3316 0.4682 0.8191
vn 0.4020 0.9076 -0.1209
vn 0.4364 0.8918 0.1198
vn 0.4882 0.8340 0.2570
vn 0.4890 0.8722 0.0125
vn 0.3999 0.9094 -0.1146
vn 0.1607 0.9012 -0.4026
vn 0.4452 0.8387 -0.3137
vn 0.4509 0.8248 -0.3411
vn 0.2412 0.9502 -0.1975
vn 0.1319 0.9844 -0.1161
vn 0.1808 0.9712 -0.1552
vn 0.4218 0.9067 0.0071
vn 0.4842 0.8368 -0.2557
vn 0.3654 0.9170 -0.1600
vn 0.3936 0.7045 -0.5906
vn 0.3253 0.7852 -0.5269
vn 0.2434 0.8396 -0.4856
vn 0.1346 0.7375 -0.6618
vn 0.3256 0.6978 -0.6380
vn 0.2676 0.9091 -0.3192
vn 0.4381 0.7826 -0.4423
vn 0.1623 0.9754 -0.1492
vn 0.0471 0.9783 -0.2019
vn 0.1841 0.9322 -0.3118
vn 0.0972 0.9831 -0.1554
vn 0.1180 0.9904 -0.0723
vn 0.0596 0.9938 -0.0940
vn 0.1669 0.9707 -0.1729
vn 0.2114 0.9137 -0.3471
vn 0.2387 0.9125 -0.3321
vn 0.0875 0.9330 -0.3492
vn 0.0585 0.9398 -0.3368
vn -0.0814 0.9372 -0.3390
vn -0.0903 0.8689 -0.4868
vn 0.4977 0.6526 -0.5713
vn 0.4784 0.6497 -0.5907
vn 0.4332 0.7342 -0.5228
vn 0.4088 0.7483 -0.5225
vn 0.3262 0.8413 -0.4311
vn 0.3886 0.8223 -0.4156
vn 0.5065 0.6598 -0.5551
vn 0.5127 0.6252 -0.5885
vn 0.1138 0.8230 -0.5566
vn 0.2519 0.8241 -0.5074
vn 0.4866 0.6335 -0.6016
vn 0.4657 0.7107 -0.5273
vn 0.4821 0.7547 -0.4450
vn 0.4891 0.6862 -0.5385
vn 0.4159 0.8105 -0.4125
vn 0.3804 0.8681 -0.3188
vn 0.3391 0.9160 0.2143
vn 0.3760 0.8883 0.2638
vn -0.1184 0.3662 -0.9230
vn 0.1422 0.2377 -0.9609
vn -0.5681 0.3011 -0.7659
vn -0.3088 0.3502 -0.8843
vn 0.4174 0.8329 0.3634
vn 0.4210 0.8311 0.3634
vn 0.3611 0.8557 0.3707
vn 0.3598 0.8561 0.3710
vn 0.3219 0.8661 0.3824
vn 0.3200 0.8664 0.3833
vn 0.2778 0.8696 0.4081
vn 0.2790 0.8697 0.4071
vn 0.4934 0.7859 0.3727
vn 0.4941 0.7852 0.3731
vn 0.4741 0.8002 0.3673
vn 0.4719 0.8017 0.3667
vn 0.5540 0.8125 0.1816
vn 0.4407 0.8764 0.1941
vn 0.1708 0.9509 0.2581
vn 0.6043 0.7737 0.1901
vn 0.3798 0.8884 0.2579
vn 0.2708 0.9368 0.2216
vn -0.1352 0.6886 -0.7124
vn -0.4201 0.6983 -0.5795
vn 0.5931 0.1643 -0.7882
vn 0.4419 0.3767 -0.8141
vn 0.2251 0.5805 -0.7825
vn 0.0348 0.6652 -0.7459
vn 0.4803 0.4620 0.7456
vn 0.3614 -0.0356 -0.9317
vn 0.4280 -0.1872 -0.8842
vn 0.3511 0.9127 0.2091
vn 0.1265 0.5923 0.7957
vn 0.4311 0.8809 0.1955
vn 0.2370 0.4928 -0.8372
vn -0.0055 0.6036 -0.7973
vn 0.0223 0.6474 -0.7618
vn 0.2332 0.5528 -0.8000
vn 0.5814 0.0578 -0.8116
vn 0.4791 0.2427 -0.8436
vn 0.4630 0.3311 -0.8222
vn 0.5948 0.1290 -0.7935
vn -0.1883 0.6205 -0.7612
vn -0.4671 0.6168 -0.6336
vn -0.4335 0.6777 -0.5940
vn -0.1519 0.6705 -0.7262
vn 0.3141 0.3561 0.8801
vn 0.0666 0.1522 0.9861
vn -0.3197 0.0726 0.9447
vn 0.4376 0.0632 0.8969
vn 0.4184 0.2961 0.8586
vn 0.3658 0.4294 0.8257
vn 0.3990 0.2761 0.8744
vn 0.4686 0.2226 0.8549
vn -0.0923 0.0224 0.9955
vn -0.0860 0.1424 0.9861
vn 0.1073 0.3194 0.9415
vn 0.0753 0.1237 0.9895
vn 0.2969 0.4338 0.8507
vn -0.1743 0.8371 0.5185
vn 0.1790 0.2966 0.9381
vn 0.2382 0.5062 0.8288
vn 0.2208 0.6353 0.7400
vn 0.1473 0.4467 0.8824
vn 0.1840 0.3008 0.9358
vn 0.2414 -0.0678 0.9681
vn 0.0339 0.1543 0.9874
vn 0.0113 0.1330 0.9911
vn 0.2902 0.1513 0.9449
vn 0.4205 0.1604 0.8930
vn 0.3624 0.1546 0.9191
vn 0.2136 0.4103 0.8866
vn 0.0269 0.2226 0.9745
vn 0.1958 0.2461 0.9493
vn -0.1122 -0.1214 0.9862
vn 0.0079 -0.0946 0.9955
vn 0.1142 -0.0984 0.9886
vn 0.0668 -0.3201 0.9450
vn -0.0852 -0.1994 0.9762
vn 0.2007 0.0614 0.9777
vn -0.0427 0.0370 0.9984
vn 0.3805 0.1496 0.9126
vn 0.4453 0.0423 0.8944
vn 0.2772 0.0239 0.9605
vn 0.4297 0.1089 0.8964
vn 0.4509 0.1887 0.8724
vn 0.4868 0.1387 0.8625
vn 0.3654 0.1324 0.9214
vn 0.2332 0.0078 0.9724
vn 0.2186 0.0352 0.9752
vn 0.3332 -0.0610 0.9409
vn 0.3629 -0.0663 0.9295
vn 0.4621 -0.1483 0.8743
vn 0.3724 -0.2842 0.8835
vn -0.2098 -0.0559 0.9761
vn -0.2051 -0.0831 0.9752
vn -0.0978 -0.0391 0.9944
vn -0.0720 -0.0503 0.9961
vn 0.0762 -0.0072 0.9971
vn 0.0262 0.0373 0.9990
vn -0.2059 -0.0367 0.9779
vn -0.2430 -0.0662 0.9678
vn 0.1713 -0.2321 0.9575
vn 0.0908 -0.1138 0.9893
vn -0.2244 -0.0901 0.9703
vn -0.1366 -0.0285 0.9902
vn -0.0915 0.0548 0.9943
vn -0.1717 -0.0285 0.9847
vn 0.0008 0.0533 0.9986
vn 0.0956 0.1185 0.9883
vn 0.3591 0.5310 0.7675
vn 0.3356 0.5867 0.7370
vn -0.0624 -0.7409 0.6687
vn -0.3392 -0.6461 0.6838
vn 0.2873 -0.8831 0.3710
vn 0.0815 -0.8213 0.5647
vn 0.3126 0.6800 0.6632
vn 0.3089 0.6818 0.6631
vn 0.3692 0.6580 0.6564
vn 0.3705 0.6575 0.6561
vn 0.4081 0.6469 0.6442
vn 0.4100 0.6466 0.6433
vn 0.4520 0.6430 0.6183
vn 0.4508 0.6429 0.6192
vn 0.2343 0.7223 0.6507
vn 0.2336 0.7229 0.6502
vn 0.2543 0.7095 0.6572
vn 0.2566 0.7081 0.6578
vn 0.1316 0.6085 0.7826
vn 0.2550 0.5655 0.7843
vn 0.5179 0.4765 0.7105
vn 0.0763 0.6369 0.7671
vn 0.3307 0.5841 0.7413
vn 0.4232 0.5017 0.7545
vn 0.2150 -0.5233 0.8246
vn 0.4785 -0.5774 0.6616
vn -0.6412 -0.2640 0.7205
vn -0.4206 -0.3324 0.8442
vn -0.1350 -0.3937 0.9093
vn 0.0654 -0.4575 0.8868
vn -0.6426 -0.5472 0.5363
vn -0.7589 -0.4986 0.4188
vn 0.3464 0.5330 0.7719
vn 0.0334 0.7901 0.6120
vn 0.2650 0.5620 0.7836
vn -0.2147 -0.4467 0.8686
vn 0.0396 -0.5328 0.8453
vn 0.0582 -0.4806 0.8750
vn -0.1634 -0.4081 0.8982
vn -0.7024 -0.3087 0.6414
vn -0.5352 -0.3591 0.7646
vn -0.4650 -0.3351 0.8195
vn -0.6646 -0.2736 0.6953
vn 0.1958 -0.6050 0.7717
vn 0.4452 -0.6622 0.6027
vn 0.4708 -0.6004 0.6465
vn 0.2114 -0.5472 0.8099
vn -0.0472 0.8412 0.5386
vn -0.5645 0.3137 0.7635
vn 0.8040 0.4679 0.3670
vn -0.4471 0.6582 0.6058
vn -0.0999 0.8245 0.5570
vn -0.1872 0.8925 0.4103
vn -0.2321 0.9128 0.3361
vn -0.2162 0.8819 0.4190
vn -0.0744 0.8630 0.4998
vn -0.5869 0.5095 0.6293
vn -0.4696 0.6604 0.5860
vn -0.2817 0.7025 0.6535
vn -0.4861 0.5365 0.6898
vn -0.3879 0.8763 0.2857
vn -0.2827 0.7514 0.5962
vn -0.1391 0.7289 0.6704
vn 0.1072 0.7471 0.6560
vn -0.0424 0.7825 0.6211
vn -0.2771 0.7550 0.5943
vn -0.4530 0.6338 0.6269
vn -0.5726 0.7339 0.3654
vn -0.4764 0.6133 0.6300
vn -0.3450 0.8513 0.3954
vn -0.3131 0.8829 0.3499
vn -0.3775 0.8090 0.4505
vn -0.1564 0.7747 0.6126
vn -0.3254 0.7594 0.5634
vn -0.3934 0.6366 0.6633
vn -0.6980 0.4555 0.5526
vn -0.7475 0.4529 0.4858
vn -0.7924 0.5261 0.3089
vn -0.6348 0.6393 0.4341
vn -0.6577 0.5610 0.5027
vn -0.4856 0.7373 0.4696
vn -0.4012 0.8760 0.2676
vn -0.3413 0.8605 0.3782
vn -0.5669 0.5533 0.6103
vn -0.4891 0.7786 0.3932
vn -0.5010 0.7438 0.4425
vn -0.5177 0.7474 0.4165
vn -0.3631 0.8498 0.3821
vn -0.2985 0.9121 0.2811
vn -0.2726 0.9013 0.3368
vn -0.3535 0.8802 0.3165
vn -0.5324 0.7915 0.3000
vn -0.6652 0.7377 0.1153
vn -0.5351 0.8338 0.1361
vn -0.5238 0.8069 0.2730
vn -0.6609 0.3883 0.6422
vn -0.6399 0.5090 0.5757
vn -0.6355 0.4904 0.5964
vn -0.6806 0.3853 0.6231
vn -0.5763 0.6354 0.5140
vn -0.6708 0.3552 0.6510
vn -0.6461 0.3969 0.6519
vn -0.5528 0.6076 0.5703
vn -0.7094 0.6352 0.3055
vn -0.6326 0.4601 0.6230
vn -0.6872 0.3658 0.6277
vn -0.6521 0.6179 0.4393
vn -0.5606 0.5168 0.6470
vn -0.4688 0.6744 0.5705
vn -0.5454 0.5912 0.5942
vn -0.6367 0.4294 0.6405
vn 0.0215 0.6958 0.7179
vn 0.0217 0.9136 0.4061
vn -0.9772 -0.0177 0.2114
vn -0.9856 0.1683 -0.0148
vn -0.9577 0.2022 -0.2047
vn -0.8498 0.2368 -0.4709
vn 0.2062 0.7847 0.5845
vn 0.2047 0.8207 0.5334
vn 0.2047 0.8200 0.5346
vn 0.2069 0.7822 0.5876
vn 0.2111 0.8408 0.4984
vn 0.2315 0.8589 0.4569
vn 0.2324 0.8593 0.4556
vn 0.2118 0.8417 0.4966
vn 0.2306 0.7260 0.6479
vn 0.2199 0.7442 0.6307
vn 0.2209 0.7424 0.6324
vn 0.2312 0.7253 0.6485
vn 0.0379 0.8473 0.5297
vn 0.0628 0.6502 0.7572
vn 0.0428 0.6959 0.7169
vn 0.0359 0.8832 0.4677
vn 0.0615 0.9260 0.3725
vn 0.0946 0.8241 0.5585
vn -0.8500 0.5256 0.0362
vn -0.7422 0.6248 -0.2422
vn -0.7621 -0.1449 0.6310
vn -0.8430 0.0836 0.5315
vn -0.8704 0.3306 0.3648
vn 0.6628 0.6527 0.3670
vn -0.8659 0.4597 0.1974
vn -0.7924 -0.4656 0.3940
vn -0.8756 -0.3177 0.3638
vn 0.0891 0.8221 0.5624
vn 0.0343 0.8404 0.5409
vn 0.0336 0.7836 0.6204
vn -0.9043 0.2325 0.3580
vn -0.8810 0.2987 0.3668
vn -0.8785 0.4419 0.1815
vn -0.9057 0.3982 0.1455
vn -0.7631 -0.2489 0.5964
vn -0.7596 -0.1800 0.6250
vn -0.8396 0.0339 0.5421
vn -0.8406 -0.0583 0.5385
vn -0.8868 0.4612 -0.0298
vn -0.8607 0.5088 0.0161
vn -0.7529 0.6048 -0.2595
vn -0.7809 0.5452 -0.3050
vn 0.5535 0.8172 0.1607
vn -0.0013 0.0238 0.9997
vn -0.0028 -0.0332 0.9994
vn 0.0276 -0.1095 0.9936
vn -0.0059 0.0271 -0.9996
vn 0.0171 0.0194 -0.9997
vn -0.1956 0.0662 -0.9784
vn 0.0081 0.1144 0.9934
vn -0.0569 0.9856 0.1589
vn 0.1505 -0.2379 -0.9596
vn -0.0949 -0.0097 0.9954
vn 0.0333 0.9848 0.1702
vn 0.0047 -0.1323 -0.9912
vn 0.0088 -0.0134 -0.9999
vn -0.0109 0.0438 -0.9990
vn 0.0048 0.0406 -0.9992
vn -0.9990 0.0377 0.0239
vn 0.0728 -0.9973 -0.0046
vn 0.0052 0.9988 0.0477
vn -0.0244 -0.9987 -0.0440
vn 0.5496 0.8312 0.0840
vn 0.1152 -0.9912 0.0652
vn -0.0029 0.9990 0.0437
vn 0.0037 0.0369 0.9993
vn -0.0281 0.0055 0.9996
vn 0.2446 -0.1400 0.9595
vn -0.1043 -0.9927 0.0609
vn 0.9984 0.0228 0.0517
vn -0.0258 0.9986 0.0452
vn -0.5186 0.8545 -0.0298
vn -0.0156 0.9996 0.0222
vn 0.0376 -0.9965 0.0747
vn -0.6081 -0.7894 0.0842
vn -0.0053 0.0170 0.9998
vn 0.0096 -0.0148 0.9998
vn 0.0020 -0.0078 1.0000
vn -0.0069 -0.0276 -0.9996
vn -0.0189 0.0237 -0.9995
vn 0.0832 -0.1023 -0.9913
vn -0.9958 -0.0676 0.0614
vn 0.0045 -0.9998 -0.0198
vn 0.0249 0.9996 -0.0101
vn 0.0232 -0.9994 -0.0261
vn 0.9969 0.0692 -0.0361
vn 0.1045 -0.9909 -0.0852
vn -0.0938 0.9949 -0.0362
vn 0.0193 0.0091 0.9998
vn -0.0441 0.0396 0.9982
vn 0.0054 0.0346 0.9994
vn -0.0248 0.0259 0.9994
vn -0.0259 0.0267 0.9993
vn 0.0051 0.0533 0.9986
vn 0.0262 -0.0062 -0.9996
vn -0.0280 0.0105 -0.9996
vn -0.0014 0.0023 -1.0000
vn -0.0088 0.0136 -0.9999
vn 0.0075 0.0133 -0.9999
vn 0.0032 -0.0079 -1.0000
vn 0.0173 0.9998 -0.0041
vn 0.9986 -0.0440 0.0293
vn -0.9985 -0.0523 0.0129
vn -0.0973 0.9931 -0.0657
vn -0.0250 0.9974 -0.0680
vn 0.0207 -0.9995 0.0249
vn -0.0024 0.9897 -0.1433
vn 0.0138 -0.9952 0.0964
vn -0.9993 0.0354 0.0154
vn -0.0111 0.9996 -0.0268
vn 0.0088 -0.9999 0.0082
vn 0.0387 -0.9992 -0.0113
vn 0.9970 -0.0007 -0.0769
vn -0.0160 -0.9996 -0.0253
vn -0.0286 0.9996 0.0039
vn 0.0580 -0.9981 0.0207
vn 0.0013 -0.0109 0.9999
vn -0.0130 -0.0718 0.9973
vn 0.4058 0.0482 0.9127
vn -0.0032 -0.0293 0.9996
vn 0.0065 0.0249 0.9997
vn 0.2694 0.1529 0.9508
vn 0.0033 0.0355 0.9994
vn -0.0072 -0.0052 1.0000
vn 0.4054 0.1873 0.8947
vn -0.0051 -0.0146 -0.9999
vn 0.0016 -0.0101 -0.9999
vn -0.2608 -0.0949 -0.9607
vn 0.0035 -0.0461 -0.9989
vn -0.0049 -0.0076 -1.0000
vn -0.3256 -0.1154 -0.9384
vn 0.0052 0.0396 -0.9992
vn -0.0047 0.0224 -0.9997
vn -0.3452 -0.3195 -0.8825
vn -0.0343 0.9948 -0.0959
vn 0.9944 -0.0093 -0.1050
vn -0.9818 0.1884 0.0224
vn 0.0318 0.9995 0.0038
vn 0.0415 -0.9991 -0.0040
vn -0.6071 -0.7945 -0.0101
vn 0.9835 0.0166 -0.1799
vn -0.9432 0.3051 0.1315
vn -0.0302 -0.9995 -0.0127
vn 0.0147 0.9944 -0.1045
vn -0.3597 -0.9331 -0.0016
vn 0.9774 0.0210 -0.2103
vn -0.0114 -0.9965 0.0828
vn 0.0723 0.9974 0.0060
vn 0.0074 -0.9986 0.0524
vn -0.0170 -0.9999 0.0010
vn -0.0123 0.9963 -0.0850
vn -0.9547 0.2924 0.0552
vn -0.0178 0.9946 -0.1018
vn 0.0193 -0.9998 -0.0070
vn -0.5246 -0.8475 0.0808
vn -0.0292 -0.0071 -0.9995
vn 0.0292 0.0071 0.9995
vn 0.9977 0.0607 -0.0296
vn -0.0656 0.9978 -0.0051
vn 0.0663 -0.9978 0.0051
vn -0.9959 -0.0851 0.0297
vn -0.0297 0.0047 -0.9995
vn 0.0297 -0.0047 0.9995
vn 0.9441 -0.3283 -0.0296
vn 0.3238 0.9461 -0.0051
vn -0.3232 -0.9463 0.0051
vn -0.9518 0.3052 0.0297
vn -0.0379 -0.9993 0.0079
vn 1.0000 -0.0025 -0.0019
vn 0.0739 -0.0318 -0.9968
vn -1.0000 0.0022 -0.0075
vn -0.1040 0.0318 0.9941
vt 0.338505 0.543693
vt 0.329264 0.548201
vt 0.322092 0.533892
vt 0.332638 0.528758
vt 0.340640 0.587682
vt 0.328712 0.587041
vt 0.332621 0.573564
vt 0.341513 0.573118
vt 0.333069 0.560852
vt 0.341382 0.558503
vt 0.317225 0.517850
vt 0.324664 0.514386
vt 0.327660 0.561707
vt 0.324149 0.552154
vt 0.322227 0.562405
vt 0.317999 0.557021
vt 0.314213 0.548074
vt 0.318962 0.542863
vt 0.285286 0.550457
vt 0.281678 0.561023
vt 0.275620 0.556132
vt 0.279444 0.545034
vt 0.279827 0.568527
vt 0.274392 0.567109
vt 0.267417 0.564321
vt 0.269897 0.553091
vt 0.271377 0.547538
vt 0.308528 0.506141
vt 0.315137 0.501200
vt 0.333802 0.631189
vt 0.326368 0.645410
vt 0.316434 0.639175
vt 0.325098 0.625717
vt 0.284159 0.575663
vt 0.276244 0.576376
vt 0.291842 0.585060
vt 0.277954 0.584313
vt 0.264958 0.583615
vt 0.265803 0.574573
vt 0.315099 0.528351
vt 0.314019 0.519664
vt 0.309344 0.526715
vt 0.308526 0.515973
vt 0.324116 0.578854
vt 0.327060 0.571163
vt 0.319715 0.574241
vt 0.320122 0.568265
vt 0.315083 0.536186
vt 0.311212 0.537846
vt 0.291662 0.557234
vt 0.289417 0.568524
vt 0.297063 0.560851
vt 0.297963 0.567013
vt 0.299200 0.573387
vt 0.296016 0.578122
vt 0.314780 0.586293
vt 0.313461 0.582951
vt 0.319479 0.582094
vt 0.321356 0.586646
vt 0.311185 0.577997
vt 0.315043 0.575454
vt 0.309195 0.564898
vt 0.305279 0.575059
vt 0.301653 0.557449
vt 0.304255 0.552210
vt 0.308642 0.552048
vt 0.304998 0.581832
vt 0.305409 0.585789
vt 0.297067 0.534885
vt 0.301367 0.544937
vt 0.296279 0.550167
vt 0.290758 0.541709
vt 0.289762 0.520963
vt 0.292747 0.525797
vt 0.285522 0.534521
vt 0.281780 0.531036
vt 0.300734 0.518832
vt 0.298715 0.512819
vt 0.303340 0.529378
vt 0.306380 0.541042
vt 0.343584 0.587841
vt 0.344429 0.573123
vt 0.317748 0.498541
vt 0.327228 0.512659
vt 0.364382 0.537885
vt 0.367288 0.553497
vt 0.363249 0.554498
vt 0.360464 0.538835
vt 0.359355 0.521394
vt 0.355202 0.522235
vt 0.351938 0.503311
vt 0.347537 0.504544
vt 0.343589 0.485520
vt 0.339044 0.487198
vt 0.882052 0.477471
vt 0.872226 0.460189
vt 0.889615 0.446805
vt 0.901784 0.468377
vt 0.856270 0.445708
vt 0.869915 0.427903
vt 0.888366 0.403820
vt 0.913124 0.428708
vt 0.928462 0.456088
vt 0.834601 0.432886
vt 0.842418 0.410645
vt 0.809713 0.426670
vt 0.810397 0.402224
vt 0.811312 0.369148
vt 0.852982 0.380569
vt 0.887130 0.524039
vt 0.886291 0.499365
vt 0.907738 0.494746
vt 0.909296 0.524039
vt 0.936750 0.488508
vt 0.939287 0.524039
vt 0.865875 0.465242
vt 0.850883 0.451893
vt 0.879557 0.524039
vt 0.879000 0.501385
vt 0.875273 0.481245
vt 0.831368 0.440329
vt 0.809384 0.434792
vt 0.335418 0.527562
vt 0.341402 0.543095
vt 0.338823 0.526574
vt 0.330669 0.511091
vt 0.321604 0.496165
vt 0.347066 0.588028
vt 0.347798 0.572785
vt 0.344282 0.558315
vt 0.347500 0.557676
vt 0.344663 0.542339
vt 0.319265 0.660836
vt 0.308326 0.673856
vt 0.306015 0.670933
vt 0.316900 0.658844
vt 0.368847 0.570592
vt 0.368847 0.589198
vt 0.364200 0.588949
vt 0.364392 0.571094
vt 0.355146 0.556168
vt 0.352362 0.540608
vt 0.346812 0.524348
vt 0.355323 0.588471
vt 0.355809 0.571989
vt 0.338905 0.507685
vt 0.330209 0.491423
vt 0.338250 0.616773
vt 0.330237 0.613547
vt 0.339947 0.602256
vt 0.331154 0.600860
vt 0.299973 0.665312
vt 0.309876 0.654603
vt 0.320436 0.621238
vt 0.324951 0.612117
vt 0.314283 0.629920
vt 0.310120 0.624230
vt 0.314844 0.615740
vt 0.319624 0.610840
vt 0.281615 0.618760
vt 0.275225 0.623526
vt 0.272612 0.612082
vt 0.279160 0.607869
vt 0.267473 0.620172
vt 0.266597 0.614492
vt 0.265335 0.603061
vt 0.272568 0.601037
vt 0.278125 0.600209
vt 0.884303 0.046743
vt 0.878421 0.034359
vt 0.887783 0.030785
vt 0.892512 0.043617
vt 0.275404 0.592022
vt 0.283196 0.593579
vt 0.264829 0.592695
vt 0.306882 0.652456
vt 0.308887 0.643935
vt 0.301025 0.655536
vt 0.302990 0.644945
vt 0.325367 0.602651
vt 0.323265 0.594689
vt 0.318159 0.604789
vt 0.318395 0.598803
vt 0.309710 0.636143
vt 0.306040 0.634078
vt 0.287658 0.601240
vt 0.288680 0.612706
vt 0.295249 0.592405
vt 0.297906 0.597454
vt 0.295994 0.603658
vt 0.294438 0.609689
vt 0.319001 0.590971
vt 0.313110 0.589474
vt 0.313879 0.597097
vt 0.310316 0.594155
vt 0.304129 0.596443
vt 0.306934 0.606965
vt 0.305007 0.619682
vt 0.300662 0.619051
vt 0.298637 0.613563
vt 0.304576 0.589679
vt 0.291660 0.635506
vt 0.286118 0.628045
vt 0.292513 0.620227
vt 0.297012 0.625972
vt 0.282904 0.648564
vt 0.276048 0.637694
vt 0.280142 0.634630
vt 0.286390 0.644078
vt 0.290933 0.657621
vt 0.293585 0.651859
vt 0.297306 0.641654
vt 0.301579 0.630382
vt 0.856270 0.602369
vt 0.850883 0.596185
vt 0.865875 0.582836
vt 0.872226 0.587889
vt 0.336618 0.632095
vt 0.329004 0.646897
vt 0.352143 0.655594
vt 0.348103 0.654314
vt 0.355114 0.638373
vt 0.358908 0.639737
vt 0.359562 0.623099
vt 0.363471 0.624527
vt 0.332622 0.689572
vt 0.328284 0.687417
vt 0.338586 0.671081
vt 0.342830 0.672779
vt 0.882052 0.570607
vt 0.901785 0.579701
vt 0.889615 0.601273
vt 0.928462 0.591990
vt 0.913124 0.619370
vt 0.888366 0.644257
vt 0.869915 0.620175
vt 0.842418 0.637433
vt 0.834601 0.615192
vt 0.852982 0.667509
vt 0.811313 0.678930
vt 0.810397 0.645853
vt 0.809713 0.621408
vt 0.907739 0.553331
vt 0.886291 0.548712
vt 0.936750 0.559569
vt 0.875273 0.566832
vt 0.879000 0.546693
vt 0.809384 0.613285
vt 0.831368 0.607749
vt 0.341113 0.617271
vt 0.332284 0.648243
vt 0.322517 0.662764
vt 0.311905 0.676632
vt 0.346161 0.603261
vt 0.342846 0.602564
vt 0.344245 0.618252
vt 0.339780 0.633196
vt 0.871546 0.021580
vt 0.868285 0.007421
vt 0.871467 0.007347
vt 0.874121 0.020991
vt 0.362477 0.606720
vt 0.366853 0.607698
vt 0.908855 0.075706
vt 0.899187 0.067632
vt 0.900888 0.065813
vt 0.910477 0.073778
vt 0.347249 0.635742
vt 0.351685 0.620569
vt 0.339988 0.651313
vt 0.354039 0.604912
vt 0.330341 0.667033
vt 0.319952 0.682270
vt 0.891853 0.057191
vt 0.898175 0.053381
vt 0.906361 0.060529
vt 0.917047 0.065968
vt 0.878410 0.006114
vt 0.880627 0.018378
vt 0.897966 0.042738
vt 0.901869 0.050509
vt 0.895205 0.034076
vt 0.901228 0.034160
vt 0.904593 0.041749
vt 0.905479 0.047530
vt 0.919616 0.017520
vt 0.919649 0.010710
vt 0.928802 0.014811
vt 0.928311 0.021445
vt 0.925923 0.007144
vt 0.930250 0.009467
vt 0.938699 0.014483
vt 0.936362 0.020459
vt 0.934070 0.024677
vt 0.930008 0.089287
vt 0.932679 0.082406
vt 0.943268 0.086315
vt 0.941593 0.094938
vt 0.941056 0.027029
vt 0.935987 0.031546
vt 0.946034 0.019466
vt 0.952164 0.024223
vt 0.945005 0.032733
vt 0.937355 0.041827
vt 0.883631 0.017439
vt 0.888415 0.023188
vt 0.884540 0.011858
vt 0.890758 0.018645
vt 0.908114 0.055660
vt 0.914629 0.058319
vt 0.910361 0.049642
vt 0.914325 0.052880
vt 0.893309 0.027756
vt 0.896605 0.026313
vt 0.928465 0.030652
vt 0.920115 0.025455
vt 0.930591 0.040375
vt 0.925780 0.039592
vt 0.922529 0.035097
vt 0.919214 0.030935
vt 0.924721 0.056846
vt 0.921099 0.061151
vt 0.919358 0.057321
vt 0.923408 0.054071
vt 0.917811 0.050676
vt 0.921651 0.049757
vt 0.923270 0.044359
vt 0.914648 0.040863
vt 0.906961 0.033010
vt 0.909624 0.030369
vt 0.914411 0.031809
vt 0.929882 0.050710
vt 0.927656 0.048141
vt 0.903024 0.015766
vt 0.910965 0.015820
vt 0.913012 0.024203
vt 0.906778 0.024320
vt 0.898615 0.003077
vt 0.909558 0.003987
vt 0.909544 0.008356
vt 0.899884 0.007762
vt 0.888307 0.003899
vt 0.890875 0.008671
vt 0.895926 0.016458
vt 0.901421 0.025169
vt 0.327035 0.290859
vt 0.334596 0.294038
vt 0.327017 0.312626
vt 0.319089 0.310887
vt 0.882237 0.048199
vt 0.876051 0.035393
vt 0.858219 0.046712
vt 0.861169 0.044613
vt 0.868443 0.057593
vt 0.865562 0.059481
vt 0.876580 0.068482
vt 0.873595 0.070415
vt 0.845068 0.015921
vt 0.848770 0.014068
vt 0.854620 0.029498
vt 0.851280 0.031521
vt 0.317880 0.330730
vt 0.296159 0.331258
vt 0.297582 0.306531
vt 0.266796 0.331977
vt 0.268506 0.300640
vt 0.279769 0.267392
vt 0.306942 0.280884
vt 0.324026 0.253279
vt 0.340840 0.269802
vt 0.301294 0.230931
vt 0.333672 0.202322
vt 0.349063 0.231614
vt 0.360445 0.253259
vt 0.333834 0.374774
vt 0.313934 0.384538
vt 0.302429 0.357554
vt 0.323719 0.352254
vt 0.287010 0.397749
vt 0.273637 0.364733
vt 0.325629 0.331133
vt 0.331154 0.350855
vt 0.364319 0.260406
vt 0.347022 0.275060
vt 0.340633 0.371438
vt 0.890042 0.058888
vt 0.873445 0.036939
vt 0.868558 0.022809
vt 0.864550 0.008436
vt 0.906937 0.077986
vt 0.897007 0.069536
vt 0.887763 0.060521
vt 0.879860 0.049791
vt 0.886257 0.078892
vt 0.883341 0.081375
vt 0.897499 0.089205
vt 0.894940 0.092248
vt 0.918464 0.083849
vt 0.919966 0.081862
vt 0.928645 0.091363
vt 0.874282 0.053579
vt 0.882356 0.064407
vt 0.867389 0.040618
vt 0.891830 0.074064
vt 0.902389 0.083392
vt 0.861622 0.025953
vt 0.856566 0.011029
vt 0.956720 0.088777
vt 0.954802 0.098613
vt 0.924235 0.075565
vt 0.970169 0.093704
vt 0.968709 0.100560
vt 0.934876 0.078276
vt 0.943200 0.080791
vt 0.937193 0.074209
vt 0.943041 0.074092
vt 0.951093 0.076108
vt 0.952207 0.082028
vt 0.964340 0.055143
vt 0.958984 0.047249
vt 0.965437 0.045629
vt 0.971044 0.053945
vt 0.954814 0.042127
vt 0.958577 0.039148
vt 0.964066 0.035821
vt 0.970454 0.043287
vt 0.973483 0.047152
vt 0.982632 0.093788
vt 0.982605 0.100839
vt 0.947718 0.041414
vt 0.951301 0.035647
vt 0.957900 0.029449
vt 0.964097 0.086854
vt 0.970580 0.090583
vt 0.968172 0.083768
vt 0.975923 0.088732
vt 0.924997 0.067041
vt 0.928732 0.073004
vt 0.930407 0.066409
vt 0.934276 0.069760
vt 0.958758 0.082814
vt 0.959616 0.079320
vt 0.956437 0.056010
vt 0.949887 0.048673
vt 0.951192 0.057836
vt 0.946524 0.055282
vt 0.941538 0.052849
vt 0.939944 0.048242
vt 0.927680 0.057664
vt 0.925171 0.062211
vt 0.932230 0.058657
vt 0.931982 0.062598
vt 0.942192 0.064034
vt 0.937272 0.056137
vt 0.951153 0.062718
vt 0.953391 0.067187
vt 0.951245 0.070263
vt 0.932794 0.052464
vt 0.968909 0.071189
vt 0.959838 0.068956
vt 0.958886 0.062794
vt 0.967496 0.063375
vt 0.982165 0.073362
vt 0.977331 0.072913
vt 0.975093 0.063498
vt 0.979395 0.062736
vt 0.977978 0.081945
vt 0.983119 0.083659
vt 0.969442 0.078301
vt 0.959919 0.074379
vt 0.983077 0.103988
vt 0.968569 0.103199
vt 0.932252 0.115583
vt 0.920104 0.109539
vt 0.921498 0.106268
vt 0.933618 0.112421
vt 0.946090 0.120631
vt 0.947652 0.117365
vt 0.962244 0.124867
vt 0.963665 0.121230
vt 0.978677 0.128316
vt 0.979869 0.124352
vt 0.358906 0.414344
vt 0.375340 0.425530
vt 0.365624 0.445206
vt 0.345196 0.431200
vt 0.396042 0.431502
vt 0.391636 0.453498
vt 0.385679 0.483246
vt 0.352490 0.471808
vt 0.326659 0.453984
vt 0.421144 0.433469
vt 0.423923 0.456879
vt 0.446226 0.428087
vt 0.456379 0.450334
vt 0.470128 0.480432
vt 0.427688 0.488533
vt 0.345456 0.396555
vt 0.328236 0.410149
vt 0.304938 0.428529
vt 0.378816 0.418197
vt 0.398155 0.423577
vt 0.351111 0.391531
vt 0.363329 0.407969
vt 0.420768 0.425362
vt 0.442943 0.420649
vt 0.954188 0.101125
vt 0.940512 0.097222
vt 0.953112 0.103956
vt 0.967870 0.106353
vt 0.982716 0.107841
vt 0.916962 0.086323
vt 0.927426 0.093887
vt 0.939351 0.099837
vt 0.907637 0.101814
vt 0.909585 0.098515
vt 0.924524 0.099880
vt 0.936574 0.105981
vt 0.950524 0.110553
vt 0.913388 0.092198
vt 0.965960 0.113724
vt 0.981528 0.116151
vt 0.197139 0.507558
vt 0.192727 0.329884
vt 0.158432 0.333072
vt 0.162797 0.507074
vt 0.185182 0.278825
vt 0.157666 0.264286
vt 0.181926 0.219798
vt 0.659552 0.246031
vt 0.627875 0.244528
vt 0.636320 0.112506
vt 0.667784 0.114866
vt 0.643806 0.064983
vt 0.667637 0.077248
vt 0.655162 0.053944
vt 0.000000 0.000000
vt 0.268163 0.019689
vt 0.247157 0.021973
vt 0.238751 0.164655
vt 0.265769 0.163028
vt 0.237873 0.217187
vt 0.259615 0.208614
vt 0.248803 0.244790
vt 0.241328 0.014569
vt 0.274073 0.013504
vt 0.283081 0.165767
vt 0.273689 0.211991
vt 0.223655 0.161045
vt 0.248755 0.247902
vt 0.224275 0.219946
vt 0.487623 0.690388
vt 0.488420 0.484892
vt 0.531944 0.486528
vt 0.543241 0.691341
vt 0.487623 0.422251
vt 0.536687 0.404591
vt 0.511118 0.377415
vt 0.622320 0.111889
vt 0.637672 0.060459
vt 0.663761 0.251211
vt 0.622320 0.251120
vt 0.677443 0.114557
vt 0.657045 0.047865
vt 0.676563 0.073362
vt 0.710150 0.259633
vt 0.709616 0.140455
vt 0.690313 0.141720
vt 0.683811 0.261784
vt 0.709060 0.104887
vt 0.683811 0.064446
vt 0.709199 0.064453
vt 0.410651 0.524546
vt 0.386848 0.524156
vt 0.396219 0.662380
vt 0.419052 0.660470
vt 0.398615 0.738072
vt 0.419874 0.700329
vt 0.415052 0.741272
vt 0.381119 0.516410
vt 0.416819 0.518330
vt 0.435847 0.660089
vt 0.435847 0.702991
vt 0.379757 0.662385
vt 0.420363 0.747742
vt 0.391207 0.745449
vt 0.773453 0.773019
vt 0.758159 0.774248
vt 0.760038 0.740715
vt 0.776237 0.742375
vt 0.773552 0.803963
vt 0.757831 0.804096
vt 0.772116 0.903112
vt 0.755836 0.904229
vt 0.802202 0.773775
vt 0.779347 0.775420
vt 0.781900 0.742108
vt 0.803000 0.741409
vt 0.799641 0.804642
vt 0.779678 0.804677
vt 0.798878 0.903425
vt 0.775294 0.904728
vt 0.818517 0.748542
vt 0.820174 0.721797
vt 0.830200 0.724429
vt 0.834152 0.749646
vt 0.816660 0.783825
vt 0.837001 0.783287
vt 0.825860 0.900845
vt 0.837787 0.899115
vt 0.865205 0.745890
vt 0.868176 0.719907
vt 0.881336 0.722905
vt 0.885818 0.746663
vt 0.865001 0.779579
vt 0.887541 0.780810
vt 0.868072 0.898730
vt 0.889902 0.899892
vt 0.805172 0.783505
vt 0.806139 0.745801
vt 0.865894 0.715597
vt 0.885641 0.717135
vt 0.842987 0.906464
vt 0.820611 0.905223
vt 0.816597 0.717622
vt 0.862456 0.904706
vt 0.853361 0.781312
vt 0.850117 0.782249
vt 0.854329 0.743560
vt 0.846509 0.746182
vt 0.895592 0.907813
vt 0.832900 0.717833
vt 0.901500 0.781077
vt 0.896941 0.745534
vt 0.941712 0.284220
vt 0.948983 0.491711
vt 0.992089 0.492560
vt 0.996645 0.283877
vt 0.941712 0.591334
vt 0.992732 0.571770
vt 0.976783 0.603569
vt 0.694305 0.728364
vt 0.699237 0.567660
vt 0.648245 0.517808
vt 0.646302 0.728636
vt 0.699237 0.417179
vt 0.643936 0.437445
vt 0.663131 0.409151
vt 0.737183 0.223042
vt 0.737994 0.131287
vt 0.722517 0.105003
vt 0.720071 0.224611
vt 0.738087 0.044354
vt 0.720071 0.056011
vt 0.725895 0.039575
vt 0.317509 0.186034
vt 0.342003 0.185840
vt 0.336329 0.063461
vt 0.312203 0.066138
vt 0.330246 0.024717
vt 0.308577 0.019926
vt 0.320188 0.014919
vt 0.905075 0.396316
vt 0.932218 0.399040
vt 0.929713 0.268910
vt 0.898243 0.300341
vt 0.925008 0.218307
vt 0.897078 0.209016
vt 0.913111 0.205425
vt 0.291184 0.863014
vt 0.304257 0.861994
vt 0.293893 0.726732
vt 0.279611 0.761343
vt 0.287623 0.675812
vt 0.274256 0.666733
vt 0.278858 0.664532
vt 0.267375 0.760527
vt 0.267665 0.664038
vt 0.347753 0.193409
vt 0.310775 0.192944
vt 0.890497 0.204248
vt 0.915959 0.193766
vt 0.899346 0.404907
vt 0.885351 0.301889
vt 0.295410 0.670366
vt 0.310003 0.727272
vt 0.935914 0.212914
vt 0.935199 0.406194
vt 0.280521 0.656603
vt 0.347753 0.064292
vt 0.285622 0.870288
vt 0.310003 0.870857
vt 0.941847 0.268387
vt 0.300735 0.067353
vt 0.302852 0.015624
vt 0.336245 0.020600
vt 0.321349 0.006551
vt 0.748887 0.314385
vt 0.804521 0.314385
vt 0.803572 0.107983
vt 0.752974 0.107951
vt 0.194575 0.531677
vt 0.194471 0.766173
vt 0.248688 0.765596
vt 0.254485 0.530979
vt 0.260883 0.523908
vt 0.255721 0.773226
vt 0.187644 0.524329
vt 0.187644 0.775276
vt 0.158036 0.197784
vt 0.208306 0.197784
vt 0.207449 0.011283
vt 0.161729 0.011254
vt 0.874098 0.336711
vt 0.868360 0.124823
vt 0.819572 0.123484
vt 0.819750 0.335539
vt 0.813610 0.342218
vt 0.813610 0.116889
vt 0.880580 0.344854
vt 0.874341 0.118084
vt 0.074053 0.043553
vt 0.035311 0.041254
vt 0.035737 0.022682
vt 0.074064 0.024378
vt 0.093206 0.450550
vt 0.093206 0.042622
vt 0.074053 0.451482
vt 0.131568 0.450122
vt 0.131568 0.042193
vt 0.150121 0.449183
vt 0.150121 0.041254
vt 0.035311 0.449183
vt 0.005684 0.921321
vt 0.352779 0.921321
vt 0.354735 0.888356
vt 0.007641 0.888356
vt 0.007640 0.986045
vt 0.354735 0.986045
vt 0.353936 0.970259
vt 0.006842 0.970259
vt 0.353571 0.937617
vt 0.006477 0.937617
s 0
usemtl sign
f 371/1/1 122/2/1 6/3/1 154/4/1
f 153/5/2 5/6/2 125/7/2 370/8/2
f 370/8/3 125/7/3 9/9/3 155/10/3
f 154/4/4 6/3/4 128/11/4 369/12/4
f 9/9/5 140/13/5 346/14/5 122/2/5
f 140/13/6 17/15/6 135/16/6 346/14/6
f 346/14/7 135/16/7 18/17/7 139/18/7
f 122/2/8 346/14/8 139/18/8 6/3/8
f 4/19/9 118/20/9 347/21/9 127/22/9
f 118/20/10 8/23/10 129/24/10 347/21/10
f 347/21/11 129/24/11 14/25/11 130/26/11
f 127/22/12 347/21/12 130/26/12 12/27/12
f 369/12/13 128/11/13 13/28/13 156/29/13
f 400/30/14 216/31/14 40/32/14 186/33/14
f 8/23/15 124/34/15 348/35/15 129/24/15
f 124/34/16 2/36/16 116/37/16 348/35/16
f 348/35/17 116/37/17 10/38/17 131/39/17
f 129/24/18 348/35/18 131/39/18 14/25/18
f 6/3/19 121/40/19 349/41/19 128/11/19
f 20/42/20 144/43/20 349/41/20 121/40/20
f 13/28/21 128/11/21 349/41/21 144/43/21
f 5/6/22 141/44/22 350/45/22 125/7/22
f 141/44/23 16/46/23 134/47/23 350/45/23
f 350/45/24 134/47/24 17/15/24 140/13/24
f 125/7/25 350/45/25 140/13/25 9/9/25
f 6/3/26 139/18/26 351/48/26 121/40/26
f 18/17/27 143/49/27 351/48/27 139/18/27
f 20/42/28 121/40/28 351/48/28 143/49/28
f 4/19/29 138/50/29 352/51/29 118/20/29
f 19/52/30 137/53/30 352/51/30 138/50/30
f 15/54/31 126/55/31 352/51/31 137/53/31
f 2/36/32 124/34/32 352/51/32 126/55/32
f 8/23/33 118/20/33 352/51/33 124/34/33
f 21/56/34 147/57/34 353/58/34 120/59/34
f 147/57/35 22/60/35 133/61/35 353/58/35
f 353/58/36 133/61/36 16/46/36 141/44/36
f 120/59/37 353/58/37 141/44/37 5/6/37
f 15/54/38 137/53/38 354/62/38 146/63/38
f 19/52/39 136/64/39 354/62/39 137/53/39
f 24/65/40 149/66/40 354/62/40 136/64/40
f 18/17/41 135/16/41 354/62/41 149/66/41
f 17/15/42 134/47/42 354/62/42 135/16/42
f 16/46/43 133/61/43 354/62/43 134/47/43
f 22/60/44 146/63/44 354/62/44 133/61/44
f 2/36/45 126/55/45 355/67/45 145/68/45
f 126/55/46 15/54/46 146/63/46 355/67/46
f 355/67/47 146/63/47 22/60/47 147/57/47
f 145/68/48 355/67/48 147/57/48 21/56/48
f 25/69/49 152/70/49 356/71/49 150/72/49
f 152/70/50 24/65/50 136/64/50 356/71/50
f 356/71/51 136/64/51 19/52/51 138/50/51
f 150/72/52 356/71/52 138/50/52 4/19/52
f 23/73/53 151/74/53 357/75/53 148/76/53
f 151/74/54 25/69/54 150/72/54 357/75/54
f 357/75/55 150/72/55 4/19/55 127/22/55
f 148/76/56 357/75/56 127/22/56 12/27/56
f 13/28/57 144/43/57 358/77/57 132/78/57
f 144/43/58 20/42/58 142/79/58 358/77/58
f 358/77/59 142/79/59 25/69/59 151/74/59
f 132/78/60 358/77/60 151/74/60 23/73/60
f 20/42/61 143/49/61 359/80/61 142/79/61
f 143/49/62 18/17/62 149/66/62 359/80/62
f 359/80/63 149/66/63 24/65/63 152/70/63
f 142/79/64 359/80/64 152/70/64 25/69/64
f 175/81/65 153/5/65 370/8/65 366/82/65
f 156/29/66 178/83/66 365/84/66 369/12/66
f 360/85/67 174/86/67 32/87/67 171/88/67
f 166/89/68 360/85/68 171/88/68 31/90/68
f 361/91/69 166/89/69 31/90/69 173/92/69
f 165/93/70 361/91/70 173/92/70 33/94/70
f 7/95/71 123/96/71 362/97/71 161/98/71
f 123/96/72 3/99/72 160/100/72 362/97/72
f 362/97/73 160/100/73 27/101/73 159/102/73
f 161/98/74 362/97/74 159/102/74 28/103/74
f 3/99/75 119/104/75 363/105/75 160/100/75
f 119/104/76 11/106/76 162/107/76 363/105/76
f 363/105/77 162/107/77 29/108/77 158/109/77
f 160/100/78 363/105/78 158/109/78 27/101/78
f 1/110/79 117/111/79 364/112/79 163/113/79
f 117/111/80 7/95/80 161/98/80 364/112/80
f 364/112/81 161/98/81 28/103/81 157/114/81
f 163/113/82 364/112/82 157/114/82 26/115/82
f 360/116/83 166/117/83 3/99/83 123/96/83
f 1/110/84 164/118/84 368/119/84 117/111/84
f 117/111/85 368/119/85 174/120/85 7/95/85
f 3/99/86 166/117/86 361/121/86 119/104/86
f 361/121/87 165/122/87 11/106/87 119/104/87
f 154/4/88 176/123/88 367/124/88 371/1/88
f 35/125/89 176/123/89 365/84/89 181/126/89
f 181/126/90 365/84/90 178/83/90 37/127/90
f 34/128/91 175/81/91 366/82/91 180/129/91
f 180/129/92 366/82/92 177/130/92 36/131/92
f 36/131/93 177/130/93 367/124/93 179/132/93
f 394/133/94 236/134/94 218/135/94 398/136/94
f 179/132/95 367/124/95 176/123/95 35/125/95
f 368/137/96 164/138/96 30/139/96 172/140/96
f 174/86/97 368/137/97 172/140/97 32/87/97
f 367/124/98 177/130/98 155/10/98 371/1/98
f 365/84/99 176/123/99 154/4/99 369/12/99
f 7/95/100 174/120/100 360/116/100 123/96/100
f 32/87/101 169/141/101 372/142/101 171/88/101
f 169/141/102 36/131/102 179/132/102 372/142/102
f 372/142/103 179/132/103 35/125/103 168/143/103
f 171/88/104 372/142/104 168/143/104 31/90/104
f 30/139/105 167/144/105 373/145/105 172/140/105
f 167/144/106 34/128/106 180/129/106 373/145/106
f 373/145/107 180/129/107 36/131/107 169/141/107
f 172/140/108 373/145/108 169/141/108 32/87/108
f 31/90/109 168/143/109 374/146/109 173/92/109
f 168/143/110 35/125/110 181/126/110 374/146/110
f 374/146/111 181/126/111 37/127/111 170/147/111
f 173/92/112 374/146/112 170/147/112 33/94/112
f 217/148/113 400/30/113 186/33/113 43/149/113
f 399/150/114 217/148/114 43/149/114 189/151/114
f 153/5/115 399/150/115 189/151/115 5/6/115
f 398/136/116 218/135/116 46/152/116 192/153/116
f 43/149/117 186/33/117 375/154/117 204/155/117
f 186/33/118 40/32/118 203/156/118 375/154/118
f 375/154/119 203/156/119 51/157/119 199/158/119
f 204/155/120 375/154/120 199/158/120 50/159/120
f 39/160/121 191/161/121 376/162/121 183/163/121
f 191/161/122 45/164/122 194/165/122 376/162/122
f 376/162/123 194/165/123 47/166/123 193/167/123
f 183/163/124 376/162/124 193/167/124 42/168/124
f 216/31/125 398/136/125 192/153/125 40/32/125
f 429/169/126 274/170/126 72/171/126 246/172/126
f 42/168/127 193/167/127 377/173/127 188/174/127
f 193/167/128 47/166/128 195/175/128 377/173/128
f 377/173/129 195/175/129 10/38/129 116/37/129
f 188/174/130 377/173/130 116/37/130 2/36/130
f 40/32/131 192/153/131 378/176/131 185/177/131
f 46/152/132 208/178/132 378/176/132 192/153/132
f 53/179/133 185/177/133 378/176/133 208/178/133
f 5/6/134 189/151/134 379/180/134 205/181/134
f 189/151/135 43/149/135 204/155/135 379/180/135
f 379/180/136 204/155/136 50/159/136 198/182/136
f 205/181/137 379/180/137 198/182/137 49/183/137
f 40/32/138 185/177/138 380/184/138 203/156/138
f 53/179/139 207/185/139 380/184/139 185/177/139
f 51/157/140 203/156/140 380/184/140 207/185/140
f 39/160/141 183/163/141 381/186/141 202/187/141
f 42/168/142 188/174/142 381/186/142 183/163/142
f 2/36/143 190/188/143 381/186/143 188/174/143
f 48/189/144 201/190/144 381/186/144 190/188/144
f 52/191/145 202/187/145 381/186/145 201/190/145
f 21/56/146 120/59/146 382/192/146 210/193/146
f 120/59/147 5/6/147 205/181/147 382/192/147
f 382/192/148 205/181/148 49/183/148 197/194/148
f 210/193/149 382/192/149 197/194/149 54/195/149
f 48/189/150 209/196/150 383/197/150 201/190/150
f 54/195/151 197/194/151 383/197/151 209/196/151
f 49/183/152 198/182/152 383/197/152 197/194/152
f 50/159/153 199/158/153 383/197/153 198/182/153
f 51/157/154 212/198/154 383/197/154 199/158/154
f 56/199/155 200/200/155 383/197/155 212/198/155
f 52/191/156 201/190/156 383/197/156 200/200/156
f 2/36/157 145/68/157 384/201/157 190/188/157
f 145/68/158 21/56/158 210/193/158 384/201/158
f 384/201/159 210/193/159 54/195/159 209/196/159
f 190/188/160 384/201/160 209/196/160 48/189/160
f 57/202/161 213/203/161 385/204/161 215/205/161
f 213/203/162 39/160/162 202/187/162 385/204/162
f 385/204/163 202/187/163 52/191/163 200/200/163
f 215/205/164 385/204/164 200/200/164 56/199/164
f 55/206/165 211/207/165 386/208/165 214/209/165
f 211/207/166 45/164/166 191/161/166 386/208/166
f 386/208/167 191/161/167 39/160/167 213/203/167
f 214/209/168 386/208/168 213/203/168 57/202/168
f 46/152/169 196/210/169 387/211/169 208/178/169
f 196/210/170 55/206/170 214/209/170 387/211/170
f 387/211/171 214/209/171 57/202/171 206/212/171
f 208/178/172 387/211/172 206/212/172 53/179/172
f 53/179/173 206/212/173 388/213/173 207/185/173
f 206/212/174 57/202/174 215/205/174 388/213/174
f 388/213/175 215/205/175 56/199/175 212/198/175
f 207/185/176 388/213/176 212/198/176 51/157/176
f 38/214/177 226/215/177 389/216/177 187/217/177
f 396/218/178 234/219/178 216/31/178 400/30/178
f 226/220/179 61/221/179 230/222/179 389/223/179
f 389/223/180 230/222/180 62/224/180 233/225/180
f 225/226/181 63/227/181 232/228/181 390/229/181
f 390/229/182 232/228/182 61/221/182 226/220/182
f 41/230/183 223/231/183 391/232/183 187/217/183
f 223/231/184 59/233/184 221/234/184 391/232/184
f 391/232/185 221/234/185 58/235/185 222/236/185
f 187/217/186 391/232/186 222/236/186 38/214/186
f 38/214/187 222/236/187 392/237/187 184/238/187
f 222/236/188 58/235/188 220/239/188 392/237/188
f 392/237/189 220/239/189 60/240/189 224/241/189
f 184/238/190 392/237/190 224/241/190 44/242/190
f 1/110/191 163/113/191 393/243/191 182/244/191
f 163/113/192 26/115/192 219/245/192 393/243/192
f 393/243/193 219/245/193 59/233/193 223/231/193
f 182/244/194 393/243/194 223/231/194 41/230/194
f 41/230/195 233/246/195 397/247/195 182/244/195
f 187/217/196 389/216/196 233/246/196 41/230/196
f 44/242/197 225/248/197 390/249/197 184/238/197
f 182/244/198 397/247/198 164/118/198 1/110/198
f 217/148/199 235/250/199 396/218/199 400/30/199
f 184/238/200 390/249/200 226/215/200 38/214/200
f 64/251/201 239/252/201 394/133/201 234/219/201
f 239/252/202 66/253/202 236/134/202 394/133/202
f 34/128/203 238/254/203 395/255/203 175/81/203
f 238/254/204 65/256/204 235/250/204 395/255/204
f 65/256/205 237/257/205 396/218/205 235/250/205
f 237/257/206 64/251/206 234/219/206 396/218/206
f 423/258/207 178/259/207 156/260/207 427/261/207
f 233/225/208 62/224/208 231/262/208 397/263/208
f 397/263/209 231/262/209 30/139/209 164/138/209
f 216/31/210 234/219/210 394/133/210 398/136/210
f 291/264/211 424/265/211 428/266/211 273/267/211
f 395/255/212 235/250/212 217/148/212 399/150/212
f 62/224/213 230/222/213 401/268/213 228/269/213
f 230/222/214 61/221/214 227/270/214 401/268/214
f 401/268/215 227/270/215 64/251/215 237/257/215
f 228/269/216 401/268/216 237/257/216 65/256/216
f 30/139/217 231/262/217 402/271/217 167/144/217
f 231/262/218 62/224/218 228/269/218 402/271/218
f 402/271/219 228/269/219 65/256/219 238/254/219
f 167/144/220 402/271/220 238/254/220 34/128/220
f 61/221/221 232/228/221 403/272/221 227/270/221
f 232/228/222 63/227/222 229/273/222 403/272/222
f 403/272/223 229/273/223 66/253/223 239/252/223
f 227/270/224 403/272/224 239/252/224 64/251/224
f 275/274/225 429/169/225 246/172/225 75/275/225
f 428/266/226 275/274/226 75/275/226 249/276/226
f 273/267/227 428/266/227 249/276/227 71/277/227
f 427/261/228 156/260/228 13/278/228 252/279/228
f 75/275/229 246/172/229 404/280/229 261/281/229
f 246/172/230 72/171/230 260/282/230 404/280/230
f 404/280/231 260/282/231 79/283/231 256/284/231
f 261/281/232 404/280/232 256/284/232 78/285/232
f 70/286/233 251/287/233 405/288/233 242/289/233
f 251/287/234 12/290/234 130/291/234 405/288/234
f 405/288/235 130/291/235 14/292/235 253/293/235
f 242/289/236 405/288/236 253/293/236 74/294/236
f 274/170/237 427/261/237 252/279/237 72/171/237
f 328/295/238 100/296/238 301/297/238 458/298/238
f 74/294/239 253/293/239 406/299/239 248/300/239
f 253/293/240 14/292/240 131/301/240 406/299/240
f 406/299/241 131/301/241 10/302/241 240/303/241
f 248/300/242 406/299/242 240/303/242 68/304/242
f 72/171/243 252/279/243 407/305/243 245/306/243
f 13/278/244 265/307/244 407/305/244 252/279/244
f 81/308/245 245/306/245 407/305/245 265/307/245
f 71/277/246 249/276/246 408/309/246 262/310/246
f 249/276/247 75/275/247 261/281/247 408/309/247
f 408/309/248 261/281/248 78/285/248 255/311/248
f 262/310/249 408/309/249 255/311/249 77/312/249
f 72/171/250 245/306/250 409/313/250 260/282/250
f 81/308/251 264/314/251 409/313/251 245/306/251
f 79/283/252 260/282/252 409/313/252 264/314/252
f 70/286/253 242/289/253 410/315/253 259/316/253
f 74/294/254 248/300/254 410/315/254 242/289/254
f 68/304/255 250/317/255 410/315/255 248/300/255
f 76/318/256 258/319/256 410/315/256 250/317/256
f 80/320/257 259/316/257 410/315/257 258/319/257
f 82/321/258 244/322/258 411/323/258 268/324/258
f 244/322/259 71/277/259 262/310/259 411/323/259
f 411/323/260 262/310/260 77/312/260 254/325/260
f 268/324/261 411/323/261 254/325/261 83/326/261
f 76/318/262 267/327/262 412/328/262 258/319/262
f 83/326/263 254/325/263 412/328/263 267/327/263
f 77/312/264 255/311/264 412/328/264 254/325/264
f 78/285/265 256/284/265 412/328/265 255/311/265
f 79/283/266 269/329/266 412/328/266 256/284/266
f 84/330/267 257/331/267 412/328/267 269/329/267
f 80/320/268 258/319/268 412/328/268 257/331/268
f 68/304/269 266/332/269 413/333/269 250/317/269
f 266/332/270 82/321/270 268/324/270 413/333/270
f 413/333/271 268/324/271 83/326/271 267/327/271
f 250/317/272 413/333/272 267/327/272 76/318/272
f 85/334/273 270/335/273 414/336/273 272/337/273
f 270/335/274 70/286/274 259/316/274 414/336/274
f 414/336/275 259/316/275 80/320/275 257/331/275
f 272/337/276 414/336/276 257/331/276 84/330/276
f 23/338/277 148/339/277 415/340/277 271/341/277
f 148/339/278 12/290/278 251/287/278 415/340/278
f 415/340/279 251/287/279 70/286/279 270/335/279
f 271/341/280 415/340/280 270/335/280 85/334/280
f 13/278/281 132/342/281 416/343/281 265/307/281
f 132/342/282 23/338/282 271/341/282 416/343/282
f 416/343/283 271/341/283 85/334/283 263/344/283
f 265/307/284 416/343/284 263/344/284 81/308/284
f 81/308/285 263/344/285 417/345/285 264/314/285
f 263/344/286 85/334/286 272/337/286 417/345/286
f 417/345/287 272/337/287 84/330/287 269/329/287
f 264/314/288 417/345/288 269/329/288 79/283/288
f 69/346/289 283/347/289 418/348/289 247/349/289
f 425/350/290 292/351/290 274/170/290 429/169/290
f 283/352/291 90/353/291 287/354/291 418/355/291
f 418/355/292 287/354/292 91/356/292 290/357/292
f 165/358/293 33/359/293 289/360/293 419/361/293
f 419/361/294 289/360/294 90/353/294 283/352/294
f 73/362/295 280/363/295 420/364/295 247/349/295
f 280/363/296 88/365/296 278/366/296 420/364/296
f 420/364/297 278/366/297 87/367/297 279/368/297
f 247/349/298 420/364/298 279/368/298 69/346/298
f 69/346/299 279/368/299 421/369/299 243/370/299
f 279/368/300 87/367/300 277/371/300 421/369/300
f 421/369/301 277/371/301 29/372/301 162/373/301
f 243/370/302 421/369/302 162/373/302 11/374/302
f 67/375/303 281/376/303 422/377/303 241/378/303
f 281/376/304 86/379/304 276/380/304 422/377/304
f 422/377/305 276/380/305 88/365/305 280/363/305
f 241/378/306 422/377/306 280/363/306 73/362/306
f 73/362/307 290/381/307 426/382/307 241/378/307
f 247/349/308 418/348/308 290/381/308 73/362/308
f 11/374/309 165/383/309 419/384/309 243/370/309
f 241/378/310 426/382/310 282/385/310 67/375/310
f 275/274/311 293/386/311 425/350/311 429/169/311
f 243/370/312 419/384/312 283/347/312 69/346/312
f 93/387/313 296/388/313 423/258/313 292/351/313
f 296/388/314 37/389/314 178/259/314 423/258/314
f 92/390/315 295/391/315 424/265/315 291/264/315
f 295/391/316 94/392/316 293/386/316 424/265/316
f 94/392/317 294/393/317 425/350/317 293/386/317
f 294/393/318 93/387/318 292/351/318 425/350/318
f 290/357/319 91/356/319 288/394/319 426/395/319
f 426/395/320 288/394/320 89/396/320 282/397/320
f 274/170/321 292/351/321 423/258/321 427/261/321
f 453/398/322 457/399/322 328/295/322 342/400/322
f 424/265/323 293/386/323 275/274/323 428/266/323
f 91/356/324 287/354/324 430/401/324 286/402/324
f 287/354/325 90/353/325 285/403/325 430/401/325
f 430/401/326 285/403/326 93/387/326 294/393/326
f 286/402/327 430/401/327 294/393/327 94/392/327
f 89/396/328 288/394/328 431/404/328 284/405/328
f 288/394/329 91/356/329 286/402/329 431/404/329
f 431/404/330 286/402/330 94/392/330 295/391/330
f 284/405/331 431/404/331 295/391/331 92/390/331
f 90/353/332 289/360/332 432/406/332 285/403/332
f 289/360/333 33/359/333 170/407/333 432/406/333
f 432/406/334 170/407/334 37/389/334 296/388/334
f 285/403/335 432/406/335 296/388/335 93/387/335
f 458/298/336 301/297/336 97/408/336 327/409/336
f 273/267/337 71/277/337 304/410/337 457/399/337
f 155/10/338 9/9/338 122/2/338 371/1/338
f 457/399/339 304/410/339 100/296/339 328/295/339
f 327/409/340 97/408/340 307/411/340 456/412/340
f 100/296/341 316/413/341 433/414/341 301/297/341
f 316/413/342 103/415/342 311/416/342 433/414/342
f 433/414/343 311/416/343 104/417/343 315/418/343
f 301/297/344 433/414/344 315/418/344 97/408/344
f 96/419/345 298/420/345 434/421/345 306/422/345
f 298/420/346 99/423/346 308/424/346 434/421/346
f 434/421/347 308/424/347 47/425/347 194/426/347
f 306/422/348 434/421/348 194/426/348 45/427/348
f 456/412/349 307/411/349 46/428/349 218/429/349
f 99/423/350 303/430/350 435/431/350 308/424/350
f 303/430/351 68/304/351 240/303/351 435/431/351
f 435/431/352 240/303/352 10/302/352 195/432/352
f 308/424/353 435/431/353 195/432/353 47/425/353
f 97/408/354 300/433/354 436/434/354 307/411/354
f 106/435/355 320/436/355 436/434/355 300/433/355
f 46/428/356 307/411/356 436/434/356 320/436/356
f 71/277/357 317/437/357 437/438/357 304/410/357
f 317/437/358 102/439/358 310/440/358 437/438/358
f 437/438/359 310/440/359 103/415/359 316/413/359
f 304/410/360 437/438/360 316/413/360 100/296/360
f 97/408/361 315/418/361 438/441/361 300/433/361
f 104/417/362 319/442/362 438/441/362 315/418/362
f 106/435/363 300/433/363 438/441/363 319/442/363
f 96/419/364 314/443/364 439/444/364 298/420/364
f 105/445/365 313/446/365 439/444/365 314/443/365
f 101/447/366 305/448/366 439/444/366 313/446/366
f 68/304/367 303/430/367 439/444/367 305/448/367
f 99/423/368 298/420/368 439/444/368 303/430/368
f 82/321/369 322/449/369 440/450/369 244/322/369
f 322/449/370 107/451/370 309/452/370 440/450/370
f 440/450/371 309/452/371 102/439/371 317/437/371
f 244/322/372 440/450/372 317/437/372 71/277/372
f 101/447/373 313/446/373 441/453/373 321/454/373
f 105/445/374 312/455/374 441/453/374 313/446/374
f 108/456/375 323/457/375 441/453/375 312/455/375
f 104/417/376 311/416/376 441/453/376 323/457/376
f 103/415/377 310/440/377 441/453/377 311/416/377
f 102/439/378 309/452/378 441/453/378 310/440/378
f 107/451/379 321/454/379 441/453/379 309/452/379
f 68/304/380 305/448/380 442/458/380 266/332/380
f 305/448/381 101/447/381 321/454/381 442/458/381
f 442/458/382 321/454/382 107/451/382 322/449/382
f 266/332/383 442/458/383 322/449/383 82/321/383
f 109/459/384 326/460/384 443/461/384 324/462/384
f 326/460/385 108/456/385 312/455/385 443/461/385
f 443/461/386 312/455/386 105/445/386 314/443/386
f 324/462/387 443/461/387 314/443/387 96/419/387
f 55/463/388 325/464/388 444/465/388 211/466/388
f 325/464/389 109/459/389 324/462/389 444/465/389
f 444/465/390 324/462/390 96/419/390 306/422/390
f 211/466/391 444/465/391 306/422/391 45/427/391
f 46/428/392 320/436/392 445/467/392 196/468/392
f 320/436/393 106/435/393 318/469/393 445/467/393
f 445/467/394 318/469/394 109/459/394 325/464/394
f 196/468/395 445/467/395 325/464/395 55/463/395
f 106/435/396 319/442/396 446/470/396 318/469/396
f 319/442/397 104/417/397 323/457/397 446/470/397
f 446/470/398 323/457/398 108/456/398 326/460/398
f 318/469/399 446/470/399 326/460/399 109/459/399
f 291/264/400 273/267/400 457/399/400 453/398/400
f 218/429/401 236/471/401 452/472/401 456/412/401
f 447/473/402 340/474/402 113/475/402 337/476/402
f 334/477/403 447/473/403 337/476/403 112/478/403
f 448/479/404 334/477/404 112/478/404 339/480/404
f 225/481/405 448/479/405 339/480/405 63/482/405
f 98/483/406 302/484/406 449/485/406 333/486/406
f 302/484/407 95/487/407 332/488/407 449/485/407
f 449/485/408 332/488/408 110/489/408 331/490/408
f 333/486/409 449/485/409 331/490/409 111/491/409
f 95/487/410 299/492/410 450/493/410 332/488/410
f 299/492/411 44/494/411 224/495/411 450/493/411
f 450/493/412 224/495/412 60/496/412 330/497/412
f 332/488/413 450/493/413 330/497/413 110/489/413
f 67/375/414 297/498/414 451/499/414 281/376/414
f 297/498/415 98/483/415 333/486/415 451/499/415
f 451/499/416 333/486/416 111/491/416 329/500/416
f 281/376/417 451/499/417 329/500/417 86/379/417
f 447/501/418 334/502/418 95/487/418 302/484/418
f 67/375/419 282/385/419 455/503/419 297/498/419
f 297/498/420 455/503/420 340/504/420 98/483/420
f 95/487/421 334/502/421 448/505/421 299/492/421
f 448/505/422 225/506/422 44/494/422 299/492/422
f 327/409/423 341/507/423 454/508/423 458/298/423
f 114/509/424 341/507/424 452/472/424 345/510/424
f 345/510/425 452/472/425 236/471/425 66/511/425
f 92/390/426 291/264/426 453/398/426 344/512/426
f 344/512/427 453/398/427 342/400/427 115/513/427
f 115/513/428 342/400/428 454/508/428 343/514/428
f 366/82/429 370/8/429 155/10/429 177/130/429
f 343/514/430 454/508/430 341/507/430 114/509/430
f 455/515/431 282/397/431 89/396/431 338/516/431
f 340/474/432 455/515/432 338/516/432 113/475/432
f 454/508/433 342/400/433 328/295/433 458/298/433
f 452/472/434 341/507/434 327/409/434 456/412/434
f 98/483/435 340/504/435 447/501/435 302/484/435
f 113/475/436 336/517/436 459/518/436 337/476/436
f 336/517/437 115/513/437 343/514/437 459/518/437
f 459/518/438 343/514/438 114/509/438 335/519/438
f 337/476/439 459/518/439 335/519/439 112/478/439
f 89/396/440 284/405/440 460/520/440 338/516/440
f 284/405/441 92/390/441 344/512/441 460/520/441
f 460/520/442 344/512/442 115/513/442 336/517/442
f 338/516/443 460/520/443 336/517/443 113/475/443
f 112/478/444 335/519/444 461/521/444 339/480/444
f 335/519/445 114/509/445 345/510/445 461/521/445
f 461/521/446 345/510/446 66/511/446 229/522/446
f 339/480/447 461/521/447 229/522/447 63/482/447
f 175/81/448 395/255/448 399/150/448 153/5/448
f 462/523/449 463/524/449 465/525/449 464/526/449
f 465/525/450 463/524/450 466/527/450 467/528/450
f 467/528/451 466/527/451 468/529/451
f 469/530/452 471/531/452 472/532/452 470/533/452
f 472/532/453 474/534/453 473/535/453 470/533/453
f 474/534/454 475/536/454 473/535/454
f 477/537/455 476/537/455 478/537/455 479/537/455
f 479/537/456 478/537/456 480/537/456 481/537/456
f 481/537/457 480/537/457 482/537/457 483/537/457
f 485/537/458 484/537/458 486/537/458 487/537/458
f 487/537/459 486/537/459 488/537/459 489/537/459
f 489/537/460 488/537/460 490/537/460 491/537/460
f 492/538/461 494/539/461 495/540/461 493/541/461
f 495/540/462 497/542/462 496/543/462 493/541/462
f 497/542/463 498/544/463 496/543/463
f 464/545/464 494/539/464 492/538/464 462/546/464
f 463/547/465 493/541/465 496/543/465 466/548/465
f 465/549/466 495/540/466 494/539/466 464/545/466
f 462/546/467 492/538/467 493/541/467 463/547/467
f 468/550/468 498/544/468 497/542/468 467/551/468
f 466/548/469 496/543/469 498/544/469 468/550/469
f 467/551/470 497/542/470 495/540/470 465/549/470
f 499/552/471 500/553/471 502/554/471 501/555/471
f 502/554/472 500/553/472 503/556/472 504/557/472
f 504/557/473 503/556/473 505/558/473
f 474/534/474 472/532/474 502/559/474 504/560/474
f 471/531/475 469/530/475 499/561/475 501/562/475
f 469/530/476 470/533/476 500/563/476 499/561/476
f 473/535/477 475/536/477 505/564/477 503/565/477
f 470/533/478 473/535/478 503/565/478 500/563/478
f 472/532/479 471/531/479 501/562/479 502/559/479
f 475/536/480 474/534/480 504/560/480 505/564/480
f 506/566/481 507/567/481 509/568/481 508/569/481
f 509/568/482 507/567/482 510/570/482 511/571/482
f 511/571/483 510/570/483 512/572/483
f 517/573/484 519/574/484 520/575/484 518/576/484
f 520/575/485 522/577/485 521/578/485 518/576/485
f 522/577/486 523/579/486 521/578/486
f 508/580/487 519/574/487 517/573/487 506/581/487
f 507/582/488 518/576/488 521/578/488 510/583/488
f 509/584/489 520/575/489 519/574/489 508/580/489
f 506/581/490 517/573/490 518/576/490 507/582/490
f 512/585/491 523/579/491 522/577/491 511/586/491
f 510/583/492 521/578/492 523/579/492 512/585/492
f 511/586/493 522/577/493 520/575/493 509/584/493
f 526/587/494 530/588/494 531/589/494 527/590/494
f 525/591/495 529/592/495 530/588/495 526/587/495
f 524/593/496 528/594/496 529/592/496 525/591/496
f 534/595/497 538/596/497 539/597/497 535/598/497
f 533/599/498 537/600/498 538/596/498 534/595/498
f 532/601/499 536/602/499 537/600/499 533/599/499
f 542/603/500 543/604/500 547/605/500 546/606/500
f 541/607/501 542/603/501 546/606/501 545/608/501
f 540/609/502 541/607/502 545/608/502 544/610/502
f 550/611/503 551/612/503 555/613/503 554/614/503
f 549/615/504 550/611/504 554/614/504 553/616/504
f 548/617/505 549/615/505 553/616/505 552/618/505
f 525/619/506 526/620/506 542/603/506 541/607/506
f 535/621/507 539/622/507 555/613/507 551/612/507
f 528/623/508 524/624/508 540/609/508 544/610/508
f 526/620/509 527/625/509 543/604/509 542/603/509
f 532/626/510 533/627/510 549/615/510 548/617/510
f 529/628/511 528/623/511 544/610/511 545/608/511
f 533/627/512 534/629/512 550/611/512 549/615/512
f 530/630/513 529/628/513 545/608/513 546/606/513
f 536/631/514 532/626/514 548/617/514 552/618/514
f 534/629/515 535/621/515 551/612/515 550/611/515
f 531/632/516 530/630/516 546/606/516 547/605/516
f 537/633/517 536/631/517 552/618/517 553/616/517
f 527/625/518 531/632/518 547/605/518 543/604/518
f 538/634/519 537/633/519 553/616/519 554/614/519
f 524/624/520 525/619/520 541/607/520 540/609/520
f 539/622/521 538/634/521 554/614/521 555/613/521
f 556/635/522 557/636/522 559/637/522 558/638/522
f 559/637/523 557/636/523 560/639/523 561/640/523
f 561/640/524 560/639/524 562/641/524
f 563/642/525 564/643/525 566/644/525 565/645/525
f 566/644/526 564/643/526 567/646/526 568/647/526
f 568/647/527 567/646/527 569/648/527
f 570/649/528 571/650/528 573/651/528 572/652/528
f 573/651/529 571/650/529 574/653/529 575/654/529
f 575/654/530 574/653/530 576/655/530
f 577/656/531 579/657/531 580/658/531 578/659/531
f 580/658/532 582/660/532 581/661/532 578/659/532
f 582/660/533 583/662/533 581/661/533
f 584/663/534 586/664/534 587/665/534 585/666/534
f 587/665/535 589/667/535 588/668/535 585/666/535
f 589/667/536 590/669/536 588/668/536
f 591/670/537 593/671/537 594/672/537 592/673/537
f 594/672/538 596/674/538 595/675/538 592/673/538
f 596/674/539 597/676/539 595/675/539
f 571/677/540 592/673/540 595/675/540 574/678/540
f 558/679/541 579/657/541 577/656/541 556/680/541
f 567/681/542 588/668/542 590/669/542 569/682/542
f 563/683/543 584/663/543 585/666/543 564/684/543
f 575/685/544 596/674/544 594/672/544 573/686/544
f 569/682/545 590/669/545 589/667/545 568/687/545
f 565/688/546 586/664/546 584/663/546 563/683/546
f 574/678/547 595/675/547 597/676/547 576/689/547
f 559/690/548 580/658/548 579/657/548 558/679/548
f 570/691/549 591/670/549 592/673/549 571/677/549
f 576/689/550 597/676/550 596/674/550 575/685/550
f 572/692/551 593/671/551 591/670/551 570/691/551
f 566/693/552 587/665/552 586/664/552 565/688/552
f 557/694/553 578/659/553 581/661/553 560/695/553
f 561/696/554 582/660/554 580/658/554 559/690/554
f 573/686/555 594/672/555 593/671/555 572/692/555
f 564/684/556 585/666/556 588/668/556 567/681/556
f 560/695/557 581/661/557 583/662/557 562/697/557
f 556/680/558 577/656/558 578/659/558 557/694/558
f 568/687/559 589/667/559 587/665/559 566/693/559
f 562/697/560 583/662/560 582/660/560 561/696/560
f 598/698/561 600/699/561 601/700/561 599/701/561
f 602/702/562 603/703/562 605/704/562 604/705/562
f 600/706/563 604/705/563 605/704/563 601/707/563
f 598/708/564 602/702/564 604/705/564 600/706/564
f 601/707/565 605/704/565 603/703/565 599/709/565
f 599/709/566 603/703/566 602/702/566 598/708/566
f 606/710/567 608/711/567 609/712/567 607/713/567
f 610/714/568 611/715/568 613/716/568 612/717/568
f 608/718/569 612/717/569 613/716/569 609/719/569
f 606/720/570 610/714/570 612/717/570 608/718/570
f 609/719/571 613/716/571 611/715/571 607/721/571
f 607/721/572 611/715/572 610/714/572 606/720/572
f 615/537/573 614/537/573 616/537/573 617/537/573
f 619/722/573 618/723/573 620/724/573 621/725/573
f 623/726/574 621/727/574 619/722/574 622/728/574
f 624/729/575 620/730/575 621/727/575 623/726/575
f 625/731/576 618/732/576 620/730/576 624/729/576
f 622/728/577 619/722/577 618/723/577 625/733/577
f 615/734/577 622/735/577 625/736/577 614/737/577
f 614/738/576 625/739/576 624/740/576 616/741/576
f 616/741/575 624/740/575 623/742/575 617/743/575
f 617/743/574 623/742/574 622/735/574 615/734/574
l 513 514
l 516 515
o NurbsPath.001
v -0.070062 -0.041848 -0.728784
v -0.127571 0.162780 -0.370835
v -0.156323 0.318718 -0.113553
v -0.162507 0.435113 0.061305
v -0.151707 0.520186 0.170217
v -0.128902 0.581234 0.227899
v -0.098472 0.624628 0.247302
v -0.064189 0.655814 0.239610
v -0.029225 0.679312 0.214247
v 0.003851 0.698716 0.178871
v 0.033076 0.716696 0.139374
v 0.057088 0.734997 0.099888
v 0.075128 0.754435 0.062777
v 0.087021 0.774948 0.028719
v 0.092927 0.796044 -0.002465
v 0.093105 0.817274 -0.030972
v 0.087886 0.838262 -0.056948
v 0.077677 0.858712 -0.080480
v 0.062959 0.878408 -0.101605
v 0.044286 0.897209 -0.120301
v 0.022286 0.915056 -0.136494
v -0.002336 0.931963 -0.150055
v -0.028805 0.948028 -0.160799
v -0.056268 0.963424 -0.168487
v -0.083801 0.978402 -0.172826
v -0.110412 0.993288 -0.173475
v -0.135148 1.008423 -0.170133
v -0.157192 1.024113 -0.162618
v -0.175875 1.040616 -0.150883
v -0.190672 1.058151 -0.135010
v -0.201207 1.076891 -0.115212
v -0.207251 1.096967 -0.091833
v -0.208720 1.118465 -0.065347
v -0.205678 1.141429 -0.036359
v -0.198336 1.165858 -0.005607
v -0.187050 1.191709 0.026044
v -0.172324 1.218896 0.057595
v -0.154802 1.247288 0.087930
v -0.135178 1.276721 0.115946
v -0.114117 1.307009 0.140685
v -0.092242 1.337936 0.161351
v -0.070137 1.369265 0.177301
v -0.048347 1.400733 0.188053
v -0.027373 1.432055 0.193283
v -0.007681 1.462917 0.192826
v 0.010307 1.492985 0.186672
v 0.026206 1.521898 0.174973
v 0.039674 1.549271 0.158036
v 0.050406 1.574695 0.136327
v 0.058142 1.597743 0.110465
v 0.062679 1.618034 0.081130
v 0.063893 1.635310 0.048986
v 0.061740 1.649432 0.014668
v 0.056255 1.660386 -0.021215
v 0.047553 1.668283 -0.058082
v 0.035829 1.673357 -0.095380
v 0.021356 1.675962 -0.132581
v 0.004488 1.676581 -0.169187
v -0.014341 1.675816 -0.204723
v -0.034619 1.674396 -0.238747
v -0.055752 1.673172 -0.270839
v -0.077079 1.673104 -0.300610
v -0.097959 1.675131 -0.327715
v -0.117878 1.680026 -0.351868
v -0.136449 1.688389 -0.372842
v -0.153417 1.700646 -0.390473
v -0.168657 1.717046 -0.404655
v -0.182175 1.737665 -0.415344
v -0.194105 1.762405 -0.422557
v -0.204715 1.790992 -0.426369
v -0.214401 1.822978 -0.426919
v -0.223691 1.857741 -0.424403
v -0.233242 1.894482 -0.419080
v -0.243830 1.932244 -0.411266
v -0.256221 1.970056 -0.401300
v -0.271042 2.007087 -0.389516
v -0.288766 2.042655 -0.376236
v -0.309716 2.076232 -0.361770
v -0.334063 2.107440 -0.346418
v -0.361827 2.136055 -0.330471
v -0.392875 2.161998 -0.314206
v -0.426924 2.185349 -0.297890
v -0.463539 2.206336 -0.281781
v -0.502132 2.225339 -0.266124
v -0.541965 2.242889 -0.251155
v -0.582157 2.259656 -0.237097
v -0.621799 2.276319 -0.224146
v -0.660056 2.293430 -0.212459
v -0.696187 2.311402 -0.202151
v -0.729537 2.330513 -0.193294
v -0.759541 2.350901 -0.185919
v -0.785724 2.372566 -0.180017
v -0.807699 2.395373 -0.175536
v -0.825168 2.419047 -0.172382
v -0.837924 2.443173 -0.170420
v -0.845847 2.467205 -0.169472
v -0.848907 2.490452 -0.169321
v -0.847161 2.512101 -0.169709
v -0.840728 2.531337 -0.170370
v -0.829760 2.547469 -0.171061
v -0.814446 2.559943 -0.171565
v -0.795007 2.568342 -0.171690
v -0.771697 2.572383 -0.171268
v -0.744806 2.571920 -0.170159
v -0.714655 2.566944 -0.168247
v -0.681599 2.557582 -0.165440
v -0.646029 2.544095 -0.161674
v -0.608364 2.526882 -0.156909
v -0.569064 2.506480 -0.151131
v -0.528615 2.483550 -0.144350
v -0.487494 2.458811 -0.136595
v -0.446140 2.432956 -0.127905
v -0.404941 2.406648 -0.118333
v -0.364238 2.380518 -0.107940
v -0.324329 2.355170 -0.096800
v -0.285461 2.331176 -0.084996
v -0.247834 2.309076 -0.072625
v -0.211605 2.289380 -0.059793
v -0.176879 2.272570 -0.046616
v -0.143717 2.259094 -0.033222
v -0.112133 2.249375 -0.019753
v -0.082093 2.243793 -0.006356
v -0.053527 2.242648 0.006814
v -0.026331 2.246098 0.019607
v -0.000373 2.254160 0.031876
v 0.024510 2.266707 0.043478
v 0.048513 2.283468 0.054272
v 0.071858 2.304031 0.064121
v 0.094801 2.327841 0.072894
v 0.117626 2.354196 0.080459
v 0.140647 2.382256 0.086692
v 0.164210 2.411034 0.091470
v 0.188691 2.439404 0.094673
v 0.214486 2.466109 0.096187
v 0.241926 2.489949 0.095919
v 0.271179 2.509958 0.093808
v 0.302244 2.525419 0.089831
v 0.334956 2.535869 0.083999
v 0.368979 2.541094 0.076363
v 0.403808 2.541132 0.067005
v 0.438773 2.536271 0.056047
v 0.473033 2.527052 0.043646
v 0.505580 2.514263 0.029993
v 0.535238 2.498947 0.015318
v 0.560663 2.482397 -0.000114
v 0.580362 2.466134 -0.016006
v 0.592923 2.451653 -0.032058
v 0.597237 2.440180 -0.048001
v 0.592522 2.432639 -0.063599
v 0.578318 2.429659 -0.078651
v 0.554495 2.431572 -0.092987
v 0.521245 2.438412 -0.106470
v 0.479086 2.449915 -0.118999
v 0.428863 2.465520 -0.130504
v 0.371745 2.484371 -0.140949
v 0.309225 2.505311 -0.150331
v 0.243125 2.526888 -0.158680
v 0.175563 2.547376 -0.166059
v 0.108678 2.565021 -0.172548
v 0.044344 2.578288 -0.178228
v -0.015855 2.585888 -0.183183
v -0.070624 2.586773 -0.187497
v -0.118956 2.580139 -0.191257
v -0.160136 2.565427 -0.194550
v -0.193736 2.542318 -0.197462
v -0.219617 2.510738 -0.200085
v -0.237933 2.470856 -0.202508
v -0.249124 2.423084 -0.204823
v -0.253919 2.368078 -0.207124
v -0.253322 2.306723 -0.209502
v -0.248415 2.240000 -0.212032
v -0.240170 2.168850 -0.214749
v -0.229431 2.094157 -0.217651
v -0.216912 2.016755 -0.220695
v -0.203202 1.937422 -0.223799
v -0.188759 1.856885 -0.226842
v -0.173913 1.775812 -0.229666
v -0.158866 1.694824 -0.232070
v -0.143693 1.614483 -0.233816
v -0.128339 1.535301 -0.234627
v -0.112621 1.457735 -0.234187
v -0.096239 1.382189 -0.232143
v -0.078893 1.309034 -0.228170
v -0.060399 1.238622 -0.222020
v -0.040701 1.171290 -0.213533
v -0.019870 1.107357 -0.202634
v 0.001893 1.047127 -0.189335
v 0.024261 0.990891 -0.173734
v 0.046779 0.938917 -0.156013
v 0.068865 0.891463 -0.136443
v 0.089808 0.848769 -0.115378
v 0.108771 0.811057 -0.093261
v 0.124786 0.778536 -0.070617
v 0.136779 0.751393 -0.048055
v 0.143744 0.729734 -0.026182
v 0.144939 0.713534 -0.005530
v 0.139893 0.702625 0.013449
v 0.128412 0.696700 0.030388
v 0.110575 0.695311 0.045002
v 0.086739 0.697870 0.057088
v 0.057534 0.703650 0.066524
v 0.023866 0.711782 0.073273
v -0.013085 0.721259 0.077379
v -0.051862 0.730930 0.078969
v -0.090735 0.739507 0.078251
v -0.127717 0.745572 0.075512
v -0.160761 0.747673 0.071042
v -0.187965 0.744435 0.065075
v -0.207587 0.734563 0.057771
v -0.218043 0.716844 0.049228
v -0.217911 0.690145 0.039470
v -0.205929 0.653418 0.028459
v -0.180997 0.605695 0.016084
v -0.142170 0.546087 0.002171
v -0.088670 0.473791 -0.013527
v -0.019875 0.388087 -0.031321
v 0.064678 0.288329 -0.051591
l 626 627
l 627 628
l 628 629
l 629 630
l 630 631
l 631 632
l 632 633
l 633 634
l 634 635
l 635 636
l 636 637
l 637 638
l 638 639
l 639 640
l 640 641
l 641 642
l 642 643
l 643 644
l 644 645
l 645 646
l 646 647
l 647 648
l 648 649
l 649 650
l 650 651
l 651 652
l 652 653
l 653 654
l 654 655
l 655 656
l 656 657
l 657 658
l 658 659
l 659 660
l 660 661
l 661 662
l 662 663
l 663 664
l 664 665
l 665 666
l 666 667
l 667 668
l 668 669
l 669 670
l 670 671
l 671 672
l 672 673
l 673 674
l 674 675
l 675 676
l 676 677
l 677 678
l 678 679
l 679 680
l 680 681
l 681 682
l 682 683
l 683 684
l 684 685
l 685 686
l 686 687
l 687 688
l 688 689
l 689 690
l 690 691
l 691 692
l 692 693
l 693 694
l 694 695
l 695 696
l 696 697
l 697 698
l 698 699
l 699 700
l 700 701
l 701 702
l 702 703
l 703 704
l 704 705
l 705 706
l 706 707
l 707 708
l 708 709
l 709 710
l 710 711
l 711 712
l 712 713
l 713 714
l 714 715
l 715 716
l 716 717
l 717 718
l 718 719
l 719 720
l 720 721
l 721 722
l 722 723
l 723 724
l 724 725
l 725 726
l 726 727
l 727 728
l 728 729
l 729 730
l 730 731
l 731 732
l 732 733
l 733 734
l 734 735
l 735 736
l 736 737
l 737 738
l 738 739
l 739 740
l 740 741
l 741 742
l 742 743
l 743 744
l 744 745
l 745 746
l 746 747
l 747 748
l 748 749
l 749 750
l 750 751
l 751 752
l 752 753
l 753 754
l 754 755
l 755 756
l 756 757
l 757 758
l 758 759
l 759 760
l 760 761
l 761 762
l 762 763
l 763 764
l 764 765
l 765 766
l 766 767
l 767 768
l 768 769
l 769 770
l 770 771
l 771 772
l 772 773
l 773 774
l 774 775
l 775 776
l 776 777
l 777 778
l 778 779
l 779 780
l 780 781
l 781 782
l 782 783
l 783 784
l 784 785
l 785 786
l 786 787
l 787 788
l 788 789
l 789 790
l 790 791
l 791 792
l 792 793
l 793 794
l 794 795
l 795 796
l 796 797
l 797 798
l 798 799
l 799 800
l 800 801
l 801 802
l 802 803
l 803 804
l 804 805
l 805 806
l 806 807
l 807 808
l 808 809
l 809 810
l 810 811
l 811 812
l 812 813
l 813 814
l 814 815
l 815 816
l 816 817
l 817 818
l 818 819
l 819 820
l 820 821
l 821 822
l 822 823
l 823 824
l 824 825
l 825 826
l 826 827
l 827 828
l 828 829
l 829 830
l 830 831
l 831 832
l 832 833
l 833 834
l 834 835
l 835 836
l 836 837
l 837 838
l 838 839
l 839 840
l 840 841
l 841 842
o Plane.007
v 0.039193 0.222214 -0.382929
v 0.035746 0.080883 -0.155500
v -0.072158 0.322752 -0.457033
v 0.124610 0.176955 -0.254686
v -0.268244 2.164547 -0.026092
v -0.154386 2.232656 -0.209321
v -0.342136 1.914130 -0.101515
v -0.368427 1.916293 -0.338660
v -0.132359 1.541625 -0.001532
v 0.080422 1.440557 -0.044682
v 0.416671 2.671277 -0.139066
v 0.341027 2.508981 0.022952
v 0.094474 0.919916 0.040828
v -0.081560 0.768878 -0.007972
v -0.614005 2.138443 -0.412459
v -0.594234 2.049462 -0.186753
v -0.016100 0.963010 0.049204
v -0.087002 0.789696 -0.002098
v -0.149715 0.629191 -0.153742
v -0.009916 0.655885 -0.059455
v -0.261832 1.294076 -0.133357
v -0.049326 1.353845 -0.037325
v -0.257913 2.616332 -0.132776
v -0.190822 2.589842 -0.365434
v 0.286187 2.464962 -0.110045
v 0.327542 2.322499 0.044756
v -0.714174 2.525268 -0.333563
v -0.686423 2.646799 -0.158096
v -0.339455 1.675070 -0.412698
v -0.147867 1.741416 -0.538910
v -0.005392 1.135205 0.002969
v -0.086098 1.310547 -0.122700
v -0.145665 0.627149 -0.044108
v 0.021212 0.468894 0.041989
v -0.123102 0.478311 -0.262652
v 0.044660 0.328691 -0.155528
v -0.041527 0.565615 0.068549
v -0.144232 0.756433 0.066118
v -0.005507 1.157533 -0.127317
v -0.065568 1.008847 0.002258
v 0.064187 1.315090 0.030966
v -0.115255 1.466269 -0.017238
v -0.172710 1.547029 -0.164753
v 0.043927 1.536548 -0.271536
v -0.380746 2.006624 -0.534328
v -0.462561 1.898926 -0.343672
v -0.791690 2.279345 -0.095819
v -0.811509 2.301502 -0.330644
v -0.505534 2.345710 -0.252601
v -0.397608 2.518429 -0.262408
v 0.151112 2.219871 -0.062055
v 0.075045 2.199229 0.145581
v 0.404040 2.382751 -0.031488
v 0.448484 2.579587 -0.157645
v 0.145234 2.720123 -0.252107
v 0.094186 2.657240 -0.029475
v -0.402424 2.255956 -0.151758
v -0.337554 2.257621 -0.387126
v -0.344652 1.596034 -0.243215
v -0.204178 1.621624 -0.054646
v 0.071063 1.112149 -0.006567
v -0.151861 1.016169 -0.043094
v -0.062375 0.641150 -0.053808
v -0.021276 0.816194 -0.070021
v -0.113845 0.302539 -0.150999
v 0.052148 0.442642 -0.203862
v -0.061318 0.079946 -0.388994
v 0.073703 0.174355 -0.019269
v -0.172540 0.180410 -0.463394
v 0.165498 0.269959 -0.108503
v -0.319795 2.285058 0.009605
v -0.196823 2.380860 -0.144653
v -0.210860 2.002144 -0.099632
v -0.213008 2.007922 -0.339238
v -0.083428 1.607155 0.106507
v 0.127491 1.495619 0.078485
v 0.460454 2.568850 -0.174703
v 0.382565 2.389087 -0.032750
v 0.165605 0.921258 -0.069582
v -0.022974 0.780878 -0.106921
v -0.468003 2.231560 -0.402478
v -0.458363 2.135195 -0.182204
v 0.046490 0.874061 0.062952
v 0.030209 0.686211 0.003852
v -0.215860 0.645682 -0.023630
v -0.076172 0.630315 0.084311
v -0.194633 1.367282 -0.284174
v 0.008012 1.419605 -0.168087
v -0.123086 2.536728 -0.070828
v -0.074850 2.520827 -0.307212
v 0.218023 2.496291 -0.015079
v 0.253823 2.393987 0.168328
v -0.744061 2.467940 -0.272943
v -0.743207 2.550106 -0.071267
v -0.239564 1.708979 -0.291121
v -0.047790 1.781657 -0.416235
v -0.131006 1.043948 0.032592
v -0.188060 1.220162 -0.102456
v -0.229534 0.515245 -0.001446
v -0.058965 0.361456 0.091123
v -0.226234 0.338894 -0.258519
v -0.059188 0.189220 -0.150324
v 0.002965 0.539008 0.186869
v -0.134015 0.715609 0.167705
v -0.003648 1.028107 -0.166240
v -0.083443 0.872164 -0.056396
v -0.006626 1.258685 0.153128
v -0.169964 1.419726 0.086909
v -0.114997 1.678377 -0.093075
v 0.104302 1.649349 -0.185453
v -0.218157 2.019713 -0.472331
v -0.327716 1.917879 -0.289483
v -0.679033 2.323536 -0.090449
v -0.699444 2.364016 -0.326827
v -0.570672 2.376597 -0.153968
v -0.476420 2.550797 -0.119098
v 0.044808 2.304760 -0.072330
v -0.042131 2.305708 0.131557
v 0.432798 2.397063 0.075558
v 0.469872 2.596045 -0.042871
v 0.198119 2.579517 -0.268198
v 0.144232 2.493527 -0.055638
v -0.263407 2.307505 -0.090157
v -0.189765 2.308655 -0.323387
v -0.216775 1.688300 -0.330898
v -0.098506 1.707169 -0.126947
v 0.104866 1.143027 -0.167814
v -0.120687 1.055130 -0.209047
v -0.024447 0.634528 0.036946
v 0.023714 0.815335 0.037670
v -0.130157 0.358372 -0.017755
v 0.047199 0.486015 -0.027794
v -0.012669 0.253438 -0.451428
v -0.043370 0.159929 -0.141711
v 0.099034 0.094401 -0.207099
v -0.397900 2.231667 -0.150041
v 0.006767 2.181187 -0.124864
v -0.211314 2.198602 -0.117706
v -0.389439 2.074367 -0.130594
v -0.363480 1.754184 -0.295034
v -0.355281 1.915211 -0.220087
v -0.140017 1.540849 -0.058214
v 0.077731 1.387843 0.011852
v -0.025968 1.491091 -0.023107
v 0.303917 2.709616 -0.182438
v 0.391957 2.435145 -0.005671
v 0.378850 2.590129 -0.058057
v 0.099689 1.004626 0.028904
v -0.071539 0.680385 -0.031932
v 0.006458 0.844397 0.016428
v -0.494604 2.084781 -0.475755
v -0.708025 2.135982 -0.125488
v -0.604119 2.093952 -0.299606
v 0.009343 1.066627 -0.040455
v -0.071087 0.664787 0.031313
v -0.051551 0.876353 0.023553
v -0.097459 0.742696 -0.123772
v 0.017566 0.575853 -0.123250
v -0.079815 0.642538 -0.106598
v -0.206093 1.152522 -0.084369
v -0.125874 1.484720 -0.043777
v -0.155579 1.323961 -0.085341
v -0.089363 2.677217 -0.085205
v -0.287834 2.437310 -0.387384
v -0.224368 2.603087 -0.249105
v 0.372004 2.538136 -0.146238
v 0.222435 2.263916 0.116257
v 0.306865 2.393731 -0.032645
v -0.794342 2.440910 -0.330142
v -0.543800 2.640852 -0.219202
v -0.700299 2.586034 -0.245830
v -0.409156 1.788322 -0.411847
v -0.037026 1.622612 -0.423561
v -0.243660 1.708243 -0.475804
v -0.039085 1.073388 0.001146
v -0.106511 1.391869 -0.069120
v -0.045745 1.222876 -0.059865
v -0.158671 0.687053 0.024665
v -0.062226 0.548021 -0.001060
v -0.039221 0.403501 -0.209090
v -0.007131 0.510776 0.077091
v -0.082631 0.853201 0.081478
v -0.092878 0.661024 0.067333
v -0.045654 1.235224 -0.151307
v -0.083582 0.911310 -0.005765
v -0.035537 1.083190 -0.062530
v 0.033061 1.222385 0.019816
v -0.124429 1.518043 0.009360
v -0.025535 1.390679 0.006864
v -0.106885 0.399846 -0.381172
v 0.052511 0.256384 -0.276433
v 0.035911 0.406118 -0.041583
v -0.133537 0.556549 -0.143543
v -0.249417 1.591108 -0.308316
v 0.076585 1.482697 -0.140228
v -0.064392 1.541789 -0.218145
v -0.264848 1.881899 -0.567935
v -0.515625 1.980403 -0.262801
v -0.421653 1.952775 -0.439000
v -0.780433 2.489204 -0.110365
v -0.736567 2.201410 -0.359753
v -0.801599 2.290424 -0.213231
v -0.612347 2.472436 -0.312407
v -0.279215 2.361416 -0.259918
v -0.451571 2.432069 -0.257504
v 0.228806 2.337776 -0.067389
v -0.100558 2.158450 0.087833
v 0.113078 2.209549 0.041763
v 0.385228 2.354264 -0.012844
v 0.466331 2.624154 -0.142409
v 0.426262 2.481169 -0.094566
v -0.034314 2.683834 -0.317846
v 0.241727 2.591352 0.012897
v 0.119710 2.688682 -0.140791
v -0.362666 2.456916 -0.154652
v -0.361329 2.082936 -0.370075
v -0.369989 2.256789 -0.269442
v -0.309777 1.442230 -0.187740
v -0.277952 1.764358 -0.074557
v -0.274414 1.608829 -0.148931
v 0.018742 1.229519 -0.028261
v -0.108494 0.885252 -0.013478
v -0.040398 1.064159 -0.024831
v -0.039385 0.656044 -0.049232
v 0.049596 0.865415 -0.002275
v -0.041826 0.728672 -0.061914
v -0.153780 0.472092 -0.159726
v 0.098238 0.301122 -0.253290
v -0.030848 0.372591 -0.177430
v -0.112626 0.110879 -0.458814
v -0.025787 0.237276 -0.005792
v 0.143958 0.193355 -0.069633
v -0.449093 2.319729 -0.072067
v -0.066129 2.310738 -0.115473
v -0.258308 2.332959 -0.067524
v -0.254562 2.154892 -0.094673
v -0.216533 1.848678 -0.339556
v -0.211934 2.005033 -0.219435
v -0.081437 1.658607 0.023752
v 0.072460 1.381989 0.146278
v 0.022031 1.551387 0.092496
v 0.346939 2.572081 -0.230084
v 0.437123 2.383129 0.013734
v 0.421510 2.478969 -0.103727
v 0.150289 1.018205 -0.130171
v -0.008140 0.684574 -0.033470
v 0.071316 0.851068 -0.088251
v -0.335285 2.136711 -0.445286
v -0.568229 2.223983 -0.129567
v -0.463182 2.183378 -0.292341
v 0.055398 0.947506 -0.067014
v 0.032132 0.611505 0.107523
v 0.038350 0.780136 0.033402
v -0.115373 0.747873 0.015304
v -0.032144 0.578456 0.040090
v -0.146016 0.637999 0.030340
v -0.164701 1.209224 -0.249128
v -0.043536 1.562664 -0.148391
v -0.093310 1.393443 -0.226130
v 0.003683 2.542206 -0.061499
v -0.150994 2.431718 -0.315991
v -0.098968 2.528778 -0.189020
v 0.351983 2.569486 -0.014273
v 0.110182 2.352465 0.165127
v 0.235923 2.445139 0.076625
v -0.751433 2.431828 -0.302571
v -0.633523 2.583175 -0.090926
v -0.743633 2.509022 -0.172105
v -0.286750 1.797308 -0.313512
v 0.035156 1.706933 -0.317629
v -0.143677 1.745318 -0.353678
v -0.127896 0.957642 -0.025324
v -0.203848 1.319097 -0.002127
v -0.159534 1.132055 -0.034932
v -0.199603 0.616881 0.107523
v -0.144248 0.438351 0.044839
v -0.142711 0.264057 -0.204421
v -0.032631 0.453424 0.174029
v -0.034144 0.799709 0.150417
v -0.065525 0.627309 0.177287
v -0.104537 1.120973 -0.171157
v -0.018322 0.777262 -0.051458
v -0.043545 0.950135 -0.111318
v -0.083687 1.144103 0.103938
v -0.120275 1.521724 0.127501
v -0.088295 1.339205 0.120019
v -0.208547 0.258397 -0.383910
v -0.049499 0.114986 -0.278566
v -0.066230 0.273063 -0.022720
v -0.235115 0.423095 -0.126963
v -0.175643 1.680840 -0.209419
v 0.137997 1.583226 -0.042268
v -0.005348 1.663863 -0.139264
v -0.127483 1.892602 -0.466301
v -0.379955 2.033841 -0.240180
v -0.272936 1.968796 -0.380907
v -0.751009 2.447577 -0.070527
v -0.597492 2.301175 -0.360513
v -0.689238 2.343776 -0.208638
v -0.676683 2.439405 -0.223096
v -0.330805 2.472865 -0.142459
v -0.523546 2.463697 -0.136533
v 0.125979 2.386228 -0.036249
v -0.185308 2.280645 0.078644
v 0.001339 2.305233 0.029614
v 0.367322 2.406381 0.133666
v 0.506946 2.585496 -0.104145
v 0.451335 2.496554 0.016344
v 0.048072 2.567345 -0.292622
v 0.278113 2.432226 -0.051440
v 0.171176 2.536521 -0.161918
v -0.217154 2.448007 -0.081518
v -0.206725 2.163976 -0.332316
v -0.226585 2.308080 -0.206772
v -0.210819 1.527444 -0.312046
v -0.155813 1.853152 -0.110158
v -0.157640 1.697735 -0.228923
v 0.056540 1.278812 -0.177930
v -0.066894 0.908737 -0.164178
v -0.007911 1.099078 -0.188430
v -0.061492 0.632939 0.081289
v 0.123876 0.862554 -0.000203
v -0.000366 0.724932 0.037308
v -0.210375 0.506334 -0.031564
v 0.124310 0.375782 -0.088010
v -0.041478 0.422194 -0.022774
v 0.029574 0.226609 -0.197728
v -0.338557 2.296541 -0.204980
v -0.375384 2.078651 -0.250334
v -0.023349 1.452943 0.010606
v 0.429144 2.529649 -0.074040
v -0.004403 0.944939 0.007713
v -0.505114 2.032592 -0.369278
v -0.076859 0.758994 0.056396
v -0.068422 0.699370 -0.086502
v -0.217825 1.463475 -0.115759
v -0.061839 2.680525 -0.201525
v 0.225621 2.300846 0.024434
v -0.787388 2.465057 -0.220253
v -0.143221 1.606860 -0.365939
v -0.042370 1.154306 -0.075080
v -0.048813 0.481334 -0.092563
v -0.082900 0.598915 0.050878
v -0.037119 0.988968 -0.023110
v -0.036725 1.307127 -0.024652
v -0.031716 1.511773 -0.099221
v -0.337002 1.835110 -0.489891
v -0.722296 2.168696 -0.242620
v -0.578074 2.556644 -0.265804
v -0.046896 2.169818 -0.018515
v 0.378616 2.446200 -0.079541
v 0.272823 2.650484 -0.084771
v -0.325250 2.447113 -0.271018
v -0.320716 1.759271 -0.184795
v -0.093676 1.191021 -0.056315
v -0.010971 0.772900 -0.017103
v -0.068106 0.523973 -0.141488
v -0.026754 0.325954 -0.332371
v 0.052026 0.303261 -0.047553
v -0.389949 2.396297 -0.107263
v -0.230643 2.159434 -0.213494
v -0.023907 1.451857 0.136890
v 0.472034 2.484312 -0.045205
v 0.041698 0.963471 -0.147174
v -0.357619 2.085276 -0.342733
v -0.001006 0.705607 0.128970
v -0.088433 0.690406 0.048296
v -0.127177 1.545054 -0.230218
v 0.025878 2.554775 -0.177061
v 0.118081 2.369346 0.064439
v -0.751221 2.439703 -0.186549
v -0.070243 1.693887 -0.263524
v -0.116217 1.039308 -0.098240
v -0.150672 0.348079 -0.074841
v -0.116117 0.535152 0.140776
v 0.018538 0.862384 -0.059236
v -0.143768 1.231600 0.050906
v 0.028280 1.620916 -0.009258
v -0.207116 1.844955 -0.389906
v -0.582860 2.262579 -0.245040
v -0.655103 2.511290 -0.157011
v -0.125718 2.295691 -0.018414
v 0.359652 2.487934 0.059697
v 0.312526 2.502153 -0.140762
v -0.184074 2.439863 -0.198754
v -0.186172 1.850915 -0.224857
v -0.054081 1.244018 -0.213529
v 0.057868 0.773564 -0.016836
v -0.121259 0.542395 0.004263
v -0.128534 0.184502 -0.334939
vn 0.3699 0.1327 0.9196
vn 0.4993 0.2606 0.8263
vn 0.5734 0.1808 0.7991
vn 0.4953 -0.0271 0.8683
vn -0.1227 0.4433 0.8879
vn 0.0430 0.8119 0.5822
vn 0.2567 0.6943 0.6723
vn 0.1282 0.2803 0.9513
vn 0.9803 0.0423 0.1929
vn 0.9787 0.2053 0.0084
vn 0.9992 0.0402 0.0047
vn 0.9798 -0.0615 0.1905
vn -0.0447 0.1181 0.9920
vn 0.4196 0.6395 0.6442
vn 0.3939 0.5816 0.7117
vn -0.3144 -0.2620 0.9124
vn -0.9419 0.0655 -0.3295
vn -0.6781 -0.2862 -0.6770
vn -0.5579 -0.3864 -0.7345
vn -0.9664 0.2450 -0.0772
vn 0.2739 -0.2039 -0.9399
vn 0.2939 -0.0970 -0.9509
vn 0.2448 -0.0209 -0.9694
vn 0.2531 -0.1569 -0.9546
vn 0.7177 0.5242 0.4583
vn 0.5886 0.7391 0.3275
vn 0.7085 0.6450 0.2863
vn 0.8491 0.3467 0.3985
vn 0.8322 0.1849 0.5228
vn 0.9707 -0.0977 -0.2196
vn 0.8911 -0.2521 0.3774
vn 0.1454 -0.0803 0.9861
vn -0.7082 0.1899 0.6800
vn -0.6460 0.0171 0.7632
vn -0.6428 -0.5086 0.5728
vn -0.9839 -0.0019 0.1787
vn 0.6771 0.2137 -0.7042
vn 0.4880 0.1329 -0.8627
vn 0.5264 -0.0486 -0.8488
vn 0.7146 0.0112 -0.6994
vn 0.0150 -0.9890 -0.1475
vn 0.3498 -0.9276 0.1314
vn 0.4324 -0.8889 0.1515
vn 0.1601 -0.9807 -0.1124
vn -0.4982 0.8609 0.1030
vn -0.2764 0.7965 0.5377
vn -0.6435 0.6131 0.4584
vn -0.7395 0.6732 0.0068
vn 0.9926 -0.1006 -0.0679
vn 0.7751 -0.6061 0.1787
vn 0.8466 -0.5156 0.1323
vn 0.9951 -0.0698 -0.0698
vn 0.1516 0.9128 0.3793
vn 0.1710 0.7799 0.6021
vn 0.1451 0.8085 0.5704
vn 0.1077 0.9485 0.2979
vn -0.9896 0.1400 -0.0336
vn -0.8798 0.1455 0.4525
vn -0.9591 -0.2803 -0.0388
vn -0.7477 -0.3713 -0.5506
vn -0.7339 -0.5890 0.3384
vn -0.7317 -0.5989 0.3254
vn -0.7318 -0.5959 0.3306
vn -0.7335 -0.5937 0.3309
vn -0.7508 -0.6173 0.2351
vn -0.5498 -0.2623 0.7930
vn -0.6002 -0.3052 0.7393
vn -0.7487 -0.5791 0.3226
vn 0.5194 -0.2172 -0.8264
vn -0.6837 -0.0493 -0.7281
vn 0.2012 -0.5421 -0.8159
vn 0.8338 -0.3962 -0.3846
vn -0.7110 -0.0166 0.7030
vn -0.4744 -0.0979 0.8748
vn -0.6439 -0.3494 0.6807
vn -0.8598 -0.2860 0.4230
vn 0.4065 0.8651 0.2939
vn 0.2556 0.9348 0.2466
vn 0.1977 0.9752 0.0992
vn 0.3716 0.9229 0.1008
vn 0.4303 0.4635 0.7746
vn 0.6842 0.3415 0.6444
vn 0.7822 0.1589 0.6024
vn 0.4861 0.3736 0.7900
vn 0.5561 0.8038 0.2114
vn 0.8234 0.5670 0.0210
vn 0.8528 0.5221 0.0096
vn 0.6237 0.7585 0.1891
vn -0.2311 -0.6189 0.7507
vn -0.3353 -0.0564 0.9404
vn -0.0621 -0.2066 0.9765
vn 0.1236 -0.6962 0.7071
vn -0.0304 0.9778 0.2074
vn -0.2329 0.9725 -0.0012
vn -0.2466 0.9691 -0.0076
vn 0.0854 0.9596 0.2679
vn 0.1527 0.6684 0.7280
vn -0.1275 0.5658 0.8146
vn -0.1757 0.5643 0.8066
vn -0.1177 0.6462 0.7540
vn -0.3466 -0.6682 -0.6583
vn -0.1666 -0.8874 -0.4298
vn 0.0153 -0.9189 -0.3941
vn -0.1339 -0.7537 -0.6434
vn 0.7818 -0.5504 0.2929
vn 0.9369 -0.1991 0.2873
vn 0.9287 -0.2357 0.2862
vn 0.7852 -0.5454 0.2935
vn 0.9382 0.2554 -0.2337
vn 0.8378 0.2509 -0.4848
vn 0.8726 0.0460 -0.4862
vn 0.9693 0.0614 -0.2379
vn 0.3222 0.0226 -0.9464
vn 0.2406 -0.1061 -0.9648
vn 0.2582 -0.1580 -0.9531
vn 0.3572 -0.1105 -0.9275
vn -0.5462 0.6156 -0.5680
vn -0.8209 0.3531 0.4488
vn -0.8859 0.4074 -0.2218
vn -0.1397 0.3406 -0.9298
vn -0.3300 -0.1474 0.9324
vn 0.0930 -0.0619 0.9937
vn 0.2663 -0.3070 0.9137
vn -0.1700 -0.4652 0.8687
vn -0.7396 -0.6094 0.2857
vn -0.7380 -0.6008 0.3073
vn -0.7369 -0.6045 0.3026
vn -0.7382 -0.6116 0.2846
vn 0.1916 0.1059 0.9757
vn 0.3981 0.2600 0.8797
vn 0.5001 0.1399 0.8546
vn 0.3422 -0.0921 0.9351
vn -0.2685 0.2746 0.9233
vn -0.0656 0.7028 0.7083
vn 0.2013 0.5415 0.8162
vn 0.0263 0.0910 0.9955
vn 0.9682 0.0061 0.2499
vn 0.9758 0.1947 0.0995
vn 0.9947 0.0358 0.0963
vn 0.9654 -0.0824 0.2473
vn -0.1781 0.0666 0.9818
vn 0.2439 0.3587 0.9010
vn 0.1805 0.2550 0.9499
vn -0.3042 -0.0922 0.9481
vn 0.9666 -0.1262 0.2229
vn 0.5624 -0.6025 -0.5663
vn 0.7028 -0.5653 -0.4319
vn 0.9055 0.0087 0.4243
vn 0.2488 -0.1965 -0.9484
vn 0.3883 -0.3926 -0.8337
vn 0.3509 -0.3184 -0.8806
vn 0.2494 -0.1981 -0.9479
vn 0.7099 0.4661 0.5281
vn 0.6681 0.6512 0.3600
vn 0.7767 0.5434 0.3185
vn 0.8210 0.3010 0.4852
vn 0.5878 0.2781 0.7598
vn 0.9705 0.0661 0.2319
vn 0.8473 -0.0311 0.5302
vn 0.2850 0.0968 0.9536
vn -0.1430 0.2106 0.9670
vn -0.5423 0.2606 0.7988
vn -0.4592 0.3859 0.8001
vn 0.3446 0.2086 0.9153
vn 0.7434 0.2608 -0.6159
vn 0.5591 0.2046 -0.8034
vn 0.6009 0.0145 -0.7992
vn 0.7844 0.0565 -0.6177
vn -0.1994 -0.9392 -0.2794
vn 0.1237 -0.9923 0.0049
vn 0.2772 -0.9602 0.0359
vn 0.0122 -0.9706 -0.2404
vn -0.3765 0.9262 -0.0204
vn -0.4031 0.8560 0.3237
vn -0.6609 0.6960 0.2805
vn -0.5722 0.8163 -0.0789
vn 0.8199 0.5725 -0.0062
vn 0.9877 -0.1534 0.0317
vn 0.9957 -0.0906 0.0175
vn 0.8532 0.5216 -0.0104
vn 0.1279 0.9571 0.2601
vn 0.0824 0.8588 0.5057
vn 0.0143 0.9117 0.4107
vn 0.0557 0.9929 0.1050
vn -0.6940 -0.2999 -0.6545
vn -0.9776 -0.1831 -0.1040
vn -0.8763 -0.3557 -0.3249
vn -0.4961 -0.4394 -0.7489
vn -0.7366 -0.5853 0.3390
vn -0.7267 -0.5244 0.4438
vn -0.7275 -0.5329 0.4321
vn -0.7362 -0.5896 0.3323
vn -0.6702 -0.3993 0.6256
vn -0.3573 -0.0850 0.9301
vn -0.4437 -0.1752 0.8789
vn -0.6793 -0.4215 0.6007
vn 0.8255 -0.1410 -0.5465
vn -0.0582 -0.3342 -0.9407
vn 0.3491 -0.4749 -0.8078
vn 0.9561 -0.2162 -0.1980
vn -0.8688 -0.1063 0.4837
vn -0.5854 -0.0803 0.8067
vn -0.6884 -0.2277 0.6887
vn -0.9201 -0.2681 0.2857
vn 0.4316 0.7212 0.5418
vn 0.3176 0.9050 0.2831
vn 0.2837 0.9450 0.1629
vn 0.4342 0.7443 0.5074
vn 0.3433 0.5464 0.7639
vn 0.6068 0.3701 0.7034
vn 0.6980 0.2125 0.6839
vn 0.3939 0.4769 0.7858
vn 0.5615 0.7874 0.2545
vn 0.5940 0.7928 0.1365
vn 0.6590 0.7430 0.1170
vn 0.6377 0.7357 0.2280
vn -0.3578 -0.7508 0.5553
vn -0.4439 -0.2589 0.8579
vn -0.0953 -0.4304 0.8976
vn 0.1599 -0.8272 0.5387
vn -0.0027 0.9411 0.3382
vn -0.1291 0.9916 0.0057
vn -0.0358 0.9979 0.0545
vn 0.2145 0.8614 0.4604
vn -0.0439 0.7764 0.6287
vn 0.4698 0.5046 0.7243
vn 0.1772 0.5763 0.7978
vn -0.2874 0.7254 0.6254
vn -0.0316 -0.7006 -0.7129
vn -0.2316 -0.8093 -0.5398
vn -0.0212 -0.8630 -0.5048
vn 0.1829 -0.7368 -0.6509
vn 0.6757 -0.7059 0.2124
vn 0.9072 -0.3129 0.2813
vn 0.9091 -0.3070 0.2817
vn 0.7118 -0.6675 0.2186
vn 0.9567 0.2618 -0.1275
vn 0.8820 0.2795 -0.3794
vn 0.9200 0.0774 -0.3842
vn 0.9885 0.0726 -0.1323
vn 0.3765 0.1051 -0.9205
vn 0.2555 -0.0352 -0.9662
vn 0.2825 -0.1222 -0.9515
vn 0.4151 -0.0474 -0.9086
vn 0.7000 -0.6304 -0.3356
vn 0.6255 -0.3787 0.6822
vn 0.8753 -0.4551 0.1633
vn 0.6256 -0.4965 -0.6017
vn -0.4582 -0.1848 0.8694
vn -0.1077 -0.1130 0.9877
vn 0.0505 -0.3753 0.9255
vn -0.3435 -0.5299 0.7754
vn -0.7389 -0.6161 0.2728
vn -0.7384 -0.6074 0.2929
vn -0.7375 -0.6101 0.2897
vn -0.7376 -0.6179 0.2724
vt 0.542775 0.104699
vt 0.542775 0.087761
vt 0.556308 0.087761
vt 0.556308 0.104699
vt 0.542775 0.070823
vt 0.556308 0.070823
vt 0.569841 0.070823
vt 0.569841 0.087761
vt 0.569841 0.104699
vt 0.575189 0.104699
vt 0.575189 0.087761
vt 0.588722 0.087761
vt 0.588722 0.104699
vt 0.575189 0.070823
vt 0.588722 0.070823
vt 0.602255 0.070823
vt 0.602255 0.087761
vt 0.602255 0.104699
vt 0.542775 0.376149
vt 0.542775 0.358991
vt 0.556308 0.358997
vt 0.556308 0.376149
vt 0.542775 0.341833
vt 0.556308 0.341894
vt 0.569841 0.341833
vt 0.569841 0.358991
vt 0.569841 0.376149
vt 0.575189 0.374769
vt 0.575189 0.358301
vt 0.588722 0.358314
vt 0.588722 0.375030
vt 0.575189 0.341833
vt 0.588722 0.341702
vt 0.602255 0.341833
vt 0.602255 0.358301
vt 0.602255 0.374769
vt 0.542775 0.511214
vt 0.542775 0.494276
vt 0.556308 0.494282
vt 0.556308 0.511214
vt 0.542775 0.477338
vt 0.556308 0.477399
vt 0.569841 0.477338
vt 0.569841 0.494276
vt 0.569841 0.511214
vt 0.542775 0.240204
vt 0.542775 0.223266
vt 0.556308 0.223266
vt 0.556308 0.240204
vt 0.542775 0.206328
vt 0.556308 0.206328
vt 0.569841 0.206328
vt 0.569841 0.223266
vt 0.569841 0.240204
vt 0.575189 0.241171
vt 0.575189 0.223750
vt 0.588722 0.223736
vt 0.588722 0.240903
vt 0.575189 0.206328
vt 0.588722 0.206462
vt 0.602255 0.206328
vt 0.602255 0.223750
vt 0.602255 0.241171
vt 0.575189 0.511214
vt 0.575189 0.494276
vt 0.588722 0.494276
vt 0.588722 0.511214
vt 0.575189 0.477338
vt 0.588722 0.477338
vt 0.602255 0.477338
vt 0.602255 0.494276
vt 0.602255 0.511214
vt 0.542775 0.172452
vt 0.542775 0.155514
vt 0.556308 0.155513
vt 0.556308 0.172452
vt 0.542775 0.138575
vt 0.556308 0.138575
vt 0.569841 0.138575
vt 0.569841 0.155514
vt 0.569841 0.172452
vt 0.542775 0.307957
vt 0.542775 0.291019
vt 0.556308 0.291019
vt 0.556308 0.307957
vt 0.542775 0.274080
vt 0.556308 0.274080
vt 0.569841 0.274080
vt 0.569841 0.291019
vt 0.569841 0.307957
vt 0.542775 0.443901
vt 0.542775 0.427183
vt 0.556308 0.427170
vt 0.556308 0.443901
vt 0.542775 0.410464
vt 0.556308 0.410342
vt 0.569841 0.410464
vt 0.569841 0.427183
vt 0.569841 0.443901
vt 0.542775 0.578967
vt 0.542775 0.562029
vt 0.556308 0.562029
vt 0.556308 0.578967
vt 0.542775 0.545090
vt 0.556308 0.545091
vt 0.569841 0.545090
vt 0.569841 0.562029
vt 0.569841 0.578967
vt 0.575189 0.172452
vt 0.575189 0.155514
vt 0.588722 0.155513
vt 0.588722 0.172452
vt 0.575189 0.138575
vt 0.588722 0.138575
vt 0.602255 0.138575
vt 0.602255 0.155514
vt 0.602255 0.172452
vt 0.575189 0.307957
vt 0.575189 0.291019
vt 0.588722 0.291032
vt 0.588722 0.307957
vt 0.575189 0.274080
vt 0.588722 0.274215
vt 0.602255 0.274080
vt 0.602255 0.291019
vt 0.602255 0.307957
vt 0.575189 0.443462
vt 0.575189 0.426524
vt 0.588722 0.426511
vt 0.588722 0.443462
vt 0.575189 0.409585
vt 0.588722 0.409455
vt 0.602255 0.409585
vt 0.602255 0.426524
vt 0.602255 0.443462
vt 0.575189 0.578967
vt 0.575189 0.562029
vt 0.588722 0.562029
vt 0.588722 0.578967
vt 0.575189 0.545090
vt 0.588722 0.545091
vt 0.602255 0.545090
vt 0.602255 0.562029
vt 0.602255 0.578967
vt 0.575189 0.528152
vt 0.588722 0.528152
vt 0.602255 0.528152
vt 0.575189 0.460400
vt 0.588722 0.460400
vt 0.602255 0.460400
vt 0.575189 0.392177
vt 0.588722 0.392190
vt 0.602255 0.392177
vt 0.575189 0.324895
vt 0.588722 0.324882
vt 0.602255 0.324895
vt 0.575189 0.257626
vt 0.588722 0.257612
vt 0.602255 0.257626
vt 0.575189 0.189390
vt 0.588722 0.189403
vt 0.602255 0.189390
vt 0.575189 0.121637
vt 0.588722 0.121637
vt 0.602255 0.121637
vt 0.542775 0.612843
vt 0.542775 0.595905
vt 0.556308 0.595905
vt 0.556308 0.612843
vt 0.569841 0.595905
vt 0.569841 0.612843
vt 0.542775 0.528152
vt 0.556308 0.528152
vt 0.569841 0.528152
vt 0.542775 0.460620
vt 0.556308 0.460626
vt 0.569841 0.460620
vt 0.542775 0.393306
vt 0.556308 0.393294
vt 0.569841 0.393306
vt 0.542775 0.324895
vt 0.556308 0.324901
vt 0.569841 0.324895
vt 0.542775 0.257142
vt 0.556308 0.257142
vt 0.569841 0.257142
vt 0.542775 0.189390
vt 0.556308 0.189390
vt 0.569841 0.189390
vt 0.542775 0.121637
vt 0.556308 0.121637
vt 0.569841 0.121637
vt 0.575189 0.612843
vt 0.575189 0.595905
vt 0.588722 0.595905
vt 0.588722 0.612843
vt 0.602255 0.595905
vt 0.602255 0.612843
s 0
usemtl sign
f 907/744/578 976/745/578 1169/746/578 1071/747/578
f 976/745/579 844/748/579 977/749/579 1169/746/579
f 1169/746/580 977/749/580 846/750/580 1070/751/580
f 1071/747/581 1169/746/581 1070/751/581 908/752/581
f 891/753/582 978/754/582 1170/755/582 1047/756/582
f 978/754/583 847/757/583 980/758/583 1170/755/583
f 1170/755/584 980/758/584 848/759/584 1046/760/584
f 1047/756/585 1170/755/585 1046/760/585 892/761/585
f 899/762/586 981/763/586 1171/764/586 1059/765/586
f 981/763/587 849/766/587 983/767/587 1171/764/587
f 1171/764/588 983/767/588 850/768/588 1058/769/588
f 1059/765/589 1171/764/589 1058/769/589 900/770/589
f 883/771/590 985/772/590 1172/773/590 1031/774/590
f 985/772/591 852/775/591 986/776/591 1172/773/591
f 1172/773/592 986/776/592 851/777/592 1030/778/592
f 1031/774/593 1172/773/593 1030/778/593 884/779/593
f 895/780/594 988/781/594 1173/782/594 1053/783/594
f 988/781/595 854/784/595 989/785/595 1173/782/595
f 1173/782/596 989/785/596 853/786/596 1052/787/596
f 1053/783/597 1173/782/597 1052/787/597 896/788/597
f 903/789/598 990/790/598 1174/791/598 1065/792/598
f 990/790/599 855/793/599 992/794/599 1174/791/599
f 1174/791/600 992/794/600 856/795/600 1064/796/600
f 1065/792/601 1174/791/601 1064/796/601 904/797/601
f 887/798/602 993/799/602 1175/800/602 1041/801/602
f 993/799/603 857/802/603 995/803/603 1175/800/603
f 1175/800/604 995/803/604 858/804/604 1040/805/604
f 1041/801/605 1175/800/605 1040/805/605 888/806/605
f 879/807/606 997/808/606 1176/809/606 1025/810/606
f 997/808/607 860/811/607 998/812/607 1176/809/607
f 1176/809/608 998/812/608 859/813/608 1024/814/608
f 1025/810/609 1176/809/609 1024/814/609 880/815/609
f 906/816/610 999/817/610 1177/818/610 1068/819/610
f 999/817/611 861/820/611 1001/821/611 1177/818/611
f 1177/818/612 1001/821/612 862/822/612 1066/823/612
f 1068/819/613 1177/818/613 1066/823/613 905/824/613
f 902/825/614 1003/826/614 1178/827/614 1062/828/614
f 1003/826/615 864/829/615 1004/830/615 1178/827/615
f 1178/827/616 1004/830/616 863/831/616 1060/832/616
f 1062/828/617 1178/827/617 1060/832/617 901/833/617
f 898/834/618 1005/835/618 1179/836/618 1056/837/618
f 1005/835/619 865/838/619 1007/839/619 1179/836/619
f 1179/836/620 1007/839/620 866/840/620 1054/841/620
f 1056/837/621 1179/836/621 1054/841/621 897/842/621
f 894/843/622 1009/844/622 1180/845/622 1050/846/622
f 1009/844/623 868/847/623 1010/848/623 1180/845/623
f 1180/845/624 1010/848/624 867/849/624 1048/850/624
f 1050/846/625 1180/845/625 1048/850/625 893/851/625
f 890/852/626 1011/853/626 1181/854/626 1044/855/626
f 1011/853/627 869/856/627 1013/857/627 1181/854/627
f 1181/854/628 1013/857/628 870/858/628 1042/859/628
f 1044/855/629 1181/854/629 1042/859/629 889/860/629
f 886/861/630 1015/862/630 1182/863/630 1038/864/630
f 1015/862/631 872/865/631 1016/866/631 1182/863/631
f 1182/863/632 1016/866/632 871/867/632 1036/868/632
f 1038/864/633 1182/863/633 1036/868/633 885/869/633
f 882/870/634 1017/871/634 1183/872/634 1028/873/634
f 1017/871/635 873/874/635 1019/875/635 1183/872/635
f 1183/872/636 1019/875/636 874/876/636 1026/877/636
f 1028/873/637 1183/872/637 1026/877/637 881/878/637
f 878/879/638 1034/880/638 1184/881/638 1022/882/638
f 1034/880/639 876/883/639 1021/884/639 1184/881/639
f 1184/881/640 1021/884/640 875/885/640 1035/886/640
f 1022/882/641 1184/881/641 1035/886/641 877/887/641
f 876/883/642 1023/888/642 1185/889/642 1021/884/642
f 1023/888/643 879/807/643 1025/810/643 1185/889/643
f 1185/889/644 1025/810/644 880/815/644 1020/890/644
f 1021/884/645 1185/889/645 1020/890/645 875/885/645
f 860/811/646 1027/891/646 1186/892/646 998/812/646
f 1027/891/647 882/870/647 1028/873/647 1186/892/647
f 1186/892/648 1028/873/648 881/878/648 996/893/648
f 998/812/649 1186/892/649 996/893/649 859/813/649
f 873/874/650 1029/894/650 1187/895/650 1019/875/650
f 1029/894/651 883/771/651 1031/774/651 1187/895/651
f 1187/895/652 1031/774/652 884/779/652 1018/896/652
f 1019/875/653 1187/895/653 1018/896/653 874/876/653
f 852/775/654 1037/897/654 1188/898/654 986/776/654
f 1037/897/655 886/861/655 1038/864/655 1188/898/655
f 1188/898/656 1038/864/656 885/869/656 984/899/656
f 986/776/657 1188/898/657 984/899/657 851/777/657
f 872/865/658 1039/900/658 1189/901/658 1016/866/658
f 1039/900/659 887/798/659 1041/801/659 1189/901/659
f 1189/901/660 1041/801/660 888/806/660 1014/902/660
f 1016/866/661 1189/901/661 1014/902/661 871/867/661
f 857/802/662 1043/903/662 1190/904/662 995/803/662
f 1043/903/663 890/852/663 1044/855/663 1190/904/663
f 1190/904/664 1044/855/664 889/860/664 994/905/664
f 995/803/665 1190/904/665 994/905/665 858/804/665
f 869/856/666 1045/906/666 1191/907/666 1013/857/666
f 1045/906/667 891/753/667 1047/756/667 1191/907/667
f 1191/907/668 1047/756/668 892/761/668 1012/908/668
f 1013/857/669 1191/907/669 1012/908/669 870/858/669
f 847/909/670 1049/910/670 1192/911/670 980/912/670
f 1049/910/671 894/843/671 1050/846/671 1192/911/671
f 1192/911/672 1050/846/672 893/851/672 979/913/672
f 980/912/673 1192/911/673 979/913/673 848/914/673
f 868/847/674 1051/915/674 1193/916/674 1010/848/674
f 1051/915/675 895/780/675 1053/783/675 1193/916/675
f 1193/916/676 1053/783/676 896/788/676 1008/917/676
f 1010/848/677 1193/916/677 1008/917/677 867/849/677
f 854/784/678 1055/918/678 1194/919/678 989/785/678
f 1055/918/679 898/834/679 1056/837/679 1194/919/679
f 1194/919/680 1056/837/680 897/842/680 987/920/680
f 989/785/681 1194/919/681 987/920/681 853/786/681
f 865/838/682 1057/921/682 1195/922/682 1007/839/682
f 1057/921/683 899/762/683 1059/765/683 1195/922/683
f 1195/922/684 1059/765/684 900/770/684 1006/923/684
f 1007/839/685 1195/922/685 1006/923/685 866/840/685
f 849/766/686 1061/924/686 1196/925/686 983/767/686
f 1061/924/687 902/825/687 1062/828/687 1196/925/687
f 1196/925/688 1062/828/688 901/833/688 982/926/688
f 983/767/689 1196/925/689 982/926/689 850/768/689
f 864/829/690 1063/927/690 1197/928/690 1004/830/690
f 1063/927/691 903/789/691 1065/792/691 1197/928/691
f 1197/928/692 1065/792/692 904/797/692 1002/929/692
f 1004/830/693 1197/928/693 1002/929/693 863/831/693
f 855/793/694 1067/930/694 1198/931/694 992/794/694
f 1067/930/695 906/816/695 1068/819/695 1198/931/695
f 1198/931/696 1068/819/696 905/824/696 991/932/696
f 992/794/697 1198/931/697 991/932/697 856/795/697
f 861/820/698 1069/933/698 1199/934/698 1001/821/698
f 1069/933/699 907/744/699 1071/747/699 1199/934/699
f 1199/934/700 1071/747/700 908/752/700 1000/935/700
f 1001/821/701 1199/934/701 1000/935/701 862/822/701
f 843/936/702 1033/937/702 1200/938/702 975/939/702
f 1033/937/703 878/879/703 1022/882/703 1200/938/703
f 1200/938/704 1022/882/704 877/887/704 1032/940/704
f 975/939/705 1200/938/705 1032/940/705 845/941/705
f 973/744/706 1073/745/706 1201/746/706 1168/747/706
f 1073/745/707 910/748/707 1074/749/707 1201/746/707
f 1201/746/708 1074/749/708 912/750/708 1167/751/708
f 1168/747/709 1201/746/709 1167/751/709 974/752/709
f 957/753/710 1075/754/710 1202/755/710 1144/756/710
f 1075/754/711 913/757/711 1077/758/711 1202/755/711
f 1202/755/712 1077/758/712 914/759/712 1143/760/712
f 1144/756/713 1202/755/713 1143/760/713 958/761/713
f 965/762/714 1078/763/714 1203/764/714 1156/765/714
f 1078/763/715 915/766/715 1080/767/715 1203/764/715
f 1203/764/716 1080/767/716 916/768/716 1155/769/716
f 1156/765/717 1203/764/717 1155/769/717 966/770/717
f 949/771/718 1082/772/718 1204/773/718 1128/774/718
f 1082/772/719 918/775/719 1083/776/719 1204/773/719
f 1204/773/720 1083/776/720 917/777/720 1127/778/720
f 1128/774/721 1204/773/721 1127/778/721 950/779/721
f 961/780/722 1085/781/722 1205/782/722 1150/783/722
f 1085/781/723 920/784/723 1086/785/723 1205/782/723
f 1205/782/724 1086/785/724 919/786/724 1149/787/724
f 1150/783/725 1205/782/725 1149/787/725 962/788/725
f 969/789/726 1087/790/726 1206/791/726 1162/792/726
f 1087/790/727 921/793/727 1089/794/727 1206/791/727
f 1206/791/728 1089/794/728 922/795/728 1161/796/728
f 1162/792/729 1206/791/729 1161/796/729 970/797/729
f 953/798/730 1090/799/730 1207/800/730 1138/801/730
f 1090/799/731 923/802/731 1092/803/731 1207/800/731
f 1207/800/732 1092/803/732 924/804/732 1137/805/732
f 1138/801/733 1207/800/733 1137/805/733 954/806/733
f 945/807/734 1094/808/734 1208/809/734 1122/810/734
f 1094/808/735 926/811/735 1095/812/735 1208/809/735
f 1208/809/736 1095/812/736 925/813/736 1121/814/736
f 1122/810/737 1208/809/737 1121/814/737 946/815/737
f 972/816/738 1096/817/738 1209/818/738 1165/819/738
f 1096/817/739 927/820/739 1098/821/739 1209/818/739
f 1209/818/740 1098/821/740 928/822/740 1163/823/740
f 1165/819/741 1209/818/741 1163/823/741 971/824/741
f 968/825/742 1100/826/742 1210/827/742 1159/828/742
f 1100/826/743 930/829/743 1101/830/743 1210/827/743
f 1210/827/744 1101/830/744 929/831/744 1157/832/744
f 1159/828/745 1210/827/745 1157/832/745 967/833/745
f 964/834/746 1102/835/746 1211/836/746 1153/837/746
f 1102/835/747 931/838/747 1104/839/747 1211/836/747
f 1211/836/748 1104/839/748 932/840/748 1151/841/748
f 1153/837/749 1211/836/749 1151/841/749 963/842/749
f 960/843/750 1106/844/750 1212/845/750 1147/846/750
f 1106/844/751 934/847/751 1107/848/751 1212/845/751
f 1212/845/752 1107/848/752 933/849/752 1145/850/752
f 1147/846/753 1212/845/753 1145/850/753 959/851/753
f 956/852/754 1108/853/754 1213/854/754 1141/855/754
f 1108/853/755 935/856/755 1110/857/755 1213/854/755
f 1213/854/756 1110/857/756 936/858/756 1139/859/756
f 1141/855/757 1213/854/757 1139/859/757 955/860/757
f 952/861/758 1112/862/758 1214/863/758 1135/864/758
f 1112/862/759 938/865/759 1113/866/759 1214/863/759
f 1214/863/760 1113/866/760 937/867/760 1133/868/760
f 1135/864/761 1214/863/761 1133/868/761 951/869/761
f 948/870/762 1114/871/762 1215/872/762 1125/873/762
f 1114/871/763 939/874/763 1116/875/763 1215/872/763
f 1215/872/764 1116/875/764 940/876/764 1123/877/764
f 1125/873/765 1215/872/765 1123/877/765 947/878/765
f 944/879/766 1131/880/766 1216/881/766 1119/882/766
f 1131/880/767 942/883/767 1118/884/767 1216/881/767
f 1216/881/768 1118/884/768 941/885/768 1132/886/768
f 1119/882/769 1216/881/769 1132/886/769 943/887/769
f 942/883/770 1120/888/770 1217/889/770 1118/884/770
f 1120/888/771 945/807/771 1122/810/771 1217/889/771
f 1217/889/772 1122/810/772 946/815/772 1117/890/772
f 1118/884/773 1217/889/773 1117/890/773 941/885/773
f 926/811/774 1124/891/774 1218/892/774 1095/812/774
f 1124/891/775 948/870/775 1125/873/775 1218/892/775
f 1218/892/776 1125/873/776 947/878/776 1093/893/776
f 1095/812/777 1218/892/777 1093/893/777 925/813/777
f 939/874/778 1126/894/778 1219/895/778 1116/875/778
f 1126/894/779 949/771/779 1128/774/779 1219/895/779
f 1219/895/780 1128/774/780 950/779/780 1115/896/780
f 1116/875/781 1219/895/781 1115/896/781 940/876/781
f 918/775/782 1134/897/782 1220/898/782 1083/776/782
f 1134/897/783 952/861/783 1135/864/783 1220/898/783
f 1220/898/784 1135/864/784 951/869/784 1081/899/784
f 1083/776/785 1220/898/785 1081/899/785 917/777/785
f 938/865/786 1136/900/786 1221/901/786 1113/866/786
f 1136/900/787 953/798/787 1138/801/787 1221/901/787
f 1221/901/788 1138/801/788 954/806/788 1111/902/788
f 1113/866/789 1221/901/789 1111/902/789 937/867/789
f 923/802/790 1140/903/790 1222/904/790 1092/803/790
f 1140/903/791 956/852/791 1141/855/791 1222/904/791
f 1222/904/792 1141/855/792 955/860/792 1091/905/792
f 1092/803/793 1222/904/793 1091/905/793 924/804/793
f 935/856/794 1142/906/794 1223/907/794 1110/857/794
f 1142/906/795 957/753/795 1144/756/795 1223/907/795
f 1223/907/796 1144/756/796 958/761/796 1109/908/796
f 1110/857/797 1223/907/797 1109/908/797 936/858/797
f 913/909/798 1146/910/798 1224/911/798 1077/912/798
f 1146/910/799 960/843/799 1147/846/799 1224/911/799
f 1224/911/800 1147/846/800 959/851/800 1076/913/800
f 1077/912/801 1224/911/801 1076/913/801 914/914/801
f 934/847/802 1148/915/802 1225/916/802 1107/848/802
f 1148/915/803 961/780/803 1150/783/803 1225/916/803
f 1225/916/804 1150/783/804 962/788/804 1105/917/804
f 1107/848/805 1225/916/805 1105/917/805 933/849/805
f 920/784/806 1152/918/806 1226/919/806 1086/785/806
f 1152/918/807 964/834/807 1153/837/807 1226/919/807
f 1226/919/808 1153/837/808 963/842/808 1084/920/808
f 1086/785/809 1226/919/809 1084/920/809 919/786/809
f 931/838/810 1154/921/810 1227/922/810 1104/839/810
f 1154/921/811 965/762/811 1156/765/811 1227/922/811
f 1227/922/812 1156/765/812 966/770/812 1103/923/812
f 1104/839/813 1227/922/813 1103/923/813 932/840/813
f 915/766/814 1158/924/814 1228/925/814 1080/767/814
f 1158/924/815 968/825/815 1159/828/815 1228/925/815
f 1228/925/816 1159/828/816 967/833/816 1079/926/816
f 1080/767/817 1228/925/817 1079/926/817 916/768/817
f 930/829/818 1160/927/818 1229/928/818 1101/830/818
f 1160/927/819 969/789/819 1162/792/819 1229/928/819
f 1229/928/820 1162/792/820 970/797/820 1099/929/820
f 1101/830/821 1229/928/821 1099/929/821 929/831/821
f 921/793/822 1164/930/822 1230/931/822 1089/794/822
f 1164/930/823 972/816/823 1165/819/823 1230/931/823
f 1230/931/824 1165/819/824 971/824/824 1088/932/824
f 1089/794/825 1230/931/825 1088/932/825 922/795/825
f 927/820/826 1166/933/826 1231/934/826 1098/821/826
f 1166/933/827 973/744/827 1168/747/827 1231/934/827
f 1231/934/828 1168/747/828 974/752/828 1097/935/828
f 1098/821/829 1231/934/829 1097/935/829 928/822/829
f 909/936/830 1130/937/830 1232/938/830 1072/939/830
f 1130/937/831 944/879/831 1119/882/831 1232/938/831
f 1232/938/832 1119/882/832 943/887/832 1129/940/832
f 1072/939/833 1232/938/833 1129/940/833 911/941/833
o Cube.020
v 0.181041 2.557231 -0.222312
v 0.017368 2.571330 -0.275087
v 0.044855 2.342659 -0.217369
v 0.012908 2.378581 -0.248390
v 0.178356 2.668897 -0.190436
v 0.082089 2.652314 -0.223959
v 0.232713 2.614166 -0.253443
v 0.237233 2.658870 -0.176023
v 0.172974 2.666137 -0.135361
v 0.214736 2.656138 -0.122287
v -0.012899 2.701607 -0.008817
v -0.002686 2.697421 0.000237
v 0.022799 2.716459 -0.038547
v 0.030436 2.706351 -0.037526
v 0.147085 2.702537 -0.053690
v 0.154156 2.687315 -0.055346
v 0.196006 2.698129 -0.140079
v 0.191001 2.693523 -0.115274
v 0.193753 2.559870 -0.194010
v 0.221134 2.571238 -0.236364
v 0.198360 2.610862 -0.233197
v 0.166929 2.567094 -0.200615
v 0.150919 2.448625 -0.199541
v 0.017269 2.447555 -0.282697
v 0.130822 2.592739 -0.180351
v 0.179732 2.583042 -0.141157
v 0.201546 2.690781 -0.168971
v 0.172808 2.701949 -0.126643
v -0.015711 2.691792 -0.018680
v -0.005631 2.687722 -0.009917
v 0.012076 2.709983 -0.048789
v 0.019394 2.700335 -0.047871
v 0.128296 2.696795 -0.063304
v 0.134747 2.682328 -0.065171
v 0.170529 2.700266 -0.143870
v 0.183649 2.708374 -0.124204
v 0.176471 2.696131 -0.172566
v 0.178193 2.687963 -0.119543
v 0.188674 2.694426 -0.096530
v 0.166101 2.700292 -0.110202
v 0.173394 2.682823 -0.103244
v 0.179807 2.712609 -0.105220
v 0.225608 2.614506 -0.224318
v 0.224816 2.639043 -0.179543
v 0.210828 2.635432 -0.151568
v 0.202076 2.586457 -0.184270
v 0.216882 2.589996 -0.213587
v 0.195711 2.601997 -0.157875
v 0.211528 2.609219 -0.184161
v 0.098181 2.383034 -0.203132
v 0.099582 2.572909 -0.247749
v 0.015696 2.408862 -0.267728
v 0.018814 2.348731 -0.232209
v 0.130972 2.659469 -0.204288
v 0.044008 2.628612 -0.252473
v 0.163112 2.628768 -0.218467
v 0.237418 2.638681 -0.221919
v 0.213837 2.666611 -0.188994
v 0.185641 2.599411 -0.227004
v 0.190473 2.653922 -0.122560
v 0.166907 2.672630 -0.162364
v 0.218041 2.679141 -0.167883
v -0.007404 2.698922 0.000243
v 0.028660 2.712572 -0.036103
v -0.009914 2.711893 -0.022466
v 0.001204 2.704736 -0.014931
v 0.154201 2.695932 -0.052696
v 0.086107 2.709732 -0.044598
v 0.092460 2.697070 -0.047409
v 0.177019 2.707854 -0.126879
v 0.189602 2.703016 -0.129524
v 0.185767 2.688022 -0.115830
v 0.211369 2.563745 -0.220796
v 0.175216 2.569856 -0.217060
v 0.226964 2.586605 -0.252565
v 0.217491 2.614256 -0.246461
v 0.195826 2.640921 -0.217990
v 0.197538 2.580034 -0.223315
v 0.179028 2.562624 -0.194032
v 0.175802 2.513462 -0.211228
v 0.012485 2.505171 -0.285594
v 0.086282 2.447515 -0.241366
v 0.163178 2.584069 -0.150868
v 0.156827 2.631233 -0.152742
v 0.193197 2.615212 -0.127637
v 0.181364 2.564554 -0.162706
v 0.150687 2.571409 -0.184376
v 0.110109 2.630382 -0.196393
v 0.178577 2.681414 -0.123272
v 0.199887 2.694158 -0.157008
v 0.183088 2.688300 -0.074652
v -0.010483 2.686374 -0.012326
v 0.013667 2.704011 -0.050242
v -0.015455 2.701767 -0.033739
v -0.004628 2.694826 -0.026643
v 0.127940 2.688556 -0.066060
v 0.070154 2.705270 -0.054618
v 0.076140 2.693272 -0.057317
v 0.170623 2.702158 -0.122258
v 0.172148 2.701178 -0.132439
v 0.200744 2.681118 -0.117248
v 0.173303 2.693845 -0.123780
v 0.170917 2.698985 -0.161044
v 0.231734 2.661626 -0.145064
v 0.187067 2.695176 -0.174563
v 0.180439 2.703762 -0.144382
v -0.015027 2.694881 -0.012082
v -0.002397 2.690352 -0.000100
v 0.164392 2.679458 -0.083122
v 0.169858 2.688538 -0.139719
v 0.136423 2.702450 -0.058167
v 0.016025 2.715084 -0.043851
v 0.145719 2.682038 -0.060589
v 0.026374 2.701442 -0.042550
v 0.180194 2.688376 -0.174790
v 0.180905 2.712852 -0.119016
v 0.210876 2.682992 -0.131247
v 0.189560 2.702084 -0.119163
v 0.188451 2.697291 -0.109773
v 0.157106 2.696396 -0.085788
v 0.176630 2.687214 -0.114796
v 0.174639 2.706029 -0.078405
v 0.186983 2.705776 -0.099851
v 0.167068 2.689338 -0.107925
v 0.182510 2.685259 -0.098317
v 0.171408 2.709772 -0.109085
v 0.226909 2.628978 -0.205603
v 0.209574 2.585536 -0.199347
v 0.222385 2.600370 -0.225501
v 0.201461 2.619588 -0.150879
v 0.196270 2.591072 -0.169536
v 0.219223 2.642550 -0.160391
v 0.235949 2.647149 -0.177744
v 0.233102 2.614722 -0.243480
v 0.198697 2.569813 -0.185519
v 0.189376 2.591729 -0.146123
v 0.220293 2.576844 -0.227418
v 0.215536 2.641308 -0.136411
v 0.219046 2.612020 -0.205678
v 0.209573 2.625059 -0.165814
v 0.217392 2.626871 -0.181676
v 0.202340 2.606528 -0.169218
v 0.214241 2.599073 -0.200570
v 0.205927 2.597265 -0.183974
v 0.096792 2.509563 -0.248484
v 0.110693 2.629744 -0.231300
v 0.183711 2.626118 -0.221090
v 0.174470 2.710348 -0.122129
v -0.003402 2.710083 -0.016148
v 0.092309 2.704176 -0.044136
v 0.198876 2.692774 -0.122828
v 0.184865 2.576530 -0.216600
v 0.054805 2.394884 -0.235291
v 0.219019 2.643202 -0.221248
v 0.214440 2.582644 -0.241363
v 0.176003 2.618241 -0.133941
v 0.167873 2.564784 -0.170505
v 0.143796 2.652465 -0.176793
v 0.219503 2.679064 -0.149272
v -0.011184 2.696228 -0.032022
v 0.070121 2.698496 -0.057836
v 0.172087 2.691558 -0.128731
v 0.170524 2.689057 -0.158678
v 0.181521 2.700911 -0.161674
v -0.008216 2.688534 0.000786
v 0.190717 2.677156 -0.118005
v 0.179114 2.705706 -0.132890
v 0.076974 2.709813 -0.049092
v -0.014757 2.707912 -0.029305
v 0.175200 2.680623 -0.078251
v 0.200310 2.684107 -0.177865
v 0.085457 2.692860 -0.052880
v 0.000439 2.698353 -0.018996
v 0.171582 2.692758 -0.119385
v 0.186772 2.707035 -0.113688
v 0.182267 2.698899 -0.075056
v 0.157372 2.686203 -0.085983
v 0.183781 2.689373 -0.110630
v 0.164386 2.704457 -0.082672
v 0.236700 2.634075 -0.215740
v 0.190095 2.576323 -0.163657
v 0.227746 2.593104 -0.244036
v 0.210123 2.569489 -0.207437
v 0.228488 2.650655 -0.150469
v 0.199786 2.617144 -0.136224
v 0.214634 2.632597 -0.168587
v 0.203918 2.617539 -0.162299
v 0.209893 2.594892 -0.193887
v 0.201272 2.598667 -0.174428
v 0.218367 2.603706 -0.210660
v 0.220491 2.622608 -0.197731
v 0.169195 2.621847 -0.138197
v 0.179531 2.632879 -0.063274
v 0.246346 2.646906 -0.159199
v 0.254633 2.649028 -0.076882
v 0.202244 2.569927 -0.119564
v 0.212011 2.584949 -0.045405
v 0.258177 2.587112 -0.148004
v 0.270127 2.597282 -0.084530
v 0.287703 2.654014 -0.149881
v 0.296742 2.662021 -0.093210
v 0.308935 2.602158 -0.158870
v 0.323145 2.609823 -0.104284
v 0.480822 2.229697 -0.101517
v 0.516240 2.268384 -0.099176
v 0.503085 2.223679 -0.152868
v 0.531268 2.254751 -0.142186
v 0.558839 2.122408 -0.070270
v 0.567407 2.200980 -0.111411
v 0.579321 2.130835 -0.120292
v 0.516571 2.179205 -0.045622
v 0.536358 2.231665 -0.060456
v 0.555273 2.146156 -0.026755
v 0.569885 2.215483 -0.048008
v 0.560779 2.162506 -0.183449
v 0.565618 2.205667 -0.185264
v 0.603045 2.142672 -0.162366
v 0.597227 2.195096 -0.167866
v 0.371558 2.522208 -0.120554
v 0.337086 2.514250 -0.094053
v 0.319784 2.495544 -0.137598
v 0.354300 2.510261 -0.160107
v 0.210375 2.645453 -0.058738
v 0.201276 2.638220 -0.167792
v 0.242841 2.597112 -0.046041
v 0.235488 2.570485 -0.147165
v 0.168061 2.632421 -0.101618
v 0.248072 2.657124 -0.118274
v 0.189859 2.643696 -0.056896
v 0.224147 2.642527 -0.165317
v 0.209033 2.571472 -0.078742
v 0.260271 2.582317 -0.112518
v 0.228943 2.587847 -0.036463
v 0.245313 2.581671 -0.149492
v 0.181744 2.593723 -0.136905
v 0.250644 2.618955 -0.168503
v 0.263280 2.626691 -0.068015
v 0.193331 2.608101 -0.046542
v 0.293902 2.664301 -0.120542
v 0.324625 2.607762 -0.134455
v 0.297158 2.631671 -0.159664
v 0.310749 2.642331 -0.095343
v 0.283514 2.595707 -0.161651
v 0.269708 2.652894 -0.155909
v 0.301059 2.605680 -0.087028
v 0.279531 2.659997 -0.082258
v 0.483000 2.268986 -0.096131
v 0.510838 2.259848 -0.156472
v 0.480558 2.234180 -0.129640
v 0.518294 2.275609 -0.119450
v 0.442141 2.392779 -0.137808
v 0.291105 2.572599 -0.088655
v 0.279454 2.560934 -0.137316
v 0.322332 2.575350 -0.154476
v 0.565882 2.143487 -0.082130
v 0.564262 2.123927 -0.096599
v 0.557854 2.223175 -0.104208
v 0.529613 2.143914 -0.079042
v 0.555411 2.146115 -0.132410
v 0.519316 2.209209 -0.052466
v 0.567862 2.180736 -0.031243
v 0.555218 2.232061 -0.053483
v 0.535765 2.157340 -0.029421
v 0.506904 2.180645 -0.065362
v 0.557833 2.128529 -0.041155
v 0.538631 2.237384 -0.077063
v 0.574770 2.207891 -0.070050
v 0.558991 2.185949 -0.190119
v 0.605879 2.168147 -0.166220
v 0.583757 2.204244 -0.180636
v 0.585281 2.145743 -0.175099
v 0.597466 2.133709 -0.143869
v 0.543609 2.169448 -0.171333
v 0.555393 2.214775 -0.169917
v 0.335826 2.582810 -0.107043
v 0.417720 2.394095 -0.107104
v 0.392981 2.367973 -0.133411
v 0.420017 2.374386 -0.163598
v 0.369207 2.518178 -0.145110
v 0.333841 2.500045 -0.156359
v 0.321988 2.502877 -0.111910
v 0.357759 2.521307 -0.099330
v 0.231802 2.644614 -0.067752
v 0.178417 2.630982 -0.157683
v 0.252946 2.601025 -0.066573
v 0.218234 2.564997 -0.135164
v 0.225807 2.622200 -0.032564
v 0.217546 2.601771 -0.178242
v 0.247139 2.574432 -0.093462
v 0.199686 2.652847 -0.116137
v 0.579197 2.148638 -0.118359
v 0.562510 2.213313 -0.135494
v 0.589131 2.199483 -0.148534
v 0.224025 2.653284 -0.118072
v 0.253554 2.582297 -0.106041
v 0.196795 2.595351 -0.166918
v 0.274090 2.625498 -0.168547
v 0.242290 2.623560 -0.050059
v 0.182008 2.599041 -0.089586
v 0.311585 2.640042 -0.129053
v 0.433823 2.398191 -0.117438
v 0.272311 2.666007 -0.118578
v 0.290536 2.636040 -0.077866
v 0.532348 2.140983 -0.047271
v 0.399832 2.382026 -0.114973
v 0.401925 2.367574 -0.153060
v 0.435096 2.385545 -0.156526
v 0.567455 2.132478 -0.098861
v 0.553543 2.224349 -0.119994
v 0.575263 2.139375 -0.155970
v 0.535582 2.147741 -0.107849
v 0.543427 2.198869 -0.034320
v 0.514290 2.221725 -0.073147
v 0.564650 2.231882 -0.077489
v 0.571549 2.158971 -0.052252
v 0.585664 2.175558 -0.185149
v 0.599541 2.160476 -0.143120
v 0.576215 2.212293 -0.160635
v 0.542166 2.201599 -0.175473
v 0.337025 2.581121 -0.134388
v 0.298785 2.566755 -0.154442
v 0.277522 2.563885 -0.109938
v 0.316048 2.579749 -0.088623
v 0.208920 2.616688 -0.028358
v 0.233854 2.610665 -0.174974
v 0.232519 2.566336 -0.081181
v 0.176661 2.649040 -0.110774
v 0.583596 2.173432 -0.106572
v 0.567427 2.216783 -0.118044
v 0.585423 2.147224 -0.151096
v 0.568154 2.192371 -0.161605
v 0.740231 2.245757 -0.082366
v 0.735889 2.262238 -0.083790
v 0.738182 2.236008 -0.102900
v 0.731482 2.257074 -0.101308
v 0.964612 2.342347 -0.029881
v 0.945635 2.335529 0.002104
v 0.959047 2.365176 -0.030887
v 0.939965 2.358832 0.002742
v 1.036695 2.353753 0.008988
v 1.018198 2.346378 0.048272
v 1.028667 2.389596 0.004905
v 1.009495 2.381412 0.044133
v 0.563283 2.171056 -0.046389
v 0.549116 2.212926 -0.057354
v 0.566271 2.148961 -0.084403
v 0.552158 2.186929 -0.093953
v 0.715261 2.224650 -0.032676
v 0.707552 2.255339 -0.034903
v 0.718524 2.215267 -0.053070
v 0.711840 2.235257 -0.052621
v 0.979600 2.275987 -0.028470
v 0.956202 2.272418 0.008730
v 0.978357 2.302927 -0.029443
v 0.955178 2.295258 0.007543
v 1.053675 2.280627 0.005219
v 1.027187 2.268610 0.048874
v 1.045119 2.322592 0.002380
v 1.018414 2.309556 0.045730
v 0.564131 2.194793 -0.107818
v 0.566269 2.161542 -0.165536
v 0.576504 2.149374 -0.129654
v 0.553880 2.207274 -0.144013
v 0.738674 2.255367 -0.079504
v 0.734229 2.245129 -0.105663
v 0.740234 2.237402 -0.092665
v 0.732638 2.263211 -0.092530
v 0.626117 2.215741 -0.145605
v 0.627705 2.236646 -0.105560
v 0.640822 2.172451 -0.137212
v 0.640272 2.196995 -0.094947
v 0.956094 2.335177 -0.017007
v 0.948501 2.366394 -0.015073
v 0.965529 2.355215 -0.036740
v 0.939223 2.346079 0.008315
v 0.860394 2.301084 -0.056370
v 0.857080 2.307958 -0.064382
v 0.851963 2.302193 -0.041603
v 0.846956 2.311668 -0.047334
v 1.031228 2.344932 0.031059
v 1.020389 2.390057 0.025908
v 1.037303 2.372193 0.003935
v 1.014174 2.362739 0.052972
v 1.020946 2.352358 -0.004588
v 1.013135 2.390691 -0.008886
v 0.998912 2.343682 0.040207
v 0.989906 2.380498 0.035310
v 0.546448 2.191046 -0.048223
v 0.550143 2.160635 -0.096683
v 0.557780 2.150368 -0.066053
v 0.538805 2.201523 -0.079079
v 0.710703 2.242741 -0.030216
v 0.715889 2.222495 -0.056408
v 0.718232 2.215227 -0.042695
v 0.708348 2.250050 -0.043934
v 0.605206 2.206429 -0.082724
v 0.601335 2.235838 -0.047667
v 0.617339 2.169054 -0.074091
v 0.613727 2.190749 -0.036384
v 0.968131 2.269462 -0.009642
v 0.966577 2.303679 -0.011137
v 0.983330 2.290580 -0.035939
v 0.951306 2.282853 0.015073
v 0.854839 2.255457 -0.032241
v 0.857075 2.262938 -0.038969
v 0.841893 2.268150 -0.015869
v 0.845103 2.267270 -0.021504
v 1.043190 2.268509 0.030701
v 1.031594 2.321489 0.026449
v 1.053974 2.302896 0.001468
v 1.020729 2.287235 0.055825
v 1.041867 2.280112 -0.013601
v 1.034785 2.324207 -0.015041
v 1.011596 2.267647 0.036403
v 1.004265 2.309617 0.034314
v 0.542146 2.169645 -0.141899
v 0.860472 2.304082 -0.063358
v 0.623003 2.234090 -0.127738
v 0.632362 2.189096 -0.149784
v 0.642278 2.176166 -0.114543
v 0.632961 2.220814 -0.092239
v 1.021298 2.373221 -0.015173
v 0.856963 2.300094 -0.047700
v 0.847716 2.307393 -0.041484
v 0.851241 2.311333 -0.057145
v 1.030997 2.366871 0.032493
v 1.012112 2.340801 0.019117
v 0.990293 2.360318 0.046398
v 1.000163 2.392799 0.012558
v 0.528586 2.167197 -0.076680
v 0.858293 2.257610 -0.038787
v 0.599840 2.228814 -0.067367
v 0.611053 2.182379 -0.085731
v 0.617101 2.171529 -0.053580
v 0.605910 2.217729 -0.035003
v 1.044222 2.304829 -0.023514
v 0.847855 2.261176 -0.022886
v 0.841153 2.269335 -0.015513
v 0.851603 2.265710 -0.031390
v 1.040032 2.294375 0.035078
v 1.028358 2.265357 0.012135
v 1.002212 2.286148 0.045134
v 1.018229 2.325090 0.009543
v 1.063147 2.351707 -0.003423
v 1.104681 2.349181 0.008831
v 1.051709 2.281085 -0.006285
v 1.094836 2.277080 0.009241
v 1.073060 2.402087 0.061242
v 1.022798 2.395242 0.044523
v 1.039663 2.349726 0.038579
v 1.083479 2.347700 0.060828
v 1.037160 2.279758 0.030581
v 1.079393 2.275535 0.049863
v 1.090837 2.411307 0.018863
v 1.055642 2.412325 0.012881
v 1.056198 2.309777 -0.007969
v 1.087778 2.350536 -0.006504
v 1.103914 2.305542 0.007956
v 1.073841 2.273571 -0.003726
v 1.080139 2.384364 0.062738
v 1.024104 2.379007 0.041708
v 1.060908 2.390865 0.000565
v 1.037754 2.308619 0.035342
v 1.057141 2.347958 0.058998
v 1.084067 2.303913 0.058505
v 1.055476 2.271676 0.044331
v 1.101565 2.390246 0.011668
v 1.033993 2.406559 0.028263
v 1.085621 2.411624 0.042189
v 1.043912 2.396744 0.061061
v 1.101756 2.347913 0.038153
v 1.037541 2.275211 0.009330
v 1.091775 2.270036 0.031275
v 1.044003 2.351486 0.014611
v 1.073244 2.416704 0.011818
v 1.083555 2.307371 -0.008974
v 1.099133 2.388203 0.039966
v 1.057192 2.305422 0.055783
v 1.057166 2.416497 0.044330
v 1.048282 2.378861 0.062838
v 1.062316 2.260575 0.019153
v 1.085265 2.392433 -0.003411
v 1.102959 2.303303 0.036931
v 1.037787 2.309489 0.009879
v 1.036258 2.385540 0.019307
v 1.143791 2.403014 0.044909
v 1.107865 2.405379 0.032037
v 1.145060 2.388763 0.043331
v 1.109658 2.385388 0.029828
v 1.205144 2.398232 0.053059
v 1.205611 2.389385 0.052042
v 1.267352 2.399188 0.051782
v 1.267624 2.394378 0.043847
v 1.307480 2.397785 0.054038
v 1.307836 2.392583 0.047194
v 1.342300 2.391719 0.059069
v 1.343018 2.385353 0.050710
v 1.098462 2.390929 0.059750
v 1.146488 2.392639 0.070405
v 1.107323 2.395668 0.027057
v 1.144100 2.396401 0.039969
v 1.120626 2.408744 0.033241
v 1.122824 2.384226 0.030531
v 1.146237 2.383913 0.054012
v 1.104040 2.380506 0.041990
v 1.144351 2.405127 0.056362
v 1.101745 2.406091 0.044817
v 1.207707 2.390705 0.068960
v 1.205111 2.394145 0.049850
v 1.206639 2.385324 0.058590
v 1.206888 2.400050 0.060694
v 1.173570 2.389152 0.046280
v 1.172553 2.400841 0.047583
v 1.272255 2.378278 0.058996
v 1.266738 2.399686 0.046019
v 1.269747 2.384401 0.044798
v 1.269243 2.393597 0.060254
v 1.239467 2.389986 0.046086
v 1.239371 2.396663 0.050597
v 1.308444 2.385542 0.056924
v 1.307534 2.396707 0.049621
v 1.308338 2.387599 0.047327
v 1.307640 2.394650 0.059217
v 1.288370 2.399283 0.052411
v 1.288671 2.394603 0.045030
v 1.343263 2.376264 0.063751
v 1.345708 2.389239 0.054284
v 1.345117 2.379052 0.052758
v 1.343854 2.386451 0.065277
v 1.329093 2.388721 0.048554
v 1.328558 2.395753 0.056601
v 1.117497 2.390779 0.074192
v 1.122197 2.397372 0.025104
v 1.121470 2.375977 0.047647
v 1.172659 2.395413 0.043478
v 1.118225 2.412175 0.051649
v 1.097077 2.392986 0.041023
v 1.241232 2.382642 0.050155
v 1.176102 2.392398 0.069251
v 1.173363 2.402791 0.057135
v 1.174905 2.384979 0.055146
v 1.289723 2.395011 0.059099
v 1.243545 2.382067 0.062698
v 1.241030 2.395099 0.059160
v 1.238784 2.394897 0.045901
v 1.329062 2.382980 0.048947
v 1.287976 2.399174 0.047364
v 1.290222 2.386973 0.045576
v 1.291969 2.382810 0.057310
v 1.350224 2.381034 0.060092
v 1.327470 2.380378 0.061058
v 1.327781 2.391498 0.063345
v 1.329374 2.394100 0.051234
v 1.310487 2.392831 0.044218
v 1.309918 2.400989 0.054727
v 1.311141 2.385199 0.044468
v 1.310980 2.382008 0.059357
v 1.309982 2.396070 0.062801
v 1.310143 2.399261 0.047911
v 1.303714 2.401945 0.054113
v 1.304254 2.393971 0.043282
v 1.304292 2.396740 0.062610
v 1.303674 2.400530 0.047044
v 1.305327 2.385462 0.043604
v 1.305945 2.381672 0.059171
v 1.266104 2.392967 0.045775
v 1.265896 2.396851 0.051909
v 1.267769 2.385263 0.046566
v 1.269749 2.380515 0.057623
v 1.267380 2.392486 0.058614
v 1.265414 2.397135 0.047382
v 1.263278 2.393893 0.043238
v 1.265539 2.383581 0.044709
v 1.268287 2.377355 0.059502
v 1.265025 2.393900 0.060820
v 1.262350 2.399649 0.045112
v 1.263004 2.399597 0.051370
v 1.201307 2.386867 0.045666
v 1.200084 2.402267 0.047659
v 1.200880 2.395151 0.041904
v 1.203179 2.390004 0.075980
v 1.200546 2.405720 0.060834
v 1.202433 2.380362 0.058063
v 1.209532 2.386709 0.046696
v 1.209524 2.402055 0.048899
v 1.213377 2.378955 0.057169
v 1.217251 2.386270 0.075576
v 1.212979 2.404718 0.062497
v 1.208801 2.395004 0.043387
v 1.064870 2.426327 0.086314
v 1.030917 2.396674 0.033586
v 1.063211 2.446798 0.086910
v 1.045256 2.414225 0.025846
v 1.039064 2.425724 0.092764
v 1.014664 2.416723 0.042982
v 1.039416 2.442019 0.092587
v 1.025970 2.432095 0.037254
v 1.114807 2.464459 0.166541
v 1.108470 2.461359 0.179632
v 1.110763 2.454299 0.169943
v 1.104514 2.457029 0.175731
v 1.120472 2.400580 0.167451
v 1.106687 2.398019 0.176925
v 1.106634 2.403382 0.154887
v 1.099194 2.401959 0.160164
v 1.126297 2.370732 0.167965
v 1.117570 2.365952 0.173998
v 1.121089 2.364384 0.160841
v 1.115136 2.361943 0.166546
v 1.147126 2.351189 0.184943
v 1.138071 2.345591 0.191336
v 1.142221 2.341117 0.176560
v 1.135092 2.337912 0.183628
v 1.036460 2.400764 0.024528
v 1.068849 2.437675 0.085165
v 1.052456 2.400864 0.051833
v 1.062709 2.429450 0.044979
v 1.016912 2.425925 0.037909
v 1.034660 2.433942 0.093570
v 1.023054 2.417154 0.062999
v 1.032073 2.439151 0.057988
v 1.051191 2.447150 0.090031
v 1.034995 2.423811 0.026650
v 1.051942 2.421932 0.089817
v 1.018448 2.404786 0.035086
v 1.111382 2.466404 0.171755
v 1.107256 2.453685 0.173332
v 1.104360 2.461303 0.178019
v 1.113946 2.459264 0.166448
v 1.069625 2.444236 0.139009
v 1.076235 2.432491 0.133303
v 1.091885 2.446143 0.122165
v 1.082344 2.461069 0.129818
v 1.115576 2.398664 0.174972
v 1.100898 2.403301 0.154793
v 1.100976 2.399617 0.169904
v 1.115546 2.402358 0.159760
v 1.107240 2.426403 0.178965
v 1.099604 2.430128 0.165556
v 1.118162 2.428656 0.169815
v 1.105635 2.431383 0.160423
v 1.122649 2.369313 0.172348
v 1.117396 2.362192 0.162327
v 1.114976 2.363271 0.171373
v 1.125069 2.368235 0.163302
v 1.109673 2.380158 0.153536
v 1.118526 2.384215 0.163756
v 1.102990 2.377790 0.158587
v 1.107770 2.379987 0.171652
v 1.144911 2.348136 0.190903
v 1.139783 2.336473 0.180418
v 1.137168 2.339474 0.189977
v 1.147526 2.345136 0.181344
v 1.129046 2.353250 0.184095
v 1.126622 2.346821 0.176470
v 1.139295 2.359756 0.177470
v 1.133659 2.349480 0.168864
v 1.063418 2.412260 0.045290
v 1.022242 2.430621 0.062274
v 1.048539 2.438806 0.050302
v 1.070216 2.435751 0.138012
v 1.035096 2.404281 0.058486
v 1.021962 2.411695 0.022526
v 1.101854 2.427938 0.173579
v 1.089781 2.456838 0.123953
v 1.085551 2.436509 0.126602
v 1.074583 2.454828 0.135706
v 1.115866 2.382343 0.157496
v 1.114587 2.426922 0.176556
v 1.113492 2.430351 0.163756
v 1.100715 2.431359 0.160868
v 1.126325 2.348979 0.181819
v 1.105006 2.378761 0.153872
v 1.104030 2.377444 0.166485
v 1.114305 2.383158 0.169832
v 1.145955 2.338848 0.188900
v 1.135133 2.358003 0.182534
v 1.138326 2.355350 0.171935
v 1.129518 2.346326 0.171220
v 1.095392 2.450542 0.174510
v 1.107497 2.442903 0.163220
v 1.117603 2.467257 0.154211
v 1.100591 2.473138 0.174670
v 1.100076 2.442027 0.170239
v 1.109864 2.475741 0.162879
v 1.115367 2.453436 0.155639
v 1.095280 2.464311 0.176913
v 1.109838 2.450104 0.189544
v 1.098049 2.457030 0.174371
v 1.126654 2.455300 0.171980
v 1.109482 2.458092 0.163517
v 1.100945 2.453563 0.183841
v 1.120900 2.452530 0.183061
v 1.120775 2.457003 0.164982
v 1.101042 2.458202 0.166926
v 1.108395 2.385224 0.146825
v 1.125803 2.386044 0.165662
v 1.096034 2.382020 0.155425
v 1.104823 2.380683 0.179071
v 1.120225 2.386245 0.154121
v 1.099661 2.384229 0.147159
v 1.097529 2.379652 0.169370
v 1.117724 2.383445 0.176384
v 1.110765 2.377767 0.150695
v 1.122651 2.385386 0.164783
v 1.101526 2.374082 0.158096
v 1.107743 2.378915 0.175881
v 1.119103 2.382128 0.156073
v 1.104392 2.375125 0.151393
v 1.102626 2.374897 0.168866
v 1.116782 2.383727 0.173267
v 1.094040 2.435563 0.149003
v 1.094039 2.475255 0.156501
v 1.085189 2.437179 0.155655
v 1.105117 2.473727 0.146367
v 1.105651 2.444845 0.141104
v 1.085952 2.464246 0.159976
v 1.082221 2.447711 0.158984
v 1.111638 2.460970 0.139148
v 1.127273 2.390750 0.166783
v 1.107105 2.392392 0.146236
v 1.093890 2.389466 0.155405
v 1.104221 2.385652 0.181574
v 1.120635 2.392170 0.154219
v 1.097585 2.391562 0.146475
v 1.095666 2.386561 0.170630
v 1.118651 2.387676 0.178672
v 1.140985 2.364079 0.046710
v 1.141281 2.357748 0.041981
v 1.125167 2.373974 0.030978
v 1.141521 2.366102 0.057676
v 1.188191 2.363235 0.049773
v 1.220577 2.366881 0.047317
v 1.188301 2.357603 0.045515
v 1.189031 2.365258 0.059684
v 1.218108 2.370739 0.062230
v 1.191921 2.354349 0.069794
v 1.143567 2.354146 0.071120
v 1.209007 2.351221 0.073227
v 1.191440 2.346692 0.056729
v 1.143327 2.345792 0.055425
v 1.220392 2.337143 0.059377
v 1.189246 2.351107 0.048421
v 1.142200 2.350435 0.045199
v 1.223056 2.346253 0.046073
v 1.226424 2.346970 0.060627
v 1.221740 2.357569 0.040269
v 1.228520 2.352693 0.059619
v 1.225864 2.358187 0.059936
v 1.236444 2.351587 0.068532
v 1.225314 2.353304 0.088555
v 1.231528 2.342525 0.067568
v 1.230616 2.360471 0.067706
v 1.221517 2.358156 0.087635
v 1.217275 2.366452 0.067358
v 1.211784 2.362308 0.085345
v 1.219604 2.361032 0.062983
v 1.201030 2.349877 0.069493
v 1.199144 2.352037 0.082522
v 1.211478 2.351051 0.066221
v 1.218846 2.335551 0.067448
v 1.212675 2.343032 0.085731
v 1.220315 2.342814 0.062620
v 1.202473 2.337669 0.119249
v 1.221974 2.348107 0.087829
v 1.213091 2.343884 0.122614
v 1.208865 2.345397 0.124853
v 1.217073 2.350164 0.123774
v 1.211344 2.349898 0.126358
v 1.212640 2.356043 0.122285
v 1.208643 2.354165 0.124605
v 1.201343 2.361204 0.118669
v 1.201566 2.357949 0.120704
v 1.188814 2.348796 0.112662
v 1.193512 2.349076 0.114685
v 1.192201 2.349570 0.110205
v 1.202296 2.340967 0.121085
v 1.200318 2.338634 0.121985
v 1.205724 2.344119 0.130985
v 1.160485 2.340680 0.119801
v 1.130769 2.339367 0.116262
v 1.163076 2.343242 0.128979
v 1.157005 2.352604 0.110271
v 1.160636 2.359313 0.123616
v 1.131658 2.354300 0.111198
v 1.129978 2.352987 0.114896
v 1.130537 2.361060 0.124986
v 1.125399 2.358253 0.123001
v 1.131251 2.353657 0.131174
v 1.124231 2.352964 0.126879
v 1.163207 2.353581 0.131235
v 1.131945 2.346090 0.131092
v 1.164108 2.347885 0.133270
v 1.124471 2.347481 0.126459
v 1.131780 2.340792 0.125080
v 1.124849 2.343701 0.122239
v 1.125196 2.342796 0.116604
v 1.120334 2.342293 0.120469
v 1.112561 2.352110 0.096850
v 1.118971 2.347362 0.125906
v 1.123663 2.341015 0.113475
v 1.119020 2.350616 0.092572
v 1.132722 2.354329 0.112246
v 1.128594 2.362216 0.093834
v 1.124120 2.361605 0.122146
v 1.119147 2.369003 0.101118
v 1.119573 2.354587 0.126887
v 1.110328 2.363253 0.103075
v 1.108630 2.369805 0.086172
v 1.108656 2.357070 0.100619
v 1.106594 2.364930 0.080563
v 1.109907 2.358586 0.080298
v 1.114776 2.369826 0.071265
v 1.125031 2.369435 0.075536
v 1.115913 2.375147 0.081837
v 1.115712 2.359217 0.074262
v 1.207894 2.349813 0.134179
v 1.205739 2.355321 0.130872
v 1.200281 2.360361 0.121763
v 1.127823 2.344345 0.027703
v 1.111912 2.345749 0.026854
v 1.127066 2.360232 0.021145
v 1.126186 2.334376 0.048388
v 1.121386 2.352265 0.080467
v 1.105123 2.339849 0.041551
v 1.098381 2.352445 0.063014
v 1.096708 2.354932 0.040382
v 1.109090 2.358172 0.023505
v 1.102348 2.370769 0.044968
v 1.109744 2.369908 0.029523
v 1.122265 2.378121 0.053224
v 1.139982 2.325546 0.041999
v 1.139792 2.319670 0.037343
v 1.115421 2.335979 0.028013
v 1.140649 2.327070 0.052465
v 1.174672 2.320211 0.044136
v 1.199367 2.323049 0.038897
v 1.174341 2.314706 0.039709
v 1.176064 2.321732 0.052831
v 1.195970 2.327116 0.052666
v 1.176988 2.310264 0.062964
v 1.141722 2.315136 0.064921
v 1.186287 2.307824 0.066338
v 1.176295 2.303149 0.050384
v 1.140865 2.307736 0.049799
v 1.197005 2.293181 0.049827
v 1.174786 2.308018 0.042446
v 1.140129 2.312558 0.040208
v 1.198879 2.302439 0.036567
v 1.204229 2.305290 0.046105
v 1.199367 2.313757 0.031926
v 1.206175 2.310335 0.044657
v 1.203599 2.314886 0.046059
v 1.213210 2.310544 0.046889
v 1.211476 2.308627 0.080379
v 1.209368 2.302588 0.048832
v 1.208309 2.317822 0.048170
v 1.208471 2.313063 0.080721
v 1.197415 2.322480 0.053056
v 1.200253 2.317375 0.081864
v 1.197867 2.317574 0.050284
v 1.183669 2.308955 0.060652
v 1.188392 2.309680 0.083848
v 1.190455 2.308872 0.055779
v 1.198334 2.296506 0.053510
v 1.199605 2.300727 0.082369
v 1.198290 2.301454 0.049870
v 1.198760 2.297968 0.110141
v 1.208182 2.304381 0.080986
v 1.209978 2.302037 0.109873
v 1.207732 2.303094 0.113893
v 1.214803 2.307382 0.109869
v 1.211376 2.307637 0.114925
v 1.211433 2.313706 0.109869
v 1.208895 2.313031 0.114280
v 1.202239 2.320541 0.109977
v 1.202371 2.318830 0.111885
v 1.189560 2.311173 0.105687
v 1.192077 2.310991 0.105133
v 1.199042 2.299630 0.112070
v 1.189147 2.312204 0.100001
v 1.164325 2.315004 0.104500
v 1.198280 2.296166 0.111911
v 1.201108 2.322489 0.112615
v 1.169032 2.319347 0.116635
v 1.208396 2.314760 0.121070
v 1.171624 2.313422 0.122626
v 1.210997 2.307402 0.123436
v 1.172267 2.308149 0.123857
v 1.207163 2.301075 0.120212
v 1.170727 2.304469 0.119708
v 1.167523 2.303221 0.111494
v 1.142174 2.302931 0.118019
v 1.136802 2.306686 0.116511
v 1.140228 2.303020 0.109387
v 1.143354 2.307128 0.124609
v 1.137219 2.309347 0.120882
v 1.143395 2.314444 0.125849
v 1.137387 2.314093 0.122081
v 1.142473 2.322828 0.120553
v 1.137404 2.319514 0.119066
v 1.139954 2.318945 0.105737
v 1.136909 2.316927 0.109747
v 1.136084 2.306788 0.111335
v 1.138190 2.319044 0.107003
v 1.131518 2.325409 0.095219
v 1.132315 2.323923 0.119739
v 1.131306 2.304534 0.107773
v 1.123759 2.314371 0.094390
v 1.128879 2.304605 0.115040
v 1.118839 2.314810 0.099248
v 1.128060 2.308641 0.121526
v 1.115839 2.318452 0.103744
v 1.129076 2.315741 0.123816
v 1.117317 2.323799 0.106377
v 1.112232 2.330784 0.092834
v 1.124197 2.329742 0.103988
v 1.117390 2.336615 0.088434
v 1.124534 2.333102 0.080704
v 1.114805 2.332812 0.078774
v 1.109756 2.326819 0.087712
v 1.116900 2.323305 0.079983
v 1.113018 2.321603 0.086170
v 1.115736 2.309497 0.024368
v 1.101691 2.312107 0.023708
v 1.116152 2.323886 0.018905
v 1.113614 2.300156 0.042583
v 1.110611 2.315524 0.071642
v 1.095264 2.306995 0.036702
v 1.090161 2.318131 0.056174
v 1.088824 2.321152 0.036057
v 1.100036 2.323493 0.021032
v 1.094933 2.334629 0.040505
v 1.101432 2.333699 0.026680
v 1.113149 2.339254 0.047964
v 1.129468 2.286753 0.035294
v 1.129244 2.279808 0.029791
v 1.107896 2.293616 0.025569
v 1.130257 2.288554 0.047666
v 1.156538 2.283012 0.036515
v 1.181110 2.282755 0.034895
v 1.156145 2.276471 0.031255
v 1.157736 2.284932 0.048392
v 1.179914 2.286317 0.049840
v 1.159523 2.271319 0.062466
v 1.131525 2.274448 0.062389
v 1.178389 2.268218 0.067423
v 1.157932 2.262857 0.045329
v 1.130513 2.265702 0.044514
v 1.180229 2.256197 0.046320
v 1.156673 2.268525 0.034507
v 1.129642 2.271401 0.033178
v 1.181179 2.264391 0.032434
v 1.186588 2.268147 0.039716
v 1.181527 2.274414 0.028328
v 1.187207 2.272947 0.037607
v 1.186505 2.276798 0.040553
v 1.193332 2.275863 0.030577
v 1.198226 2.268160 0.065882
v 1.190591 2.268401 0.032266
v 1.190554 2.282329 0.034743
v 1.195873 2.272062 0.067308
v 1.183090 2.286003 0.043198
v 1.189005 2.275841 0.070131
v 1.184623 2.278744 0.046991
v 1.172459 2.272418 0.051670
v 1.179621 2.268649 0.072663
v 1.183218 2.269705 0.056028
v 1.182640 2.262408 0.038529
v 1.187700 2.261256 0.067998
v 1.185421 2.263788 0.046733
v 1.190120 2.253995 0.095909
v 1.195193 2.264463 0.066191
v 1.196522 2.257469 0.102000
v 1.192502 2.258742 0.103655
v 1.200006 2.262044 0.103658
v 1.195223 2.262725 0.106086
v 1.199317 2.267416 0.102180
v 1.195139 2.267272 0.104071
v 1.194376 2.273149 0.099564
v 1.193043 2.272149 0.099004
v 1.188836 2.265806 0.085169
v 1.187553 2.266350 0.086351
v 1.188097 2.255953 0.095704
v 1.186201 2.267446 0.084009
v 1.168006 2.273669 0.087824
v 1.186413 2.254849 0.095344
v 1.192123 2.274118 0.098503
v 1.170575 2.276432 0.099090
v 1.193765 2.268259 0.106130
v 1.170515 2.270848 0.104226
v 1.193654 2.262865 0.108849
v 1.169812 2.266176 0.105070
v 1.190802 2.258108 0.105413
v 1.168569 2.263277 0.101069
v 1.167146 2.262846 0.093477
v 1.150495 2.264333 0.097117
v 1.148199 2.268686 0.095396
v 1.150510 2.265154 0.089065
v 1.151287 2.267619 0.103643
v 1.148417 2.270680 0.099498
v 1.152591 2.274177 0.105402
v 1.149309 2.274703 0.100936
v 1.154284 2.282179 0.101123
v 1.150779 2.279648 0.098575
v 1.154566 2.279563 0.087407
v 1.152929 2.277462 0.090490
v 1.148829 2.269074 0.090851
v 1.154201 2.279518 0.087438
v 1.146724 2.287159 0.075740
v 1.148711 2.283285 0.098297
v 1.147068 2.268034 0.087626
v 1.139493 2.277646 0.074665
v 1.144235 2.268093 0.093467
v 1.135760 2.278131 0.078672
v 1.143921 2.270847 0.099437
v 1.133081 2.281175 0.083161
v 1.145392 2.276415 0.101661
v 1.134595 2.285732 0.085748
v 1.129744 2.292598 0.074197
v 1.140504 2.290832 0.083829
v 1.134425 2.297803 0.070458
v 1.140530 2.294817 0.063330
v 1.131861 2.294933 0.061778
v 1.127344 2.289381 0.069530
v 1.133449 2.286395 0.062402
v 1.130055 2.284731 0.067880
v 1.108176 2.270111 0.022334
v 1.095709 2.272427 0.021749
v 1.108545 2.282883 0.017485
v 1.106292 2.261820 0.038502
v 1.103627 2.275460 0.064295
v 1.090005 2.267890 0.033282
v 1.085475 2.277775 0.050565
v 1.084288 2.280456 0.032709
v 1.094240 2.282533 0.019373
v 1.089711 2.292418 0.036657
v 1.095479 2.291593 0.024386
v 1.105880 2.296523 0.043278
vn 0.4562 -0.0536 -0.8883
vn 0.3368 0.1208 -0.9338
vn 0.4554 -0.3654 -0.8119
vn 0.4204 -0.4452 -0.7906
vn -0.2174 0.7519 -0.6224
vn 0.1063 0.7546 -0.6475
vn 0.5343 0.2112 -0.8185
vn 0.9223 0.3723 -0.1042
vn -0.8196 -0.0154 0.5727
vn 0.5565 -0.1017 0.8246
vn -0.7350 0.5021 0.4557
vn 0.6557 0.2390 0.7161
vn 0.0440 0.9922 0.1166
vn 0.2774 -0.4598 0.8436
vn 0.1591 0.8000 0.5786
vn 0.3169 -0.5143 0.7969
vn 0.5408 0.8410 -0.0186
vn 0.6893 0.0264 0.7240
vn 0.2567 -0.9663 -0.0210
vn 0.4288 -0.8131 -0.3937
vn -0.4789 0.1582 -0.8635
vn -0.0799 -0.9782 -0.1919
vn 0.4831 -0.2980 -0.8233
vn 0.4776 -0.2198 -0.8506
vn -0.7052 -0.1770 0.6866
vn 0.0963 -0.5722 0.8144
vn 0.4993 0.7950 -0.3446
vn -0.9153 0.2944 -0.2748
vn -0.8803 -0.4541 -0.1376
vn 0.5079 -0.8547 -0.1071
vn -0.3338 0.4068 -0.8504
vn -0.0371 -0.9103 -0.4124
vn -0.2456 0.5565 -0.7937
vn -0.2760 -0.9360 -0.2185
vn -0.8142 0.5793 -0.0391
vn 0.4698 0.8270 -0.3088
vn -0.5562 0.4571 -0.6940
vn -0.5922 -0.7506 0.2932
vn 0.9719 -0.2207 0.0813
vn -0.9300 0.2115 -0.3007
vn -0.0931 -0.9474 -0.3061
vn 0.1963 0.9721 0.1284
vn 0.8582 -0.3927 0.3306
vn 0.6600 -0.6863 0.3057
vn 0.7921 -0.5990 0.1176
vn 0.8663 -0.2494 0.4327
vn 0.9206 -0.1724 0.3504
vn 0.9063 -0.3449 0.2442
vn 0.8619 -0.3516 0.3653
vn 0.4851 -0.3700 -0.7923
vn 0.3264 0.0922 -0.9407
vn 0.4690 -0.3902 -0.7923
vn 0.4407 -0.4002 -0.8035
vn -0.2387 0.9440 -0.2279
vn 0.2897 0.2940 -0.9109
vn 0.0332 0.3694 -0.9287
vn 0.7836 0.4684 -0.4081
vn 0.2682 0.7572 -0.5956
vn -0.2805 -0.0843 -0.9562
vn -0.3483 -0.1475 0.9257
vn -0.8973 0.4348 0.0759
vn 0.6300 0.7332 -0.2558
vn -0.2474 0.4588 0.8534
vn 0.2735 0.3900 0.8793
vn -0.4501 0.8668 0.2148
vn 0.7562 0.1537 0.6360
vn 0.3901 0.1629 0.9063
vn 0.1533 0.8860 0.4377
vn 0.0291 -0.5526 0.8329
vn -0.3089 0.8110 -0.4969
vn 0.5483 0.8334 -0.0697
vn 0.0686 -0.6280 0.7752
vn 0.2119 -0.9524 -0.2193
vn 0.6620 -0.7452 -0.0798
vn 0.4015 -0.4144 -0.8168
vn -0.4227 0.3325 -0.8431
vn -0.2142 0.5924 -0.7766
vn -0.4611 -0.4903 -0.7396
vn -0.1140 -0.9742 -0.1947
vn 0.4086 -0.1792 -0.8949
vn 0.4110 -0.0216 -0.9114
vn 0.4840 -0.2720 -0.8317
vn -0.5741 -0.4313 0.6960
vn -0.7280 0.0756 0.6814
vn 0.2534 -0.3920 0.8844
vn 0.1863 -0.8566 0.4812
vn -0.5244 -0.8044 0.2791
vn -0.5971 0.3732 0.7101
vn -0.7106 -0.2842 0.6436
vn 0.5081 0.8561 -0.0945
vn 0.7862 -0.3893 0.4798
vn -0.3408 -0.9372 -0.0738
vn -0.2338 -0.3574 -0.9042
vn -0.8158 0.0377 -0.5770
vn 0.2693 -0.9255 -0.2663
vn -0.3356 -0.1107 -0.9355
vn -0.0407 0.5619 -0.8262
vn -0.1901 -0.8678 -0.4591
vn -0.9053 0.1492 -0.3976
vn -0.8706 0.4920 -0.0086
vn 0.4322 0.1055 0.8956
vn -0.9484 -0.3150 -0.0370
vn -0.7664 0.5565 -0.3208
vn 0.9235 0.1351 0.3590
vn 0.1075 0.6742 -0.7307
vn 0.0144 0.9899 -0.1409
vn -0.9570 -0.0500 0.2857
vn 0.6466 -0.5082 0.5689
vn -0.1682 -0.9663 -0.1946
vn -0.9838 -0.0008 0.1793
vn -0.1067 0.9371 -0.3322
vn -0.1863 0.8722 -0.4522
vn 0.0383 -0.9002 0.4337
vn 0.1568 -0.9090 0.3861
vn -0.5039 0.3045 -0.8083
vn 0.2471 0.9486 -0.1977
vn 0.7481 0.5512 0.3696
vn 0.8238 0.5424 0.1650
vn 0.9821 -0.1002 0.1596
vn -0.7527 0.4064 -0.5180
vn -0.1615 -0.9525 -0.2580
vn 0.2382 0.9098 0.3399
vn 0.8452 0.5047 0.1762
vn -0.7571 -0.4972 -0.4237
vn 0.5896 -0.8028 -0.0893
vn -0.6009 0.7968 -0.0633
vn 0.7502 -0.5869 0.3047
vn 0.8786 -0.2330 0.4168
vn 0.9277 -0.1850 0.3243
vn 0.8783 -0.4555 0.1454
vn 0.8888 -0.2751 0.3665
vn 0.6613 -0.7156 0.2251
vn 0.8444 -0.4915 0.2133
vn 0.9606 -0.2482 0.1247
vn 0.7978 -0.4347 0.4177
vn 0.8198 -0.4341 0.3734
vn 0.9177 -0.2629 0.2979
vn 0.7767 -0.5434 0.3186
vn 0.9068 -0.3078 0.2880
vn 0.8308 -0.4411 0.3395
vn 0.8347 -0.4450 0.3244
vn 0.8423 -0.3761 0.3862
vn 0.9057 -0.2564 0.3376
vn 0.8407 -0.3369 0.4240
vn 0.4143 -0.1044 -0.9041
vn 0.2611 0.3849 -0.8853
vn -0.3227 0.3121 -0.8936
vn -0.5128 0.7679 -0.3839
vn 0.1173 0.7980 0.5912
vn 0.1335 0.0003 0.9911
vn 0.7240 0.5630 0.3985
vn 0.3496 -0.8144 -0.4631
vn 0.4682 -0.3833 -0.7962
vn 0.0017 0.7520 -0.6591
vn -0.5809 -0.3539 -0.7330
vn -0.5138 -0.1204 0.8494
vn -0.3825 -0.8781 0.2874
vn -0.6713 0.5503 0.4965
vn 0.7353 0.6600 0.1539
vn -0.3262 -0.7325 -0.5975
vn -0.1433 -0.0584 -0.9880
vn -0.9490 -0.0903 0.3020
vn -0.9811 0.0638 -0.1824
vn 0.0803 0.9694 -0.2320
vn -0.3402 -0.5981 0.7256
vn -0.2441 -0.2440 0.9385
vn -0.1125 0.9591 -0.2597
vn 0.0372 0.8819 -0.4699
vn -0.7739 0.6109 -0.1669
vn 0.3848 -0.9010 0.2002
vn 0.2847 0.6408 -0.7130
vn -0.0753 -0.8807 0.4676
vn 0.7299 -0.6626 0.1680
vn -0.7593 -0.5039 -0.4119
vn 0.8413 0.5398 0.0285
vn 0.7489 0.3772 0.5448
vn -0.6759 -0.4233 -0.6033
vn 0.5821 -0.8107 0.0628
vn -0.4031 0.9107 -0.0897
vn 0.9091 -0.3796 0.1716
vn 0.8075 -0.4211 0.4131
vn 0.9609 -0.2093 0.1812
vn 0.8177 -0.4253 0.3879
vn 0.7946 -0.5379 0.2816
vn 0.8234 -0.4815 0.3004
vn 0.7971 -0.5042 0.3323
vn 0.8427 -0.4166 0.3409
vn 0.8601 -0.3151 0.4011
vn 0.8424 -0.3439 0.4148
vn 0.9320 -0.2091 0.2960
vn 0.8646 -0.4185 0.2780
vn -0.9749 -0.0572 -0.2150
vn -0.8997 0.1445 0.4118
vn -0.0749 0.7469 -0.6607
vn 0.0106 0.8024 0.5967
vn -0.5419 -0.8398 -0.0338
vn -0.4558 -0.7099 0.5369
vn -0.0715 -0.7629 -0.6426
vn 0.1524 -0.5635 0.8120
vn 0.3707 0.7326 -0.5708
vn 0.5113 0.7705 0.3806
vn 0.5027 0.1190 -0.8562
vn 0.8565 0.3037 0.4174
vn -0.8834 -0.3436 0.3188
vn 0.4453 0.5958 0.6684
vn -0.5884 -0.3390 -0.7340
vn 0.7051 0.6203 -0.3437
vn 0.2675 -0.9630 0.0325
vn 0.9382 0.3277 0.1117
vn 0.4177 -0.8779 0.2340
vn -0.7784 -0.0155 0.6276
vn -0.3140 0.8088 0.4973
vn 0.2409 -0.3870 0.8901
vn 0.7239 0.4101 0.5548
vn -0.3480 -0.5174 -0.7818
vn 0.0096 0.6067 -0.7949
vn 0.7520 -0.5742 -0.3238
vn 0.8712 0.4559 -0.1821
vn 0.8713 0.4648 0.1577
vn -0.1487 -0.2122 0.9659
vn -0.8415 -0.5044 -0.1935
vn 0.1911 0.1473 -0.9704
vn 0.0654 0.9041 0.4222
vn -0.2615 0.6099 -0.7480
vn 0.7548 -0.2572 0.6034
vn 0.3463 -0.8212 -0.4535
vn -0.9844 0.1264 0.1225
vn -0.2281 0.9735 -0.0170
vn -0.4792 0.7100 0.5161
vn 0.0030 0.7228 -0.6910
vn -0.4666 -0.8475 0.2531
vn -0.2587 -0.9440 0.2050
vn 0.1934 -0.5840 0.7884
vn 0.4991 -0.6919 -0.5217
vn -0.8058 -0.5567 -0.2020
vn 0.1348 -0.0376 -0.9902
vn 0.4236 0.0954 0.9008
vn -0.7647 -0.2990 0.5708
vn 0.4422 0.8827 -0.1590
vn 0.8761 0.3795 -0.2975
vn 0.5188 0.3428 -0.7832
vn 0.8209 0.3621 0.4416
vn -0.0449 -0.3025 -0.9521
vn -0.0216 0.7487 -0.6626
vn 0.4064 -0.0400 0.9128
vn 0.0892 0.7640 0.6390
vn -0.3623 0.0140 0.9319
vn 0.2970 0.2804 -0.9128
vn -0.7480 -0.5228 -0.4087
vn 0.7923 0.5710 0.2152
vn 0.8480 0.5107 -0.1416
vn -0.2833 -0.3236 0.9028
vn -0.7264 -0.5869 -0.3577
vn 0.3951 0.1676 -0.9032
vn 0.9797 -0.1574 0.1242
vn 0.2983 -0.9539 -0.0321
vn 0.8172 0.5717 -0.0728
vn -0.7249 -0.6830 -0.0898
vn -0.5803 -0.7552 -0.3048
vn -0.6634 0.4144 0.6230
vn 0.6271 0.1011 0.7724
vn 0.2479 0.7971 0.5506
vn -0.4926 -0.1961 0.8479
vn -0.9290 -0.2493 0.2736
vn 0.2869 -0.8467 0.4481
vn 0.1488 0.9112 0.3842
vn 0.9793 0.2015 -0.0182
vn -0.2664 0.0201 -0.9637
vn 0.9618 0.0453 -0.2698
vn 0.5176 0.6057 -0.6043
vn 0.0942 -0.6766 -0.7303
vn 0.5823 -0.7962 0.1644
vn -0.7196 -0.4936 -0.4884
vn 0.2771 0.7742 -0.5691
vn 0.8367 0.4039 0.3698
vn 0.1192 0.0644 0.9908
vn -0.8638 -0.4881 0.1248
vn -0.1145 -0.0933 -0.9890
vn 0.7376 0.4327 -0.5183
vn -0.4766 -0.2443 -0.8445
vn -0.6921 -0.4908 0.5293
vn 0.5521 0.2272 0.8022
vn 0.1799 0.8837 0.4320
vn -0.7269 0.3431 -0.5949
vn 0.7664 -0.3597 0.5321
vn -0.1242 -0.9549 -0.2698
vn 0.4058 0.4200 0.8118
vn -0.0354 -0.2777 -0.9600
vn 0.6802 -0.7199 0.1377
vn -0.1327 0.9876 -0.0835
vn 0.8613 0.0267 0.5074
vn 0.7022 0.7089 0.0661
vn 0.7660 0.5527 0.3283
vn -0.0815 0.9958 -0.0409
vn 0.5559 -0.8200 0.1363
vn -0.5252 -0.4754 -0.7058
vn 0.0752 0.0837 -0.9937
vn 0.6219 0.3773 0.6862
vn -0.8523 -0.4840 0.1980
vn 0.8392 0.4844 -0.2473
vn 0.7305 0.4347 0.5267
vn -0.1449 0.9879 -0.0551
vn 0.4126 0.0926 0.9062
vn -0.6884 -0.6561 0.3094
vn -0.5374 -0.2954 0.7899
vn -0.6602 -0.4115 -0.6283
vn 0.5604 0.3249 -0.7618
vn 0.9250 -0.0883 0.3697
vn 0.8244 0.5660 0.0097
vn -0.3721 -0.8805 -0.2937
vn -0.6624 -0.6808 -0.3128
vn -0.1785 0.3535 0.9183
vn -0.5630 0.4160 0.7141
vn 0.6958 0.7183 -0.0022
vn 0.9706 -0.1914 0.1459
vn 0.4270 -0.0615 -0.9021
vn 0.8926 0.0791 0.4439
vn 0.5363 0.8427 -0.0482
vn -0.4006 0.2079 -0.8924
vn 0.8346 0.4332 -0.3402
vn -0.2742 -0.2732 -0.9221
vn -0.7217 -0.5925 0.3579
vn 0.3856 0.1161 0.9154
vn -0.2273 0.1356 0.9643
vn 0.2870 -0.0854 -0.9541
vn 0.2484 -0.9359 0.2499
vn -0.5882 0.8074 -0.0456
vn -0.1933 -0.4814 0.8549
vn -0.5723 0.7302 0.3732
vn 0.1277 -0.9047 -0.4066
vn -0.2448 0.3486 -0.9047
vn 0.2088 -0.6773 0.7055
vn -0.3729 0.4678 0.8013
vn 0.5614 -0.5090 -0.6525
vn -0.0185 0.7185 -0.6953
vn 0.4105 -0.7401 -0.5327
vn -0.0933 -0.8437 0.5286
vn -0.1118 0.7228 -0.6820
vn -0.5901 0.6933 0.4138
vn 0.8498 -0.4737 -0.2312
vn 0.3273 -0.5993 0.7305
vn 0.6395 0.7564 -0.1373
vn 0.0953 0.6718 0.7346
vn -0.2150 -0.4532 0.8651
vn -0.6165 0.7238 0.3100
vn 0.1060 -0.9161 -0.3868
vn -0.2434 0.2965 -0.9235
vn 0.1170 -0.5333 0.8378
vn -0.1595 0.8974 0.4115
vn 0.3665 -0.6100 -0.7026
vn 0.0703 0.5434 -0.8365
vn 0.1737 -0.8057 -0.5662
vn -0.1790 -0.8329 0.5236
vn -0.1451 0.7231 -0.6753
vn -0.4024 0.8290 0.3884
vn 0.9035 -0.4237 -0.0638
vn 0.2304 -0.6553 0.7193
vn 0.6591 0.7491 0.0667
vn -0.0037 0.6245 0.7810
vn -0.6214 0.0494 0.7819
vn -0.3158 -0.4331 -0.8442
vn -0.2225 -0.8975 0.3809
vn -0.7222 0.6163 -0.3142
vn -0.0851 -0.2615 0.9615
vn 0.2343 0.2808 -0.9307
vn 0.4748 -0.8635 0.1698
vn -0.3114 0.9498 -0.0311
vn 0.0946 0.4883 -0.8675
vn -0.3345 0.8361 0.4348
vn 0.5186 -0.7433 -0.4226
vn 0.0536 -0.4478 0.8925
vn 0.2613 -0.9644 -0.0411
vn -0.4185 0.8987 -0.1311
vn 0.3132 -0.0246 -0.9494
vn -0.5354 -0.0507 0.8431
vn 0.4029 -0.9153 -0.0021
vn 0.1538 0.2924 -0.9439
vn -0.1915 -0.4434 0.8756
vn -0.4377 0.8983 -0.0394
vn 0.7186 -0.6470 0.2551
vn 0.4106 0.8330 0.3708
vn 0.9509 0.1638 -0.2626
vn 0.2339 0.1038 0.9667
vn 0.4961 -0.6500 -0.5756
vn 0.1798 0.8315 -0.5257
vn -0.1587 -0.8125 0.5610
vn -0.4458 0.6947 0.5645
vn -0.6361 0.0502 0.7700
vn -0.3172 -0.4488 -0.8355
vn -0.2392 -0.8942 0.3784
vn -0.7327 0.5602 -0.3864
vn -0.0578 -0.0545 0.9968
vn 0.1602 0.2253 -0.9610
vn 0.3104 -0.9181 0.2464
vn -0.0098 0.7888 -0.6145
vn 0.0790 0.3963 -0.9147
vn -0.3093 0.8944 0.3231
vn 0.4176 -0.8146 -0.4026
vn 0.0271 -0.3895 0.9206
vn 0.0321 -0.9994 0.0112
vn -0.3309 0.9412 -0.0678
vn 0.1324 -0.0680 -0.9889
vn -0.4333 0.0769 0.8980
vn 0.1747 -0.9535 0.2455
vn -0.0368 0.3711 -0.9279
vn -0.1348 -0.3851 0.9130
vn -0.1754 0.9442 -0.2789
vn 0.6901 -0.6491 0.3202
vn 0.3419 0.8091 0.4780
vn 0.9817 0.1895 -0.0175
vn 0.0551 0.0157 0.9984
vn 0.5226 -0.6230 -0.5820
vn 0.2621 0.8360 -0.4820
vn -0.2440 -0.8742 0.4198
vn -0.4513 0.7081 0.5430
vn -0.9503 -0.3096 -0.0320
vn 0.4820 -0.5846 -0.6527
vn -0.1733 0.8952 -0.4106
vn 0.3410 -0.0774 -0.9369
vn 0.3388 -0.8362 0.4314
vn -0.2221 0.1905 0.9562
vn 0.5412 0.0978 -0.8352
vn 0.1925 -0.8687 0.4564
vn -0.5359 0.4531 0.7124
vn -0.2148 0.7981 -0.5629
vn 0.8551 0.2284 0.4654
vn 0.2037 -0.9756 -0.0818
vn -0.4566 -0.0375 0.8889
vn -0.2269 0.9722 0.0582
vn -0.9428 -0.3297 -0.0482
vn 0.2138 -0.6895 -0.6920
vn -0.1343 0.7887 -0.5999
vn 0.2774 -0.1523 -0.9486
vn 0.2666 -0.8481 0.4578
vn -0.1906 0.1988 0.9613
vn 0.6028 0.1214 -0.7886
vn 0.0225 -0.7318 0.6812
vn -0.1602 0.9726 -0.1687
vn -0.1691 0.8287 -0.5336
vn 0.7888 0.2060 0.5791
vn 0.1639 -0.9748 -0.1514
vn -0.5374 -0.0787 0.8396
vn -0.2017 0.9759 0.0827
vn -0.3878 0.0945 -0.9169
vn 0.9275 0.0430 -0.3713
vn -0.3819 -0.3522 -0.8545
vn 0.7279 -0.5572 -0.3996
vn 0.2474 0.4770 0.8434
vn -0.9170 0.3106 0.2502
vn -0.9479 -0.1749 0.2664
vn 0.4089 -0.0360 0.9119
vn -0.8594 -0.3902 0.3303
vn 0.2676 -0.5910 0.7610
vn 0.6390 0.7487 -0.1764
vn -0.4126 0.7045 -0.5775
vn -0.3879 0.0547 -0.9201
vn 0.3244 0.0701 -0.9433
vn 0.9032 -0.1545 -0.4005
vn 0.2015 -0.6186 -0.7594
vn 0.4253 0.1067 0.8987
vn -0.9662 -0.2062 0.1545
vn -0.3898 0.2214 -0.8939
vn -0.9333 -0.0206 0.3584
vn -0.3896 -0.1377 0.9106
vn 0.3713 -0.1903 0.9088
vn -0.3676 -0.6617 0.6535
vn 0.8872 0.3172 -0.3350
vn -0.7179 0.6403 -0.2733
vn 0.5339 0.7465 0.3972
vn -0.3887 0.3910 0.8342
vn 0.9266 0.0225 0.3754
vn -0.7899 -0.5130 -0.3362
vn 0.6346 -0.7404 0.2216
vn -0.8487 0.0092 -0.5288
vn 0.0755 0.8723 -0.4830
vn 0.3222 -0.0769 -0.9435
vn 0.8946 0.2315 0.3823
vn -0.4279 -0.1471 0.8918
vn -0.1524 0.9357 0.3183
vn -0.3603 -0.1328 0.9233
vn -0.1007 -0.9923 -0.0728
vn 0.2793 0.3338 -0.9003
vn 0.9179 -0.1719 0.3578
vn -0.9098 0.0922 -0.4047
vn -0.7813 0.0218 -0.6237
vn 0.2717 0.8390 -0.4714
vn -0.4548 0.6860 -0.5679
vn 0.2943 -0.6726 -0.6790
vn -0.3324 -0.6082 -0.7209
vn 0.0687 0.9075 -0.4145
vn 0.0425 -0.7385 -0.6729
vn -0.4422 0.8410 0.3118
vn -0.3887 0.1055 -0.9153
vn -0.0412 0.9883 0.1466
vn 0.0232 0.2683 -0.9631
vn 0.4405 0.8693 0.2243
vn 0.4342 0.1188 -0.8930
vn -0.8118 -0.1378 0.5675
vn 0.1058 -0.0965 0.9897
vn -0.4960 0.0516 -0.8668
vn 0.3835 0.1436 -0.9123
vn 0.1097 0.8356 -0.5383
vn 0.2203 -0.6543 -0.7235
vn 0.1554 -0.9856 0.0667
vn -0.5549 -0.8173 -0.1553
vn 0.1266 0.9458 0.2992
vn -0.6966 0.7169 0.0290
vn 0.1692 -0.1016 0.9803
vn 0.0494 0.1817 -0.9821
vn 0.0527 -0.9969 0.0585
vn 0.0596 0.9165 0.3956
vn 0.0011 -0.6987 -0.7155
vn 0.0326 0.8455 -0.5330
vn -0.1995 -0.8478 0.4913
vn -0.4684 0.7462 -0.4730
vn -0.2735 -0.6007 -0.7513
vn -0.3356 0.3585 0.8711
vn -0.0516 -0.3079 -0.9500
vn 0.0455 0.9881 -0.1467
vn -0.0618 -0.8571 0.5113
vn 0.0149 0.7961 -0.6050
vn -0.0100 -0.6490 -0.7607
vn -0.0882 0.3756 0.9226
vn -0.0900 0.9618 0.2584
vn -0.0189 0.2027 -0.9791
vn 0.1516 -0.8205 0.5512
vn 0.7147 0.5814 -0.3887
vn 0.4367 -0.6245 -0.6475
vn 0.3810 0.3356 0.8615
vn 0.2485 0.1987 -0.9480
vn 0.2614 0.9519 0.1602
vn -0.2262 -0.1271 0.9658
vn 0.2326 0.1361 -0.9630
vn 0.0306 -0.9991 0.0298
vn 0.0419 0.1190 -0.9920
vn -0.1064 0.9567 0.2708
vn -0.9609 -0.0587 -0.2707
vn -0.0580 -0.8615 -0.5045
vn -0.1413 -0.1154 0.9832
vn -0.0187 0.9674 0.2527
vn -0.0635 -0.9979 0.0123
vn -0.1024 0.4152 0.9040
vn 0.1295 -0.6405 0.7569
vn 0.1891 0.7568 0.6257
vn -0.0216 0.4758 -0.8793
vn 0.0418 -0.6554 -0.7541
vn -0.0323 0.8405 -0.5408
vn -0.0055 -0.5950 -0.8037
vn -0.0248 -0.8615 0.5071
vn 0.9707 -0.1898 0.1475
vn -0.2006 -0.8222 0.5327
vn 0.0239 0.3878 0.9214
vn 0.3135 0.7507 -0.5815
vn -0.2665 0.2064 -0.9415
vn -0.2965 0.9463 0.1288
vn -0.3227 -0.5692 -0.7562
vn -0.4598 -0.7594 0.4603
vn -0.3981 0.3920 0.8293
vn -0.2490 0.7639 -0.5954
vn 0.2858 0.9390 0.1912
vn 0.3396 0.2361 -0.9105
vn 0.2641 0.4017 0.8769
vn 0.3300 0.7838 -0.5260
vn 0.3618 -0.5590 -0.7461
vn 0.3416 -0.7910 0.5076
vn -0.0426 0.0614 -0.9972
vn -0.0856 0.9228 0.3755
vn 0.0482 -0.5988 -0.7994
vn 0.1584 -0.8459 0.5092
vn 0.0254 0.4130 0.9104
vn -0.1173 0.8299 -0.5454
vn 0.2994 0.0615 -0.9522
vn 0.3158 -0.5997 -0.7353
vn 0.4696 -0.7361 0.4875
vn 0.3561 0.5399 0.7627
vn 0.2540 0.7362 -0.6272
vn 0.2862 0.9500 0.1253
vn 0.4008 -0.6081 -0.6852
vn 0.3657 0.7780 -0.5108
vn 0.4247 0.1234 -0.8969
vn 0.2963 -0.1311 0.9461
vn 0.2862 0.9275 0.2406
vn 0.3131 -0.9497 0.0053
vn -0.4337 -0.5404 -0.7210
vn -0.3197 0.8627 -0.3919
vn -0.3239 -0.9381 -0.1223
vn -0.1003 -0.3057 0.9468
vn -0.0939 0.8933 0.4396
vn -0.4283 0.2134 -0.8781
vn 0.7206 -0.6922 0.0403
vn -0.1314 -0.9750 -0.1792
vn 0.3150 0.8894 -0.3312
vn 0.4805 0.1527 -0.8636
vn -0.5045 -0.7134 0.4865
vn -0.9712 -0.2016 0.1273
vn -0.6591 0.7071 0.2561
vn -0.3465 0.8339 -0.4295
vn 0.8677 0.4700 0.1621
vn 0.1267 0.6373 0.7601
vn 0.7527 0.2253 0.6187
vn -0.0322 0.4990 0.8660
vn 0.9312 0.3567 0.0756
vn -0.3064 0.1981 0.9311
vn 0.2210 0.4172 -0.8815
vn -0.9756 0.2197 -0.0054
vn 0.8570 0.5128 0.0506
vn -0.3324 0.0233 0.9429
vn 0.3141 -0.3380 -0.8872
vn -0.6923 -0.7142 -0.1036
vn 0.8459 0.5072 0.1648
vn -0.2508 0.1031 0.9625
vn 0.5169 -0.4926 -0.7001
vn -0.5169 -0.8489 0.1102
vn 0.2009 -0.5619 -0.8024
vn 0.9258 0.1420 -0.3503
vn 0.4093 -0.9018 0.1386
vn 0.7056 0.4770 -0.5241
vn -0.8416 0.4581 -0.2860
vn -0.8756 0.0307 0.4821
vn -0.7808 -0.4264 0.4567
vn -0.4118 0.9034 -0.1199
vn -0.2718 0.9617 -0.0361
vn 0.0194 0.5812 -0.8135
vn 0.1014 -0.9378 0.3321
vn -0.7610 -0.6383 -0.1162
vn 0.5844 0.6473 0.4894
vn 0.5384 0.1672 0.8259
vn -0.2606 0.3417 0.9029
vn 0.9074 0.4147 -0.0680
vn -0.8279 0.2526 0.5008
vn -0.0482 -0.9740 0.2214
vn 0.7789 -0.2867 -0.5578
vn -0.2516 0.9218 -0.2949
vn 0.5320 0.2112 0.8200
vn -0.5949 0.4154 -0.6881
vn -0.8788 0.1746 0.4441
vn 0.6534 0.3871 -0.6506
vn -0.2339 -0.2230 0.9463
vn -0.9993 -0.0043 -0.0377
vn 0.9890 -0.1104 -0.0988
vn 0.0868 0.1547 -0.9841
vn 0.3193 0.4704 0.8226
vn -0.3017 -0.7077 -0.6389
vn -0.7464 -0.4850 0.4557
vn 0.7319 0.1052 -0.6733
vn 0.1103 -0.0019 -0.9939
vn 0.5299 0.1077 -0.8412
vn -0.9133 -0.3458 -0.2151
vn -0.7394 -0.3517 0.5742
vn 0.4909 0.2899 0.8215
vn 0.1172 -0.9499 -0.2897
vn -0.3349 -0.5962 0.7297
vn 0.9422 -0.1243 -0.3111
vn -0.4525 0.2668 0.8509
vn -0.7287 -0.6825 -0.0559
vn 0.6851 0.7279 0.0287
vn 0.3146 -0.3443 -0.8846
vn 0.8747 -0.3688 -0.3145
vn -0.8911 0.3876 0.2360
vn 0.1163 0.9040 -0.4113
vn -0.6485 -0.5075 0.5673
vn -0.2794 -0.8499 0.4467
vn -0.5235 -0.0468 -0.8508
vn -0.8780 -0.1204 0.4632
vn 0.4484 0.5972 -0.6650
vn 0.4720 -0.8687 -0.1501
vn -0.6910 0.7031 0.1679
vn 0.4231 0.1197 -0.8982
vn 0.6583 -0.1938 0.7274
vn 0.5814 0.0391 -0.8127
vn -0.6593 0.1493 -0.7369
vn -0.7877 -0.3214 0.5257
vn -0.5561 -0.2634 -0.7882
vn -0.9351 -0.2999 0.1886
vn -0.5578 -0.2384 0.7950
vn 0.6200 -0.6293 0.4686
vn 0.0829 0.7009 0.7084
vn 0.7249 0.1908 -0.6619
vn -0.3200 -0.7240 -0.6110
vn -0.4021 -0.3007 0.8648
vn 0.6142 -0.7487 0.2495
vn 0.9409 0.3035 -0.1502
vn -0.1264 0.7736 0.6210
vn 0.0574 -0.7357 0.6749
vn 0.4799 0.8671 0.1336
vn 0.9092 -0.4152 -0.0320
vn -0.5444 0.2067 0.8130
vn -0.0354 0.0866 0.9956
vn -0.8185 0.5745 0.0032
vn 0.9631 0.2538 -0.0894
vn -0.0062 0.7587 -0.6514
vn -0.7401 0.2691 0.6163
vn 0.6942 0.2095 0.6886
vn 0.5112 0.2621 -0.8185
vn -0.4141 0.7973 -0.4390
vn 0.2830 -0.4080 -0.8680
vn 0.7949 -0.6055 -0.0374
vn -0.7578 -0.6107 -0.2298
vn -0.1732 -0.7562 0.6311
vn 0.6711 -0.4560 -0.5845
vn -0.3926 -0.5049 -0.7687
vn -0.6592 -0.7093 0.2496
vn 0.4728 -0.7475 0.4666
vn 0.0972 0.1757 -0.9796
vn 0.5978 0.8016 0.0034
vn -0.9525 -0.2506 -0.1731
vn -0.4627 0.3177 0.8276
vn 0.4759 0.5518 -0.6848
vn -0.5734 -0.1611 -0.8033
vn -0.9219 -0.0916 0.3765
vn 0.1692 0.7270 0.6655
vn 0.2974 -0.9539 0.0403
vn -0.4202 0.9074 -0.0025
vn -0.3815 -0.7757 0.5027
vn 0.2618 0.8540 -0.4497
vn 0.7061 -0.6251 -0.3327
vn -0.8310 0.4403 0.3400
vn -0.8073 -0.1035 0.5809
vn 0.7800 0.1271 -0.6127
vn 0.9851 0.1389 0.1014
vn 0.2156 0.2904 -0.9323
vn -0.9893 0.0608 -0.1327
vn -0.3295 -0.0625 0.9421
vn 0.7119 0.2748 -0.6462
vn -0.5797 0.2016 -0.7895
vn -0.9196 0.0080 0.3928
vn 0.5466 -0.0339 0.8367
vn 0.4271 0.8027 -0.4163
vn 0.5749 0.1449 -0.8053
vn 0.2649 0.8171 -0.5120
vn 0.2410 0.9126 0.3303
vn -0.0460 0.8427 -0.5364
vn 0.4527 0.7903 -0.4128
vn -0.0347 0.1063 -0.9937
vn -0.0732 0.9477 0.3105
vn 0.3972 0.8349 0.3810
vn -0.1709 -0.1193 0.9780
vn 0.2510 -0.1011 0.9627
vn 0.1216 -0.1825 0.9757
vn -0.1392 -0.9903 0.0010
vn 0.2792 -0.9553 0.0972
vn 0.3933 -0.9183 0.0452
vn -0.0539 -0.6830 -0.7284
vn 0.4593 -0.6323 -0.6239
vn 0.5005 -0.6105 -0.6138
vn 0.7616 -0.4484 -0.4679
vn 0.4533 0.1086 -0.8847
vn 0.8721 0.0633 -0.4852
vn 0.7832 0.5382 -0.3113
vn 0.9976 0.0090 -0.0680
vn 0.9225 0.0761 0.3785
vn 0.6900 -0.7074 -0.1530
vn 0.6537 0.7452 -0.1318
vn 0.5636 0.7804 0.2709
vn -0.1248 0.9265 -0.3551
vn -0.1779 0.9828 0.0498
vn 0.7219 0.6624 -0.2001
vn -0.9025 -0.1084 -0.4167
vn -0.9825 0.0058 -0.1864
vn 0.5993 0.0009 -0.8005
vn -0.0438 -0.9519 -0.3031
vn -0.0737 -0.9937 0.0847
vn 0.7275 -0.5807 -0.3654
vn -0.1623 -0.9038 0.3960
vn 0.6486 -0.7060 0.2845
vn 0.5178 -0.6989 0.4934
vn 0.4949 -0.6541 0.5720
vn 0.7928 0.0251 0.6090
vn 0.6768 0.0300 0.7356
vn 0.4285 0.7337 0.5274
vn 0.4629 0.7007 0.5428
vn -0.2699 0.8563 0.4404
vn 0.4265 0.7882 0.4437
vn -0.9872 -0.0796 0.1385
vn 0.4698 -0.1433 0.8711
vn 0.2779 0.0343 -0.9600
vn 0.3903 -0.7792 0.4905
vn 0.3893 -0.9050 -0.1718
vn 0.3958 -0.7630 0.5111
vn 0.0050 -0.9539 -0.3002
vn -0.2922 -0.8530 -0.4324
vn -0.0115 -0.8236 0.5670
vn 0.0263 0.2220 -0.9747
vn 0.0214 0.9976 0.0664
vn -0.2179 0.3350 -0.9167
vn 0.7250 0.2355 -0.6472
vn -0.2968 0.9361 0.1888
vn 0.0989 0.7064 0.7008
vn -0.2698 0.3706 0.8887
vn -0.2401 0.2114 0.9474
vn -0.0133 0.5611 0.8277
vn -0.2735 -0.3664 0.8893
vn -0.0249 -0.1968 0.9801
vn -0.3257 -0.4333 0.8403
vn -0.2338 -0.8668 0.4404
vn -0.2254 -0.8564 0.4646
vn 0.1566 -0.9875 -0.0158
vn -0.3590 -0.8958 0.2622
vn -0.6813 -0.7191 -0.1365
vn -0.5667 -0.4187 0.7096
vn 0.2272 -0.9628 -0.1463
vn 0.1934 -0.8861 -0.4213
vn 0.9996 0.0182 0.0235
vn 0.9750 0.1344 -0.1768
vn 0.2171 0.7702 0.5997
vn 0.1066 0.9405 0.3228
vn -0.4346 0.3220 0.8411
vn -0.7932 0.4823 0.3718
vn -0.7726 0.6251 0.1113
vn -0.9655 -0.2077 0.1568
vn -0.9419 0.0569 -0.3309
vn -0.6619 -0.6330 -0.4016
vn -0.2379 0.3705 -0.8978
vn 0.8030 0.2868 -0.5224
vn -0.0659 0.9963 -0.0551
vn 0.0120 -0.6420 -0.7666
vn 0.5518 -0.0393 0.8331
vn 0.4003 0.7232 0.5628
vn 0.3956 0.9162 -0.0634
vn 0.3759 -0.6165 -0.6918
vn -0.3324 -0.6082 -0.7208
vn 0.3805 0.1426 -0.9137
vn 0.1566 -0.9871 0.0343
vn -0.1019 -0.1192 0.9876
vn -0.4548 0.6860 -0.5680
vn 0.0228 0.9610 0.2755
vn 0.3664 0.8211 -0.4376
vn 0.4132 0.1405 -0.8997
vn 0.2121 0.8345 -0.5085
vn 0.2402 0.9095 0.3394
vn -0.0302 0.8516 -0.5233
vn 0.4541 0.7923 -0.4075
vn -0.1091 0.1306 -0.9854
vn -0.0333 0.9443 0.3273
vn 0.4207 0.8256 0.3761
vn -0.2261 -0.1326 0.9650
vn 0.1287 -0.1320 0.9829
vn 0.1184 -0.1897 0.9747
vn -0.2852 -0.9584 -0.0140
vn 0.0643 -0.9970 0.0427
vn 0.3654 -0.9271 0.0828
vn -0.1966 -0.6479 -0.7359
vn 0.2335 -0.6716 -0.7032
vn 0.3307 -0.6479 -0.6862
vn 0.5572 -0.5253 -0.6431
vn 0.3569 0.1196 -0.9265
vn 0.6293 -0.0087 -0.7771
vn 0.6023 0.5421 -0.5860
vn 0.8382 0.0332 -0.5443
vn 0.9995 -0.0253 -0.0204
vn 0.5416 -0.7097 -0.4505
vn 0.4698 0.7421 -0.4782
vn 0.6938 0.7202 0.0038
vn -0.2310 0.9071 -0.3518
vn -0.0514 0.9979 0.0406
vn 0.6047 0.6568 -0.4505
vn -0.9884 -0.0203 -0.1504
vn -0.9941 0.0525 0.0952
vn 0.4707 -0.2950 -0.8315
vn -0.1849 -0.9212 -0.3423
vn -0.1481 -0.9883 0.0369
vn 0.5836 -0.6816 -0.4414
vn -0.1831 -0.8770 0.4443
vn 0.6363 -0.7712 -0.0174
vn 0.5661 -0.8009 0.1950
vn 0.6491 -0.7476 0.1406
vn 0.9706 -0.1031 0.2174
vn 0.9484 -0.1120 0.2965
vn 0.7294 0.6539 0.2011
vn 0.8037 0.5624 0.1945
vn 0.0272 0.8899 0.4554
vn 0.7729 0.6275 0.0948
vn -0.8982 0.1245 0.4215
vn 0.9300 0.1370 0.3412
vn 0.7045 -0.7092 0.0268
vn 0.1597 0.1594 -0.9742
vn -0.0361 0.3395 -0.9399
vn 0.2569 -0.9361 -0.2400
vn 0.4640 0.8840 -0.0562
vn 0.0569 0.9773 0.2042
vn 0.5779 0.6128 0.5390
vn 0.0614 0.4330 0.8993
vn 0.7154 -0.1634 0.6793
vn 0.0209 -0.2901 0.9568
vn 0.4318 -0.8395 0.3299
vn -0.0398 -0.8551 0.5170
vn -0.0885 -0.9105 -0.4039
vn -0.2807 -0.9001 0.3331
vn -0.2482 -0.9046 0.3465
vn -0.3753 -0.7783 -0.5035
vn -0.2484 -0.4729 0.8454
vn -0.2740 -0.5487 0.7898
vn -0.2003 0.2595 0.9447
vn -0.1938 0.0874 0.9771
vn -0.2122 0.9128 0.3490
vn 0.0248 0.8028 0.5958
vn -0.3344 0.4780 -0.8122
vn 0.3205 0.5112 -0.7975
vn -0.0380 -0.8980 -0.4383
vn 0.9080 0.2568 -0.3312
vn 0.8899 0.2702 -0.3676
vn 0.2038 0.7806 0.5909
vn 0.2132 -0.8886 -0.4061
vn 0.1689 -0.7983 -0.5781
vn -0.2868 -0.9427 0.1705
vn -0.6482 -0.7541 -0.1061
vn -0.4285 -0.5606 0.7087
vn -0.9017 -0.3089 0.3027
vn -0.3051 0.1606 0.9387
vn -0.7499 0.3576 0.5566
vn -0.7839 0.5218 0.3365
vn 0.0665 0.9200 0.3862
vn -0.1587 0.9837 0.0850
vn 0.6517 0.4266 -0.6271
vn -0.4470 0.4384 -0.7798
vn -0.9918 -0.0082 -0.1276
vn -0.0938 -0.5514 -0.8290
vn -0.6771 -0.6548 -0.3360
vn 0.1882 -0.6455 -0.7402
vn -0.3863 -0.5556 -0.7363
vn 0.2704 0.1429 -0.9521
vn -0.0329 -0.9995 0.0001
vn -0.2003 -0.1388 0.9699
vn -0.6240 -0.7610 -0.1776
vn -0.8199 -0.0834 0.5664
vn -0.9629 0.0272 -0.2685
vn -0.4913 0.1171 -0.8631
vn -0.6325 0.7727 0.0539
vn -0.3941 0.7390 -0.5464
vn 0.0076 0.9524 0.3048
vn 0.2992 0.8397 -0.4531
vn 0.3339 0.1421 -0.9318
vn 0.1610 0.8421 -0.5148
vn 0.1719 0.9277 0.3314
vn 0.0536 0.8575 -0.5116
vn 0.4246 0.7767 -0.4652
vn -0.0146 0.1382 -0.9903
vn 0.0312 0.9557 0.2928
vn 0.4066 0.8643 0.2962
vn -0.1750 -0.1304 0.9759
vn 0.0344 -0.1343 0.9903
vn 0.2905 -0.1759 0.9406
vn -0.1889 -0.9819 -0.0106
vn 0.0149 -0.9993 0.0347
vn 0.3103 -0.9504 0.0210
vn -0.1129 -0.6700 -0.7337
vn 0.1738 -0.6819 -0.7105
vn 0.3491 -0.6364 -0.6878
vn -0.0362 -0.0030 -0.9993
vn 0.4050 0.1105 -0.9076
vn -0.0458 0.1339 -0.9899
vn -0.0820 0.4947 -0.8652
vn 0.3034 0.1214 -0.9451
vn 0.9900 -0.0900 -0.1089
vn -0.0328 -0.6241 -0.7807
vn 0.0230 0.8114 -0.5840
vn 0.7975 0.6022 0.0369
vn -0.3929 0.8611 -0.3227
vn -0.0399 0.9556 0.2920
vn 0.7252 0.0029 -0.6886
vn -0.9384 0.0489 -0.3421
vn -0.9485 0.0360 0.3148
vn 0.9951 0.0499 0.0857
vn -0.5967 -0.5349 -0.5982
vn -0.1870 -0.9813 -0.0459
vn 0.9651 0.1472 -0.2165
vn -0.1313 -0.9907 0.0343
vn 0.6691 -0.7222 -0.1757
vn 0.4078 -0.8352 0.3690
vn 0.3202 -0.8124 0.4873
vn 0.8242 -0.1865 0.5348
vn 0.6543 -0.2083 0.7270
vn 0.6906 0.5612 0.4561
vn 0.6109 0.4681 0.6385
vn 0.2050 0.9196 0.3352
vn 0.5258 0.8501 0.0287
vn -0.9938 0.1111 0.0074
vn 0.4046 -0.0167 -0.9143
vn 0.0766 -0.9611 -0.2653
vn 0.2967 0.1228 -0.9470
vn 0.1402 0.3869 -0.9114
vn 0.0539 -0.9578 -0.2824
vn 0.5694 0.8216 0.0282
vn 0.2359 0.9369 0.2579
vn 0.4847 0.5207 0.7028
vn 0.0487 0.4157 0.9082
vn 0.4021 -0.2237 0.8878
vn -0.1386 -0.3268 0.9349
vn 0.1440 -0.8586 0.4921
vn -0.2185 -0.8797 0.4224
vn -0.1866 -0.8686 -0.4589
vn -0.5536 -0.8088 0.1984
vn -0.5291 -0.8195 0.2202
vn -0.5232 -0.6097 -0.5954
vn -0.5069 -0.4354 0.7440
vn -0.5658 -0.4859 0.6662
vn -0.3483 0.2620 0.9000
vn -0.4073 0.1118 0.9064
vn -0.1912 0.9058 0.3780
vn -0.0577 0.7430 0.6668
vn -0.1692 0.6003 -0.7817
vn 0.3140 0.6911 -0.6510
vn -0.2717 -0.8758 -0.3991
vn 0.9630 0.1422 -0.2288
vn 0.8933 0.2566 -0.3690
vn 0.2931 0.7068 0.6438
vn 0.2349 -0.8929 -0.3840
vn 0.1236 -0.7843 -0.6080
vn -0.3671 -0.9256 0.0927
vn -0.6551 -0.7430 -0.1372
vn -0.5055 -0.5713 0.6466
vn -0.9052 -0.3010 0.3000
vn -0.3017 0.1395 0.9432
vn -0.7157 0.3644 0.5958
vn -0.7624 0.5210 0.3838
vn 0.1062 0.8912 0.4411
vn -0.1245 0.9827 0.1370
vn 0.6545 0.4350 -0.6184
vn -0.4458 0.4909 -0.7485
vn -0.9944 0.0213 -0.1033
vn -0.1301 -0.5077 -0.8516
vn -0.7050 -0.6209 -0.3427
vn 0.1325 -0.6503 -0.7480
vn 0.2178 0.1452 -0.9651
vn -0.0847 -0.9964 -0.0047
vn -0.2640 -0.1346 0.9551
vn -0.3942 0.7390 -0.5464
vn -0.0395 0.9531 0.3002
vt 0.799852 0.989145
vt 0.773720 0.992197
vt 0.768824 0.952512
vt 0.797748 0.954748
vt 0.743479 0.989099
vt 0.740241 0.950409
vt 0.744330 0.911784
vt 0.764701 0.912906
vt 0.795996 0.920342
vt 0.713784 0.942864
vt 0.712550 0.918492
vt 0.716474 0.974425
vt 0.775008 0.050018
vt 0.763524 0.041142
vt 0.774538 0.042328
vt 0.784836 0.048082
vt 0.782783 0.058195
vt 0.793631 0.055613
vt 0.713180 0.909003
vt 0.725551 0.907169
vt 0.788093 0.062879
vt 0.784203 0.062175
vt 0.787782 0.007810
vt 0.788006 0.011600
vt 0.782954 0.009188
vt 0.781234 0.005595
vt 0.032507 0.576268
vt 0.036267 0.570300
vt 0.040136 0.570413
vt 0.038047 0.578283
vt 0.035888 0.566960
vt 0.039339 0.567020
vt 0.802973 0.062666
vt 0.802769 0.060301
vt 0.805105 0.059162
vt 0.806418 0.060576
vt 0.806796 0.067751
vt 0.811346 0.064107
vt 0.004163 0.801901
vt 0.014200 0.783199
vt 0.020621 0.786304
vt 0.008578 0.804948
vt 0.020575 0.740727
vt 0.027287 0.743281
vt 0.033549 0.748604
vt 0.029460 0.789215
vt 0.018404 0.804400
vt 0.008531 0.672296
vt 0.016520 0.672739
vt 0.000566 0.612653
vt 0.008122 0.614029
vt 0.014305 0.619593
vt 0.022560 0.678902
vt 0.027843 0.563796
vt 0.027315 0.559162
vt 0.030181 0.561005
vt 0.031540 0.565772
vt 0.026003 0.553866
vt 0.030075 0.556806
vt 0.034691 0.559424
vt 0.034631 0.563276
vt 0.789520 0.020107
vt 0.791621 0.015415
vt 0.790610 0.017734
vt 0.792522 0.012313
vt 0.797091 0.017822
vt 0.794871 0.020168
vt 0.792057 0.021268
vt 0.834349 0.981142
vt 0.818486 0.985403
vt 0.824337 0.962844
vt 0.848284 0.974339
vt 0.828791 0.939563
vt 0.849769 0.961115
vt 0.031398 0.541813
vt 0.033304 0.542774
vt 0.032540 0.544082
vt 0.030870 0.542816
vt 0.795995 0.062380
vt 0.789995 0.067127
vt 0.034272 0.548161
vt 0.031372 0.548552
vt 0.031237 0.544286
vt 0.030462 0.543139
vt 0.027274 0.540794
vt 0.029711 0.541073
vt 0.029959 0.542230
vt 0.028988 0.541947
vt 0.030020 0.542703
vt 0.029556 0.542381
vt 0.812885 0.043516
vt 0.808145 0.044461
vt 0.803040 0.037530
vt 0.806739 0.036459
vt 0.804230 0.048313
vt 0.797746 0.040715
vt 0.789460 0.032069
vt 0.798458 0.030433
vt 0.802317 0.029820
vt 0.799629 0.024415
vt 0.796536 0.025184
vt 0.791997 0.026252
vt 0.783484 0.039967
vt 0.791925 0.045988
vt 0.798550 0.051011
vt 0.029676 0.551622
vt 0.031698 0.553495
vt 0.033500 0.551446
vt 0.036412 0.553375
vt 0.035843 0.555725
vt 0.964158 0.165146
vt 0.962577 0.168546
vt 0.947897 0.166411
vt 0.950801 0.161225
vt 0.957862 0.171529
vt 0.945863 0.170500
vt 0.924177 0.158168
vt 0.926025 0.153571
vt 0.925961 0.147793
vt 0.889214 0.119194
vt 0.887588 0.112379
vt 0.885709 0.124623
vt 0.847588 0.090107
vt 0.851409 0.083686
vt 0.850842 0.075892
vt 0.810454 0.053766
vt 0.807965 0.056955
vt 0.806477 0.055600
vt 0.808457 0.051693
vt 0.804160 0.057744
vt 0.802483 0.056394
vt 0.803936 0.054196
vt 0.800502 0.054230
vt 0.800455 0.055712
vt 0.799304 0.055984
vt 0.798340 0.055819
vt 0.040260 0.557163
vt 0.039138 0.560987
vt 0.039808 0.553795
vt 0.799958 0.056692
vt 0.798993 0.056779
vt 0.801438 0.057572
vt 0.006654 0.814765
vt 0.000566 0.809063
vt 0.022283 0.811322
vt 0.971911 0.169477
vt 0.961707 0.175058
vt 0.971595 0.163243
vt 0.811752 0.048718
vt 0.810292 0.049043
vt 0.811905 0.049444
vt 0.811837 0.050839
vt 0.038681 0.564250
vt 0.802503 0.058752
vt 0.029675 0.686872
vt 0.041551 0.753929
vt 0.021660 0.626896
vt 0.877427 0.126647
vt 0.839541 0.093697
vt 0.918740 0.161877
vt 0.038353 0.793071
vt 0.944492 0.175546
vt 0.819321 0.045378
vt 0.832604 0.046010
vt 0.831866 0.052836
vt 0.820346 0.050995
vt 0.851639 0.058436
vt 0.849997 0.066628
vt 0.830843 0.059975
vt 0.819036 0.056100
vt 0.036739 0.551325
vt 0.798088 0.058794
vt 0.887158 0.095137
vt 0.885597 0.103507
vt 0.929862 0.133782
vt 0.926982 0.140270
vt 0.959368 0.150363
vt 0.955638 0.155164
vt 0.972278 0.158133
vt 0.815831 0.060215
vt 0.810021 0.057832
vt 0.812890 0.054701
vt 0.018756 0.572232
vt 0.026182 0.567136
vt 0.031551 0.569626
vt 0.026025 0.575008
vt 0.006728 0.584794
vt 0.014146 0.587352
vt 0.021188 0.590769
vt 0.828937 0.066511
vt 0.824807 0.072649
vt 0.813231 0.047457
vt 0.814205 0.050953
vt 0.028252 0.595293
vt 0.819112 0.077619
vt 0.030808 0.544662
vt 0.030384 0.543356
vt 0.030432 0.547839
vt 0.029228 0.547290
vt 0.029859 0.545185
vt 0.029843 0.543921
vt 0.021740 0.543400
vt 0.023873 0.540955
vt 0.024387 0.542475
vt 0.022938 0.544559
vt 0.026602 0.541848
vt 0.026593 0.543293
vt 0.025302 0.543915
vt 0.024561 0.545313
vt 0.029928 0.542918
vt 0.029271 0.542570
vt 0.029454 0.543423
vt 0.028716 0.543199
vt 0.028284 0.542118
vt 0.027773 0.543103
vt 0.028830 0.550373
vt 0.026101 0.550879
vt 0.026480 0.548930
vt 0.028048 0.548861
vt 0.021989 0.548275
vt 0.023416 0.548130
vt 0.024935 0.547458
vt 0.027642 0.547560
vt 0.028250 0.546415
vt 0.026785 0.547107
vt 0.027428 0.545078
vt 0.025872 0.546669
vt 0.025913 0.545394
vt 0.027569 0.543802
vt 0.026866 0.544180
vt 0.028154 0.543912
vt 0.026031 0.544525
vt 0.028873 0.543921
vt 0.028929 0.544490
vt 0.028996 0.545348
vt 0.479412 0.374600
vt 0.483327 0.388787
vt 0.491409 0.385005
vt 0.483991 0.372010
vt 0.499713 0.380327
vt 0.489982 0.368966
vt 0.388825 0.394191
vt 0.397156 0.382924
vt 0.391477 0.379240
vt 0.382965 0.389326
vt 0.394813 0.398065
vt 0.401160 0.385591
vt 0.467868 0.358831
vt 0.470951 0.355041
vt 0.452953 0.350860
vt 0.449122 0.356113
vt 0.419807 0.369920
vt 0.420688 0.363673
vt 0.407091 0.371327
vt 0.408056 0.376552
vt 0.423313 0.360004
vt 0.406918 0.361791
vt 0.473550 0.349277
vt 0.454891 0.346883
vt 0.475902 0.366807
vt 0.472114 0.370174
vt 0.475162 0.377779
vt 0.466730 0.374823
vt 0.471496 0.380598
vt 0.463862 0.363744
vt 0.460220 0.369041
vt 0.496930 0.364675
vt 0.491569 0.356390
vt 0.483972 0.361299
vt 0.487282 0.343523
vt 0.500851 0.352245
vt 0.499892 0.337905
vt 0.502966 0.361320
vt 0.404853 0.380859
vt 0.402246 0.378016
vt 0.397518 0.372608
vt 0.456205 0.382919
vt 0.467089 0.390183
vt 0.407315 0.397808
vt 0.414264 0.391418
vt 0.408449 0.384912
vt 0.405779 0.389519
vt 0.418592 0.382742
vt 0.411290 0.381224
vt 0.448225 0.372168
vt 0.379525 0.372474
vt 0.380136 0.364725
vt 0.367254 0.364643
vt 0.371080 0.376542
vt 0.514400 0.366071
vt 0.516346 0.352061
vt 0.515430 0.334364
vt 0.381159 0.349911
vt 0.366537 0.348715
vt 0.412818 0.298814
vt 0.416261 0.195062
vt 0.403637 0.191485
vt 0.399619 0.294777
vt 0.390011 0.185703
vt 0.385077 0.289684
vt 0.404083 0.087806
vt 0.390239 0.073928
vt 0.417226 0.082666
vt 0.384328 0.374997
vt 0.376231 0.383424
vt 0.508456 0.374120
vt 0.393558 0.354472
vt 0.388706 0.367347
vt 0.474310 0.010555
vt 0.467685 0.010667
vt 0.466478 0.016708
vt 0.473665 0.021126
vt 0.460094 0.032546
vt 0.466181 0.061518
vt 0.461020 0.015329
vt 0.456532 0.024685
vt 0.462978 0.010207
vt 0.465113 0.276513
vt 0.464340 0.168831
vt 0.448239 0.173281
vt 0.446840 0.280868
vt 0.429401 0.298450
vt 0.432031 0.195537
vt 0.432921 0.096474
vt 0.449384 0.079828
vt 0.498237 0.271093
vt 0.494111 0.163800
vt 0.479105 0.166472
vt 0.481766 0.273284
vt 0.481457 0.066937
vt 0.498516 0.058108
vt 0.375798 0.185013
vt 0.369159 0.287439
vt 0.514224 0.269435
vt 0.507469 0.163525
vt 0.510856 0.071856
vt 0.377487 0.085832
vt 0.482616 0.009577
vt 0.484011 0.004530
vt 0.475313 0.001200
vt 0.403104 0.028077
vt 0.411352 0.004628
vt 0.403736 0.000566
vt 0.396253 0.008573
vt 0.493054 0.009371
vt 0.494894 0.000566
vt 0.409818 0.045739
vt 0.402475 0.050653
vt 0.395691 0.042619
vt 0.508487 0.031041
vt 0.503012 0.016922
vt 0.494238 0.021338
vt 0.501861 0.009718
vt 0.508682 0.015810
vt 0.506834 0.010522
vt 0.512358 0.024118
vt 0.483682 0.023658
vt 0.446554 0.015000
vt 0.444512 0.030172
vt 0.443379 0.043232
vt 0.441508 0.028136
vt 0.428458 0.037411
vt 0.430561 0.044853
vt 0.435022 0.015545
vt 0.428424 0.029534
vt 0.453274 0.004399
vt 0.446640 0.045143
vt 0.439949 0.058869
vt 0.424997 0.053507
vt 0.421670 0.041465
vt 0.421324 0.029592
vt 0.424903 0.008868
vt 0.463409 0.000566
vt 0.375287 0.039930
vt 0.377776 0.034460
vt 0.368748 0.027028
vt 0.366537 0.038812
vt 0.520612 0.028711
vt 0.519338 0.016485
vt 0.514285 0.006857
vt 0.379409 0.027657
vt 0.375134 0.017083
vt 0.506545 0.001695
vt 0.384116 0.012533
vt 0.386123 0.028238
vt 0.384387 0.037865
vt 0.380054 0.046632
vt 0.369882 0.051095
vt 0.517299 0.040417
vt 0.383433 0.333771
vt 0.368001 0.332416
vt 0.516364 0.316934
vt 0.500199 0.320214
vt 0.484451 0.324732
vt 0.468293 0.329616
vt 0.451297 0.332695
vt 0.424348 0.346435
vt 0.409397 0.344596
vt 0.396814 0.338837
vt 0.406294 0.382463
vt 0.403865 0.387838
vt 0.409516 0.379211
vt 0.479194 0.364477
vt 0.446531 0.363516
vt 0.419837 0.376170
vt 0.475094 0.391349
vt 0.401278 0.400078
vt 0.142704 0.824004
vt 0.154008 0.827182
vt 0.150527 0.848689
vt 0.132763 0.837100
vt 0.162906 0.824795
vt 0.167994 0.838144
vt 0.723825 0.746591
vt 0.709829 0.738734
vt 0.718022 0.733962
vt 0.725963 0.736362
vt 0.737828 0.738946
vt 0.732436 0.733682
vt 0.735182 0.653289
vt 0.735069 0.537090
vt 0.738917 0.536098
vt 0.741144 0.649851
vt 0.741802 0.452996
vt 0.749874 0.453146
vt 0.141429 0.627460
vt 0.135354 0.556123
vt 0.143829 0.557549
vt 0.146470 0.627127
vt 0.138627 0.732956
vt 0.146798 0.729692
vt 0.165563 0.794742
vt 0.176576 0.799953
vt 0.159237 0.728861
vt 0.164618 0.732066
vt 0.705933 0.707150
vt 0.714967 0.646232
vt 0.720482 0.650583
vt 0.716474 0.710750
vt 0.727357 0.713417
vt 0.728444 0.653397
vt 0.736478 0.712362
vt 0.745945 0.709479
vt 0.127221 0.799478
vt 0.141511 0.794280
vt 0.154490 0.793335
vt 0.153442 0.727918
vt 0.740426 0.421030
vt 0.749485 0.417844
vt 0.737037 0.413277
vt 0.741449 0.405299
vt 0.137099 0.525645
vt 0.145924 0.516825
vt 0.151427 0.522305
vt 0.147031 0.528863
vt 0.152708 0.627892
vt 0.154767 0.559902
vt 0.164864 0.561871
vt 0.158017 0.629415
vt 0.162259 0.631056
vt 0.172043 0.563135
vt 0.714239 0.536859
vt 0.707588 0.457704
vt 0.717285 0.456749
vt 0.719638 0.537858
vt 0.727682 0.537948
vt 0.730165 0.454852
vt 0.159894 0.515009
vt 0.159564 0.523330
vt 0.728210 0.413421
vt 0.725520 0.401211
vt 0.718827 0.413784
vt 0.710957 0.407004
vt 0.171609 0.520552
vt 0.166376 0.524608
vt 0.157823 0.531220
vt 0.167778 0.532316
vt 0.176576 0.532181
vt 0.705933 0.421338
vt 0.717623 0.423299
vt 0.729984 0.422932
vt 0.087153 0.819875
vt 0.098983 0.824169
vt 0.092420 0.845580
vt 0.075503 0.831395
vt 0.109505 0.821852
vt 0.112208 0.835970
vt 0.778101 0.731251
vt 0.760946 0.724106
vt 0.769937 0.717530
vt 0.779149 0.719490
vt 0.792227 0.721495
vt 0.785778 0.715823
vt 0.781093 0.623586
vt 0.779706 0.511186
vt 0.783291 0.511613
vt 0.787958 0.622501
vt 0.785794 0.437573
vt 0.793239 0.437267
vt 0.097170 0.616433
vt 0.091687 0.550329
vt 0.098571 0.553084
vt 0.101282 0.618778
vt 0.088668 0.722249
vt 0.098257 0.722802
vt 0.117870 0.792568
vt 0.128720 0.798405
vt 0.120348 0.724565
vt 0.127492 0.725428
vt 0.751007 0.689965
vt 0.754334 0.622253
vt 0.765964 0.623878
vt 0.765660 0.691377
vt 0.778251 0.692488
vt 0.775381 0.624280
vt 0.787625 0.690593
vt 0.798407 0.688174
vt 0.074028 0.792202
vt 0.089448 0.789871
vt 0.105398 0.790565
vt 0.111018 0.723469
vt 0.782702 0.413103
vt 0.790152 0.409057
vt 0.777994 0.408919
vt 0.779925 0.401211
vt 0.095858 0.526159
vt 0.105084 0.520666
vt 0.108700 0.526932
vt 0.103596 0.530706
vt 0.108614 0.622230
vt 0.107668 0.557561
vt 0.117061 0.561285
vt 0.115360 0.624887
vt 0.116204 0.625157
vt 0.123063 0.562849
vt 0.761243 0.517620
vt 0.756849 0.447954
vt 0.764429 0.445513
vt 0.766038 0.516109
vt 0.773592 0.513403
vt 0.775636 0.441278
vt 0.119064 0.522081
vt 0.116337 0.529531
vt 0.769595 0.411333
vt 0.763735 0.401724
vt 0.761065 0.412949
vt 0.752054 0.408826
vt 0.127626 0.529603
vt 0.121797 0.531810
vt 0.112333 0.534682
vt 0.120851 0.537437
vt 0.128720 0.538880
vt 0.751007 0.419738
vt 0.762248 0.419601
vt 0.773719 0.416925
vt 0.982014 0.660856
vt 0.969316 0.661233
vt 0.969597 0.682500
vt 0.982888 0.683651
vt 0.970595 0.698948
vt 0.981284 0.698235
vt 0.957164 0.682562
vt 0.959508 0.696549
vt 0.958218 0.660890
vt 0.962053 0.644579
vt 0.949277 0.638019
vt 0.942823 0.658803
vt 0.688657 0.384362
vt 0.710023 0.381564
vt 0.706311 0.366708
vt 0.689482 0.368506
vt 0.722737 0.372945
vt 0.714354 0.363960
vt 0.965818 0.636714
vt 0.960201 0.626004
vt 0.693425 0.342569
vt 0.669995 0.339511
vt 0.669291 0.353809
vt 0.691421 0.355990
vt 0.667315 0.366683
vt 0.652571 0.351175
vt 0.653584 0.362469
vt 0.654734 0.340012
vt 0.982022 0.635902
vt 0.992205 0.626231
vt 0.977387 0.620981
vt 0.974103 0.636890
vt 0.728957 0.356414
vt 0.715136 0.354469
vt 0.724393 0.341861
vt 0.715983 0.347741
vt 0.707166 0.355587
vt 0.709839 0.346205
vt 0.950884 0.705492
vt 0.970489 0.714898
vt 0.989459 0.707048
vt 0.636878 0.348555
vt 0.647022 0.330603
vt 0.643512 0.369462
vt 0.981588 0.644049
vt 0.971211 0.645730
vt 0.662396 0.381201
vt 0.942007 0.685169
vt 0.997186 0.686241
vt 0.997186 0.659401
vt 0.668553 0.324850
vt 0.694929 0.328063
vt 0.714356 0.333584
vt 0.997020 0.638677
vt 0.464385 0.799307
vt 0.464599 0.791271
vt 0.456565 0.789027
vt 0.457161 0.798256
vt 0.471732 0.798301
vt 0.472753 0.789036
vt 0.464652 0.785487
vt 0.459474 0.782496
vt 0.463618 0.812704
vt 0.470944 0.811259
vt 0.521449 0.779965
vt 0.519245 0.779805
vt 0.519054 0.782669
vt 0.521958 0.782965
vt 0.518901 0.790066
vt 0.522495 0.790800
vt 0.516225 0.782563
vt 0.515350 0.790262
vt 0.517050 0.779731
vt 0.527352 0.782950
vt 0.527124 0.791919
vt 0.524199 0.777276
vt 0.515670 0.803730
vt 0.518976 0.803765
vt 0.522310 0.804291
vt 0.519057 0.816553
vt 0.519001 0.820333
vt 0.522711 0.820649
vt 0.522310 0.817318
vt 0.515745 0.816693
vt 0.515265 0.820294
vt 0.511071 0.782076
vt 0.514677 0.776818
vt 0.510810 0.791061
vt 0.469922 0.782536
vt 0.464705 0.779980
vt 0.519529 0.775120
vt 0.522148 0.823832
vt 0.522183 0.839920
vt 0.527853 0.840501
vt 0.529024 0.825391
vt 0.461138 0.865264
vt 0.450384 0.863658
vt 0.448797 0.866191
vt 0.461047 0.867663
vt 0.472894 0.829696
vt 0.462464 0.832016
vt 0.461831 0.845390
vt 0.470691 0.844352
vt 0.522996 0.860444
vt 0.522366 0.862604
vt 0.531017 0.863828
vt 0.530008 0.861182
vt 0.452210 0.829396
vt 0.453066 0.843940
vt 0.471960 0.823215
vt 0.462747 0.824371
vt 0.462642 0.827330
vt 0.470328 0.826328
vt 0.456466 0.811212
vt 0.453807 0.823193
vt 0.511033 0.804279
vt 0.509467 0.816947
vt 0.510583 0.820654
vt 0.526956 0.805099
vt 0.527383 0.821265
vt 0.528551 0.817975
vt 0.449476 0.883797
vt 0.460654 0.885479
vt 0.505498 0.863238
vt 0.505850 0.881840
vt 0.513142 0.880955
vt 0.514320 0.862416
vt 0.503706 0.895533
vt 0.505906 0.900282
vt 0.512216 0.899501
vt 0.512328 0.894584
vt 0.447410 0.896926
vt 0.460633 0.898235
vt 0.471980 0.864286
vt 0.473372 0.866914
vt 0.471879 0.884447
vt 0.473430 0.897443
vt 0.508787 0.824526
vt 0.509656 0.839915
vt 0.515361 0.839668
vt 0.515698 0.823415
vt 0.506623 0.860612
vt 0.513730 0.860223
vt 0.518775 0.839501
vt 0.518914 0.823550
vt 0.518374 0.859992
vt 0.518335 0.862238
vt 0.523491 0.903655
vt 0.522708 0.921221
vt 0.527745 0.923069
vt 0.530101 0.905512
vt 0.448572 0.922231
vt 0.450941 0.937584
vt 0.459292 0.935880
vt 0.460027 0.922661
vt 0.473430 0.905120
vt 0.460496 0.907085
vt 0.470564 0.922291
vt 0.520753 0.933189
vt 0.523478 0.938599
vt 0.517848 0.880546
vt 0.522629 0.881107
vt 0.517666 0.894044
vt 0.517709 0.899241
vt 0.523276 0.899988
vt 0.523490 0.894969
vt 0.529629 0.882308
vt 0.450181 0.901084
vt 0.460536 0.902385
vt 0.446981 0.904700
vt 0.528459 0.901009
vt 0.531017 0.896436
vt 0.458699 0.942647
vt 0.466698 0.937544
vt 0.515746 0.942647
vt 0.516897 0.933674
vt 0.513037 0.931905
vt 0.508318 0.937135
vt 0.504015 0.904528
vt 0.505397 0.921587
vt 0.512444 0.920020
vt 0.512069 0.903001
vt 0.517433 0.920374
vt 0.517536 0.902742
vt 0.470568 0.901473
vt 0.449826 0.860707
vt 0.461207 0.863256
vt 0.514520 0.857201
vt 0.518438 0.856704
vt 0.522328 0.857441
vt 0.506230 0.857538
vt 0.472736 0.861287
vt 0.530516 0.858216
vt 0.455076 0.826029
vt 0.542846 0.779751
vt 0.542861 0.784361
vt 0.545895 0.783834
vt 0.545546 0.778880
vt 0.549015 0.783337
vt 0.548312 0.779035
vt 0.546108 0.793308
vt 0.551237 0.792389
vt 0.540995 0.793575
vt 0.493096 0.784756
vt 0.489096 0.784357
vt 0.488649 0.790439
vt 0.494626 0.790379
vt 0.489063 0.799378
vt 0.493728 0.800235
vt 0.483185 0.789044
vt 0.484480 0.799165
vt 0.485285 0.784032
vt 0.539773 0.776691
vt 0.537761 0.783894
vt 0.535338 0.793098
vt 0.503564 0.788094
vt 0.500807 0.801391
vt 0.497150 0.779774
vt 0.483889 0.817932
vt 0.488848 0.818058
vt 0.493901 0.818931
vt 0.489051 0.831083
vt 0.489022 0.837067
vt 0.493054 0.837673
vt 0.493303 0.832683
vt 0.484728 0.831696
vt 0.485010 0.837208
vt 0.556692 0.791245
vt 0.553869 0.782087
vt 0.550865 0.775554
vt 0.475185 0.785875
vt 0.482202 0.778664
vt 0.477563 0.799787
vt 0.545151 0.773049
vt 0.489726 0.776956
vt 0.492355 0.841961
vt 0.492023 0.856000
vt 0.497098 0.856500
vt 0.499037 0.843604
vt 0.537283 0.827537
vt 0.537409 0.840461
vt 0.542312 0.840708
vt 0.542614 0.829222
vt 0.536139 0.860848
vt 0.542194 0.862016
vt 0.492640 0.874941
vt 0.499034 0.874960
vt 0.541758 0.809146
vt 0.546511 0.808838
vt 0.551381 0.807719
vt 0.547062 0.819228
vt 0.547447 0.823449
vt 0.552309 0.822895
vt 0.551380 0.818694
vt 0.543020 0.819987
vt 0.542580 0.823940
vt 0.556747 0.806230
vt 0.476926 0.818683
vt 0.477324 0.834159
vt 0.480592 0.838147
vt 0.555818 0.822250
vt 0.556787 0.818668
vt 0.500892 0.820305
vt 0.536356 0.808396
vt 0.538074 0.820690
vt 0.539080 0.823543
vt 0.497513 0.838875
vt 0.500678 0.835642
vt 0.555215 0.870902
vt 0.555788 0.875905
vt 0.561618 0.875894
vt 0.562282 0.871265
vt 0.476901 0.885209
vt 0.478859 0.889288
vt 0.484393 0.888385
vt 0.484998 0.884246
vt 0.477734 0.891891
vt 0.479835 0.903665
vt 0.484718 0.903157
vt 0.484862 0.890470
vt 0.555896 0.878924
vt 0.556167 0.891722
vt 0.561495 0.890725
vt 0.562455 0.878474
vt 0.547564 0.840333
vt 0.547434 0.828878
vt 0.552826 0.839550
vt 0.552378 0.827648
vt 0.548473 0.861691
vt 0.554773 0.860767
vt 0.557790 0.838803
vt 0.557590 0.825783
vt 0.479010 0.842361
vt 0.480901 0.855733
vt 0.485946 0.855616
vt 0.485602 0.841276
vt 0.478637 0.874159
vt 0.485060 0.874581
vt 0.560833 0.859054
vt 0.488969 0.855581
vt 0.488938 0.841550
vt 0.488832 0.875088
vt 0.492431 0.903588
vt 0.493649 0.922279
vt 0.498481 0.923427
vt 0.496448 0.904358
vt 0.538185 0.892366
vt 0.535191 0.917419
vt 0.541788 0.916975
vt 0.542727 0.892880
vt 0.540921 0.937293
vt 0.545251 0.931786
vt 0.492073 0.933009
vt 0.494730 0.937875
vt 0.488554 0.888009
vt 0.488660 0.883551
vt 0.492727 0.888758
vt 0.492351 0.884665
vt 0.488476 0.890104
vt 0.488489 0.903070
vt 0.492211 0.890829
vt 0.498036 0.889968
vt 0.500246 0.886192
vt 0.535724 0.873030
vt 0.536755 0.877342
vt 0.542323 0.876852
vt 0.542296 0.872038
vt 0.536115 0.880049
vt 0.542517 0.879938
vt 0.499019 0.892664
vt 0.549102 0.876730
vt 0.548817 0.871994
vt 0.549358 0.879832
vt 0.549616 0.892729
vt 0.552187 0.942244
vt 0.551690 0.932151
vt 0.562046 0.934497
vt 0.556637 0.929290
vt 0.487585 0.941438
vt 0.488623 0.933341
vt 0.485045 0.931704
vt 0.480448 0.936229
vt 0.550565 0.916409
vt 0.557917 0.915084
vt 0.566123 0.914394
vt 0.477774 0.921793
vt 0.484485 0.921198
vt 0.488909 0.921771
vt 0.494335 0.826736
vt 0.502630 0.829631
vt 0.537401 0.815774
vt 0.542954 0.816626
vt 0.551200 0.815223
vt 0.556779 0.813526
vt 0.475185 0.827911
vt 0.483525 0.825685
vt 0.547025 0.816223
vt 0.488918 0.825378
vt 0.548653 0.868840
vt 0.554935 0.868154
vt 0.542327 0.869389
vt 0.535191 0.868690
vt 0.492365 0.881537
vt 0.500767 0.882279
vt 0.488681 0.881306
vt 0.485117 0.881137
vt 0.476566 0.881210
vt 0.562407 0.866763
vt 0.674841 0.757525
vt 0.675511 0.776368
vt 0.678399 0.776341
vt 0.677500 0.757229
vt 0.677374 0.753213
vt 0.675575 0.753381
vt 0.671533 0.758176
vt 0.671848 0.753438
vt 0.671495 0.776799
vt 0.676009 0.788075
vt 0.679192 0.787807
vt 0.669624 0.788449
vt 0.651778 0.766837
vt 0.650949 0.786797
vt 0.657356 0.785228
vt 0.657958 0.765894
vt 0.650112 0.798152
vt 0.659465 0.796181
vt 0.645698 0.765883
vt 0.644706 0.785247
vt 0.641097 0.796199
vt 0.680228 0.757589
vt 0.681356 0.776518
vt 0.685410 0.776715
vt 0.683667 0.758127
vt 0.682363 0.788347
vt 0.688702 0.788359
vt 0.683141 0.792054
vt 0.687856 0.792224
vt 0.679369 0.792000
vt 0.675587 0.792199
vt 0.676233 0.795508
vt 0.679532 0.795346
vt 0.682863 0.795373
vt 0.679312 0.806874
vt 0.683252 0.807172
vt 0.675397 0.807202
vt 0.668931 0.796691
vt 0.668709 0.807626
vt 0.670876 0.792663
vt 0.660712 0.803261
vt 0.649782 0.806576
vt 0.650126 0.815367
vt 0.660710 0.813780
vt 0.650012 0.801304
vt 0.657816 0.799941
vt 0.639109 0.802863
vt 0.639614 0.813689
vt 0.642340 0.799605
vt 0.689904 0.807320
vt 0.690078 0.796255
vt 0.685979 0.835223
vt 0.695861 0.835469
vt 0.634018 0.841790
vt 0.648310 0.844163
vt 0.681281 0.834530
vt 0.686967 0.838649
vt 0.695507 0.838945
vt 0.681357 0.838415
vt 0.676565 0.835260
vt 0.675753 0.838850
vt 0.666602 0.836040
vt 0.667137 0.839583
vt 0.662681 0.841919
vt 0.648271 0.846673
vt 0.661743 0.845300
vt 0.634871 0.845044
vt 0.648196 0.850318
vt 0.663563 0.849058
vt 0.632898 0.848721
vt 0.686431 0.841818
vt 0.697125 0.842702
vt 0.633936 0.870702
vt 0.648098 0.872346
vt 0.687853 0.864538
vt 0.696781 0.865756
vt 0.689718 0.882874
vt 0.698638 0.884172
vt 0.632898 0.887739
vt 0.648289 0.888709
vt 0.662279 0.871050
vt 0.663198 0.887876
vt 0.648267 0.893353
vt 0.660748 0.892177
vt 0.635363 0.892084
vt 0.666900 0.866545
vt 0.665722 0.884685
vt 0.675895 0.883069
vt 0.676082 0.864886
vt 0.667844 0.889916
vt 0.675987 0.888480
vt 0.682824 0.887888
vt 0.682518 0.882186
vt 0.681890 0.864044
vt 0.689856 0.888412
vt 0.696645 0.889466
vt 0.682855 0.891208
vt 0.690227 0.891872
vt 0.698234 0.893662
vt 0.683894 0.915291
vt 0.690793 0.915987
vt 0.697514 0.918006
vt 0.648276 0.897803
vt 0.633064 0.895281
vt 0.633934 0.918057
vt 0.648000 0.918540
vt 0.662839 0.895317
vt 0.660907 0.917733
vt 0.666444 0.894042
vt 0.668263 0.917489
vt 0.677426 0.915117
vt 0.676031 0.891804
vt 0.678920 0.930327
vt 0.684008 0.932340
vt 0.673213 0.937355
vt 0.688958 0.931483
vt 0.683093 0.943857
vt 0.692756 0.938276
vt 0.647335 0.934502
vt 0.646725 0.942647
vt 0.656363 0.936416
vt 0.637202 0.936732
vt 0.681448 0.841651
vt 0.676507 0.842020
vt 0.665722 0.843411
vt 0.679176 0.753474
vt 0.683110 0.753497
vt 0.680833 0.749409
vt 0.678890 0.751361
vt 0.677391 0.751287
vt 0.651911 0.762360
vt 0.651883 0.756900
vt 0.647180 0.754155
vt 0.644622 0.759997
vt 0.677421 0.747893
vt 0.651864 0.751806
vt 0.656587 0.754061
vt 0.674032 0.749428
vt 0.675897 0.751348
vt 0.659231 0.759791
vt 0.609816 0.776662
vt 0.610589 0.792873
vt 0.613855 0.792966
vt 0.612945 0.776391
vt 0.612806 0.768918
vt 0.610215 0.768935
vt 0.605963 0.777515
vt 0.605352 0.768888
vt 0.606117 0.793319
vt 0.611112 0.801772
vt 0.614279 0.801589
vt 0.604472 0.802241
vt 0.584713 0.787029
vt 0.583727 0.803522
vt 0.590600 0.801749
vt 0.591474 0.785984
vt 0.583283 0.811839
vt 0.592553 0.809849
vt 0.578108 0.786137
vt 0.577089 0.801937
vt 0.574321 0.810089
vt 0.616178 0.776970
vt 0.617196 0.793258
vt 0.621715 0.793589
vt 0.620197 0.777789
vt 0.617329 0.802291
vt 0.623971 0.802716
vt 0.618167 0.806736
vt 0.622858 0.807166
vt 0.614301 0.806462
vt 0.610438 0.806643
vt 0.610927 0.809552
vt 0.614338 0.809501
vt 0.617802 0.809799
vt 0.615008 0.828257
vt 0.618923 0.828515
vt 0.611117 0.828457
vt 0.603875 0.810757
vt 0.604590 0.828745
vt 0.605833 0.807157
vt 0.593757 0.817137
vt 0.583044 0.820071
vt 0.582366 0.836064
vt 0.592421 0.834390
vt 0.583208 0.815399
vt 0.590828 0.814265
vt 0.572420 0.817151
vt 0.572369 0.834243
vt 0.575609 0.814130
vt 0.625461 0.828723
vt 0.624988 0.810950
vt 0.620460 0.849563
vt 0.630400 0.849959
vt 0.567600 0.854793
vt 0.581728 0.857975
vt 0.615498 0.849153
vt 0.615559 0.851890
vt 0.621115 0.852133
vt 0.630129 0.853034
vt 0.610549 0.849532
vt 0.610021 0.852186
vt 0.600518 0.850079
vt 0.600908 0.853265
vt 0.595941 0.855016
vt 0.581670 0.859720
vt 0.595314 0.858376
vt 0.568068 0.858059
vt 0.566266 0.861727
vt 0.581631 0.862075
vt 0.597006 0.862120
vt 0.569794 0.876609
vt 0.581398 0.877769
vt 0.592995 0.876903
vt 0.599971 0.857146
vt 0.603361 0.873237
vt 0.610771 0.871718
vt 0.611127 0.854904
vt 0.615836 0.870910
vt 0.615577 0.854345
vt 0.621003 0.871594
vt 0.620081 0.854852
vt 0.628186 0.872904
vt 0.631143 0.856852
vt 0.616338 0.886695
vt 0.622668 0.887409
vt 0.630557 0.888399
vt 0.622728 0.892181
vt 0.628625 0.892895
vt 0.616561 0.891656
vt 0.610516 0.887361
vt 0.610539 0.892089
vt 0.601464 0.888407
vt 0.603446 0.892976
vt 0.581438 0.892163
vt 0.594691 0.890985
vt 0.581385 0.896308
vt 0.592316 0.894747
vt 0.567659 0.890963
vt 0.570037 0.894694
vt 0.566266 0.900008
vt 0.581389 0.902618
vt 0.595639 0.899865
vt 0.567784 0.918580
vt 0.581006 0.918961
vt 0.593104 0.918189
vt 0.623466 0.897301
vt 0.623550 0.916234
vt 0.629550 0.918173
vt 0.631143 0.898942
vt 0.616641 0.896554
vt 0.617343 0.915438
vt 0.610408 0.896902
vt 0.611457 0.915184
vt 0.601113 0.898724
vt 0.603224 0.917269
vt 0.612702 0.929188
vt 0.617382 0.931159
vt 0.607303 0.935549
vt 0.580236 0.934313
vt 0.588889 0.936051
vt 0.579603 0.942244
vt 0.616382 0.941841
vt 0.570506 0.936424
vt 0.625323 0.936733
vt 0.621877 0.930449
vt 0.615398 0.769246
vt 0.620518 0.769202
vt 0.617764 0.763821
vt 0.615071 0.766445
vt 0.612938 0.766263
vt 0.584871 0.778796
vt 0.584897 0.772967
vt 0.579544 0.770022
vt 0.576798 0.776839
vt 0.613101 0.761663
vt 0.584905 0.767215
vt 0.590267 0.769890
vt 0.608436 0.763564
vt 0.610852 0.766240
vt 0.593037 0.776561
vt 0.428940 0.796128
vt 0.429316 0.807402
vt 0.432753 0.807422
vt 0.432474 0.795994
vt 0.432500 0.789277
vt 0.429780 0.789075
vt 0.424377 0.796818
vt 0.424895 0.788429
vt 0.424431 0.808087
vt 0.429871 0.816551
vt 0.432982 0.816285
vt 0.423857 0.817400
vt 0.404671 0.806433
vt 0.403893 0.817839
vt 0.411645 0.816384
vt 0.412026 0.805237
vt 0.403177 0.825783
vt 0.411825 0.825082
vt 0.397499 0.805192
vt 0.396406 0.816346
vt 0.394905 0.825132
vt 0.436094 0.796624
vt 0.436230 0.807952
vt 0.441145 0.808802
vt 0.440795 0.797516
vt 0.435982 0.817179
vt 0.441969 0.818320
vt 0.436375 0.821472
vt 0.440449 0.822135
vt 0.432919 0.821104
vt 0.429453 0.821200
vt 0.429918 0.823712
vt 0.432853 0.823750
vt 0.435835 0.824078
vt 0.432984 0.839950
vt 0.436397 0.840281
vt 0.429581 0.840040
vt 0.423717 0.824686
vt 0.423899 0.840092
vt 0.425425 0.821703
vt 0.412451 0.831093
vt 0.402892 0.833506
vt 0.402125 0.847369
vt 0.410936 0.845999
vt 0.403062 0.829423
vt 0.409789 0.828808
vt 0.393491 0.830860
vt 0.393402 0.845628
vt 0.396397 0.828538
vt 0.442084 0.840584
vt 0.442107 0.825360
vt 0.437394 0.859135
vt 0.446318 0.859659
vt 0.388577 0.863926
vt 0.401287 0.867018
vt 0.432890 0.858594
vt 0.432879 0.860883
vt 0.437876 0.861434
vt 0.446223 0.862440
vt 0.428380 0.858850
vt 0.427878 0.861189
vt 0.419365 0.858998
vt 0.419403 0.861877
vt 0.414139 0.864474
vt 0.401215 0.868563
vt 0.413865 0.867414
vt 0.388636 0.866786
vt 0.387448 0.868972
vt 0.401174 0.869815
vt 0.414928 0.869683
vt 0.389694 0.884533
vt 0.400724 0.885882
vt 0.411778 0.885093
vt 0.418699 0.864138
vt 0.420804 0.880621
vt 0.427876 0.879489
vt 0.428372 0.862645
vt 0.432620 0.878980
vt 0.432852 0.862142
vt 0.437427 0.879658
vt 0.437339 0.862855
vt 0.444211 0.881016
vt 0.446839 0.864698
vt 0.432627 0.893311
vt 0.438521 0.894246
vt 0.445885 0.895494
vt 0.438146 0.898682
vt 0.443482 0.899604
vt 0.432644 0.897947
vt 0.427219 0.893786
vt 0.427167 0.898200
vt 0.418699 0.894644
vt 0.420805 0.899013
vt 0.400605 0.899232
vt 0.413258 0.898389
vt 0.400499 0.903003
vt 0.410572 0.901987
vt 0.387467 0.898043
vt 0.390079 0.901659
vt 0.387448 0.904960
vt 0.400440 0.907345
vt 0.412832 0.905234
vt 0.388040 0.923250
vt 0.399851 0.923779
vt 0.410656 0.923204
vt 0.438449 0.902020
vt 0.438144 0.920474
vt 0.443413 0.922333
vt 0.444949 0.903722
vt 0.432558 0.901161
vt 0.432684 0.919626
vt 0.427065 0.901358
vt 0.427509 0.919226
vt 0.419164 0.902802
vt 0.420131 0.920808
vt 0.428224 0.931526
vt 0.432277 0.933370
vt 0.423342 0.936960
vt 0.398988 0.937312
vt 0.406611 0.938971
vt 0.398333 0.944260
vt 0.431116 0.942647
vt 0.390354 0.939087
vt 0.439066 0.938475
vt 0.436245 0.932875
vt 0.435290 0.789544
vt 0.440426 0.789151
vt 0.437489 0.784013
vt 0.434876 0.786681
vt 0.432717 0.786493
vt 0.404948 0.798684
vt 0.405062 0.793086
vt 0.400091 0.790191
vt 0.397255 0.796457
vt 0.432987 0.781982
vt 0.405145 0.787759
vt 0.410134 0.790219
vt 0.428389 0.783548
vt 0.430612 0.786375
vt 0.412800 0.796441
s 1
usemtl sign
f 1256/942/857 1313/943/914 1377/944/978 1314/945/915
f 1313/943/914 1234/946/835 1283/947/884 1377/944/978
f 1377/944/978 1283/947/884 1233/948/834 1312/949/913
f 1314/945/915 1377/944/978 1312/949/913 1255/950/856
f 1233/948/834 1283/947/884 1378/951/979 1288/952/889
f 1283/947/884 1234/946/835 1287/953/888 1378/951/979
f 1378/954/979 1287/955/888 1238/956/839 1286/957/887
f 1288/958/889 1378/954/979 1286/957/887 1237/959/838
f 1233/948/834 1288/952/889 1379/960/980 1291/961/892
f 1237/959/838 1309/962/910 1379/963/980 1288/958/889
f 1253/964/854 1291/965/892 1379/966/980 1309/967/910
f 1274/968/875 1348/969/949 1380/970/981 1358/971/959
f 1348/969/949 1268/972/869 1302/973/903 1380/970/981
f 1380/974/981 1302/975/903 1260/976/861 1331/977/932
f 1358/978/959 1380/974/981 1331/977/932 1272/979/873
f 1244/980/845 1298/981/899 1381/982/982 1295/983/896
f 1298/981/899 1246/984/847 1296/985/897 1381/982/982
f 1381/982/982 1296/985/897 1245/986/846 1297/987/898
f 1295/983/896 1381/982/982 1297/987/898 1243/988/844
f 1246/984/847 1301/989/902 1382/990/983 1296/985/897
f 1301/989/902 1248/991/849 1299/992/900 1382/990/983
f 1382/990/983 1299/992/900 1247/993/848 1300/994/901
f 1296/985/897 1382/990/983 1300/994/901 1245/986/846
f 1250/995/851 1333/996/934 1383/997/984 1350/998/951
f 1333/996/934 1242/999/843 1349/1000/950 1383/997/984
f 1383/997/984 1349/1000/950 1249/1001/850 1303/1002/904
f 1350/998/951 1383/997/984 1303/1002/904 1268/972/869
f 1233/1003/834 1291/965/892 1384/1004/985 1306/1005/907
f 1291/965/892 1253/964/854 1310/1006/911 1384/1004/985
f 1384/1004/985 1310/1006/911 1251/1007/852 1311/1008/912
f 1306/1005/907 1384/1004/985 1311/1008/912 1254/1009/855
f 1236/1010/837 1284/1011/885 1385/1012/986 1285/1013/886
f 1284/1011/885 1256/942/857 1314/945/915 1385/1012/986
f 1385/1012/986 1314/945/915 1255/950/856 1282/1014/883
f 1285/1013/886 1385/1012/986 1282/1014/883 1235/1015/836
f 1253/1016/854 1309/1017/910 1386/1018/987 1308/1019/909
f 1309/962/910 1237/959/838 1290/1020/891 1386/1021/987
f 1386/1018/987 1290/1022/891 1240/1023/841 1289/1024/890
f 1308/1019/909 1386/1018/987 1289/1024/890 1239/1025/840
f 1251/1026/852 1310/1027/911 1387/1028/988 1305/1029/906
f 1310/1027/911 1253/1016/854 1308/1019/909 1387/1028/988
f 1387/1028/988 1308/1019/909 1239/1025/840 1307/1030/908
f 1305/1029/906 1387/1028/988 1307/1030/908 1252/1031/853
f 1242/1032/843 1292/1033/893 1388/1034/989 1317/1035/918
f 1292/1033/893 1241/1036/842 1316/1037/917 1388/1034/989
f 1388/1034/989 1316/1037/917 1257/1038/858 1315/1039/916
f 1317/1035/918 1388/1034/989 1315/1039/916 1258/1040/859
f 1251/1007/852 1318/1041/919 1389/1042/990 1311/1008/912
f 1318/1041/919 1258/1040/859 1315/1039/916 1389/1042/990
f 1389/1042/990 1315/1039/916 1257/1038/858 1319/1043/920
f 1311/1008/912 1389/1042/990 1319/1043/920 1254/1009/855
f 1238/956/839 1320/1044/921 1390/1045/991 1286/957/887
f 1320/1044/921 1257/1038/858 1316/1037/917 1390/1045/991
f 1390/1045/991 1316/1037/917 1241/1036/842 1293/1046/894
f 1286/957/887 1390/1045/991 1293/1046/894 1237/959/838
f 1242/999/843 1336/1047/937 1391/1048/992 1349/1000/950
f 1336/1047/937 1240/1023/841 1294/1049/895 1391/1048/992
f 1391/1048/992 1294/1049/895 1259/1050/860 1322/1051/923
f 1349/1000/950 1391/1048/992 1322/1051/923 1249/1001/850
f 1262/1052/863 1324/1053/925 1392/1054/993 1327/1055/928
f 1324/1053/925 1261/1056/862 1326/1057/927 1392/1054/993
f 1392/1054/993 1326/1057/927 1263/1058/864 1325/1059/926
f 1327/1055/928 1392/1054/993 1325/1059/926 1264/1060/865
f 1264/1060/865 1325/1059/926 1393/1061/994 1330/1062/931
f 1325/1059/926 1263/1058/864 1329/1063/930 1393/1061/994
f 1393/1061/994 1329/1063/930 1265/1064/866 1328/1065/929
f 1330/1062/931 1393/1061/994 1328/1065/929 1266/1066/867
f 1270/1067/871 1334/1068/935 1394/1069/995 1321/1070/922
f 1334/1068/935 1260/976/861 1332/1071/933 1394/1069/995
f 1394/1069/995 1332/1071/933 1267/1072/868 1342/1073/943
f 1321/1070/922 1394/1069/995 1342/1073/943 1241/1036/842
f 1241/1036/842 1342/1073/943 1395/1074/996 1293/1046/894
f 1342/1073/943 1267/1072/868 1335/1075/936 1395/1074/996
f 1395/1074/996 1335/1075/936 1269/1076/870 1347/1077/948
f 1293/1046/894 1395/1074/996 1347/1077/948 1237/959/838
f 1249/1001/850 1322/1051/923 1396/1078/997 1338/1079/939
f 1322/1051/923 1259/1050/860 1337/1080/938 1396/1078/997
f 1396/1081/997 1337/1082/938 1269/1076/870 1335/1075/936
f 1338/1083/939 1396/1081/997 1335/1075/936 1267/1072/868
f 1244/980/845 1295/983/896 1397/1084/998 1340/1085/941
f 1295/983/896 1243/988/844 1339/1086/940 1397/1084/998
f 1397/1087/998 1339/1088/940 1261/1056/862 1324/1053/925
f 1340/1089/941 1397/1087/998 1324/1053/925 1262/1052/863
f 1242/1032/843 1333/1090/934 1398/1091/999 1292/1033/893
f 1333/1090/934 1250/1092/851 1304/1093/905 1398/1091/999
f 1398/1091/999 1304/1093/905 1270/1067/871 1321/1070/922
f 1292/1033/893 1398/1091/999 1321/1070/922 1241/1036/842
f 1268/972/869 1303/1002/904 1399/1094/1000 1302/973/903
f 1303/1002/904 1249/1001/850 1338/1079/939 1399/1094/1000
f 1399/1095/1000 1338/1083/939 1267/1072/868 1332/1071/933
f 1302/975/903 1399/1095/1000 1332/1071/933 1260/976/861
f 1245/986/846 1300/994/901 1400/1096/1001 1344/1097/945
f 1300/994/901 1247/993/848 1343/1098/944 1400/1096/1001
f 1400/1099/1001 1343/1100/944 1265/1064/866 1329/1063/930
f 1344/1101/945 1400/1099/1001 1329/1063/930 1263/1058/864
f 1243/988/844 1297/987/898 1401/1102/1002 1339/1086/940
f 1297/987/898 1245/986/846 1344/1097/945 1401/1102/1002
f 1401/1103/1002 1344/1101/945 1263/1058/864 1326/1057/927
f 1339/1088/940 1401/1103/1002 1326/1057/927 1261/1056/862
f 1271/1104/872 1323/1105/924 1402/1106/1003 1357/1107/958
f 1323/1105/924 1248/1108/849 1345/1109/946 1402/1106/1003
f 1402/1106/1003 1345/1109/946 1266/1066/867 1341/1110/942
f 1357/1107/958 1402/1106/1003 1341/1110/942 1273/1111/874
f 1259/1050/860 1294/1049/895 1403/1112/1004 1337/1080/938
f 1294/1049/895 1240/1023/841 1290/1022/891 1403/1112/1004
f 1403/1113/1004 1290/1020/891 1237/959/838 1347/1077/948
f 1337/1082/938 1403/1113/1004 1347/1077/948 1269/1076/870
f 1248/1108/849 1301/1114/902 1404/1115/1005 1345/1109/946
f 1301/1114/902 1246/1116/847 1346/1117/947 1404/1115/1005
f 1404/1115/1005 1346/1117/947 1264/1060/865 1330/1062/931
f 1345/1109/946 1404/1115/1005 1330/1062/931 1266/1066/867
f 1246/1116/847 1298/1118/899 1405/1119/1006 1346/1117/947
f 1298/1118/899 1244/1120/845 1340/1089/941 1405/1119/1006
f 1405/1119/1006 1340/1089/941 1262/1052/863 1327/1055/928
f 1346/1117/947 1405/1119/1006 1327/1055/928 1264/1060/865
f 1273/1111/874 1356/1121/957 1406/1122/1007 1353/1123/954
f 1356/1121/957 1272/979/873 1331/977/932 1406/1122/1007
f 1406/1122/1007 1331/977/932 1260/976/861 1334/1068/935
f 1353/1123/954 1406/1122/1007 1334/1068/935 1270/1067/871
f 1271/1124/872 1351/1125/952 1407/1126/1008 1355/1127/956
f 1351/1125/952 1250/995/851 1350/998/951 1407/1126/1008
f 1407/1126/1008 1350/998/951 1268/972/869 1348/969/949
f 1355/1127/956 1407/1126/1008 1348/969/949 1274/968/875
f 1248/991/849 1323/1128/924 1408/1129/1009 1299/992/900
f 1323/1128/924 1271/1124/872 1355/1127/956 1408/1129/1009
f 1408/1129/1009 1355/1127/956 1274/968/875 1354/1130/955
f 1299/992/900 1408/1129/1009 1354/1130/955 1247/993/848
f 1266/1066/867 1328/1065/929 1409/1131/1010 1341/1110/942
f 1328/1065/929 1265/1064/866 1352/1132/953 1409/1131/1010
f 1409/1131/1010 1352/1132/953 1272/979/873 1356/1121/957
f 1341/1110/942 1409/1131/1010 1356/1121/957 1273/1111/874
f 1250/1092/851 1351/1133/952 1410/1134/1011 1304/1093/905
f 1351/1133/952 1271/1104/872 1357/1107/958 1410/1134/1011
f 1410/1134/1011 1357/1107/958 1273/1111/874 1353/1123/954
f 1304/1093/905 1410/1134/1011 1353/1123/954 1270/1067/871
f 1247/993/848 1354/1130/955 1411/1135/1012 1343/1098/944
f 1354/1130/955 1274/968/875 1358/971/959 1411/1135/1012
f 1411/1136/1012 1358/978/959 1272/979/873 1352/1132/953
f 1343/1100/944 1411/1136/1012 1352/1132/953 1265/1064/866
f 1239/1025/840 1289/1024/890 1412/1137/1013 1366/1138/967
f 1289/1024/890 1240/1023/841 1365/1139/966 1412/1137/1013
f 1412/1137/1013 1365/1139/966 1276/1140/877 1359/1141/960
f 1366/1138/967 1412/1137/1013 1359/1141/960 1275/1142/876
f 1258/1143/859 1318/1144/919 1413/1145/1014 1368/1146/969
f 1318/1144/919 1251/1026/852 1367/1147/968 1413/1145/1014
f 1413/1145/1014 1367/1147/968 1278/1148/879 1363/1149/964
f 1368/1146/969 1413/1145/1014 1363/1149/964 1280/1150/881
f 1252/1031/853 1307/1030/908 1414/1151/1015 1369/1152/970
f 1307/1030/908 1239/1025/840 1366/1138/967 1414/1151/1015
f 1414/1151/1015 1366/1138/967 1275/1142/876 1361/1153/962
f 1369/1152/970 1414/1151/1015 1361/1153/962 1279/1154/880
f 1251/1026/852 1305/1029/906 1415/1155/1016 1367/1147/968
f 1305/1029/906 1252/1031/853 1369/1152/970 1415/1155/1016
f 1415/1155/1016 1369/1152/970 1279/1154/880 1360/1156/961
f 1367/1147/968 1415/1155/1016 1360/1156/961 1278/1148/879
f 1240/1023/841 1336/1047/937 1416/1157/1017 1365/1139/966
f 1336/1047/937 1242/999/843 1370/1158/971 1416/1157/1017
f 1416/1157/1017 1370/1158/971 1277/1159/878 1364/1160/965
f 1365/1139/966 1416/1157/1017 1364/1160/965 1276/1140/877
f 1242/999/843 1317/1161/918 1417/1162/1018 1370/1158/971
f 1317/1161/918 1258/1143/859 1368/1146/969 1417/1162/1018
f 1417/1162/1018 1368/1146/969 1280/1150/881 1362/1163/963
f 1370/1158/971 1417/1162/1018 1362/1163/963 1277/1159/878
f 1276/1140/877 1364/1160/965 1418/1164/1019 1373/1165/974
f 1277/1159/878 1372/1166/973 1418/1164/1019 1364/1160/965
f 1281/1167/882 1373/1165/974 1418/1164/1019 1372/1166/973
f 1277/1159/878 1362/1163/963 1419/1168/1020 1372/1166/973
f 1280/1150/881 1374/1169/975 1419/1168/1020 1362/1163/963
f 1281/1167/882 1372/1166/973 1419/1168/1020 1374/1169/975
f 1278/1148/879 1360/1156/961 1420/1170/1021 1376/1171/977
f 1279/1154/880 1375/1172/976 1420/1170/1021 1360/1156/961
f 1281/1167/882 1376/1171/977 1420/1170/1021 1375/1172/976
f 1280/1150/881 1363/1149/964 1421/1173/1022 1374/1169/975
f 1278/1148/879 1376/1171/977 1421/1173/1022 1363/1149/964
f 1281/1167/882 1374/1169/975 1421/1173/1022 1376/1171/977
f 1279/1154/880 1361/1153/962 1422/1174/1023 1375/1172/976
f 1275/1142/876 1371/1175/972 1422/1174/1023 1361/1153/962
f 1281/1167/882 1375/1172/976 1422/1174/1023 1371/1175/972
f 1275/1142/876 1359/1141/960 1423/1176/1024 1371/1175/972
f 1276/1140/877 1373/1165/974 1423/1176/1024 1359/1141/960
f 1281/1167/882 1371/1175/972 1423/1176/1024 1373/1165/974
f 1456/1177/1057 1522/1178/1123 1526/1179/1127 1462/1180/1063
f 1462/1180/1063 1526/1179/1127 1460/1181/1061 1426/1182/1027
f 1526/1183/1127 1515/1184/1116 1427/1185/1028 1460/1186/1061
f 1522/1187/1123 1455/1188/1056 1515/1184/1116 1526/1183/1127
f 1458/1189/1059 1466/1190/1067 1527/1191/1128 1521/1192/1122
f 1521/1193/1122 1527/1194/1128 1517/1195/1118 1457/1196/1058
f 1527/1194/1128 1464/1197/1065 1431/1198/1032 1517/1195/1118
f 1466/1190/1067 1430/1199/1031 1464/1200/1065 1527/1191/1128
f 1456/1177/1057 1520/1201/1121 1528/1202/1129 1516/1203/1117
f 1516/1203/1117 1528/1202/1129 1467/1204/1068 1424/1205/1025
f 1528/1202/1129 1518/1206/1119 1428/1207/1029 1467/1204/1068
f 1520/1201/1121 1458/1189/1059 1518/1206/1119 1528/1202/1129
f 1426/1182/1027 1476/1208/1077 1529/1209/1130 1468/1210/1069
f 1468/1210/1069 1529/1209/1130 1475/1211/1076 1430/1199/1031
f 1529/1209/1130 1473/1212/1074 1434/1213/1035 1475/1211/1076
f 1476/1208/1077 1432/1214/1033 1473/1212/1074 1529/1209/1130
f 1455/1188/1056 1519/1215/1120 1530/1216/1131 1515/1184/1116
f 1515/1184/1116 1530/1216/1131 1469/1217/1070 1427/1185/1028
f 1530/1216/1131 1517/1195/1118 1431/1198/1032 1469/1217/1070
f 1519/1215/1120 1457/1196/1058 1517/1195/1118 1530/1216/1131
f 1424/1205/1025 1467/1204/1068 1531/1218/1132 1459/1219/1060
f 1459/1220/1060 1531/1221/1132 1470/1222/1071 1425/1223/1026
f 1531/1221/1132 1463/1224/1064 1429/1225/1030 1470/1222/1071
f 1467/1204/1068 1428/1207/1029 1463/1226/1064 1531/1218/1132
f 1433/1227/1034 1474/1228/1075 1532/1229/1133 1471/1230/1072
f 1471/1231/1072 1532/1232/1133 1473/1212/1074 1432/1214/1033
f 1532/1232/1133 1472/1233/1073 1434/1213/1035 1473/1212/1074
f 1474/1228/1075 1435/1234/1036 1472/1235/1073 1532/1229/1133
f 1452/1236/1053 1508/1237/1109 1533/1238/1134 1514/1239/1115
f 1514/1239/1115 1533/1238/1134 1483/1240/1084 1451/1241/1052
f 1533/1238/1134 1482/1242/1083 1439/1243/1040 1483/1240/1084
f 1508/1237/1109 1437/1244/1038 1482/1242/1083 1533/1238/1134
f 1427/1185/1028 1478/1245/1079 1534/1246/1135 1460/1186/1061
f 1460/1181/1061 1534/1247/1135 1476/1208/1077 1426/1182/1027
f 1534/1247/1135 1471/1231/1072 1432/1214/1033 1476/1208/1077
f 1478/1245/1079 1433/1227/1034 1471/1230/1072 1534/1246/1135
f 1431/1198/1032 1477/1248/1078 1535/1249/1136 1469/1217/1070
f 1469/1217/1070 1535/1249/1136 1478/1245/1079 1427/1185/1028
f 1535/1249/1136 1474/1228/1075 1433/1227/1034 1478/1245/1079
f 1477/1248/1078 1435/1234/1036 1474/1228/1075 1535/1249/1136
f 1440/1250/1041 1497/1251/1098 1536/1252/1137 1490/1253/1091
f 1490/1253/1091 1536/1252/1137 1496/1254/1097 1436/1255/1037
f 1536/1252/1137 1495/1256/1096 1443/1257/1044 1496/1254/1097
f 1497/1251/1098 1445/1258/1046 1495/1256/1096 1536/1252/1137
f 1453/1259/1054 1509/1260/1110 1537/1261/1138 1513/1262/1114
f 1513/1263/1114 1537/1264/1138 1508/1237/1109 1452/1236/1053
f 1537/1264/1138 1479/1265/1080 1437/1244/1038 1508/1237/1109
f 1509/1260/1110 1436/1255/1037 1479/1266/1080 1537/1261/1138
f 1454/1267/1055 1510/1268/1111 1538/1269/1139 1512/1270/1113
f 1512/1270/1113 1538/1269/1139 1509/1260/1110 1453/1259/1054
f 1538/1269/1139 1481/1271/1082 1436/1255/1037 1509/1260/1110
f 1510/1268/1111 1438/1272/1039 1481/1271/1082 1538/1269/1139
f 1451/1241/1052 1483/1240/1084 1539/1273/1140 1511/1274/1112
f 1511/1275/1112 1539/1276/1140 1510/1268/1111 1454/1267/1055
f 1539/1276/1140 1480/1277/1081 1438/1272/1039 1510/1268/1111
f 1483/1240/1084 1439/1243/1040 1480/1278/1081 1539/1273/1140
f 1440/1250/1041 1488/1279/1089 1540/1280/1141 1487/1281/1088
f 1441/1282/1042 1487/1283/1088 1540/1284/1141 1523/1285/1124
f 1442/1286/1043 1523/1287/1124 1540/1280/1141 1488/1279/1089
f 1437/1244/1038 1489/1288/1090 1541/1289/1142 1482/1242/1083
f 1439/1243/1040 1482/1242/1083 1541/1289/1142 1524/1290/1125
f 1441/1282/1042 1524/1290/1125 1541/1289/1142 1489/1288/1090
f 1438/1272/1039 1505/1291/1106 1542/1292/1143 1491/1293/1092
f 1491/1293/1092 1542/1292/1143 1504/1294/1105 1442/1286/1043
f 1542/1292/1143 1503/1295/1104 1449/1296/1050 1504/1294/1105
f 1505/1291/1106 1447/1297/1048 1503/1295/1104 1542/1292/1143
f 1438/1272/1039 1491/1293/1092 1543/1298/1144 1481/1271/1082
f 1481/1271/1082 1543/1298/1144 1490/1253/1091 1436/1255/1037
f 1543/1298/1144 1488/1279/1089 1440/1250/1041 1490/1253/1091
f 1491/1293/1092 1442/1286/1043 1488/1279/1089 1543/1298/1144
f 1443/1257/1044 1495/1256/1096 1544/1299/1145 1492/1300/1093
f 1492/1301/1093 1544/1302/1145 1494/1303/1095 1444/1304/1045
f 1544/1302/1145 1493/1305/1094 1446/1306/1047 1494/1303/1095
f 1495/1256/1096 1445/1258/1046 1493/1307/1094 1544/1299/1145
f 1436/1255/1037 1496/1254/1097 1545/1308/1146 1479/1266/1080
f 1479/1265/1080 1545/1309/1146 1498/1310/1099 1437/1244/1038
f 1545/1309/1146 1492/1301/1093 1444/1304/1045 1498/1310/1099
f 1496/1254/1097 1443/1257/1044 1492/1300/1093 1545/1308/1146
f 1437/1244/1038 1498/1310/1099 1546/1311/1147 1489/1288/1090
f 1489/1288/1090 1546/1311/1147 1499/1312/1100 1441/1282/1042
f 1546/1311/1147 1494/1303/1095 1446/1306/1047 1499/1312/1100
f 1498/1310/1099 1444/1304/1045 1494/1303/1095 1546/1311/1147
f 1441/1282/1042 1499/1312/1100 1547/1313/1148 1487/1283/1088
f 1487/1281/1088 1547/1314/1148 1497/1251/1098 1440/1250/1041
f 1547/1314/1148 1493/1307/1094 1445/1258/1046 1497/1251/1098
f 1499/1312/1100 1446/1306/1047 1493/1305/1094 1547/1313/1148
f 1448/1315/1049 1502/1316/1103 1548/1317/1149 1500/1318/1101
f 1500/1319/1101 1548/1320/1149 1503/1295/1104 1447/1297/1048
f 1548/1320/1149 1501/1321/1102 1449/1296/1050 1503/1295/1104
f 1502/1316/1103 1450/1322/1051 1501/1323/1102 1548/1317/1149
f 1442/1286/1043 1504/1294/1105 1549/1324/1150 1523/1287/1124
f 1523/1285/1124 1549/1325/1150 1525/1326/1126 1441/1282/1042
f 1549/1325/1150 1501/1323/1102 1450/1322/1051 1525/1326/1126
f 1504/1294/1105 1449/1296/1050 1501/1321/1102 1549/1324/1150
f 1441/1282/1042 1525/1326/1126 1550/1327/1151 1524/1290/1125
f 1524/1290/1125 1550/1327/1151 1506/1328/1107 1439/1243/1040
f 1550/1327/1151 1502/1316/1103 1448/1315/1049 1506/1328/1107
f 1525/1326/1126 1450/1322/1051 1502/1316/1103 1550/1327/1151
f 1439/1243/1040 1506/1328/1107 1551/1329/1152 1480/1278/1081
f 1480/1277/1081 1551/1330/1152 1505/1291/1106 1438/1272/1039
f 1551/1330/1152 1500/1319/1101 1447/1297/1048 1505/1291/1106
f 1506/1328/1107 1448/1315/1049 1500/1318/1101 1551/1329/1152
f 1435/1234/1036 1507/1331/1108 1552/1332/1153 1472/1235/1073
f 1472/1233/1073 1552/1333/1153 1486/1334/1087 1434/1213/1035
f 1552/1333/1153 1511/1275/1112 1454/1267/1055 1486/1334/1087
f 1507/1331/1108 1451/1241/1052 1511/1274/1112 1552/1332/1153
f 1434/1213/1035 1486/1334/1087 1553/1335/1154 1475/1211/1076
f 1475/1211/1076 1553/1335/1154 1485/1336/1086 1430/1199/1031
f 1553/1335/1154 1512/1270/1113 1453/1259/1054 1485/1336/1086
f 1486/1334/1087 1454/1267/1055 1512/1270/1113 1553/1335/1154
f 1430/1199/1031 1485/1336/1086 1554/1337/1155 1464/1200/1065
f 1464/1197/1065 1554/1338/1155 1484/1339/1085 1431/1198/1032
f 1554/1338/1155 1513/1263/1114 1452/1236/1053 1484/1339/1085
f 1485/1336/1086 1453/1259/1054 1513/1262/1114 1554/1337/1155
f 1431/1198/1032 1484/1339/1085 1555/1340/1156 1477/1248/1078
f 1477/1248/1078 1555/1340/1156 1507/1331/1108 1435/1234/1036
f 1555/1340/1156 1514/1239/1115 1451/1241/1052 1507/1331/1108
f 1484/1339/1085 1452/1236/1053 1514/1239/1115 1555/1340/1156
f 1425/1223/1026 1470/1222/1071 1556/1341/1157 1461/1342/1062
f 1461/1342/1062 1556/1341/1157 1519/1215/1120 1455/1188/1056
f 1556/1341/1157 1465/1343/1066 1457/1196/1058 1519/1215/1120
f 1470/1222/1071 1429/1225/1030 1465/1343/1066 1556/1341/1157
f 1426/1182/1027 1468/1210/1069 1557/1344/1158 1462/1180/1063
f 1462/1180/1063 1557/1344/1158 1520/1201/1121 1456/1177/1057
f 1557/1344/1158 1466/1190/1067 1458/1189/1059 1520/1201/1121
f 1468/1210/1069 1430/1199/1031 1466/1190/1067 1557/1344/1158
f 1428/1207/1029 1518/1206/1119 1558/1345/1159 1463/1226/1064
f 1463/1224/1064 1558/1346/1159 1465/1343/1066 1429/1225/1030
f 1558/1346/1159 1521/1193/1122 1457/1196/1058 1465/1343/1066
f 1518/1206/1119 1458/1189/1059 1521/1192/1122 1558/1345/1159
f 1424/1205/1025 1459/1219/1060 1559/1347/1160 1516/1203/1117
f 1516/1203/1117 1559/1347/1160 1522/1178/1123 1456/1177/1057
f 1559/1348/1160 1461/1342/1062 1455/1188/1056 1522/1187/1123
f 1459/1220/1060 1425/1223/1026 1461/1342/1062 1559/1348/1160
f 1560/1349/1161 1592/1350/1193 1648/1351/1249 1594/1352/1195
f 1592/1350/1193 1561/1353/1162 1595/1354/1196 1648/1351/1249
f 1648/1355/1249 1595/1356/1196 1563/1357/1164 1593/1358/1194
f 1594/1359/1195 1648/1355/1249 1593/1358/1194 1562/1360/1163
f 1566/1361/1167 1609/1362/1210 1649/1363/1250 1598/1364/1199
f 1609/1362/1210 1570/1365/1171 1606/1366/1207 1649/1363/1250
f 1649/1367/1250 1606/1368/1207 1568/1369/1169 1608/1370/1209
f 1598/1371/1199 1649/1367/1250 1608/1370/1209 1564/1372/1165
f 1561/1353/1162 1601/1373/1202 1650/1374/1251 1595/1354/1196
f 1601/1373/1202 1565/1375/1166 1599/1376/1200 1650/1374/1251
f 1650/1377/1251 1599/1378/1200 1567/1379/1168 1600/1380/1201
f 1595/1356/1196 1650/1377/1251 1600/1380/1201 1563/1357/1164
f 1563/1357/1164 1600/1380/1201 1651/1381/1252 1593/1358/1194
f 1600/1380/1201 1567/1379/1168 1597/1382/1198 1651/1381/1252
f 1651/1381/1252 1597/1382/1198 1566/1361/1167 1602/1383/1203
f 1593/1358/1194 1651/1381/1252 1602/1383/1203 1562/1360/1163
f 1562/1360/1163 1602/1383/1203 1652/1384/1253 1594/1359/1195
f 1602/1383/1203 1566/1361/1167 1598/1364/1199 1652/1384/1253
f 1652/1385/1253 1598/1371/1199 1564/1372/1165 1603/1386/1204
f 1594/1352/1195 1652/1385/1253 1603/1386/1204 1560/1349/1161
f 1560/1349/1161 1603/1386/1204 1653/1387/1254 1592/1350/1193
f 1603/1386/1204 1564/1372/1165 1596/1388/1197 1653/1387/1254
f 1653/1387/1254 1596/1388/1197 1565/1375/1166 1601/1373/1202
f 1592/1350/1193 1653/1387/1254 1601/1373/1202 1561/1353/1162
f 1570/1365/1171 1617/1389/1218 1654/1390/1255 1606/1366/1207
f 1617/1389/1218 1574/1391/1175 1614/1392/1215 1654/1390/1255
f 1654/1393/1255 1614/1394/1215 1572/1395/1173 1616/1396/1217
f 1606/1368/1207 1654/1393/1255 1616/1396/1217 1568/1369/1169
f 1564/1372/1165 1608/1370/1209 1655/1397/1256 1596/1388/1197
f 1608/1370/1209 1568/1369/1169 1604/1398/1205 1655/1397/1256
f 1655/1397/1256 1604/1398/1205 1569/1399/1170 1610/1400/1211
f 1596/1388/1197 1655/1397/1256 1610/1400/1211 1565/1375/1166
f 1565/1375/1166 1610/1400/1211 1656/1401/1257 1599/1376/1200
f 1610/1400/1211 1569/1399/1170 1607/1402/1208 1656/1401/1257
f 1656/1403/1257 1607/1404/1208 1571/1405/1172 1611/1406/1212
f 1599/1378/1200 1656/1403/1257 1611/1406/1212 1567/1379/1168
f 1567/1379/1168 1611/1406/1212 1657/1407/1258 1597/1382/1198
f 1611/1406/1212 1571/1405/1172 1605/1408/1206 1657/1407/1258
f 1657/1407/1258 1605/1408/1206 1570/1365/1171 1609/1362/1210
f 1597/1382/1198 1657/1407/1258 1609/1362/1210 1566/1361/1167
f 1572/1395/1173 1614/1394/1215 1658/1409/1259 1612/1410/1213
f 1614/1392/1215 1574/1391/1175 1613/1411/1214 1658/1412/1259
f 1658/1412/1259 1613/1411/1214 1575/1413/1176 1615/1414/1216
f 1612/1410/1213 1658/1409/1259 1615/1415/1216 1573/1416/1174
f 1568/1369/1169 1616/1396/1217 1659/1417/1260 1604/1398/1205
f 1616/1396/1217 1572/1395/1173 1612/1410/1213 1659/1417/1260
f 1659/1417/1260 1612/1410/1213 1573/1416/1174 1618/1418/1219
f 1604/1398/1205 1659/1417/1260 1618/1418/1219 1569/1399/1170
f 1569/1399/1170 1618/1418/1219 1660/1419/1261 1607/1402/1208
f 1618/1418/1219 1573/1416/1174 1615/1415/1216 1660/1419/1261
f 1660/1420/1261 1615/1414/1216 1575/1413/1176 1619/1421/1220
f 1607/1404/1208 1660/1420/1261 1619/1421/1220 1571/1405/1172
f 1571/1405/1172 1619/1421/1220 1661/1422/1262 1605/1408/1206
f 1619/1421/1220 1575/1413/1176 1613/1411/1214 1661/1422/1262
f 1661/1422/1262 1613/1411/1214 1574/1391/1175 1617/1389/1218
f 1605/1408/1206 1661/1422/1262 1617/1389/1218 1570/1365/1171
f 1576/1423/1177 1620/1424/1221 1662/1425/1263 1622/1426/1223
f 1620/1424/1221 1577/1427/1178 1623/1428/1224 1662/1425/1263
f 1662/1429/1263 1623/1430/1224 1579/1431/1180 1621/1432/1222
f 1622/1433/1223 1662/1429/1263 1621/1432/1222 1578/1434/1179
f 1582/1435/1183 1637/1436/1238 1663/1437/1264 1626/1438/1227
f 1637/1436/1238 1586/1439/1187 1634/1440/1235 1663/1437/1264
f 1663/1441/1264 1634/1442/1235 1584/1443/1185 1636/1444/1237
f 1626/1445/1227 1663/1441/1264 1636/1444/1237 1580/1446/1181
f 1577/1427/1178 1629/1447/1230 1664/1448/1265 1623/1428/1224
f 1629/1447/1230 1581/1449/1182 1627/1450/1228 1664/1448/1265
f 1664/1451/1265 1627/1452/1228 1583/1453/1184 1628/1454/1229
f 1623/1430/1224 1664/1451/1265 1628/1454/1229 1579/1431/1180
f 1579/1431/1180 1628/1454/1229 1665/1455/1266 1621/1432/1222
f 1628/1454/1229 1583/1453/1184 1625/1456/1226 1665/1455/1266
f 1665/1455/1266 1625/1456/1226 1582/1435/1183 1630/1457/1231
f 1621/1432/1222 1665/1455/1266 1630/1457/1231 1578/1434/1179
f 1578/1434/1179 1630/1457/1231 1666/1458/1267 1622/1433/1223
f 1630/1457/1231 1582/1435/1183 1626/1438/1227 1666/1458/1267
f 1666/1459/1267 1626/1445/1227 1580/1446/1181 1631/1460/1232
f 1622/1426/1223 1666/1459/1267 1631/1460/1232 1576/1423/1177
f 1576/1423/1177 1631/1460/1232 1667/1461/1268 1620/1424/1221
f 1631/1460/1232 1580/1446/1181 1624/1462/1225 1667/1461/1268
f 1667/1461/1268 1624/1462/1225 1581/1449/1182 1629/1447/1230
f 1620/1424/1221 1667/1461/1268 1629/1447/1230 1577/1427/1178
f 1586/1439/1187 1645/1463/1246 1668/1464/1269 1634/1440/1235
f 1645/1463/1246 1590/1465/1191 1642/1466/1243 1668/1464/1269
f 1668/1467/1269 1642/1468/1243 1588/1469/1189 1644/1470/1245
f 1634/1442/1235 1668/1467/1269 1644/1470/1245 1584/1443/1185
f 1580/1446/1181 1636/1444/1237 1669/1471/1270 1624/1462/1225
f 1636/1444/1237 1584/1443/1185 1632/1472/1233 1669/1471/1270
f 1669/1471/1270 1632/1472/1233 1585/1473/1186 1638/1474/1239
f 1624/1462/1225 1669/1471/1270 1638/1474/1239 1581/1449/1182
f 1581/1449/1182 1638/1474/1239 1670/1475/1271 1627/1450/1228
f 1638/1474/1239 1585/1473/1186 1635/1476/1236 1670/1475/1271
f 1670/1477/1271 1635/1478/1236 1587/1479/1188 1639/1480/1240
f 1627/1452/1228 1670/1477/1271 1639/1480/1240 1583/1453/1184
f 1583/1453/1184 1639/1480/1240 1671/1481/1272 1625/1456/1226
f 1639/1480/1240 1587/1479/1188 1633/1482/1234 1671/1481/1272
f 1671/1481/1272 1633/1482/1234 1586/1439/1187 1637/1436/1238
f 1625/1456/1226 1671/1481/1272 1637/1436/1238 1582/1435/1183
f 1588/1469/1189 1642/1468/1243 1672/1483/1273 1640/1484/1241
f 1642/1466/1243 1590/1465/1191 1641/1485/1242 1672/1486/1273
f 1672/1486/1273 1641/1485/1242 1591/1487/1192 1643/1488/1244
f 1640/1484/1241 1672/1483/1273 1643/1489/1244 1589/1490/1190
f 1584/1443/1185 1644/1470/1245 1673/1491/1274 1632/1472/1233
f 1644/1470/1245 1588/1469/1189 1640/1484/1241 1673/1491/1274
f 1673/1491/1274 1640/1484/1241 1589/1490/1190 1646/1492/1247
f 1632/1472/1233 1673/1491/1274 1646/1492/1247 1585/1473/1186
f 1585/1473/1186 1646/1492/1247 1674/1493/1275 1635/1476/1236
f 1646/1492/1247 1589/1490/1190 1643/1489/1244 1674/1493/1275
f 1674/1494/1275 1643/1488/1244 1591/1487/1192 1647/1495/1248
f 1635/1478/1236 1674/1494/1275 1647/1495/1248 1587/1479/1188
f 1587/1479/1188 1647/1495/1248 1675/1496/1276 1633/1482/1234
f 1647/1495/1248 1591/1487/1192 1641/1485/1242 1675/1496/1276
f 1675/1496/1276 1641/1485/1242 1590/1465/1191 1645/1463/1246
f 1633/1482/1234 1675/1496/1276 1645/1463/1246 1586/1439/1187
f 1676/1497/1277 1689/1498/1290 1708/1499/1309 1688/1500/1289
f 1688/1500/1289 1708/1499/1309 1691/1501/1292 1678/1502/1279
f 1708/1499/1309 1690/1503/1291 1679/1504/1280 1691/1501/1292
f 1689/1498/1290 1677/1505/1278 1690/1503/1291 1708/1499/1309
f 1677/1505/1278 1699/1506/1300 1709/1507/1310 1703/1508/1304
f 1703/1509/1304 1709/1510/1310 1692/1511/1293 1683/1512/1284
f 1709/1510/1310 1701/1513/1302 1680/1514/1281 1692/1511/1293
f 1699/1506/1300 1686/1515/1287 1701/1516/1302 1709/1507/1310
f 1682/1517/1283 1695/1518/1296 1710/1519/1311 1696/1520/1297
f 1696/1520/1297 1710/1519/1311 1697/1521/1298 1683/1512/1284
f 1710/1519/1311 1698/1522/1299 1685/1523/1286 1697/1521/1298
f 1695/1518/1296 1684/1524/1285 1698/1522/1299 1710/1519/1311
f 1687/1525/1288 1700/1526/1301 1711/1527/1312 1707/1528/1308
f 1707/1528/1308 1711/1527/1312 1701/1516/1302 1686/1515/1287
f 1711/1529/1312 1702/1530/1303 1680/1514/1281 1701/1513/1302
f 1700/1531/1301 1681/1532/1282 1702/1530/1303 1711/1529/1312
f 1683/1512/1284 1692/1511/1293 1712/1533/1313 1696/1520/1297
f 1696/1520/1297 1712/1533/1313 1693/1534/1294 1682/1517/1283
f 1712/1533/1313 1702/1530/1303 1681/1532/1282 1693/1534/1294
f 1692/1511/1293 1680/1514/1281 1702/1530/1303 1712/1533/1313
f 1679/1504/1280 1705/1535/1306 1713/1536/1314 1691/1501/1292
f 1691/1501/1292 1713/1536/1314 1704/1537/1305 1678/1502/1279
f 1713/1538/1314 1698/1522/1299 1684/1524/1285 1704/1539/1305
f 1705/1540/1306 1685/1523/1286 1698/1522/1299 1713/1538/1314
f 1676/1497/1277 1694/1541/1295 1714/1542/1315 1689/1498/1290
f 1689/1498/1290 1714/1542/1315 1699/1506/1300 1677/1505/1278
f 1714/1542/1315 1707/1528/1308 1686/1515/1287 1699/1506/1300
f 1694/1541/1295 1687/1525/1288 1707/1528/1308 1714/1542/1315
f 1683/1512/1284 1697/1521/1298 1715/1543/1316 1703/1509/1304
f 1703/1508/1304 1715/1544/1316 1690/1503/1291 1677/1505/1278
f 1715/1544/1316 1705/1535/1306 1679/1504/1280 1690/1503/1291
f 1697/1521/1298 1685/1523/1286 1705/1540/1306 1715/1543/1316
f 1678/1502/1279 1704/1537/1305 1716/1545/1317 1688/1500/1289
f 1688/1500/1289 1716/1545/1317 1706/1546/1307 1676/1497/1277
f 1716/1547/1317 1695/1518/1296 1682/1517/1283 1706/1548/1307
f 1704/1539/1305 1684/1524/1285 1695/1518/1296 1716/1547/1317
f 1682/1517/1283 1693/1534/1294 1717/1549/1318 1706/1548/1307
f 1706/1546/1307 1717/1550/1318 1694/1541/1295 1676/1497/1277
f 1717/1550/1318 1700/1526/1301 1687/1525/1288 1694/1541/1295
f 1693/1534/1294 1681/1532/1282 1700/1531/1301 1717/1549/1318
f 1731/1551/1332 1764/1552/1365 1766/1553/1367 1736/1554/1337
f 1764/1552/1365 1731/1551/1332 1738/1555/1339 1768/1556/1369
f 1764/1552/1365 1730/1557/1331 1737/1558/1338 1766/1553/1367
f 1731/1551/1332 1771/1559/1372 1772/1560/1373 1738/1555/1339
f 1721/1561/1322 1732/1562/1333 1765/1563/1366 1735/1564/1336
f 1735/1564/1336 1765/1563/1366 1733/1565/1334 1720/1566/1321
f 1765/1563/1366 1734/1567/1335 1718/1568/1319 1733/1565/1334
f 1732/1562/1333 1719/1569/1320 1734/1567/1335 1765/1563/1366
f 1766/1570/1367 1735/1564/1336 1720/1566/1321 1736/1571/1337
f 1737/1572/1338 1721/1561/1322 1735/1564/1336 1766/1570/1367
f 1718/1568/1319 1745/1573/1346 1767/1574/1368 1733/1565/1334
f 1733/1565/1334 1767/1574/1368 1744/1575/1345 1720/1566/1321
f 1812/1576/1413 1741/1577/1342 1723/1578/1324 1810/1579/1411
f 1811/1580/1412 1722/1581/1323 1741/1577/1342 1812/1576/1413
f 1768/1582/1369 1734/1567/1335 1719/1569/1320 1739/1583/1340
f 1738/1584/1339 1718/1568/1319 1734/1567/1335 1768/1582/1369
f 1730/1557/1331 1739/1585/1340 1769/1586/1370
f 1730/1557/1331 1769/1586/1370 1737/1558/1338
f 1769/1587/1370 1732/1562/1333 1721/1561/1322 1737/1572/1338
f 1739/1583/1340 1719/1569/1320 1732/1562/1333 1769/1587/1370
f 1816/1588/1417 1750/1589/1351 1770/1590/1371 1818/1591/1419
f 1801/1592/1402 1800/1593/1401 1748/1594/1349 1746/1595/1347
f 1820/1596/1421 1819/1597/1420 1775/1598/1376 1776/1599/1377
f 1798/1600/1399 1725/1601/1326 1748/1602/1349 1800/1603/1401
f 1819/1597/1420 1818/1604/1419 1770/1605/1371 1775/1598/1376
f 1814/1606/1415 1813/1607/1414 1740/1608/1341 1743/1609/1344
f 1771/1559/1372 1773/1610/1374 1815/1611/1416 1813/1607/1414
f 1738/1584/1339 1772/1612/1373 1745/1573/1346 1718/1568/1319
f 1814/1613/1415 1743/1614/1344 1722/1581/1323 1811/1580/1412
f 1720/1566/1321 1744/1575/1345 1773/1615/1374 1736/1571/1337
f 1810/1579/1411 1723/1578/1324 1742/1616/1343 1815/1617/1416
f 1746/1595/1347 1748/1594/1349 1780/1618/1381 1781/1619/1382
f 1749/1620/1350 1774/1621/1375 1756/1622/1357 1724/1623/1325
f 1794/1624/1395 1755/1625/1356 1726/1626/1327 1792/1627/1393
f 1780/1618/1381 1796/1628/1397 1797/1629/1398 1781/1619/1382
f 1802/1630/1403 1801/1592/1402 1746/1595/1347 1749/1631/1350
f 1774/1632/1375 1781/1619/1382 1797/1629/1398 1794/1633/1395
f 1820/1634/1421 1776/1635/1377 1751/1636/1352 1817/1637/1418
f 1802/1638/1403 1749/1620/1350 1724/1623/1325 1799/1639/1400
f 1817/1637/1418 1751/1636/1352 1777/1640/1378 1821/1641/1422
f 1821/1641/1422 1777/1640/1378 1750/1589/1351 1816/1588/1417
f 1803/1642/1404 1747/1643/1348 1725/1601/1326 1798/1600/1399
f 1799/1639/1400 1724/1623/1325 1747/1643/1348 1803/1642/1404
f 1786/1644/1387 1762/1645/1363 1778/1646/1379 1788/1647/1389
f 1778/1648/1379 1760/1649/1361 1758/1650/1359 1783/1651/1384
f 1790/1652/1391 1789/1653/1390 1783/1651/1384 1784/1654/1385
f 1762/1645/1363 1729/1655/1330 1760/1656/1361 1778/1646/1379
f 1724/1623/1325 1756/1622/1357 1779/1657/1380 1747/1643/1348
f 1747/1643/1348 1779/1657/1380 1757/1658/1358 1725/1601/1326
f 1795/1659/1396 1753/1660/1354 1727/1661/1328 1793/1662/1394
f 1792/1627/1393 1726/1626/1327 1753/1660/1354 1795/1659/1396
f 1725/1601/1326 1757/1658/1358 1780/1663/1381 1748/1602/1349
f 1797/1629/1398 1796/1628/1397 1754/1664/1355 1752/1665/1353
f 1789/1653/1390 1788/1666/1389 1778/1648/1379 1783/1651/1384
f 1793/1662/1394 1727/1661/1328 1754/1667/1355 1796/1668/1397
f 1758/1650/1359 1760/1649/1361 1782/1669/1383
f 1758/1650/1359 1782/1669/1383 1761/1670/1362
f 1782/1671/1383 1759/1672/1360 1728/1673/1329 1761/1674/1362
f 1760/1656/1361 1729/1655/1330 1759/1672/1360 1782/1671/1383
f 1783/1651/1384 1758/1650/1359 1761/1670/1362 1784/1654/1385
f 1790/1675/1391 1784/1676/1385 1763/1677/1364 1787/1678/1388
f 1784/1676/1385 1761/1674/1362 1728/1673/1329 1763/1677/1364
f 1787/1678/1388 1763/1677/1364 1785/1679/1386 1791/1680/1392
f 1791/1680/1392 1785/1679/1386 1762/1645/1363 1786/1644/1387
f 1785/1679/1386 1759/1672/1360 1729/1655/1330 1762/1645/1363
f 1763/1677/1364 1728/1673/1329 1759/1672/1360 1785/1679/1386
f 1771/1559/1372 1813/1607/1414 1814/1606/1415 1772/1560/1373
f 1754/1664/1355 1788/1666/1389 1789/1653/1390 1752/1665/1353
f 1753/1660/1354 1791/1680/1392 1786/1644/1387 1727/1661/1328
f 1726/1626/1327 1787/1678/1388 1791/1680/1392 1753/1660/1354
f 1755/1625/1356 1790/1675/1391 1787/1678/1388 1726/1626/1327
f 1797/1629/1398 1752/1665/1353 1755/1681/1356 1794/1633/1395
f 1752/1665/1353 1789/1653/1390 1790/1652/1391 1755/1681/1356
f 1727/1661/1328 1786/1644/1387 1788/1647/1389 1754/1667/1355
f 1805/1682/1406 1800/1593/1401 1801/1592/1402 1806/1683/1407
f 1746/1595/1347 1781/1619/1382 1774/1632/1375 1749/1631/1350
f 1757/1658/1358 1793/1662/1394 1796/1668/1397 1780/1663/1381
f 1756/1622/1357 1792/1627/1393 1795/1659/1396 1779/1657/1380
f 1779/1657/1380 1795/1659/1396 1793/1662/1394 1757/1658/1358
f 1774/1621/1375 1794/1624/1395 1792/1627/1393 1756/1622/1357
f 1809/1684/1410 1799/1639/1400 1803/1642/1404 1808/1685/1409
f 1808/1685/1409 1803/1642/1404 1798/1600/1399 1804/1686/1405
f 1770/1605/1371 1805/1682/1406 1806/1683/1407 1775/1598/1376
f 1807/1687/1408 1802/1638/1403 1799/1639/1400 1809/1684/1410
f 1806/1683/1407 1801/1592/1402 1802/1630/1403 1807/1688/1408
f 1804/1686/1405 1798/1600/1399 1800/1603/1401 1805/1689/1406
f 1775/1598/1376 1806/1683/1407 1807/1688/1408 1776/1599/1377
f 1750/1589/1351 1804/1686/1405 1805/1689/1406 1770/1590/1371
f 1776/1635/1377 1807/1687/1408 1809/1684/1410 1751/1636/1352
f 1777/1640/1378 1808/1685/1409 1804/1686/1405 1750/1589/1351
f 1751/1636/1352 1809/1684/1410 1808/1685/1409 1777/1640/1378
f 1744/1575/1345 1810/1579/1411 1815/1617/1416 1773/1615/1374
f 1736/1554/1337 1773/1610/1374 1771/1559/1372 1731/1551/1332
f 1815/1611/1416 1742/1690/1343 1740/1608/1341 1813/1607/1414
f 1772/1612/1373 1814/1613/1415 1811/1580/1412 1745/1573/1346
f 1745/1573/1346 1811/1580/1412 1812/1576/1413 1767/1574/1368
f 1767/1574/1368 1812/1576/1413 1810/1579/1411 1744/1575/1345
f 1742/1690/1343 1818/1604/1419 1819/1597/1420 1740/1608/1341
f 1741/1577/1342 1821/1641/1422 1816/1588/1417 1723/1578/1324
f 1722/1581/1323 1817/1637/1418 1821/1641/1422 1741/1577/1342
f 1743/1614/1344 1820/1634/1421 1817/1637/1418 1722/1581/1323
f 1740/1608/1341 1819/1597/1420 1820/1596/1421 1743/1609/1344
f 1723/1578/1324 1816/1588/1417 1818/1591/1419 1742/1616/1343
f 1730/1557/1331 1764/1552/1365 1768/1556/1369 1739/1585/1340
f 1825/1691/1426 1849/1692/1450 1890/1693/1491 1846/1694/1447
f 1846/1694/1447 1890/1693/1491 1848/1695/1449 1823/1696/1424
f 1890/1693/1491 1847/1697/1448 1822/1698/1423 1848/1695/1449
f 1849/1692/1450 1824/1699/1425 1847/1697/1448 1890/1693/1491
f 1829/1700/1430 1850/1701/1451 1891/1702/1492 1853/1703/1454
f 1853/1703/1454 1891/1702/1492 1851/1704/1452 1828/1705/1429
f 1891/1702/1492 1852/1706/1453 1826/1707/1427 1851/1704/1452
f 1850/1701/1451 1827/1708/1428 1852/1706/1453 1891/1702/1492
f 1825/1691/1426 1855/1709/1456 1892/1710/1493 1849/1692/1450
f 1849/1692/1450 1892/1710/1493 1854/1711/1455 1824/1699/1425
f 1892/1712/1493 1853/1703/1454 1828/1705/1429 1854/1713/1455
f 1855/1714/1456 1829/1700/1430 1853/1703/1454 1892/1712/1493
f 1826/1707/1427 1863/1715/1464 1893/1716/1494 1851/1704/1452
f 1851/1704/1452 1893/1716/1494 1862/1717/1463 1828/1705/1429
f 1916/1718/1517 1859/1719/1460 1833/1720/1434 1912/1721/1513
f 1913/1722/1514 1832/1723/1433 1859/1719/1460 1916/1718/1517
f 1822/1698/1423 1856/1724/1457 1894/1725/1495 1848/1695/1449
f 1848/1695/1449 1894/1725/1495 1857/1726/1458 1823/1696/1424
f 1894/1727/1495 1852/1706/1453 1827/1708/1428 1857/1728/1458
f 1856/1729/1457 1826/1707/1427 1852/1706/1453 1894/1727/1495
f 1823/1696/1424 1857/1726/1458 1895/1730/1496 1846/1694/1447
f 1846/1694/1447 1895/1730/1496 1855/1709/1456 1825/1691/1426
f 1895/1731/1496 1850/1701/1451 1829/1700/1430 1855/1714/1456
f 1857/1728/1458 1827/1708/1428 1850/1701/1451 1895/1731/1496
f 1921/1732/1522 1871/1733/1472 1896/1734/1497 1924/1735/1525
f 1924/1736/1525 1896/1737/1497 1870/1738/1471 1920/1739/1521
f 1896/1737/1497 1868/1740/1469 1835/1741/1436 1870/1738/1471
f 1871/1733/1472 1837/1742/1438 1868/1743/1469 1896/1734/1497
f 1824/1699/1425 1865/1744/1466 1897/1745/1498 1847/1697/1448
f 1847/1697/1448 1897/1745/1498 1864/1746/1465 1822/1698/1423
f 1917/1747/1518 1858/1748/1459 1830/1749/1431 1914/1750/1515
f 1915/1751/1516 1831/1752/1432 1858/1748/1459 1917/1747/1518
f 1822/1698/1423 1864/1746/1465 1898/1753/1499 1856/1724/1457
f 1856/1729/1457 1898/1754/1499 1863/1715/1464 1826/1707/1427
f 1918/1755/1519 1861/1756/1462 1832/1723/1433 1913/1722/1514
f 1914/1750/1515 1830/1749/1431 1861/1757/1462 1918/1758/1519
f 1828/1705/1429 1862/1717/1463 1899/1759/1500 1854/1713/1455
f 1854/1711/1455 1899/1760/1500 1865/1744/1466 1824/1699/1425
f 1919/1761/1520 1860/1762/1461 1831/1752/1432 1915/1751/1516
f 1912/1721/1513 1833/1720/1434 1860/1763/1461 1919/1764/1520
f 1929/1765/1530 1879/1766/1480 1900/1767/1501 1932/1768/1533
f 1932/1769/1533 1900/1770/1501 1878/1771/1479 1928/1772/1529
f 1940/1773/1541 1877/1774/1478 1840/1775/1441 1936/1776/1537
f 1937/1777/1538 1838/1778/1439 1877/1779/1478 1940/1780/1541
f 1920/1739/1521 1870/1738/1471 1901/1781/1502 1925/1782/1526
f 1925/1782/1526 1901/1781/1502 1872/1783/1473 1922/1784/1523
f 1901/1781/1502 1866/1785/1467 1834/1786/1435 1872/1783/1473
f 1870/1738/1471 1835/1741/1436 1866/1785/1467 1901/1781/1502
f 1922/1784/1523 1872/1783/1473 1902/1787/1503 1926/1788/1527
f 1926/1789/1527 1902/1790/1503 1873/1791/1474 1923/1792/1524
f 1902/1790/1503 1869/1793/1470 1836/1794/1437 1873/1791/1474
f 1872/1783/1473 1834/1786/1435 1869/1795/1470 1902/1787/1503
f 1923/1792/1524 1873/1791/1474 1903/1796/1504 1927/1797/1528
f 1927/1797/1528 1903/1796/1504 1871/1733/1472 1921/1732/1522
f 1903/1796/1504 1867/1798/1468 1837/1742/1438 1871/1733/1472
f 1873/1791/1474 1836/1794/1437 1867/1798/1468 1903/1796/1504
f 1841/1799/1442 1887/1800/1488 1904/1801/1505 1876/1802/1477
f 1876/1803/1477 1904/1804/1505 1886/1805/1487 1839/1806/1440
f 1904/1804/1505 1884/1807/1485 1843/1808/1444 1886/1805/1487
f 1887/1800/1488 1845/1809/1446 1884/1810/1485 1904/1801/1505
f 1928/1772/1529 1878/1771/1479 1905/1811/1506 1933/1812/1534
f 1933/1812/1534 1905/1811/1506 1880/1813/1481 1930/1814/1531
f 1941/1815/1542 1875/1816/1476 1841/1799/1442 1938/1817/1539
f 1936/1776/1537 1840/1775/1441 1875/1816/1476 1941/1815/1542
f 1930/1814/1531 1880/1813/1481 1906/1818/1507 1934/1819/1535
f 1934/1820/1535 1906/1821/1507 1881/1822/1482 1931/1823/1532
f 1942/1824/1543 1876/1803/1477 1839/1806/1440 1939/1825/1540
f 1938/1817/1539 1841/1799/1442 1876/1802/1477 1942/1826/1543
f 1931/1823/1532 1881/1822/1482 1907/1827/1508 1935/1828/1536
f 1935/1828/1536 1907/1827/1508 1879/1766/1480 1929/1765/1530
f 1943/1829/1544 1874/1830/1475 1838/1778/1439 1937/1777/1538
f 1939/1825/1540 1839/1806/1440 1874/1830/1475 1943/1829/1544
f 1843/1808/1444 1884/1807/1485 1908/1831/1509 1882/1832/1483
f 1882/1832/1483 1908/1831/1509 1885/1833/1486 1842/1834/1443
f 1908/1835/1509 1883/1836/1484 1844/1837/1445 1885/1838/1486
f 1884/1810/1485 1845/1809/1446 1883/1836/1484 1908/1835/1509
f 1839/1806/1440 1886/1805/1487 1909/1839/1510 1874/1830/1475
f 1874/1830/1475 1909/1839/1510 1888/1840/1489 1838/1778/1439
f 1909/1839/1510 1882/1832/1483 1842/1834/1443 1888/1840/1489
f 1886/1805/1487 1843/1808/1444 1882/1832/1483 1909/1839/1510
f 1838/1778/1439 1888/1840/1489 1910/1841/1511 1877/1779/1478
f 1877/1774/1478 1910/1842/1511 1889/1843/1490 1840/1775/1441
f 1910/1842/1511 1885/1838/1486 1844/1837/1445 1889/1843/1490
f 1888/1840/1489 1842/1834/1443 1885/1833/1486 1910/1841/1511
f 1840/1775/1441 1889/1843/1490 1911/1844/1512 1875/1816/1476
f 1875/1816/1476 1911/1844/1512 1887/1800/1488 1841/1799/1442
f 1911/1844/1512 1883/1836/1484 1845/1809/1446 1887/1800/1488
f 1889/1843/1490 1844/1837/1445 1883/1836/1484 1911/1844/1512
f 1950/1845/1551 1912/1721/1513 1919/1764/1520 1949/1846/1550
f 1949/1847/1550 1919/1761/1520 1915/1751/1516 1945/1848/1546
f 1951/1849/1552 1914/1750/1515 1918/1758/1519 1948/1850/1549
f 1948/1851/1549 1918/1755/1519 1913/1722/1514 1944/1852/1545
f 1945/1848/1546 1915/1751/1516 1917/1747/1518 1947/1853/1548
f 1947/1853/1548 1917/1747/1518 1914/1750/1515 1951/1849/1552
f 1944/1852/1545 1913/1722/1514 1916/1718/1517 1946/1854/1547
f 1946/1854/1547 1916/1718/1517 1912/1721/1513 1950/1845/1551
f 1859/1719/1460 1927/1797/1528 1921/1732/1522 1833/1720/1434
f 1832/1723/1433 1923/1792/1524 1927/1797/1528 1859/1719/1460
f 1861/1756/1462 1926/1789/1527 1923/1792/1524 1832/1723/1433
f 1830/1749/1431 1922/1784/1523 1926/1788/1527 1861/1757/1462
f 1858/1748/1459 1925/1782/1526 1922/1784/1523 1830/1749/1431
f 1831/1752/1432 1920/1739/1521 1925/1782/1526 1858/1748/1459
f 1860/1762/1461 1924/1736/1525 1920/1739/1521 1831/1752/1432
f 1833/1720/1434 1921/1732/1522 1924/1735/1525 1860/1763/1461
f 1959/1855/1560 1935/1828/1536 1929/1765/1530 1952/1856/1553
f 1955/1857/1556 1931/1823/1532 1935/1828/1536 1959/1855/1560
f 1958/1858/1559 1934/1820/1535 1931/1823/1532 1955/1857/1556
f 1954/1859/1555 1930/1814/1531 1934/1819/1535 1958/1860/1559
f 1957/1861/1558 1933/1812/1534 1930/1814/1531 1954/1859/1555
f 1953/1862/1554 1928/1772/1529 1933/1812/1534 1957/1861/1558
f 1956/1863/1557 1932/1769/1533 1928/1772/1529 1953/1862/1554
f 1952/1856/1553 1929/1765/1530 1932/1768/1533 1956/1864/1557
f 1881/1822/1482 1939/1825/1540 1943/1829/1544 1907/1827/1508
f 1907/1827/1508 1943/1829/1544 1937/1777/1538 1879/1766/1480
f 1880/1813/1481 1938/1817/1539 1942/1826/1543 1906/1818/1507
f 1906/1821/1507 1942/1824/1543 1939/1825/1540 1881/1822/1482
f 1878/1771/1479 1936/1776/1537 1941/1815/1542 1905/1811/1506
f 1905/1811/1506 1941/1815/1542 1938/1817/1539 1880/1813/1481
f 1879/1766/1480 1937/1777/1538 1940/1780/1541 1900/1767/1501
f 1900/1770/1501 1940/1773/1541 1936/1776/1537 1878/1771/1479
f 1893/1716/1494 1946/1854/1547 1950/1845/1551 1862/1717/1463
f 1863/1715/1464 1944/1852/1545 1946/1854/1547 1893/1716/1494
f 1897/1745/1498 1947/1853/1548 1951/1849/1552 1864/1746/1465
f 1865/1744/1466 1945/1848/1546 1947/1853/1548 1897/1745/1498
f 1898/1754/1499 1948/1851/1549 1944/1852/1545 1863/1715/1464
f 1864/1746/1465 1951/1849/1552 1948/1850/1549 1898/1753/1499
f 1899/1760/1500 1949/1847/1550 1945/1848/1546 1865/1744/1466
f 1862/1717/1463 1950/1845/1551 1949/1846/1550 1899/1759/1500
f 1834/1786/1435 1952/1856/1553 1956/1864/1557 1869/1795/1470
f 1869/1793/1470 1956/1863/1557 1953/1862/1554 1836/1794/1437
f 1836/1794/1437 1953/1862/1554 1957/1861/1558 1867/1798/1468
f 1867/1798/1468 1957/1861/1558 1954/1859/1555 1837/1742/1438
f 1837/1742/1438 1954/1859/1555 1958/1860/1559 1868/1743/1469
f 1868/1740/1469 1958/1858/1559 1955/1857/1556 1835/1741/1436
f 1835/1741/1436 1955/1857/1556 1959/1855/1560 1866/1785/1467
f 1866/1785/1467 1959/1855/1560 1952/1856/1553 1834/1786/1435
f 1960/1865/1561 1964/1866/1565 1966/1867/1567 1961/1868/1562
f 2054/1869/1655 1962/1870/1563 1960/1865/1561 1961/1868/1562
f 1963/1871/1564 1960/1865/1561 1962/1870/1563 2063/1872/1659
f 1963/1871/1564 1967/1873/1568 1964/1866/1565 1960/1865/1561
f 1964/1866/1565 1965/1874/1566 1979/1875/1580 1966/1867/1567
f 1967/1873/1568 1968/1876/1569 1965/1874/1566 1964/1866/1565
f 1970/1877/1571 1969/1878/1570 1967/1879/1568 1963/1880/1564
f 1969/1878/1570 1971/1881/1572 1968/1882/1569 1967/1879/1568
f 1973/1883/1574 1972/1884/1573 1969/1878/1570 1970/1877/1571
f 1969/1878/1570 1972/1884/1573 1974/1885/1575 1971/1881/1572
f 1976/1886/1577 1975/1887/1576 1972/1888/1573 1973/1889/1574
f 1975/1887/1576 1977/1890/1578 1974/1891/1575 1972/1888/1573
f 1961/1868/1562 1966/1867/1567 1975/1887/1576 1976/1886/1577
f 1966/1867/1567 1979/1875/1580 1977/1890/1578 1975/1887/1576
f 1977/1890/1578 1978/1892/1579 1995/1893/1596 1974/1891/1575
f 1979/1875/1580 1980/1894/1581 1978/1892/1579 1977/1890/1578
f 1965/1874/1566 1981/1895/1582 1980/1894/1581 1979/1875/1580
f 1981/1895/1582 1985/1896/1586 1982/1897/1583 1980/1894/1581
f 1980/1894/1581 1982/1897/1583 1984/1898/1585 1978/1892/1579
f 1982/1897/1583 1983/1899/1584 1997/1900/1598 1984/1898/1585
f 1985/1896/1586 1986/1901/1587 1983/1899/1584 1982/1897/1583
f 1987/1902/1588 1988/1903/1589 1986/1901/1587 1985/1896/1586
f 1989/1904/1590 1987/1902/1588 1985/1896/1586 1981/1895/1582
f 1987/1905/1588 1990/1906/1591 1991/1907/1592 1988/1908/1589
f 1992/1909/1593 1990/1906/1591 1987/1905/1588 1989/1910/1590
f 1990/1906/1591 1993/1911/1594 1994/1912/1595 1991/1907/1592
f 1995/1913/1596 1993/1911/1594 1990/1906/1591 1992/1909/1593
f 1984/1898/1585 1997/1900/1598 1994/1914/1595 1993/1915/1594
f 1978/1892/1579 1984/1898/1585 1993/1915/1594 1995/1893/1596
f 1974/1885/1575 1995/1913/1596 1992/1909/1593 1971/1881/1572
f 1997/1900/1598 1998/1916/1599 1996/1917/1597 1994/1914/1595
f 1994/1912/1595 1996/1918/1597 2006/1919/1607 1991/1907/1592
f 1983/1899/1584 2000/1920/1601 1998/1916/1599 1997/1900/1598
f 1998/1916/1599 1999/1921/1600 2009/1922/1610 1996/1917/1597
f 2000/1920/1601 2001/1923/1602 1999/1921/1600 1998/1916/1599
f 1986/1901/1587 2002/1924/1603 2000/1920/1601 1983/1899/1584
f 2002/1924/1603 2003/1925/1604 2001/1923/1602 2000/1920/1601
f 2004/1926/1605 2005/1927/1606 2003/1925/1604 2002/1924/1603
f 1988/1903/1589 2004/1926/1605 2002/1924/1603 1986/1901/1587
f 1991/1907/1592 2006/1919/1607 2004/1928/1605 1988/1908/1589
f 2006/1919/1607 2007/1929/1608 2005/1930/1606 2004/1928/1605
f 1996/1918/1597 2009/1931/1610 2007/1929/1608 2006/1919/1607
f 2005/1930/1606 2007/1929/1608 2008/1932/1609 2051/1933/1652
f 2007/1929/1608 2009/1931/1610 2010/1934/1611 2008/1932/1609
f 1999/1921/1600 2011/1935/1612 2010/1936/1611 2009/1922/1610
f 2008/1932/1609 2010/1934/1611 2012/1937/1613 2015/1938/1616
f 2011/1935/1612 2014/1939/1615 2012/1940/1613 2010/1936/1611
f 2014/1939/1615 2027/1941/1628 2013/1942/1614 2012/1940/1613
f 2012/1937/1613 2013/1943/1614 2017/1944/1618 2015/1938/1616
f 2008/1932/1609 2015/1938/1616 2016/1945/1617 2051/1933/1652
f 2016/1945/1617 2015/1938/1616 2017/1944/1618 2019/1946/1620
f 2017/1944/1618 2018/1947/1619 2020/1948/1621 2019/1946/1620
f 2017/1944/1618 2013/1943/1614 2029/1949/1630 2018/1947/1619
f 2016/1950/1617 2019/1951/1620 2021/1952/1622 2023/1953/1624
f 2019/1951/1620 2020/1954/1621 2022/1955/1623 2021/1952/1622
f 2021/1952/1622 2022/1955/1623 2026/1956/1627 2024/1957/1625
f 2023/1953/1624 2021/1952/1622 2024/1957/1625 2025/1958/1626
f 2025/1958/1626 2024/1957/1625 2027/1941/1628 2014/1939/1615
f 2024/1957/1625 2026/1956/1627 2028/1959/1629 2027/1941/1628
f 2027/1941/1628 2028/1959/1629 2029/1960/1630 2013/1942/1614
f 2026/1956/1627 2032/1961/1633 2030/1962/1631 2028/1959/1629
f 2028/1959/1629 2030/1962/1631 2033/1963/1634 2029/1960/1630
f 2032/1961/1633 2042/1964/1643 2031/1965/1632 2030/1962/1631
f 2030/1962/1631 2031/1965/1632 2034/1966/1635 2033/1963/1634
f 2035/1967/1636 2033/1968/1634 2034/1969/1635 2036/1970/1637
f 2029/1949/1630 2033/1968/1634 2035/1967/1636 2018/1947/1619
f 2037/1971/1638 2035/1967/1636 2036/1970/1637 2038/1972/1639
f 2018/1947/1619 2035/1967/1636 2037/1971/1638 2020/1948/1621
f 2037/1973/1638 2038/1974/1639 2040/1975/1641 2039/1976/1640
f 2020/1954/1621 2037/1973/1638 2039/1976/1640 2022/1955/1623
f 2039/1976/1640 2040/1975/1641 2042/1964/1643 2032/1961/1633
f 2022/1955/1623 2039/1976/1640 2032/1961/1633 2026/1956/1627
f 2040/1975/1641 2041/1977/1642 2043/1978/1644 2042/1964/1643
f 2038/1974/1639 2047/1979/1648 2041/1977/1642 2040/1975/1641
f 2042/1964/1643 2043/1978/1644 2044/1980/1645 2031/1965/1632
f 2045/1981/1646 2043/1978/1644 2041/1977/1642 2047/1979/1648
f 2048/1982/1649 2044/1980/1645 2043/1978/1644 2045/1981/1646
f 2046/1983/1647 2045/1984/1646 2047/1985/1648
f 2046/1983/1647 2048/1986/1649 2045/1984/1646
f 2034/1969/1635 2048/1986/1649 2046/1983/1647 2036/1970/1637
f 2031/1965/1632 2044/1980/1645 2048/1982/1649 2034/1966/1635
f 2036/1970/1637 2046/1983/1647 2047/1985/1648 2038/1972/1639
f 2049/1987/1650 2025/1958/1626 2014/1939/1615 2011/1935/1612
f 2050/1988/1651 2023/1953/1624 2025/1958/1626 2049/1987/1650
f 2003/1925/1604 2050/1988/1651 2049/1987/1650 2001/1923/1602
f 2001/1923/1602 2049/1987/1650 2011/1935/1612 1999/1921/1600
f 2005/1927/1606 2051/1989/1652 2050/1988/1651 2003/1925/1604
f 2051/1989/1652 2016/1950/1617 2023/1953/1624 2050/1988/1651
f 1968/1882/1569 1971/1881/1572 1992/1909/1593 1989/1910/1590
f 1968/1876/1569 1989/1904/1590 1981/1895/1582 1965/1874/1566
f 2052/1990/1653 2054/1869/1655 1961/1868/1562 1976/1886/1577
f 2055/1991/1656 2052/1990/1653 1976/1886/1577 1973/1889/1574
f 2057/1992/1338 2053/1993/1654 2052/1990/1653 2055/1991/1656
f 2053/1993/1654 2060/1994/1333 2054/1869/1655 2052/1990/1653
f 2056/1995/1657 2058/1996/1331 2057/1997/1338 2055/1998/1656
f 1970/1877/1571 2056/1995/1657 2055/1998/1656 1973/1883/1574
f 2059/1999/1370 2060/1994/1333 2053/1993/1654 2057/1992/1338
f 2058/1996/1331 2059/2000/1370 2057/1997/1338
f 2058/1996/1331 2061/2001/1340 2059/2000/1370
f 2061/2002/1340 2062/2003/1658 2060/1994/1333 2059/1999/1370
f 2058/1996/1331 2056/1995/1657 2063/2004/1659 2061/2001/1340
f 2063/1872/1659 1962/1870/1563 2062/2003/1658 2061/2002/1340
f 2056/1995/1657 1970/1877/1571 1963/1880/1564 2063/2004/1659
f 2060/1994/1333 2062/2003/1658 1962/1870/1563 2054/1869/1655
f 2064/2005/1660 2068/2006/1664 2070/2007/1666 2065/2008/1661
f 2158/2009/1754 2066/2010/1662 2064/2005/1660 2065/2008/1661
f 2067/2011/1663 2064/2005/1660 2066/2010/1662 2167/2012/1763
f 2067/2011/1663 2071/2013/1667 2068/2006/1664 2064/2005/1660
f 2068/2006/1664 2069/2014/1665 2083/2015/1679 2070/2007/1666
f 2071/2013/1667 2072/2016/1668 2069/2014/1665 2068/2006/1664
f 2074/2017/1670 2073/2018/1669 2071/2019/1667 2067/2020/1663
f 2073/2018/1669 2075/2021/1671 2072/2022/1668 2071/2019/1667
f 2077/2023/1673 2076/2024/1672 2073/2018/1669 2074/2017/1670
f 2073/2018/1669 2076/2024/1672 2078/2025/1674 2075/2021/1671
f 2080/2026/1676 2079/2027/1675 2076/2028/1672 2077/2029/1673
f 2079/2027/1675 2081/2030/1677 2078/2031/1674 2076/2028/1672
f 2065/2008/1661 2070/2007/1666 2079/2027/1675 2080/2026/1676
f 2070/2007/1666 2083/2015/1679 2081/2030/1677 2079/2027/1675
f 2081/2030/1677 2082/2032/1678 2099/2033/1695 2078/2031/1674
f 2083/2015/1679 2084/2034/1680 2082/2032/1678 2081/2030/1677
f 2069/2014/1665 2085/2035/1681 2084/2034/1680 2083/2015/1679
f 2085/2035/1681 2089/2036/1685 2086/2037/1682 2084/2034/1680
f 2084/2034/1680 2086/2037/1682 2088/2038/1684 2082/2032/1678
f 2086/2037/1682 2087/2039/1683 2101/2040/1697 2088/2038/1684
f 2089/2036/1685 2090/2041/1686 2087/2039/1683 2086/2037/1682
f 2091/2042/1687 2092/2043/1688 2090/2041/1686 2089/2036/1685
f 2093/2044/1689 2091/2042/1687 2089/2036/1685 2085/2035/1681
f 2091/2045/1687 2094/2046/1690 2095/2047/1691 2092/2048/1688
f 2096/2049/1692 2094/2046/1690 2091/2045/1687 2093/2050/1689
f 2094/2046/1690 2097/2051/1693 2098/2052/1694 2095/2047/1691
f 2099/2053/1695 2097/2051/1693 2094/2046/1690 2096/2049/1692
f 2088/2038/1684 2101/2040/1697 2098/2054/1694 2097/2055/1693
f 2082/2032/1678 2088/2038/1684 2097/2055/1693 2099/2033/1695
f 2078/2025/1674 2099/2053/1695 2096/2049/1692 2075/2021/1671
f 2101/2040/1697 2102/2056/1698 2100/2057/1696 2098/2054/1694
f 2098/2052/1694 2100/2058/1696 2110/2059/1706 2095/2047/1691
f 2087/2039/1683 2104/2060/1700 2102/2056/1698 2101/2040/1697
f 2104/2060/1700 2105/2061/1701 2103/2062/1699 2102/2056/1698
f 2102/2056/1698 2103/2062/1699 2112/2063/1708 2100/2057/1696
f 2090/2041/1686 2106/2064/1702 2104/2060/1700 2087/2039/1683
f 2106/2064/1702 2107/2065/1703 2105/2061/1701 2104/2060/1700
f 2108/2066/1704 2109/2067/1705 2107/2065/1703 2106/2064/1702
f 2092/2043/1688 2108/2066/1704 2106/2064/1702 2090/2041/1686
f 2095/2047/1691 2110/2059/1706 2108/2068/1704 2092/2048/1688
f 2108/2068/1704 2110/2059/1706 2111/2069/1707 2109/2070/1705
f 2110/2059/1706 2100/2058/1696 2112/2071/1708 2111/2069/1707
f 2112/2071/1708 2115/2072/1711 2113/2073/1709 2111/2069/1707
f 2111/2069/1707 2113/2073/1709 2116/2074/1712 2109/2070/1705
f 2113/2073/1709 2115/2072/1711 2124/2075/1720 2114/2076/1710
f 2113/2073/1709 2114/2076/1710 2117/2077/1713 2116/2074/1712
f 2116/2078/1712 2117/2079/1713 2119/2080/1715 2118/2081/1714
f 2109/2067/1705 2116/2078/1712 2118/2081/1714 2107/2065/1703
f 2118/2081/1714 2119/2080/1715 2121/2082/1717 2120/2083/1716
f 2107/2065/1703 2118/2081/1714 2120/2083/1716 2105/2061/1701
f 2120/2083/1716 2121/2082/1717 2123/2084/1719 2122/2085/1718
f 2105/2061/1701 2120/2083/1716 2122/2085/1718 2103/2062/1699
f 2122/2085/1718 2123/2084/1719 2124/2086/1720 2115/2087/1711
f 2103/2062/1699 2122/2085/1718 2115/2087/1711 2112/2063/1708
f 2121/2082/1717 2128/2088/1724 2125/2089/1721 2123/2084/1719
f 2123/2084/1719 2125/2089/1721 2127/2090/1723 2124/2086/1720
f 2125/2089/1721 2126/2091/1722 2136/2092/1732 2127/2090/1723
f 2128/2088/1724 2129/2093/1725 2126/2091/1722 2125/2089/1721
f 2119/2080/1715 2130/2094/1726 2128/2088/1724 2121/2082/1717
f 2130/2094/1726 2131/2095/1727 2129/2093/1725 2128/2088/1724
f 2132/2096/1728 2133/2097/1729 2131/2095/1727 2130/2094/1726
f 2117/2079/1713 2132/2096/1728 2130/2094/1726 2119/2080/1715
f 2117/2077/1713 2114/2076/1710 2134/2098/1730 2132/2099/1728
f 2134/2098/1730 2135/2100/1731 2133/2101/1729 2132/2099/1728
f 2124/2075/1720 2127/2102/1723 2134/2098/1730 2114/2076/1710
f 2134/2098/1730 2127/2102/1723 2136/2103/1732 2135/2100/1731
f 2136/2103/1732 2140/2104/1736 2137/2105/1733 2135/2100/1731
f 2135/2100/1731 2137/2105/1733 2139/2106/1735 2133/2101/1729
f 2137/2105/1733 2140/2104/1736 2141/2107/1737 2138/2108/1734
f 2139/2106/1735 2137/2105/1733 2138/2108/1734 2149/2109/1745
f 2142/2110/1738 2143/2111/1739 2141/2112/1737 2140/2113/1736
f 2126/2091/1722 2142/2110/1738 2140/2113/1736 2136/2092/1732
f 2129/2093/1725 2144/2114/1740 2142/2110/1738 2126/2091/1722
f 2144/2114/1740 2145/2115/1741 2143/2111/1739 2142/2110/1738
f 2146/2116/1742 2147/2117/1743 2145/2115/1741 2144/2114/1740
f 2131/2095/1727 2146/2116/1742 2144/2114/1740 2129/2093/1725
f 2139/2118/1735 2149/2119/1745 2147/2117/1743 2146/2116/1742
f 2133/2097/1729 2139/2118/1735 2146/2116/1742 2131/2095/1727
f 2147/2117/1743 2148/2120/1744 2153/2121/1749 2145/2115/1741
f 2149/2119/1745 2150/2122/1746 2148/2120/1744 2147/2117/1743
f 2138/2108/1734 2151/2123/1747 2150/2124/1746 2149/2109/1745
f 2151/2123/1747 2152/2125/1748 2150/2124/1746
f 2152/2126/1748 2153/2121/1749 2148/2120/1744 2150/2122/1746
f 2151/2123/1747 2154/2127/1750 2152/2125/1748
f 2154/2128/1750 2155/2129/1751 2153/2121/1749 2152/2126/1748
f 2141/2107/1737 2154/2127/1750 2151/2123/1747 2138/2108/1734
f 2143/2111/1739 2155/2129/1751 2154/2128/1750 2141/2112/1737
f 2145/2115/1741 2153/2121/1749 2155/2129/1751 2143/2111/1739
f 2072/2022/1668 2075/2021/1671 2096/2049/1692 2093/2050/1689
f 2072/2016/1668 2093/2044/1689 2085/2035/1681 2069/2014/1665
f 2156/2130/1752 2158/2009/1754 2065/2008/1661 2080/2026/1676
f 2159/2131/1755 2156/2130/1752 2080/2026/1676 2077/2029/1673
f 2161/2132/1757 2157/2133/1753 2156/2130/1752 2159/2131/1755
f 2157/2133/1753 2164/2134/1760 2158/2009/1754 2156/2130/1752
f 2160/2135/1756 2162/2136/1758 2161/2137/1757 2159/2138/1755
f 2074/2017/1670 2160/2135/1756 2159/2138/1755 2077/2023/1673
f 2163/2139/1759 2164/2134/1760 2157/2133/1753 2161/2132/1757
f 2162/2136/1758 2163/2140/1759 2161/2137/1757
f 2162/2136/1758 2165/2141/1761 2163/2140/1759
f 2165/2142/1761 2166/2143/1762 2164/2134/1760 2163/2139/1759
f 2162/2136/1758 2160/2135/1756 2167/2144/1763 2165/2141/1761
f 2167/2012/1763 2066/2010/1662 2166/2143/1762 2165/2142/1761
f 2160/2135/1756 2074/2017/1670 2067/2020/1663 2167/2144/1763
f 2164/2134/1760 2166/2143/1762 2066/2010/1662 2158/2009/1754
f 2168/2145/1764 2172/2146/1768 2174/2147/1770 2169/2148/1765
f 2262/2149/1857 2170/2150/1766 2168/2145/1764 2169/2148/1765
f 2171/2151/1767 2168/2145/1764 2170/2150/1766 2271/2152/1861
f 2171/2151/1767 2175/2153/1771 2172/2146/1768 2168/2145/1764
f 2172/2146/1768 2173/2154/1769 2187/2155/1783 2174/2147/1770
f 2175/2153/1771 2176/2156/1772 2173/2154/1769 2172/2146/1768
f 2178/2157/1774 2177/2158/1773 2175/2159/1771 2171/2160/1767
f 2177/2158/1773 2179/2161/1775 2176/2162/1772 2175/2159/1771
f 2181/2163/1777 2180/2164/1776 2177/2158/1773 2178/2157/1774
f 2177/2158/1773 2180/2164/1776 2182/2165/1778 2179/2161/1775
f 2184/2166/1780 2183/2167/1779 2180/2168/1776 2181/2169/1777
f 2183/2167/1779 2185/2170/1781 2182/2171/1778 2180/2168/1776
f 2169/2148/1765 2174/2147/1770 2183/2167/1779 2184/2166/1780
f 2174/2147/1770 2187/2155/1783 2185/2170/1781 2183/2167/1779
f 2185/2170/1781 2186/2172/1782 2203/2173/1799 2182/2171/1778
f 2187/2155/1783 2188/2174/1784 2186/2172/1782 2185/2170/1781
f 2173/2154/1769 2189/2175/1785 2188/2174/1784 2187/2155/1783
f 2189/2175/1785 2193/2176/1789 2190/2177/1786 2188/2174/1784
f 2188/2174/1784 2190/2177/1786 2192/2178/1788 2186/2172/1782
f 2190/2177/1786 2191/2179/1787 2205/2180/1801 2192/2178/1788
f 2193/2176/1789 2194/2181/1790 2191/2179/1787 2190/2177/1786
f 2195/2182/1791 2196/2183/1792 2194/2181/1790 2193/2176/1789
f 2197/2184/1793 2195/2182/1791 2193/2176/1789 2189/2175/1785
f 2195/2185/1791 2198/2186/1794 2199/2187/1795 2196/2188/1792
f 2200/2189/1796 2198/2186/1794 2195/2185/1791 2197/2190/1793
f 2198/2186/1794 2201/2191/1797 2202/2192/1798 2199/2187/1795
f 2203/2193/1799 2201/2191/1797 2198/2186/1794 2200/2189/1796
f 2192/2178/1788 2205/2180/1801 2202/2194/1798 2201/2195/1797
f 2186/2172/1782 2192/2178/1788 2201/2195/1797 2203/2173/1799
f 2182/2165/1778 2203/2193/1799 2200/2189/1796 2179/2161/1775
f 2205/2180/1801 2206/2196/1802 2204/2197/1800 2202/2194/1798
f 2202/2192/1798 2204/2198/1800 2214/2199/1810 2199/2187/1795
f 2191/2179/1787 2208/2200/1804 2206/2196/1802 2205/2180/1801
f 2208/2200/1804 2209/2201/1805 2207/2202/1803 2206/2196/1802
f 2206/2196/1802 2207/2202/1803 2216/2203/1812 2204/2197/1800
f 2194/2181/1790 2210/2204/1806 2208/2200/1804 2191/2179/1787
f 2210/2204/1806 2211/2205/1807 2209/2201/1805 2208/2200/1804
f 2212/2206/1808 2213/2207/1809 2211/2205/1807 2210/2204/1806
f 2196/2183/1792 2212/2206/1808 2210/2204/1806 2194/2181/1790
f 2199/2187/1795 2214/2199/1810 2212/2208/1808 2196/2188/1792
f 2212/2208/1808 2214/2199/1810 2215/2209/1811 2213/2210/1809
f 2214/2199/1810 2204/2198/1800 2216/2211/1812 2215/2209/1811
f 2216/2211/1812 2219/2212/1815 2217/2213/1813 2215/2209/1811
f 2215/2209/1811 2217/2213/1813 2220/2214/1816 2213/2210/1809
f 2217/2213/1813 2219/2212/1815 2228/2215/1824 2218/2216/1814
f 2217/2213/1813 2218/2216/1814 2221/2217/1817 2220/2214/1816
f 2220/2218/1816 2221/2219/1817 2223/2220/1819 2222/2221/1818
f 2213/2207/1809 2220/2218/1816 2222/2221/1818 2211/2205/1807
f 2222/2221/1818 2223/2220/1819 2225/2222/1821 2224/2223/1820
f 2211/2205/1807 2222/2221/1818 2224/2223/1820 2209/2201/1805
f 2224/2223/1820 2225/2222/1821 2227/2224/1823 2226/2225/1822
f 2209/2201/1805 2224/2223/1820 2226/2225/1822 2207/2202/1803
f 2226/2225/1822 2227/2224/1823 2228/2226/1824 2219/2227/1815
f 2207/2202/1803 2226/2225/1822 2219/2227/1815 2216/2203/1812
f 2225/2222/1821 2232/2228/1828 2229/2229/1825 2227/2224/1823
f 2227/2224/1823 2229/2229/1825 2231/2230/1827 2228/2226/1824
f 2229/2229/1825 2230/2231/1826 2240/2232/1836 2231/2230/1827
f 2232/2228/1828 2233/2233/1829 2230/2231/1826 2229/2229/1825
f 2223/2220/1819 2234/2234/1830 2232/2228/1828 2225/2222/1821
f 2234/2234/1830 2235/2235/1831 2233/2233/1829 2232/2228/1828
f 2236/2236/1832 2237/2237/1833 2235/2235/1831 2234/2234/1830
f 2221/2219/1817 2236/2236/1832 2234/2234/1830 2223/2220/1819
f 2221/2217/1817 2218/2216/1814 2238/2238/1834 2236/2239/1832
f 2238/2238/1834 2239/2240/1835 2237/2241/1833 2236/2239/1832
f 2228/2215/1824 2231/2242/1827 2238/2238/1834 2218/2216/1814
f 2238/2238/1834 2231/2242/1827 2240/2243/1836 2239/2240/1835
f 2240/2243/1836 2244/2244/1840 2241/2245/1837 2239/2240/1835
f 2239/2240/1835 2241/2245/1837 2243/2246/1839 2237/2241/1833
f 2241/2245/1837 2244/2244/1840 2245/2247/1841 2242/2248/1838
f 2243/2246/1839 2241/2245/1837 2242/2248/1838 2253/2249/1849
f 2246/2250/1842 2247/2251/1843 2245/2252/1841 2244/2253/1840
f 2230/2231/1826 2246/2250/1842 2244/2253/1840 2240/2232/1836
f 2233/2233/1829 2248/2254/1844 2246/2250/1842 2230/2231/1826
f 2248/2254/1844 2249/2255/1845 2247/2251/1843 2246/2250/1842
f 2250/2256/1846 2251/2257/1847 2249/2255/1845 2248/2254/1844
f 2235/2235/1831 2250/2256/1846 2248/2254/1844 2233/2233/1829
f 2243/2258/1839 2253/2259/1849 2251/2257/1847 2250/2256/1846
f 2237/2237/1833 2243/2258/1839 2250/2256/1846 2235/2235/1831
f 2251/2257/1847 2252/2260/1848 2257/2261/1853 2249/2255/1845
f 2253/2259/1849 2254/2262/1850 2252/2260/1848 2251/2257/1847
f 2242/2248/1838 2255/2263/1851 2254/2264/1850 2253/2249/1849
f 2255/2263/1851 2256/2265/1852 2254/2264/1850
f 2256/2266/1852 2257/2261/1853 2252/2260/1848 2254/2262/1850
f 2255/2263/1851 2258/2267/1854 2256/2265/1852
f 2258/2268/1854 2259/2269/1855 2257/2261/1853 2256/2266/1852
f 2245/2247/1841 2258/2267/1854 2255/2263/1851 2242/2248/1838
f 2247/2251/1843 2259/2269/1855 2258/2268/1854 2245/2252/1841
f 2249/2255/1845 2257/2261/1853 2259/2269/1855 2247/2251/1843
f 2176/2162/1772 2179/2161/1775 2200/2189/1796 2197/2190/1793
f 2176/2156/1772 2197/2184/1793 2189/2175/1785 2173/2154/1769
f 2260/2270/1856 2262/2149/1857 2169/2148/1765 2184/2166/1780
f 2263/2271/1858 2260/2270/1856 2184/2166/1780 2181/2169/1777
f 2265/2272/1757 2261/2273/1753 2260/2270/1856 2263/2271/1858
f 2261/2273/1753 2268/2274/1760 2262/2149/1857 2260/2270/1856
f 2264/2275/1859 2266/2276/1758 2265/2277/1757 2263/2278/1858
f 2178/2157/1774 2264/2275/1859 2263/2278/1858 2181/2163/1777
f 2267/2279/1759 2268/2274/1760 2261/2273/1753 2265/2272/1757
f 2266/2276/1758 2267/2280/1759 2265/2277/1757
f 2266/2276/1758 2269/2281/1761 2267/2280/1759
f 2269/2282/1761 2270/2283/1860 2268/2274/1760 2267/2279/1759
f 2266/2276/1758 2264/2275/1859 2271/2284/1861 2269/2281/1761
f 2271/2152/1861 2170/2150/1766 2270/2283/1860 2269/2282/1761
f 2264/2275/1859 2178/2157/1774 2171/2160/1767 2271/2284/1861
f 2268/2274/1760 2270/2283/1860 2170/2150/1766 2262/2149/1857
o Cube.022
v 0.056794 1.628356 -0.255543
v 0.046349 1.563794 -0.233200
v 0.003233 1.677196 -0.237817
v 0.028458 1.659125 -0.236738
v -0.033159 1.571378 -0.226418
v -0.039445 1.657625 -0.250223
v 0.021182 1.515142 -0.207527
v -0.033129 1.520278 -0.226304
v -0.007809 1.448212 -0.130415
v -0.006797 1.572791 -0.207569
v -0.013999 1.672579 -0.250037
v -0.021720 1.485695 -0.183099
v 0.051241 1.643797 -0.204325
v 0.038460 1.573677 -0.192582
v -0.002538 1.684294 -0.204741
v 0.029224 1.651416 -0.207243
v 0.023602 1.570619 -0.191660
v -0.024143 1.685491 -0.192274
v 0.027771 1.523150 -0.183336
v 0.021483 1.553584 -0.188197
v 0.007450 1.604156 -0.192308
v 0.023909 1.601264 -0.199285
v 0.007148 1.586113 -0.186465
v 0.081094 1.626012 -0.242425
v 0.067845 1.581355 -0.211242
v 0.064940 1.649510 -0.200013
v 0.053891 1.613288 -0.180703
v 0.103441 1.628432 -0.234618
v 0.090309 1.585282 -0.198269
v 0.084968 1.657232 -0.199285
v 0.073928 1.621301 -0.169311
v -0.040797 1.679105 -0.255341
v -0.024772 1.684164 -0.249173
v -0.032251 1.689308 -0.222977
v -0.018508 1.690857 -0.224562
v 0.001400 1.485276 -0.157659
v -0.003763 1.479682 -0.171426
v 0.022925 1.584521 -0.193032
v 0.024347 1.572935 -0.218491
v 0.007538 1.576363 -0.204614
v 0.022502 1.591581 -0.223744
v 0.007831 1.595676 -0.211821
v 0.016835 1.538170 -0.215917
v 0.023675 1.556459 -0.218379
v 0.004093 1.561771 -0.203667
v 0.003701 1.541753 -0.209451
v 0.007432 1.513224 -0.209524
v -0.002374 1.520773 -0.205869
v -0.006568 1.506129 -0.196254
v 0.003638 1.504533 -0.190941
v 0.018225 1.650664 -0.253822
v 0.005156 1.635556 -0.245317
v 0.001848 1.611132 -0.221727
v 0.019763 1.603007 -0.232678
v -0.036818 1.636379 -0.240273
v -0.026625 1.502864 -0.201672
v -0.030708 1.516430 -0.217134
v -0.011097 1.545316 -0.214115
v -0.033067 1.538151 -0.226070
v -0.034025 1.582482 -0.229696
v -0.036514 1.608851 -0.239123
v 0.039383 1.618588 -0.253576
v 0.026291 1.621723 -0.241976
v -0.001349 1.522143 -0.212903
v 0.008009 1.514325 -0.217754
v 0.008706 1.564680 -0.205638
v -0.014955 1.639823 -0.238875
v -0.032507 1.597377 -0.223945
v 0.003018 1.596266 -0.210921
v -0.030856 1.568180 -0.217695
v -0.033762 1.553587 -0.228700
v -0.037018 1.641086 -0.241029
v 0.006689 1.572324 -0.186347
v 0.005879 1.556778 -0.182364
v 0.014696 1.534729 -0.181214
v 0.002360 1.541022 -0.176340
v 0.000260 1.525144 -0.170307
v 0.010398 1.515917 -0.179404
v 0.001031 1.646235 -0.222155
v 0.002076 1.621108 -0.199577
v 0.021982 1.615435 -0.205626
v 0.022389 1.635534 -0.210880
v -0.021039 1.609006 -0.180518
v -0.022809 1.661392 -0.187221
v -0.011503 1.483129 -0.144406
v -0.015433 1.525982 -0.159289
v -0.014103 1.506847 -0.154253
v 0.000414 1.507450 -0.163417
v -0.016853 1.542577 -0.164666
v -0.018722 1.557255 -0.171746
v -0.019383 1.573950 -0.174246
v -0.019226 1.590267 -0.173650
v -0.023146 1.629873 -0.188497
v 0.037279 1.611111 -0.190304
v 0.034400 1.590869 -0.189103
v 0.039704 1.631026 -0.192872
v 0.029043 1.569302 -0.189901
v 0.031952 1.609321 -0.192257
v 0.029850 1.589269 -0.190238
v 0.033212 1.628771 -0.196050
v 0.032297 1.549119 -0.191965
v 0.023044 1.657190 -0.247804
v 0.054607 1.596097 -0.248482
v 0.043978 1.646890 -0.243995
v 0.013098 1.670238 -0.237168
v -0.034011 1.575742 -0.229642
v -0.021188 1.573422 -0.220298
v -0.003253 1.676890 -0.245621
v -0.022487 1.522465 -0.221870
v 0.033846 1.537432 -0.219095
v -0.006566 1.458736 -0.147205
v 0.002127 1.576664 -0.204665
v -0.005587 1.525040 -0.210678
v -0.028241 1.662426 -0.252076
v -0.013497 1.460386 -0.151955
v 0.013248 1.645095 -0.212397
v 0.039043 1.590692 -0.188056
v 0.042115 1.647253 -0.206702
v 0.014278 1.667390 -0.206709
v 0.012799 1.613359 -0.203737
v -0.023157 1.645043 -0.188537
v 0.013719 1.523442 -0.182324
v 0.032957 1.538303 -0.190923
v 0.004678 1.518087 -0.175655
v -0.000629 1.533220 -0.173531
v 0.008787 1.539873 -0.180841
v 0.013805 1.552981 -0.185790
v 0.023954 1.644204 -0.204536
v 0.003599 1.564339 -0.184367
v 0.024542 1.560905 -0.192643
v -0.022820 1.675624 -0.187262
v 0.014928 1.504064 -0.173527
v 0.043623 1.563464 -0.209417
v 0.056794 1.642023 -0.228829
v 0.026765 1.519527 -0.194270
v 0.030064 1.658208 -0.221630
v 0.001980 1.680826 -0.224983
v 0.077269 1.598427 -0.233617
v 0.056313 1.635813 -0.183756
v 0.058658 1.589903 -0.191273
v 0.075376 1.645564 -0.225937
v 0.069487 1.623893 -0.246436
v 0.057168 1.641636 -0.201819
v 0.046241 1.597168 -0.189820
v 0.058112 1.578650 -0.224029
v 0.101020 1.602911 -0.219902
v 0.078929 1.643662 -0.179816
v 0.082391 1.598295 -0.178817
v 0.097541 1.648136 -0.220970
v 0.063630 1.620294 -0.169459
v 0.081028 1.578100 -0.201477
v 0.096635 1.629011 -0.242714
v 0.075832 1.659181 -0.199105
v -0.003140 1.461935 -0.139845
v 0.005070 1.595299 -0.188251
v -0.031821 1.681194 -0.254540
v -0.021060 1.688547 -0.237659
v -0.041015 1.668854 -0.256166
v -0.021604 1.680541 -0.249316
v 0.000185 1.668094 -0.200325
v -0.027476 1.689648 -0.204893
v 0.009124 1.497793 -0.189233
v 0.016715 1.603716 -0.198539
v 0.025121 1.592241 -0.197747
v 0.000931 1.480432 -0.163552
v -0.011787 1.478333 -0.173601
v 0.015987 1.582296 -0.190397
v 0.035974 1.572317 -0.233057
v 0.014980 1.572052 -0.208822
v 0.026997 1.585585 -0.224248
v 0.015153 1.595268 -0.218666
v 0.006328 1.587834 -0.204588
v 0.022506 1.545219 -0.217829
v 0.005365 1.564712 -0.204068
v 0.003180 1.553622 -0.205160
v 0.010151 1.537281 -0.212603
v 0.001017 1.564639 -0.205064
v 0.032964 1.552938 -0.228555
v 0.002947 1.519349 -0.208603
v -0.005065 1.515617 -0.199929
v -0.001544 1.503760 -0.190795
v 0.007157 1.508371 -0.198319
v -0.012864 1.494677 -0.191873
v 0.012231 1.509021 -0.209563
v 0.013540 1.641698 -0.252270
v 0.000524 1.624853 -0.228806
v 0.010554 1.604067 -0.225591
v 0.019528 1.631572 -0.244122
v 0.004805 1.601546 -0.219051
v -0.007382 1.519850 -0.207124
v -0.021871 1.517855 -0.214264
v -0.022532 1.539809 -0.222875
v -0.033758 1.530436 -0.228684
v -0.023573 1.610770 -0.234184
v -0.001416 1.599675 -0.210731
v -0.037089 1.620006 -0.241299
v -0.000569 1.493972 -0.186755
v 0.034297 1.618193 -0.250155
v 0.001935 1.531916 -0.214298
v 0.012774 1.513007 -0.216315
v 0.007981 1.567662 -0.207509
v 0.003037 1.518090 -0.216147
v -0.003296 1.612882 -0.221413
v 0.023951 1.563007 -0.220613
v 0.014703 1.528457 -0.221225
v 0.037009 1.640187 -0.257419
v -0.020943 1.586255 -0.223878
v -0.002103 1.543323 -0.210332
v 0.022695 1.596005 -0.233720
v 0.043537 1.619278 -0.255061
v 0.015398 1.562704 -0.210230
v 0.026597 1.609485 -0.238244
v -0.012083 1.504376 -0.198834
v -0.003007 1.637179 -0.240586
v -0.029294 1.637355 -0.240624
v 0.001883 1.660918 -0.252239
v -0.020085 1.598645 -0.220679
v -0.032231 1.561872 -0.222903
v -0.019808 1.569099 -0.214701
v -0.022780 1.551726 -0.224177
v -0.037918 1.648094 -0.244438
v -0.026551 1.642327 -0.241609
v -0.019017 1.582285 -0.172859
v 0.024909 1.624924 -0.209540
v 0.021616 1.580155 -0.204291
v 0.009728 1.582772 -0.196642
v 0.022506 1.593689 -0.210393
v 0.010640 1.597252 -0.202263
v 0.003622 1.617373 -0.213391
v 0.001216 1.529087 -0.191110
v 0.008700 1.523252 -0.194227
v 0.019176 1.610187 -0.220732
v -0.000682 1.518040 -0.185274
v 0.021849 1.562254 -0.204044
v 0.018802 1.548289 -0.202884
v 0.002397 1.642664 -0.229911
v 0.022609 1.627875 -0.226259
v 0.006947 1.512570 -0.186913
v 0.005948 1.564783 -0.196557
v 0.006821 1.580791 -0.182649
v 0.007340 1.550992 -0.197222
v -0.013269 1.496937 -0.151093
v 0.001711 1.498799 -0.162051
v -0.000061 1.516904 -0.164732
v 0.006714 1.510923 -0.170995
v -0.014773 1.516497 -0.156788
v -0.016109 1.534659 -0.161846
v 0.019062 1.517929 -0.178417
v 0.024082 1.532343 -0.180734
v 0.019127 1.546425 -0.180664
v 0.004470 1.550849 -0.175743
v -0.017679 1.550050 -0.167794
v -0.019276 1.565480 -0.173841
v 0.016384 1.573470 -0.190052
v 0.009264 1.567237 -0.197980
v -0.019881 1.599516 -0.176132
v 0.004763 1.613164 -0.193354
v -0.022322 1.618404 -0.185375
v -0.002085 1.635672 -0.205581
v -0.009520 1.684569 -0.229661
v -0.012830 1.690603 -0.214333
v 0.038712 1.621139 -0.191127
v 0.035947 1.601129 -0.189670
v 0.046614 1.635596 -0.192576
v 0.029041 1.579374 -0.189667
v 0.032735 1.619095 -0.193700
v 0.030911 1.599289 -0.191178
v 0.032510 1.569994 -0.189708
v 0.032949 1.638716 -0.200150
v 0.022711 1.610227 -0.198877
v 0.022941 1.579286 -0.188957
v 0.035084 1.554761 -0.194689
v 0.030312 1.558992 -0.191012
v 0.036333 1.598247 -0.242997
v 0.000053 1.647264 -0.249114
v -0.002978 1.535167 -0.212132
v -0.007489 1.492377 -0.186872
v -0.026393 1.651264 -0.246210
v 0.022491 1.554560 -0.204727
v -0.001044 1.524631 -0.187616
v 0.011024 1.610296 -0.215769
v 0.008215 1.590898 -0.197377
v 0.005262 1.528143 -0.193885
v 0.001204 1.629322 -0.218825
v 0.016738 1.597685 -0.207675
v -0.031001 1.672725 -0.256398
v 0.065477 1.640705 -0.226971
v 0.036229 1.541933 -0.203380
v 0.044734 1.648555 -0.225365
v -0.005219 1.682534 -0.234005
v 0.014854 1.670853 -0.221282
v 0.013190 1.499955 -0.180307
v 0.069850 1.590549 -0.178595
v 0.047217 1.619307 -0.187956
v 0.065941 1.597875 -0.242079
v 0.050564 1.580902 -0.203659
v 0.093797 1.623713 -0.198722
v 0.092698 1.596679 -0.229215
v 0.089075 1.652727 -0.227733
v 0.066169 1.646568 -0.177138
v -0.036525 1.684199 -0.239164
v -0.014984 1.687419 -0.232005
v 0.024299 1.586781 -0.208896
v -0.003381 1.463712 -0.147579
v -0.010887 1.463149 -0.155567
v 0.015486 1.578844 -0.199421
v 0.001803 1.588647 -0.206644
v 0.007552 1.667716 -0.248099
v 0.032166 1.561723 -0.228231
v 0.007016 1.501224 -0.196769
v 0.003801 1.568295 -0.204956
v 0.012686 1.598108 -0.225984
v -0.020766 1.579261 -0.222894
v -0.009531 1.512658 -0.203000
v -0.028509 1.510274 -0.208808
v 0.025091 1.535344 -0.223565
v -0.021908 1.532704 -0.224218
v 0.014982 1.565421 -0.212794
v 0.030938 1.631014 -0.254639
v -0.000872 1.554687 -0.207566
v 0.036630 1.647980 -0.251616
v 0.007481 1.528498 -0.218002
v -0.024775 1.495716 -0.194665
v -0.003910 1.624953 -0.230313
v -0.024628 1.622236 -0.238090
v 0.014646 1.636529 -0.227949
v -0.020287 1.561023 -0.219226
v 0.002807 1.513354 -0.184978
v 0.006455 1.565792 -0.199480
v 0.015892 1.566474 -0.200473
v 0.009180 1.516859 -0.190911
v 0.005504 1.558481 -0.195957
v 0.023854 1.617476 -0.224254
v 0.012743 1.547154 -0.199989
v 0.004055 1.515925 -0.169902
v 0.011554 1.507289 -0.171428
v 0.019950 1.525320 -0.179899
v 0.012129 1.549496 -0.178397
v 0.013430 1.657233 -0.203621
v 0.033237 1.581002 -0.188850
v 0.040623 1.640190 -0.196653
v 0.027826 1.632672 -0.202677
v 0.015030 1.610173 -0.197331
v 0.016360 1.579807 -0.186573
v 0.032490 1.560660 -0.191313
v 0.026940 1.541696 -0.184267
v -0.125758 1.628359 -0.207313
v -0.105633 1.563809 -0.192996
v -0.070434 1.677198 -0.218359
v -0.091835 1.659129 -0.204959
v -0.071084 1.515147 -0.183143
v -0.046169 1.573426 -0.194703
v -0.061482 1.672579 -0.237499
v -0.095644 1.643809 -0.165516
v -0.078720 1.573705 -0.161569
v -0.049086 1.684296 -0.192446
v -0.077939 1.651425 -0.178927
v -0.065334 1.570659 -0.168068
v -0.064872 1.523157 -0.158852
v -0.061791 1.553609 -0.166137
v -0.051620 1.604180 -0.176649
v -0.069371 1.601297 -0.174568
v -0.048468 1.586143 -0.171704
v -0.140416 1.626018 -0.183913
v -0.113493 1.581370 -0.163318
v -0.105429 1.649522 -0.155006
v -0.086283 1.613310 -0.143651
v -0.155995 1.628439 -0.166093
v -0.126627 1.585296 -0.140955
v -0.122488 1.657243 -0.144488
v -0.098085 1.621322 -0.123861
v -0.051687 1.684164 -0.242064
v -0.044984 1.690858 -0.217567
v -0.029267 1.485277 -0.149560
v -0.031573 1.479682 -0.164081
v -0.065423 1.584563 -0.169593
v -0.079219 1.572972 -0.190994
v -0.057659 1.576515 -0.186880
v -0.080217 1.591606 -0.196510
v -0.061554 1.595726 -0.193314
v -0.071437 1.538184 -0.192547
v -0.078585 1.556487 -0.191253
v -0.054234 1.561872 -0.187905
v -0.056826 1.541764 -0.193421
v -0.060116 1.513226 -0.191680
v -0.049787 1.520773 -0.193352
v -0.041392 1.506129 -0.187057
v -0.047644 1.504534 -0.177394
v -0.091370 1.650666 -0.224863
v -0.075802 1.635559 -0.223909
v -0.061271 1.611147 -0.204993
v -0.082255 1.603021 -0.205667
v -0.046312 1.545285 -0.204979
v -0.109643 1.618592 -0.214188
v -0.092531 1.621729 -0.210560
v -0.054152 1.522141 -0.198970
v -0.064681 1.514327 -0.198552
v -0.059228 1.564771 -0.187376
v -0.055135 1.639825 -0.228245
v -0.056916 1.596323 -0.194879
v -0.048015 1.572347 -0.171842
v -0.045346 1.556797 -0.168786
v -0.052454 1.534737 -0.163460
v -0.039320 1.541028 -0.165317
v -0.034518 1.525146 -0.161116
v -0.047825 1.515921 -0.164019
v -0.060783 1.646240 -0.205814
v -0.050544 1.621117 -0.185658
v -0.070835 1.615453 -0.181070
v -0.073788 1.635546 -0.185454
v -0.031252 1.507451 -0.155052
v -0.076573 1.611135 -0.160189
v -0.073471 1.590900 -0.160548
v -0.079954 1.631045 -0.161242
v -0.069202 1.569337 -0.163867
v -0.072903 1.609347 -0.164512
v -0.070072 1.589304 -0.163769
v -0.075877 1.628789 -0.167209
v -0.073059 1.549139 -0.164087
v -0.092590 1.657193 -0.217254
v -0.120366 1.596104 -0.202236
v -0.108914 1.646895 -0.203603
v -0.078692 1.670241 -0.212921
v -0.040422 1.573504 -0.214703
v -0.068646 1.676891 -0.228349
v -0.040193 1.522466 -0.217186
v -0.087799 1.537444 -0.186916
v -0.017179 1.458736 -0.144402
v -0.052847 1.576964 -0.189100
v -0.049373 1.525035 -0.199141
v -0.050103 1.662426 -0.246299
v -0.066590 1.645103 -0.191294
v -0.076994 1.590721 -0.157352
v -0.088881 1.647263 -0.172090
v -0.064680 1.667395 -0.185850
v -0.061918 1.613375 -0.183962
v -0.052153 1.523447 -0.164915
v -0.073123 1.538315 -0.162873
v -0.041001 1.518090 -0.163586
v -0.035337 1.533224 -0.164356
v -0.047131 1.539880 -0.166054
v -0.053929 1.553002 -0.167846
v -0.072019 1.644215 -0.179171
v -0.044350 1.564361 -0.171644
v -0.066639 1.560938 -0.168469
v -0.048863 1.504067 -0.156674
v -0.091524 1.563481 -0.173672
v -0.112572 1.642031 -0.184088
v -0.069395 1.519534 -0.168856
v -0.085773 1.658213 -0.191027
v -0.063009 1.680828 -0.207817
v -0.132738 1.598435 -0.178133
v -0.089899 1.635830 -0.145121
v -0.095645 1.589922 -0.150486
v -0.127304 1.645572 -0.172401
v -0.132301 1.623898 -0.193129
v -0.099561 1.641648 -0.160411
v -0.084128 1.597192 -0.155345
v -0.111341 1.578664 -0.179235
v -0.146623 1.602920 -0.154485
v -0.107623 1.643678 -0.130534
v -0.110138 1.598313 -0.127949
v -0.144127 1.648145 -0.157139
v -0.089203 1.620315 -0.129071
v -0.120138 1.578115 -0.148323
v -0.154073 1.629017 -0.176493
v -0.114453 1.659193 -0.148842
v -0.016524 1.461935 -0.136311
v -0.047546 1.595326 -0.174290
v -0.048206 1.681193 -0.250212
v -0.049230 1.688547 -0.230217
v -0.054513 1.680541 -0.240625
v -0.049273 1.668098 -0.187258
v -0.051570 1.497795 -0.173198
v -0.062747 1.603747 -0.177472
v -0.069663 1.592279 -0.172618
v -0.031768 1.480432 -0.154916
v -0.025670 1.478333 -0.169935
v -0.058087 1.582341 -0.170721
v -0.096536 1.572333 -0.197979
v -0.066267 1.572129 -0.187092
v -0.084374 1.585612 -0.194724
v -0.071315 1.595299 -0.195708
v -0.056636 1.587937 -0.187613
v -0.077304 1.545238 -0.191382
v -0.055530 1.564823 -0.187596
v -0.054226 1.553665 -0.189839
v -0.063992 1.537290 -0.192981
v -0.052167 1.564828 -0.190328
v -0.091697 1.552953 -0.195557
v -0.055763 1.519349 -0.193099
v -0.044514 1.515617 -0.189512
v -0.043065 1.503761 -0.179828
v -0.054345 1.508374 -0.182071
v -0.033755 1.494676 -0.186362
v -0.064309 1.509023 -0.189341
v -0.086527 1.641700 -0.225822
v -0.063623 1.624858 -0.211839
v -0.070745 1.604084 -0.204038
v -0.087710 1.631577 -0.215773
v -0.062506 1.601575 -0.201150
v -0.046053 1.519849 -0.196922
v -0.036975 1.517856 -0.210275
v -0.040652 1.539809 -0.218092
v -0.045329 1.610771 -0.228436
v -0.052974 1.599723 -0.196932
v -0.041918 1.493972 -0.175832
v -0.103531 1.618198 -0.213721
v -0.057702 1.531911 -0.198577
v -0.068114 1.513010 -0.194943
v -0.059504 1.567769 -0.189298
v -0.059565 1.518090 -0.199615
v -0.056643 1.612897 -0.207259
v -0.079925 1.563037 -0.193047
v -0.072209 1.528464 -0.198240
v -0.109479 1.640189 -0.218713
v -0.042486 1.586280 -0.218014
v -0.052223 1.543325 -0.197089
v -0.085317 1.596020 -0.205116
v -0.113989 1.619282 -0.213430
v -0.067341 1.562760 -0.188166
v -0.090950 1.609494 -0.207150
v -0.037869 1.504377 -0.192022
v -0.066365 1.637184 -0.223813
v -0.043533 1.637356 -0.236860
v -0.076377 1.660919 -0.231556
v -0.041684 1.598654 -0.214925
v -0.038832 1.569218 -0.209056
v -0.041070 1.551732 -0.219311
v -0.046403 1.642328 -0.236354
v -0.075315 1.624938 -0.183037
v -0.069830 1.580207 -0.179980
v -0.055702 1.582846 -0.179150
v -0.073625 1.593727 -0.184885
v -0.059287 1.597300 -0.183652
v -0.058705 1.617384 -0.196895
v -0.045620 1.529089 -0.178735
v -0.053667 1.523254 -0.177750
v -0.075851 1.610202 -0.195585
v -0.041088 1.518042 -0.174598
v -0.069913 1.562300 -0.179659
v -0.066702 1.548318 -0.180204
v -0.065799 1.642669 -0.211881
v -0.081570 1.627885 -0.198714
v -0.048531 1.512572 -0.172255
v -0.052382 1.564839 -0.180978
v -0.046303 1.580817 -0.168558
v -0.053940 1.551022 -0.180940
v -0.031706 1.498800 -0.153224
v -0.031488 1.516906 -0.156428
v -0.040471 1.510925 -0.158529
v -0.054871 1.517935 -0.158880
v -0.060378 1.532352 -0.158405
v -0.056030 1.546440 -0.160777
v -0.040857 1.550862 -0.163740
v -0.058263 1.573510 -0.170234
v -0.055967 1.567296 -0.180570
v -0.049805 1.613180 -0.178906
v -0.049892 1.635677 -0.192943
v -0.055317 1.684571 -0.217565
v -0.044872 1.690605 -0.205868
v -0.078228 1.621160 -0.160207
v -0.075099 1.601157 -0.160285
v -0.085818 1.635612 -0.157577
v -0.069085 1.579410 -0.163667
v -0.074299 1.619117 -0.165392
v -0.071461 1.599320 -0.164074
v -0.072124 1.570026 -0.161996
v -0.077674 1.638730 -0.170911
v -0.068135 1.610251 -0.174828
v -0.063427 1.579326 -0.166050
v -0.076826 1.554782 -0.165076
v -0.070857 1.559020 -0.164220
v -0.101763 1.598256 -0.206473
v -0.073241 1.647266 -0.229737
v -0.052377 1.535147 -0.199184
v -0.035959 1.492377 -0.179355
v -0.048812 1.651265 -0.240281
v -0.070815 1.554594 -0.179966
v -0.041930 1.524633 -0.176813
v -0.066312 1.610311 -0.195293
v -0.054760 1.590957 -0.180575
v -0.050508 1.528146 -0.179150
v -0.059288 1.629328 -0.202828
v -0.067267 1.597725 -0.185365
v -0.049836 1.672725 -0.251421
v -0.119205 1.640713 -0.178185
v -0.082116 1.541947 -0.172082
v -0.100374 1.648561 -0.187030
v -0.061202 1.682536 -0.219219
v -0.072375 1.670856 -0.198240
v -0.050700 1.499958 -0.163428
v -0.099121 1.590568 -0.133942
v -0.084060 1.619328 -0.153253
v -0.127063 1.597883 -0.191079
v -0.094720 1.580920 -0.165246
v -0.129886 1.623727 -0.139634
v -0.143983 1.596687 -0.166690
v -0.140104 1.652735 -0.167201
v -0.095204 1.646585 -0.134505
v -0.051723 1.687420 -0.222299
v -0.074442 1.586822 -0.182685
v -0.020133 1.463712 -0.143155
v -0.017550 1.463149 -0.153808
v -0.062085 1.578912 -0.178736
v -0.053685 1.588779 -0.191519
v -0.079264 1.667717 -0.225162
v -0.090839 1.561742 -0.195654
v -0.053457 1.501226 -0.180793
v -0.054552 1.568469 -0.188927
v -0.072790 1.598127 -0.203317
v -0.042122 1.579306 -0.216947
v -0.042147 1.512658 -0.194389
v -0.082392 1.535356 -0.195122
v -0.041850 1.532708 -0.218923
v -0.068242 1.565478 -0.190592
v -0.102826 1.631017 -0.219288
v -0.051879 1.554739 -0.193890
v -0.106286 1.647983 -0.213858
v -0.064344 1.528500 -0.199025
v -0.060512 1.624957 -0.215341
v -0.046334 1.622238 -0.232332
v -0.075482 1.636536 -0.204122
v -0.040747 1.561062 -0.213599
v -0.043977 1.513356 -0.172618
v -0.054256 1.565860 -0.183229
v -0.062962 1.566531 -0.179471
v -0.052447 1.516862 -0.174629
v -0.051710 1.558523 -0.180716
v -0.081660 1.617489 -0.196346
v -0.060006 1.547181 -0.180684
v -0.037619 1.515926 -0.158891
v -0.044893 1.507292 -0.156515
v -0.056374 1.525326 -0.159726
v -0.048826 1.549511 -0.162263
v -0.062417 1.657240 -0.183579
v -0.072333 1.581035 -0.160894
v -0.082621 1.640205 -0.164082
v -0.074465 1.632686 -0.175635
v -0.060692 1.610196 -0.177276
v -0.056526 1.579848 -0.167225
v -0.072900 1.560688 -0.163409
v -0.064605 1.541710 -0.160056
vn 0.3833 0.2571 -0.8871
vn 0.4660 -0.5719 -0.6752
vn 0.5170 0.8035 -0.2952
vn 0.5571 0.8049 -0.2042
vn -0.1881 -0.7133 -0.6752
vn -0.2246 -0.4769 -0.8498
vn 0.7034 -0.6348 -0.3196
vn -0.2038 -0.6041 -0.7704
vn 0.1644 -0.7650 0.6227
vn 0.5082 -0.0781 -0.8577
vn 0.2184 0.3084 -0.9258
vn -0.1663 -0.7586 -0.6300
vn 0.3313 0.8639 0.3792
vn 0.6311 -0.2623 0.7300
vn 0.5247 0.7383 0.4238
vn 0.3221 0.6328 0.7042
vn -0.2817 -0.4077 0.8686
vn 0.1853 0.6884 0.7013
vn 0.8210 -0.2269 0.5239
vn -0.0381 0.8309 0.5551
vn 0.6068 0.0687 0.7919
vn -0.6001 -0.2479 0.7605
vn 0.6482 0.4920 0.5812
vn 0.0782 0.1767 -0.9812
vn 0.1285 -0.9882 -0.0840
vn -0.6710 0.7356 -0.0925
vn -0.6788 -0.1180 0.7247
vn 0.9499 0.0922 -0.2987
vn 0.7702 -0.5663 0.2934
vn 0.6162 0.7231 0.3120
vn 0.4328 0.0445 0.9004
vn -0.2144 0.5438 -0.8114
vn 0.2685 0.7619 -0.5894
vn -0.0337 0.9912 -0.1278
vn 0.1138 0.9831 -0.1437
vn 0.8689 0.0110 0.4949
vn 0.4900 -0.7163 -0.4969
vn -0.5817 0.6651 0.4682
vn -0.8069 0.1822 -0.5619
vn 0.1267 0.3764 -0.9177
vn -0.6196 -0.7470 -0.2409
vn 0.0240 -0.9286 -0.3704
vn -0.5412 0.5486 -0.6373
vn -0.8755 -0.1541 -0.4581
vn 0.7883 -0.1251 -0.6024
vn 0.2278 0.5021 -0.8343
vn -0.8002 -0.5927 -0.0922
vn 0.2121 -0.9696 -0.1224
vn 0.6702 -0.3308 -0.6644
vn -0.6422 0.2397 -0.7281
vn -0.0035 0.2162 -0.9763
vn -0.2700 -0.8138 -0.5146
vn 0.1387 -0.0926 -0.9860
vn -0.6779 0.1687 -0.7155
vn -0.2546 -0.0986 -0.9620
vn -0.1893 -0.6709 -0.7170
vn -0.1223 -0.8780 -0.4627
vn 0.5434 0.1289 -0.8296
vn -0.2547 0.0993 -0.9619
vn -0.2596 0.0811 -0.9623
vn -0.2180 -0.5236 -0.8236
vn -0.4036 -0.3620 -0.8403
vn -0.8301 -0.3887 -0.3997
vn -0.5536 -0.4846 -0.6773
vn -0.4437 -0.5591 -0.7003
vn -0.2803 -0.9356 -0.2149
vn 0.0174 -0.4620 -0.8867
vn -0.2460 -0.3055 -0.9199
vn -0.2772 -0.6159 -0.7374
vn -0.2688 -0.2581 -0.9280
vn -0.2517 0.2017 -0.9466
vn -0.2426 -0.3164 -0.9171
vn 0.5220 -0.3987 0.7540
vn 0.6297 0.6202 0.4678
vn -0.2571 -0.1644 0.9523
vn 0.5811 -0.1998 0.7889
vn 0.8386 0.3489 0.4184
vn -0.1884 0.8864 0.4229
vn 0.4401 -0.5478 0.7115
vn 0.6964 0.5400 0.4727
vn -0.6604 0.6950 0.2842
vn -0.8284 -0.3656 0.4244
vn 0.2391 0.3601 0.9018
vn 0.2494 -0.2159 0.9440
vn 0.2349 0.3919 0.8895
vn 0.2382 0.3614 0.9015
vn 0.2479 0.2414 0.9382
vn 0.5712 0.2526 0.7810
vn 0.2524 0.1613 0.9541
vn 0.2277 0.4593 0.8586
vn 0.2543 -0.1227 0.9593
vn 0.2459 0.2848 0.9265
vn 0.2399 0.3462 0.9070
vn -0.3526 0.1256 0.9273
vn -0.2567 0.0777 0.9634
vn -0.3690 0.2890 0.8834
vn -0.1271 -0.1209 0.9845
vn -0.5079 0.0918 0.8565
vn -0.4497 0.2089 0.8684
vn -0.6286 0.2793 0.7258
vn 0.7377 0.1173 0.6649
vn 0.3856 0.6840 -0.6192
vn 0.2549 -0.4033 -0.8789
vn 0.5537 0.7624 -0.3348
vn 0.5783 0.7721 -0.2635
vn -0.2465 -0.3376 -0.9084
vn 0.4766 -0.5533 -0.6832
vn 0.2050 0.7571 -0.6203
vn 0.4476 -0.5155 -0.7307
vn 0.7395 -0.5287 -0.4167
vn 0.5106 -0.7312 -0.4524
vn 0.2496 -0.0761 -0.9654
vn 0.0927 -0.4935 -0.8648
vn 0.0861 -0.2782 -0.9567
vn -0.1317 -0.8566 -0.4989
vn -0.5487 -0.6158 0.5654
vn 0.0942 -0.0634 0.9935
vn 0.2702 0.8572 0.4384
vn 0.5846 0.5488 0.5975
vn 0.2916 0.9470 0.1349
vn 0.2459 0.2722 0.9303
vn -0.6765 0.2555 0.6908
vn 0.9088 -0.1008 0.4050
vn 0.7227 0.6909 0.0176
vn 0.8624 0.0703 0.5013
vn 0.1106 -0.4721 0.8746
vn 0.2753 0.9505 0.1439
vn -0.3907 -0.0579 0.9187
vn 0.7728 0.1084 0.6253
vn -0.7165 0.0883 0.6920
vn 0.2553 0.0241 0.9666
vn 0.8216 -0.1936 0.5361
vn 0.8798 -0.3893 0.2726
vn 0.4539 0.8685 -0.1990
vn 0.8668 -0.4984 -0.0169
vn 0.5901 0.7987 0.1174
vn 0.5130 0.8549 -0.0765
vn 0.3472 -0.5961 -0.7239
vn -0.8163 0.4315 0.3841
vn -0.3190 -0.7334 0.6003
vn -0.3732 0.7305 -0.5720
vn 0.4473 0.2438 -0.8605
vn -0.3314 0.9124 0.2401
vn 0.1161 -0.3573 0.9267
vn 0.6699 -0.7239 -0.1648
vn 0.9434 -0.3260 -0.0613
vn 0.5485 0.4391 0.7115
vn 0.5966 -0.3147 0.7382
vn 0.8302 0.5568 -0.0271
vn -0.3529 -0.0001 0.9356
vn 0.2142 -0.9736 0.0791
vn 0.4148 0.1421 -0.8988
vn -0.1702 0.9799 0.1038
vn 0.9249 0.0163 0.3798
vn 0.7217 0.2192 0.6565
vn 0.0594 0.6511 -0.7567
vn 0.2109 0.9108 -0.3549
vn -0.2497 -0.2108 -0.9451
vn 0.5332 0.4214 -0.7336
vn 0.4109 -0.0660 0.9093
vn 0.0563 0.9755 0.2129
vn 0.5170 -0.7665 -0.3811
vn 0.2452 -0.4346 0.8666
vn -0.9227 0.1538 0.3536
vn 0.8590 -0.4942 -0.1341
vn 0.1644 -0.7489 -0.6419
vn 0.1994 0.9512 0.2355
vn -0.5501 -0.1991 -0.8110
vn -0.4367 0.5527 -0.7098
vn -0.8482 -0.3080 -0.4310
vn -0.3873 -0.9188 -0.0757
vn 0.6986 -0.2484 -0.6710
vn -0.8169 0.2727 -0.5082
vn 0.3089 -0.7159 -0.6262
vn 0.7352 0.1760 -0.6547
vn -0.2216 0.6453 -0.7311
vn 0.3774 0.0520 -0.9246
vn -0.2749 -0.2771 -0.9207
vn -0.5566 -0.8011 0.2201
vn 0.8147 -0.4491 -0.3668
vn 0.3506 -0.1162 -0.9293
vn -0.9698 -0.0158 -0.2435
vn 0.2735 -0.6409 -0.7172
vn -0.0273 -0.8811 -0.4721
vn -0.2999 -0.3691 -0.8797
vn 0.6921 -0.4650 -0.5520
vn -0.4992 0.2787 -0.8205
vn -0.5879 -0.7498 -0.3035
vn -0.5476 -0.5903 -0.5931
vn 0.3154 -0.7249 -0.6125
vn 0.3672 -0.7156 -0.5942
vn 0.4395 0.0777 -0.8949
vn -0.2558 -0.0153 -0.9666
vn 0.3830 -0.4899 -0.7831
vn 0.0900 -0.4825 -0.8713
vn -0.2528 -0.1544 -0.9551
vn 0.0691 -0.6292 -0.7742
vn -0.5496 -0.3681 -0.7500
vn -0.2994 0.2505 -0.9207
vn 0.1312 -0.7254 -0.6757
vn -0.4732 -0.1176 -0.8731
vn -0.6782 -0.4356 -0.5919
vn 0.1389 -0.5527 -0.8218
vn -0.7315 -0.0356 -0.6809
vn -0.2516 0.0706 -0.9652
vn 0.1511 0.2897 -0.9451
vn 0.4546 0.0695 -0.8880
vn 0.3804 0.2341 -0.8947
vn -0.5518 -0.4885 -0.6760
vn -0.1875 -0.2813 -0.9411
vn -0.5558 -0.8176 -0.1500
vn -0.8078 -0.0611 -0.5863
vn 0.3671 -0.5682 -0.7365
vn -0.1784 -0.5574 -0.8108
vn 0.0914 -0.1812 -0.9792
vn 0.0474 0.1382 -0.9893
vn 0.4296 -0.2295 -0.8734
vn -0.2189 0.5479 -0.8074
vn 0.4938 -0.1901 -0.8485
vn 0.4607 0.1076 -0.8810
vn -0.2244 -0.4795 -0.8483
vn -0.0010 -0.4127 -0.9109
vn 0.2564 0.0191 0.9664
vn -0.9606 0.0910 0.2627
vn -0.7836 0.5478 -0.2930
vn 0.7320 0.6082 -0.3070
vn -0.7537 -0.6210 0.2151
vn 0.7271 -0.6217 0.2912
vn 0.8403 0.5024 -0.2036
vn 0.6361 -0.6724 0.3785
vn -0.8708 -0.2573 0.4189
vn -0.6169 0.7086 -0.3426
vn 0.9085 0.1978 -0.3681
vn -0.7814 -0.5441 0.3056
vn -0.6445 0.6901 -0.3291
vn 0.5006 -0.7632 0.4086
vn -0.9142 -0.4003 0.0632
vn -0.6317 0.6830 -0.3667
vn 0.9068 -0.4014 0.1287
vn 0.4254 0.0621 0.9029
vn 0.6835 0.6090 -0.4025
vn 0.2420 0.3199 0.9160
vn 0.5698 0.2693 0.7764
vn 0.6429 0.2857 0.7107
vn 0.5485 0.4497 0.7049
vn 0.2444 0.2913 0.9249
vn 0.2453 0.2810 0.9278
vn 0.1965 0.2927 0.9358
vn 0.3757 0.0547 0.9251
vn 0.3082 0.3127 0.8985
vn 0.4188 0.3198 0.8499
vn 0.2396 0.3523 0.9047
vn 0.2523 0.1783 0.9511
vn 0.1570 -0.6302 0.7604
vn 0.3148 -0.8658 0.3889
vn 0.2431 0.3189 0.9161
vn 0.4654 0.4632 0.7542
vn 0.2327 0.4171 0.8786
vn 0.8438 0.2244 0.4875
vn 0.4321 0.8603 -0.2707
vn 0.3028 0.9529 0.0183
vn -0.3641 0.1841 0.9130
vn -0.2974 0.0984 0.9497
vn 0.1038 0.5000 0.8598
vn -0.1766 0.0372 0.9836
vn -0.5788 0.2159 0.7864
vn -0.5509 0.1387 0.8229
vn 0.2321 -0.1364 0.9631
vn -0.3447 0.4106 0.8441
vn -0.3636 0.3122 0.8777
vn 0.0104 0.1332 0.9910
vn 0.8012 -0.1298 0.5842
vn 0.2138 -0.0058 0.9769
vn -0.4544 -0.3285 -0.8280
vn -0.2270 -0.3392 -0.9129
vn 0.1974 0.1341 -0.9711
vn 0.2527 -0.6429 -0.7231
vn -0.0443 -0.4278 -0.9028
vn -0.9723 0.2238 -0.0668
vn 0.9757 -0.2181 -0.0229
vn 0.1481 0.8948 -0.4212
vn 0.9978 -0.0143 0.0652
vn -0.2453 -0.7528 0.6108
vn 0.9950 0.0801 0.0589
vn -0.0494 -0.9217 0.3848
vn 0.1980 -0.0090 -0.9802
vn 0.0067 0.9043 -0.4269
vn 0.9416 -0.3090 0.1336
vn 0.5212 0.8534 0.0019
vn 0.1830 0.9281 -0.3243
vn 0.6479 0.7598 0.0542
vn 0.8059 -0.5908 -0.0379
vn -0.1610 -0.6539 0.7392
vn -0.4859 0.1999 0.8508
vn 0.5845 -0.4429 -0.6798
vn 0.5205 -0.6952 0.4957
vn 0.9046 0.0802 0.4186
vn 0.4639 -0.6347 -0.6181
vn 0.1036 0.8287 -0.5501
vn -0.3503 0.6517 0.6728
vn -0.0721 0.9593 -0.2730
vn 0.5321 0.7778 -0.3344
vn -0.9984 -0.0173 -0.0535
vn 0.8906 -0.4103 -0.1960
vn 0.1781 -0.7706 -0.6120
vn -0.1275 0.8752 -0.4667
vn 0.3090 -0.3205 -0.8954
vn 0.3810 0.6042 -0.6999
vn -0.5809 -0.0826 -0.8098
vn -0.2895 -0.6731 -0.6806
vn -0.0344 -0.0789 -0.9963
vn -0.6040 -0.5685 -0.5586
vn 0.5352 -0.2204 -0.8155
vn 0.4464 -0.5745 -0.6861
vn -0.1749 -0.7282 -0.6627
vn -0.0361 -0.2267 -0.9733
vn 0.4395 0.0103 -0.8982
vn -0.6737 -0.0754 -0.7352
vn -0.3397 -0.3184 -0.8850
vn 0.4860 0.1767 -0.8559
vn 0.3872 0.7013 -0.5985
vn -0.3974 0.2403 -0.8856
vn -0.1805 -0.7070 -0.6838
vn 0.0935 -0.5200 -0.8490
vn 0.2739 -0.2526 -0.9280
vn -0.5879 -0.7697 0.2489
vn 0.4215 0.3228 -0.8474
vn 0.3398 0.6485 -0.6811
vn 0.6376 -0.7542 0.1572
vn -0.0965 -0.8848 0.4559
vn -0.9584 0.2630 0.1108
vn 0.9933 0.0660 -0.0951
vn -0.9787 0.1535 -0.1365
vn -0.0335 0.8660 -0.4989
vn 0.7863 0.3418 0.5147
vn 0.4410 0.3616 0.8214
vn 0.0532 0.0912 0.9944
vn 0.3816 0.3193 0.8674
vn -0.0693 -0.1814 0.9810
vn 0.0492 -0.0691 0.9964
vn -0.1224 0.6228 0.7727
vn -0.7598 0.1102 0.6408
vn 0.3483 0.4647 0.8141
vn 0.3524 0.1613 0.9219
vn 0.4031 -0.1366 0.9049
vn 0.5608 0.2061 0.8019
vn -0.7712 0.2569 -0.5824
vn -0.7382 -0.5722 -0.3573
vn -0.5954 0.8035 -0.0015
vn -0.5853 0.8050 0.0974
vn -0.7697 -0.6346 0.0693
vn -0.8557 -0.0769 -0.5117
vn -0.6472 0.3081 -0.6973
vn -0.1011 0.8641 0.4931
vn -0.1894 -0.2620 0.9463
vn -0.2470 0.7384 0.6275
vn 0.0676 0.6332 0.7711
vn 0.6726 -0.4074 0.6178
vn -0.4551 -0.2273 0.8609
vn 0.3082 0.8300 0.4650
vn -0.1348 0.0710 0.9883
vn 0.8974 -0.2467 0.3658
vn -0.2732 0.4919 0.8267
vn -0.5523 0.1765 -0.8148
vn -0.1530 -0.9882 -0.0095
vn 0.5378 0.7356 -0.4118
vn 0.9481 -0.1178 0.2953
vn -0.9735 0.0922 0.2091
vn -0.5250 -0.5662 0.6354
vn -0.3820 0.7232 0.5754
vn 0.0680 0.0447 0.9967
vn -0.5245 0.7619 -0.3800
vn -0.1699 0.9831 -0.0688
vn -0.5112 0.0109 0.8594
vn -0.6715 -0.7162 -0.1901
vn 0.7368 0.6652 0.1210
vn 0.4271 0.1814 -0.8858
vn -0.5297 0.3790 -0.7588
vn 0.4205 -0.7476 -0.5141
vn -0.1945 -0.9313 -0.3080
vn 0.1549 0.5501 -0.8206
vn 0.5370 -0.1513 -0.8299
vn -0.9830 -0.1074 -0.1491
vn -0.6113 0.5052 -0.6092
vn 0.6502 -0.5929 -0.4751
vn -0.2450 -0.9695 -0.0011
vn -0.9109 -0.3307 -0.2468
vn 0.1988 0.2398 -0.9502
vn -0.4790 0.2158 -0.8509
vn -0.0188 -0.8140 -0.5805
vn -0.6066 -0.0967 -0.7891
vn 0.2372 0.1673 -0.9570
vn -0.8818 0.1342 -0.4522
vn -0.0635 -0.3627 -0.9297
vn 0.5247 -0.3892 -0.7571
vn 0.1443 -0.4869 -0.8614
vn 0.0390 -0.5592 -0.8281
vn 0.1531 -0.9299 -0.3343
vn -0.4534 -0.4623 -0.7620
vn -0.1097 -0.6275 -0.7709
vn -0.0794 -0.3986 0.9137
vn -0.3155 0.6195 0.7188
vn 0.6940 -0.1651 0.7008
vn -0.1151 -0.2005 0.9729
vn -0.5226 0.3489 0.7779
vn 0.3729 0.8863 0.2747
vn -0.0312 -0.5476 0.8362
vn -0.3717 0.5408 0.7545
vn 0.7144 0.6952 -0.0793
vn 0.9299 -0.3655 -0.0399
vn -0.1110 0.2525 0.9612
vn 0.7641 0.1265 0.6326
vn 0.6977 0.0782 0.7121
vn 0.7568 0.2895 0.5860
vn 0.5949 -0.1212 0.7946
vn 0.8642 0.0929 0.4944
vn 0.8187 0.2094 0.5346
vn 0.9049 0.2799 0.3207
vn -0.3133 0.1157 0.9426
vn -0.6411 0.6839 -0.3483
vn -0.6551 -0.4038 -0.6386
vn -0.6469 0.7624 -0.0179
vn -0.6330 0.7721 0.0563
vn -0.7561 -0.5642 -0.3316
vn -0.4847 0.7569 -0.4383
vn -0.7497 -0.5156 -0.4148
vn -0.8489 -0.5285 0.0024
vn -0.6674 -0.7312 -0.1413
vn -0.6489 -0.0957 -0.7549
vn -0.5075 -0.4957 -0.7048
vn -0.5474 -0.2784 -0.7892
vn 0.7564 -0.6157 0.2209
vn 0.4075 -0.0629 0.9110
vn -0.0186 0.8574 0.5143
vn -0.2133 0.5491 0.8081
vn -0.1866 0.9473 0.2603
vn 0.9294 0.2552 0.2665
vn -0.5901 -0.1015 0.8009
vn -0.6197 0.6910 0.3721
vn -0.5023 0.0700 0.8619
vn 0.3361 -0.4728 0.8146
vn -0.1678 0.9504 0.2618
vn 0.7934 -0.0574 0.6060
vn -0.3607 0.1080 0.9264
vn 0.9645 0.0871 0.2493
vn -0.4497 -0.1938 0.8719
vn -0.6306 -0.3892 0.6715
vn -0.4930 0.8685 0.0508
vn -0.7621 -0.4985 0.4133
vn -0.4552 0.7988 0.3933
vn -0.4839 0.8550 0.1867
vn -0.6591 -0.5964 -0.4582
vn 0.8994 0.4316 -0.0690
vn 0.5738 -0.7333 0.3648
vn 0.0422 0.7304 -0.6818
vn -0.8137 0.2436 -0.5277
vn 0.4066 0.9125 0.0450
vn 0.3558 -0.3570 0.8637
vn -0.6638 -0.7240 0.1874
vn -0.8507 -0.3260 0.4124
vn -0.1259 0.4393 0.8895
vn -0.1545 -0.3145 0.9366
vn -0.7354 0.5568 0.3862
vn 0.7688 0.0002 0.6395
vn -0.1471 -0.9736 0.1747
vn -0.8044 0.1419 -0.5769
vn 0.1992 0.9799 0.0061
vn -0.6168 0.0163 0.7869
vn -0.3004 0.2207 0.9279
vn -0.4253 0.6511 -0.6287
vn -0.3586 0.9108 -0.2045
vn -0.8259 0.4214 -0.3747
vn 0.0918 -0.0657 0.9936
vn -0.6378 -0.7664 -0.0761
vn 0.2149 -0.4319 0.8760
vn 0.9770 0.1540 -0.1478
vn -0.8132 -0.4942 0.3075
vn -0.4600 -0.7489 -0.4770
vn -0.0560 0.9507 0.3051
vn 0.0799 -0.1991 -0.9767
vn 0.0400 0.5510 -0.8336
vn 0.5260 -0.3088 -0.7925
vn 0.3009 -0.9188 -0.2557
vn -0.9290 -0.2673 -0.2561
vn 0.4597 0.2744 -0.8446
vn -0.5613 -0.7095 -0.4261
vn -0.9595 0.1866 -0.2109
vn -0.1700 0.6467 -0.7436
vn -0.7541 0.0964 -0.6496
vn -0.2141 -0.2758 -0.9371
vn 0.5925 -0.8013 -0.0832
vn -0.8895 -0.4492 0.0834
vn -0.7639 -0.1161 -0.6348
vn 0.7231 -0.0158 -0.6906
vn -0.5920 -0.6409 -0.4887
vn -0.2097 -0.8811 -0.4239
vn -0.1734 -0.3695 -0.9129
vn -0.8739 -0.4659 -0.1385
vn 0.0307 0.2765 -0.9605
vn 0.3615 -0.7500 -0.5539
vn 0.1866 -0.5940 -0.7825
vn -0.5763 -0.7253 -0.3766
vn -0.6125 -0.7157 -0.3356
vn -0.8233 0.0769 -0.5624
vn -0.7204 -0.4901 -0.4908
vn -0.5072 -0.4922 -0.7075
vn -0.4426 -0.6292 -0.6389
vn 0.1080 -0.3688 -0.9232
vn -0.1993 0.2507 -0.9473
vn -0.4484 -0.7250 -0.5229
vn 0.0129 -0.0999 -0.9949
vn 0.2960 -0.4364 -0.8497
vn -0.5262 -0.5553 -0.6440
vn 0.3039 -0.0339 -0.9521
vn -0.2595 0.0720 -0.9631
vn -0.5980 0.2893 -0.7475
vn -0.8385 0.0619 -0.5414
vn -0.7736 0.2401 -0.5864
vn 0.1472 -0.4899 -0.8593
vn -0.3012 -0.2819 -0.9109
vn 0.4154 -0.8136 -0.4068
vn 0.4135 -0.0621 -0.9084
vn -0.6829 -0.5681 -0.4592
vn -0.2452 -0.5577 -0.7930
vn -0.5637 -0.1810 -0.8059
vn -0.5298 0.1377 -0.8368
vn -0.8065 -0.2330 -0.5434
vn -0.8734 -0.1539 -0.4621
vn -0.8361 0.1131 -0.5367
vn -0.4495 -0.4125 -0.7923
vn 0.9650 0.0910 -0.2458
vn 0.5378 0.5458 -0.6425
vn -0.7878 0.6087 0.0945
vn 0.7618 -0.6210 -0.1846
vn -0.4881 -0.6204 0.6139
vn -0.8313 0.5025 0.2377
vn -0.3662 -0.6725 0.6431
vn 0.9641 -0.2573 -0.0657
vn 0.3675 0.7080 -0.6030
vn -0.9718 0.1978 0.1284
vn 0.8307 -0.5437 -0.1196
vn 0.3974 0.6906 -0.6042
vn -0.2334 -0.7630 0.6027
vn 0.8262 -0.4005 -0.3963
vn 0.3683 0.6830 -0.6307
vn -0.7238 -0.4008 0.5616
vn 0.0788 0.0616 0.9950
vn -0.7929 0.6092 -0.0127
vn -0.1120 0.2692 0.9565
vn -0.2080 0.2857 0.9355
vn -0.1286 0.4496 0.8839
vn 0.2915 0.2923 0.9108
vn 0.1305 0.0538 0.9900
vn 0.1763 0.3110 0.9339
vn 0.0566 0.3189 0.9461
vn 0.2396 -0.6290 0.7396
vn -0.0803 -0.8651 0.4951
vn -0.0311 0.4645 0.8850
vn -0.4929 0.2246 0.8406
vn -0.5094 0.8603 -0.0221
vn -0.2543 0.9529 0.1654
vn 0.7671 0.1848 0.6143
vn 0.7267 0.0991 0.6797
vn 0.3340 0.5005 0.7987
vn 0.6374 0.0374 0.7696
vn 0.8914 0.2167 0.3982
vn 0.8848 0.1395 0.4446
vn 0.2718 -0.1366 0.9526
vn 0.7164 0.4111 0.5637
vn 0.7491 0.3139 0.5834
vn 0.4787 0.1329 0.8678
vn -0.4089 -0.1305 0.9032
vn 0.2949 -0.0075 0.9555
vn -0.0125 -0.3293 -0.9441
vn -0.2533 -0.3398 -0.9057
vn -0.6547 0.1330 -0.7441
vn -0.5769 -0.6429 -0.5039
vn -0.4077 -0.4281 -0.8065
vn 0.8123 0.2246 -0.5383
vn -0.8598 -0.2182 0.4617
vn -0.3369 0.8946 -0.2937
vn -0.8342 -0.0130 0.5514
vn 0.5150 -0.7529 0.4099
vn -0.8362 0.0803 0.5425
vn 0.2333 -0.9213 0.3112
vn -0.6562 -0.0091 -0.7545
vn -0.2166 0.9042 -0.3681
vn -0.7528 -0.3092 0.5811
vn -0.4523 0.8535 0.2587
vn -0.3193 0.9281 -0.1917
vn -0.5366 0.7599 0.3669
vn -0.7196 -0.5908 0.3650
vn 0.5050 -0.6538 0.5635
vn 0.8424 0.2004 0.5002
vn -0.8438 -0.4432 -0.3027
vn -0.2082 -0.6950 0.6882
vn -0.5801 0.0803 0.8106
vn -0.7084 -0.6348 -0.3085
vn -0.3617 0.8286 -0.4273
vn 0.6366 0.6519 0.4120
vn -0.6278 0.7779 -0.0281
vn 0.8420 -0.0180 -0.5392
vn -0.8713 -0.4103 0.2692
vn -0.4571 -0.7705 -0.4443
vn -0.1167 0.8736 -0.4725
vn -0.6932 -0.3560 -0.6267
vn -0.6770 0.6040 -0.4206
vn 0.1077 -0.0816 -0.9908
vn -0.0846 -0.6730 -0.7348
vn -0.3833 -0.0438 -0.9226
vn 0.2512 -0.5701 -0.7822
vn -0.8698 -0.2444 -0.4285
vn -0.7269 -0.5746 -0.3761
vn -0.4495 -0.2250 -0.8645
vn -0.8256 0.0090 -0.5642
vn 0.2326 -0.0705 -0.9700
vn -0.1414 -0.3190 -0.9372
vn -0.8408 0.2046 -0.5013
vn -0.6323 0.7012 -0.3295
vn -0.0943 0.2410 -0.9659
vn -0.5006 -0.5205 -0.6917
vn -0.6970 -0.2526 -0.6711
vn 0.6341 -0.7697 -0.0737
vn -0.7848 0.3435 -0.5159
vn -0.6318 0.6485 -0.4245
vn -0.4758 -0.7534 0.4538
vn 0.3091 -0.8841 0.3504
vn 0.8882 0.2630 -0.3769
vn -0.9102 0.0659 0.4088
vn 0.7837 0.1531 -0.6020
vn -0.2173 0.8661 -0.4501
vn -0.4295 0.3418 0.8359
vn 0.0224 0.3615 0.9321
vn 0.4450 0.0906 0.8909
vn 0.0975 0.3180 0.9431
vn 0.5447 -0.1810 0.8189
vn 0.4475 -0.0687 0.8916
vn 0.4878 0.6232 0.6113
vn 0.9770 0.1105 0.1821
vn 0.0996 0.4667 0.8788
vn 0.1509 0.1608 0.9754
vn 0.0944 -0.1374 0.9860
vn -0.0913 0.2046 0.9746
vt 0.960780 0.886098
vt 0.959448 0.889915
vt 0.953854 0.892501
vt 0.958590 0.884149
vt 0.961157 0.892067
vt 0.958985 0.895168
vt 0.959763 0.899367
vt 0.955822 0.899925
vt 0.953930 0.900758
vt 0.952558 0.901368
vt 0.948768 0.905058
vt 0.946676 0.894000
vt 0.946539 0.879037
vt 0.951961 0.881522
vt 0.958944 0.879013
vt 0.982877 0.879931
vt 0.969622 0.882008
vt 0.968571 0.877670
vt 0.972369 0.875582
vt 0.982803 0.876379
vt 0.962269 0.910422
vt 0.963778 0.907079
vt 0.968712 0.908778
vt 0.968017 0.913596
vt 0.967101 0.903987
vt 0.970427 0.904342
vt 0.977549 0.910899
vt 0.977869 0.914833
vt 0.973147 0.917647
vt 0.991076 0.877037
vt 0.979974 0.872788
vt 0.987488 0.870874
vt 0.974575 0.905730
vt 0.978215 0.907788
vt 0.975796 0.847572
vt 0.972552 0.851116
vt 0.969446 0.849486
vt 0.971691 0.846883
vt 0.976815 0.857648
vt 0.971827 0.863054
vt 0.967290 0.864227
vt 0.966161 0.860394
vt 0.975103 0.854785
vt 0.965772 0.844676
vt 0.962818 0.847446
vt 0.961069 0.844860
vt 0.961081 0.841225
vt 0.963694 0.843467
vt 0.964821 0.864881
vt 0.963232 0.860256
vt 0.964757 0.855419
vt 0.962227 0.855916
vt 0.959046 0.844669
vt 0.957719 0.839853
vt 0.961530 0.848590
vt 0.959572 0.848534
vt 0.958463 0.849472
vt 0.957482 0.845963
vt 0.955867 0.840581
vt 0.981428 0.908247
vt 0.981178 0.910397
vt 0.981255 0.913610
vt 0.957723 0.872743
vt 0.957208 0.868429
vt 0.961448 0.870848
vt 0.962223 0.872131
vt 0.958822 0.865293
vt 0.961898 0.869306
vt 0.957842 0.749048
vt 0.957729 0.748279
vt 0.960188 0.746839
vt 0.960075 0.750384
vt 0.957564 0.749796
vt 0.957697 0.753859
vt 0.962358 0.850882
vt 0.960453 0.851238
vt 0.960203 0.850813
vt 0.962356 0.853045
vt 0.960408 0.851517
vt 0.960336 0.735847
vt 0.960376 0.736362
vt 0.957178 0.737701
vt 0.957784 0.735318
vt 0.960759 0.735366
vt 0.959022 0.733764
vt 0.965135 0.891294
vt 0.966002 0.894272
vt 0.964091 0.894405
vt 0.969129 0.893258
vt 0.967442 0.895389
vt 0.938623 0.772871
vt 0.937074 0.772341
vt 0.935787 0.768853
vt 0.940174 0.770445
vt 0.939043 0.774043
vt 0.942315 0.773603
vt 0.966514 0.878154
vt 0.967936 0.881435
vt 0.966214 0.881366
vt 0.965664 0.880262
vt 0.967147 0.885019
vt 0.965886 0.882685
vt 0.946082 0.760998
vt 0.945956 0.763352
vt 0.941789 0.763324
vt 0.942916 0.758888
vt 0.947990 0.759668
vt 0.946345 0.755798
vt 0.960599 0.854038
vt 0.960434 0.851649
vt 0.958404 0.854085
vt 0.960088 0.851691
vt 0.960660 0.736385
vt 0.961006 0.736156
vt 0.961201 0.738917
vt 0.959109 0.738960
vt 0.970203 0.898909
vt 0.967793 0.897982
vt 0.966890 0.900346
vt 0.935315 0.774045
vt 0.934682 0.776430
vt 0.933706 0.776812
vt 0.932336 0.772445
vt 0.964023 0.886395
vt 0.964760 0.883492
vt 0.963353 0.883344
vt 0.947261 0.764304
vt 0.948327 0.764072
vt 0.948654 0.767482
vt 0.945278 0.766505
vt 0.978593 0.918001
vt 0.975411 0.920149
vt 0.981451 0.917298
vt 0.980938 0.920184
vt 0.978488 0.920189
vt 0.976302 0.921137
vt 0.945339 0.792590
vt 0.948177 0.793859
vt 0.942765 0.802596
vt 0.939990 0.800609
vt 0.950816 0.797242
vt 0.945931 0.805441
vt 0.942348 0.914491
vt 0.938120 0.915296
vt 0.938405 0.906137
vt 0.942917 0.904957
vt 0.945805 0.914732
vt 0.938299 0.871639
vt 0.943889 0.862170
vt 0.950055 0.865134
vt 0.964653 0.759462
vt 0.966420 0.749717
vt 0.970710 0.744590
vt 0.974428 0.755143
vt 0.965508 0.746737
vt 0.966652 0.742711
vt 0.965598 0.737871
vt 0.968262 0.737345
vt 0.953372 0.855640
vt 0.948872 0.853733
vt 0.957697 0.916824
vt 0.954949 0.921213
vt 0.949846 0.917835
vt 0.952659 0.912086
vt 0.933394 0.791333
vt 0.936810 0.786941
vt 0.941506 0.790365
vt 0.937346 0.796100
vt 0.970161 0.924505
vt 0.969292 0.922930
vt 0.969528 0.919073
vt 0.923036 0.784353
vt 0.923698 0.789735
vt 0.921494 0.791804
vt 0.920436 0.790533
vt 0.966938 0.920707
vt 0.966161 0.924782
vt 0.960924 0.923779
vt 0.963439 0.919250
vt 0.929507 0.785214
vt 0.928015 0.789366
vt 0.952719 0.846738
vt 0.955198 0.847895
vt 0.964591 0.732519
vt 0.966139 0.732146
vt 0.964571 0.726959
vt 0.965947 0.727074
vt 0.953777 0.839939
vt 0.930580 0.885992
vt 0.925429 0.889354
vt 0.915475 0.885198
vt 0.921640 0.879771
vt 0.923257 0.892408
vt 0.913938 0.892737
vt 0.974843 0.786766
vt 0.974183 0.795718
vt 0.964120 0.793710
vt 0.962220 0.791004
vt 0.971586 0.776840
vt 0.960751 0.784852
vt 0.962905 0.774293
vt 0.954989 0.783495
vt 0.960609 0.768492
vt 0.955144 0.791522
vt 0.948699 0.787442
vt 0.948075 0.784062
vt 0.950825 0.780728
vt 0.953344 0.776409
vt 0.955783 0.771887
vt 0.958005 0.767004
vt 0.941809 0.895215
vt 0.936572 0.896162
vt 0.938132 0.884126
vt 0.930036 0.877065
vt 0.972856 0.765876
vt 0.931509 0.907117
vt 0.927974 0.913490
vt 0.919938 0.905003
vt 0.928268 0.899849
vt 0.954550 0.810290
vt 0.954579 0.802421
vt 0.958689 0.798077
vt 0.964810 0.805613
vt 0.934025 0.907101
vt 0.931814 0.897956
vt 0.953317 0.800523
vt 0.949956 0.809457
vt 0.932414 0.915443
vt 0.956827 0.795539
vt 0.978759 0.924490
vt 0.974392 0.924077
vt 0.918146 0.780129
vt 0.919649 0.786369
vt 0.916505 0.783266
vt 0.918720 0.790846
vt 0.972028 0.924769
vt 0.916929 0.792149
vt 0.917806 0.788701
vt 0.914361 0.787613
vt 0.962767 0.881930
vt 0.963418 0.880215
vt 0.949084 0.763361
vt 0.949654 0.762077
vt 0.952959 0.761185
vt 0.951363 0.764959
vt 0.952609 0.834656
vt 0.953291 0.833496
vt 0.966094 0.721633
vt 0.966714 0.722923
vt 0.951378 0.829371
vt 0.955172 0.834977
vt 0.955234 0.833758
vt 0.963321 0.877443
vt 0.964777 0.879729
vt 0.949367 0.760643
vt 0.950719 0.757864
vt 0.969077 0.885341
vt 0.970963 0.886598
vt 0.982428 0.883462
vt 0.960535 0.913561
vt 0.966147 0.916218
vt 0.951678 0.872756
vt 0.952870 0.876383
vt 0.957511 0.875532
vt 0.956512 0.850013
vt 0.957778 0.851473
vt 0.956552 0.854119
vt 0.957204 0.856104
vt 0.958371 0.856233
vt 0.965010 0.875130
vt 0.967052 0.874605
vt 0.964603 0.873854
vt 0.965999 0.873065
vt 0.966524 0.871739
vt 0.967968 0.872850
vt 0.967685 0.889096
vt 0.963809 0.889398
vt 0.985898 0.898294
vt 0.980782 0.896619
vt 0.979805 0.888947
vt 0.985464 0.890448
vt 0.968359 0.845961
vt 0.963704 0.849926
vt 0.971585 0.893586
vt 0.964272 0.852555
vt 0.989906 0.884014
vt 0.991343 0.880468
vt 0.957545 0.861204
vt 0.954191 0.864717
vt 0.959961 0.856223
vt 0.980982 0.854073
vt 0.979183 0.850665
vt 0.961858 0.875370
vt 0.962044 0.874186
vt 0.957467 0.904300
vt 0.955771 0.907604
vt 0.962325 0.902427
vt 0.968155 0.868826
vt 0.966578 0.869060
vt 0.979266 0.868505
vt 0.955940 0.910567
vt 0.960221 0.860175
vt 0.961531 0.864185
vt 0.979793 0.900999
vt 0.971798 0.899261
vt 0.979539 0.906484
vt 0.981893 0.907027
vt 0.984318 0.902113
vt 0.965191 0.899549
vt 0.963699 0.898070
vt 0.936394 0.776686
vt 0.937913 0.776270
vt 0.938727 0.779508
vt 0.935218 0.779769
vt 0.986695 0.866491
vt 0.979918 0.862651
vt 0.986007 0.860625
vt 0.959776 0.850477
vt 0.959466 0.850616
vt 0.961148 0.735320
vt 0.961026 0.734120
vt 0.961363 0.735427
vt 0.962221 0.734951
vt 0.965151 0.872284
vt 0.964978 0.871925
vt 0.964704 0.872220
vt 0.950778 0.750094
vt 0.954863 0.748905
vt 0.955368 0.749209
vt 0.955182 0.749701
vt 0.963599 0.872368
vt 0.956468 0.750373
vt 0.954042 0.753357
vt 0.959531 0.851259
vt 0.961253 0.735805
vt 0.962325 0.736659
vt 0.964964 0.870937
vt 0.964485 0.869625
vt 0.955501 0.747799
vt 0.951858 0.746239
vt 0.956730 0.747499
vt 0.954468 0.744202
vt 0.963205 0.896097
vt 0.938764 0.775192
vt 0.941006 0.777140
vt 0.963256 0.868836
vt 0.957378 0.747760
vt 0.957838 0.745133
vt 0.959529 0.727700
vt 0.960879 0.726326
vt 0.962965 0.729269
vt 0.961584 0.730475
vt 0.962616 0.724060
vt 0.966856 0.718575
vt 0.960099 0.731811
vt 0.958041 0.728915
vt 0.961003 0.732840
vt 0.962211 0.732627
vt 0.954505 0.731184
vt 0.956346 0.730091
vt 0.955231 0.740741
vt 0.949897 0.733635
vt 0.952377 0.732328
vt 0.964002 0.735863
vt 0.963523 0.732586
vt 0.963520 0.737572
vt 0.963693 0.739615
vt 0.960265 0.742754
vt 0.957700 0.742182
vt 0.946887 0.735140
vt 0.943252 0.737009
vt 0.947662 0.752686
vt 0.935169 0.741486
vt 0.939252 0.739204
vt 0.932724 0.746406
vt 0.930391 0.751802
vt 0.938430 0.765813
vt 0.927218 0.761899
vt 0.928563 0.757174
vt 0.925900 0.766257
vt 0.923955 0.770768
vt 0.922181 0.775000
vt 0.926732 0.781281
vt 0.919839 0.777795
vt 0.976447 0.928625
vt 0.972864 0.927414
vt 0.931986 0.782991
vt 0.937872 0.783235
vt 0.951341 0.773877
vt 0.953917 0.769544
vt 0.955946 0.764951
vt 0.946110 0.781349
vt 0.948757 0.777955
vt 0.959791 0.761766
vt 0.961961 0.756140
vt 0.957836 0.759743
vt 0.960506 0.754913
vt 0.942618 0.784413
vt 0.945294 0.786972
vt 0.942082 0.780930
vt 0.942709 0.768267
vt 0.945729 0.771105
vt 0.951706 0.755705
vt 0.954830 0.757763
vt 0.963720 0.751841
vt 0.963004 0.750601
vt 0.963506 0.742672
s 1
usemtl sign
f 2312/2285/1902 2480/2286/2070 2545/2287/2135 2441/2288/2031
f 2325/2289/1915 2483/2290/2073 2545/2287/2135 2480/2286/2070
f 2334/2291/1924 2469/2292/2059 2545/2287/2135 2483/2290/2073
f 2333/2293/1923 2481/2294/2071 2545/2287/2135 2469/2292/2059
f 2272/2295/1862 2374/2296/1964 2545/2287/2135 2481/2294/2071
f 2273/2297/1863 2439/2298/2029 2545/2287/2135 2374/2296/1964
f 2310/2299/1900 2441/2288/2031 2545/2287/2135 2439/2298/2029
f 2584/2300/2174 2578/2301/2168 2383/2302/1973 2281/2303/1871 2378/2304/1968
f 2322/2305/1912 2456/2306/2046 2546/2307/2136 2487/2308/2077
f 2323/2309/1913 2546/2307/2136 2456/2306/2046
f 2323/2309/1913 2485/2310/2075 2546/2307/2136
f 2546/2307/2136 2549/2311/2139 2385/2312/1975 2282/2313/1872 2487/2308/2077
f 2276/2314/1866 2378/2304/1968 2490/2315/2080 2341/2316/1931
f 2281/2303/1871 2490/2315/2080 2378/2304/1968
f 2338/2317/1928 2493/2318/2083 2549/2311/2139 2546/2307/2136 2485/2310/2075
f 2279/2319/1869 2380/2320/1970 2462/2321/2052 2328/2322/1918
f 2463/2323/2053 2329/2324/1919 2479/2325/2069 2547/2326/2137 2588/2327/2178
f 2327/2328/1917 2484/2329/2074 2454/2330/2044 2283/2331/1873 2594/2332/2184
f 2547/2326/2137 2479/2325/2069 2317/2333/1907 2470/2334/2060
f 2384/2335/1974 2547/2326/2137 2470/2334/2060 2335/2336/1925
f 2283/2331/1873 2454/2330/2044 2548/2337/2138 2437/2338/2027
f 2454/2330/2044 2320/2339/1910 2452/2340/2042 2548/2337/2138
f 2548/2337/2138 2452/2340/2042 2321/2341/1911 2468/2342/2058
f 2437/2338/2027 2548/2337/2138 2468/2342/2058 2308/2343/1898
f 2549/2311/2139 2493/2318/2083 2343/2344/1933 2492/2345/2082
f 2385/2312/1975 2549/2311/2139 2492/2345/2082 2277/2346/1867
f 2315/2347/1905 2444/2348/2034 2550/2349/2140 2505/2350/2095
f 2444/2348/2034 2314/2351/1904 2506/2352/2096 2550/2349/2140
f 2550/2353/2140 2506/2354/2096 2291/2355/1881 2401/2356/1991
f 2505/2357/2095 2550/2353/2140 2401/2356/1991 2288/2358/1878
f 2320/2339/1910 2451/2359/2041 2551/2360/2141 2504/2361/2094
f 2451/2359/2041 2319/2362/1909 2501/2363/2091 2551/2360/2141
f 2551/2364/2141 2501/2365/2091 2347/2366/1937 2396/2367/1986
f 2504/2368/2094 2551/2364/2141 2396/2367/1986 2348/2369/1938
f 2325/2289/1915 2458/2370/2048 2552/2371/2142 2503/2372/2093
f 2458/2370/2048 2324/2373/1914 2500/2374/2090 2552/2371/2142
f 2552/2375/2142 2500/2376/2090 2351/2377/1941 2391/2378/1981
f 2503/2379/2093 2552/2375/2142 2391/2378/1981 2352/2380/1942
f 2311/2381/1901 2443/2382/2033 2553/2383/2143 2497/2384/2087
f 2443/2382/2033 2313/2385/1903 2499/2386/2089 2553/2383/2143
f 2553/2387/2143 2499/2388/2089 2292/2389/1882 2426/2390/2016
f 2497/2391/2087 2553/2387/2143 2426/2390/2016 2294/2392/1884
f 2319/2362/1909 2450/2393/2040 2554/2394/2144 2501/2363/2091
f 2450/2393/2040 2318/2395/1908 2502/2396/2092 2554/2394/2144
f 2554/2397/2144 2502/2398/2092 2346/2399/1936 2397/2400/1987
f 2501/2365/2091 2554/2397/2144 2397/2400/1987 2347/2366/1937
f 2324/2373/1914 2457/2401/2047 2555/2402/2145 2500/2374/2090
f 2457/2401/2047 2323/2309/1913 2507/2403/2097 2555/2402/2145
f 2555/2404/2145 2507/2405/2097 2350/2406/1940 2530/2407/2120
f 2500/2376/2090 2555/2404/2145 2530/2407/2120 2351/2377/1941
f 2313/2385/1903 2442/2408/2032 2556/2409/2146 2499/2386/2089
f 2442/2408/2032 2312/2285/1902 2498/2410/2088 2556/2409/2146
f 2556/2411/2146 2498/2412/2088 2293/2413/1883 2434/2414/2024
f 2499/2388/2089 2556/2411/2146 2434/2414/2024 2292/2389/1882
f 2282/2313/1872 2385/2312/1975 2557/2415/2147 2430/2416/2020
f 2385/2312/1975 2277/2346/1867 2429/2417/2019 2557/2415/2147
f 2557/2415/2147 2429/2417/2019 2303/2418/1893 2427/2419/2017
f 2430/2416/2020 2557/2415/2147 2427/2419/2017 2304/2420/1894
f 2284/2421/1874 2414/2422/2004 2558/2423/2148 2405/2424/1995
f 2414/2422/2004 2297/2425/1887 2412/2426/2002 2558/2423/2148
f 2558/2427/2148 2412/2428/2002 2295/2429/1885 2413/2430/2003
f 2405/2431/1995 2558/2427/2148 2413/2430/2003 2272/2295/1862
f 2273/2297/1863 2404/2432/1994 2559/2433/2149 2381/2434/1971
f 2285/2435/1875 2543/2436/2133 2559/2437/2149 2404/2438/1994
f 2372/2439/1962 2394/2440/1984 2559/2437/2149 2543/2436/2133
f 2290/2441/1880 2406/2442/1996 2559/2437/2149 2394/2440/1984
f 2278/2443/1868 2381/2434/1971 2559/2433/2149 2406/2444/1996
f 2275/2445/1865 2407/2446/1997 2560/2447/2150 2375/2448/1965
f 2407/2449/1997 2287/2450/1877 2389/2451/1979 2560/2452/2150
f 2560/2452/2150 2389/2451/1979 2284/2421/1874 2405/2424/1995
f 2375/2448/1965 2560/2447/2150 2405/2431/1995 2272/2295/1862
f 2282/2313/1872 2531/2453/2121 2561/2454/2151 2379/2455/1969
f 2286/2456/1876 2408/2457/1998 2561/2458/2151 2531/2459/2121
f 2274/2460/1864 2379/2455/1969 2561/2454/2151 2408/2461/1998
f 2274/2460/1864 2408/2461/1998 2562/2462/2152 2376/2463/1966
f 2408/2457/1998 2286/2456/1876 2390/2464/1980 2562/2465/2152
f 2562/2465/2152 2390/2464/1980 2287/2450/1877 2407/2449/1997
f 2376/2463/1966 2562/2462/2152 2407/2446/1997 2275/2445/1865
f 2278/2443/1868 2406/2444/1996 2563/2466/2153 2433/2467/2023
f 2406/2442/1996 2290/2441/1880 2403/2468/1993 2563/2469/2153
f 2563/2469/2153 2403/2468/1993 2307/2470/1897 2436/2471/2026
f 2433/2467/2023 2563/2466/2153 2436/2472/2026 2308/2343/1898
f 2296/2473/1886 2422/2474/2012 2564/2475/2154 2411/2476/2001
f 2422/2474/2012 2300/2477/1890 2419/2478/2009 2564/2475/2154
f 2564/2479/2154 2419/2480/2009 2302/2481/1892 2421/2482/2011
f 2411/2483/2001 2564/2479/2154 2421/2482/2011 2298/2484/1888
f 2285/2435/1875 2415/2485/2005 2565/2486/2155 2388/2487/1978
f 2298/2484/1888 2410/2488/2000 2565/2486/2155 2415/2485/2005
f 2297/2425/1887 2414/2422/2004 2565/2486/2155 2410/2488/2000
f 2284/2421/1874 2535/2489/2125 2565/2486/2155 2414/2422/2004
f 2367/2490/1957 2533/2491/2123 2565/2486/2155 2535/2489/2125
f 2365/2492/1955 2534/2493/2124 2565/2486/2155 2533/2491/2123
f 2366/2494/1956 2388/2487/1978 2565/2486/2155 2534/2493/2124
f 2272/2295/1862 2413/2430/2003 2566/2495/2156 2374/2296/1964
f 2413/2430/2003 2295/2429/1885 2409/2496/1999 2566/2495/2156
f 2566/2495/2156 2409/2496/1999 2296/2473/1886 2416/2497/2006
f 2374/2296/1964 2566/2495/2156 2416/2497/2006 2273/2297/1863
f 2273/2297/1863 2416/2497/2006 2567/2498/2157 2404/2432/1994
f 2416/2497/2006 2296/2473/1886 2411/2476/2001 2567/2498/2157
f 2567/2499/2157 2411/2483/2001 2298/2484/1888 2415/2485/2005
f 2404/2438/1994 2567/2499/2157 2415/2485/2005 2285/2435/1875
f 2299/2500/1889 2420/2501/2010 2568/2502/2158 2417/2503/2007
f 2420/2504/2010 2301/2505/1891 2418/2506/2008 2568/2507/2158
f 2568/2507/2158 2418/2506/2008 2302/2481/1892 2419/2480/2009
f 2417/2503/2007 2568/2502/2158 2419/2478/2009 2300/2477/1890
f 2295/2429/1885 2423/2508/2013 2569/2509/2159 2409/2496/1999
f 2423/2508/2013 2299/2500/1889 2417/2503/2007 2569/2509/2159
f 2569/2509/2159 2417/2503/2007 2300/2477/1890 2422/2474/2012
f 2409/2496/1999 2569/2509/2159 2422/2474/2012 2296/2473/1886
f 2297/2425/1887 2424/2510/2014 2570/2511/2160 2412/2426/2002
f 2424/2510/2014 2301/2505/1891 2420/2504/2010 2570/2511/2160
f 2570/2512/2160 2420/2501/2010 2299/2500/1889 2423/2508/2013
f 2412/2428/2002 2570/2512/2160 2423/2508/2013 2295/2429/1885
f 2298/2484/1888 2421/2482/2011 2571/2513/2161 2410/2488/2000
f 2421/2482/2011 2302/2481/1892 2418/2506/2008 2571/2513/2161
f 2571/2513/2161 2418/2506/2008 2301/2505/1891 2424/2510/2014
f 2410/2488/2000 2571/2513/2161 2424/2510/2014 2297/2425/1887
f 2572/2514/2162 2428/2515/2018 2427/2419/2017 2303/2418/1893
f 2289/2516/1879 2286/2456/1876 2532/2517/2122 2432/2518/2022
f 2427/2419/2017 2428/2515/2018 2304/2420/1894
f 2286/2456/1876 2531/2459/2121 2573/2519/2163 2532/2517/2122
f 2531/2453/2121 2282/2313/1872 2430/2416/2020 2573/2520/2163
f 2573/2520/2163 2430/2416/2020 2304/2420/1894 2428/2515/2018
f 2532/2517/2122 2573/2519/2163 2428/2521/2018 2306/2522/1896
f 2432/2518/2022 2532/2517/2122 2306/2522/1896 2305/2523/1895
f 2312/2285/1902 2441/2288/2031 2574/2524/2164 2498/2410/2088
f 2441/2288/2031 2310/2299/1900 2496/2525/2086 2574/2524/2164
f 2574/2526/2164 2496/2527/2086 2309/2528/1899 2435/2529/2025
f 2498/2412/2088 2574/2526/2164 2435/2529/2025 2293/2413/1883
f 2308/2343/1898 2436/2472/2026 2575/2530/2165 2382/2531/1972
f 2307/2470/1897 2425/2532/2015 2575/2533/2165 2436/2471/2026
f 2280/2534/1870 2382/2531/1972 2575/2530/2165
f 2308/2343/1898 2382/2531/1972 2576/2535/2166 2437/2338/2027
f 2280/2534/1870 2386/2536/1976 2576/2535/2166 2382/2531/1972
f 2283/2331/1873 2437/2338/2027 2576/2535/2166 2386/2536/1976
f 2310/2299/1900 2440/2537/2030 2577/2538/2167 2496/2525/2086
f 2440/2537/2030 2311/2381/1901 2497/2384/2087 2577/2538/2167
f 2577/2539/2167 2497/2391/2087 2294/2392/1884 2438/2540/2028
f 2496/2527/2086 2577/2539/2167 2438/2540/2028 2309/2528/1899
f 2340/2541/1930 2578/2301/2168 2466/2542/2056
f 2313/2385/1903 2443/2382/2033 2578/2301/2168 2340/2541/1930
f 2311/2381/1901 2383/2302/1973 2578/2301/2168 2443/2382/2033
f 2478/2543/2068 2466/2542/2056 2578/2301/2168 2584/2300/2174
f 2275/2445/1865 2373/2544/1963 2579/2545/2169 2376/2463/1966
f 2373/2544/1963 2322/2305/1912 2487/2308/2077 2579/2545/2169
f 2579/2545/2169 2487/2308/2077 2282/2313/1872 2379/2455/1969
f 2376/2463/1966 2579/2545/2169 2379/2455/1969 2274/2460/1864
f 2273/2297/1863 2449/2546/2039 2580/2547/2170 2439/2298/2029
f 2315/2347/1905 2475/2548/2065 2580/2547/2170 2449/2546/2039
f 2310/2299/1900 2439/2298/2029 2580/2547/2170 2475/2548/2065
f 2308/2343/1898 2468/2342/2058 2581/2549/2171 2433/2467/2023
f 2468/2342/2058 2321/2341/1911 2453/2550/2043 2581/2549/2171
f 2581/2549/2171 2453/2550/2043 2318/2395/1908 2455/2551/2045
f 2433/2467/2023 2581/2549/2171 2455/2551/2045 2278/2443/1868
f 2278/2443/1868 2455/2551/2045 2471/2552/2061
f 2318/2395/1908 2336/2553/1926 2471/2552/2061 2455/2551/2045
f 2311/2381/1901 2472/2554/2062 2582/2555/2172 2383/2302/1973
f 2472/2554/2062 2337/2556/1927 2445/2557/2035 2582/2555/2172
f 2582/2555/2172 2445/2557/2035 2316/2558/1906 2448/2559/2038
f 2383/2302/1973 2582/2555/2172 2448/2559/2038 2281/2303/1871
f 2313/2385/1903 2460/2560/2050 2583/2561/2173 2442/2408/2032
f 2460/2560/2050 2324/2373/1914 2458/2370/2048 2583/2561/2173
f 2583/2561/2173 2458/2370/2048 2325/2289/1915 2480/2286/2070
f 2442/2408/2032 2583/2561/2173 2480/2286/2070 2312/2285/1902
f 2332/2562/1922 2465/2563/2055 2488/2564/2078 2339/2565/1929
f 2586/2566/2176 2585/2567/2175 2484/2329/2074 2327/2328/1917
f 2465/2563/2055 2474/2568/2064 2466/2542/2056 2488/2564/2078
f 2335/2336/1925 2319/2362/1909 2461/2569/2051 2384/2335/1974
f 2324/2373/1914 2460/2560/2050 2466/2542/2056 2474/2568/2064
f 2313/2385/1903 2340/2541/1930 2466/2542/2056 2460/2560/2050
f 2331/2570/1921 2478/2543/2068 2584/2300/2174 2377/2571/1967
f 2377/2571/1967 2584/2300/2174 2378/2304/1968 2276/2314/1866
f 2588/2327/2178 2547/2326/2137 2384/2335/1974 2380/2320/1970
f 2461/2569/2051 2319/2362/1909 2451/2359/2041 2585/2567/2175
f 2585/2567/2175 2451/2359/2041 2320/2339/1910 2484/2329/2074
f 2462/2321/2052 2461/2569/2051 2585/2567/2175 2586/2566/2176
f 2328/2322/1918 2462/2321/2052 2586/2566/2176
f 2336/2553/1926 2476/2572/2066 2587/2573/2177 2471/2552/2061
f 2314/2351/1904 2444/2348/2034 2587/2573/2177 2476/2572/2066
f 2315/2347/1905 2449/2546/2039 2587/2573/2177 2444/2348/2034
f 2273/2297/1863 2381/2434/1971 2587/2573/2177 2449/2546/2039
f 2278/2443/1868 2471/2552/2061 2587/2573/2177 2381/2434/1971
f 2336/2553/1926 2318/2395/1908 2450/2393/2040 2473/2574/2063
f 2473/2574/2063 2450/2393/2040 2319/2362/1909 2335/2336/1925
f 2330/2575/1920 2463/2323/2053 2588/2327/2178 2464/2576/2054
f 2464/2576/2054 2588/2327/2178 2380/2320/1970 2279/2319/1869
f 2310/2299/1900 2475/2548/2065 2589/2577/2179 2440/2537/2030
f 2475/2548/2065 2315/2347/1905 2482/2578/2072 2589/2577/2179
f 2589/2577/2179 2482/2578/2072 2337/2556/1927 2472/2554/2062
f 2440/2537/2030 2589/2577/2179 2472/2554/2062 2311/2381/1901
f 2272/2295/1862 2481/2294/2071 2590/2579/2180 2477/2580/2067
f 2333/2293/1923 2469/2292/2059 2590/2579/2180 2481/2294/2071
f 2334/2291/1924 2459/2581/2049 2590/2579/2180 2469/2292/2059
f 2323/2309/1913 2456/2306/2046 2590/2579/2180 2459/2581/2049
f 2322/2305/1912 2477/2580/2067 2590/2579/2180 2456/2306/2046
f 2317/2333/1907 2479/2325/2069 2591/2582/2181 2446/2583/2036
f 2490/2315/2080 2281/2303/1871 2448/2559/2038 2591/2582/2181 2598/2584/2188
f 2384/2335/1974 2461/2569/2051 2462/2321/2052 2380/2320/1970
f 2446/2583/2036 2591/2582/2181 2448/2559/2038 2316/2558/1906
f 2272/2295/1862 2477/2580/2067 2592/2585/2182 2375/2448/1965
f 2322/2305/1912 2373/2544/1963 2592/2585/2182 2477/2580/2067
f 2275/2445/1865 2375/2448/1965 2592/2585/2182 2373/2544/1963
f 2335/2336/1925 2470/2334/2060 2593/2586/2183 2473/2574/2063
f 2470/2334/2060 2317/2333/1907 2447/2587/2037 2593/2586/2183
f 2593/2586/2183 2447/2587/2037 2314/2351/1904 2476/2572/2066
f 2473/2574/2063 2593/2586/2183 2476/2572/2066 2336/2553/1926
f 2596/2588/2186 2595/2589/2185 2474/2568/2064 2465/2563/2055
f 2320/2339/1910 2454/2330/2044 2484/2329/2074
f 2488/2564/2078 2466/2542/2056 2478/2543/2068
f 2485/2310/2075 2323/2309/1913 2457/2401/2047 2595/2589/2185
f 2595/2589/2185 2457/2401/2047 2324/2373/1914 2474/2568/2064
f 2486/2590/2076 2338/2317/1928 2485/2310/2075 2595/2589/2185 2596/2588/2186
f 2326/2591/1916 2486/2590/2076 2596/2588/2186 2467/2592/2057
f 2467/2592/2057 2596/2588/2186 2465/2563/2055 2332/2562/1922
f 2323/2309/1913 2459/2581/2049 2597/2593/2187 2507/2403/2097
f 2459/2581/2049 2334/2291/1924 2508/2594/2098 2597/2593/2187
f 2597/2595/2187 2508/2596/2098 2353/2597/1943 2387/2598/1977
f 2507/2405/2097 2597/2595/2187 2387/2598/1977 2350/2406/1940
f 2339/2565/1929 2488/2564/2078 2478/2543/2068 2331/2570/1921
f 2341/2316/1931 2490/2315/2080 2598/2584/2188 2489/2599/2079
f 2489/2599/2079 2598/2584/2188 2491/2600/2081 2342/2601/1932
f 2342/2601/1932 2491/2600/2081 2463/2323/2053 2330/2575/1920
f 2329/2324/1919 2463/2323/2053 2491/2600/2081
f 2343/2344/1933 2493/2318/2083 2486/2590/2076 2326/2591/1916
f 2338/2317/1928 2486/2590/2076 2493/2318/2083
f 2321/2341/1911 2452/2340/2042 2599/2602/2189 2509/2603/2099
f 2452/2340/2042 2320/2339/1910 2504/2361/2094 2599/2602/2189
f 2599/2604/2189 2504/2368/2094 2348/2369/1938 2395/2605/1985
f 2509/2606/2099 2599/2604/2189 2395/2605/1985 2349/2607/1939
f 2316/2558/1906 2445/2557/2035 2600/2608/2190 2510/2609/2100
f 2337/2556/1927 2526/2610/2116 2600/2608/2190 2445/2557/2035
f 2344/2611/1934 2510/2612/2100 2600/2613/2190 2526/2614/2116
f 2337/2556/1927 2482/2578/2072 2601/2615/2191 2526/2610/2116
f 2482/2578/2072 2315/2347/1905 2505/2350/2095 2601/2615/2191
f 2601/2616/2191 2505/2357/2095 2288/2358/1878 2525/2617/2115
f 2526/2614/2116 2601/2616/2191 2525/2617/2115 2344/2611/1934
f 2318/2395/1908 2453/2550/2043 2602/2618/2192 2502/2396/2092
f 2453/2550/2043 2321/2341/1911 2509/2603/2099 2602/2618/2192
f 2602/2619/2192 2509/2606/2099 2349/2607/1939 2393/2620/1983
f 2502/2398/2092 2602/2619/2192 2393/2620/1983 2346/2399/1936
f 2317/2333/1907 2446/2583/2036 2603/2621/2193 2512/2622/2102
f 2446/2583/2036 2316/2558/1906 2510/2609/2100 2603/2621/2193
f 2603/2623/2193 2510/2612/2100 2344/2611/1934 2400/2624/1990
f 2512/2625/2102 2603/2623/2193 2400/2624/1990 2345/2626/1935
f 2334/2291/1924 2483/2290/2073 2604/2627/2194 2508/2594/2098
f 2483/2290/2073 2325/2289/1915 2503/2372/2093 2604/2627/2194
f 2604/2628/2194 2503/2379/2093 2352/2380/1942 2495/2629/2085
f 2508/2596/2098 2604/2628/2194 2495/2629/2085 2353/2597/1943
f 2314/2351/1904 2447/2587/2037 2605/2630/2195 2506/2352/2096
f 2447/2587/2037 2317/2333/1907 2512/2622/2102 2605/2630/2195
f 2605/2631/2195 2512/2625/2102 2345/2626/1935 2398/2632/1988
f 2506/2354/2096 2605/2631/2195 2398/2632/1988 2291/2355/1881
f 2358/2633/1948 2513/2634/2103 2514/2635/2104 2359/2636/1949
f 2356/2637/1946 2280/2638/1870 2425/2532/2015 2307/2470/1897
f 2514/2635/2104 2513/2634/2103 2356/2637/1946 2307/2470/1897
f 2358/2633/1948 2359/2636/1949 2515/2639/2105 2517/2640/2107
f 2348/2369/1938 2515/2639/2105 2606/2641/2196 2395/2605/1985
f 2359/2636/1949 2516/2642/2106 2606/2641/2196 2515/2639/2105
f 2349/2607/1939 2395/2605/1985 2606/2641/2196 2516/2642/2106
f 2348/2369/1938 2396/2367/1986 2518/2643/2108 2357/2644/1947
f 2517/2640/2107 2515/2639/2105 2348/2369/1938 2357/2644/1947
f 2347/2366/1937 2522/2645/2112 2523/2646/2113 2360/2647/1950
f 2518/2643/2108 2396/2367/1986 2347/2366/1937 2360/2647/1950
f 2290/2441/1880 2519/2648/2109 2607/2649/2197 2403/2468/1993
f 2519/2648/2109 2349/2607/1939 2516/2642/2106 2607/2649/2197
f 2607/2649/2197 2516/2642/2106 2359/2636/1949 2514/2635/2104
f 2403/2468/1993 2607/2649/2197 2514/2635/2104 2307/2470/1897
f 2349/2607/1939 2519/2648/2109 2608/2650/2198 2393/2620/1983
f 2290/2441/1880 2520/2651/2110 2608/2650/2198 2519/2648/2109
f 2346/2399/1936 2393/2620/1983 2608/2650/2198 2520/2651/2110
f 2346/2399/1936 2521/2652/2111 2609/2653/2199 2397/2400/1987
f 2521/2652/2111 2291/2355/1881 2398/2632/1988 2609/2653/2199
f 2609/2653/2199 2398/2632/1988 2345/2626/1935 2522/2645/2112
f 2397/2400/1987 2609/2653/2199 2522/2645/2112 2347/2366/1937
f 2523/2646/2113 2522/2645/2112 2345/2626/1935 2361/2654/1951
f 2345/2626/1935 2400/2624/1990 2524/2655/2114 2361/2654/1951
f 2344/2611/1934 2511/2656/2101 2494/2657/2084 2362/2658/1952
f 2524/2655/2114 2400/2624/1990 2344/2611/1934 2362/2658/1952
f 2494/2657/2084 2511/2656/2101 2294/2392/1884 2363/2659/1953
f 2294/2392/1884 2426/2390/2016 2527/2660/2117 2363/2659/1953
f 2292/2389/1882 2528/2661/2118 2529/2662/2119 2354/2663/1944
f 2527/2660/2117 2426/2390/2016 2292/2389/1882 2354/2663/1944
f 2529/2662/2119 2528/2661/2118 2351/2377/1941 2364/2664/1954
f 2351/2377/1941 2530/2407/2120 2392/2665/1982 2364/2664/1954
f 2392/2665/1982 2530/2407/2120 2350/2406/1940 2355/2666/1945
f 2350/2406/1940 2431/2667/2021 2402/2668/1992 2355/2666/1945
f 2305/2669/1895 2306/2670/1896 2428/2515/2018 2572/2514/2162
f 2402/2668/1992 2431/2667/2021 2286/2456/1876 2289/2516/1879
f 2350/2406/1940 2387/2598/1977 2610/2671/2200 2431/2667/2021
f 2387/2598/1977 2353/2597/1943 2399/2672/1989 2610/2671/2200
f 2610/2671/2200 2399/2672/1989 2287/2450/1877 2390/2464/1980
f 2431/2667/2021 2610/2671/2200 2390/2464/1980 2286/2456/1876
f 2534/2493/2124 2365/2492/1955 2369/2673/1959 2538/2674/2128
f 2366/2494/1956 2534/2493/2124 2538/2674/2128 2370/2675/1960
f 2533/2491/2123 2367/2490/1957 2371/2676/1961 2537/2677/2127
f 2365/2492/1955 2533/2491/2123 2537/2677/2127 2369/2673/1959
f 2285/2435/1875 2388/2487/1978 2611/2678/2201 2539/2679/2129
f 2388/2487/1978 2366/2494/1956 2611/2678/2201
f 2611/2678/2201 2366/2494/1956 2370/2675/1960 2536/2680/2126
f 2539/2679/2129 2611/2678/2201 2536/2680/2126 2368/2681/1958
f 2287/2450/1877 2540/2682/2130 2612/2683/2202 2389/2451/1979
f 2540/2682/2130 2371/2676/1961 2367/2490/1957 2612/2683/2202
f 2612/2683/2202 2367/2490/1957 2535/2489/2125
f 2389/2451/1979 2612/2683/2202 2535/2489/2125 2284/2421/1874
f 2287/2450/1877 2399/2672/1989 2613/2684/2203 2540/2682/2130
f 2399/2672/1989 2353/2597/1943 2495/2629/2085 2613/2684/2203
f 2613/2684/2203 2495/2629/2085 2352/2380/1942 2371/2676/1961
f 2540/2682/2130 2613/2684/2203 2371/2676/1961
f 2351/2377/1941 2528/2661/2118 2614/2685/2204 2391/2378/1981
f 2528/2661/2118 2292/2389/1882 2434/2414/2024 2614/2685/2204
f 2614/2685/2204 2434/2414/2024 2293/2413/1883 2541/2686/2131
f 2391/2378/1981 2614/2685/2204 2541/2686/2131 2352/2380/1942
f 2294/2392/1884 2511/2656/2101 2615/2687/2205 2438/2540/2028
f 2511/2656/2101 2344/2611/1934 2525/2617/2115 2615/2687/2205
f 2615/2687/2205 2525/2617/2115 2288/2358/1878 2542/2688/2132
f 2438/2540/2028 2615/2687/2205 2542/2688/2132 2309/2528/1899
f 2537/2677/2127 2371/2676/1961 2352/2380/1942 2541/2686/2131
f 2369/2673/1959 2537/2677/2127 2541/2686/2131 2293/2413/1883
f 2309/2528/1899 2370/2675/1960 2538/2674/2128 2435/2529/2025
f 2435/2529/2025 2538/2674/2128 2369/2673/1959 2293/2413/1883
f 2536/2680/2126 2370/2675/1960 2309/2528/1899 2542/2688/2132
f 2368/2681/1958 2536/2680/2126 2542/2688/2132 2288/2358/1878
f 2285/2435/1875 2539/2679/2129 2616/2689/2206 2543/2436/2133
f 2368/2681/1958 2544/2690/2134 2616/2689/2206 2539/2679/2129
f 2372/2439/1962 2543/2436/2133 2616/2689/2206 2544/2690/2134
f 2291/2355/1881 2372/2439/1962 2544/2690/2134 2401/2356/1991
f 2401/2356/1991 2544/2690/2134 2368/2681/1958 2288/2358/1878
f 2372/2439/1962 2617/2691/2207 2394/2440/1984
f 2372/2439/1962 2291/2355/1881 2521/2652/2111 2617/2691/2207
f 2617/2691/2207 2521/2652/2111 2346/2399/1936 2520/2651/2110
f 2394/2440/1984 2617/2691/2207 2520/2651/2110 2290/2441/1880
f 2598/2584/2188 2591/2582/2181 2479/2325/2069 2329/2324/1919 2491/2600/2081
f 2425/2532/2015 2280/2638/1870 2575/2533/2165
f 2650/2285/2240 2753/2288/2343 2845/2287/2435 2790/2286/2380
f 2663/2289/2253 2790/2286/2380 2845/2287/2435 2793/2290/2383
f 2666/2291/2256 2793/2290/2383 2845/2287/2435 2779/2292/2369
f 2665/2293/2255 2779/2292/2369 2845/2287/2435 2791/2294/2381
f 2618/2295/2208 2791/2294/2381 2845/2287/2435 2692/2296/2282
f 2619/2297/2209 2692/2296/2282 2845/2287/2435 2751/2298/2341
f 2648/2299/2238 2751/2298/2341 2845/2287/2435 2753/2288/2343
f 2883/2300/2473 2695/2304/2285 2623/2303/2213 2700/2302/2290 2877/2301/2467
f 2660/2305/2250 2797/2308/2387 2846/2307/2436 2768/2306/2358
f 2661/2309/2251 2768/2306/2358 2846/2307/2436
f 2661/2309/2251 2846/2307/2436 2795/2310/2385
f 2846/2307/2436 2797/2308/2387 2624/2313/2214 2702/2312/2292 2849/2311/2439
f 2276/2314/1866 2341/2316/1931 2799/2315/2389 2695/2304/2285
f 2623/2303/2213 2695/2304/2285 2799/2315/2389
f 2670/2317/2260 2795/2310/2385 2846/2307/2436 2849/2311/2439 2801/2318/2391
f 2279/2319/1869 2328/2322/1918 2774/2321/2364 2697/2320/2287
f 2775/2323/2365 2886/2327/2476 2847/2326/2437 2789/2325/2379 2664/2324/2254
f 2327/2328/1917 2594/2332/2184 2283/2331/1873 2766/2330/2356 2794/2329/2384
f 2847/2326/2437 2780/2334/2370 2655/2333/2245 2789/2325/2379
f 2701/2335/2291 2667/2336/2257 2780/2334/2370 2847/2326/2437
f 2283/2331/1873 2749/2338/2339 2848/2337/2438 2766/2330/2356
f 2766/2330/2356 2848/2337/2438 2764/2340/2354 2658/2339/2248
f 2848/2337/2438 2778/2342/2368 2659/2341/2249 2764/2340/2354
f 2749/2338/2339 2646/2343/2236 2778/2342/2368 2848/2337/2438
f 2849/2311/2439 2492/2345/2082 2343/2344/1933 2801/2318/2391
f 2702/2312/2292 2277/2346/1867 2492/2345/2082 2849/2311/2439
f 2653/2347/2243 2812/2350/2402 2850/2349/2440 2756/2348/2346
f 2756/2348/2346 2850/2349/2440 2813/2352/2403 2652/2351/2242
f 2850/2353/2440 2716/2356/2306 2631/2355/2221 2813/2354/2403
f 2812/2357/2402 2629/2358/2219 2716/2356/2306 2850/2353/2440
f 2658/2339/2248 2811/2361/2401 2851/2360/2441 2763/2359/2353
f 2763/2359/2353 2851/2360/2441 2808/2363/2398 2657/2362/2247
f 2851/2364/2441 2711/2367/2301 2675/2366/2265 2808/2365/2398
f 2811/2368/2401 2676/2369/2266 2711/2367/2301 2851/2364/2441
f 2663/2289/2253 2810/2372/2400 2852/2371/2442 2770/2370/2360
f 2770/2370/2360 2852/2371/2442 2807/2374/2397 2662/2373/2252
f 2852/2375/2442 2707/2378/2297 2679/2377/2269 2807/2376/2397
f 2810/2379/2400 2680/2380/2270 2707/2378/2297 2852/2375/2442
f 2649/2381/2239 2804/2384/2394 2853/2383/2443 2755/2382/2345
f 2755/2382/2345 2853/2383/2443 2806/2386/2396 2651/2385/2241
f 2853/2387/2443 2740/2390/2330 2632/2389/2222 2806/2388/2396
f 2804/2391/2394 2634/2392/2224 2740/2390/2330 2853/2387/2443
f 2657/2362/2247 2808/2363/2398 2854/2394/2444 2762/2393/2352
f 2762/2393/2352 2854/2394/2444 2809/2396/2399 2656/2395/2246
f 2854/2397/2444 2712/2400/2302 2674/2399/2264 2809/2398/2399
f 2808/2365/2398 2675/2366/2265 2712/2400/2302 2854/2397/2444
f 2662/2373/2252 2807/2374/2397 2855/2402/2445 2769/2401/2359
f 2769/2401/2359 2855/2402/2445 2814/2403/2404 2661/2309/2251
f 2855/2404/2445 2830/2407/2420 2678/2406/2268 2814/2405/2404
f 2807/2376/2397 2679/2377/2269 2830/2407/2420 2855/2404/2445
f 2651/2385/2241 2806/2386/2396 2856/2409/2446 2754/2408/2344
f 2754/2408/2344 2856/2409/2446 2805/2410/2395 2650/2285/2240
f 2856/2411/2446 2746/2414/2336 2633/2413/2223 2805/2412/2395
f 2806/2388/2396 2632/2389/2222 2746/2414/2336 2856/2411/2446
f 2624/2313/2214 2743/2416/2333 2857/2415/2447 2702/2312/2292
f 2702/2312/2292 2857/2415/2447 2429/2417/2019 2277/2346/1867
f 2857/2415/2447 2741/2419/2331 2303/2418/1893 2429/2417/2019
f 2743/2416/2333 2643/2420/2233 2741/2419/2331 2857/2415/2447
f 2625/2421/2215 2719/2424/2309 2858/2423/2448 2728/2422/2318
f 2728/2422/2318 2858/2423/2448 2726/2426/2316 2637/2425/2227
f 2858/2427/2448 2727/2430/2317 2635/2429/2225 2726/2428/2316
f 2719/2431/2309 2618/2295/2208 2727/2430/2317 2858/2427/2448
f 2619/2297/2209 2698/2434/2288 2859/2433/2449 2718/2432/2308
f 2626/2435/2216 2718/2438/2308 2859/2437/2449 2843/2436/2433
f 2690/2439/2280 2843/2436/2433 2859/2437/2449 2709/2440/2299
f 2630/2441/2220 2709/2440/2299 2859/2437/2449 2720/2442/2310
f 2622/2443/2212 2720/2444/2310 2859/2433/2449 2698/2434/2288
f 2621/2445/2211 2693/2448/2283 2860/2447/2450 2721/2446/2311
f 2721/2449/2311 2860/2452/2450 2705/2451/2295 2628/2450/2218
f 2860/2452/2450 2719/2424/2309 2625/2421/2215 2705/2451/2295
f 2693/2448/2283 2618/2295/2208 2719/2431/2309 2860/2447/2450
f 2624/2313/2214 2696/2455/2286 2861/2454/2451 2831/2453/2421
f 2627/2456/2217 2831/2459/2421 2861/2458/2451 2722/2457/2312
f 2620/2460/2210 2722/2461/2312 2861/2454/2451 2696/2455/2286
f 2620/2460/2210 2694/2463/2284 2862/2462/2452 2722/2461/2312
f 2722/2457/2312 2862/2465/2452 2706/2464/2296 2627/2456/2217
f 2862/2465/2452 2721/2449/2311 2628/2450/2218 2706/2464/2296
f 2694/2463/2284 2621/2445/2211 2721/2446/2311 2862/2462/2452
f 2622/2443/2212 2745/2467/2335 2863/2466/2453 2720/2444/2310
f 2720/2442/2310 2863/2469/2453 2717/2468/2307 2630/2441/2220
f 2863/2469/2453 2748/2471/2338 2645/2470/2235 2717/2468/2307
f 2745/2467/2335 2646/2343/2236 2748/2472/2338 2863/2466/2453
f 2636/2473/2226 2725/2476/2315 2864/2475/2454 2736/2474/2326
f 2736/2474/2326 2864/2475/2454 2733/2478/2323 2640/2477/2230
f 2864/2479/2454 2735/2482/2325 2642/2481/2232 2733/2480/2323
f 2725/2483/2315 2638/2484/2228 2735/2482/2325 2864/2479/2454
f 2626/2435/2216 2704/2487/2294 2865/2486/2455 2729/2485/2319
f 2638/2484/2228 2729/2485/2319 2865/2486/2455 2724/2488/2314
f 2637/2425/2227 2724/2488/2314 2865/2486/2455 2728/2422/2318
f 2625/2421/2215 2728/2422/2318 2865/2486/2455 2835/2489/2425
f 2685/2490/2275 2835/2489/2425 2865/2486/2455 2833/2491/2423
f 2683/2492/2273 2833/2491/2423 2865/2486/2455 2834/2493/2424
f 2684/2494/2274 2834/2493/2424 2865/2486/2455 2704/2487/2294
f 2618/2295/2208 2692/2296/2282 2866/2495/2456 2727/2430/2317
f 2727/2430/2317 2866/2495/2456 2723/2496/2313 2635/2429/2225
f 2866/2495/2456 2730/2497/2320 2636/2473/2226 2723/2496/2313
f 2692/2296/2282 2619/2297/2209 2730/2497/2320 2866/2495/2456
f 2619/2297/2209 2718/2432/2308 2867/2498/2457 2730/2497/2320
f 2730/2497/2320 2867/2498/2457 2725/2476/2315 2636/2473/2226
f 2867/2499/2457 2729/2485/2319 2638/2484/2228 2725/2483/2315
f 2718/2438/2308 2626/2435/2216 2729/2485/2319 2867/2499/2457
f 2639/2500/2229 2731/2503/2321 2868/2502/2458 2734/2501/2324
f 2734/2504/2324 2868/2507/2458 2732/2506/2322 2641/2505/2231
f 2868/2507/2458 2733/2480/2323 2642/2481/2232 2732/2506/2322
f 2731/2503/2321 2640/2477/2230 2733/2478/2323 2868/2502/2458
f 2635/2429/2225 2723/2496/2313 2869/2509/2459 2737/2508/2327
f 2737/2508/2327 2869/2509/2459 2731/2503/2321 2639/2500/2229
f 2869/2509/2459 2736/2474/2326 2640/2477/2230 2731/2503/2321
f 2723/2496/2313 2636/2473/2226 2736/2474/2326 2869/2509/2459
f 2637/2425/2227 2726/2426/2316 2870/2511/2460 2738/2510/2328
f 2738/2510/2328 2870/2511/2460 2734/2504/2324 2641/2505/2231
f 2870/2512/2460 2737/2508/2327 2639/2500/2229 2734/2501/2324
f 2726/2428/2316 2635/2429/2225 2737/2508/2327 2870/2512/2460
f 2638/2484/2228 2724/2488/2314 2871/2513/2461 2735/2482/2325
f 2735/2482/2325 2871/2513/2461 2732/2506/2322 2642/2481/2232
f 2871/2513/2461 2738/2510/2328 2641/2505/2231 2732/2506/2322
f 2724/2488/2314 2637/2425/2227 2738/2510/2328 2871/2513/2461
f 2572/2514/2162 2303/2418/1893 2741/2419/2331 2742/2515/2332
f 2289/2516/1879 2432/2518/2022 2832/2517/2422 2627/2456/2217
f 2741/2419/2331 2643/2420/2233 2742/2515/2332
f 2627/2456/2217 2832/2517/2422 2872/2519/2462 2831/2459/2421
f 2831/2453/2421 2872/2520/2462 2743/2416/2333 2624/2313/2214
f 2872/2520/2462 2742/2515/2332 2643/2420/2233 2743/2416/2333
f 2832/2517/2422 2644/2522/2234 2742/2521/2332 2872/2519/2462
f 2432/2518/2022 2305/2523/1895 2644/2522/2234 2832/2517/2422
f 2650/2285/2240 2805/2410/2395 2873/2524/2463 2753/2288/2343
f 2753/2288/2343 2873/2524/2463 2803/2525/2393 2648/2299/2238
f 2873/2526/2463 2747/2529/2337 2647/2528/2237 2803/2527/2393
f 2805/2412/2395 2633/2413/2223 2747/2529/2337 2873/2526/2463
f 2646/2343/2236 2699/2531/2289 2874/2530/2464 2748/2472/2338
f 2645/2470/2235 2748/2471/2338 2874/2533/2464 2739/2532/2329
f 2280/2534/1870 2874/2530/2464 2699/2531/2289
f 2646/2343/2236 2749/2338/2339 2875/2535/2465 2699/2531/2289
f 2280/2534/1870 2699/2531/2289 2875/2535/2465 2386/2536/1976
f 2283/2331/1873 2386/2536/1976 2875/2535/2465 2749/2338/2339
f 2648/2299/2238 2803/2525/2393 2876/2538/2466 2752/2537/2342
f 2752/2537/2342 2876/2538/2466 2804/2384/2394 2649/2381/2239
f 2876/2539/2466 2750/2540/2340 2634/2392/2224 2804/2391/2394
f 2803/2527/2393 2647/2528/2237 2750/2540/2340 2876/2539/2466
f 2671/2541/2261 2777/2542/2367 2877/2301/2467
f 2651/2385/2241 2671/2541/2261 2877/2301/2467 2755/2382/2345
f 2649/2381/2239 2755/2382/2345 2877/2301/2467 2700/2302/2290
f 2788/2543/2378 2883/2300/2473 2877/2301/2467 2777/2542/2367
f 2621/2445/2211 2694/2463/2284 2878/2545/2468 2691/2544/2281
f 2691/2544/2281 2878/2545/2468 2797/2308/2387 2660/2305/2250
f 2878/2545/2468 2696/2455/2286 2624/2313/2214 2797/2308/2387
f 2694/2463/2284 2620/2460/2210 2696/2455/2286 2878/2545/2468
f 2619/2297/2209 2751/2298/2341 2879/2547/2469 2761/2546/2351
f 2653/2347/2243 2761/2546/2351 2879/2547/2469 2785/2548/2375
f 2648/2299/2238 2785/2548/2375 2879/2547/2469 2751/2298/2341
f 2646/2343/2236 2745/2467/2335 2880/2549/2470 2778/2342/2368
f 2778/2342/2368 2880/2549/2470 2765/2550/2355 2659/2341/2249
f 2880/2549/2470 2767/2551/2357 2656/2395/2246 2765/2550/2355
f 2745/2467/2335 2622/2443/2212 2767/2551/2357 2880/2549/2470
f 2622/2443/2212 2781/2552/2371 2767/2551/2357
f 2656/2395/2246 2767/2551/2357 2781/2552/2371 2668/2553/2258
f 2649/2381/2239 2700/2302/2290 2881/2555/2471 2782/2554/2372
f 2782/2554/2372 2881/2555/2471 2757/2557/2347 2669/2556/2259
f 2881/2555/2471 2760/2559/2350 2654/2558/2244 2757/2557/2347
f 2700/2302/2290 2623/2303/2213 2760/2559/2350 2881/2555/2471
f 2651/2385/2241 2754/2408/2344 2882/2561/2472 2772/2560/2362
f 2772/2560/2362 2882/2561/2472 2770/2370/2360 2662/2373/2252
f 2882/2561/2472 2790/2286/2380 2663/2289/2253 2770/2370/2360
f 2754/2408/2344 2650/2285/2240 2790/2286/2380 2882/2561/2472
f 2332/2562/1922 2339/2565/1929 2798/2564/2388 2776/2563/2366
f 2586/2566/2176 2327/2328/1917 2794/2329/2384 2884/2567/2474
f 2776/2563/2366 2798/2564/2388 2777/2542/2367 2784/2568/2374
f 2667/2336/2257 2701/2335/2291 2773/2569/2363 2657/2362/2247
f 2662/2373/2252 2784/2568/2374 2777/2542/2367 2772/2560/2362
f 2651/2385/2241 2772/2560/2362 2777/2542/2367 2671/2541/2261
f 2331/2570/1921 2377/2571/1967 2883/2300/2473 2788/2543/2378
f 2377/2571/1967 2276/2314/1866 2695/2304/2285 2883/2300/2473
f 2886/2327/2476 2697/2320/2287 2701/2335/2291 2847/2326/2437
f 2773/2569/2363 2884/2567/2474 2763/2359/2353 2657/2362/2247
f 2884/2567/2474 2794/2329/2384 2658/2339/2248 2763/2359/2353
f 2774/2321/2364 2586/2566/2176 2884/2567/2474 2773/2569/2363
f 2328/2322/1918 2586/2566/2176 2774/2321/2364
f 2668/2553/2258 2781/2552/2371 2885/2573/2475 2786/2572/2376
f 2652/2351/2242 2786/2572/2376 2885/2573/2475 2756/2348/2346
f 2653/2347/2243 2756/2348/2346 2885/2573/2475 2761/2546/2351
f 2619/2297/2209 2761/2546/2351 2885/2573/2475 2698/2434/2288
f 2622/2443/2212 2698/2434/2288 2885/2573/2475 2781/2552/2371
f 2668/2553/2258 2783/2574/2373 2762/2393/2352 2656/2395/2246
f 2783/2574/2373 2667/2336/2257 2657/2362/2247 2762/2393/2352
f 2330/2575/1920 2464/2576/2054 2886/2327/2476 2775/2323/2365
f 2464/2576/2054 2279/2319/1869 2697/2320/2287 2886/2327/2476
f 2648/2299/2238 2752/2537/2342 2887/2577/2477 2785/2548/2375
f 2785/2548/2375 2887/2577/2477 2792/2578/2382 2653/2347/2243
f 2887/2577/2477 2782/2554/2372 2669/2556/2259 2792/2578/2382
f 2752/2537/2342 2649/2381/2239 2782/2554/2372 2887/2577/2477
f 2618/2295/2208 2787/2580/2377 2888/2579/2478 2791/2294/2381
f 2665/2293/2255 2791/2294/2381 2888/2579/2478 2779/2292/2369
f 2666/2291/2256 2779/2292/2369 2888/2579/2478 2771/2581/2361
f 2661/2309/2251 2771/2581/2361 2888/2579/2478 2768/2306/2358
f 2660/2305/2250 2768/2306/2358 2888/2579/2478 2787/2580/2377
f 2655/2333/2245 2758/2583/2348 2889/2582/2479 2789/2325/2379
f 2799/2315/2389 2895/2584/2485 2889/2582/2479 2760/2559/2350 2623/2303/2213
f 2701/2335/2291 2697/2320/2287 2774/2321/2364 2773/2569/2363
f 2758/2583/2348 2654/2558/2244 2760/2559/2350 2889/2582/2479
f 2618/2295/2208 2693/2448/2283 2890/2585/2480 2787/2580/2377
f 2660/2305/2250 2787/2580/2377 2890/2585/2480 2691/2544/2281
f 2621/2445/2211 2691/2544/2281 2890/2585/2480 2693/2448/2283
f 2667/2336/2257 2783/2574/2373 2891/2586/2481 2780/2334/2370
f 2780/2334/2370 2891/2586/2481 2759/2587/2349 2655/2333/2245
f 2891/2586/2481 2786/2572/2376 2652/2351/2242 2759/2587/2349
f 2783/2574/2373 2668/2553/2258 2786/2572/2376 2891/2586/2481
f 2893/2588/2483 2776/2563/2366 2784/2568/2374 2892/2589/2482
f 2658/2339/2248 2794/2329/2384 2766/2330/2356
f 2798/2564/2388 2788/2543/2378 2777/2542/2367
f 2795/2310/2385 2892/2589/2482 2769/2401/2359 2661/2309/2251
f 2892/2589/2482 2784/2568/2374 2662/2373/2252 2769/2401/2359
f 2796/2590/2386 2893/2588/2483 2892/2589/2482 2795/2310/2385 2670/2317/2260
f 2326/2591/1916 2467/2592/2057 2893/2588/2483 2796/2590/2386
f 2467/2592/2057 2332/2562/1922 2776/2563/2366 2893/2588/2483
f 2661/2309/2251 2814/2403/2404 2894/2593/2484 2771/2581/2361
f 2771/2581/2361 2894/2593/2484 2815/2594/2405 2666/2291/2256
f 2894/2595/2484 2703/2598/2293 2681/2597/2271 2815/2596/2405
f 2814/2405/2404 2678/2406/2268 2703/2598/2293 2894/2595/2484
f 2339/2565/1929 2331/2570/1921 2788/2543/2378 2798/2564/2388
f 2341/2316/1931 2489/2599/2079 2895/2584/2485 2799/2315/2389
f 2489/2599/2079 2342/2601/1932 2800/2600/2390 2895/2584/2485
f 2342/2601/1932 2330/2575/1920 2775/2323/2365 2800/2600/2390
f 2664/2324/2254 2800/2600/2390 2775/2323/2365
f 2343/2344/1933 2326/2591/1916 2796/2590/2386 2801/2318/2391
f 2670/2317/2260 2801/2318/2391 2796/2590/2386
f 2659/2341/2249 2816/2603/2406 2896/2602/2486 2764/2340/2354
f 2764/2340/2354 2896/2602/2486 2811/2361/2401 2658/2339/2248
f 2896/2604/2486 2710/2605/2300 2676/2369/2266 2811/2368/2401
f 2816/2606/2406 2677/2607/2267 2710/2605/2300 2896/2604/2486
f 2654/2558/2244 2817/2609/2407 2897/2608/2487 2757/2557/2347
f 2669/2556/2259 2757/2557/2347 2897/2608/2487 2828/2610/2418
f 2672/2611/2262 2828/2614/2418 2897/2613/2487 2817/2612/2407
f 2669/2556/2259 2828/2610/2418 2898/2615/2488 2792/2578/2382
f 2792/2578/2382 2898/2615/2488 2812/2350/2402 2653/2347/2243
f 2898/2616/2488 2827/2617/2417 2629/2358/2219 2812/2357/2402
f 2828/2614/2418 2672/2611/2262 2827/2617/2417 2898/2616/2488
f 2656/2395/2246 2809/2396/2399 2899/2618/2489 2765/2550/2355
f 2765/2550/2355 2899/2618/2489 2816/2603/2406 2659/2341/2249
f 2899/2619/2489 2708/2620/2298 2677/2607/2267 2816/2606/2406
f 2809/2398/2399 2674/2399/2264 2708/2620/2298 2899/2619/2489
f 2655/2333/2245 2819/2622/2409 2900/2621/2490 2758/2583/2348
f 2758/2583/2348 2900/2621/2490 2817/2609/2407 2654/2558/2244
f 2900/2623/2490 2715/2624/2305 2672/2611/2262 2817/2612/2407
f 2819/2625/2409 2673/2626/2263 2715/2624/2305 2900/2623/2490
f 2666/2291/2256 2815/2594/2405 2901/2627/2491 2793/2290/2383
f 2793/2290/2383 2901/2627/2491 2810/2372/2400 2663/2289/2253
f 2901/2628/2491 2802/2629/2392 2680/2380/2270 2810/2379/2400
f 2815/2596/2405 2681/2597/2271 2802/2629/2392 2901/2628/2491
f 2652/2351/2242 2813/2352/2403 2902/2630/2492 2759/2587/2349
f 2759/2587/2349 2902/2630/2492 2819/2622/2409 2655/2333/2245
f 2902/2631/2492 2713/2632/2303 2673/2626/2263 2819/2625/2409
f 2813/2354/2403 2631/2355/2221 2713/2632/2303 2902/2631/2492
f 2358/2633/1948 2682/2636/2272 2820/2635/2410 2513/2634/2103
f 2356/2637/1946 2645/2470/2235 2739/2532/2329 2280/2638/1870
f 2820/2635/2410 2645/2470/2235 2356/2637/1946 2513/2634/2103
f 2358/2633/1948 2517/2640/2107 2821/2639/2411 2682/2636/2272
f 2676/2369/2266 2710/2605/2300 2903/2641/2493 2821/2639/2411
f 2682/2636/2272 2821/2639/2411 2903/2641/2493 2822/2642/2412
f 2677/2607/2267 2822/2642/2412 2903/2641/2493 2710/2605/2300
f 2676/2369/2266 2357/2644/1947 2518/2643/2108 2711/2367/2301
f 2517/2640/2107 2357/2644/1947 2676/2369/2266 2821/2639/2411
f 2675/2366/2265 2360/2647/1950 2523/2646/2113 2826/2645/2416
f 2518/2643/2108 2360/2647/1950 2675/2366/2265 2711/2367/2301
f 2630/2441/2220 2717/2468/2307 2904/2649/2494 2823/2648/2413
f 2823/2648/2413 2904/2649/2494 2822/2642/2412 2677/2607/2267
f 2904/2649/2494 2820/2635/2410 2682/2636/2272 2822/2642/2412
f 2717/2468/2307 2645/2470/2235 2820/2635/2410 2904/2649/2494
f 2677/2607/2267 2708/2620/2298 2905/2650/2495 2823/2648/2413
f 2630/2441/2220 2823/2648/2413 2905/2650/2495 2824/2651/2414
f 2674/2399/2264 2824/2651/2414 2905/2650/2495 2708/2620/2298
f 2674/2399/2264 2712/2400/2302 2906/2653/2496 2825/2652/2415
f 2825/2652/2415 2906/2653/2496 2713/2632/2303 2631/2355/2221
f 2906/2653/2496 2826/2645/2416 2673/2626/2263 2713/2632/2303
f 2712/2400/2302 2675/2366/2265 2826/2645/2416 2906/2653/2496
f 2523/2646/2113 2361/2654/1951 2673/2626/2263 2826/2645/2416
f 2673/2626/2263 2361/2654/1951 2524/2655/2114 2715/2624/2305
f 2672/2611/2262 2362/2658/1952 2494/2657/2084 2818/2656/2408
f 2524/2655/2114 2362/2658/1952 2672/2611/2262 2715/2624/2305
f 2494/2657/2084 2363/2659/1953 2634/2392/2224 2818/2656/2408
f 2634/2392/2224 2363/2659/1953 2527/2660/2117 2740/2390/2330
f 2632/2389/2222 2354/2663/1944 2529/2662/2119 2829/2661/2419
f 2527/2660/2117 2354/2663/1944 2632/2389/2222 2740/2390/2330
f 2529/2662/2119 2364/2664/1954 2679/2377/2269 2829/2661/2419
f 2679/2377/2269 2364/2664/1954 2392/2665/1982 2830/2407/2420
f 2392/2665/1982 2355/2666/1945 2678/2406/2268 2830/2407/2420
f 2678/2406/2268 2355/2666/1945 2402/2668/1992 2744/2667/2334
f 2305/2669/1895 2572/2514/2162 2742/2515/2332 2644/2670/2234
f 2402/2668/1992 2289/2516/1879 2627/2456/2217 2744/2667/2334
f 2678/2406/2268 2744/2667/2334 2907/2671/2497 2703/2598/2293
f 2703/2598/2293 2907/2671/2497 2714/2672/2304 2681/2597/2271
f 2907/2671/2497 2706/2464/2296 2628/2450/2218 2714/2672/2304
f 2744/2667/2334 2627/2456/2217 2706/2464/2296 2907/2671/2497
f 2834/2493/2424 2838/2674/2428 2687/2673/2277 2683/2492/2273
f 2684/2494/2274 2688/2675/2278 2838/2674/2428 2834/2493/2424
f 2833/2491/2423 2837/2677/2427 2689/2676/2279 2685/2490/2275
f 2683/2492/2273 2687/2673/2277 2837/2677/2427 2833/2491/2423
f 2626/2435/2216 2839/2679/2429 2908/2678/2498 2704/2487/2294
f 2704/2487/2294 2908/2678/2498 2684/2494/2274
f 2908/2678/2498 2836/2680/2426 2688/2675/2278 2684/2494/2274
f 2839/2679/2429 2686/2681/2276 2836/2680/2426 2908/2678/2498
f 2628/2450/2218 2705/2451/2295 2909/2683/2499 2840/2682/2430
f 2840/2682/2430 2909/2683/2499 2685/2490/2275 2689/2676/2279
f 2909/2683/2499 2835/2489/2425 2685/2490/2275
f 2705/2451/2295 2625/2421/2215 2835/2489/2425 2909/2683/2499
f 2628/2450/2218 2840/2682/2430 2910/2684/2500 2714/2672/2304
f 2714/2672/2304 2910/2684/2500 2802/2629/2392 2681/2597/2271
f 2910/2684/2500 2689/2676/2279 2680/2380/2270 2802/2629/2392
f 2840/2682/2430 2689/2676/2279 2910/2684/2500
f 2679/2377/2269 2707/2378/2297 2911/2685/2501 2829/2661/2419
f 2829/2661/2419 2911/2685/2501 2746/2414/2336 2632/2389/2222
f 2911/2685/2501 2841/2686/2431 2633/2413/2223 2746/2414/2336
f 2707/2378/2297 2680/2380/2270 2841/2686/2431 2911/2685/2501
f 2634/2392/2224 2750/2540/2340 2912/2687/2502 2818/2656/2408
f 2818/2656/2408 2912/2687/2502 2827/2617/2417 2672/2611/2262
f 2912/2687/2502 2842/2688/2432 2629/2358/2219 2827/2617/2417
f 2750/2540/2340 2647/2528/2237 2842/2688/2432 2912/2687/2502
f 2837/2677/2427 2841/2686/2431 2680/2380/2270 2689/2676/2279
f 2687/2673/2277 2633/2413/2223 2841/2686/2431 2837/2677/2427
f 2647/2528/2237 2747/2529/2337 2838/2674/2428 2688/2675/2278
f 2747/2529/2337 2633/2413/2223 2687/2673/2277 2838/2674/2428
f 2836/2680/2426 2842/2688/2432 2647/2528/2237 2688/2675/2278
f 2686/2681/2276 2629/2358/2219 2842/2688/2432 2836/2680/2426
f 2626/2435/2216 2843/2436/2433 2913/2689/2503 2839/2679/2429
f 2686/2681/2276 2839/2679/2429 2913/2689/2503 2844/2690/2434
f 2690/2439/2280 2844/2690/2434 2913/2689/2503 2843/2436/2433
f 2631/2355/2221 2716/2356/2306 2844/2690/2434 2690/2439/2280
f 2716/2356/2306 2629/2358/2219 2686/2681/2276 2844/2690/2434
f 2690/2439/2280 2709/2440/2299 2914/2691/2504
f 2690/2439/2280 2914/2691/2504 2825/2652/2415 2631/2355/2221
f 2914/2691/2504 2824/2651/2414 2674/2399/2264 2825/2652/2415
f 2709/2440/2299 2630/2441/2220 2824/2651/2414 2914/2691/2504
f 2895/2584/2485 2800/2600/2390 2664/2324/2254 2789/2325/2379 2889/2582/2479
f 2739/2532/2329 2874/2533/2464 2280/2638/1870
o Cube.030
v -0.018598 2.935135 -0.224907
v -0.020405 2.933914 -0.258701
v -0.060868 2.984388 -0.240329
v -0.060389 2.935993 -0.223716
v -0.062197 2.934779 -0.257518
v -0.062851 2.946204 -0.261983
v -0.020222 2.972545 -0.272932
v -0.018353 2.974578 -0.238092
v -0.077260 2.950551 -0.248171
v -0.083891 2.950815 -0.249501
v -0.075602 2.970986 -0.250776
v -0.082091 2.972748 -0.252214
v -0.054767 2.944345 -0.278190
v -0.053345 2.970335 -0.281892
v -0.042778 2.934176 -0.285202
v -0.042814 2.982842 -0.293120
v -0.042984 2.943652 -0.292221
v -0.062684 2.982409 -0.274187
v -0.019162 2.984310 -0.241909
v -0.020978 2.982325 -0.275767
v -0.060988 2.947813 -0.227183
v -0.019808 2.945600 -0.263337
v -0.017946 2.947226 -0.228545
v -0.063211 2.972623 -0.271331
v -0.061342 2.974653 -0.236491
v -0.003979 2.949723 -0.250568
v 0.002449 2.949860 -0.252340
v -0.005734 2.970863 -0.253369
v 0.000556 2.972598 -0.255297
v -0.029675 2.943972 -0.278971
v -0.031203 2.970297 -0.282715
v -0.014856 2.983690 -0.259153
v -0.015140 2.938446 -0.223544
v -0.014271 2.933906 -0.241759
v -0.017775 2.979626 -0.277807
v -0.042049 2.982521 -0.279242
v -0.041510 2.933728 -0.262040
v -0.066520 2.934999 -0.240282
v -0.064023 2.982009 -0.236744
v -0.039251 2.935236 -0.219786
v -0.017237 2.936906 -0.262712
v -0.065680 2.937832 -0.261300
v -0.063581 2.939348 -0.222118
v -0.021529 2.959759 -0.267006
v -0.061376 2.959909 -0.265585
v -0.015670 2.981915 -0.238569
v -0.011233 2.973536 -0.255857
v -0.042056 2.972220 -0.278588
v -0.070343 2.973642 -0.253654
v -0.081764 2.948662 -0.247799
v -0.078884 2.960597 -0.256824
v -0.086148 2.961736 -0.258861
v -0.079682 2.974103 -0.250973
v -0.070793 2.950157 -0.251971
v -0.069255 2.969279 -0.254468
v -0.054045 2.957588 -0.280158
v -0.051428 2.948653 -0.261700
v -0.055594 2.968998 -0.266070
v -0.043317 2.945794 -0.298593
v -0.049147 2.939922 -0.283026
v -0.048344 2.975526 -0.288519
v -0.043081 2.973375 -0.297120
v -0.066997 2.983792 -0.257177
v -0.066128 2.979718 -0.275981
v -0.039779 2.984998 -0.236912
v -0.059647 2.961748 -0.233369
v -0.039106 2.947845 -0.221256
v -0.010813 2.946286 -0.246244
v -0.041668 2.945617 -0.269101
v -0.069997 2.947108 -0.244376
v -0.019802 2.961614 -0.234795
v -0.039486 2.975012 -0.230684
v 0.000502 2.947613 -0.250446
v -0.007310 2.960374 -0.259273
v -0.000325 2.961546 -0.261838
v -0.001688 2.973961 -0.253887
v -0.010801 2.949471 -0.253924
v -0.012433 2.969182 -0.256568
v -0.030435 2.957472 -0.280989
v -0.026680 2.948343 -0.262543
v -0.023799 2.968931 -0.267286
v -0.035968 2.939692 -0.283422
v -0.036863 2.975507 -0.288951
v -0.038945 2.939170 -0.215228
v -0.039391 2.962044 -0.227974
v -0.067988 2.960844 -0.249249
v -0.039433 2.982458 -0.230088
v -0.083253 2.961304 -0.256854
v -0.070020 2.959910 -0.253310
v -0.050844 2.956580 -0.262844
v -0.048708 2.958168 -0.285960
v -0.073890 2.938699 -0.241488
v -0.041844 2.937058 -0.269363
v -0.006949 2.937433 -0.243450
v -0.040902 2.984592 -0.258191
v -0.040353 2.933464 -0.240348
v -0.013200 2.960646 -0.251207
v -0.041767 2.959507 -0.272268
v -0.074317 2.980907 -0.256084
v -0.042341 2.979290 -0.284310
v -0.007498 2.980776 -0.258607
v -0.002980 2.961088 -0.259622
v -0.011625 2.959671 -0.255385
v -0.027306 2.956422 -0.263701
v -0.036384 2.958113 -0.286397
v -0.046909 2.947126 -0.290884
v -0.046464 2.968907 -0.294281
v -0.041191 2.947085 -0.290384
v -0.041778 2.968936 -0.293776
v -0.046687 2.958230 -0.292686
v -0.041487 2.958246 -0.292190
v -0.044278 2.958568 -0.303539
v -0.043409 2.971117 -0.302749
v -0.046680 2.948742 -0.297445
v -0.046296 2.967304 -0.300318
v -0.039799 2.948661 -0.297672
v -0.040299 2.967293 -0.300541
v -0.046489 2.958188 -0.298961
v -0.040052 2.958161 -0.299191
v -0.019584 2.873140 -0.207364
v -0.021376 2.874134 -0.242476
v -0.060855 2.928885 -0.222943
v -0.062207 2.874876 -0.206690
v -0.064002 2.875873 -0.241819
v -0.064266 2.887994 -0.245821
v -0.019725 2.915575 -0.255888
v -0.017805 2.916245 -0.219810
v -0.078818 2.892120 -0.231548
v -0.085575 2.892647 -0.233073
v -0.076299 2.914444 -0.233743
v -0.082862 2.916670 -0.235399
v -0.056048 2.886824 -0.262674
v -0.053568 2.914511 -0.265645
v -0.044145 2.876549 -0.270431
v -0.042457 2.928418 -0.277320
v -0.044026 2.886615 -0.277203
v -0.062731 2.927837 -0.257920
v -0.018338 2.927843 -0.224076
v -0.020212 2.926786 -0.259043
v -0.062388 2.887492 -0.209635
v -0.020358 2.886302 -0.246596
v -0.018482 2.885799 -0.210425
v -0.063573 2.916865 -0.254844
v -0.061651 2.917527 -0.218754
v -0.004063 2.889293 -0.232947
v 0.002502 2.889323 -0.234740
v -0.005029 2.912256 -0.235408
v 0.001434 2.914154 -0.237419
v -0.030452 2.885834 -0.263121
v -0.030982 2.913821 -0.266171
v -0.013948 2.927626 -0.241824
v -0.015946 2.876358 -0.205735
v -0.015162 2.872887 -0.224820
v -0.017023 2.923709 -0.261078
v -0.041682 2.927638 -0.262869
v -0.042910 2.874647 -0.246234
v -0.068453 2.875068 -0.223994
v -0.064153 2.926082 -0.219242
v -0.040669 2.873375 -0.202328
v -0.018034 2.877349 -0.246438
v -0.067444 2.879341 -0.245645
v -0.065354 2.878343 -0.204919
v -0.021519 2.901134 -0.249764
v -0.062177 2.902544 -0.248927
v -0.014853 2.924812 -0.220526
v -0.010551 2.915650 -0.238096
v -0.041996 2.916117 -0.262038
v -0.070840 2.917420 -0.236651
v -0.083500 2.890193 -0.231351
v -0.080043 2.903332 -0.240183
v -0.087410 2.904868 -0.242433
v -0.080361 2.918074 -0.234080
v -0.072220 2.891767 -0.235361
v -0.069870 2.912521 -0.237412
v -0.054763 2.900664 -0.264066
v -0.052488 2.890261 -0.245154
v -0.055920 2.912363 -0.249190
v -0.044269 2.889166 -0.283745
v -0.050454 2.882435 -0.267896
v -0.048304 2.920355 -0.272518
v -0.042998 2.918178 -0.281403
v -0.067103 2.928925 -0.240409
v -0.066324 2.924988 -0.259807
v -0.039340 2.928972 -0.219153
v -0.060413 2.902634 -0.215439
v -0.040069 2.886577 -0.203145
v -0.011195 2.885714 -0.228712
v -0.042650 2.887268 -0.252889
v -0.071567 2.888042 -0.227634
v -0.019757 2.901232 -0.216288
v -0.039355 2.917036 -0.212424
v 0.000419 2.886977 -0.232895
v -0.007009 2.900842 -0.241555
v 0.000165 2.901920 -0.244119
v -0.000815 2.915749 -0.236008
v -0.011021 2.889453 -0.236494
v -0.011904 2.910701 -0.238734
v -0.030672 2.899815 -0.264554
v -0.027244 2.889284 -0.245671
v -0.023486 2.911335 -0.249983
v -0.037011 2.881899 -0.268121
v -0.036596 2.920031 -0.272808
v -0.040235 2.877142 -0.197410
v -0.039742 2.901972 -0.209502
v -0.068924 2.902836 -0.232069
v -0.039072 2.925733 -0.212045
v -0.084475 2.904211 -0.240295
v -0.071028 2.902141 -0.236359
v -0.051567 2.898584 -0.246005
v -0.049283 2.901396 -0.270006
v -0.075846 2.879145 -0.225188
v -0.043122 2.878517 -0.253672
v -0.007569 2.876401 -0.226304
v -0.040476 2.929254 -0.241103
v -0.041793 2.872952 -0.223691
v -0.013022 2.900909 -0.233230
v -0.042167 2.901843 -0.255540
v -0.074661 2.925801 -0.239360
v -0.042072 2.924208 -0.268091
v -0.006534 2.924043 -0.241129
v -0.002564 2.901436 -0.241855
v -0.011445 2.900069 -0.237587
v -0.027553 2.897710 -0.246535
v -0.036708 2.900954 -0.270263
v -0.047886 2.890215 -0.275629
v -0.046584 2.913278 -0.278464
v -0.042052 2.889989 -0.275015
v -0.041803 2.913141 -0.277863
v -0.047210 2.901741 -0.277006
v -0.041903 2.901559 -0.276399
v -0.044726 2.902546 -0.288324
v -0.043399 2.915940 -0.287287
v -0.047577 2.892223 -0.282427
v -0.046460 2.911793 -0.284778
v -0.040558 2.891960 -0.282560
v -0.040342 2.911599 -0.284919
v -0.047002 2.902001 -0.283577
v -0.040434 2.901772 -0.283714
v -0.022123 2.810687 -0.194390
v -0.023798 2.814280 -0.230626
v -0.062883 2.868506 -0.206557
v -0.065572 2.812603 -0.194097
v -0.067252 2.816195 -0.230361
v -0.067303 2.828606 -0.233448
v -0.021201 2.856483 -0.241048
v -0.019332 2.854658 -0.203623
v -0.082125 2.831803 -0.218613
v -0.089007 2.832473 -0.220293
v -0.079024 2.854634 -0.219042
v -0.085657 2.857106 -0.220735
v -0.058886 2.828558 -0.250941
v -0.055734 2.856589 -0.251745
v -0.046894 2.818770 -0.259818
v -0.043986 2.871229 -0.262734
v -0.046587 2.829239 -0.265974
v -0.064729 2.869781 -0.242869
v -0.019535 2.866693 -0.207194
v -0.021379 2.867966 -0.243489
v -0.065528 2.825449 -0.196041
v -0.022541 2.826624 -0.233800
v -0.020770 2.823463 -0.196418
v -0.065905 2.858407 -0.240492
v -0.064032 2.856581 -0.203048
v -0.005917 2.828427 -0.219292
v 0.000781 2.828485 -0.221116
v -0.006366 2.851483 -0.219938
v 0.000282 2.853395 -0.221840
v -0.032791 2.827396 -0.251141
v -0.032707 2.855595 -0.252022
v -0.015014 2.867562 -0.225511
v -0.018365 2.813706 -0.192367
v -0.017547 2.811710 -0.212388
v -0.018208 2.864934 -0.245803
v -0.043247 2.869516 -0.247686
v -0.045738 2.815206 -0.234735
v -0.071872 2.814107 -0.212045
v -0.066338 2.865427 -0.202987
v -0.043645 2.810692 -0.189421
v -0.020320 2.817711 -0.234394
v -0.070691 2.819939 -0.234060
v -0.068729 2.815937 -0.191998
v -0.023399 2.841640 -0.235810
v -0.064848 2.843461 -0.235394
v -0.016077 2.863309 -0.203707
v -0.011893 2.855192 -0.222496
v -0.043889 2.857819 -0.247679
v -0.073357 2.857833 -0.221716
v -0.086946 2.829854 -0.218670
v -0.083093 2.843785 -0.226608
v -0.090572 2.845551 -0.228975
v -0.083066 2.858432 -0.219210
v -0.075385 2.831700 -0.222458
v -0.072505 2.852849 -0.222850
v -0.057284 2.842533 -0.251196
v -0.055250 2.830764 -0.232399
v -0.058236 2.853342 -0.234819
v -0.046781 2.832216 -0.272658
v -0.053236 2.824485 -0.256668
v -0.050184 2.862877 -0.258383
v -0.044814 2.861145 -0.267762
v -0.069208 2.869825 -0.224722
v -0.068472 2.867055 -0.245106
v -0.040940 2.867947 -0.202300
v -0.063155 2.841152 -0.200701
v -0.042801 2.823893 -0.189101
v -0.013271 2.824655 -0.215235
v -0.045239 2.828238 -0.240517
v -0.074816 2.827382 -0.214731
v -0.021710 2.839329 -0.201136
v -0.041316 2.855302 -0.196207
v -0.001398 2.826054 -0.219420
v -0.008635 2.840547 -0.227191
v -0.001291 2.841668 -0.229716
v -0.001970 2.854949 -0.220269
v -0.012996 2.828932 -0.222996
v -0.013409 2.850280 -0.223549
v -0.032724 2.841449 -0.251437
v -0.029515 2.829607 -0.232685
v -0.025171 2.851892 -0.235275
v -0.039531 2.823882 -0.256766
v -0.038248 2.862370 -0.258540
v -0.043158 2.814041 -0.184000
v -0.042102 2.839830 -0.194318
v -0.071779 2.842634 -0.218014
v -0.040781 2.864141 -0.195189
v -0.087598 2.844715 -0.226746
v -0.073929 2.842249 -0.222557
v -0.054118 2.839179 -0.232520
v -0.051662 2.843603 -0.257246
v -0.079341 2.818286 -0.213029
v -0.045864 2.819575 -0.242098
v -0.009739 2.815207 -0.213519
v -0.042021 2.869744 -0.224964
v -0.044710 2.811887 -0.211504
v -0.014790 2.840122 -0.218601
v -0.044427 2.843011 -0.242007
v -0.077011 2.866666 -0.223994
v -0.043727 2.866385 -0.253375
v -0.007554 2.863733 -0.224977
v -0.004090 2.841082 -0.227423
v -0.013187 2.839574 -0.223176
v -0.029638 2.838083 -0.232821
v -0.038842 2.843042 -0.257374
v -0.050473 2.832763 -0.264129
v -0.048615 2.856073 -0.265125
v -0.044527 2.832449 -0.263423
v -0.043742 2.855827 -0.264437
v -0.049524 2.844387 -0.264505
v -0.044115 2.844103 -0.263809
v -0.046950 2.845891 -0.276261
v -0.045275 2.859267 -0.274109
v -0.050098 2.835217 -0.271064
v -0.048518 2.854971 -0.271856
v -0.042943 2.834898 -0.271127
v -0.042281 2.854697 -0.271930
v -0.049293 2.845068 -0.271364
v -0.042597 2.844772 -0.271434
v -0.025413 2.750248 -0.187119
v -0.026917 2.756283 -0.224289
v -0.066306 2.807314 -0.194736
v -0.069678 2.752139 -0.187160
v -0.071193 2.758080 -0.224360
v -0.071144 2.770803 -0.226470
v -0.023825 2.797874 -0.230848
v -0.022100 2.793190 -0.192290
v -0.086294 2.772096 -0.210791
v -0.093298 2.772824 -0.212593
v -0.082895 2.794630 -0.209094
v -0.089623 2.797171 -0.210721
v -0.062489 2.771290 -0.244398
v -0.058991 2.798944 -0.242444
v -0.050299 2.762048 -0.254362
v -0.046787 2.814080 -0.252442
v -0.049889 2.772933 -0.259868
v -0.068030 2.811257 -0.232194
v -0.022132 2.805375 -0.195002
v -0.023851 2.809318 -0.232433
v -0.069535 2.765013 -0.187962
v -0.025533 2.769028 -0.226494
v -0.023934 2.763379 -0.188038
v -0.069381 2.799860 -0.230676
v -0.067650 2.795206 -0.192088
v -0.008643 2.768815 -0.210873
v -0.001810 2.768965 -0.212721
v -0.008855 2.791407 -0.209387
v -0.002049 2.793346 -0.211114
v -0.035898 2.770188 -0.244389
v -0.035524 2.797916 -0.242522
v -0.017434 2.807563 -0.213773
v -0.021575 2.753443 -0.184804
v -0.020652 2.752433 -0.205551
v -0.020650 2.806480 -0.235057
v -0.046108 2.811270 -0.236890
v -0.049252 2.757477 -0.228702
v -0.076000 2.754733 -0.205630
v -0.069887 2.803980 -0.191373
v -0.047369 2.750301 -0.182281
v -0.023334 2.760109 -0.227926
v -0.074658 2.762147 -0.227969
v -0.072886 2.755425 -0.184784
v -0.026259 2.783216 -0.226993
v -0.068497 2.784995 -0.226913
v -0.018670 2.801731 -0.191670
v -0.014429 2.795137 -0.211652
v -0.046911 2.799752 -0.237870
v -0.077063 2.797887 -0.211394
v -0.091225 2.770156 -0.211156
v -0.087136 2.784472 -0.218058
v -0.094738 2.786353 -0.220515
v -0.086970 2.798368 -0.208953
v -0.079406 2.772323 -0.214668
v -0.076252 2.793176 -0.213097
v -0.060731 2.785078 -0.243284
v -0.058841 2.772335 -0.224801
v -0.061646 2.794528 -0.225205
v -0.050039 2.776316 -0.266549
v -0.056737 2.767594 -0.250693
v -0.053231 2.805591 -0.248699
v -0.047747 2.804505 -0.258568
v -0.072663 2.809986 -0.213456
v -0.071875 2.808726 -0.234798
v -0.043954 2.806374 -0.190079
v -0.066949 2.780022 -0.191189
v -0.046420 2.763296 -0.180669
v -0.016188 2.765800 -0.207327
v -0.048624 2.771020 -0.233563
v -0.078897 2.768198 -0.207259
v -0.024718 2.778119 -0.191286
v -0.044536 2.793324 -0.184835
v -0.004058 2.766500 -0.211246
v -0.011262 2.781266 -0.217999
v -0.003757 2.782505 -0.220490
v -0.004331 2.794753 -0.209334
v -0.015834 2.769632 -0.214709
v -0.016032 2.790558 -0.213302
v -0.035703 2.784007 -0.243319
v -0.032618 2.771178 -0.224884
v -0.027951 2.793022 -0.225390
v -0.042772 2.767020 -0.250682
v -0.041067 2.805052 -0.248751
v -0.046881 2.753427 -0.176428
v -0.045531 2.778102 -0.184435
v -0.075648 2.782811 -0.209068
v -0.043879 2.802042 -0.183101
v -0.091721 2.785381 -0.218214
v -0.077823 2.782702 -0.213823
v -0.057610 2.780445 -0.224088
v -0.054967 2.786558 -0.249427
v -0.083583 2.759079 -0.206453
v -0.049318 2.762446 -0.236029
v -0.012668 2.756281 -0.206441
v -0.044933 2.809849 -0.213276
v -0.048336 2.753195 -0.205034
v -0.017576 2.780298 -0.209190
v -0.047654 2.784980 -0.233521
v -0.080669 2.806799 -0.213109
v -0.046620 2.808590 -0.243080
v -0.009888 2.803692 -0.213497
v -0.006625 2.781786 -0.218175
v -0.015927 2.780042 -0.213947
v -0.032665 2.779334 -0.224195
v -0.041902 2.785992 -0.249447
v -0.053828 2.776306 -0.257594
v -0.051694 2.799353 -0.256383
v -0.047772 2.775951 -0.256809
v -0.046731 2.799051 -0.255619
v -0.052753 2.787811 -0.256920
v -0.047244 2.787477 -0.256144
v -0.050078 2.790071 -0.269073
v -0.048222 2.803082 -0.265397
v -0.053402 2.779171 -0.264582
v -0.051588 2.798715 -0.263555
v -0.046110 2.778866 -0.264589
v -0.045232 2.798440 -0.263578
v -0.052489 2.788942 -0.264039
v -0.045665 2.788651 -0.264054
v -0.029068 2.678971 -0.185733
v -0.030389 2.688017 -0.222593
v -0.070383 2.748621 -0.188491
v -0.074123 2.680773 -0.185934
v -0.075460 2.689794 -0.222874
v -0.075421 2.702823 -0.224299
v -0.027035 2.739032 -0.226381
v -0.025468 2.732666 -0.186997
v -0.090935 2.704297 -0.208816
v -0.098056 2.705249 -0.210691
v -0.087337 2.733606 -0.205000
v -0.094159 2.736759 -0.206514
v -0.066511 2.705409 -0.242426
v -0.062812 2.739995 -0.238593
v -0.054031 2.696619 -0.252951
v -0.050194 2.758862 -0.247417
v -0.053599 2.708316 -0.257916
v -0.071942 2.754817 -0.226904
v -0.025394 2.746832 -0.188448
v -0.026943 2.753006 -0.226810
v -0.073998 2.693897 -0.186115
v -0.028983 2.700987 -0.224075
v -0.027576 2.691957 -0.185970
v -0.073433 2.740902 -0.226527
v -0.071855 2.734499 -0.187092
v -0.011876 2.700896 -0.208527
v -0.004908 2.701237 -0.210375
v -0.011935 2.730555 -0.204810
v -0.004973 2.733173 -0.206329
v -0.039438 2.704342 -0.242283
v -0.038911 2.738998 -0.238508
v -0.020503 2.750234 -0.207612
v -0.025187 2.681610 -0.183300
v -0.024115 2.682761 -0.203992
v -0.023696 2.749738 -0.229721
v -0.049585 2.755217 -0.231491
v -0.053099 2.689521 -0.227064
v -0.080454 2.684992 -0.204300
v -0.074068 2.744913 -0.185354
v -0.051440 2.678218 -0.180942
v -0.026733 2.691978 -0.226059
v -0.078982 2.694047 -0.226361
v -0.077415 2.683674 -0.183501
v -0.029666 2.719693 -0.223700
v -0.072678 2.721520 -0.223880
v -0.021907 2.742840 -0.185299
v -0.017560 2.735455 -0.206747
v -0.050513 2.741230 -0.233684
v -0.081350 2.737998 -0.206908
v -0.095953 2.701805 -0.209355
v -0.091708 2.720636 -0.215223
v -0.099426 2.723045 -0.217691
v -0.091449 2.738264 -0.204492
v -0.083900 2.704690 -0.212594
v -0.080566 2.731889 -0.209157
v -0.064687 2.722174 -0.240412
v -0.062904 2.704919 -0.222493
v -0.065623 2.734052 -0.221255
v -0.053714 2.712345 -0.264477
v -0.060621 2.702009 -0.249003
v -0.056857 2.748459 -0.244328
v -0.051248 2.747443 -0.254654
v -0.076754 2.752469 -0.207694
v -0.075873 2.751828 -0.229848
v -0.047642 2.747492 -0.183489
v -0.071294 2.714660 -0.187954
v -0.050508 2.691360 -0.178751
v -0.019580 2.696126 -0.205040
v -0.052453 2.703616 -0.231200
v -0.083422 2.698661 -0.205292
v -0.028294 2.712881 -0.187834
v -0.048352 2.732466 -0.179501
v -0.007208 2.698126 -0.209049
v -0.014446 2.717465 -0.214685
v -0.006780 2.719247 -0.217085
v -0.007287 2.734902 -0.204324
v -0.019175 2.701898 -0.212330
v -0.019239 2.729348 -0.208977
v -0.039200 2.721089 -0.240295
v -0.036205 2.703843 -0.222474
v -0.031308 2.732609 -0.221237
v -0.046403 2.701456 -0.248920
v -0.044467 2.747962 -0.244291
v -0.050990 2.680626 -0.175051
v -0.049522 2.712523 -0.181020
v -0.080057 2.718384 -0.206018
v -0.047627 2.742571 -0.176679
v -0.096370 2.721765 -0.215376
v -0.082253 2.718375 -0.210912
v -0.061626 2.715804 -0.221207
v -0.058778 2.724297 -0.246514
v -0.088186 2.689184 -0.205053
v -0.053139 2.694960 -0.234211
v -0.015999 2.686300 -0.204710
v -0.048503 2.752501 -0.207153
v -0.052292 2.682817 -0.203389
v -0.020924 2.715926 -0.205816
v -0.051415 2.721933 -0.230368
v -0.084933 2.748961 -0.207688
v -0.050109 2.752157 -0.238113
v -0.012842 2.746046 -0.207567
v -0.009717 2.718220 -0.214798
v -0.019226 2.715698 -0.210688
v -0.036225 2.714711 -0.221193
v -0.045474 2.723730 -0.246453
v -0.057617 2.711682 -0.255389
v -0.055318 2.740902 -0.252809
v -0.051455 2.711278 -0.254564
v -0.050267 2.740570 -0.251993
v -0.056482 2.726126 -0.254048
v -0.050876 2.725749 -0.253229
v -0.053689 2.729369 -0.266300
v -0.051718 2.745836 -0.261844
v -0.057143 2.715213 -0.262289
v -0.055188 2.740291 -0.260226
v -0.049718 2.714921 -0.262256
v -0.048714 2.740022 -0.260204
v -0.056175 2.727759 -0.261240
v -0.049225 2.727457 -0.261210
v -0.031311 2.631335 -0.180835
v -0.032378 2.638488 -0.219361
v -0.074683 2.678305 -0.187100
v -0.077190 2.632882 -0.181722
v -0.078384 2.640121 -0.220315
v -0.078387 2.651863 -0.221657
v -0.030167 2.674585 -0.224416
v -0.028815 2.665073 -0.185150
v -0.094946 2.651657 -0.206271
v -0.102187 2.652415 -0.208306
v -0.091698 2.668151 -0.203316
v -0.098669 2.670648 -0.205042
v -0.069996 2.654633 -0.240882
v -0.066609 2.676423 -0.237003
v -0.057266 2.646470 -0.252043
v -0.053883 2.692675 -0.245688
v -0.056840 2.657200 -0.257024
v -0.076084 2.687458 -0.225285
v -0.028922 2.676321 -0.186909
v -0.030296 2.685559 -0.224997
v -0.077122 2.644355 -0.181837
v -0.030847 2.650167 -0.220675
v -0.029744 2.642861 -0.180907
v -0.077378 2.676452 -0.224796
v -0.075972 2.667143 -0.185401
v -0.014520 2.648705 -0.205443
v -0.007427 2.648939 -0.207362
v -0.014982 2.665147 -0.202751
v -0.007925 2.667088 -0.204425
v -0.042452 2.653680 -0.240536
v -0.042288 2.675488 -0.236787
v -0.023880 2.680905 -0.205917
v -0.027308 2.633829 -0.178051
v -0.026187 2.634272 -0.199919
v -0.026935 2.683132 -0.227988
v -0.053326 2.688026 -0.229729
v -0.055482 2.639694 -0.224341
v -0.083541 2.636182 -0.200999
v -0.078402 2.674698 -0.184045
v -0.054116 2.630734 -0.176162
v -0.028501 2.642005 -0.222729
v -0.081984 2.644023 -0.223916
v -0.080545 2.635644 -0.179121
v -0.032312 2.662169 -0.221108
v -0.076169 2.663548 -0.221683
v -0.025351 2.672410 -0.183825
v -0.020660 2.669413 -0.204777
v -0.054063 2.677101 -0.231894
v -0.085534 2.672092 -0.205212
v -0.100020 2.650488 -0.206800
v -0.095900 2.661347 -0.213285
v -0.103766 2.663127 -0.215939
v -0.095949 2.671486 -0.203088
v -0.087784 2.652226 -0.210119
v -0.084762 2.667370 -0.207324
v -0.068314 2.664878 -0.239000
v -0.066402 2.653191 -0.220219
v -0.069514 2.670172 -0.219420
v -0.056972 2.660402 -0.264030
v -0.063976 2.651672 -0.247733
v -0.060601 2.683599 -0.242819
v -0.054816 2.683797 -0.253227
v -0.081083 2.683545 -0.206170
v -0.080027 2.685277 -0.228344
v -0.051591 2.676556 -0.182060
v -0.074956 2.655389 -0.184997
v -0.053199 2.642256 -0.173775
v -0.021408 2.646203 -0.200665
v -0.054829 2.652428 -0.228490
v -0.086660 2.648378 -0.201969
v -0.031230 2.653651 -0.184601
v -0.052123 2.664350 -0.177771
v -0.009740 2.647213 -0.205868
v -0.017299 2.658381 -0.212267
v -0.009512 2.659561 -0.214764
v -0.010318 2.668114 -0.202521
v -0.021939 2.649819 -0.209409
v -0.022366 2.664938 -0.206819
v -0.042382 2.663922 -0.238726
v -0.039239 2.652202 -0.220015
v -0.034597 2.668809 -0.219224
v -0.049510 2.651203 -0.247535
v -0.047991 2.683114 -0.242717
v -0.053669 2.633153 -0.169865
v -0.052846 2.653031 -0.177792
v -0.083837 2.659573 -0.203528
v -0.051555 2.671547 -0.175346
v -0.100655 2.662066 -0.213520
v -0.086281 2.659407 -0.208752
v -0.065224 2.658927 -0.219118
v -0.062298 2.666778 -0.245267
v -0.091458 2.640131 -0.201781
v -0.055383 2.644472 -0.231648
v -0.017721 2.637475 -0.200247
v -0.052383 2.683079 -0.205482
v -0.054292 2.633754 -0.199246
v -0.023648 2.657412 -0.202890
v -0.054630 2.663998 -0.228305
v -0.089359 2.680414 -0.206324
v -0.053785 2.686149 -0.236481
v -0.016019 2.677372 -0.205926
v -0.012500 2.658732 -0.212407
v -0.022162 2.656972 -0.208155
v -0.039381 2.657958 -0.218956
v -0.048761 2.666279 -0.245124
v -0.060966 2.659610 -0.254562
v -0.058909 2.678449 -0.251441
v -0.054697 2.659241 -0.253653
v -0.053773 2.678086 -0.250578
v -0.059946 2.668669 -0.253061
v -0.054244 2.668294 -0.252175
v -0.057082 2.671916 -0.265756
v -0.055238 2.683184 -0.260597
v -0.060489 2.662500 -0.261866
v -0.058729 2.678662 -0.259057
v -0.052934 2.662239 -0.261778
v -0.052141 2.678408 -0.258996
v -0.059617 2.670410 -0.260528
v -0.052545 2.670149 -0.260455
v -0.033236 2.578715 -0.178406
v -0.033261 2.584743 -0.217753
v -0.077216 2.630454 -0.182925
v -0.079905 2.580136 -0.180599
v -0.079976 2.586166 -0.219925
v -0.080318 2.597763 -0.221176
v -0.031115 2.624457 -0.221098
v -0.030536 2.617535 -0.180240
v -0.096994 2.599036 -0.205324
v -0.104342 2.599717 -0.207665
v -0.094051 2.619516 -0.200811
v -0.101154 2.621845 -0.202691
v -0.070553 2.599383 -0.240267
v -0.067875 2.625934 -0.234979
v -0.056930 2.590809 -0.251338
v -0.055133 2.641854 -0.243283
v -0.056801 2.601421 -0.256503
v -0.077982 2.637342 -0.222573
v -0.030612 2.628929 -0.181608
v -0.031336 2.635791 -0.221294
v -0.080097 2.591122 -0.180585
v -0.032187 2.596209 -0.219138
v -0.032014 2.589597 -0.178517
v -0.079207 2.626043 -0.222632
v -0.078582 2.619105 -0.181815
v -0.015078 2.596373 -0.201974
v -0.007824 2.596569 -0.203764
v -0.015927 2.616955 -0.198207
v -0.008745 2.618804 -0.199715
v -0.042483 2.598480 -0.239088
v -0.043097 2.625117 -0.234181
v -0.025081 2.632599 -0.201197
v -0.029416 2.580992 -0.175611
v -0.027390 2.581085 -0.197649
v -0.027837 2.633207 -0.224449
v -0.054724 2.637937 -0.226651
v -0.056628 2.585788 -0.223434
v -0.085765 2.582869 -0.200392
v -0.081078 2.627071 -0.180026
v -0.056578 2.578267 -0.174273
v -0.029488 2.588092 -0.221261
v -0.083645 2.589775 -0.223709
v -0.083511 2.582668 -0.178093
v -0.033402 2.610321 -0.218481
v -0.077982 2.611751 -0.220147
v -0.027047 2.625320 -0.178438
v -0.021788 2.620661 -0.200425
v -0.055286 2.626606 -0.229368
v -0.087882 2.622829 -0.202559
v -0.102133 2.597188 -0.206219
v -0.097963 2.610795 -0.211819
v -0.105960 2.612554 -0.214761
v -0.098433 2.622902 -0.200497
v -0.089570 2.599437 -0.208997
v -0.086866 2.618543 -0.204845
v -0.069247 2.612705 -0.237557
v -0.067467 2.599801 -0.218661
v -0.071079 2.620709 -0.216903
v -0.056892 2.604903 -0.263608
v -0.064107 2.596019 -0.247183
v -0.061810 2.632987 -0.240688
v -0.055754 2.632574 -0.251491
v -0.083371 2.634530 -0.202812
v -0.081923 2.635012 -0.225982
v -0.053787 2.629337 -0.177069
v -0.077588 2.605532 -0.182417
v -0.056029 2.589182 -0.171783
v -0.023058 2.592571 -0.198492
v -0.056301 2.598274 -0.227612
v -0.089204 2.594708 -0.201310
v -0.033051 2.604064 -0.180735
v -0.054459 2.617085 -0.173226
v -0.010179 2.594199 -0.202412
v -0.017895 2.608285 -0.208508
v -0.009945 2.609525 -0.210882
v -0.011233 2.620036 -0.197725
v -0.022501 2.597259 -0.206237
v -0.023320 2.616464 -0.202676
v -0.042823 2.611856 -0.236572
v -0.039796 2.598882 -0.217641
v -0.035514 2.619523 -0.215825
v -0.049364 2.595543 -0.246546
v -0.048963 2.632554 -0.240309
v -0.056462 2.580479 -0.167947
v -0.055262 2.603644 -0.174381
v -0.086118 2.608902 -0.201627
v -0.053921 2.624811 -0.170281
v -0.102826 2.611585 -0.212191
v -0.088233 2.609071 -0.206870
v -0.066459 2.607623 -0.217019
v -0.063027 2.614410 -0.243839
v -0.093887 2.586459 -0.201445
v -0.056601 2.590313 -0.230999
v -0.019091 2.584145 -0.198045
v -0.054110 2.634636 -0.201291
v -0.056550 2.581133 -0.198135
v -0.024848 2.606938 -0.199316
v -0.055773 2.612238 -0.226260
v -0.091790 2.631363 -0.203366
v -0.055051 2.635746 -0.233822
v -0.017089 2.628878 -0.201218
v -0.013027 2.608752 -0.208523
v -0.022923 2.606981 -0.204401
v -0.040132 2.606761 -0.216116
v -0.049232 2.613962 -0.243334
v -0.061167 2.604689 -0.253872
v -0.059814 2.627210 -0.249878
v -0.054793 2.604373 -0.252752
v -0.054589 2.626908 -0.248860
v -0.060516 2.615942 -0.251848
v -0.054717 2.615633 -0.250780
v -0.057445 2.618663 -0.264944
v -0.056051 2.631528 -0.259269
v -0.060621 2.607677 -0.261344
v -0.059501 2.626996 -0.257875
v -0.052919 2.607432 -0.261046
v -0.052787 2.626768 -0.257662
v -0.060079 2.617328 -0.259589
v -0.052872 2.617091 -0.259335
v -0.034467 2.531225 -0.177405
v -0.033863 2.535525 -0.217665
v -0.080317 2.579131 -0.182110
v -0.081931 2.532282 -0.180381
v -0.081375 2.536566 -0.220648
v -0.081970 2.547586 -0.221722
v -0.032520 2.573357 -0.220442
v -0.032627 2.567367 -0.178684
v -0.099307 2.549162 -0.205809
v -0.106768 2.549699 -0.208378
v -0.096857 2.568911 -0.200960
v -0.104101 2.571117 -0.203021
v -0.071705 2.548504 -0.241178
v -0.069661 2.574421 -0.235396
v -0.057450 2.539871 -0.252584
v -0.056825 2.589271 -0.243454
v -0.057467 2.549928 -0.257679
v -0.080399 2.585247 -0.222673
v -0.032923 2.577696 -0.179864
v -0.032958 2.583810 -0.220450
v -0.082394 2.542658 -0.180159
v -0.033018 2.546398 -0.218816
v -0.033493 2.541454 -0.177251
v -0.081433 2.574768 -0.222912
v -0.081487 2.568820 -0.181169
v -0.015994 2.547069 -0.200981
v -0.008603 2.547218 -0.202734
v -0.017405 2.566586 -0.196874
v -0.010118 2.568392 -0.198277
v -0.043156 2.547819 -0.239489
v -0.044459 2.573701 -0.234115
v -0.026958 2.580985 -0.199762
v -0.030697 2.533531 -0.174423
v -0.028202 2.532820 -0.197000
v -0.029292 2.581403 -0.223676
v -0.056665 2.585770 -0.226361
v -0.057533 2.536174 -0.223859
v -0.087573 2.534128 -0.200737
v -0.084239 2.576071 -0.179279
v -0.058269 2.530833 -0.173536
v -0.030043 2.538662 -0.221129
v -0.085124 2.539913 -0.224532
v -0.085715 2.534793 -0.177815
v -0.034611 2.559657 -0.218072
v -0.079948 2.560911 -0.220571
v -0.029293 2.574429 -0.176632
v -0.023383 2.570104 -0.199138
v -0.056971 2.575214 -0.229343
v -0.090603 2.572051 -0.202546
v -0.104482 2.547425 -0.206846
v -0.100447 2.560115 -0.212484
v -0.108581 2.561728 -0.215691
v -0.101394 2.572117 -0.200687
v -0.091677 2.549457 -0.209408
v -0.089439 2.567886 -0.204950
v -0.070738 2.561452 -0.238280
v -0.068987 2.549596 -0.218877
v -0.073169 2.569750 -0.216947
v -0.057515 2.553069 -0.264998
v -0.064942 2.545053 -0.248261
v -0.063511 2.580969 -0.241036
v -0.057142 2.580397 -0.252081
v -0.086237 2.582789 -0.202553
v -0.084301 2.583049 -0.226295
v -0.056587 2.578104 -0.175646
v -0.080182 2.555641 -0.181995
v -0.058034 2.541156 -0.170747
v -0.024065 2.543696 -0.197539
v -0.057414 2.547949 -0.227890
v -0.091338 2.545343 -0.201532
v -0.034889 2.554369 -0.179486
v -0.057085 2.566977 -0.171947
v -0.010958 2.545106 -0.201393
v -0.019020 2.557915 -0.207655
v -0.010934 2.559059 -0.209982
v -0.012709 2.569544 -0.196238
v -0.023464 2.547750 -0.205434
v -0.024813 2.566003 -0.201578
v -0.043864 2.560724 -0.236800
v -0.040844 2.548872 -0.217367
v -0.036998 2.568704 -0.215199
v -0.049946 2.544703 -0.247359
v -0.050444 2.580586 -0.240401
v -0.058334 2.533173 -0.167003
v -0.057592 2.554038 -0.173371
v -0.088543 2.558507 -0.201788
v -0.056775 2.574011 -0.168798
v -0.105416 2.560847 -0.212981
v -0.090594 2.558574 -0.207198
v -0.068184 2.557032 -0.217150
v -0.064328 2.562968 -0.244623
v -0.095914 2.537531 -0.201888
v -0.057469 2.540259 -0.231544
v -0.019841 2.535798 -0.197202
v -0.056499 2.582884 -0.200353
v -0.057830 2.532680 -0.197933
v -0.026236 2.556770 -0.198348
v -0.057238 2.561295 -0.226413
v -0.094737 2.579884 -0.203353
v -0.056816 2.583651 -0.233777
v -0.018766 2.577598 -0.199716
v -0.014090 2.558363 -0.207607
v -0.024176 2.556734 -0.203525
v -0.041411 2.556280 -0.215776
v -0.050298 2.562585 -0.243859
v -0.062032 2.553173 -0.255018
v -0.061207 2.575305 -0.250601
v -0.055561 2.552926 -0.253753
v -0.055905 2.575053 -0.249453
v -0.061659 2.564255 -0.252825
v -0.055774 2.564000 -0.251620
v -0.058359 2.566532 -0.266283
v -0.057286 2.579240 -0.260154
v -0.061409 2.555858 -0.262689
v -0.060741 2.574871 -0.258876
v -0.053577 2.555656 -0.262248
v -0.053912 2.574677 -0.258532
v -0.061104 2.565387 -0.260800
v -0.053773 2.565193 -0.260409
v -0.034333 2.488559 -0.176348
v -0.033020 2.489967 -0.217548
v -0.082274 2.532000 -0.181940
v -0.082581 2.488955 -0.179967
v -0.081315 2.490315 -0.221206
v -0.082263 2.500536 -0.222500
v -0.032734 2.525417 -0.220375
v -0.033511 2.521365 -0.177659
v -0.100316 2.502789 -0.206542
v -0.107898 2.503103 -0.209321
v -0.098450 2.521626 -0.201409
v -0.105861 2.523609 -0.203684
v -0.071462 2.500335 -0.242340
v -0.070232 2.525572 -0.236266
v -0.056456 2.491520 -0.253736
v -0.057447 2.539515 -0.244394
v -0.056722 2.500800 -0.259150
v -0.081722 2.536329 -0.223461
v -0.034086 2.530930 -0.178910
v -0.033484 2.535279 -0.220428
v -0.083389 2.498313 -0.179936
v -0.032499 2.499987 -0.218863
v -0.033675 2.497738 -0.176340
v -0.082465 2.526394 -0.223651
v -0.083189 2.522368 -0.180923
v -0.015617 2.501723 -0.200475
v -0.008100 2.501838 -0.202213
v -0.017670 2.520073 -0.196054
v -0.010307 2.521716 -0.197430
v -0.042439 2.500025 -0.240216
v -0.044608 2.525082 -0.234568
v -0.027716 2.533387 -0.199141
v -0.030642 2.490874 -0.173322
v -0.027614 2.488859 -0.196310
v -0.029633 2.532897 -0.223705
v -0.057511 2.536803 -0.226826
v -0.056961 2.489926 -0.224170
v -0.087962 2.489317 -0.200871
v -0.086245 2.529176 -0.179139
v -0.058589 2.488227 -0.172653
v -0.029179 2.492702 -0.221097
v -0.085170 2.493160 -0.225290
v -0.086570 2.491370 -0.177458
v -0.034521 2.512427 -0.218037
v -0.080615 2.513162 -0.221251
v -0.030381 2.527926 -0.175590
v -0.023789 2.523213 -0.198443
v -0.057458 2.526676 -0.229853
v -0.092132 2.524572 -0.202936
v -0.105521 2.501092 -0.207651
v -0.101648 2.512725 -0.213310
v -0.109927 2.514087 -0.216730
v -0.103174 2.524669 -0.201253
v -0.092468 2.502909 -0.210094
v -0.090779 2.520525 -0.205339
v -0.070925 2.512765 -0.239364
v -0.069161 2.502661 -0.219431
v -0.074021 2.521873 -0.217351
v -0.056748 2.503321 -0.266751
v -0.064330 2.496666 -0.249461
v -0.064061 2.531618 -0.242012
v -0.057367 2.530623 -0.253279
v -0.087991 2.534720 -0.202928
v -0.085566 2.534080 -0.227255
v -0.058229 2.531354 -0.174931
v -0.081469 2.510242 -0.181733
v -0.058740 2.497624 -0.169994
v -0.023758 2.498760 -0.196965
v -0.057154 2.500701 -0.228481
v -0.092149 2.499537 -0.201938
v -0.035419 2.509514 -0.178542
v -0.058492 2.521130 -0.171119
v -0.010443 2.499958 -0.200821
v -0.018854 2.511484 -0.207179
v -0.010641 2.512528 -0.209454
v -0.013007 2.522848 -0.195374
v -0.023122 2.502051 -0.205101
v -0.025072 2.519298 -0.200935
v -0.043602 2.512347 -0.237454
v -0.040554 2.502294 -0.217509
v -0.037249 2.521164 -0.215032
v -0.049087 2.496526 -0.248332
v -0.050775 2.531351 -0.241157
v -0.058867 2.490750 -0.166055
v -0.058606 2.509354 -0.172587
v -0.089673 2.511825 -0.202125
v -0.058457 2.527639 -0.167986
v -0.106726 2.513391 -0.213898
v -0.091661 2.511576 -0.207725
v -0.068601 2.509694 -0.217645
v -0.064327 2.513948 -0.245774
v -0.096556 2.492322 -0.202238
v -0.056882 2.493255 -0.232106
v -0.019227 2.491662 -0.196485
v -0.057765 2.535040 -0.200123
v -0.057681 2.488379 -0.197569
v -0.026324 2.510844 -0.197726
v -0.057399 2.513375 -0.226904
v -0.096558 2.531906 -0.203938
v -0.057468 2.534487 -0.234468
v -0.019312 2.530251 -0.199041
v -0.013868 2.511964 -0.207064
v -0.024134 2.510542 -0.203026
v -0.041384 2.509278 -0.215867
v -0.050062 2.513729 -0.244783
v -0.061520 2.503972 -0.256535
v -0.061377 2.525783 -0.251789
v -0.054954 2.503866 -0.255139
v -0.055999 2.525620 -0.250523
v -0.061501 2.514785 -0.254180
v -0.055529 2.514645 -0.252851
v -0.057975 2.516337 -0.267992
v -0.057337 2.529143 -0.261595
v -0.060842 2.506065 -0.264484
v -0.060746 2.524962 -0.260308
v -0.052879 2.505966 -0.263919
v -0.053801 2.524836 -0.259851
v -0.060830 2.515470 -0.262394
v -0.053376 2.515349 -0.261883
v -0.033039 2.450863 -0.174995
v -0.030809 2.447997 -0.217104
v -0.082889 2.489250 -0.181544
v -0.082034 2.450230 -0.179111
v -0.079841 2.447326 -0.221315
v -0.081111 2.456747 -0.222916
v -0.031579 2.480644 -0.220549
v -0.033119 2.479939 -0.176814
v -0.099933 2.460233 -0.206652
v -0.107632 2.460246 -0.209592
v -0.098723 2.477854 -0.201890
v -0.106307 2.479477 -0.204377
v -0.069694 2.454884 -0.243218
v -0.069381 2.479231 -0.237323
v -0.053891 2.445683 -0.254491
v -0.056617 2.492449 -0.245248
v -0.054393 2.454066 -0.260351
v -0.081618 2.490607 -0.224047
v -0.033918 2.488844 -0.177871
v -0.032598 2.490253 -0.220338
v -0.083123 2.458587 -0.179304
v -0.030571 2.457162 -0.218677
v -0.032627 2.458971 -0.175152
v -0.082111 2.480828 -0.224504
v -0.083601 2.480160 -0.180713
v -0.013904 2.460787 -0.199587
v -0.006266 2.460880 -0.201302
v -0.016642 2.477608 -0.195486
v -0.009211 2.479108 -0.196866
v -0.040221 2.455144 -0.240731
v -0.043345 2.479154 -0.235272
v -0.027113 2.489924 -0.198488
v -0.029437 2.453154 -0.171991
v -0.025777 2.449194 -0.195307
v -0.028563 2.487789 -0.223711
v -0.056922 2.491030 -0.227180
v -0.054959 2.446956 -0.224082
v -0.087052 2.448367 -0.200522
v -0.086917 2.486758 -0.178743
v -0.057749 2.450629 -0.171402
v -0.026934 2.450209 -0.220851
v -0.083785 2.449523 -0.225702
v -0.086237 2.452509 -0.176721
v -0.033003 2.468907 -0.217812
v -0.079828 2.468793 -0.221608
v -0.030144 2.486346 -0.174467
v -0.022885 2.480263 -0.197980
v -0.056539 2.480885 -0.230557
v -0.092330 2.480549 -0.203378
v -0.105189 2.458479 -0.207910
v -0.101446 2.468872 -0.213748
v -0.109882 2.469772 -0.217419
v -0.103637 2.480695 -0.201807
v -0.091845 2.460082 -0.210202
v -0.090773 2.476612 -0.205743
v -0.069575 2.467069 -0.240042
v -0.067875 2.459207 -0.219539
v -0.073485 2.477105 -0.217848
v -0.054356 2.455906 -0.268091
v -0.062177 2.450819 -0.250469
v -0.063161 2.484846 -0.243029
v -0.056127 2.483129 -0.254602
v -0.088367 2.490392 -0.203097
v -0.085401 2.488157 -0.228047
v -0.058540 2.489266 -0.174080
v -0.081448 2.469325 -0.181158
v -0.058223 2.459142 -0.168887
v -0.022150 2.458150 -0.196167
v -0.055419 2.456633 -0.228785
v -0.091610 2.457594 -0.201933
v -0.034663 2.469408 -0.177424
v -0.058627 2.479936 -0.170392
v -0.008620 2.459173 -0.199962
v -0.017325 2.469128 -0.206562
v -0.009002 2.470016 -0.208865
v -0.012014 2.480301 -0.194740
v -0.021411 2.460542 -0.204384
v -0.024011 2.476467 -0.200487
v -0.041821 2.467156 -0.237779
v -0.038827 2.459383 -0.217278
v -0.036127 2.476995 -0.215052
v -0.046699 2.450991 -0.249151
v -0.049660 2.484776 -0.241985
v -0.058262 2.453389 -0.164806
v -0.058342 2.469475 -0.171565
v -0.089425 2.469052 -0.202119
v -0.058812 2.486328 -0.167003
v -0.106645 2.469390 -0.214449
v -0.091326 2.468361 -0.207859
v -0.067546 2.466028 -0.217659
v -0.062776 2.467716 -0.246583
v -0.095896 2.450858 -0.202187
v -0.054825 2.449286 -0.232396
v -0.017372 2.451776 -0.195570
v -0.057656 2.491087 -0.199823
v -0.056246 2.448192 -0.196802
v -0.025069 2.469185 -0.196944
v -0.056081 2.468771 -0.227136
v -0.097008 2.487583 -0.204275
v -0.056668 2.488288 -0.235080
v -0.018511 2.487045 -0.198328
v -0.012297 2.469643 -0.206426
v -0.022728 2.468530 -0.202327
v -0.039905 2.466106 -0.215552
v -0.048285 2.467755 -0.245405
v -0.059407 2.457341 -0.257595
v -0.060087 2.478414 -0.253154
v -0.052753 2.457439 -0.256087
v -0.054637 2.478410 -0.251786
v -0.059773 2.467852 -0.255210
v -0.053721 2.467904 -0.253775
v -0.055998 2.468277 -0.269420
v -0.055916 2.481068 -0.263238
v -0.058635 2.458743 -0.265707
v -0.059263 2.477035 -0.261868
v -0.050547 2.458797 -0.265036
v -0.052207 2.477026 -0.261314
v -0.058968 2.467864 -0.263666
v -0.051396 2.467882 -0.263055
v -0.030926 2.418444 -0.172462
v -0.027488 2.409908 -0.215371
v -0.082341 2.450864 -0.180757
v -0.080607 2.416480 -0.176938
v -0.077180 2.407909 -0.220017
v -0.078648 2.416654 -0.221715
v -0.029029 2.439848 -0.219667
v -0.031581 2.444021 -0.175053
v -0.098384 2.421676 -0.205488
v -0.106192 2.421262 -0.208571
v -0.097707 2.438444 -0.201148
v -0.105442 2.439651 -0.203760
v -0.066464 2.412624 -0.242292
v -0.067002 2.436183 -0.237118
v -0.049902 2.402609 -0.253660
v -0.054308 2.447997 -0.245818
v -0.050498 2.410132 -0.259674
v -0.080136 2.447955 -0.224241
v -0.032622 2.451482 -0.176583
v -0.030377 2.448609 -0.219973
v -0.081858 2.424039 -0.177248
v -0.027409 2.418381 -0.217014
v -0.030640 2.425732 -0.172703
v -0.080306 2.438890 -0.224155
v -0.082821 2.443102 -0.179428
v -0.011135 2.424404 -0.197662
v -0.003386 2.424457 -0.199377
v -0.014410 2.440097 -0.193938
v -0.006902 2.441495 -0.195287
v -0.036588 2.413659 -0.239519
v -0.040585 2.436704 -0.234785
v -0.025295 2.450480 -0.197592
v -0.027385 2.421121 -0.169317
v -0.023006 2.414104 -0.193119
v -0.026138 2.446092 -0.223250
v -0.054938 2.448326 -0.227224
v -0.051762 2.407537 -0.222686
v -0.085119 2.411607 -0.198832
v -0.086437 2.448999 -0.177825
v -0.056094 2.418303 -0.168952
v -0.023513 2.411662 -0.219085
v -0.081134 2.409445 -0.224448
v -0.084986 2.418947 -0.174463
v -0.030249 2.429005 -0.217047
v -0.077748 2.427782 -0.221314
v -0.028799 2.449797 -0.172983
v -0.020733 2.442107 -0.196558
v -0.054134 2.438608 -0.230111
v -0.091211 2.440816 -0.202649
v -0.103681 2.419911 -0.206685
v -0.100021 2.428554 -0.213478
v -0.108597 2.428914 -0.217370
v -0.102806 2.441040 -0.201173
v -0.090023 2.421150 -0.209038
v -0.089469 2.436879 -0.205054
v -0.066822 2.424293 -0.239983
v -0.065312 2.419465 -0.218331
v -0.071564 2.436153 -0.217276
v -0.050371 2.411022 -0.267752
v -0.058530 2.408020 -0.249514
v -0.060737 2.440951 -0.243149
v -0.053295 2.438310 -0.254849
v -0.087477 2.449698 -0.202870
v -0.083827 2.445247 -0.228220
v -0.057721 2.451875 -0.172928
v -0.080391 2.432992 -0.179986
v -0.056781 2.426310 -0.166483
v -0.019484 2.422356 -0.194023
v -0.052337 2.416182 -0.227510
v -0.089921 2.420006 -0.200378
v -0.032919 2.434180 -0.175832
v -0.057628 2.444374 -0.168696
v -0.005749 2.423082 -0.197896
v -0.014663 2.430805 -0.205454
v -0.006228 2.431533 -0.207791
v -0.009815 2.442718 -0.193197
v -0.018595 2.423401 -0.202590
v -0.021724 2.438283 -0.199136
v -0.038672 2.425049 -0.237430
v -0.035867 2.420382 -0.215805
v -0.033666 2.436913 -0.214102
v -0.042843 2.408599 -0.248043
v -0.047036 2.441178 -0.241952
v -0.056821 2.421876 -0.162165
v -0.057101 2.434593 -0.170024
v -0.088015 2.430152 -0.201465
v -0.058071 2.450160 -0.165597
v -0.105342 2.428904 -0.214294
v -0.089798 2.428857 -0.207302
v -0.065234 2.425872 -0.216933
v -0.059783 2.424293 -0.246687
v -0.094151 2.413702 -0.200506
v -0.051459 2.408771 -0.231079
v -0.014543 2.416737 -0.193247
v -0.056291 2.450950 -0.199255
v -0.053837 2.412337 -0.194869
v -0.022724 2.431810 -0.195677
v -0.053439 2.427451 -0.226766
v -0.096184 2.446999 -0.204012
v -0.054418 2.445024 -0.235143
v -0.016501 2.448132 -0.197237
v -0.009603 2.431387 -0.205327
v -0.020207 2.430653 -0.201112
v -0.037205 2.426618 -0.214561
v -0.045086 2.424680 -0.245354
v -0.055763 2.413435 -0.257134
v -0.057196 2.433903 -0.253275
v -0.049038 2.413807 -0.255538
v -0.051684 2.434117 -0.251823
v -0.056559 2.423571 -0.255527
v -0.050439 2.423854 -0.254002
v -0.052471 2.422603 -0.270121
v -0.052843 2.435530 -0.263592
v -0.054866 2.413895 -0.265561
v -0.056156 2.431745 -0.262236
v -0.046666 2.414150 -0.264805
v -0.048998 2.431892 -0.261601
v -0.055578 2.422733 -0.264205
v -0.047898 2.422932 -0.263509
v -0.028645 2.388063 -0.167571
v -0.024463 2.371330 -0.210787
v -0.080911 2.417331 -0.178604
v -0.079070 2.384299 -0.172289
v -0.074894 2.367523 -0.215785
v -0.076177 2.377234 -0.218830
v -0.025480 2.402672 -0.217621
v -0.029358 2.412987 -0.172317
v -0.096570 2.385458 -0.202782
v -0.104494 2.384492 -0.205939
v -0.095797 2.403092 -0.198979
v -0.103671 2.403711 -0.201845
v -0.063414 2.369760 -0.239487
v -0.063503 2.396095 -0.235435
v -0.046428 2.357522 -0.249590
v -0.050641 2.406548 -0.244765
v -0.046920 2.364812 -0.256924
v -0.077465 2.408739 -0.222961
v -0.030506 2.419273 -0.174065
v -0.027045 2.410719 -0.218254
v -0.080212 2.393059 -0.173802
v -0.024205 2.380774 -0.213722
v -0.028228 2.396567 -0.169011
v -0.077418 2.400271 -0.222510
v -0.081290 2.410659 -0.177043
v -0.008050 2.391258 -0.194380
v -0.000189 2.391296 -0.196059
v -0.011404 2.407122 -0.191208
v -0.003826 2.408327 -0.192672
v -0.033102 2.371854 -0.236458
v -0.036714 2.397442 -0.232887
v -0.022525 2.415545 -0.195396
v -0.025063 2.391839 -0.164718
v -0.020312 2.379752 -0.188274
v -0.022626 2.407990 -0.221652
v -0.051744 2.409066 -0.225818
v -0.048980 2.367005 -0.218257
v -0.083335 2.375007 -0.194387
v -0.085139 2.415969 -0.175695
v -0.054245 2.388037 -0.164093
v -0.020324 2.372897 -0.214868
v -0.078797 2.368598 -0.220656
v -0.083532 2.387594 -0.170127
v -0.026772 2.392514 -0.213936
v -0.074944 2.389692 -0.218551
v -0.026707 2.418311 -0.170439
v -0.017768 2.408268 -0.194116
v -0.050610 2.399588 -0.228395
v -0.089176 2.405010 -0.200723
v -0.101997 2.383277 -0.203878
v -0.097823 2.391684 -0.210703
v -0.106496 2.391432 -0.214710
v -0.101076 2.405348 -0.199321
v -0.087972 2.384294 -0.206357
v -0.087234 2.401165 -0.202761
v -0.063511 2.383148 -0.237467
v -0.062619 2.381075 -0.215595
v -0.068613 2.398891 -0.215098
v -0.046641 2.364750 -0.265396
v -0.055300 2.363678 -0.246194
v -0.057072 2.399927 -0.242080
v -0.049210 2.396049 -0.253754
v -0.085548 2.413113 -0.201179
v -0.081076 2.405594 -0.227135
v -0.056070 2.419716 -0.170480
v -0.078584 2.401929 -0.176664
v -0.054846 2.397877 -0.162843
v -0.016598 2.389254 -0.190445
v -0.049280 2.376136 -0.224536
v -0.088062 2.384408 -0.197249
v -0.030493 2.404548 -0.172262
v -0.055956 2.413805 -0.165992
v -0.002636 2.389904 -0.194446
v -0.011216 2.396801 -0.202109
v -0.002630 2.397474 -0.204443
v -0.006848 2.409597 -0.190657
v -0.015512 2.389056 -0.199411
v -0.018609 2.404525 -0.196383
v -0.034965 2.384855 -0.234673
v -0.032764 2.383035 -0.212840
v -0.030240 2.400732 -0.211648
v -0.039397 2.364796 -0.244584
v -0.043194 2.400529 -0.240763
v -0.055031 2.393441 -0.157629
v -0.055192 2.405469 -0.166493
v -0.085774 2.395448 -0.198459
v -0.056595 2.419211 -0.163083
v -0.103231 2.391940 -0.211544
v -0.087510 2.393039 -0.204402
v -0.062366 2.388391 -0.214098
v -0.056206 2.382298 -0.244204
v -0.092481 2.377137 -0.196500
v -0.048467 2.367198 -0.227144
v -0.011706 2.383032 -0.188730
v -0.053905 2.415161 -0.197270
v -0.051561 2.376760 -0.190118
v -0.019571 2.399244 -0.192275
v -0.050102 2.388803 -0.223936
v -0.094366 2.410327 -0.202483
v -0.050948 2.404904 -0.233984
v -0.013611 2.413589 -0.195060
v -0.006090 2.397628 -0.201941
v -0.016917 2.397188 -0.197764
v -0.033949 2.390096 -0.211521
v -0.041303 2.383181 -0.242739
v -0.052243 2.368775 -0.254839
v -0.053270 2.391643 -0.251707
v -0.045431 2.369533 -0.253169
v -0.047694 2.392162 -0.250190
v -0.052768 2.380340 -0.253143
v -0.046577 2.380972 -0.251547
v -0.048365 2.377432 -0.267895
v -0.048648 2.392043 -0.262433
v -0.051168 2.368185 -0.263478
v -0.052090 2.388179 -0.260672
v -0.042850 2.368728 -0.262640
v -0.044832 2.388557 -0.259970
v -0.051626 2.378278 -0.261933
v -0.043839 2.378733 -0.261162
v -0.025526 2.343425 -0.159543
v -0.019886 2.324804 -0.203478
v -0.079352 2.385561 -0.174241
v -0.076520 2.339160 -0.164324
v -0.070939 2.320539 -0.208334
v -0.072692 2.332035 -0.211597
v -0.022613 2.363146 -0.212663
v -0.027225 2.381804 -0.167041
v -0.094081 2.342083 -0.195533
v -0.101948 2.340910 -0.198701
v -0.093904 2.364971 -0.194249
v -0.101512 2.365308 -0.197172
v -0.059171 2.323013 -0.232414
v -0.060683 2.353152 -0.230807
v -0.041626 2.308692 -0.242750
v -0.047450 2.363508 -0.241036
v -0.042135 2.316941 -0.250045
v -0.075136 2.368694 -0.219042
v -0.028204 2.389299 -0.169457
v -0.023978 2.372478 -0.213976
v -0.078358 2.350953 -0.166246
v -0.020087 2.336365 -0.206535
v -0.025809 2.355281 -0.161255
v -0.075213 2.359142 -0.217896
v -0.079931 2.377599 -0.172035
v -0.004656 2.349452 -0.186964
v 0.003294 2.349622 -0.188640
v -0.008854 2.372212 -0.185927
v -0.001128 2.373807 -0.187370
v -0.028476 2.325538 -0.229464
v -0.033579 2.355241 -0.228115
v -0.019793 2.381649 -0.190937
v -0.022230 2.348310 -0.156689
v -0.016323 2.334179 -0.180592
v -0.019517 2.368978 -0.217001
v -0.048898 2.368955 -0.221812
v -0.044491 2.319889 -0.211021
v -0.080104 2.328841 -0.186617
v -0.083733 2.384461 -0.171024
v -0.051564 2.343184 -0.156046
v -0.015756 2.326800 -0.207619
v -0.074950 2.321874 -0.213260
v -0.081347 2.343384 -0.162234
v -0.023541 2.351230 -0.208165
v -0.072270 2.347290 -0.212930
v -0.024433 2.388893 -0.165501
v -0.015178 2.373137 -0.188941
v -0.047787 2.357924 -0.223690
v -0.087665 2.367310 -0.195991
v -0.099426 2.339376 -0.196473
v -0.095162 2.349871 -0.205089
v -0.103438 2.349320 -0.209266
v -0.098914 2.367667 -0.194621
v -0.085276 2.340646 -0.199128
v -0.085737 2.362411 -0.198004
v -0.059962 2.338583 -0.231698
v -0.059088 2.336648 -0.208445
v -0.066427 2.358469 -0.210342
v -0.041826 2.316510 -0.258537
v -0.050670 2.315979 -0.239220
v -0.054023 2.356646 -0.237536
v -0.045773 2.351156 -0.249218
v -0.083724 2.376970 -0.197126
v -0.078820 2.364492 -0.222921
v -0.054190 2.389952 -0.165999
v -0.077386 2.364563 -0.170874
v -0.053042 2.356695 -0.155131
v -0.013193 2.346633 -0.182936
v -0.045172 2.330680 -0.217442
v -0.085479 2.340679 -0.189846
v -0.028538 2.368805 -0.166171
v -0.054297 2.383328 -0.160788
v 0.000919 2.347682 -0.186902
v -0.008313 2.357248 -0.196155
v 0.000325 2.358262 -0.198596
v -0.004184 2.375602 -0.185376
v -0.011975 2.346649 -0.192082
v -0.016128 2.368093 -0.191171
v -0.031068 2.340919 -0.228879
v -0.028887 2.339103 -0.205678
v -0.027576 2.361492 -0.206654
v -0.034543 2.317309 -0.237678
v -0.039964 2.357687 -0.236131
v -0.052878 2.349937 -0.149583
v -0.053665 2.370285 -0.160502
v -0.084053 2.355163 -0.192783
v -0.054851 2.390652 -0.158225
v -0.100287 2.350079 -0.206025
v -0.085548 2.351934 -0.198641
v -0.059378 2.345794 -0.207979
v -0.052415 2.337252 -0.238584
v -0.089564 2.331632 -0.188793
v -0.043928 2.320213 -0.220034
v -0.007829 2.338440 -0.181069
v -0.051563 2.380223 -0.193112
v -0.047835 2.330632 -0.182458
v -0.017086 2.360574 -0.186268
v -0.046817 2.346056 -0.218315
v -0.092747 2.373559 -0.198135
v -0.047998 2.363162 -0.229634
v -0.010822 2.379713 -0.190192
v -0.003211 2.358442 -0.196031
v -0.014163 2.357709 -0.191700
v -0.030642 2.348103 -0.205324
v -0.037326 2.338464 -0.237112
v -0.047667 2.321406 -0.247905
v -0.049781 2.346842 -0.247109
v -0.040779 2.322342 -0.246253
v -0.044160 2.347627 -0.245568
v -0.048747 2.334454 -0.247603
v -0.042495 2.335327 -0.246007
v -0.044065 2.330136 -0.262501
v -0.044921 2.346062 -0.257909
v -0.046530 2.320333 -0.256687
v -0.048328 2.342287 -0.256080
v -0.038102 2.321020 -0.255880
v -0.040978 2.342860 -0.255359
v -0.047440 2.331515 -0.256446
v -0.039551 2.332146 -0.255681
v -0.021191 2.293343 -0.153563
v -0.015695 2.273646 -0.198904
v -0.076947 2.341724 -0.166503
v -0.072981 2.288855 -0.158078
v -0.067596 2.269137 -0.203653
v -0.069062 2.281669 -0.206006
v -0.017711 2.315653 -0.205425
v -0.023655 2.335517 -0.158859
v -0.090578 2.292580 -0.188860
v -0.098466 2.291292 -0.191937
v -0.090362 2.317338 -0.186080
v -0.098157 2.318037 -0.188996
v -0.055470 2.271956 -0.227546
v -0.056222 2.304177 -0.223732
v -0.038170 2.256667 -0.239050
v -0.042781 2.316627 -0.234139
v -0.038346 2.265444 -0.245585
v -0.071288 2.322715 -0.211736
v -0.025235 2.346034 -0.161633
v -0.019513 2.327021 -0.206796
v -0.074721 2.302122 -0.159184
v -0.015609 2.286313 -0.201076
v -0.021373 2.306745 -0.154493
v -0.071093 2.311148 -0.210464
v -0.076964 2.331012 -0.163815
v 0.000036 2.300586 -0.180555
v 0.008070 2.300790 -0.182190
v -0.004332 2.324880 -0.178006
v 0.003375 2.327000 -0.179468
v -0.024267 2.274654 -0.224660
v -0.028705 2.306500 -0.221133
v -0.015974 2.337532 -0.183447
v -0.017825 2.298755 -0.150358
v -0.011993 2.283546 -0.175280
v -0.014797 2.322900 -0.209867
v -0.044549 2.322981 -0.214711
v -0.040739 2.268433 -0.206700
v -0.076809 2.277900 -0.181142
v -0.081358 2.340008 -0.163116
v -0.047478 2.293028 -0.149923
v -0.011448 2.275880 -0.202886
v -0.071620 2.270654 -0.208398
v -0.077855 2.293550 -0.155583
v -0.018736 2.301853 -0.201403
v -0.068222 2.297602 -0.206019
v -0.021403 2.345022 -0.157506
v -0.010784 2.326428 -0.181171
v -0.043141 2.309708 -0.216585
v -0.084124 2.320235 -0.188039
v -0.095961 2.289597 -0.189880
v -0.091533 2.300432 -0.197619
v -0.099987 2.299793 -0.201611
v -0.095641 2.320724 -0.186500
v -0.081794 2.291045 -0.192720
v -0.081924 2.314271 -0.189988
v -0.055761 2.288252 -0.225478
v -0.055134 2.286662 -0.202699
v -0.062145 2.309888 -0.202829
v -0.038031 2.264943 -0.253968
v -0.047064 2.264426 -0.234921
v -0.049438 2.308467 -0.230599
v -0.041042 2.302057 -0.242481
v -0.080654 2.332146 -0.189588
v -0.074839 2.317887 -0.215572
v -0.051716 2.346731 -0.158204
v -0.073577 2.316302 -0.162736
v -0.048503 2.308139 -0.148267
v -0.008643 2.297411 -0.176742
v -0.041091 2.280189 -0.212245
v -0.082064 2.291018 -0.183439
v -0.024279 2.320579 -0.158193
v -0.051116 2.336923 -0.152530
v 0.005644 2.298619 -0.180602
v -0.003394 2.308388 -0.189013
v 0.005358 2.309416 -0.191333
v 0.000170 2.329169 -0.177486
v -0.007344 2.297527 -0.185888
v -0.011410 2.320260 -0.183406
v -0.026406 2.290772 -0.222737
v -0.024463 2.289305 -0.199990
v -0.022723 2.313212 -0.199262
v -0.030665 2.265843 -0.233409
v -0.035168 2.309661 -0.229244
v -0.048602 2.300400 -0.143000
v -0.049621 2.321871 -0.152384
v -0.080308 2.306161 -0.185193
v -0.052348 2.346716 -0.150200
v -0.096749 2.300630 -0.198410
v -0.081823 2.302702 -0.191259
v -0.055196 2.296185 -0.201437
v -0.048081 2.286747 -0.232450
v -0.086383 2.281038 -0.182946
v -0.040129 2.268876 -0.215648
v -0.003337 2.288270 -0.175444
v -0.048095 2.335909 -0.185710
v -0.043983 2.279715 -0.177281
v -0.012322 2.312006 -0.178906
v -0.042316 2.296240 -0.211747
v -0.089678 2.328025 -0.190404
v -0.043378 2.316245 -0.222618
v -0.006780 2.334957 -0.182591
v 0.001767 2.309642 -0.188782
v -0.009345 2.308941 -0.184553
v -0.026023 2.298679 -0.198849
v -0.032751 2.288058 -0.231019
v -0.043797 2.270201 -0.243074
v -0.045139 2.297048 -0.240354
v -0.036783 2.271209 -0.241425
v -0.039427 2.297923 -0.238819
v -0.044393 2.283692 -0.241593
v -0.038032 2.284634 -0.240000
v -0.039725 2.278965 -0.256612
v -0.040213 2.296237 -0.251289
v -0.042661 2.269006 -0.251805
v -0.043712 2.291946 -0.249455
v -0.034092 2.269743 -0.251014
v -0.036246 2.292577 -0.248756
v -0.043124 2.280496 -0.250536
v -0.035107 2.281178 -0.249791
v -0.014521 2.237223 -0.160814
v -0.015824 2.219794 -0.208703
v -0.070346 2.292397 -0.161693
v -0.067472 2.234014 -0.159648
v -0.068965 2.216576 -0.207782
v -0.069569 2.230661 -0.208349
v -0.014970 2.266772 -0.208626
v -0.015991 2.284119 -0.159765
v -0.087858 2.240876 -0.187642
v -0.096189 2.239892 -0.189829
v -0.085994 2.267625 -0.182412
v -0.094080 2.268761 -0.184383
v -0.058956 2.221887 -0.232117
v -0.056200 2.256570 -0.224540
v -0.044357 2.205527 -0.247297
v -0.042117 2.270383 -0.234248
v -0.044023 2.216112 -0.252320
v -0.068993 2.275528 -0.209135
v -0.017551 2.296048 -0.160806
v -0.016041 2.279197 -0.208107
v -0.068800 2.248400 -0.158953
v -0.014823 2.234075 -0.208798
v -0.014253 2.251787 -0.159616
v -0.069605 2.263136 -0.209279
v -0.070447 2.280499 -0.160252
v 0.004218 2.246994 -0.188405
v 0.012191 2.247120 -0.190733
v 0.001390 2.273883 -0.181724
v 0.009145 2.276254 -0.183466
v -0.026987 2.223875 -0.232359
v -0.028021 2.258450 -0.224215
v -0.010206 2.288588 -0.184119
v -0.010483 2.242812 -0.157207
v -0.008492 2.228280 -0.184723
v -0.011791 2.274922 -0.212088
v -0.042150 2.275785 -0.214329
v -0.042434 2.215453 -0.214135
v -0.074805 2.224265 -0.183392
v -0.074562 2.290267 -0.158116
v -0.040674 2.237247 -0.154083
v -0.011766 2.222626 -0.212637
v -0.073381 2.218856 -0.211734
v -0.071846 2.239061 -0.155994
v -0.016743 2.251131 -0.206713
v -0.067416 2.247874 -0.206811
v -0.013352 2.294456 -0.157235
v -0.005334 2.276118 -0.184033
v -0.041976 2.261735 -0.218072
v -0.080320 2.271126 -0.184814
v -0.093575 2.237912 -0.188221
v -0.088829 2.250152 -0.195471
v -0.098000 2.250021 -0.198484
v -0.091217 2.271461 -0.181907
v -0.079901 2.239563 -0.192761
v -0.078080 2.264555 -0.187622
v -0.057413 2.239307 -0.228287
v -0.054819 2.235452 -0.206162
v -0.060059 2.260916 -0.202792
v -0.044408 2.216343 -0.260551
v -0.052021 2.214109 -0.241199
v -0.049415 2.261561 -0.231331
v -0.042362 2.255538 -0.244467
v -0.076295 2.284003 -0.185340
v -0.073213 2.270708 -0.213163
v -0.044018 2.296867 -0.155106
v -0.067502 2.264114 -0.161235
v -0.041316 2.253469 -0.150013
v -0.004341 2.243531 -0.184228
v -0.042218 2.229096 -0.217798
v -0.079470 2.238865 -0.183465
v -0.016996 2.267351 -0.161302
v -0.043286 2.285592 -0.150767
v 0.009766 2.244782 -0.189251
v 0.000385 2.256675 -0.195142
v 0.009088 2.257833 -0.198005
v 0.006178 2.278517 -0.180944
v -0.004017 2.244432 -0.193322
v -0.006482 2.269483 -0.187099
v -0.027338 2.241235 -0.228230
v -0.023407 2.237407 -0.206465
v -0.019718 2.263566 -0.202555
v -0.035221 2.215140 -0.241370
v -0.034805 2.262554 -0.231101
v -0.040798 2.244798 -0.145967
v -0.042195 2.268808 -0.152696
v -0.076992 2.255368 -0.183969
v -0.044105 2.296171 -0.147109
v -0.094367 2.250596 -0.195589
v -0.078784 2.252035 -0.190173
v -0.053988 2.245656 -0.203851
v -0.050400 2.238180 -0.236053
v -0.084399 2.228128 -0.183571
v -0.042733 2.216894 -0.222799
v 0.000556 2.233325 -0.185048
v -0.042901 2.287456 -0.183922
v -0.041265 2.225128 -0.183510
v -0.007442 2.259836 -0.183952
v -0.041943 2.246493 -0.215258
v -0.085692 2.279722 -0.185772
v -0.042049 2.269166 -0.223052
v -0.000980 2.285525 -0.184423
v 0.005708 2.257910 -0.195186
v -0.005169 2.256967 -0.190184
v -0.024118 2.247538 -0.203976
v -0.034693 2.239194 -0.236008
v -0.048752 2.221157 -0.248766
v -0.046902 2.250123 -0.242672
v -0.041442 2.221950 -0.247783
v -0.040943 2.250855 -0.241588
v -0.047715 2.235625 -0.245688
v -0.041080 2.236394 -0.244648
v -0.044608 2.231758 -0.261296
v -0.042714 2.250011 -0.253850
v -0.048419 2.220550 -0.257515
v -0.046622 2.245332 -0.252295
v -0.039642 2.221100 -0.257545
v -0.038975 2.245842 -0.252215
v -0.047442 2.232934 -0.254888
v -0.039230 2.233466 -0.254859
v -0.014270 2.173583 -0.164548
v -0.018062 2.156396 -0.214792
v -0.068060 2.239201 -0.161177
v -0.068018 2.170416 -0.162023
v -0.071958 2.153254 -0.212456
v -0.071764 2.170063 -0.212159
v -0.014999 2.210562 -0.212697
v -0.013097 2.228973 -0.161995
v -0.089662 2.181614 -0.189457
v -0.098421 2.180730 -0.191161
v -0.086872 2.212275 -0.182923
v -0.095427 2.213889 -0.184395
v -0.062413 2.160744 -0.236982
v -0.057958 2.200084 -0.227830
v -0.048652 2.142470 -0.253398
v -0.043348 2.215909 -0.236975
v -0.048203 2.154749 -0.257896
v -0.069338 2.221370 -0.210436
v -0.014386 2.242496 -0.162132
v -0.015465 2.224682 -0.211160
v -0.067938 2.188612 -0.160694
v -0.016215 2.173457 -0.214605
v -0.012565 2.192038 -0.163405
v -0.070541 2.207262 -0.211463
v -0.068434 2.225655 -0.160471
v 0.004774 2.187420 -0.193712
v 0.012833 2.187558 -0.196186
v 0.003204 2.217650 -0.185448
v 0.011104 2.220263 -0.187243
v -0.029996 2.162706 -0.238346
v -0.029318 2.201779 -0.228468
v -0.008156 2.234545 -0.186507
v -0.009534 2.180391 -0.160659
v -0.009408 2.164595 -0.189905
v -0.011515 2.219866 -0.215617
v -0.042376 2.221416 -0.216775
v -0.045486 2.151982 -0.219960
v -0.076696 2.160662 -0.186879
v -0.072231 2.236751 -0.157469
v -0.040641 2.173384 -0.156965
v -0.013842 2.160109 -0.218710
v -0.076331 2.156390 -0.215965
v -0.071823 2.176645 -0.157666
v -0.017424 2.192743 -0.211622
v -0.068896 2.189684 -0.209911
v -0.010015 2.240536 -0.158765
v -0.003687 2.220346 -0.187523
v -0.043065 2.205527 -0.221620
v -0.079904 2.215806 -0.185619
v -0.095659 2.178352 -0.189805
v -0.091630 2.192914 -0.196957
v -0.101229 2.193080 -0.199422
v -0.092247 2.216812 -0.181904
v -0.081355 2.179954 -0.195278
v -0.078534 2.208529 -0.188873
v -0.060114 2.180491 -0.232460
v -0.056629 2.175298 -0.210453
v -0.060708 2.204405 -0.205478
v -0.048822 2.155343 -0.265988
v -0.055945 2.152247 -0.246509
v -0.051124 2.205857 -0.234548
v -0.044757 2.199324 -0.248274
v -0.075376 2.230410 -0.185485
v -0.073991 2.216066 -0.214641
v -0.040971 2.243687 -0.155328
v -0.066047 2.206955 -0.162465
v -0.039538 2.193830 -0.152423
v -0.003952 2.183417 -0.189449
v -0.044674 2.168311 -0.223036
v -0.080200 2.178711 -0.185849
v -0.014747 2.210056 -0.164485
v -0.040318 2.230818 -0.151688
v 0.010326 2.184884 -0.194789
v 0.000839 2.198500 -0.200028
v 0.009648 2.199767 -0.203015
v 0.008272 2.222801 -0.184481
v -0.004003 2.184695 -0.198675
v -0.005230 2.212880 -0.190944
v -0.029579 2.182299 -0.233443
v -0.024724 2.177219 -0.211848
v -0.019690 2.206815 -0.206621
v -0.038920 2.153277 -0.247251
v -0.036268 2.206755 -0.234802
v -0.039827 2.182359 -0.148071
v -0.039825 2.211824 -0.154617
v -0.077120 2.197672 -0.185752
v -0.040727 2.242715 -0.147218
v -0.097368 2.193563 -0.196690
v -0.079903 2.194274 -0.192130
v -0.055292 2.186903 -0.207656
v -0.053389 2.179391 -0.240583
v -0.085964 2.165693 -0.186188
v -0.045924 2.154368 -0.228498
v 0.000242 2.170848 -0.190163
v -0.041376 2.233789 -0.185313
v -0.042916 2.161123 -0.188256
v -0.006470 2.201911 -0.188324
v -0.043621 2.188055 -0.219658
v -0.085052 2.225681 -0.185737
v -0.042959 2.214147 -0.226021
v 0.001087 2.230929 -0.187314
v 0.006327 2.199828 -0.200106
v -0.004575 2.198785 -0.194866
v -0.024943 2.188690 -0.208818
v -0.037443 2.180326 -0.241075
v -0.052729 2.160431 -0.253993
v -0.049551 2.193207 -0.246677
v -0.045279 2.161217 -0.253262
v -0.043448 2.193912 -0.245785
v -0.051124 2.176794 -0.250402
v -0.044344 2.177532 -0.249583
v -0.048606 2.172926 -0.266135
v -0.045686 2.193347 -0.257896
v -0.052690 2.160058 -0.262701
v -0.049808 2.188095 -0.256497
v -0.043794 2.160577 -0.263028
v -0.042041 2.188554 -0.256672
v -0.051246 2.174063 -0.259654
v -0.042913 2.174552 -0.259899
v -0.013106 2.104878 -0.170489
v -0.018188 2.091164 -0.222405
v -0.068041 2.178382 -0.163135
v -0.067639 2.102602 -0.167965
v -0.072823 2.088921 -0.220110
v -0.073697 2.105278 -0.219165
v -0.017771 2.146512 -0.219176
v -0.013186 2.164708 -0.165944
v -0.091361 2.115880 -0.195072
v -0.100167 2.115231 -0.196527
v -0.088937 2.148186 -0.186628
v -0.097587 2.150023 -0.187533
v -0.064501 2.097247 -0.244461
v -0.061958 2.136163 -0.234094
v -0.049690 2.080268 -0.261285
v -0.046918 2.155010 -0.242454
v -0.050254 2.092103 -0.265363
v -0.072007 2.160310 -0.214522
v -0.013567 2.181695 -0.165731
v -0.017376 2.163603 -0.216930
v -0.068494 2.120693 -0.165481
v -0.017418 2.107851 -0.221553
v -0.012336 2.123294 -0.168114
v -0.074007 2.143455 -0.216751
v -0.069271 2.161623 -0.163307
v 0.004350 2.120397 -0.199409
v 0.012587 2.120573 -0.201722
v 0.002311 2.153100 -0.190814
v 0.010332 2.155909 -0.192544
v -0.031675 2.098730 -0.245837
v -0.032973 2.137712 -0.235321
v -0.008521 2.173757 -0.191460
v -0.008412 2.111252 -0.165992
v -0.008788 2.097539 -0.196809
v -0.013761 2.157999 -0.221699
v -0.045057 2.160417 -0.222041
v -0.046143 2.087664 -0.227933
v -0.077032 2.094728 -0.193814
v -0.072411 2.174886 -0.159247
v -0.039710 2.104702 -0.162845
v -0.014247 2.094874 -0.226129
v -0.077578 2.092189 -0.223449
v -0.071605 2.108521 -0.163010
v -0.019460 2.127880 -0.218355
v -0.071581 2.125271 -0.216122
v -0.009271 2.178666 -0.162265
v -0.004918 2.156171 -0.192950
v -0.046744 2.141652 -0.228013
v -0.082134 2.151946 -0.189466
v -0.097285 2.112641 -0.195383
v -0.093925 2.128314 -0.201923
v -0.103631 2.128725 -0.203934
v -0.094303 2.153046 -0.184936
v -0.083180 2.114419 -0.201376
v -0.080839 2.144325 -0.193392
v -0.063256 2.116628 -0.239397
v -0.058603 2.110198 -0.217516
v -0.063686 2.140301 -0.211250
v -0.051184 2.092826 -0.273316
v -0.057641 2.089328 -0.254270
v -0.055114 2.143148 -0.240494
v -0.049165 2.136316 -0.254639
v -0.076722 2.169622 -0.188334
v -0.077103 2.154248 -0.218927
v -0.040214 2.183066 -0.157899
v -0.066946 2.140832 -0.166446
v -0.039451 2.124924 -0.156797
v -0.004315 2.116045 -0.195246
v -0.046528 2.103711 -0.230467
v -0.081613 2.112486 -0.191790
v -0.014941 2.143472 -0.168881
v -0.040351 2.166616 -0.154658
v 0.010146 2.117648 -0.200307
v -0.000336 2.133095 -0.206084
v 0.008577 2.134515 -0.209003
v 0.007532 2.158642 -0.189654
v -0.004794 2.118103 -0.204837
v -0.006591 2.148280 -0.196718
v -0.032353 2.118157 -0.240700
v -0.026251 2.111674 -0.218870
v -0.022124 2.142478 -0.213061
v -0.040401 2.090081 -0.254994
v -0.040062 2.144019 -0.241131
v -0.038883 2.112979 -0.153050
v -0.040084 2.145102 -0.158403
v -0.079000 2.132541 -0.190780
v -0.039952 2.180838 -0.149397
v -0.099668 2.129059 -0.201332
v -0.081999 2.129330 -0.197414
v -0.057640 2.122066 -0.214291
v -0.056726 2.115682 -0.247668
v -0.086648 2.099730 -0.192633
v -0.047051 2.090394 -0.236391
v 0.000769 2.103472 -0.196551
v -0.042263 2.173193 -0.189509
v -0.042840 2.094685 -0.195617
v -0.007416 2.136151 -0.193993
v -0.046382 2.123689 -0.226587
v -0.086792 2.163881 -0.188443
v -0.046299 2.152303 -0.231725
v 0.000592 2.169081 -0.192454
v 0.005282 2.134453 -0.206050
v -0.005685 2.133152 -0.200813
v -0.026871 2.123546 -0.215602
v -0.040592 2.116483 -0.248350
v -0.055203 2.097384 -0.261435
v -0.054069 2.129290 -0.253413
v -0.047662 2.098035 -0.260757
v -0.047869 2.129962 -0.252653
v -0.054664 2.113292 -0.257517
v -0.047793 2.113957 -0.256797
v -0.052459 2.109666 -0.273142
v -0.050385 2.130040 -0.264399
v -0.055410 2.097307 -0.269975
v -0.054475 2.124246 -0.263284
v -0.046408 2.097733 -0.270368
v -0.046622 2.124662 -0.263624
v -0.054966 2.110747 -0.266701
v -0.046538 2.111164 -0.267066
v -0.012979 2.030385 -0.180144
v -0.018323 2.022248 -0.232511
v -0.068137 2.111508 -0.168500
v -0.068425 2.029225 -0.177600
v -0.073817 2.021110 -0.230080
v -0.074513 2.038684 -0.228460
v -0.017388 2.082729 -0.226901
v -0.011978 2.096519 -0.172316
v -0.092215 2.047860 -0.203746
v -0.101058 2.047595 -0.204941
v -0.089272 2.082622 -0.193768
v -0.097905 2.084984 -0.194259
v -0.065090 2.032832 -0.253589
v -0.062367 2.074157 -0.242121
v -0.050059 2.016295 -0.270773
v -0.048524 2.092580 -0.250008
v -0.050435 2.029489 -0.274130
v -0.073395 2.096744 -0.221771
v -0.012895 2.113961 -0.171057
v -0.018044 2.099165 -0.224101
v -0.068944 2.048625 -0.174136
v -0.017349 2.040171 -0.230902
v -0.011847 2.050136 -0.176742
v -0.074468 2.080521 -0.224505
v -0.068956 2.094272 -0.169692
v 0.005037 2.050580 -0.208111
v 0.013504 2.050831 -0.210205
v 0.003405 2.086118 -0.197929
v 0.011694 2.089233 -0.199277
v -0.031764 2.033684 -0.255041
v -0.032954 2.075266 -0.243342
v -0.008506 2.107542 -0.197756
v -0.008049 2.036471 -0.175255
v -0.008732 2.025662 -0.206839
v -0.014121 2.093945 -0.229014
v -0.046347 2.096793 -0.229571
v -0.046772 2.019966 -0.238087
v -0.078087 2.024246 -0.203750
v -0.072176 2.107918 -0.164591
v -0.040055 2.030035 -0.172540
v -0.014240 2.026534 -0.236018
v -0.078563 2.025119 -0.233193
v -0.072304 2.035023 -0.172266
v -0.019322 2.062039 -0.227058
v -0.072251 2.060328 -0.224839
v -0.008134 2.110687 -0.167601
v -0.003977 2.090023 -0.200046
v -0.046959 2.079085 -0.236017
v -0.082390 2.086955 -0.196595
v -0.098192 2.044477 -0.203982
v -0.094665 2.062578 -0.210026
v -0.104382 2.063544 -0.211666
v -0.094534 2.087945 -0.191562
v -0.084021 2.046800 -0.210332
v -0.081260 2.078941 -0.201048
v -0.063804 2.053396 -0.248126
v -0.059247 2.043458 -0.226911
v -0.064117 2.076145 -0.219435
v -0.051269 2.031309 -0.281799
v -0.058141 2.025254 -0.263632
v -0.055956 2.081317 -0.248346
v -0.049778 2.075384 -0.262412
v -0.077639 2.104486 -0.194719
v -0.078302 2.091222 -0.226297
v -0.039838 2.115332 -0.163067
v -0.067090 2.071316 -0.174232
v -0.039361 2.051287 -0.165303
v -0.003884 2.045413 -0.204297
v -0.046976 2.037601 -0.239902
v -0.082437 2.043354 -0.200828
v -0.014234 2.073055 -0.176624
v -0.039444 2.098018 -0.160787
v 0.010969 2.047448 -0.208974
v 0.000330 2.065767 -0.214328
v 0.009506 2.067442 -0.216939
v 0.008885 2.092021 -0.196282
v -0.004381 2.049009 -0.213809
v -0.005853 2.081721 -0.204331
v -0.032435 2.054391 -0.249451
v -0.026362 2.044321 -0.228228
v -0.021891 2.077665 -0.221155
v -0.040641 2.025669 -0.264416
v -0.040708 2.081935 -0.248980
v -0.038993 2.037601 -0.162191
v -0.039703 2.074285 -0.165988
v -0.079581 2.065482 -0.199092
v -0.039002 2.112608 -0.154383
v -0.100408 2.063489 -0.209201
v -0.082670 2.062819 -0.205824
v -0.058204 2.056170 -0.223350
v -0.057131 2.053174 -0.256268
v -0.087710 2.029687 -0.202196
v -0.047600 2.023910 -0.246287
v 0.001130 2.031671 -0.206213
v -0.042953 2.107553 -0.196109
v -0.043487 2.023437 -0.205939
v -0.006855 2.067855 -0.202262
v -0.046753 2.059156 -0.235468
v -0.087457 2.099081 -0.194831
v -0.047378 2.089504 -0.239478
v 0.001134 2.102873 -0.198791
v 0.006119 2.067105 -0.214094
v -0.005145 2.065319 -0.209191
v -0.026928 2.057101 -0.224597
v -0.040757 2.053697 -0.256966
v -0.055493 2.034868 -0.270165
v -0.054288 2.068597 -0.261277
v -0.047854 2.035278 -0.269537
v -0.048010 2.069090 -0.260545
v -0.054945 2.051672 -0.265903
v -0.047986 2.052127 -0.265221
v -0.052511 2.049500 -0.281103
v -0.050778 2.069905 -0.272041
v -0.055589 2.035853 -0.278423
v -0.054613 2.064212 -0.271018
v -0.046454 2.036113 -0.278843
v -0.046647 2.064507 -0.271367
v -0.055140 2.049986 -0.274850
v -0.046590 2.050267 -0.275232
v -0.005029 1.962203 -0.175970
v -0.013749 1.950174 -0.230247
v -0.066851 2.039507 -0.174081
v -0.061272 1.960329 -0.171070
v -0.069760 1.948569 -0.224947
v -0.071420 1.965787 -0.225919
v -0.016211 2.011881 -0.233044
v -0.010237 2.023565 -0.179421
v -0.087831 1.976157 -0.199260
v -0.096823 1.975683 -0.199965
v -0.086513 2.010436 -0.194042
v -0.095378 2.012732 -0.194430
v -0.062837 1.957893 -0.250747
v -0.061670 2.000962 -0.244649
v -0.047846 1.940749 -0.267266
v -0.048821 2.021187 -0.255129
v -0.049123 1.953231 -0.272378
v -0.073326 2.026775 -0.227475
v -0.010786 2.041751 -0.177433
v -0.017302 2.029308 -0.231113
v -0.062760 1.979066 -0.170311
v -0.013727 1.967671 -0.231233
v -0.005048 1.981086 -0.175659
v -0.073933 2.009474 -0.228914
v -0.067855 2.021818 -0.175632
v 0.010256 1.979802 -0.208867
v 0.018718 1.980005 -0.211417
v 0.007095 2.014915 -0.201961
v 0.015334 2.018124 -0.203751
v -0.029237 1.959066 -0.254045
v -0.031981 2.002443 -0.247158
v -0.007054 2.036788 -0.204829
v -0.000264 1.968144 -0.172277
v -0.002477 1.955527 -0.204065
v -0.013301 2.023938 -0.235871
v -0.046235 2.027261 -0.236263
v -0.042785 1.947187 -0.234367
v -0.072521 1.953487 -0.197470
v -0.070879 2.035600 -0.170086
v -0.031945 1.962115 -0.166641
v -0.010071 1.954080 -0.234699
v -0.074988 1.952145 -0.228561
v -0.065196 1.966092 -0.166119
v -0.017078 1.989718 -0.230589
v -0.070524 1.987757 -0.226155
v -0.005947 2.038026 -0.174115
v -0.002451 2.018663 -0.207313
v -0.046412 2.008011 -0.241206
v -0.081772 2.015948 -0.202070
v -0.093689 1.972693 -0.198706
v -0.091722 1.989678 -0.207887
v -0.101680 1.990443 -0.209219
v -0.091994 2.015778 -0.192121
v -0.079941 1.974738 -0.206489
v -0.078654 2.006651 -0.201585
v -0.062399 1.978785 -0.248034
v -0.055805 1.970521 -0.224690
v -0.062272 2.003539 -0.221252
v -0.050541 1.954441 -0.280481
v -0.056019 1.949849 -0.260513
v -0.055829 2.008745 -0.252169
v -0.050020 2.002118 -0.266195
v -0.077130 2.033905 -0.200592
v -0.078240 2.021034 -0.231490
v -0.038109 2.042802 -0.169152
v -0.063103 1.999706 -0.174605
v -0.032229 1.982688 -0.162504
v 0.001391 1.974673 -0.204522
v -0.044141 1.964231 -0.238859
v -0.077953 1.972014 -0.197223
v -0.009599 2.001742 -0.178897
v -0.038144 2.024517 -0.167723
v 0.016412 1.976690 -0.209594
v 0.004083 1.993836 -0.216903
v 0.013184 1.995543 -0.220087
v 0.012493 2.020910 -0.200766
v 0.000380 1.977699 -0.214265
v -0.002507 2.010236 -0.208042
v -0.030775 1.980082 -0.251003
v -0.022630 1.971696 -0.227772
v -0.019622 2.005540 -0.224753
v -0.038374 1.950430 -0.262267
v -0.040431 2.009562 -0.253415
v -0.030807 1.969814 -0.157209
v -0.034914 2.002960 -0.166996
v -0.076861 1.993445 -0.199668
v -0.037479 2.039138 -0.160919
v -0.097514 1.990555 -0.206839
v -0.079362 1.990281 -0.204135
v -0.055338 1.983165 -0.222863
v -0.056135 1.978132 -0.256782
v -0.082529 1.958634 -0.196287
v -0.044367 1.950385 -0.243476
v 0.007191 1.961352 -0.204755
v -0.043319 2.038034 -0.205556
v -0.037356 1.953086 -0.200819
v -0.003321 1.996166 -0.205613
v -0.045069 1.986240 -0.237639
v -0.086978 2.028408 -0.200327
v -0.047328 2.019640 -0.245651
v 0.002762 2.031923 -0.205984
v 0.009926 1.995269 -0.216974
v -0.001140 1.993561 -0.211283
v -0.023783 1.984375 -0.225680
v -0.039629 1.978819 -0.258343
v -0.054288 1.958786 -0.268681
v -0.054254 1.994552 -0.264025
v -0.046539 1.959344 -0.268474
v -0.047879 1.995181 -0.263592
v -0.054419 1.976030 -0.266657
v -0.047360 1.976624 -0.266347
v -0.052738 1.972867 -0.282173
v -0.051297 1.995826 -0.275392
v -0.054954 1.959133 -0.277335
v -0.054913 1.989418 -0.273502
v -0.045748 1.959483 -0.278270
v -0.046877 1.989820 -0.274233
v -0.055057 1.973730 -0.275657
v -0.046440 1.974100 -0.276503
v -0.003324 1.890628 -0.179586
v -0.012006 1.883286 -0.234166
v -0.061877 1.971429 -0.171794
v -0.060269 1.889968 -0.174113
v -0.068958 1.882629 -0.228684
v -0.070182 1.899788 -0.228672
v -0.012695 1.943539 -0.233445
v -0.003762 1.955850 -0.177070
v -0.086977 1.908734 -0.202180
v -0.096060 1.908606 -0.202760
v -0.084308 1.943358 -0.194583
v -0.093196 1.945855 -0.194641
v -0.061812 1.894306 -0.254924
v -0.059580 1.935787 -0.246144
v -0.046720 1.878150 -0.271881
v -0.046600 1.954663 -0.256819
v -0.047792 1.891255 -0.276709
v -0.070569 1.958253 -0.226623
v -0.005229 1.973312 -0.177338
v -0.013888 1.960124 -0.232108
v -0.061231 1.908699 -0.172413
v -0.011563 1.900745 -0.234389
v -0.002625 1.909665 -0.178137
v -0.071161 1.941878 -0.227736
v -0.062200 1.954177 -0.171318
v 0.012773 1.910541 -0.212043
v 0.021432 1.910764 -0.214523
v 0.010697 1.945949 -0.203977
v 0.019141 1.949035 -0.205867
v -0.027654 1.894859 -0.258326
v -0.029466 1.936623 -0.249110
v -0.002515 1.967638 -0.205525
v 0.001961 1.896203 -0.175066
v -0.000591 1.886313 -0.207811
v -0.009899 1.954938 -0.236827
v -0.043362 1.958221 -0.236340
v -0.041621 1.881366 -0.238489
v -0.071800 1.885503 -0.201000
v -0.065546 1.967757 -0.166890
v -0.030761 1.890490 -0.170256
v -0.008081 1.887325 -0.238292
v -0.074073 1.886489 -0.231869
v -0.064020 1.895353 -0.168643
v -0.013967 1.922664 -0.231762
v -0.068209 1.921449 -0.226462
v 0.000131 1.969866 -0.173379
v 0.002721 1.950001 -0.206381
v -0.043613 1.940430 -0.241191
v -0.077653 1.947711 -0.198513
v -0.093016 1.905434 -0.201790
v -0.090242 1.923662 -0.209604
v -0.100259 1.924804 -0.210641
v -0.089685 1.948721 -0.192326
v -0.079000 1.907696 -0.209605
v -0.076519 1.939736 -0.202538
v -0.060691 1.914927 -0.250570
v -0.054552 1.904379 -0.228275
v -0.060095 1.937181 -0.222708
v -0.049077 1.893303 -0.284579
v -0.054937 1.886897 -0.264909
v -0.053647 1.943193 -0.253594
v -0.047829 1.937543 -0.267797
v -0.073363 1.965287 -0.198668
v -0.075618 1.952844 -0.230408
v -0.032508 1.974758 -0.167806
v -0.059904 1.931294 -0.174262
v -0.030258 1.910883 -0.164750
v 0.003883 1.905376 -0.207394
v -0.042560 1.898622 -0.242107
v -0.076712 1.904055 -0.199538
v -0.005680 1.932516 -0.179582
v -0.031309 1.957345 -0.163638
v 0.018954 1.907377 -0.212939
v 0.007072 1.925935 -0.219495
v 0.016394 1.927610 -0.222644
v 0.016323 1.951778 -0.202875
v 0.002681 1.909155 -0.217601
v 0.000775 1.941779 -0.210102
v -0.028559 1.915633 -0.253764
v -0.020812 1.904936 -0.231442
v -0.016804 1.938300 -0.226815
v -0.036998 1.887154 -0.266712
v -0.038041 1.943668 -0.255137
v -0.029118 1.897426 -0.159802
v -0.031242 1.933771 -0.167154
v -0.074237 1.926139 -0.199421
v -0.030794 1.971758 -0.158025
v -0.096060 1.924630 -0.208366
v -0.077751 1.923648 -0.206083
v -0.053605 1.917061 -0.225470
v -0.054287 1.914842 -0.259330
v -0.081662 1.890668 -0.199109
v -0.043008 1.885179 -0.247189
v 0.009527 1.891832 -0.207976
v -0.038079 1.968003 -0.202555
v -0.036386 1.884490 -0.205212
v 0.000335 1.927811 -0.206714
v -0.042651 1.920236 -0.238922
v -0.083141 1.959955 -0.197479
v -0.044686 1.951138 -0.245763
v 0.007649 1.962860 -0.206384
v 0.013063 1.927224 -0.219533
v 0.001731 1.925411 -0.213877
v -0.021525 1.917706 -0.228489
v -0.037518 1.915216 -0.261012
v -0.052886 1.896649 -0.272604
v -0.052143 1.930637 -0.265803
v -0.045015 1.896971 -0.272423
v -0.045676 1.931043 -0.265453
v -0.052514 1.913566 -0.269236
v -0.045346 1.913933 -0.268972
v -0.050741 1.911797 -0.284770
v -0.049149 1.932302 -0.277096
v -0.053432 1.897870 -0.281093
v -0.052832 1.926493 -0.275382
v -0.044077 1.898046 -0.282064
v -0.044680 1.926715 -0.276217
v -0.053133 1.912122 -0.278263
v -0.044380 1.912326 -0.279168
v -0.003547 1.823187 -0.186539
v -0.012176 1.819171 -0.241650
v -0.061023 1.901950 -0.175196
v -0.061555 1.823341 -0.181494
v -0.070150 1.819319 -0.236471
v -0.071069 1.836302 -0.235963
v -0.011302 1.878035 -0.238145
v -0.002223 1.885513 -0.180936
v -0.088036 1.843772 -0.208887
v -0.097199 1.843896 -0.209316
v -0.084295 1.876708 -0.199111
v -0.093185 1.879375 -0.198859
v -0.062407 1.832388 -0.262208
v -0.059028 1.872589 -0.251140
v -0.047160 1.817034 -0.279362
v -0.045392 1.892015 -0.261188
v -0.047959 1.830493 -0.283816
v -0.069840 1.893582 -0.230705
v -0.003399 1.902798 -0.180787
v -0.012210 1.894418 -0.236312
v -0.062139 1.841428 -0.179146
v -0.011406 1.836380 -0.241443
v -0.002451 1.841501 -0.184519
v -0.070769 1.877410 -0.232417
v -0.061691 1.884886 -0.175245
v 0.013499 1.844037 -0.218350
v 0.022375 1.844248 -0.220668
v 0.012366 1.877639 -0.208428
v 0.021096 1.880569 -0.210051
v -0.027659 1.832433 -0.265521
v -0.028402 1.872900 -0.254123
v -0.000658 1.899412 -0.209419
v 0.001873 1.828426 -0.181898
v -0.000678 1.820423 -0.215033
v -0.008141 1.889482 -0.241001
v -0.042188 1.893642 -0.240603
v -0.042307 1.818059 -0.246208
v -0.073197 1.820631 -0.208699
v -0.064751 1.897896 -0.170138
v -0.031543 1.823033 -0.177404
v -0.008154 1.823470 -0.245847
v -0.075318 1.823565 -0.239726
v -0.065332 1.828529 -0.175940
v -0.013257 1.857594 -0.237712
v -0.068451 1.857271 -0.232526
v 0.002065 1.898805 -0.176650
v 0.004370 1.881890 -0.210686
v -0.042747 1.876350 -0.246031
v -0.077401 1.881033 -0.202846
v -0.094228 1.840691 -0.208579
v -0.090815 1.858815 -0.215340
v -0.100872 1.860262 -0.216118
v -0.089561 1.881881 -0.196406
v -0.079950 1.843030 -0.216481
v -0.076489 1.873565 -0.207420
v -0.060744 1.852409 -0.256807
v -0.055105 1.840417 -0.235411
v -0.059769 1.872144 -0.227840
v -0.049097 1.833109 -0.291456
v -0.055487 1.825538 -0.272393
v -0.052688 1.880358 -0.258063
v -0.046783 1.875840 -0.272470
v -0.072708 1.898347 -0.202450
v -0.074964 1.888587 -0.234464
v -0.031163 1.904168 -0.171184
v -0.060102 1.863119 -0.179707
v -0.030628 1.842449 -0.171194
v 0.004238 1.838953 -0.214089
v -0.042925 1.835405 -0.249396
v -0.077819 1.838851 -0.206639
v -0.004898 1.863447 -0.184834
v -0.030263 1.886622 -0.167387
v 0.019737 1.840932 -0.219282
v 0.008180 1.859495 -0.225102
v 0.017776 1.861146 -0.228030
v 0.018282 1.883051 -0.206934
v 0.003196 1.843236 -0.224141
v 0.002158 1.874276 -0.214902
v -0.028060 1.852595 -0.259960
v -0.020749 1.840458 -0.238408
v -0.015717 1.872517 -0.231894
v -0.037242 1.825543 -0.274157
v -0.036820 1.880549 -0.259630
v -0.029828 1.829374 -0.166747
v -0.030941 1.864397 -0.172379
v -0.074647 1.860132 -0.205229
v -0.029401 1.900232 -0.161119
v -0.096664 1.859830 -0.213940
v -0.078228 1.858253 -0.212008
v -0.053800 1.852574 -0.231903
v -0.054137 1.852811 -0.265474
v -0.083185 1.825986 -0.206804
v -0.043657 1.822526 -0.255010
v 0.009662 1.825851 -0.215137
v -0.036880 1.900431 -0.206538
v -0.037205 1.819093 -0.212865
v 0.001255 1.860581 -0.212311
v -0.042430 1.856360 -0.245052
v -0.082638 1.893124 -0.201143
v -0.043512 1.887354 -0.250038
v 0.009702 1.894369 -0.210146
v 0.014335 1.860625 -0.224991
v 0.002665 1.858714 -0.219590
v -0.021139 1.852704 -0.234799
v -0.037083 1.852917 -0.267143
v -0.053044 1.835693 -0.279514
v -0.051397 1.868919 -0.270907
v -0.045051 1.835823 -0.279335
v -0.044829 1.869127 -0.270567
v -0.052240 1.852256 -0.275303
v -0.044960 1.852429 -0.275045
v -0.050274 1.851663 -0.290688
v -0.048160 1.871471 -0.281950
v -0.053444 1.837522 -0.287795
v -0.052092 1.865623 -0.280590
v -0.043933 1.837557 -0.288764
v -0.043806 1.865708 -0.281438
v -0.052782 1.851532 -0.284260
v -0.043884 1.851598 -0.285170
v 0.001763 1.769869 -0.170359
v -0.007490 1.760225 -0.228964
v -0.059904 1.840475 -0.173952
v -0.057259 1.769741 -0.165816
v -0.066515 1.760194 -0.224395
v -0.068279 1.776261 -0.227611
v -0.009422 1.815774 -0.238041
v -0.000428 1.823220 -0.180162
v -0.086245 1.784304 -0.202756
v -0.095542 1.784318 -0.203254
v -0.083146 1.815892 -0.196431
v -0.092201 1.818557 -0.196383
v -0.059857 1.770613 -0.256023
v -0.057323 1.810319 -0.249341
v -0.044044 1.754587 -0.271919
v -0.043611 1.829060 -0.260880
v -0.045081 1.767430 -0.277966
v -0.068770 1.831517 -0.230561
v -0.001330 1.840696 -0.179514
v -0.010058 1.832001 -0.235639
v -0.058521 1.785963 -0.166526
v -0.007507 1.776338 -0.232427
v 0.002248 1.786142 -0.171307
v -0.069955 1.815580 -0.232703
v -0.060887 1.823267 -0.174572
v 0.017041 1.784204 -0.211614
v 0.026093 1.784262 -0.213889
v 0.015259 1.816239 -0.205038
v 0.024114 1.819067 -0.206835
v -0.024509 1.770637 -0.259113
v -0.026161 1.810479 -0.252158
v 0.001769 1.837488 -0.207706
v 0.007111 1.774929 -0.166350
v 0.004533 1.764399 -0.200172
v -0.006067 1.827106 -0.240772
v -0.040526 1.831250 -0.240149
v -0.038084 1.758445 -0.233710
v -0.069286 1.764306 -0.194561
v -0.063857 1.836496 -0.169191
v -0.026607 1.770401 -0.160802
v -0.003655 1.763870 -0.234412
v -0.072041 1.763808 -0.228992
v -0.061267 1.774773 -0.160947
v -0.010281 1.796217 -0.232799
v -0.066503 1.796108 -0.228165
v 0.004081 1.836708 -0.175578
v 0.006421 1.819658 -0.210104
v -0.041338 1.814200 -0.246084
v -0.076774 1.819502 -0.202641
v -0.092465 1.781373 -0.202119
v -0.089377 1.798131 -0.211212
v -0.099591 1.799420 -0.212177
v -0.088594 1.821078 -0.194151
v -0.077990 1.783342 -0.210338
v -0.075221 1.812533 -0.204888
v -0.058524 1.790267 -0.252565
v -0.052258 1.780238 -0.227818
v -0.058471 1.810442 -0.226685
v -0.046232 1.769488 -0.286023
v -0.052685 1.763313 -0.265756
v -0.051029 1.817781 -0.257176
v -0.044798 1.812741 -0.271171
v -0.071603 1.836866 -0.201281
v -0.074113 1.826636 -0.234754
v -0.030127 1.841056 -0.171951
v -0.057417 1.804898 -0.171586
v -0.026326 1.787954 -0.157527
v 0.008870 1.781319 -0.202361
v -0.039549 1.774621 -0.240822
v -0.074713 1.781120 -0.195854
v -0.001193 1.805097 -0.176179
v -0.028461 1.825814 -0.164579
v 0.023453 1.781255 -0.212164
v 0.011353 1.798316 -0.220355
v 0.021139 1.799728 -0.223332
v 0.021170 1.821590 -0.203984
v 0.006586 1.783248 -0.217526
v 0.004874 1.812774 -0.211687
v -0.025268 1.790350 -0.255516
v -0.017336 1.780189 -0.230716
v -0.013714 1.810440 -0.230768
v -0.034131 1.763317 -0.267415
v -0.034885 1.817901 -0.258667
v -0.025027 1.776903 -0.150669
v -0.027528 1.806951 -0.162985
v -0.072398 1.800486 -0.198620
v -0.028061 1.838144 -0.160357
v -0.095318 1.799114 -0.209869
v -0.076572 1.797809 -0.207561
v -0.051247 1.791887 -0.225850
v -0.051788 1.790240 -0.261476
v -0.079687 1.769260 -0.193834
v -0.039727 1.761796 -0.244035
v 0.014830 1.769443 -0.201243
v -0.035373 1.838407 -0.206065
v -0.032655 1.762977 -0.198322
v 0.004948 1.800764 -0.204815
v -0.039746 1.794742 -0.239796
v -0.081944 1.831715 -0.200689
v -0.042035 1.824975 -0.250234
v 0.012041 1.832303 -0.209151
v 0.017628 1.799365 -0.220218
v 0.005738 1.797830 -0.214657
v -0.018028 1.791883 -0.228602
v -0.034443 1.790298 -0.263066
v -0.050358 1.772786 -0.274156
v -0.049305 1.805887 -0.268769
v -0.042239 1.772971 -0.273933
v -0.042640 1.806115 -0.268420
v -0.049798 1.789208 -0.271446
v -0.042405 1.789412 -0.271158
v -0.047669 1.787839 -0.286964
v -0.046008 1.807986 -0.280250
v -0.050742 1.774064 -0.282781
v -0.049849 1.802186 -0.278172
v -0.041067 1.774088 -0.283689
v -0.041417 1.802236 -0.278971
v -0.050274 1.788038 -0.280478
v -0.041220 1.788074 -0.281328
v 0.004746 1.707870 -0.162100
v -0.004346 1.699799 -0.220920
v -0.057872 1.782446 -0.167222
v -0.055001 1.708173 -0.157086
v -0.064107 1.700110 -0.215943
v -0.065889 1.716516 -0.219450
v -0.006007 1.756905 -0.229975
v 0.003381 1.767285 -0.169589
v -0.083631 1.725549 -0.192232
v -0.093063 1.725587 -0.192778
v -0.081382 1.758013 -0.189335
v -0.090617 1.760581 -0.189602
v -0.056793 1.710815 -0.246495
v -0.055234 1.750984 -0.243836
v -0.040445 1.694520 -0.261343
v -0.041455 1.769166 -0.256964
v -0.041768 1.707385 -0.268847
v -0.067027 1.772352 -0.225867
v 0.001826 1.782618 -0.171955
v -0.007298 1.772567 -0.230529
v -0.056503 1.725329 -0.158865
v -0.004267 1.716288 -0.224400
v 0.005100 1.725112 -0.163863
v -0.067607 1.756802 -0.225197
v -0.058192 1.767172 -0.164747
v 0.021242 1.725257 -0.200813
v 0.030418 1.725280 -0.203169
v 0.018683 1.758143 -0.197285
v 0.027665 1.760809 -0.199268
v -0.020918 1.710690 -0.249541
v -0.023520 1.751032 -0.246356
v 0.004621 1.778355 -0.202210
v 0.010179 1.713018 -0.158082
v 0.007609 1.703120 -0.192346
v -0.003018 1.767713 -0.234794
v -0.038392 1.771786 -0.235811
v -0.035400 1.698279 -0.225892
v -0.067115 1.703517 -0.186162
v -0.061650 1.779236 -0.161346
v -0.024024 1.708346 -0.152327
v -0.000362 1.703549 -0.226258
v -0.069632 1.703881 -0.220465
v -0.059071 1.713338 -0.152237
v -0.007203 1.737142 -0.225335
v -0.064317 1.737209 -0.220912
v 0.007545 1.779419 -0.166918
v 0.010188 1.762128 -0.200843
v -0.038567 1.754918 -0.238903
v -0.074503 1.761983 -0.194261
v -0.089818 1.722541 -0.191140
v -0.087349 1.739728 -0.202942
v -0.097744 1.741037 -0.204100
v -0.086982 1.763138 -0.187455
v -0.075324 1.724370 -0.200225
v -0.073277 1.754529 -0.197651
v -0.056100 1.730870 -0.245492
v -0.049653 1.720619 -0.219698
v -0.056046 1.751959 -0.219108
v -0.043039 1.709411 -0.277529
v -0.049324 1.703344 -0.255682
v -0.048919 1.758150 -0.252471
v -0.042517 1.752861 -0.266479
v -0.070052 1.778134 -0.196410
v -0.072252 1.767478 -0.229314
v -0.026962 1.784396 -0.162537
v -0.055610 1.746102 -0.164851
v -0.023939 1.726883 -0.149992
v 0.011924 1.720668 -0.195220
v -0.036832 1.714757 -0.233264
v -0.072803 1.720978 -0.188413
v 0.001485 1.746046 -0.169321
v -0.025639 1.769184 -0.155825
v 0.027844 1.722190 -0.200998
v 0.015002 1.739714 -0.211612
v 0.024900 1.741083 -0.214797
v 0.024657 1.763378 -0.196497
v 0.010578 1.724110 -0.207091
v 0.008159 1.754586 -0.203946
v -0.022298 1.730833 -0.248245
v -0.014138 1.720473 -0.222301
v -0.010395 1.751958 -0.222385
v -0.030502 1.703272 -0.257342
v -0.032487 1.758200 -0.253804
v -0.022418 1.714921 -0.142088
v -0.025428 1.747750 -0.156564
v -0.070719 1.741679 -0.192214
v -0.025027 1.781514 -0.151135
v -0.093396 1.740771 -0.201663
v -0.074359 1.739435 -0.199152
v -0.048952 1.732699 -0.218917
v -0.049260 1.730688 -0.254618
v -0.077636 1.708620 -0.185442
v -0.037000 1.701844 -0.236336
v 0.018085 1.708166 -0.193446
v -0.033054 1.779634 -0.200444
v -0.029979 1.701962 -0.189973
v 0.007807 1.741593 -0.198301
v -0.037388 1.735516 -0.233617
v -0.080233 1.773497 -0.194503
v -0.039650 1.765344 -0.245000
v 0.015426 1.773795 -0.202099
v 0.021351 1.740787 -0.211542
v 0.009323 1.739335 -0.205691
v -0.015148 1.732607 -0.221329
v -0.031625 1.730676 -0.256088
v -0.047273 1.712834 -0.265544
v -0.047055 1.746166 -0.263614
v -0.039031 1.712992 -0.265276
v -0.040275 1.746380 -0.263184
v -0.047216 1.729479 -0.264780
v -0.039704 1.729665 -0.264427
v -0.045044 1.727861 -0.280690
v -0.043685 1.747993 -0.275491
v -0.047737 1.714044 -0.274695
v -0.047555 1.742319 -0.273028
v -0.037919 1.714027 -0.275599
v -0.038986 1.742335 -0.273785
v -0.047680 1.728164 -0.273997
v -0.038486 1.728165 -0.274823
v 0.007581 1.647018 -0.153016
v -0.001603 1.640070 -0.212973
v -0.056228 1.721552 -0.161027
v -0.052687 1.647532 -0.146955
v -0.061870 1.640589 -0.206904
v -0.063828 1.657150 -0.211239
v -0.003467 1.697008 -0.224174
v 0.006017 1.705462 -0.162609
v -0.081891 1.665471 -0.183892
v -0.091476 1.665614 -0.184559
v -0.079839 1.697326 -0.182449
v -0.089235 1.699996 -0.182923
v -0.054757 1.652022 -0.239326
v -0.053267 1.692004 -0.237913
v -0.038267 1.635885 -0.254541
v -0.039559 1.710587 -0.252700
v -0.039741 1.649049 -0.262866
v -0.065434 1.712937 -0.220692
v 0.004287 1.721311 -0.165938
v -0.004913 1.712689 -0.225597
v -0.054367 1.664690 -0.149546
v -0.001643 1.656675 -0.217193
v 0.007820 1.664216 -0.155486
v -0.065803 1.697338 -0.218907
v -0.056317 1.705786 -0.157343
v 0.023940 1.664512 -0.194239
v 0.033161 1.664528 -0.196933
v 0.021369 1.696559 -0.191404
v 0.030439 1.699162 -0.193648
v -0.018550 1.651754 -0.242936
v -0.021183 1.691834 -0.240710
v 0.007124 1.717636 -0.196834
v 0.012974 1.652148 -0.149341
v 0.010493 1.642783 -0.183853
v -0.000503 1.707865 -0.229657
v -0.036424 1.712386 -0.230938
v -0.032895 1.638775 -0.217444
v -0.064865 1.643437 -0.176304
v -0.059944 1.717965 -0.154586
v -0.021412 1.647439 -0.142484
v 0.002327 1.643975 -0.218825
v -0.067545 1.644551 -0.211816
v -0.056901 1.652721 -0.142347
v -0.004595 1.677317 -0.218599
v -0.062301 1.677694 -0.213453
v 0.010178 1.717659 -0.160426
v 0.012916 1.701189 -0.194541
v -0.036407 1.695592 -0.233058
v -0.072805 1.701639 -0.187332
v -0.088172 1.662541 -0.182755
v -0.085746 1.679761 -0.195497
v -0.096326 1.681208 -0.196889
v -0.085571 1.702400 -0.180846
v -0.073445 1.664439 -0.191947
v -0.071561 1.694118 -0.190659
v -0.054049 1.671985 -0.238773
v -0.047402 1.661094 -0.211676
v -0.054030 1.692205 -0.212339
v -0.041084 1.651327 -0.272012
v -0.047272 1.644716 -0.248865
v -0.046948 1.699398 -0.247255
v -0.040479 1.694553 -0.261580
v -0.068561 1.717945 -0.190788
v -0.070632 1.708175 -0.223823
v -0.024916 1.723187 -0.156347
v -0.053529 1.685107 -0.156366
v -0.021494 1.665874 -0.140927
v 0.014710 1.660369 -0.187587
v -0.034505 1.655504 -0.225766
v -0.070803 1.661022 -0.179435
v 0.004178 1.684732 -0.161503
v -0.023365 1.707212 -0.148405
v 0.030560 1.661463 -0.194598
v 0.017669 1.679004 -0.205492
v 0.027627 1.680353 -0.209066
v 0.027398 1.701603 -0.190841
v 0.013226 1.663659 -0.200303
v 0.010773 1.693471 -0.197872
v -0.019899 1.671770 -0.241959
v -0.011571 1.660804 -0.214883
v -0.007874 1.691887 -0.216111
v -0.028277 1.644572 -0.250824
v -0.030313 1.699324 -0.248699
v -0.019918 1.653927 -0.132527
v -0.023025 1.686313 -0.148209
v -0.068780 1.681486 -0.184099
v -0.022833 1.719753 -0.144249
v -0.091902 1.680815 -0.194318
v -0.072536 1.679265 -0.191427
v -0.046721 1.673033 -0.211265
v -0.047175 1.672012 -0.248335
v -0.075611 1.648689 -0.175899
v -0.034629 1.642639 -0.228539
v 0.020956 1.647890 -0.185546
v -0.031096 1.719256 -0.195080
v -0.027318 1.641695 -0.180468
v 0.010574 1.680966 -0.191145
v -0.035088 1.676121 -0.226712
v -0.078750 1.713208 -0.188335
v -0.037596 1.706212 -0.239918
v 0.018170 1.712783 -0.196356
v 0.024055 1.679982 -0.205633
v 0.011976 1.678562 -0.199180
v -0.012591 1.672778 -0.214177
v -0.029356 1.671903 -0.250022
v -0.045256 1.654456 -0.259404
v -0.045035 1.687781 -0.258302
v -0.036923 1.654550 -0.259198
v -0.038172 1.687912 -0.257895
v -0.045167 1.671099 -0.258946
v -0.037568 1.671214 -0.258637
v -0.043073 1.669978 -0.275604
v -0.041680 1.690018 -0.270766
v -0.045790 1.655931 -0.269041
v -0.045573 1.684265 -0.267980
v -0.035872 1.655868 -0.270073
v -0.036904 1.684222 -0.268812
v -0.045695 1.670083 -0.268573
v -0.036402 1.670034 -0.269503
vn 0.2481 -0.8906 0.3811
vn 0.1928 -0.9546 -0.2270
vn -0.1801 0.9675 0.1777
vn -0.2514 -0.8823 0.3980
vn -0.2414 -0.9486 -0.2046
vn -0.6787 0.0268 -0.7340
vn 0.5460 -0.5152 -0.6607
vn 0.6818 -0.0519 0.7297
vn 0.0077 -0.5442 -0.8389
vn 0.2845 -0.5619 -0.7768
vn 0.1299 0.3323 -0.9342
vn 0.4616 0.2927 -0.8374
vn -0.9298 -0.0121 -0.3679
vn -0.8953 -0.1066 -0.4325
vn 0.0201 -0.5366 -0.8436
vn -0.0015 0.2796 -0.9601
vn 0.0669 -0.7788 -0.6237
vn -0.2124 0.9224 -0.3228
vn 0.1987 0.9670 0.1592
vn 0.1896 0.9202 -0.3426
vn -0.5552 0.4786 0.6802
vn 0.6196 0.0040 -0.7849
vn 0.6235 0.4673 0.6268
vn -0.6029 -0.5173 -0.6074
vn -0.6145 -0.0483 0.7875
vn -0.0799 -0.5575 -0.8263
vn -0.2919 -0.6157 -0.7319
vn -0.2377 0.3875 -0.8907
vn -0.4827 0.4341 -0.7606
vn 0.8380 -0.0412 -0.5441
vn 0.8023 -0.1117 -0.5865
vn 0.2670 0.9604 -0.0799
vn 0.6834 -0.1584 0.7127
vn 0.3077 -0.9507 0.0382
vn 0.6123 0.1618 -0.7739
vn -0.0124 0.9199 -0.3920
vn -0.0263 -0.9637 -0.2657
vn -0.3341 -0.9398 0.0720
vn -0.6121 0.4149 0.6732
vn -0.0040 -0.8837 0.4680
vn 0.5992 -0.4202 -0.6814
vn -0.6688 -0.3943 -0.6303
vn -0.6288 -0.1371 0.7653
vn 0.6036 -0.2697 -0.7503
vn -0.6677 -0.2664 -0.6951
vn 0.6727 0.4113 0.6151
vn 0.9448 -0.3269 -0.0210
vn -0.0328 -0.5467 -0.8367
vn -0.9436 -0.3223 0.0758
vn 0.1224 -0.5991 -0.7912
vn 0.0798 -0.1284 -0.9885
vn 0.4230 -0.1082 -0.8996
vn 0.3015 0.3637 -0.8814
vn -0.2514 -0.2899 -0.9234
vn -0.2830 -0.0158 -0.9590
vn -0.9424 -0.0687 -0.3274
vn -0.9035 0.0005 -0.4285
vn -0.8752 -0.2327 -0.4241
vn 0.0158 -0.7835 -0.6212
vn -0.7508 -0.2672 -0.6040
vn -0.8462 0.1039 -0.5227
vn 0.0528 0.6516 -0.7568
vn -0.2671 0.9624 -0.0502
vn -0.6785 0.1648 -0.7159
vn 0.0098 0.9761 0.2169
vn -0.6076 0.2524 0.7530
vn 0.0366 0.5057 0.8619
vn 0.9604 0.2699 -0.0689
vn -0.0324 -0.1002 -0.9944
vn -0.9530 0.3016 0.0275
vn 0.6737 0.2501 0.6954
vn 0.0383 0.0676 0.9970
vn -0.1960 -0.6165 -0.7626
vn -0.1504 -0.1068 -0.9828
vn -0.4663 -0.0585 -0.8827
vn -0.3930 0.4466 -0.8038
vn 0.2348 -0.2860 -0.9290
vn 0.2635 -0.0069 -0.9646
vn 0.8465 -0.0864 -0.5253
vn 0.8133 -0.0275 -0.5812
vn 0.8023 -0.2106 -0.5585
vn 0.6743 -0.2085 -0.7084
vn 0.7512 -0.0004 -0.6600
vn 0.0321 -0.0637 0.9975
vn 0.0366 0.3248 0.9451
vn -0.9987 -0.0021 0.0508
vn 0.0359 0.4790 0.8771
vn 0.3096 -0.1440 -0.9399
vn -0.2738 -0.1575 -0.9488
vn -0.8981 -0.1036 -0.4274
vn -0.8676 -0.0503 -0.4946
vn -0.9663 -0.2436 0.0827
vn -0.0378 -0.4712 -0.8812
vn 0.9606 -0.2777 -0.0070
vn -0.0002 0.9983 -0.0586
vn -0.0196 -0.9991 0.0385
vn 0.9987 -0.0118 -0.0505
vn -0.0353 -0.3417 -0.9392
vn -0.9632 0.2689 -0.0037
vn -0.0400 0.1009 -0.9941
vn 0.9594 0.2642 -0.0988
vn -0.3547 -0.1063 -0.9289
vn 0.2590 -0.1629 -0.9520
vn 0.8137 -0.1092 -0.5709
vn 0.7091 -0.0833 -0.7001
vn -0.9006 -0.2916 -0.3222
vn -0.9468 0.1661 -0.2755
vn 0.8646 -0.2613 -0.4291
vn 0.9243 0.1014 -0.3679
vn -0.9869 -0.0041 -0.1614
vn 0.9668 -0.0135 -0.2551
vn -0.1289 -0.1302 -0.9831
vn 0.0074 0.6945 -0.7194
vn -0.8929 -0.3022 -0.3338
vn -0.9296 0.1887 -0.3166
vn 0.9154 -0.2582 -0.3088
vn 0.9362 0.1460 -0.3197
vn -0.9391 -0.0496 -0.3401
vn 0.9404 -0.0409 -0.3377
vn 0.2252 -0.9185 0.3250
vn 0.1734 -0.9445 -0.2790
vn -0.1779 0.9584 0.2233
vn -0.2813 -0.8961 0.3432
vn -0.2618 -0.9291 -0.2611
vn -0.6761 0.0883 -0.7315
vn 0.5471 -0.4942 -0.6756
vn 0.6822 -0.0503 0.7295
vn 0.0157 -0.5010 -0.8653
vn 0.2889 -0.5267 -0.7994
vn 0.1680 0.3171 -0.9334
vn 0.4920 0.2624 -0.8301
vn -0.9303 0.0419 -0.3644
vn -0.8973 -0.0642 -0.4368
vn 0.0156 -0.4961 -0.8681
vn 0.0121 0.2626 -0.9648
vn 0.0481 -0.7533 -0.6559
vn -0.2058 0.9257 -0.3175
vn 0.2438 0.9476 0.2064
vn 0.2355 0.9101 -0.3409
vn -0.5541 0.4525 0.6987
vn 0.6321 0.0210 -0.7746
vn 0.6334 0.4117 0.6553
vn -0.6189 -0.4702 -0.6292
vn -0.6270 -0.0119 0.7789
vn -0.0931 -0.5204 -0.8488
vn -0.3093 -0.5745 -0.7578
vn -0.2363 0.3753 -0.8963
vn -0.4768 0.4194 -0.7725
vn 0.8459 -0.0474 -0.5313
vn 0.8047 -0.1246 -0.5805
vn 0.3206 0.9456 -0.0561
vn 0.6753 -0.2202 0.7039
vn 0.2837 -0.9587 -0.0208
vn 0.6249 0.1566 -0.7649
vn 0.0140 0.9192 -0.3936
vn -0.0429 -0.9463 -0.3203
vn -0.3601 -0.9328 0.0143
vn -0.6057 0.4210 0.6752
vn -0.0312 -0.9092 0.4152
vn 0.5966 -0.3983 -0.6968
vn -0.6747 -0.3391 -0.6556
vn -0.6438 -0.1642 0.7474
vn 0.6079 -0.2573 -0.7512
vn -0.6740 -0.2129 -0.7073
vn 0.6779 0.3866 0.6253
vn 0.9474 -0.3188 -0.0294
vn -0.0361 -0.5146 -0.8567
vn -0.9623 -0.2646 0.0635
vn 0.1277 -0.5584 -0.8197
vn 0.1028 -0.1103 -0.9886
vn 0.4391 -0.0982 -0.8931
vn 0.3403 0.3366 -0.8780
vn -0.2417 -0.2421 -0.9397
vn -0.2670 0.0065 -0.9637
vn -0.9453 -0.0209 -0.3256
vn -0.8969 0.0499 -0.4394
vn -0.8857 -0.1815 -0.4273
vn -0.0092 -0.7543 -0.6565
vn -0.7605 -0.2093 -0.6147
vn -0.8469 0.1297 -0.5158
vn 0.0690 0.6362 -0.7684
vn -0.2677 0.9632 -0.0226
vn -0.6715 0.1934 -0.7153
vn 0.0308 0.9627 0.2690
vn -0.6080 0.2486 0.7540
vn 0.0363 0.4559 0.8893
vn 0.9703 0.2368 -0.0483
vn -0.0210 -0.0486 -0.9986
vn -0.9444 0.3259 0.0437
vn 0.6768 0.2070 0.7065
vn 0.0289 0.0779 0.9965
vn -0.2120 -0.5774 -0.7885
vn -0.1526 -0.0886 -0.9843
vn -0.4639 -0.0328 -0.8853
vn -0.3919 0.4306 -0.8130
vn 0.2368 -0.2578 -0.9367
vn 0.2687 -0.0063 -0.9632
vn 0.8516 -0.0977 -0.5150
vn 0.8171 -0.0358 -0.5754
vn 0.8035 -0.2168 -0.5544
vn 0.6831 -0.1950 -0.7039
vn 0.7629 -0.0194 -0.6462
vn 0.0175 -0.1224 0.9923
vn 0.0330 0.2925 0.9557
vn -0.9980 0.0390 0.0507
vn 0.0380 0.4633 0.8854
vn 0.3254 -0.1369 -0.9356
vn -0.2619 -0.1210 -0.9575
vn -0.8972 -0.0537 -0.4383
vn -0.8698 -0.0038 -0.4935
vn -0.9727 -0.2239 0.0618
vn -0.0369 -0.4199 -0.9068
vn 0.9521 -0.3052 -0.0199
vn 0.0237 0.9992 -0.0317
vn -0.0412 -0.9988 -0.0247
vn 0.9983 -0.0374 -0.0451
vn -0.0311 -0.3038 -0.9522
vn -0.9559 0.2938 -0.0014
vn -0.0274 0.1126 -0.9933
vn 0.9662 0.2418 -0.0897
vn -0.3548 -0.0938 -0.9302
vn 0.2629 -0.1492 -0.9532
vn 0.8149 -0.1170 -0.5677
vn 0.7184 -0.0862 -0.6903
vn -0.9113 -0.2412 -0.3336
vn -0.9460 0.1862 -0.2653
vn 0.8598 -0.2675 -0.4350
vn 0.9321 0.0658 -0.3561
vn -0.9864 0.0361 -0.1603
vn 0.9665 -0.0420 -0.2533
vn -0.1261 -0.0967 -0.9873
vn 0.0279 0.7119 -0.7017
vn -0.9047 -0.2525 -0.3432
vn -0.9284 0.2143 -0.3036
vn 0.9092 -0.2766 -0.3113
vn 0.9454 0.1127 -0.3059
vn -0.9422 -0.0045 -0.3349
vn 0.9429 -0.0638 -0.3269
vn 0.2097 -0.9466 0.2449
vn 0.1664 -0.9275 -0.3349
vn -0.1671 0.9444 0.2830
vn -0.2854 -0.9214 0.2638
vn -0.2602 -0.9107 -0.3208
vn -0.6713 0.1659 -0.7224
vn 0.5463 -0.4662 -0.6958
vn 0.6776 -0.1216 0.7253
vn 0.0325 -0.4379 -0.8984
vn 0.3086 -0.4711 -0.8263
vn 0.1913 0.3811 -0.9045
vn 0.5131 0.3082 -0.8011
vn -0.9280 0.0915 -0.3611
vn -0.8999 -0.0108 -0.4359
vn 0.0179 -0.4441 -0.8958
vn 0.0382 0.3385 -0.9402
vn 0.0464 -0.7225 -0.6898
vn -0.1870 0.9493 -0.2527
vn 0.2613 0.9278 0.2665
vn 0.2571 0.9269 -0.2733
vn -0.5609 0.4092 0.7197
vn 0.6434 0.0758 -0.7618
vn 0.6356 0.3550 0.6855
vn -0.6251 -0.4174 -0.6596
vn -0.6395 -0.0488 0.7672
vn -0.0967 -0.4616 -0.8818
vn -0.3195 -0.5201 -0.7921
vn -0.2249 0.4577 -0.8602
vn -0.4651 0.4972 -0.7325
vn 0.8526 -0.0216 -0.5221
vn 0.8136 -0.1018 -0.5724
vn 0.3388 0.9409 0.0061
vn 0.6681 -0.2839 0.6878
vn 0.2683 -0.9593 -0.0884
vn 0.6379 0.1913 -0.7460
vn 0.0368 0.9443 -0.3271
vn -0.0428 -0.9247 -0.3782
vn -0.3588 -0.9318 -0.0539
vn -0.6067 0.3889 0.6933
vn -0.0414 -0.9417 0.3339
vn 0.6020 -0.3539 -0.7158
vn -0.6749 -0.2823 -0.6818
vn -0.6541 -0.2165 0.7248
vn 0.6158 -0.2166 -0.7576
vn -0.6764 -0.1461 -0.7219
vn 0.6844 0.3268 0.6518
vn 0.9381 -0.3433 -0.0468
vn -0.0327 -0.4633 -0.8856
vn -0.9692 -0.2426 0.0426
vn 0.1456 -0.5006 -0.8534
vn 0.1257 -0.0397 -0.9913
vn 0.4592 -0.0483 -0.8870
vn 0.3620 0.3916 -0.8459
vn -0.2286 -0.1626 -0.9598
vn -0.2563 0.0817 -0.9631
vn -0.9456 0.0264 -0.3243
vn -0.8921 0.1083 -0.4387
vn -0.8878 -0.1321 -0.4408
vn -0.0176 -0.7090 -0.7049
vn -0.7701 -0.1465 -0.6209
vn -0.8456 0.1902 -0.4988
vn 0.0926 0.6995 -0.7086
vn -0.2522 0.9669 0.0399
vn -0.6631 0.2524 -0.7047
vn 0.0440 0.9427 0.3307
vn -0.6160 0.2059 0.7604
vn 0.0283 0.3911 0.9199
vn 0.9736 0.2267 -0.0263
vn -0.0089 0.0365 -0.9993
vn -0.9379 0.3412 0.0629
vn 0.6771 0.1402 0.7224
vn 0.0162 0.0074 0.9998
vn -0.2197 -0.5229 -0.8236
vn -0.1487 -0.0103 -0.9888
vn -0.4649 0.0431 -0.8843
vn -0.3794 0.5100 -0.7720
vn 0.2473 -0.1876 -0.9506
vn 0.2798 0.0631 -0.9580
vn 0.8583 -0.0763 -0.5074
vn 0.8258 -0.0037 -0.5639
vn 0.8059 -0.1962 -0.5586
vn 0.6983 -0.1508 -0.6998
vn 0.7744 0.0070 -0.6327
vn 0.0053 -0.2042 0.9789
vn 0.0234 0.2222 0.9747
vn -0.9970 0.0592 0.0509
vn 0.0358 0.4019 0.9150
vn 0.3486 -0.0762 -0.9342
vn -0.2497 -0.0394 -0.9675
vn -0.8941 -0.0003 -0.4479
vn -0.8715 0.0550 -0.4874
vn -0.9746 -0.2206 0.0385
vn -0.0293 -0.3509 -0.9359
vn 0.9479 -0.3166 -0.0366
vn 0.0423 0.9986 0.0326
vn -0.0445 -0.9945 -0.0949
vn 0.9975 -0.0565 -0.0420
vn -0.0224 -0.2363 -0.9714
vn -0.9497 0.3130 0.0127
vn -0.0122 0.1790 -0.9838
vn 0.9721 0.2243 -0.0691
vn -0.3558 -0.0150 -0.9344
vn 0.2730 -0.0807 -0.9586
vn 0.8191 -0.0905 -0.5664
vn 0.7315 -0.0487 -0.6801
vn -0.9172 -0.2017 -0.3435
vn -0.9409 0.2310 -0.2479
vn 0.8641 -0.2493 -0.4372
vn 0.9365 0.0681 -0.3440
vn -0.9855 0.0716 -0.1538
vn 0.9672 -0.0444 -0.2500
vn -0.1194 -0.0179 -0.9927
vn 0.0484 0.7574 -0.6511
vn -0.9092 -0.2144 -0.3569
vn -0.9226 0.2604 -0.2845
vn 0.9061 -0.2742 -0.3222
vn 0.9508 0.1141 -0.2881
vn -0.9431 0.0444 -0.3294
vn 0.9457 -0.0585 -0.3197
vn 0.2082 -0.9588 0.1934
vn 0.1726 -0.9061 -0.3863
vn -0.1671 0.9243 0.3432
vn -0.2772 -0.9393 0.2024
vn -0.2524 -0.8927 -0.3732
vn -0.6658 0.2497 -0.7031
vn 0.5524 -0.4275 -0.7156
vn 0.6711 -0.1988 0.7142
vn 0.0542 -0.3785 -0.9240
vn 0.3226 -0.4201 -0.8482
vn 0.2040 0.4752 -0.8559
vn 0.5275 0.3868 -0.7564
vn -0.9232 0.1378 -0.3587
vn -0.9042 0.0408 -0.4252
vn 0.0230 -0.3804 -0.9245
vn 0.0626 0.4346 -0.8985
vn 0.0496 -0.6896 -0.7225
vn -0.1784 0.9683 -0.1750
vn 0.2610 0.9076 0.3288
vn 0.2597 0.9460 -0.1939
vn -0.5719 0.3632 0.7356
vn 0.6530 0.1471 -0.7429
vn 0.6356 0.3006 0.7111
vn -0.6251 -0.3684 -0.6881
vn -0.6493 -0.1087 0.7527
vn -0.0981 -0.4039 -0.9096
vn -0.3179 -0.4697 -0.8236
vn -0.2134 0.5584 -0.8016
vn -0.4537 0.5884 -0.6693
vn 0.8583 0.0202 -0.5128
vn 0.8268 -0.0610 -0.5592
vn 0.3374 0.9384 0.0752
vn 0.6666 -0.3241 0.6713
vn 0.2749 -0.9509 -0.1419
vn 0.6477 0.2390 -0.7234
vn 0.0435 0.9682 -0.2463
vn -0.0355 -0.9024 -0.4294
vn -0.3518 -0.9295 -0.1105
vn -0.6144 0.3422 0.7109
vn -0.0416 -0.9597 0.2778
vn 0.6121 -0.2971 -0.7328
vn -0.6728 -0.2258 -0.7046
vn -0.6625 -0.2634 0.7013
vn 0.6275 -0.1550 -0.7630
vn -0.6764 -0.0696 -0.7332
vn 0.6855 0.2705 0.6760
vn 0.9309 -0.3594 -0.0651
vn -0.0236 -0.4046 -0.9142
vn -0.9706 -0.2396 0.0222
vn 0.1678 -0.4466 -0.8788
vn 0.1478 0.0458 -0.9880
vn 0.4759 0.0135 -0.8794
vn 0.3718 0.4799 -0.7946
vn -0.2155 -0.0833 -0.9729
vn -0.2480 0.1780 -0.9523
vn -0.9452 0.0704 -0.3190
vn -0.8891 0.1617 -0.4283
vn -0.8856 -0.0853 -0.4566
vn -0.0191 -0.6566 -0.7540
vn -0.7776 -0.0840 -0.6231
vn -0.8428 0.2505 -0.4764
vn 0.1102 0.7710 -0.6272
vn -0.2455 0.9634 0.1076
vn -0.6578 0.3053 -0.6886
vn 0.0425 0.9185 0.3931
vn -0.6273 0.1510 0.7640
vn 0.0170 0.3244 0.9458
vn 0.9738 0.2275 -0.0046
vn 0.0016 0.1373 -0.9905
vn -0.9319 0.3534 0.0821
vn 0.6768 0.0716 0.7327
vn 0.0045 -0.0810 0.9967
vn -0.2214 -0.4709 -0.8539
vn -0.1454 0.0792 -0.9862
vn -0.4641 0.1228 -0.8772
vn -0.3660 0.6042 -0.7078
vn 0.2594 -0.1116 -0.9593
vn 0.2888 0.1590 -0.9441
vn 0.8671 -0.0376 -0.4967
vn 0.8366 0.0412 -0.5463
vn 0.8098 -0.1589 -0.5647
vn 0.7147 -0.0937 -0.6931
vn 0.7854 0.0557 -0.6164
vn -0.0035 -0.2609 0.9654
vn 0.0126 0.1425 0.9897
vn -0.9962 0.0715 0.0506
vn 0.0282 0.3337 0.9423
vn 0.3711 0.0002 -0.9286
vn -0.2392 0.0544 -0.9695
vn -0.8902 0.0496 -0.4529
vn -0.8717 0.1134 -0.4767
vn -0.9760 -0.2172 0.0145
vn -0.0198 -0.2744 -0.9614
vn 0.9503 -0.3067 -0.0530
vn 0.0443 0.9937 0.1025
vn -0.0408 -0.9874 -0.1531
vn 0.9971 -0.0636 -0.0406
vn -0.0110 -0.1474 -0.9890
vn -0.9481 0.3166 0.0281
vn -0.0008 0.2515 -0.9679
vn 0.9744 0.2196 -0.0476
vn -0.3563 0.0746 -0.9314
vn 0.2851 0.0034 -0.9585
vn 0.8252 -0.0487 -0.5627
vn 0.7452 0.0076 -0.6668
vn -0.9206 -0.1644 -0.3543
vn -0.9344 0.2729 -0.2289
vn 0.8716 -0.2160 -0.4401
vn 0.9389 0.0910 -0.3321
vn -0.9842 0.0986 -0.1469
vn 0.9694 -0.0315 -0.2435
vn -0.1109 0.0762 -0.9909
vn 0.0632 0.8090 -0.5845
vn -0.9118 -0.1864 -0.3659
vn -0.9165 0.3038 -0.2603
vn 0.9073 -0.2622 -0.3286
vn 0.9544 0.1344 -0.2665
vn -0.9429 0.0875 -0.3214
vn 0.9487 -0.0392 -0.3138
vn 0.1988 -0.9749 0.1000
vn 0.1641 -0.8799 -0.4459
vn -0.1837 0.8978 0.4004
vn -0.2746 -0.9546 0.1155
vn -0.2392 -0.8674 -0.4364
vn -0.6608 0.2711 -0.6999
vn 0.5879 -0.3098 -0.7473
vn 0.6679 -0.2411 0.7041
vn 0.0713 -0.2513 -0.9653
vn 0.3629 -0.2884 -0.8861
vn 0.2202 0.4562 -0.8622
vn 0.5510 0.3629 -0.7515
vn -0.9273 0.1356 -0.3490
vn -0.8952 0.0658 -0.4407
vn 0.0308 -0.3150 -0.9486
vn 0.0618 0.4370 -0.8973
vn 0.0553 -0.6269 -0.7771
vn -0.2034 0.9664 -0.1573
vn 0.2664 0.8823 0.3880
vn 0.2804 0.9437 -0.1756
vn -0.5830 0.2802 0.7627
vn 0.6555 0.1824 -0.7329
vn 0.6343 0.2270 0.7390
vn -0.6411 -0.2555 -0.7237
vn -0.6572 -0.1590 0.7367
vn -0.0890 -0.2631 -0.9607
vn -0.3476 -0.3273 -0.8787
vn -0.2245 0.5265 -0.8200
vn -0.4870 0.5423 -0.6846
vn 0.8641 0.0416 -0.5017
vn 0.8268 -0.0185 -0.5621
vn 0.3549 0.9269 0.1220
vn 0.6588 -0.3893 0.6438
vn 0.2571 -0.9410 -0.2200
vn 0.6528 0.2911 -0.6994
vn 0.0421 0.9704 -0.2377
vn -0.0312 -0.8718 -0.4889
vn -0.3384 -0.9217 -0.1898
vn -0.6177 0.3002 0.7269
vn -0.0427 -0.9819 0.1843
vn 0.6100 -0.2576 -0.7493
vn -0.6631 -0.1880 -0.7245
vn -0.6657 -0.3267 0.6709
vn 0.6367 -0.0817 -0.7668
vn -0.6714 -0.0125 -0.7410
vn 0.6754 0.2350 0.6990
vn 0.9504 -0.3025 -0.0724
vn -0.0114 -0.2765 -0.9610
vn -0.9805 -0.1966 0.0084
vn 0.1882 -0.3118 -0.9313
vn 0.1529 0.0979 -0.9834
vn 0.4981 0.0799 -0.8634
vn 0.3948 0.4490 -0.8016
vn -0.2013 -0.0071 -0.9795
vn -0.2262 0.2166 -0.9497
vn -0.9435 0.0791 -0.3219
vn -0.8865 0.1541 -0.4363
vn -0.8888 -0.0317 -0.4571
vn -0.0140 -0.6062 -0.7952
vn -0.7674 -0.0577 -0.6385
vn -0.8426 0.2582 -0.4725
vn 0.0920 0.7284 -0.6790
vn -0.2693 0.9506 0.1545
vn -0.6517 0.3538 -0.6709
vn 0.0351 0.8902 0.4542
vn -0.6428 0.0548 0.7641
vn 0.0102 0.2267 0.9739
vn 0.9773 0.2114 0.0128
vn 0.0098 0.1850 -0.9827
vn -0.9427 0.3195 0.0964
vn 0.6750 -0.0138 0.7376
vn -0.0051 -0.1683 0.9857
vn -0.2257 -0.3267 -0.9178
vn -0.1387 0.1310 -0.9816
vn -0.4759 0.1778 -0.8613
vn -0.3922 0.5603 -0.7296
vn 0.2587 -0.0284 -0.9656
vn 0.2789 0.2002 -0.9392
vn 0.8700 -0.0062 -0.4930
vn 0.8343 0.0614 -0.5479
vn 0.8223 -0.0936 -0.5613
vn 0.7162 -0.0568 -0.6956
vn 0.7960 0.0840 -0.5995
vn -0.0098 -0.3497 0.9368
vn 0.0018 0.0220 0.9998
vn -0.9978 0.0509 0.0422
vn 0.0182 0.2650 0.9641
vn 0.3804 0.0624 -0.9227
vn -0.2245 0.1000 -0.9693
vn -0.8863 0.0719 -0.4576
vn -0.8696 0.1231 -0.4781
vn -0.9725 -0.2327 -0.0095
vn -0.0128 -0.2216 -0.9750
vn 0.9449 -0.3192 -0.0725
vn 0.0392 0.9867 0.1577
vn -0.0373 -0.9714 -0.2347
vn 0.9975 -0.0574 -0.0407
vn -0.0021 -0.0646 -0.9979
vn -0.9423 0.3311 0.0491
vn 0.0074 0.3097 -0.9508
vn 0.9701 0.2419 -0.0185
vn -0.3549 0.1282 -0.9261
vn 0.2851 0.0605 -0.9566
vn 0.8286 -0.0066 -0.5598
vn 0.7494 0.0389 -0.6610
vn -0.9150 -0.1470 -0.3758
vn -0.9447 0.2473 -0.2151
vn 0.8715 -0.1851 -0.4541
vn 0.9452 0.0925 -0.3132
vn -0.9845 0.0921 -0.1491
vn 0.9713 -0.0161 -0.2375
vn -0.1034 0.1059 -0.9890
vn 0.0572 0.8304 -0.5543
vn -0.9112 -0.1603 -0.3794
vn -0.9276 0.2641 -0.2642
vn 0.9150 -0.2299 -0.3316
vn 0.9567 0.1135 -0.2681
vn -0.9421 0.0864 -0.3241
vn 0.9506 -0.0239 -0.3096
vn 0.1829 -0.9764 0.1147
vn 0.1629 -0.9063 -0.3899
vn -0.1579 0.8843 0.4393
vn -0.2587 -0.9572 0.1297
vn -0.2272 -0.8931 -0.3882
vn -0.6525 0.3074 -0.6926
vn 0.5356 -0.4114 -0.7375
vn 0.6686 -0.2748 0.6910
vn 0.0558 -0.4418 -0.8954
vn 0.3254 -0.4888 -0.8094
vn 0.2221 0.6357 -0.7393
vn 0.5193 0.5368 -0.6650
vn -0.9198 0.2001 -0.3376
vn -0.9044 0.0793 -0.4192
vn 0.0358 -0.3671 -0.9295
vn 0.0821 0.5447 -0.8346
vn 0.0588 -0.7376 -0.6726
vn -0.1690 0.9847 -0.0424
vn 0.2341 0.8740 0.4258
vn 0.2444 0.9684 -0.0491
vn -0.5572 0.3963 0.7297
vn 0.6723 0.2197 -0.7069
vn 0.5929 0.3646 0.7180
vn -0.5915 -0.3634 -0.7198
vn -0.6640 -0.1877 0.7238
vn -0.0788 -0.4781 -0.8748
vn -0.2974 -0.5545 -0.7772
vn -0.2096 0.7250 -0.6560
vn -0.4021 0.7379 -0.5420
vn 0.8692 0.0708 -0.4893
vn 0.8368 -0.0213 -0.5470
vn 0.3086 0.9290 0.2042
vn 0.6489 -0.3674 0.6663
vn 0.2407 -0.9552 -0.1721
vn 0.6560 0.3189 -0.6840
vn 0.0450 0.9932 -0.1076
vn -0.0230 -0.8992 -0.4369
vn -0.3191 -0.9361 -0.1481
vn -0.6306 0.2537 0.7334
vn -0.0407 -0.9803 0.1932
vn 0.6278 -0.2697 -0.7302
vn -0.6629 -0.1912 -0.7239
vn -0.6720 -0.3024 0.6760
vn 0.6264 -0.1411 -0.7666
vn -0.6578 -0.0749 -0.7495
vn 0.6821 0.1877 0.7068
vn 0.9108 -0.3976 -0.1109
vn -0.0101 -0.3727 -0.9279
vn -0.9557 -0.2925 -0.0316
vn 0.1658 -0.5240 -0.8354
vn 0.1829 0.1127 -0.9766
vn 0.5008 0.0499 -0.8641
vn 0.3747 0.6369 -0.6737
vn -0.1972 -0.0636 -0.9783
vn -0.2419 0.2916 -0.9254
vn -0.9422 0.1136 -0.3152
vn -0.8714 0.2452 -0.4249
vn -0.8733 -0.0794 -0.4806
vn -0.0148 -0.6189 -0.7853
vn -0.7915 -0.0259 -0.6106
vn -0.8426 0.3064 -0.4428
vn 0.1200 0.8570 -0.5012
vn -0.2336 0.9452 0.2282
vn -0.6528 0.3689 -0.6617
vn 0.0360 0.8736 0.4853
vn -0.6291 0.1680 0.7590
vn 0.0016 0.3693 0.9293
vn 0.9504 0.3080 0.0438
vn 0.0263 0.1968 -0.9801
vn -0.9128 0.3957 0.1012
vn 0.6551 0.1332 0.7437
vn -0.0091 -0.1565 0.9876
vn -0.2008 -0.5552 -0.8071
vn -0.1487 0.1599 -0.9759
vn -0.4681 0.1679 -0.8676
vn -0.3344 0.7562 -0.5624
vn 0.2717 -0.0913 -0.9580
vn 0.3043 0.2807 -0.9103
vn 0.8749 0.0030 -0.4843
vn 0.8410 0.1057 -0.5306
vn 0.8053 -0.1474 -0.5743
vn 0.7355 -0.0384 -0.6764
vn 0.7980 0.1183 -0.5909
vn -0.0223 -0.3295 0.9439
vn -0.0036 0.1872 0.9823
vn -0.9973 0.0646 0.0350
vn 0.0151 0.2296 0.9732
vn 0.4078 0.0387 -0.9123
vn -0.2245 0.1504 -0.9628
vn -0.8867 0.0957 -0.4523
vn -0.8698 0.1751 -0.4612
vn -0.9750 -0.2220 -0.0061
vn 0.0032 -0.2336 -0.9723
vn 0.9471 -0.3174 -0.0472
vn 0.0420 0.9716 0.2330
vn -0.0290 -0.9834 -0.1793
vn 0.9987 -0.0303 -0.0412
vn 0.0004 -0.1347 -0.9909
vn -0.9548 0.2935 0.0465
vn 0.0119 0.3464 -0.9380
vn 0.9758 0.2181 -0.0153
vn -0.3663 0.1244 -0.9222
vn 0.2981 0.0823 -0.9510
vn 0.8320 -0.0103 -0.5548
vn 0.7604 0.0714 -0.6456
vn -0.9145 -0.1624 -0.3706
vn -0.9289 0.3096 -0.2034
vn 0.8732 -0.2055 -0.4420
vn 0.9424 0.1256 -0.3100
vn -0.9819 0.1282 -0.1391
vn 0.9728 -0.0126 -0.2311
vn -0.1023 0.1803 -0.9783
vn 0.0721 0.8665 -0.4940
vn -0.8967 -0.2224 -0.3828
vn -0.9111 0.3519 -0.2146
vn 0.8912 -0.2996 -0.3406
vn 0.9597 0.1710 -0.2232
vn -0.9420 0.1309 -0.3091
vn 0.9531 -0.0137 -0.3023
vn 0.1654 -0.9787 0.1218
vn 0.1660 -0.9225 -0.3485
vn -0.1795 0.9046 0.3866
vn -0.2328 -0.9653 0.1183
vn -0.1965 -0.9143 -0.3541
vn -0.6280 0.3259 -0.7067
vn 0.5845 -0.3744 -0.7198
vn 0.6405 -0.3020 0.7061
vn 0.1138 -0.3231 -0.9395
vn 0.3904 -0.3711 -0.8425
vn 0.2294 0.6157 -0.7538
vn 0.5315 0.5272 -0.6630
vn -0.9053 0.1575 -0.3944
vn -0.9023 0.0622 -0.4266
vn 0.0846 -0.3488 -0.9334
vn 0.0908 0.5665 -0.8191
vn 0.0925 -0.6996 -0.7085
vn -0.1740 0.9808 -0.0882
vn 0.2270 0.8952 0.3834
vn 0.2429 0.9653 -0.0960
vn -0.6081 0.3396 0.7176
vn 0.6744 0.2527 -0.6938
vn 0.5983 0.3077 0.7398
vn -0.5972 -0.3328 -0.7298
vn -0.6750 -0.2277 0.7018
vn -0.0737 -0.3721 -0.9252
vn -0.3060 -0.4569 -0.8352
vn -0.1823 0.6793 -0.7108
vn -0.4070 0.6938 -0.5941
vn 0.8744 0.1025 -0.4743
vn 0.8583 0.0140 -0.5130
vn 0.3066 0.9398 0.1509
vn 0.6343 -0.3576 0.6854
vn 0.2329 -0.9628 -0.1373
vn 0.6671 0.3066 -0.6790
vn 0.0394 0.9881 -0.1484
vn -0.0087 -0.9177 -0.3972
vn -0.2827 -0.9501 -0.1321
vn -0.6505 0.2649 0.7118
vn -0.0405 -0.9825 0.1821
vn 0.6483 -0.2690 -0.7123
vn -0.6379 -0.2186 -0.7385
vn -0.6861 -0.3166 0.6550
vn 0.6633 -0.0824 -0.7438
vn -0.6501 -0.0200 -0.7596
vn 0.6653 0.2086 0.7169
vn 0.9254 -0.3741 -0.0610
vn 0.0157 -0.3360 -0.9417
vn -0.9582 -0.2843 -0.0319
vn 0.2313 -0.4051 -0.8845
vn 0.2055 0.1556 -0.9662
vn 0.5214 0.0958 -0.8479
vn 0.3788 0.6201 -0.6870
vn -0.1684 0.0138 -0.9856
vn -0.2072 0.3088 -0.9283
vn -0.9374 0.0865 -0.3373
vn -0.8833 0.1954 -0.4262
vn -0.8575 -0.0632 -0.5106
vn 0.0239 -0.6209 -0.7835
vn -0.7773 -0.0585 -0.6264
vn -0.8314 0.2978 -0.4692
vn 0.1154 0.8484 -0.5166
vn -0.2450 0.9548 0.1681
vn -0.6391 0.3561 -0.6817
vn 0.0168 0.8983 0.4392
vn -0.6672 0.0704 0.7416
vn -0.0283 0.2994 0.9537
vn 0.9566 0.2883 0.0435
vn 0.0447 0.2455 -0.9684
vn -0.9290 0.3659 0.0543
vn 0.6498 0.0141 0.7600
vn -0.0361 -0.2172 0.9755
vn -0.2064 -0.4546 -0.8664
vn -0.1191 0.1775 -0.9769
vn -0.4434 0.1689 -0.8803
vn -0.3222 0.7134 -0.6223
vn 0.2991 -0.0197 -0.9540
vn 0.3247 0.2886 -0.9007
vn 0.8905 0.0405 -0.4532
vn 0.8620 0.1244 -0.4914
vn 0.8317 -0.0950 -0.5471
vn 0.7587 -0.0037 -0.6514
vn 0.8088 0.1522 -0.5681
vn -0.0461 -0.3358 0.9408
vn -0.0329 0.0538 0.9980
vn -0.9989 0.0456 0.0143
vn -0.0109 0.2394 0.9709
vn 0.4302 0.1109 -0.8959
vn -0.1937 0.1720 -0.9659
vn -0.8720 0.0786 -0.4832
vn -0.8620 0.1479 -0.4848
vn -0.9681 -0.2481 -0.0345
vn 0.0271 -0.2437 -0.9695
vn 0.9514 -0.3074 -0.0197
vn 0.0279 0.9849 0.1711
vn -0.0231 -0.9884 -0.1498
vn 0.9987 -0.0497 -0.0069
vn 0.0312 -0.0657 -0.9974
vn -0.9535 0.3005 0.0233
vn 0.0292 0.3428 -0.9390
vn 0.9735 0.2287 0.0011
vn -0.3387 0.1616 -0.9269
vn 0.3228 0.1210 -0.9387
vn 0.8485 0.0249 -0.5286
vn 0.7769 0.1043 -0.6210
vn -0.9120 -0.1753 -0.3707
vn -0.9293 0.2902 -0.2285
vn 0.9054 -0.1509 -0.3968
vn 0.9421 0.1630 -0.2932
vn -0.9828 0.0879 -0.1627
vn 0.9782 0.0258 -0.2061
vn -0.0798 0.1819 -0.9801
vn 0.0593 0.8571 -0.5117
vn -0.8966 -0.2044 -0.3927
vn -0.9150 0.3149 -0.2522
vn 0.9244 -0.2220 -0.3102
vn 0.9577 0.1934 -0.2134
vn -0.9386 0.0986 -0.3306
vn 0.9605 0.0280 -0.2768
vn 0.1611 -0.9757 0.1484
vn 0.1733 -0.9375 -0.3017
vn -0.1732 0.9201 0.3514
vn -0.2176 -0.9662 0.1385
vn -0.1808 -0.9326 -0.3124
vn -0.6105 0.3408 -0.7149
vn 0.6008 -0.3820 -0.7022
vn 0.6213 -0.3300 0.7107
vn 0.1330 -0.3440 -0.9295
vn 0.4144 -0.3898 -0.8224
vn 0.2334 0.6389 -0.7330
vn 0.5374 0.5506 -0.6387
vn -0.8954 0.1492 -0.4194
vn -0.9010 0.0488 -0.4311
vn 0.1108 -0.3562 -0.9278
vn 0.1025 0.6057 -0.7891
vn 0.1131 -0.7290 -0.6751
vn -0.1595 0.9830 -0.0906
vn 0.2020 0.9128 0.3549
vn 0.2235 0.9707 -0.0886
vn -0.6241 0.3498 0.6986
vn 0.6762 0.2971 -0.6741
vn 0.5814 0.3427 0.7379
vn -0.5802 -0.3602 -0.7305
vn -0.6797 -0.2762 0.6795
vn -0.0604 -0.4076 -0.9111
vn -0.2940 -0.5007 -0.8142
vn -0.1637 0.6966 -0.6986
vn -0.3962 0.7046 -0.5887
vn 0.8779 0.1348 -0.4595
vn 0.8723 0.0382 -0.4874
vn 0.2774 0.9507 0.1390
vn 0.6273 -0.3327 0.7042
vn 0.2323 -0.9682 -0.0926
vn 0.6760 0.3065 -0.6701
vn 0.0384 0.9892 -0.1414
vn 0.0028 -0.9357 -0.3527
vn -0.2641 -0.9597 -0.0961
vn -0.6693 0.2576 0.6969
vn -0.0356 -0.9789 0.2011
vn 0.6667 -0.2645 -0.6968
vn -0.6242 -0.2330 -0.7458
vn -0.6931 -0.3092 0.6512
vn 0.6797 -0.0585 -0.7312
vn -0.6367 -0.0244 -0.7707
vn 0.6528 0.2124 0.7272
vn 0.9220 -0.3853 -0.0387
vn 0.0342 -0.3491 -0.9365
vn -0.9440 -0.3266 -0.0462
vn 0.2529 -0.4314 -0.8660
vn 0.2231 0.1563 -0.9622
vn 0.5445 0.0995 -0.8328
vn 0.3787 0.6441 -0.6646
vn -0.1530 0.0157 -0.9881
vn -0.1843 0.3307 -0.9255
vn -0.9329 0.0772 -0.3517
vn -0.8841 0.1855 -0.4289
vn -0.8396 -0.0738 -0.5382
vn 0.0470 -0.6334 -0.7724
vn -0.7781 -0.0681 -0.6244
vn -0.8196 0.3040 -0.4857
vn 0.1196 0.8644 -0.4884
vn -0.2297 0.9625 0.1446
vn -0.6280 0.3430 -0.6986
vn 0.0079 0.9147 0.4041
vn -0.6851 0.0579 0.7262
vn -0.0454 0.3202 0.9463
vn 0.9410 0.3340 0.0548
vn 0.0600 0.2757 -0.9594
vn -0.9282 0.3711 0.0284
vn 0.6382 0.0285 0.7694
vn -0.0540 -0.2580 0.9646
vn -0.1966 -0.4974 -0.8450
vn -0.1034 0.1768 -0.9788
vn -0.4380 0.1322 -0.8892
vn -0.3049 0.7268 -0.6154
vn 0.3157 -0.0096 -0.9488
vn 0.3373 0.3206 -0.8851
vn 0.8992 0.0714 -0.4316
vn 0.8704 0.1584 -0.4663
vn 0.8423 -0.0712 -0.5342
vn 0.7757 0.0265 -0.6306
vn 0.8148 0.1853 -0.5493
vn -0.0576 -0.3220 0.9450
vn -0.0513 0.0531 0.9973
vn -0.9996 0.0289 -0.0081
vn -0.0307 0.2367 0.9711
vn 0.4529 0.1148 -0.8841
vn -0.1765 0.1800 -0.9677
vn -0.8629 0.0687 -0.5007
vn -0.8550 0.1432 -0.4985
vn -0.9659 -0.2550 -0.0456
vn 0.0464 -0.2490 -0.9674
vn 0.9570 -0.2900 0.0029
vn 0.0231 0.9884 0.1502
vn -0.0153 -0.9944 -0.1046
vn 0.9997 -0.0234 0.0105
vn 0.0494 -0.0544 -0.9973
vn -0.9568 0.2907 0.0016
vn 0.0449 0.3381 -0.9400
vn 0.9715 0.2363 0.0168
vn -0.3292 0.1484 -0.9325
vn 0.3395 0.1482 -0.9288
vn 0.8580 0.0532 -0.5108
vn 0.7871 0.1354 -0.6018
vn -0.9059 -0.1961 -0.3754
vn -0.9223 0.2960 -0.2484
vn 0.9199 -0.1281 -0.3706
vn 0.9395 0.1979 -0.2795
vn -0.9811 0.0728 -0.1792
vn 0.9812 0.0512 -0.1861
vn -0.0648 0.1951 -0.9787
vn 0.0587 0.8579 -0.5105
vn -0.8870 -0.2327 -0.3989
vn -0.9107 0.3129 -0.2696
vn 0.9330 -0.2144 -0.2891
vn 0.9562 0.2200 -0.1931
vn -0.9345 0.0893 -0.3446
vn 0.9646 0.0543 -0.2580
vn 0.1544 -0.9688 0.1940
vn 0.1756 -0.9594 -0.2206
vn -0.1758 0.9362 0.3043
vn -0.1913 -0.9651 0.1786
vn -0.1565 -0.9593 -0.2352
vn -0.5911 0.3413 -0.7308
vn 0.6196 -0.3966 -0.6774
vn 0.6042 -0.3377 0.7218
vn 0.1477 -0.3644 -0.9194
vn 0.4466 -0.4057 -0.7975
vn 0.2323 0.6578 -0.7165
vn 0.5224 0.5803 -0.6248
vn -0.8815 0.1326 -0.4532
vn -0.9022 0.0206 -0.4308
vn 0.1429 -0.3976 -0.9064
vn 0.1008 0.6218 -0.7767
vn 0.1367 -0.7849 -0.6044
vn -0.1535 0.9806 -0.1217
vn 0.1832 0.9315 0.3141
vn 0.2051 0.9723 -0.1121
vn -0.6412 0.3776 0.6680
vn 0.6664 0.3391 -0.6641
vn 0.5648 0.4037 0.7198
vn -0.5639 -0.4046 -0.7199
vn -0.6765 -0.3151 0.6657
vn -0.0431 -0.4386 -0.8977
vn -0.2946 -0.5442 -0.7855
vn -0.1505 0.7123 -0.6855
vn -0.3727 0.7175 -0.5885
vn 0.8739 0.1732 -0.4542
vn 0.8845 0.0632 -0.4622
vn 0.2543 0.9616 0.1034
vn 0.6243 -0.2786 0.7298
vn 0.2252 -0.9741 -0.0214
vn 0.6816 0.2919 -0.6710
vn 0.0330 0.9857 -0.1653
vn 0.0152 -0.9623 -0.2717
vn -0.2328 -0.9720 -0.0329
vn -0.6877 0.2591 0.6782
vn -0.0260 -0.9709 0.2381
vn 0.6847 -0.2782 -0.6736
vn -0.6094 -0.2765 -0.7431
vn -0.6987 -0.2836 0.6568
vn 0.6952 -0.0355 -0.7179
vn -0.6258 -0.0393 -0.7790
vn 0.6408 0.2330 0.7315
vn 0.9217 -0.3879 -0.0063
vn 0.0512 -0.3781 -0.9244
vn -0.9256 -0.3754 -0.0478
vn 0.2731 -0.4601 -0.8448
vn 0.2353 0.1514 -0.9601
vn 0.5603 0.1026 -0.8219
vn 0.3690 0.6649 -0.6494
vn -0.1419 0.0251 -0.9896
vn -0.1670 0.3516 -0.9211
vn -0.9290 0.0582 -0.3654
vn -0.8892 0.1701 -0.4247
vn -0.8194 -0.0904 -0.5661
vn 0.0747 -0.6579 -0.7494
vn -0.7808 -0.0988 -0.6170
vn -0.8087 0.2935 -0.5097
vn 0.1128 0.8664 -0.4864
vn -0.2250 0.9693 0.0993
vn -0.6205 0.3075 -0.7214
vn -0.0026 0.9329 0.3601
vn -0.7000 0.0395 0.7131
vn -0.0611 0.3662 0.9285
vn 0.9179 0.3938 0.0483
vn 0.0693 0.2923 -0.9538
vn -0.9263 0.3765 -0.0116
vn 0.6277 0.0446 0.7772
vn -0.0657 -0.2799 0.9578
vn -0.1902 -0.5395 -0.8202
vn -0.0879 0.1757 -0.9805
vn -0.4321 0.0837 -0.8979
vn -0.2831 0.7397 -0.6104
vn 0.3306 0.0129 -0.9437
vn 0.3447 0.3570 -0.8682
vn 0.9043 0.1077 -0.4132
vn 0.8748 0.2000 -0.4413
vn 0.8504 -0.0430 -0.5243
vn 0.7886 0.0550 -0.6125
vn 0.8154 0.2178 -0.5363
vn -0.0648 -0.2761 0.9590
vn -0.0661 0.0517 0.9965
vn -0.9996 0.0020 -0.0269
vn -0.0489 0.2496 0.9671
vn 0.4695 0.1227 -0.8744
vn -0.1642 0.1897 -0.9680
vn -0.8547 0.0534 -0.5164
vn -0.8481 0.1268 -0.5145
vn -0.9619 -0.2691 -0.0485
vn 0.0644 -0.2885 -0.9553
vn 0.9638 -0.2647 0.0325
vn 0.0154 0.9943 0.1056
vn -0.0051 -0.9995 -0.0322
vn 0.9996 0.0056 0.0287
vn 0.0647 -0.0499 -0.9967
vn -0.9617 0.2728 -0.0252
vn 0.0554 0.3083 -0.9497
vn 0.9687 0.2471 0.0241
vn -0.3194 0.1396 -0.9373
vn 0.3521 0.1846 -0.9176
vn 0.8644 0.0874 -0.4952
vn 0.7918 0.1683 -0.5872
vn -0.8981 -0.2377 -0.3700
vn -0.9169 0.2879 -0.2765
vn 0.9342 -0.1074 -0.3401
vn 0.9319 0.2362 -0.2751
vn -0.9795 0.0485 -0.1956
vn 0.9819 0.0823 -0.1706
vn -0.0535 0.2007 -0.9782
vn 0.0490 0.8481 -0.5275
vn -0.8727 -0.2782 -0.4012
vn -0.9091 0.2986 -0.2906
vn 0.9398 -0.2083 -0.2708
vn 0.9516 0.2510 -0.1776
vn -0.9307 0.0721 -0.3586
vn 0.9666 0.0865 -0.2414
vn 0.1446 -0.9550 0.2590
vn 0.1769 -0.9785 -0.1060
vn -0.1772 0.9582 0.2248
vn -0.1574 -0.9575 0.2419
vn -0.1298 -0.9836 -0.1254
vn -0.5690 0.3385 -0.7495
vn 0.6407 -0.4080 -0.6504
vn 0.5898 -0.3408 0.7321
vn 0.1687 -0.4089 -0.8968
vn 0.4544 -0.4557 -0.7654
vn 0.2209 0.6676 -0.7110
vn 0.4980 0.6043 -0.6220
vn -0.8625 0.1199 -0.4917
vn -0.8988 -0.0305 -0.4374
vn 0.1744 -0.4360 -0.8829
vn 0.0959 0.6303 -0.7704
vn 0.1553 -0.8355 -0.5271
vn -0.1504 0.9728 -0.1761
vn 0.1589 0.9583 0.2374
vn 0.1840 0.9697 -0.1605
vn -0.6614 0.4137 0.6256
vn 0.6477 0.3773 -0.6619
vn 0.5517 0.4728 0.6871
vn -0.5512 -0.4476 -0.7041
vn -0.6692 -0.3536 0.6535
vn -0.0372 -0.5026 -0.8637
vn -0.2677 -0.6170 -0.7400
vn -0.1440 0.7158 -0.6834
vn -0.3517 0.7195 -0.5989
vn 0.8620 0.2149 -0.4590
vn 0.8915 0.0843 -0.4451
vn 0.2276 0.9729 0.0395
vn 0.6226 -0.2113 0.7535
vn 0.2135 -0.9738 0.0787
vn 0.6867 0.2794 -0.6711
vn 0.0239 0.9767 -0.2132
vn 0.0286 -0.9871 -0.1574
vn -0.1963 -0.9787 0.0597
vn -0.7024 0.2720 0.6577
vn -0.0123 -0.9559 0.2935
vn 0.7018 -0.3059 -0.6433
vn -0.5932 -0.3355 -0.7318
vn -0.7068 -0.2474 0.6628
vn 0.7115 -0.0261 -0.7022
vn -0.6174 -0.0770 -0.7829
vn 0.6272 0.2698 0.7307
vn 0.9223 -0.3854 0.0292
vn 0.0671 -0.4072 -0.9109
vn -0.9051 -0.4231 -0.0426
vn 0.2932 -0.5145 -0.8058
vn 0.2482 0.1280 -0.9602
vn 0.5634 0.0805 -0.8222
vn 0.3471 0.6800 -0.6459
vn -0.1335 0.0177 -0.9909
vn -0.1552 0.3429 -0.9265
vn -0.9261 0.0273 -0.3762
vn -0.8981 0.1441 -0.4155
vn -0.7955 -0.1471 -0.5878
vn 0.1013 -0.6845 -0.7220
vn -0.7829 -0.1311 -0.6082
vn -0.7966 0.2737 -0.5390
vn 0.1017 0.8555 -0.5077
vn -0.2212 0.9748 0.0274
vn -0.6139 0.2717 -0.7412
vn -0.0144 0.9603 0.2787
vn -0.7107 0.0312 0.7028
vn -0.0761 0.4247 0.9021
vn 0.8913 0.4527 0.0244
vn 0.0738 0.3058 -0.9492
vn -0.9218 0.3823 -0.0645
vn 0.6172 0.0789 0.7829
vn -0.0734 -0.2986 0.9516
vn -0.1778 -0.6114 -0.7711
vn -0.0823 0.1498 -0.9853
vn -0.4136 0.0013 -0.9105
vn -0.2654 0.7415 -0.6162
vn 0.3426 0.0194 -0.9393
vn 0.3495 0.3684 -0.8615
vn 0.9068 0.1423 -0.3968
vn 0.8768 0.2376 -0.4180
vn 0.8572 -0.0331 -0.5139
vn 0.7967 0.0855 -0.5982
vn 0.8110 0.2490 -0.5294
vn -0.0708 -0.2160 0.9738
vn -0.0772 0.0712 0.9945
vn -0.9986 -0.0335 -0.0399
vn -0.0645 0.2783 0.9583
vn 0.4779 0.1108 -0.8714
vn -0.1556 0.1733 -0.9725
vn -0.8440 0.0173 -0.5360
vn -0.8396 0.1016 -0.5336
vn -0.9567 -0.2870 -0.0483
vn 0.0822 -0.3466 -0.9344
vn 0.9685 -0.2405 0.0644
vn 0.0053 0.9994 0.0344
vn 0.0076 -0.9975 0.0705
vn 0.9981 0.0380 0.0488
vn 0.0784 -0.0685 -0.9946
vn -0.9643 0.2602 -0.0494
vn 0.0637 0.2806 -0.9577
vn 0.9636 0.2654 0.0318
vn -0.3108 0.1028 -0.9449
vn 0.3584 0.2024 -0.9113
vn 0.8656 0.1129 -0.4878
vn 0.7902 0.2003 -0.5792
vn -0.8914 -0.2734 -0.3614
vn -0.9146 0.2665 -0.3042
vn 0.9475 -0.0769 -0.3103
vn 0.9215 0.2768 -0.2725
vn -0.9771 0.0146 -0.2124
vn 0.9791 0.1228 -0.1623
vn -0.0479 0.1842 -0.9817
vn 0.0346 0.8250 -0.5640
vn -0.8626 -0.3240 -0.3884
vn -0.9094 0.2664 -0.3193
vn 0.9500 -0.1960 -0.2430
vn 0.9429 0.2837 -0.1742
vn -0.9287 0.0388 -0.3688
vn 0.9668 0.1221 -0.2244
vn 0.1473 -0.9207 0.3614
vn 0.1902 -0.9815 0.0238
vn -0.1656 0.9816 0.0954
vn -0.1351 -0.9303 0.3411
vn -0.1111 -0.9938 -0.0013
vn -0.5527 0.3033 -0.7763
vn 0.6678 -0.4469 -0.5952
vn 0.5610 -0.3456 0.7522
vn 0.1775 -0.5290 -0.8298
vn 0.4575 -0.5650 -0.6866
vn 0.2051 0.6702 -0.7133
vn 0.4612 0.6232 -0.6315
vn -0.8544 0.0609 -0.5160
vn -0.9059 -0.0754 -0.4168
vn 0.1977 -0.4894 -0.8493
vn 0.0811 0.6112 -0.7873
vn 0.1842 -0.8880 -0.4213
vn -0.1443 0.9568 -0.2526
vn 0.1207 0.9867 0.1085
vn 0.1524 0.9609 -0.2311
vn -0.6705 0.4975 0.5504
vn 0.6319 0.3892 -0.6702
vn 0.5251 0.5919 0.6115
vn -0.5402 -0.5205 -0.6612
vn -0.6400 -0.3913 0.6613
vn -0.0169 -0.6396 -0.7686
vn -0.2324 -0.7451 -0.6251
vn -0.1420 0.7062 -0.6936
vn -0.3308 0.7080 -0.6239
vn 0.8570 0.2290 -0.4617
vn 0.9032 0.1047 -0.4162
vn 0.1839 0.9813 -0.0564
vn 0.6225 -0.1022 0.7759
vn 0.2166 -0.9546 0.2047
vn 0.6933 0.2280 -0.6837
vn 0.0115 0.9590 -0.2831
vn 0.0446 -0.9985 -0.0312
vn -0.1725 -0.9689 0.1776
vn -0.7218 0.3080 0.6198
vn 0.0013 -0.9210 0.3896
vn 0.7242 -0.3352 -0.6027
vn -0.5804 -0.3997 -0.7095
vn -0.7211 -0.1736 0.6707
vn 0.7175 -0.0273 -0.6961
vn -0.6022 -0.1256 -0.7884
vn 0.6160 0.3395 0.7108
vn 0.9131 -0.3963 0.0956
vn 0.0850 -0.4682 -0.8795
vn -0.8755 -0.4832 -0.0035
vn 0.2982 -0.6344 -0.7132
vn 0.2582 0.0548 -0.9645
vn 0.5715 0.0343 -0.8199
vn 0.3199 0.6847 -0.6549
vn -0.1301 -0.0681 -0.9892
vn -0.1399 0.3562 -0.9239
vn -0.9203 -0.0070 -0.3911
vn -0.9011 0.0875 -0.4247
vn -0.7698 -0.1723 -0.6146
vn 0.1379 -0.7429 -0.6550
vn -0.7853 -0.1868 -0.5903
vn -0.7822 0.2460 -0.5724
vn 0.0906 0.8334 -0.5452
vn -0.2058 0.9757 -0.0749
vn -0.6100 0.1863 -0.7702
vn -0.0257 0.9896 0.1413
vn -0.7323 0.0501 0.6791
vn -0.0900 0.5523 0.8288
vn 0.8545 0.5192 -0.0177
vn 0.0778 0.2777 -0.9575
vn -0.9118 0.3902 -0.1281
vn 0.6162 0.1449 0.7741
vn -0.0727 -0.3153 0.9462
vn -0.1502 -0.7420 -0.6534
vn -0.0741 0.0716 -0.9947
vn -0.4018 -0.1298 -0.9065
vn -0.2511 0.7282 -0.6377
vn 0.3562 -0.0496 -0.9331
vn 0.3304 0.3981 -0.8558
vn 0.9037 0.1737 -0.3914
vn 0.8721 0.2588 -0.4154
vn 0.8594 -0.0099 -0.5112
vn 0.8047 0.0927 -0.5864
vn 0.8007 0.2774 -0.5310
vn -0.0784 -0.1027 0.9916
vn -0.0902 0.1283 0.9876
vn -0.9957 -0.0622 -0.0690
vn -0.0806 0.3558 0.9311
vn 0.4889 0.0533 -0.8707
vn -0.1516 0.1324 -0.9795
vn -0.8390 -0.0341 -0.5430
vn -0.8351 0.0593 -0.5468
vn -0.9550 -0.2936 -0.0429
vn 0.1010 -0.4110 -0.9060
vn 0.9750 -0.1979 0.1007
vn -0.0070 0.9979 -0.0650
vn 0.0213 -0.9799 0.1984
vn 0.9958 0.0791 0.0462
vn 0.0885 -0.1047 -0.9906
vn -0.9694 0.2291 -0.0884
vn 0.0699 0.1945 -0.9784
vn 0.9591 0.2820 0.0234
vn -0.3040 0.0062 -0.9527
vn 0.3689 0.1941 -0.9090
vn 0.8702 0.1284 -0.4756
vn 0.7880 0.2178 -0.5759
vn -0.8785 -0.3330 -0.3426
vn -0.9047 0.2488 -0.3459
vn 0.9570 -0.0537 -0.2850
vn 0.9030 0.3152 -0.2920
vn -0.9739 -0.0254 -0.2257
vn 0.9773 0.1530 -0.1468
vn -0.0442 0.1416 -0.9889
vn 0.0236 0.8035 -0.5948
vn -0.8420 -0.4034 -0.3581
vn -0.9057 0.2465 -0.3449
vn 0.9585 -0.1971 -0.2062
vn 0.9331 0.3171 -0.1695
vn -0.9227 0.0008 -0.3855
vn 0.9605 0.1575 -0.2295
vn 0.1797 -0.8268 0.5330
vn 0.2339 -0.9571 0.1710
vn -0.1638 0.9852 -0.0503
vn -0.1519 -0.8476 0.5084
vn -0.1199 -0.9829 0.1398
vn -0.5355 0.2266 -0.8136
vn 0.6860 -0.5208 -0.5081
vn 0.5430 -0.3156 0.7782
vn 0.1961 -0.5365 -0.8208
vn 0.5123 -0.5702 -0.6422
vn 0.1888 0.6124 -0.7676
vn 0.4497 0.5779 -0.6810
vn -0.8205 0.0581 -0.5687
vn -0.9088 -0.0976 -0.4057
vn 0.2002 -0.5845 -0.7863
vn 0.0839 0.5649 -0.8209
vn 0.1911 -0.9243 -0.3303
vn -0.1400 0.9280 -0.3454
vn 0.0921 0.9951 -0.0353
vn 0.1230 0.9388 -0.3218
vn -0.7164 0.5145 0.4712
vn 0.6369 0.2911 -0.7139
vn 0.5591 0.6126 0.5587
vn -0.5211 -0.6164 -0.5904
vn -0.6180 -0.4004 0.6765
vn 0.0122 -0.6506 -0.7593
vn -0.2457 -0.7727 -0.5853
vn -0.1391 0.6537 -0.7439
vn -0.3283 0.6572 -0.6784
vn 0.8482 0.1712 -0.5012
vn 0.9159 0.0522 -0.3979
vn 0.1489 0.9731 -0.1757
vn 0.6182 0.0203 0.7857
vn 0.2589 -0.8935 0.3670
vn 0.7046 0.1572 -0.6920
vn -0.0022 0.9292 -0.3695
vn 0.0652 -0.9919 0.1086
vn -0.1914 -0.9226 0.3348
vn -0.7456 0.3408 0.5727
vn 0.0079 -0.8252 0.5647
vn 0.7408 -0.4152 -0.5280
vn -0.5757 -0.5044 -0.6435
vn -0.7321 -0.0762 0.6769
vn 0.7414 -0.0794 -0.6663
vn -0.6011 -0.1644 -0.7821
vn 0.6085 0.4084 0.6804
vn 0.8993 -0.4047 0.1655
vn 0.1072 -0.5751 -0.8110
vn -0.8423 -0.5369 0.0475
vn 0.3364 -0.6508 -0.6806
vn 0.2517 0.0096 -0.9677
vn 0.5900 -0.0417 -0.8064
vn 0.3018 0.6346 -0.7114
vn -0.1182 -0.0498 -0.9917
vn -0.1425 0.2907 -0.9461
vn -0.9166 -0.0113 -0.3997
vn -0.9038 0.1031 -0.4153
vn -0.7630 -0.1987 -0.6151
vn 0.1292 -0.8016 -0.5837
vn -0.7863 -0.2184 -0.5780
vn -0.7683 0.2087 -0.6051
vn 0.0990 0.7797 -0.6183
vn -0.1962 0.9601 -0.1991
vn -0.6043 0.0815 -0.7926
vn -0.0388 0.9992 -0.0080
vn -0.7362 0.0705 0.6731
vn -0.1081 0.6043 0.7894
vn 0.8828 0.4620 -0.0844
vn 0.0822 0.1834 -0.9796
vn -0.9112 0.3529 -0.2125
vn 0.6092 0.1841 0.7713
vn -0.0728 -0.2879 0.9549
vn -0.1429 -0.7715 -0.6200
vn -0.0537 0.0196 -0.9984
vn -0.4019 -0.2054 -0.8924
vn -0.2459 0.6776 -0.6931
vn 0.3810 -0.0210 -0.9243
vn 0.3298 0.3491 -0.8771
vn 0.9123 0.1256 -0.3899
vn 0.8951 0.2142 -0.3912
vn 0.8664 -0.0507 -0.4968
vn 0.8219 0.0224 -0.5692
vn 0.8029 0.2379 -0.5465
vn -0.0911 0.0523 0.9945
vn -0.0975 0.1785 0.9791
vn -0.9949 -0.0760 -0.0667
vn -0.0981 0.4322 0.8964
vn 0.4943 0.0258 -0.8689
vn -0.1498 0.1085 -0.9827
vn -0.8310 -0.0343 -0.5552
vn -0.8243 0.0389 -0.5648
vn -0.9527 -0.3040 -0.0064
vn 0.1182 -0.5367 -0.8355
vn 0.9736 -0.1774 0.1436
vn -0.0204 0.9816 -0.1901
vn 0.0350 -0.9303 0.3651
vn 0.9952 0.0661 0.0720
vn 0.1040 -0.1621 -0.9813
vn -0.9738 0.1874 -0.1289
vn 0.0787 0.0857 -0.9932
vn 0.9570 0.2899 0.0117
vn -0.2944 -0.0335 -0.9551
vn 0.3703 0.1586 -0.9153
vn 0.8712 0.0925 -0.4821
vn 0.7956 0.1583 -0.5847
vn -0.8927 -0.3265 -0.3107
vn -0.8931 0.2278 -0.3879
vn 0.9686 -0.0997 -0.2277
vn 0.9054 0.2869 -0.3129
vn -0.9707 -0.0149 -0.2397
vn 0.9820 0.1154 -0.1493
vn -0.0265 0.0947 -0.9952
vn 0.0395 0.7303 -0.6820
vn -0.8564 -0.3800 -0.3494
vn -0.8996 0.2127 -0.3814
vn 0.9605 -0.1993 -0.1940
vn 0.9422 0.2781 -0.1868
vn -0.9180 0.0083 -0.3965
vn 0.9691 0.1162 -0.2175
vn 0.2221 -0.7735 0.5937
vn 0.2806 -0.9435 0.1762
vn -0.1889 0.9583 -0.2142
vn -0.1876 -0.8105 0.5548
vn -0.1380 -0.9804 0.1403
vn -0.5530 0.1223 -0.8241
vn 0.7339 -0.4913 -0.4690
vn 0.5403 -0.2131 0.8141
vn 0.2259 -0.5625 -0.7953
vn 0.5175 -0.5894 -0.6204
vn 0.2156 0.4818 -0.8493
vn 0.4887 0.4675 -0.7366
vn -0.8313 -0.0284 -0.5551
vn -0.9001 -0.1550 -0.4072
vn 0.1822 -0.5429 -0.8198
vn 0.0927 0.4846 -0.8698
vn 0.2075 -0.9160 -0.3433
vn -0.1571 0.8535 -0.4968
vn 0.0877 0.9763 -0.1979
vn 0.1242 0.8720 -0.4735
vn -0.7556 0.4019 0.5173
vn 0.6638 0.2464 -0.7062
vn 0.5748 0.5256 0.6272
vn -0.5475 -0.6182 -0.5639
vn -0.6380 -0.2788 0.7177
vn 0.0241 -0.6080 -0.7935
vn -0.2519 -0.7240 -0.6422
vn -0.1501 0.4884 -0.8596
vn -0.3909 0.4916 -0.7782
vn 0.8606 0.1523 -0.4861
vn 0.9195 0.0675 -0.3871
vn 0.1492 0.9301 -0.3357
vn 0.6077 0.0143 0.7940
vn 0.3158 -0.8596 0.4017
vn 0.7198 0.0964 -0.6875
vn -0.0106 0.8532 -0.5215
vn 0.0756 -0.9915 0.1060
vn -0.2251 -0.9080 0.3535
vn -0.7494 0.4314 0.5023
vn 0.0076 -0.7774 0.6290
vn 0.7568 -0.4092 -0.5097
vn -0.5681 -0.5297 -0.6298
vn -0.7298 -0.1073 0.6752
vn 0.7569 -0.0919 -0.6471
vn -0.5981 -0.2408 -0.7644
vn 0.5972 0.5190 0.6115
vn 0.9182 -0.3259 0.2253
vn 0.1258 -0.5939 -0.7946
vn -0.8826 -0.4620 0.0868
vn 0.3659 -0.6504 -0.6657
vn 0.2679 -0.0837 -0.9598
vn 0.5947 -0.1111 -0.7963
vn 0.3351 0.5128 -0.7904
vn -0.1234 -0.1734 -0.9771
vn -0.1156 0.1616 -0.9801
vn -0.9117 -0.0800 -0.4030
vn -0.9031 -0.0170 -0.4292
vn -0.7520 -0.2676 -0.6025
vn 0.1459 -0.8391 -0.5241
vn -0.7761 -0.2590 -0.5750
vn -0.7624 0.1353 -0.6328
vn 0.0930 0.7111 -0.6969
vn -0.2181 0.9075 -0.3589
vn -0.6020 -0.0059 -0.7985
vn -0.0565 0.9838 -0.1703
vn -0.7550 0.0773 0.6511
vn -0.1223 0.5009 0.8568
vn 0.9103 0.4113 -0.0469
vn 0.0879 0.1146 -0.9895
vn -0.9507 0.2322 -0.2055
vn 0.6042 0.1851 0.7751
vn -0.0768 -0.1727 0.9820
vn -0.1384 -0.7208 -0.6792
vn -0.0447 -0.0814 -0.9957
vn -0.3988 -0.2165 -0.8911
vn -0.2817 0.5149 -0.8096
vn 0.4004 -0.0999 -0.9109
vn 0.3077 0.2290 -0.9235
vn 0.9161 0.1263 -0.3807
vn 0.9007 0.1797 -0.3954
vn 0.8786 -0.0449 -0.4755
vn 0.8247 0.0083 -0.5655
vn 0.8056 0.2145 -0.5523
vn -0.0929 0.0262 0.9953
vn -0.1087 0.1862 0.9765
vn -0.9913 -0.1100 -0.0718
vn -0.1103 0.5632 0.8189
vn 0.4990 -0.0526 -0.8650
vn -0.1390 -0.0358 -0.9897
vn -0.8238 -0.1382 -0.5498
vn -0.8247 -0.0389 -0.5642
vn -0.9425 -0.3341 -0.0077
vn 0.1256 -0.5472 -0.8275
vn 0.9736 -0.1601 0.1628
vn -0.0342 0.9345 -0.3544
vn 0.0400 -0.9178 0.3951
vn 0.9932 0.0790 0.0860
vn 0.1137 -0.2222 -0.9683
vn -0.9691 0.1867 -0.1613
vn 0.0928 -0.0213 -0.9955
vn 0.9484 0.3168 -0.0165
vn -0.2851 -0.0971 -0.9536
vn 0.3881 0.0454 -0.9205
vn 0.8828 0.0712 -0.4644
vn 0.8026 0.1361 -0.5808
vn -0.8900 -0.3356 -0.3088
vn -0.8945 0.1711 -0.4130
vn 0.9697 -0.0619 -0.2363
vn 0.9002 0.2873 -0.3274
vn -0.9680 -0.0717 -0.2406
vn 0.9793 0.1363 -0.1497
vn -0.0231 -0.0012 -0.9997
vn 0.0320 0.6727 -0.7392
vn -0.8543 -0.4161 -0.3116
vn -0.8984 0.1500 -0.4128
vn 0.9702 -0.1779 -0.1647
vn 0.9332 0.2891 -0.2132
vn -0.9152 -0.0617 -0.3982
vn 0.9650 0.1292 -0.2283
vn 0.2321 -0.7675 0.5975
vn 0.2924 -0.9409 0.1709
vn -0.2396 0.9507 -0.1970
vn -0.1899 -0.8052 0.5618
vn -0.1462 -0.9801 0.1345
vn -0.5450 0.1850 -0.8178
vn 0.7673 -0.4069 -0.4957
vn 0.5567 -0.1357 0.8196
vn 0.2240 -0.5072 -0.8322
vn 0.5180 -0.5496 -0.6554
vn 0.2211 0.4684 -0.8554
vn 0.4754 0.4480 -0.7572
vn -0.8108 0.0473 -0.5834
vn -0.9056 -0.1143 -0.4084
vn 0.1394 -0.4802 -0.8660
vn 0.1016 0.4339 -0.8952
vn 0.1891 -0.9070 -0.3763
vn -0.1806 0.8180 -0.5461
vn 0.1168 0.9793 -0.1655
vn 0.1470 0.8442 -0.5155
vn -0.7589 0.3557 0.5454
vn 0.6569 0.2685 -0.7046
vn 0.5959 0.4540 0.6624
vn -0.5739 -0.5445 -0.6117
vn -0.6519 -0.2539 0.7146
vn 0.0235 -0.5541 -0.8321
vn -0.2485 -0.6861 -0.6837
vn -0.1768 0.4736 -0.8628
vn -0.3718 0.4654 -0.8032
vn 0.8452 0.1611 -0.5097
vn 0.9229 0.0644 -0.3796
vn 0.1866 0.9170 -0.3524
vn 0.6108 -0.0199 0.7915
vn 0.3269 -0.8541 0.4044
vn 0.7205 0.1236 -0.6824
vn -0.0129 0.8204 -0.5716
vn 0.0795 -0.9922 0.0963
vn -0.2330 -0.9041 0.3582
vn -0.7601 0.4285 0.4885
vn 0.0122 -0.7726 0.6347
vn 0.7581 -0.3985 -0.5162
vn -0.5810 -0.5080 -0.6359
vn -0.7247 -0.1224 0.6781
vn 0.7575 -0.0415 -0.6515
vn -0.6027 -0.1589 -0.7820
vn 0.5772 0.5463 0.6070
vn 0.9454 -0.2376 0.2230
vn 0.1271 -0.5124 -0.8493
vn -0.9035 -0.4232 0.0681
vn 0.3720 -0.6074 -0.7019
vn 0.2601 -0.0576 -0.9639
vn 0.5755 -0.0992 -0.8117
vn 0.3385 0.4881 -0.8045
vn -0.1331 -0.0856 -0.9874
vn -0.1146 0.2015 -0.9728
vn -0.9145 -0.0275 -0.4037
vn -0.9095 0.0422 -0.4135
vn -0.7509 -0.1999 -0.6295
vn 0.1142 -0.8269 -0.5506
vn -0.7844 -0.1821 -0.5929
vn -0.7543 0.1505 -0.6390
vn 0.1022 0.6524 -0.7509
vn -0.2610 0.8816 -0.3934
vn -0.5985 0.0004 -0.8011
vn -0.0705 0.9892 -0.1283
vn -0.7417 0.0393 0.6695
vn -0.1046 0.4206 0.9012
vn 0.9246 0.3791 -0.0368
vn 0.0783 0.1780 -0.9809
vn -0.9464 0.2464 -0.2087
vn 0.6020 0.1581 0.7827
vn -0.0770 -0.1270 0.9889
vn -0.1394 -0.6817 -0.7183
vn -0.0538 -0.0545 -0.9971
vn -0.3729 -0.2064 -0.9046
vn -0.2911 0.4868 -0.8236
vn 0.4058 -0.0198 -0.9138
vn 0.2837 0.2627 -0.9222
vn 0.9179 0.1257 -0.3764
vn 0.9107 0.1823 -0.3707
vn 0.8733 -0.0215 -0.4868
vn 0.8197 0.0226 -0.5724
vn 0.8064 0.2046 -0.5549
vn -0.0849 -0.0145 0.9963
vn -0.0977 0.1373 0.9857
vn -0.9931 -0.0866 -0.0794
vn -0.1221 0.5629 0.8175
vn 0.4819 -0.0373 -0.8754
vn -0.1475 0.0330 -0.9885
vn -0.8270 -0.0751 -0.5571
vn -0.8176 0.0205 -0.5755
vn -0.9457 -0.3250 -0.0095
vn 0.1196 -0.5230 -0.8439
vn 0.9722 -0.1728 0.1583
vn -0.0393 0.9198 -0.3905
vn 0.0439 -0.9144 0.4024
vn 0.9917 0.0856 0.0955
vn 0.1073 -0.1387 -0.9845
vn -0.9669 0.1810 -0.1799
vn 0.0921 -0.0082 -0.9957
vn 0.9356 0.3528 -0.0115
vn -0.2799 -0.0821 -0.9565
vn 0.3826 0.0931 -0.9192
vn 0.8793 0.0882 -0.4681
vn 0.7945 0.1457 -0.5895
vn -0.9073 -0.2665 -0.3251
vn -0.8913 0.1724 -0.4194
vn 0.9711 -0.0706 -0.2282
vn 0.9053 0.2599 -0.3360
vn -0.9670 -0.0227 -0.2538
vn 0.9817 0.1127 -0.1537
vn -0.0265 0.0620 -0.9977
vn 0.0441 0.6687 -0.7422
vn -0.8711 -0.3657 -0.3278
vn -0.8987 0.1595 -0.4086
vn 0.9648 -0.1914 -0.1804
vn 0.9459 0.2526 -0.2038
vn -0.9157 -0.0022 -0.4019
vn 0.9688 0.1090 -0.2224
vn 0.2799 -0.8105 0.5145
vn 0.2904 -0.9557 0.0479
vn -0.2526 0.9616 -0.1071
vn -0.1550 -0.8323 0.5322
vn -0.1778 -0.9818 0.0665
vn -0.6186 0.2930 -0.7290
vn 0.7134 -0.3459 -0.6095
vn 0.6142 -0.2414 0.7514
vn 0.1073 -0.4201 -0.9011
vn 0.4379 -0.4827 -0.7584
vn 0.1329 0.5145 -0.8471
vn 0.4059 0.4752 -0.7807
vn -0.8474 0.1757 -0.5011
vn -0.9407 0.0122 -0.3391
vn -0.0315 -0.3298 -0.9435
vn 0.0870 0.4991 -0.8622
vn 0.0833 -0.8454 -0.5276
vn -0.2163 0.8486 -0.4828
vn 0.1322 0.9863 -0.0987
vn 0.1265 0.8677 -0.4808
vn -0.6903 0.2958 0.6603
vn 0.5838 0.3012 -0.7540
vn 0.6882 0.3250 0.6486
vn -0.6592 -0.4115 -0.6294
vn -0.5871 -0.2976 0.7528
vn -0.0655 -0.3869 -0.9198
vn -0.3602 -0.5325 -0.7660
vn -0.2365 0.5518 -0.7998
vn -0.4137 0.5439 -0.7300
vn 0.7870 0.1464 -0.5993
vn 0.8875 0.0422 -0.4589
vn 0.1874 0.9313 -0.3123
vn 0.6979 -0.1223 0.7057
vn 0.3541 -0.8857 0.3003
vn 0.6679 0.1709 -0.7244
vn -0.0466 0.8507 -0.5236
vn 0.0608 -0.9981 -0.0096
vn -0.2331 -0.9153 0.3285
vn -0.7075 0.3979 0.5841
vn 0.0615 -0.8123 0.5801
vn 0.6785 -0.3665 -0.6367
vn -0.6784 -0.4224 -0.6012
vn -0.6451 -0.1689 0.7452
vn 0.6805 0.0110 -0.7327
vn -0.6784 -0.0196 -0.7344
vn 0.6416 0.4770 0.6007
vn 0.9520 -0.2819 0.1193
vn 0.0372 -0.3749 -0.9263
vn -0.9210 -0.3720 0.1161
vn 0.2754 -0.5302 -0.8019
vn 0.1329 0.0208 -0.9909
vn 0.4819 -0.0591 -0.8742
vn 0.2606 0.5232 -0.8113
vn -0.2415 0.0211 -0.9702
vn -0.2228 0.2922 -0.9300
vn -0.9434 0.0946 -0.3179
vn -0.9400 0.1468 -0.3081
vn -0.8185 -0.0655 -0.5707
vn -0.0156 -0.7808 -0.6246
vn -0.8358 -0.0295 -0.5482
vn -0.7755 0.2849 -0.5634
vn 0.0925 0.6846 -0.7230
vn -0.2884 0.9036 -0.3167
vn -0.6618 0.0924 -0.7440
vn -0.0663 0.9968 -0.0443
vn -0.6723 -0.0101 0.7402
vn -0.0038 0.2934 0.9560
vn 0.9409 0.3209 -0.1085
vn -0.0223 0.2757 -0.9610
vn -0.9529 0.2933 -0.0773
vn 0.6808 0.0325 0.7318
vn 0.0096 -0.2308 0.9730
vn -0.2384 -0.5269 -0.8158
vn -0.1354 0.0751 -0.9879
vn -0.4552 -0.0588 -0.8884
vn -0.3423 0.5615 -0.7534
vn 0.3148 0.0918 -0.9447
vn 0.1840 0.3571 -0.9158
vn 0.8822 0.0985 -0.4604
vn 0.8870 0.1499 -0.4368
vn 0.8093 0.0044 -0.5874
vn 0.7545 0.0135 -0.6561
vn 0.7587 0.2027 -0.6191
vn 0.0274 -0.1189 0.9925
vn 0.0028 0.0192 0.9998
vn -0.9996 -0.0268 0.0105
vn -0.0434 0.4883 0.8716
vn 0.3732 0.0270 -0.9273
vn -0.2593 0.1495 -0.9542
vn -0.8825 0.0417 -0.4685
vn -0.8524 0.1566 -0.4989
vn -0.9551 -0.2842 0.0838
vn 0.0023 -0.4324 -0.9017
vn 0.9756 -0.2189 0.0186
vn -0.0587 0.9403 -0.3352
vn 0.0640 -0.9386 0.3391
vn 0.9996 0.0288 -0.0005
vn 0.0042 -0.0085 -1.0000
vn -0.9727 0.2185 -0.0779
vn 0.0138 0.0914 -0.9957
vn 0.9430 0.3275 -0.0592
vn -0.3558 0.0664 -0.9322
vn 0.2936 0.1863 -0.9376
vn 0.8300 0.0900 -0.5504
vn 0.7363 0.1443 -0.6610
vn -0.9542 -0.1188 -0.2744
vn -0.8962 0.2902 -0.3355
vn 0.9388 -0.1253 -0.3210
vn 0.8898 0.2171 -0.4013
vn -0.9789 0.0996 -0.1783
vn 0.9721 0.0337 -0.2322
vn -0.1004 0.1757 -0.9793
vn 0.0515 0.7226 -0.6893
vn -0.9270 -0.2429 -0.2858
vn -0.9053 0.2721 -0.3261
vn 0.9249 -0.2416 -0.2937
vn 0.9485 0.1746 -0.2645
vn -0.9343 0.1352 -0.3299
vn 0.9520 0.0390 -0.3035
vn 0.3205 -0.8026 0.5031
vn 0.3149 -0.9487 -0.0290
vn -0.2654 0.9609 -0.0792
vn -0.1856 -0.8196 0.5421
vn -0.2304 -0.9731 0.0058
vn -0.6529 0.3090 -0.6916
vn 0.6882 -0.2981 -0.6614
vn 0.6395 -0.2791 0.7163
vn 0.0367 -0.3338 -0.9419
vn 0.4004 -0.3900 -0.8292
vn 0.0990 0.5055 -0.8571
vn 0.3802 0.4519 -0.8070
vn -0.8577 0.1976 -0.4747
vn -0.9500 0.0652 -0.3055
vn -0.0800 -0.2557 -0.9634
vn 0.0776 0.4955 -0.8651
vn 0.0411 -0.7843 -0.6191
vn -0.2402 0.8440 -0.4795
vn 0.1586 0.9834 -0.0882
vn 0.1341 0.8583 -0.4954
vn -0.6657 0.2670 0.6968
vn 0.5768 0.2591 -0.7747
vn 0.7386 0.2332 0.6325
vn -0.7110 -0.3114 -0.6305
vn -0.5632 -0.2935 0.7725
vn -0.0874 -0.3147 -0.9451
vn -0.3850 -0.4598 -0.8002
vn -0.2528 0.5569 -0.7912
vn -0.4277 0.5510 -0.7165
vn 0.7576 0.1311 -0.6394
vn 0.8654 0.0279 -0.5003
vn 0.2077 0.9231 -0.3237
vn 0.7111 -0.1692 0.6824
vn 0.3944 -0.8825 0.2561
vn 0.6436 0.1854 -0.7426
vn -0.0559 0.8448 -0.5321
vn 0.0506 -0.9944 -0.0928
vn -0.2845 -0.9057 0.3143
vn -0.6807 0.3924 0.6185
vn 0.0719 -0.8053 0.5885
vn 0.6576 -0.3566 -0.6636
vn -0.7206 -0.3740 -0.5839
vn -0.6264 -0.1618 0.7625
vn 0.6485 0.0226 -0.7608
vn -0.7131 0.0402 -0.6999
vn 0.6800 0.4474 0.5809
vn 0.9543 -0.2914 0.0666
vn -0.0066 -0.2831 -0.9591
vn -0.9382 -0.3133 0.1468
vn 0.2156 -0.4412 -0.8711
vn 0.0728 0.0605 -0.9955
vn 0.4310 -0.0176 -0.9022
vn 0.2267 0.5077 -0.8312
vn -0.2991 0.0667 -0.9519
vn -0.2518 0.3184 -0.9139
vn -0.9521 0.1286 -0.2775
vn -0.9528 0.1664 -0.2539
vn -0.8424 0.0013 -0.5388
vn -0.0536 -0.7746 -0.6302
vn -0.8501 0.0017 -0.5266
vn -0.7821 0.3244 -0.5321
vn 0.0781 0.6586 -0.7485
vn -0.3110 0.9011 -0.3022
vn -0.6924 0.1417 -0.7074
vn -0.0593 0.9981 -0.0189
vn -0.6427 -0.0201 0.7659
vn 0.0409 0.2316 0.9719
vn 0.9620 0.2351 -0.1388
vn -0.0544 0.2783 -0.9589
vn -0.9553 0.2946 -0.0249
vn 0.7147 -0.0263 0.6990
vn 0.0457 -0.2626 0.9638
vn -0.2617 -0.4532 -0.8521
vn -0.1517 0.1072 -0.9826
vn -0.4687 -0.0014 -0.8834
vn -0.3580 0.5659 -0.7426
vn 0.2972 0.1168 -0.9476
vn 0.1455 0.3712 -0.9171
vn 0.8621 0.0799 -0.5003
vn 0.8776 0.1228 -0.4633
vn 0.7807 0.0060 -0.6249
vn 0.7278 0.0093 -0.6858
vn 0.7368 0.1891 -0.6491
vn 0.0499 -0.1389 0.9890
vn 0.0447 -0.0271 0.9986
vn -0.9984 0.0084 0.0554
vn -0.0030 0.4625 0.8866
vn 0.3173 0.0699 -0.9457
vn -0.2998 0.1803 -0.9368
vn -0.9008 0.0840 -0.4260
vn -0.8660 0.1873 -0.4636
vn -0.9625 -0.2447 0.1172
vn -0.0341 -0.3870 -0.9214
vn 0.9673 -0.2531 -0.0149
vn -0.0625 0.9392 -0.3377
vn 0.0697 -0.9462 0.3161
vn 0.9988 -0.0067 -0.0486
vn -0.0370 0.0404 -0.9985
vn -0.9697 0.2429 -0.0270
vn -0.0201 0.1389 -0.9901
vn 0.9478 0.3046 -0.0940
vn -0.3695 0.1145 -0.9222
vn 0.2703 0.1983 -0.9421
vn 0.8080 0.0779 -0.5840
vn 0.7105 0.1320 -0.6912
vn -0.9683 -0.0749 -0.2381
vn -0.9018 0.3156 -0.2953
vn 0.9266 -0.1264 -0.3542
vn 0.8832 0.1874 -0.4300
vn -0.9820 0.1260 -0.1404
vn 0.9640 0.0070 -0.2660
vn -0.1292 0.1940 -0.9725
vn 0.0512 0.7254 -0.6864
vn -0.9441 -0.1909 -0.2688
vn -0.9102 0.2881 -0.2975
vn 0.9131 -0.2292 -0.3373
vn 0.9436 0.1321 -0.3036
vn -0.9394 0.1621 -0.3022
vn 0.9396 0.0194 -0.3418
vn 0.3058 -0.8462 0.4364
vn 0.2943 -0.9516 -0.0881
vn -0.3004 0.9538 0.0027
vn -0.1837 -0.8600 0.4761
vn -0.2301 -0.9723 -0.0401
vn -0.6790 0.3102 -0.6653
vn 0.6638 -0.2342 -0.7103
vn 0.6695 -0.2812 0.6875
vn -0.0082 -0.2675 -0.9635
vn 0.3731 -0.3165 -0.8722
vn 0.0677 0.5400 -0.8389
vn 0.3457 0.4917 -0.7992
vn -0.8787 0.1622 -0.4490
vn -0.9591 0.0364 -0.2807
vn -0.0320 -0.2390 -0.9705
vn 0.0549 0.4876 -0.8713
vn 0.0705 -0.7731 -0.6304
vn -0.2818 0.8353 -0.4721
vn 0.2217 0.9748 -0.0232
vn 0.1608 0.8425 -0.5142
vn -0.6569 0.2033 0.7261
vn 0.5685 0.3066 -0.7634
vn 0.7428 0.2373 0.6260
vn -0.7484 -0.2337 -0.6208
vn -0.5637 -0.2856 0.7750
vn -0.0675 -0.3025 -0.9507
vn -0.3795 -0.4516 -0.8075
vn -0.2457 0.5579 -0.7927
vn -0.4393 0.5504 -0.7100
vn 0.7476 0.1852 -0.6378
vn 0.8419 0.0810 -0.5335
vn 0.2642 0.9106 -0.3178
vn 0.7264 -0.1980 0.6581
vn 0.3772 -0.9072 0.1860
vn 0.6241 0.1967 -0.7562
vn -0.0688 0.8357 -0.5449
vn 0.0366 -0.9889 -0.1441
vn -0.2779 -0.9256 0.2569
vn -0.6612 0.3641 0.6559
vn 0.0586 -0.8520 0.5203
vn 0.6512 -0.3182 -0.6890
vn -0.7251 -0.3564 -0.5892
vn -0.6079 -0.2335 0.7589
vn 0.6356 0.0573 -0.7699
vn -0.7388 0.0400 -0.6728
vn 0.7162 0.3935 0.5764
vn 0.9636 -0.2671 0.0082
vn -0.0454 -0.1999 -0.9788
vn -0.9498 -0.2694 0.1593
vn 0.1719 -0.3728 -0.9119
vn 0.0285 0.1107 -0.9934
vn 0.3943 0.0530 -0.9174
vn 0.1947 0.5429 -0.8169
vn -0.3367 0.1073 -0.9355
vn -0.2800 0.3502 -0.8938
vn -0.9638 0.0905 -0.2508
vn -0.9687 0.1281 -0.2125
vn -0.8623 -0.0107 -0.5062
vn -0.0216 -0.7562 -0.6539
vn -0.8567 -0.0475 -0.5136
vn -0.7957 0.3238 -0.5119
vn 0.0503 0.6353 -0.7706
vn -0.3580 0.8951 -0.2656
vn -0.7154 0.2008 -0.6692
vn -0.0498 0.9961 0.0730
vn -0.6304 -0.0582 0.7741
vn 0.0442 0.1876 0.9813
vn 0.9486 0.2779 -0.1517
vn -0.0568 0.3099 -0.9491
vn -0.9671 0.2528 0.0283
vn 0.7375 -0.0287 0.6748
vn 0.0615 -0.2713 0.9605
vn -0.2495 -0.4386 -0.8634
vn -0.1325 0.1178 -0.9841
vn -0.4705 0.0078 -0.8823
vn -0.3614 0.5670 -0.7402
vn 0.3059 0.1210 -0.9443
vn 0.1615 0.3707 -0.9146
vn 0.8437 0.1316 -0.5204
vn 0.8560 0.1700 -0.4882
vn 0.7694 0.0407 -0.6375
vn 0.7020 0.0793 -0.7078
vn 0.7188 0.2075 -0.6635
vn 0.0615 -0.2073 0.9763
vn 0.0552 -0.0559 0.9969
vn -0.9952 -0.0200 0.0955
vn 0.0290 0.4031 0.9147
vn 0.2753 0.1330 -0.9521
vn -0.3376 0.2049 -0.9187
vn -0.9183 0.0632 -0.3909
vn -0.8870 0.1556 -0.4349
vn -0.9524 -0.2783 0.1246
vn -0.0412 -0.3466 -0.9371
vn 0.9697 -0.2393 -0.0497
vn -0.0715 0.9427 -0.3258
vn 0.0510 -0.9675 0.2478
vn 0.9959 0.0195 -0.0889
vn -0.0500 0.0656 -0.9966
vn -0.9647 0.2624 0.0206
vn -0.0473 0.1905 -0.9805
vn 0.9555 0.2680 -0.1232
vn -0.3620 0.1194 -0.9245
vn 0.2779 0.2083 -0.9378
vn 0.7971 0.1138 -0.5930
vn 0.6829 0.1856 -0.7065
vn -0.9653 -0.1474 -0.2155
vn -0.9274 0.2811 -0.2469
vn 0.9182 -0.0561 -0.3921
vn 0.8656 0.2155 -0.4519
vn -0.9933 0.0623 -0.0977
vn 0.9502 0.0807 -0.3011
vn -0.1622 0.2059 -0.9650
vn 0.0195 0.7404 -0.6718
vn -0.9324 -0.2539 -0.2570
vn -0.9302 0.2427 -0.2754
vn 0.9139 -0.1747 -0.3665
vn 0.9254 0.1778 -0.3347
vn -0.9534 0.1073 -0.2821
vn 0.9246 0.0946 -0.3689
vn 0.2947 -0.8841 0.3625
vn 0.2778 -0.9395 -0.2005
vn -0.2866 0.9558 0.0654
vn -0.2142 -0.8891 0.4044
vn -0.2646 -0.9523 -0.1522
vn -0.6893 0.3193 -0.6503
vn 0.6580 -0.1921 -0.7281
vn 0.6807 -0.3144 0.6617
vn -0.0433 -0.2059 -0.9776
vn 0.3348 -0.2567 -0.9066
vn 0.0592 0.5617 -0.8252
vn 0.3529 0.5060 -0.7870
vn -0.8870 0.1629 -0.4321
vn -0.9555 0.0510 -0.2904
vn -0.0288 -0.1693 -0.9851
vn 0.0188 0.5292 -0.8483
vn 0.0581 -0.6634 -0.7460
vn -0.2764 0.8659 -0.4169
vn 0.2256 0.9739 0.0252
vn 0.1656 0.8724 -0.4599
vn -0.6438 0.1619 0.7478
vn 0.5852 0.3091 -0.7497
vn 0.7420 0.1790 0.6461
vn -0.7462 -0.2206 -0.6281
vn -0.5644 -0.3205 0.7607
vn -0.0492 -0.2303 -0.9719
vn -0.3593 -0.3679 -0.8576
vn -0.2209 0.5812 -0.7832
vn -0.4294 0.5747 -0.6967
vn 0.7604 0.1855 -0.6223
vn 0.8307 0.0992 -0.5479
vn 0.2624 0.9276 -0.2659
vn 0.7175 -0.2667 0.6435
vn 0.3683 -0.9253 0.0900
vn 0.6112 0.2495 -0.7511
vn -0.0558 0.8683 -0.4928
vn 0.0099 -0.9655 -0.2600
vn -0.3164 -0.9344 0.1636
vn -0.6468 0.3275 0.6887
vn 0.0380 -0.8925 0.4494
vn 0.6375 -0.2796 -0.7180
vn -0.7274 -0.2974 -0.6184
vn -0.6063 -0.2803 0.7442
vn 0.6331 0.0757 -0.7704
vn -0.7397 0.0676 -0.6695
vn 0.7218 0.3647 0.5883
vn 0.9668 -0.2534 -0.0326
vn -0.0409 -0.1653 -0.9854
vn -0.9477 -0.2801 0.1528
vn 0.1277 -0.3023 -0.9446
vn -0.0001 0.1576 -0.9875
vn 0.3719 0.1068 -0.9221
vn 0.1965 0.5612 -0.8040
vn -0.3524 0.1309 -0.9267
vn -0.2973 0.3732 -0.8788
vn -0.9633 0.0928 -0.2518
vn -0.9668 0.1335 -0.2178
vn -0.8731 0.0147 -0.4873
vn -0.0202 -0.7095 -0.7044
vn -0.8326 -0.0244 -0.5533
vn -0.8040 0.3173 -0.5029
vn 0.0215 0.6784 -0.7344
vn -0.3506 0.9151 -0.1994
vn -0.7288 0.2177 -0.6492
vn -0.0369 0.9912 0.1273
vn -0.6315 -0.0801 0.7712
vn 0.0489 0.1252 0.9909
vn 0.9595 0.2522 -0.1259
vn -0.0519 0.3231 -0.9449
vn -0.9683 0.2425 0.0601
vn 0.7398 -0.0690 0.6693
vn 0.0608 -0.3208 0.9452
vn -0.2277 -0.3530 -0.9075
vn -0.1063 0.1675 -0.9801
vn -0.4469 0.0880 -0.8902
vn -0.3474 0.5912 -0.7279
vn 0.3163 0.1378 -0.9386
vn 0.1924 0.3849 -0.9027
vn 0.8405 0.1378 -0.5240
vn 0.8558 0.1705 -0.4883
vn 0.7750 0.0544 -0.6296
vn 0.6912 0.0890 -0.7171
vn 0.7031 0.2526 -0.6647
vn 0.0576 -0.2819 0.9577
vn 0.0539 -0.1008 0.9934
vn -0.9953 -0.0104 0.0966
vn 0.0421 0.3543 0.9342
vn 0.2509 0.1744 -0.9522
vn -0.3530 0.2289 -0.9072
vn -0.9202 0.0798 -0.3832
vn -0.8840 0.1584 -0.4398
vn -0.9565 -0.2724 0.1046
vn -0.0497 -0.2728 -0.9608
vn 0.9634 -0.2584 -0.0709
vn -0.0538 0.9636 -0.2620
vn 0.0269 -0.9886 0.1482
vn 0.9953 0.0100 -0.0962
vn -0.0503 0.0955 -0.9942
vn -0.9654 0.2553 0.0532
vn -0.0582 0.2313 -0.9711
vn 0.9495 0.2888 -0.1226
vn -0.3353 0.1736 -0.9260
vn 0.2951 0.2256 -0.9284
vn 0.8019 0.1202 -0.5852
vn 0.6843 0.1975 -0.7020
vn -0.9600 -0.1293 -0.2484
vn -0.9287 0.2761 -0.2477
vn 0.9118 -0.0502 -0.4075
vn 0.8606 0.2518 -0.4427
vn -0.9917 0.0656 -0.1104
vn 0.9535 0.0821 -0.2899
vn -0.1582 0.2255 -0.9613
vn -0.0070 0.7657 -0.6431
vn -0.9294 -0.2147 -0.3003
vn -0.9316 0.2426 -0.2708
vn 0.9125 -0.1512 -0.3800
vn 0.9216 0.2011 -0.3319
vn -0.9507 0.1081 -0.2906
vn 0.9242 0.0999 -0.3686
vn 0.3262 -0.8582 0.3964
vn 0.2770 -0.9520 -0.1298
vn -0.2892 0.9457 0.1484
vn -0.1747 -0.8714 0.4584
vn -0.2422 -0.9688 -0.0518
vn -0.7506 0.1879 -0.6335
vn 0.6271 -0.2228 -0.7464
vn 0.7288 -0.2205 0.6482
vn -0.0880 -0.3668 -0.9261
vn 0.2821 -0.3917 -0.8758
vn 0.0056 0.4852 -0.8744
vn 0.3366 0.4349 -0.8352
vn -0.9288 0.0603 -0.3657
vn -0.9667 -0.0203 -0.2550
vn -0.0541 -0.3032 -0.9514
vn -0.0327 0.4377 -0.8986
vn 0.0473 -0.7511 -0.6585
vn -0.3146 0.8500 -0.4224
vn 0.2502 0.9626 0.1041
vn 0.1810 0.8631 -0.4715
vn -0.6131 0.2543 0.7480
vn 0.5574 0.2429 -0.7939
vn 0.7586 0.3456 0.5523
vn -0.7423 -0.3067 -0.5958
vn -0.5897 -0.2733 0.7599
vn -0.0779 -0.3648 -0.9278
vn -0.3722 -0.4992 -0.7825
vn -0.2468 0.5274 -0.8130
vn -0.4865 0.5209 -0.7014
vn 0.7403 0.1428 -0.6569
vn 0.8000 0.0718 -0.5957
vn 0.2859 0.9294 -0.2333
vn 0.7661 -0.1759 0.6182
vn 0.3775 -0.9168 0.1300
vn 0.5895 0.2417 -0.7707
vn -0.0702 0.8544 -0.5149
vn 0.0157 -0.9857 -0.1680
vn -0.2767 -0.9308 0.2389
vn -0.6219 0.3004 0.7232
vn 0.0737 -0.8636 0.4987
vn 0.6092 -0.3377 -0.7176
vn -0.7469 -0.3836 -0.5432
vn -0.5666 -0.2264 0.7923
vn 0.6030 0.0064 -0.7977
vn -0.7698 -0.0886 -0.6321
vn 0.7264 0.3254 0.6054
vn 0.9736 -0.2070 -0.0962
vn -0.0680 -0.2554 -0.9644
vn -0.9421 -0.3026 0.1447
vn 0.0794 -0.4527 -0.8881
vn -0.0521 0.0275 -0.9983
vn 0.3397 0.0196 -0.9403
vn 0.1616 0.4918 -0.8556
vn -0.4209 -0.0204 -0.9069
vn -0.3713 0.2499 -0.8943
vn -0.9796 0.0133 -0.2007
vn -0.9821 0.0584 -0.1790
vn -0.9101 -0.0982 -0.4025
vn -0.0254 -0.7747 -0.6318
vn -0.8664 -0.1336 -0.4812
vn -0.8530 0.2251 -0.4708
vn -0.0345 0.6002 -0.7991
vn -0.3753 0.9136 -0.1566
vn -0.7423 0.1905 -0.6424
vn -0.0214 0.9759 0.2170
vn -0.6131 0.0301 0.7894
vn 0.0882 0.3079 0.9473
vn 0.9326 0.3012 -0.1987
vn -0.0990 0.1897 -0.9768
vn -0.9741 0.1998 0.1063
vn 0.7721 0.1488 0.6178
vn 0.0619 -0.2231 0.9728
vn -0.2488 -0.4853 -0.8382
vn -0.1388 0.0729 -0.9876
vn -0.4970 -0.0196 -0.8675
vn -0.3909 0.5408 -0.7448
vn 0.2787 0.0419 -0.9595
vn 0.1854 0.3058 -0.9339
vn 0.8136 0.1095 -0.5710
vn 0.8191 0.1611 -0.5506
vn 0.7635 0.0170 -0.6456
vn 0.6609 0.0330 -0.7497
vn 0.6858 0.1957 -0.7010
vn 0.1115 -0.1702 0.9791
vn 0.0855 0.1265 0.9883
vn -0.9876 -0.0634 0.1438
vn 0.0557 0.2965 0.9534
vn 0.2142 0.0532 -0.9753
vn -0.4204 0.0842 -0.9034
vn -0.9438 -0.0129 -0.3303
vn -0.9185 0.0616 -0.3906
vn -0.9365 -0.2996 0.1821
vn -0.0876 -0.3808 -0.9205
vn 0.9651 -0.2413 -0.1019
vn -0.0567 0.9723 -0.2266
vn 0.0485 -0.9773 0.2064
vn 0.9849 0.0843 -0.1514
vn -0.0881 -0.0541 -0.9946
vn -0.9652 0.2513 0.0723
vn -0.0870 0.1951 -0.9769
vn 0.9486 0.2869 -0.1337
vn -0.3783 0.0663 -0.9233
vn 0.2672 0.1460 -0.9525
vn 0.7779 0.0938 -0.6213
vn 0.6589 0.1370 -0.7397
vn -0.9623 -0.2103 -0.1724
vn -0.9587 0.2009 -0.2015
vn 0.8883 -0.0629 -0.4549
vn 0.8495 0.2139 -0.4824
vn -0.9986 0.0089 -0.0528
vn 0.9364 0.0826 -0.3412
vn -0.2142 0.0955 -0.9721
vn -0.0624 0.7076 -0.7038
vn -0.9326 -0.2890 -0.2162
vn -0.9576 0.1692 -0.2333
vn 0.8996 -0.1623 -0.4054
vn 0.9015 0.1800 -0.3935
vn -0.9708 0.0277 -0.2381
vn 0.9022 0.0854 -0.4228
vn 0.2895 -0.9024 0.3191
vn 0.2436 -0.9494 -0.1981
vn -0.2728 0.9575 0.0936
vn -0.1891 -0.9038 0.3839
vn -0.2598 -0.9575 -0.1256
vn -0.7424 0.2590 -0.6179
vn 0.6139 -0.2380 -0.7526
vn 0.7375 -0.2643 0.6214
vn -0.1151 -0.2775 -0.9538
vn 0.2611 -0.3187 -0.9112
vn 0.0069 0.5376 -0.8432
vn 0.3162 0.4847 -0.8155
vn -0.9196 0.1177 -0.3748
vn -0.9685 0.0053 -0.2490
vn -0.0569 -0.2599 -0.9640
vn -0.0509 0.4815 -0.8750
vn 0.0232 -0.7045 -0.7093
vn -0.3047 0.8688 -0.3902
vn 0.2299 0.9730 0.0215
vn 0.1568 0.8756 -0.4569
vn -0.6058 0.2252 0.7631
vn 0.5554 0.2729 -0.7855
vn 0.7684 0.2734 0.5786
vn -0.7688 -0.2993 -0.5651
vn -0.5420 -0.2867 0.7900
vn -0.0833 -0.3073 -0.9479
vn -0.3748 -0.4391 -0.8165
vn -0.2482 0.5622 -0.7888
vn -0.4660 0.5594 -0.6855
vn 0.7375 0.1663 -0.6545
vn 0.7970 0.0853 -0.5979
vn 0.2574 0.9318 -0.2559
vn 0.7551 -0.2398 0.6102
vn 0.3417 -0.9379 0.0594
vn 0.5705 0.2312 -0.7881
vn -0.0745 0.8710 -0.4855
vn -0.0100 -0.9707 -0.2400
vn -0.2934 -0.9419 0.1635
vn -0.6024 0.3389 0.7227
vn 0.0496 -0.9081 0.4157
vn 0.5984 -0.3150 -0.7367
vn -0.7547 -0.3353 -0.5640
vn -0.5652 -0.2653 0.7812
vn 0.5991 0.0347 -0.7999
vn -0.7842 -0.0025 -0.6205
vn 0.7484 0.3770 0.5458
vn 0.9662 -0.2375 -0.1003
vn -0.0924 -0.2552 -0.9625
vn -0.9336 -0.2965 0.2013
vn 0.0518 -0.3689 -0.9280
vn -0.0689 0.1077 -0.9918
vn 0.3151 0.0811 -0.9456
vn 0.1555 0.5409 -0.8266
vn -0.4209 0.0642 -0.9048
vn -0.3721 0.3141 -0.8734
vn -0.9782 0.0485 -0.2021
vn -0.9781 0.1055 -0.1794
vn -0.9114 -0.0551 -0.4078
vn -0.0444 -0.7145 -0.6982
vn -0.8606 -0.0845 -0.5022
vn -0.8514 0.2538 -0.4591
vn -0.0288 0.6606 -0.7502
vn -0.3592 0.9207 -0.1527
vn -0.7685 0.1866 -0.6120
vn -0.0215 0.9909 0.1328
vn -0.5979 -0.0360 0.8007
vn 0.0967 0.2322 0.9679
vn 0.9426 0.2780 -0.1851
vn -0.1031 0.2562 -0.9611
vn -0.9658 0.2333 0.1129
vn 0.7845 0.0007 0.6201
vn 0.1074 -0.2666 0.9578
vn -0.2525 -0.4248 -0.8694
vn -0.1419 0.1231 -0.9822
vn -0.4849 0.0457 -0.8734
vn -0.3810 0.5768 -0.7226
vn 0.2770 0.0785 -0.9577
vn 0.1856 0.3347 -0.9239
vn 0.8135 0.1217 -0.5686
vn 0.8230 0.1654 -0.5434
vn 0.7577 0.0237 -0.6521
vn 0.6558 0.0574 -0.7528
vn 0.6769 0.2222 -0.7017
vn 0.1098 -0.2398 0.9646
vn 0.1044 -0.0247 0.9942
vn -0.9874 -0.0274 0.1555
vn 0.0925 0.3776 0.9214
vn 0.1912 0.1244 -0.9736
vn -0.4233 0.1599 -0.8918
vn -0.9431 0.0352 -0.3306
vn -0.9123 0.1068 -0.3953
vn -0.9417 -0.2927 0.1660
vn -0.0981 -0.3243 -0.9408
vn 0.9570 -0.2668 -0.1136
vn -0.0542 0.9726 -0.2259
vn 0.0235 -0.9915 0.1277
vn 0.9875 0.0281 -0.1554
vn -0.1031 0.0208 -0.9945
vn -0.9626 0.2489 0.1069
vn -0.1140 0.1866 -0.9758
vn 0.9383 0.2962 -0.1784
vn -0.3731 0.1191 -0.9201
vn 0.2638 0.1768 -0.9482
vn 0.7763 0.1023 -0.6220
vn 0.6524 0.1693 -0.7387
vn -0.9642 -0.1758 -0.1985
vn -0.9525 0.2314 -0.1979
vn 0.8857 -0.0655 -0.4596
vn 0.8435 0.2402 -0.4805
vn -0.9977 0.0337 -0.0586
vn 0.9367 0.0876 -0.3389
vn -0.2112 0.1733 -0.9620
vn -0.0583 0.7523 -0.6562
vn -0.9374 -0.2392 -0.2531
vn -0.9520 0.2093 -0.2234
vn 0.8933 -0.1541 -0.4222
vn 0.9003 0.2100 -0.3812
vn -0.9682 0.0658 -0.2414
vn 0.9048 0.0975 -0.4146
vn 0.2718 -0.9223 0.2747
vn 0.2265 -0.9417 -0.2488
vn -0.2475 0.9545 0.1665
vn -0.2099 -0.9176 0.3374
vn -0.2763 -0.9441 -0.1797
vn -0.7278 0.3169 -0.6082
vn 0.6040 -0.2187 -0.7664
vn 0.7252 -0.3280 0.6055
vn -0.1351 -0.2201 -0.9661
vn 0.2371 -0.2781 -0.9308
vn 0.0088 0.6052 -0.7960
vn 0.3155 0.5439 -0.7776
vn -0.9110 0.1645 -0.3781
vn -0.9638 0.0513 -0.2615
vn -0.0562 -0.2224 -0.9733
vn -0.0445 0.5222 -0.8517
vn 0.0106 -0.6641 -0.7476
vn -0.2889 0.8982 -0.3314
vn 0.2515 0.9631 0.0954
vn 0.1817 0.8993 -0.3979
vn -0.6005 0.2147 0.7702
vn 0.5608 0.3037 -0.7703
vn 0.7654 0.2405 0.5968
vn -0.7698 -0.2450 -0.5893
vn -0.5474 -0.3264 0.7706
vn -0.0706 -0.2645 -0.9618
vn -0.3610 -0.3997 -0.8426
vn -0.2194 0.6307 -0.7444
vn -0.4357 0.6296 -0.6433
vn 0.7407 0.1826 -0.6465
vn 0.7969 0.0992 -0.5960
vn 0.2835 0.9415 -0.1824
vn 0.7475 -0.2743 0.6050
vn 0.3249 -0.9457 0.0074
vn 0.5791 0.2582 -0.7733
vn -0.0541 0.9014 -0.4297
vn -0.0266 -0.9563 -0.2912
vn -0.3142 -0.9430 0.1097
vn -0.5887 0.3026 0.7495
vn 0.0288 -0.9284 0.3704
vn 0.5918 -0.2859 -0.7537
vn -0.7560 -0.2864 -0.5886
vn -0.5765 -0.2810 0.7673
vn 0.5983 0.0637 -0.7987
vn -0.7769 0.0613 -0.6266
vn 0.7525 0.3196 0.5759
vn 0.9565 -0.2685 -0.1139
vn -0.0967 -0.1972 -0.9756
vn -0.9408 -0.2891 0.1773
vn 0.0286 -0.3204 -0.9469
vn -0.0799 0.1787 -0.9807
vn 0.3033 0.1350 -0.9433
vn 0.1571 0.6044 -0.7810
vn -0.4191 0.1331 -0.8981
vn -0.3693 0.3885 -0.8442
vn -0.9733 0.0900 -0.2110
vn -0.9727 0.1493 -0.1778
vn -0.9097 -0.0006 -0.4153
vn -0.0562 -0.6684 -0.7417
vn -0.8491 -0.0410 -0.5267
vn -0.8434 0.2970 -0.4476
vn -0.0070 0.7031 -0.7110
vn -0.3399 0.9371 -0.0798
vn -0.7629 0.2387 -0.6009
vn 0.0032 0.9790 0.2040
vn -0.5999 -0.0684 0.7972
vn 0.0935 0.1939 0.9766
vn 0.9467 0.2753 -0.1674
vn -0.0929 0.3099 -0.9462
vn -0.9567 0.2652 0.1197
vn 0.7790 -0.0599 0.6242
vn 0.0989 -0.3313 0.9383
vn -0.2402 -0.3847 -0.8913
vn -0.1207 0.1883 -0.9747
vn -0.4665 0.1135 -0.8772
vn -0.3516 0.6461 -0.6774
vn 0.2869 0.1238 -0.9499
vn 0.2046 0.3913 -0.8972
vn 0.8150 0.1326 -0.5641
vn 0.8285 0.1764 -0.5314
vn 0.7584 0.0396 -0.6506
vn 0.6510 0.0747 -0.7554
vn 0.6822 0.2417 -0.6901
vn 0.0975 -0.2773 0.9558
vn 0.0985 -0.0892 0.9911
vn -0.9890 -0.0058 0.1480
vn 0.1007 0.3149 0.9438
vn 0.1798 0.1856 -0.9660
vn -0.4202 0.2350 -0.8764
vn -0.9401 0.0850 -0.3302
vn -0.9022 0.1579 -0.4013
vn -0.9513 -0.2721 0.1451
vn -0.0992 -0.2746 -0.9564
vn 0.9541 -0.2718 -0.1253
vn -0.0288 0.9889 -0.1456
vn 0.0033 -0.9975 0.0702
vn 0.9883 0.0079 -0.1524
vn -0.0992 0.0835 -0.9916
vn -0.9577 0.2585 0.1267
vn -0.1082 0.2421 -0.9642
vn 0.9480 0.2785 -0.1540
vn -0.3514 0.1841 -0.9180
vn 0.2763 0.2267 -0.9339
vn 0.7808 0.1171 -0.6138
vn 0.6526 0.1946 -0.7323
vn -0.9631 -0.1449 -0.2266
vn -0.9438 0.2702 -0.1902
vn 0.8824 -0.0723 -0.4650
vn 0.8531 0.2452 -0.4604
vn -0.9954 0.0670 -0.0678
vn 0.9410 0.0804 -0.3287
vn -0.2012 0.2314 -0.9518
vn -0.0314 0.7971 -0.6030
vn -0.9379 -0.2005 -0.2833
vn -0.9417 0.2544 -0.2202
vn 0.8891 -0.1559 -0.4303
vn 0.9069 0.2101 -0.3652
vn -0.9619 0.1071 -0.2515
vn 0.9081 0.0953 -0.4077
vn 0.2626 -0.9052 0.3340
vn 0.2264 -0.9664 -0.1221
vn -0.2099 0.9666 0.1473
vn -0.1888 -0.9007 0.3912
vn -0.2429 -0.9683 -0.0583
vn -0.7498 0.1929 -0.6329
vn 0.5794 -0.3039 -0.7563
vn 0.7847 -0.1923 0.5893
vn -0.1247 -0.3539 -0.9269
vn 0.2380 -0.3994 -0.8853
vn 0.0051 0.5615 -0.8275
vn 0.3199 0.5048 -0.8018
vn -0.9198 0.1151 -0.3750
vn -0.9599 -0.0044 -0.2803
vn -0.0390 -0.3359 -0.9411
vn -0.0448 0.4655 -0.8839
vn 0.0261 -0.7428 -0.6690
vn -0.2638 0.9073 -0.3275
vn 0.2299 0.9691 0.0894
vn 0.1797 0.9037 -0.3886
vn -0.6074 0.3650 0.7055
vn 0.5791 0.2021 -0.7898
vn 0.7416 0.4166 0.5258
vn -0.7373 -0.3429 -0.5821
vn -0.6130 -0.2236 0.7578
vn -0.0585 -0.3957 -0.9165
vn -0.3354 -0.5178 -0.7870
vn -0.2091 0.5945 -0.7765
vn -0.4251 0.6002 -0.6775
vn 0.7561 0.1352 -0.6404
vn 0.7968 0.0478 -0.6023
vn 0.2818 0.9438 -0.1728
vn 0.7599 -0.1799 0.6246
vn 0.3117 -0.9450 0.0992
vn 0.5818 0.2620 -0.7700
vn -0.0424 0.9082 -0.4163
vn -0.0088 -0.9873 -0.1588
vn -0.2787 -0.9406 0.1940
vn -0.5879 0.3423 0.7329
vn 0.0334 -0.9045 0.4252
vn 0.6039 -0.3779 -0.7018
vn -0.7465 -0.3872 -0.5411
vn -0.5864 -0.1969 0.7858
vn 0.6128 -0.0822 -0.7859
vn -0.7799 -0.1185 -0.6146
vn 0.7480 0.3436 0.5678
vn 0.9543 -0.2591 -0.1488
vn -0.0895 -0.3225 -0.9423
vn -0.9431 -0.2988 0.1459
vn 0.0326 -0.4489 -0.8930
vn -0.0761 0.0840 -0.9936
vn 0.3132 0.0570 -0.9480
vn 0.1595 0.5664 -0.8085
vn -0.3948 0.0148 -0.9186
vn -0.3949 0.2713 -0.8777
vn -0.9748 0.0438 -0.2186
vn -0.9662 0.1202 -0.2281
vn -0.9232 -0.1331 -0.3604
vn -0.0418 -0.7238 -0.6887
vn -0.8499 -0.1065 -0.5161
vn -0.8482 0.2438 -0.4703
vn -0.0113 0.6683 -0.7438
vn -0.3165 0.9451 -0.0812
vn -0.7548 0.2516 -0.6058
vn 0.0074 0.9870 0.1608
vn -0.6163 0.1188 0.7785
vn 0.0775 0.4206 0.9040
vn 0.9337 0.3057 -0.1865
vn -0.0862 0.1427 -0.9860
vn -0.9571 0.2698 0.1057
vn 0.7818 0.1800 0.5969
vn 0.0946 -0.1600 0.9826
vn -0.2202 -0.5069 -0.8334
vn -0.1099 0.1026 -0.9886
vn -0.4584 0.0283 -0.8883
vn -0.3435 0.6155 -0.7093
vn 0.2747 0.0163 -0.9614
vn 0.2457 0.2931 -0.9240
vn 0.8215 0.0863 -0.5636
vn 0.8166 0.1449 -0.5587
vn 0.7901 -0.0589 -0.6101
vn 0.6619 0.0134 -0.7495
vn 0.6890 0.1908 -0.6992
vn 0.0968 -0.1465 0.9845
vn 0.0930 0.2054 0.9743
vn -0.9860 -0.0163 0.1661
vn 0.0957 0.3540 0.9303
vn 0.1881 0.0908 -0.9779
vn -0.4202 0.1119 -0.9005
vn -0.9330 0.0123 -0.3598
vn -0.9052 0.1002 -0.4131
vn -0.9426 -0.2807 0.1810
vn -0.0814 -0.4236 -0.9022
vn 0.9590 -0.2684 -0.0910
vn -0.0200 0.9890 -0.1464
vn 0.0133 -0.9873 0.1583
vn 0.9894 0.0434 -0.1388
vn -0.0849 -0.1343 -0.9873
vn -0.9540 0.2743 0.1209
vn -0.0989 0.2523 -0.9626
vn 0.9499 0.2748 -0.1488
vn -0.3432 0.0916 -0.9348
vn 0.2886 0.1243 -0.9493
vn 0.7784 0.0553 -0.6253
vn 0.6633 0.1338 -0.7363
vn -0.9574 -0.1889 -0.2182
vn -0.9488 0.2342 -0.2121
vn 0.8854 -0.1093 -0.4518
vn 0.8581 0.2170 -0.4654
vn -0.9961 0.0435 -0.0770
vn 0.9431 0.0648 -0.3263
vn -0.1960 0.1430 -0.9701
vn -0.0435 0.7499 -0.6601
vn -0.9310 -0.2402 -0.2747
vn -0.9460 0.2201 -0.2379
vn 0.8926 -0.1855 -0.4110
vn 0.9087 0.1968 -0.3682
vn -0.9626 0.0670 -0.2624
vn 0.9119 0.0704 -0.4043
vn 0.2621 -0.9103 0.3205
vn 0.2179 -0.9654 -0.1430
vn -0.2166 0.9721 0.0905
vn -0.1999 -0.9030 0.3804
vn -0.2507 -0.9649 -0.0782
vn -0.7591 0.1557 -0.6321
vn 0.6043 -0.3507 -0.7154
vn 0.7442 -0.2409 0.6230
vn -0.1300 -0.4611 -0.8778
vn 0.2388 -0.4865 -0.8404
vn 0.0022 0.5108 -0.8597
vn 0.3426 0.4530 -0.8230
vn -0.9363 0.0394 -0.3491
vn -0.9581 -0.0364 -0.2843
vn -0.0228 -0.4253 -0.9047
vn -0.0383 0.4305 -0.9018
vn 0.0390 -0.7800 -0.6245
vn -0.2657 0.8954 -0.3574
vn 0.2214 0.9748 0.0286
vn 0.1824 0.8921 -0.4133
vn -0.6018 0.3783 0.7034
vn 0.5899 0.1792 -0.7873
vn 0.7375 0.4243 0.5254
vn -0.7415 -0.3951 -0.5423
vn -0.5811 -0.2426 0.7768
vn -0.0492 -0.4830 -0.8742
vn -0.3277 -0.5900 -0.7379
vn -0.2010 0.5531 -0.8085
vn -0.4429 0.5659 -0.6954
vn 0.7770 0.0838 -0.6240
vn 0.8022 0.0201 -0.5967
vn 0.2619 0.9427 -0.2068
vn 0.7574 -0.1798 0.6277
vn 0.3064 -0.9487 0.0774
vn 0.5914 0.1955 -0.7824
vn -0.0384 0.8907 -0.4529
vn -0.0174 -0.9837 -0.1791
vn -0.2897 -0.9415 0.1720
vn -0.5974 0.3700 0.7115
vn 0.0290 -0.9090 0.4159
vn 0.6030 -0.3798 -0.7015
vn -0.7477 -0.3888 -0.5384
vn -0.5828 -0.1883 0.7905
vn 0.6171 -0.0831 -0.7825
vn -0.7796 -0.1223 -0.6142
vn 0.7455 0.3745 0.5514
vn 0.9541 -0.2817 -0.1013
vn -0.0778 -0.3929 -0.9163
vn -0.9332 -0.3094 0.1825
vn 0.0273 -0.5412 -0.8405
vn -0.0811 -0.0019 -0.9967
vn 0.3314 -0.0054 -0.9435
vn 0.1677 0.5199 -0.8376
vn -0.4316 -0.1070 -0.8957
vn -0.4046 0.2197 -0.8877
vn -0.9741 -0.0016 -0.2262
vn -0.9707 0.0656 -0.2314
vn -0.9201 -0.1387 -0.3664
vn -0.0247 -0.7623 -0.6468
vn -0.8449 -0.1815 -0.5033
vn -0.8578 0.2047 -0.4715
vn -0.0058 0.6557 -0.7550
vn -0.3039 0.9455 -0.1169
vn -0.7608 0.1791 -0.6238
vn 0.0036 0.9930 0.1181
vn -0.6261 0.0803 0.7756
vn 0.0799 0.4412 0.8938
vn 0.9369 0.2962 -0.1856
vn -0.0868 0.1101 -0.9901
vn -0.9615 0.2561 0.0994
vn 0.7873 0.1131 0.6061
vn 0.0834 -0.2077 0.9746
vn -0.2110 -0.5821 -0.7853
vn -0.1018 0.0309 -0.9943
vn -0.4720 -0.0297 -0.8811
vn -0.3486 0.5818 -0.7348
vn 0.3066 -0.0803 -0.9484
vn 0.2642 0.2442 -0.9331
vn 0.8247 0.0515 -0.5633
vn 0.8239 0.1086 -0.5563
vn 0.7879 -0.0631 -0.6126
vn 0.6692 -0.0480 -0.7415
vn 0.7021 0.1508 -0.6959
vn 0.1001 -0.1364 0.9856
vn 0.0843 0.1370 0.9870
vn -0.9896 -0.0237 0.1422
vn 0.0865 0.4033 0.9110
vn 0.1986 0.0059 -0.9801
vn -0.4409 0.0295 -0.8971
vn -0.9446 -0.0300 -0.3270
vn -0.9125 0.0367 -0.4074
vn -0.9427 -0.2812 0.1794
vn -0.0861 -0.4206 -0.9032
vn 0.9576 -0.2734 -0.0904
vn -0.0164 0.9856 -0.1685
vn 0.0058 -0.9910 0.1336
vn 0.9877 0.0184 -0.1555
vn -0.0852 -0.1434 -0.9860
vn -0.9568 0.2734 0.0984
vn -0.0947 0.1442 -0.9850
vn 0.9441 0.2831 -0.1691
vn -0.3479 0.0199 -0.9373
vn 0.3093 0.0615 -0.9490
vn 0.8004 0.0271 -0.5988
vn 0.6777 0.0776 -0.7312
vn -0.9476 -0.2423 -0.2081
vn -0.9539 0.2114 -0.2133
vn 0.8806 -0.1380 -0.4533
vn 0.8673 0.1954 -0.4578
vn -0.9973 0.0107 -0.0725
vn 0.9457 0.0549 -0.3204
vn -0.1946 0.0473 -0.9797
vn -0.0466 0.7216 -0.6907
vn -0.9238 -0.2844 -0.2563
vn -0.9481 0.1967 -0.2498
vn 0.8975 -0.2017 -0.3923
vn 0.9061 0.1890 -0.3785
vn -0.9642 0.0154 -0.2646
vn 0.9112 0.0520 -0.4087
vn 0.2716 -0.9103 0.3124
vn 0.2146 -0.9641 -0.1562
vn -0.2164 0.9695 0.1148
vn -0.2057 -0.9032 0.3768
vn -0.2558 -0.9627 -0.0885
vn -0.7703 0.1344 -0.6234
vn 0.5924 -0.3848 -0.7078
vn 0.7557 -0.2135 0.6191
vn -0.1192 -0.4975 -0.8592
vn 0.2313 -0.5211 -0.8216
vn 0.0155 0.4965 -0.8679
vn 0.3636 0.4379 -0.8222
vn -0.9462 0.0331 -0.3218
vn -0.9573 -0.0504 -0.2845
vn -0.0290 -0.4551 -0.8900
vn -0.0515 0.4083 -0.9114
vn 0.0318 -0.7925 -0.6091
vn -0.2684 0.9002 -0.3430
vn 0.2366 0.9703 0.0513
vn 0.1957 0.8958 -0.3991
vn -0.5896 0.4064 0.6980
vn 0.5911 0.1649 -0.7896
vn 0.7341 0.4418 0.5157
vn -0.7314 -0.4297 -0.5295
vn -0.5915 -0.2108 0.7783
vn -0.0819 -0.5092 -0.8567
vn -0.3373 -0.6049 -0.7214
vn -0.2179 0.5597 -0.7995
vn -0.4585 0.5757 -0.6770
vn 0.7867 0.0735 -0.6129
vn 0.8030 0.0035 -0.5960
vn 0.2784 0.9425 -0.1850
vn 0.7649 -0.1715 0.6209
vn 0.3095 -0.9489 0.0617
vn 0.5948 0.1827 -0.7828
vn -0.0331 0.8965 -0.4417
vn -0.0249 -0.9818 -0.1882
vn -0.2965 -0.9421 0.1568
vn -0.5955 0.3725 0.7118
vn 0.0333 -0.9094 0.4146
vn 0.5964 -0.3809 -0.7065
vn -0.7516 -0.3910 -0.5313
vn -0.5823 -0.1753 0.7938
vn 0.6154 -0.1112 -0.7803
vn -0.7828 -0.1545 -0.6027
vn 0.7481 0.3706 0.5505
vn 0.9517 -0.2877 -0.1071
vn -0.0839 -0.4388 -0.8947
vn -0.9337 -0.3123 0.1750
vn 0.0295 -0.5729 -0.8191
vn -0.0660 -0.0274 -0.9974
vn 0.3436 -0.0200 -0.9389
vn 0.1873 0.5087 -0.8403
vn -0.4243 -0.1485 -0.8933
vn -0.4091 0.1787 -0.8948
vn -0.9761 -0.0134 -0.2169
vn -0.9668 0.0565 -0.2490
vn -0.9222 -0.1650 -0.3498
vn -0.0302 -0.7583 -0.6512
vn -0.8520 -0.1911 -0.4873
vn -0.8744 0.1785 -0.4512
vn -0.0056 0.6639 -0.7478
vn -0.3071 0.9470 -0.0939
vn -0.7634 0.1700 -0.6232
vn 0.0125 0.9898 0.1422
vn -0.6224 0.1137 0.7744
vn 0.0912 0.4720 0.8768
vn 0.9373 0.2985 -0.1801
vn -0.1004 0.0834 -0.9914
vn -0.9599 0.2604 0.1041
vn 0.7892 0.1391 0.5981
vn 0.0880 -0.1627 0.9827
vn -0.2290 -0.6000 -0.7665
vn -0.1359 0.0211 -0.9905
vn -0.4937 -0.0257 -0.8692
vn -0.3644 0.5923 -0.7186
vn 0.2774 -0.1108 -0.9544
vn 0.2616 0.2211 -0.9395
vn 0.8288 0.0361 -0.5583
vn 0.8166 0.0992 -0.5686
vn 0.7902 -0.0855 -0.6068
vn 0.6734 -0.0644 -0.7364
vn 0.7140 0.1269 -0.6886
vn 0.1116 -0.1205 0.9864
vn 0.0939 0.1800 0.9792
vn -0.9894 -0.0232 0.1435
vn 0.0903 0.4079 0.9086
vn 0.2119 -0.0273 -0.9769
vn -0.4358 -0.0090 -0.9000
vn -0.9439 -0.0464 -0.3270
vn -0.9191 0.0235 -0.3934
vn -0.9440 -0.2765 0.1802
vn -0.0982 -0.4274 -0.8987
vn 0.9586 -0.2683 -0.0954
vn -0.0078 0.9896 -0.1437
vn 0.0028 -0.9935 0.1138
vn 0.9881 0.0158 -0.1531
vn -0.0951 -0.1848 -0.9782
vn -0.9585 0.2674 0.0989
vn -0.0976 0.1273 -0.9870
vn 0.9473 0.2732 -0.1670
vn -0.3755 0.0092 -0.9268
vn 0.2887 0.0393 -0.9566
vn 0.7980 0.0120 -0.6026
vn 0.6856 0.0603 -0.7255
vn -0.9472 -0.2484 -0.2028
vn -0.9596 0.1988 -0.1991
vn 0.8761 -0.1507 -0.4579
vn 0.8763 0.1787 -0.4474
vn -0.9978 0.0085 -0.0654
vn 0.9456 0.0473 -0.3218
vn -0.2002 0.0322 -0.9792
vn -0.0486 0.7273 -0.6846
vn -0.9268 -0.2843 -0.2455
vn -0.9519 0.1972 -0.2346
vn 0.8962 -0.2092 -0.3912
vn 0.9080 0.1859 -0.3754
vn -0.9682 0.0088 -0.2501
vn 0.9130 0.0419 -0.4059
vt 0.280867 0.865866
vt 0.284234 0.862264
vt 0.294059 0.867190
vt 0.289136 0.873006
vt 0.285475 0.860496
vt 0.294626 0.860895
vt 0.390127 0.659661
vt 0.387641 0.665471
vt 0.379395 0.661483
vt 0.379142 0.659338
vt 0.388552 0.652206
vt 0.377885 0.654569
vt 0.369744 0.662190
vt 0.367925 0.657933
vt 0.370962 0.665041
vt 0.362561 0.668675
vt 0.361186 0.667009
vt 0.358609 0.662804
vt 0.353825 0.675170
vt 0.349527 0.668877
vt 0.359742 0.677390
vt 0.269455 0.836318
vt 0.275718 0.837170
vt 0.274065 0.846180
vt 0.272065 0.846994
vt 0.262687 0.839819
vt 0.267802 0.849473
vt 0.277314 0.855295
vt 0.273694 0.858180
vt 0.279738 0.853363
vt 0.366557 0.631373
vt 0.358140 0.635029
vt 0.353672 0.624570
vt 0.369343 0.622636
vt 0.349680 0.638583
vt 0.341441 0.634556
vt 0.245321 0.880792
vt 0.239290 0.866199
vt 0.248453 0.866562
vt 0.254216 0.873704
vt 0.258200 0.889928
vt 0.259892 0.880915
vt 0.375427 0.675492
vt 0.288626 0.846280
vt 0.252785 0.861505
vt 0.259965 0.855197
vt 0.266766 0.863701
vt 0.259948 0.869135
vt 0.273539 0.872229
vt 0.265788 0.877820
vt 0.351095 0.645089
vt 0.354424 0.654049
vt 0.344503 0.658237
vt 0.340428 0.647349
vt 0.253218 0.846804
vt 0.244466 0.854456
vt 0.370280 0.636893
vt 0.374452 0.645492
vt 0.364445 0.649787
vt 0.361020 0.641769
vt 0.280215 0.880679
vt 0.270802 0.887503
vt 0.384337 0.641220
vt 0.379287 0.630748
vt 0.261764 0.880149
vt 0.264298 0.890828
vt 0.375139 0.624735
vt 0.367842 0.632934
vt 0.359304 0.637752
vt 0.349920 0.640591
vt 0.338951 0.640194
vt 0.239773 0.860055
vt 0.249617 0.864908
vt 0.256532 0.871858
vt 0.253679 0.454293
vt 0.242325 0.454435
vt 0.242187 0.451379
vt 0.255893 0.450926
vt 0.233124 0.458042
vt 0.230744 0.455522
vt 0.232386 0.453652
vt 0.241952 0.449087
vt 0.253990 0.449688
vt 0.242922 0.460933
vt 0.234130 0.463083
vt 0.251773 0.459327
vt 0.014224 0.871367
vt 0.016421 0.858537
vt 0.023243 0.860852
vt 0.023027 0.873944
vt 0.254033 0.471642
vt 0.243143 0.476260
vt 0.259572 0.481297
vt 0.248208 0.486772
vt 0.236502 0.478473
vt 0.236482 0.491892
vt 0.250966 0.491767
vt 0.234798 0.499098
vt 0.266786 0.483937
vt 0.275884 0.483993
vt 0.268272 0.491841
vt 0.262731 0.491746
vt 0.014278 0.838064
vt 0.010472 0.831204
vt 0.020293 0.832137
vt 0.022731 0.835529
vt 0.267244 0.496713
vt 0.262709 0.496568
vt 0.032467 0.839828
vt 0.026020 0.831839
vt 0.034037 0.835110
vt 0.033558 0.881172
vt 0.035644 0.884598
vt 0.022581 0.881030
vt 0.022869 0.877983
vt 0.033718 0.885759
vt 0.022233 0.883298
vt 0.011969 0.880745
vt 0.010472 0.878790
vt 0.013001 0.876449
vt 0.034286 0.865419
vt 0.031894 0.876091
vt 0.016130 0.845166
vt 0.027972 0.849897
vt 0.039656 0.854742
vt 0.030491 0.844829
vt 0.230744 0.505788
vt 0.243098 0.501123
vt 0.240557 0.505238
vt 0.252919 0.496371
vt 0.046644 0.851649
vt 0.042328 0.843803
vt 0.042078 0.838576
vt 0.246414 0.504298
vt 0.244515 0.507645
vt 0.055752 0.850714
vt 0.047363 0.843588
vt 0.254542 0.500491
vt 0.256274 0.503657
vt 0.023787 0.828902
vt 0.035865 0.831309
vt 0.046482 0.838614
s 1
usemtl sign
f 2937/2692/2527 2947/2693/2537 3008/2694/2598 2982/2695/2572
f 2947/2693/2537 2915/2696/2505 2948/2697/2538 3008/2694/2598
f 3008/2698/2598 2948/2699/2538 2916/2700/2506 2955/2701/2545
f 2982/2702/2572 3008/2698/2598 2955/2701/2545 2936/2703/2526
f 2936/2703/2526 2955/2701/2545 3007/2704/2597 2983/2705/2573
f 2955/2701/2545 2916/2700/2506 2951/2706/2541 3007/2704/2597
f 3007/2704/2597 2951/2706/2541 2919/2707/2509 2956/2708/2546
f 2983/2705/2573 3007/2704/2597 2956/2708/2546 2920/2709/2510
f 2920/2709/2510 2956/2708/2546 3006/2710/2596 2984/2711/2574
f 2956/2708/2546 2919/2707/2509 2952/2712/2542 3006/2710/2596
f 3006/2713/2596 2952/2714/2542 2918/2715/2508 2957/2716/2547
f 2984/2717/2574 3006/2713/2596 2957/2716/2547 2935/2718/2525
f 2935/2718/2525 2957/2716/2547 2998/2719/2588 2981/2720/2571
f 2957/2716/2547 2918/2715/2508 2954/2721/2544 2998/2719/2588
f 2998/2719/2588 2954/2721/2544 2915/2696/2505 2947/2693/2537
f 2981/2720/2571 2998/2719/2588 2947/2693/2537 2937/2692/2527
f 2934/2722/2524 2950/2723/2540 3009/2724/2599 2946/2725/2536
f 2950/2723/2540 2932/2726/2522 2977/2727/2567 3009/2724/2599
f 3009/2728/2599 2977/2729/2567 2917/2730/2507 2979/2731/2569
f 2946/2732/2536 3009/2728/2599 2979/2731/2569 2933/2733/2523
f 2919/2707/2509 2951/2706/2541 3010/2734/2600 2952/2712/2542
f 2951/2706/2541 2916/2700/2506 2948/2699/2538 3010/2734/2600
f 3010/2735/2600 2948/2697/2538 2915/2696/2505 2954/2721/2544
f 2952/2714/2542 3010/2735/2600 2954/2721/2544 2918/2715/2508
f 2939/2736/2529 2980/2737/2570 2999/2738/2589 2986/2739/2576
f 2980/2737/2570 2935/2718/2525 2981/2720/2571 2999/2738/2589
f 2999/2738/2589 2981/2720/2571 2937/2692/2527 2985/2740/2575
f 2986/2739/2576 2999/2738/2589 2985/2740/2575 2922/2741/2512
f 2938/2742/2528 2959/2743/2549 3000/2744/2590 2963/2745/2553
f 2959/2743/2549 2920/2709/2510 2984/2711/2574 3000/2744/2590
f 3000/2746/2590 2984/2717/2574 2935/2718/2525 2980/2737/2570
f 2963/2747/2553 3000/2746/2590 2980/2737/2570 2939/2736/2529
f 2921/2748/2511 2958/2749/2548 3012/2750/2602 2962/2751/2552
f 2958/2749/2548 2936/2703/2526 2983/2705/2573 3012/2750/2602
f 3012/2750/2602 2983/2705/2573 2920/2709/2510 2959/2743/2549
f 2962/2751/2552 3012/2750/2602 2959/2743/2549 2938/2742/2528
f 2922/2741/2512 2985/2740/2575 3011/2752/2601 2961/2753/2551
f 3011/2754/2601 2982/2702/2572 2936/2703/2526 2958/2749/2548
f 2961/2755/2551 3011/2754/2601 2958/2749/2548 2921/2748/2511
f 2933/2733/2523 2960/2756/2550 3015/2757/2605 2946/2732/2536
f 2960/2756/2550 2922/2741/2512 2961/2753/2551 3015/2757/2605
f 3015/2758/2605 2961/2755/2551 2921/2748/2511 2949/2759/2539
f 2946/2725/2536 3015/2758/2605 2949/2759/2539 2934/2722/2524
f 2934/2722/2524 2949/2759/2539 3014/2760/2604 2950/2723/2540
f 2949/2759/2539 2921/2748/2511 2962/2751/2552 3014/2760/2604
f 3014/2760/2604 2962/2751/2552 2938/2742/2528 2978/2761/2568
f 2950/2723/2540 3014/2760/2604 2978/2761/2568 2932/2726/2522
f 2978/2761/2568 2938/2742/2528 2963/2745/2553 3013/2762/2603
f 3013/2763/2603 2963/2747/2553 2939/2736/2529 2953/2764/2543
f 2977/2729/2567 3013/2763/2603 2953/2764/2543 2917/2730/2507
f 2917/2730/2507 2953/2764/2543 3001/2765/2591 2979/2731/2569
f 2953/2764/2543 2939/2736/2529 2986/2739/2576 3001/2765/2591
f 3001/2765/2591 2986/2739/2576 2922/2741/2512 2960/2756/2550
f 2979/2731/2569 3001/2765/2591 2960/2756/2550 2933/2733/2523
f 2925/2766/2515 2965/2767/2555 3002/2768/2592 2967/2769/2557
f 2965/2767/2555 2923/2770/2513 2964/2771/2554 3002/2768/2592
f 3002/2768/2592 2964/2771/2554 2924/2772/2514 2966/2773/2556
f 2967/2769/2557 3002/2768/2592 2966/2773/2556 2926/2774/2516
f 2923/2770/2513 2965/2767/2555 3003/2775/2593 2968/2776/2558
f 2965/2767/2555 2925/2766/2515 2969/2777/2559 3003/2775/2593
f 2991/2778/2581 2994/2779/2584 3018/2780/2608 3017/2781/2607
f 2969/2777/2559 2972/2782/2562 3004/2783/2594 3003/2775/2593
f 3004/2783/2594 2972/2782/2562 2928/2784/2518 2970/2785/2560
f 2971/2786/2561 3004/2783/2594 2970/2785/2560 2927/2787/2517
f 2927/2787/2517 2970/2785/2560 3005/2788/2595 2974/2789/2564
f 2970/2785/2560 2928/2784/2518 2975/2790/2565 3005/2788/2595
f 2975/2790/2565 2930/2791/2520 2976/2792/2566 3021/2793/2611
f 2996/2794/2586 2929/2795/2519 2931/2796/2521 3022/2797/2612
f 3021/2793/2611 2976/2792/2566 3027/2798/2617 3029/2799/2619
f 3025/2800/2615 3022/2797/2612 3030/2801/2620 3033/2802/2623
f 3003/2775/2593 3004/2783/2594 2971/2786/2561 2968/2776/2558
f 3011/2752/2601 2985/2740/2575 2937/2692/2527 2982/2695/2572
f 2977/2727/2567 2932/2726/2522 2978/2761/2568 3013/2762/2603
f 2942/2803/2532 2990/2804/2580 3016/2805/2606 2988/2806/2578
f 2990/2804/2580 2943/2807/2533 2989/2808/2579 3016/2805/2606
f 3016/2805/2606 2989/2808/2579 2941/2809/2531 2987/2810/2577
f 2988/2806/2578 3016/2805/2606 2987/2810/2577 2940/2811/2530
f 2940/2811/2530 2991/2778/2581 3017/2781/2607 2988/2806/2578
f 3017/2781/2607 3018/2780/2608 2995/2812/2585 2992/2813/2582
f 2988/2806/2578 3017/2781/2607 2992/2813/2582 2942/2803/2532
f 2994/2779/2584 2944/2814/2534 2993/2815/2583 3018/2780/2608
f 3018/2780/2608 2993/2815/2583 2945/2816/2535 2995/2812/2585
f 2944/2814/2534 2996/2794/2586 3019/2817/2609 2993/2815/2583
f 2929/2818/2519 2974/2789/2564 3020/2819/2610 2931/2820/2521
f 3005/2788/2595 2975/2790/2565 3021/2793/2611 3024/2821/2614
f 2993/2815/2583 3019/2817/2609 2997/2822/2587 2945/2816/2535
f 3023/2823/2613 3025/2800/2615 3033/2802/2623 3031/2824/2621
f 2931/2820/2521 3020/2819/2610 3028/2825/2618 2973/2826/2563
f 2997/2822/2587 3019/2817/2609 3025/2800/2615 3023/2823/2613
f 3019/2817/2609 2996/2794/2586 3022/2797/2612 3025/2800/2615
f 2974/2789/2564 3005/2788/2595 3024/2821/2614 3020/2819/2610
f 2930/2827/2520 2997/2822/2587 3023/2823/2613 2976/2828/2566
f 3028/2825/2618 3032/2829/2622 3026/2830/2616 2973/2826/2563
f 3032/2829/2622 3029/2799/2619 3027/2798/2617 3026/2830/2616
f 3030/2801/2620 2973/2831/2563 3026/2832/2616 3033/2802/2623
f 3033/2802/2623 3026/2832/2616 3027/2833/2617 3031/2824/2621
f 2976/2828/2566 3023/2823/2613 3031/2824/2621 3027/2833/2617
f 3022/2797/2612 2931/2796/2521 2973/2831/2563 3030/2801/2620
f 3020/2819/2610 3024/2821/2614 3032/2829/2622 3028/2825/2618
f 3024/2821/2614 3021/2793/2611 3029/2799/2619 3032/2829/2622
f 3056/2692/2646 3066/2693/2656 3127/2694/2717 3101/2695/2691
f 3066/2693/2656 3034/2696/2624 3067/2697/2657 3127/2694/2717
f 3127/2698/2717 3067/2699/2657 3035/2700/2625 3074/2701/2664
f 3101/2702/2691 3127/2698/2717 3074/2701/2664 3055/2703/2645
f 3055/2703/2645 3074/2701/2664 3126/2704/2716 3102/2705/2692
f 3074/2701/2664 3035/2700/2625 3070/2706/2660 3126/2704/2716
f 3126/2704/2716 3070/2706/2660 3038/2707/2628 3075/2708/2665
f 3102/2705/2692 3126/2704/2716 3075/2708/2665 3039/2709/2629
f 3039/2709/2629 3075/2708/2665 3125/2710/2715 3103/2711/2693
f 3075/2708/2665 3038/2707/2628 3071/2712/2661 3125/2710/2715
f 3125/2713/2715 3071/2714/2661 3037/2715/2627 3076/2716/2666
f 3103/2717/2693 3125/2713/2715 3076/2716/2666 3054/2718/2644
f 3054/2718/2644 3076/2716/2666 3117/2719/2707 3100/2720/2690
f 3076/2716/2666 3037/2715/2627 3073/2721/2663 3117/2719/2707
f 3117/2719/2707 3073/2721/2663 3034/2696/2624 3066/2693/2656
f 3100/2720/2690 3117/2719/2707 3066/2693/2656 3056/2692/2646
f 3053/2722/2643 3069/2723/2659 3128/2724/2718 3065/2725/2655
f 3069/2723/2659 3051/2726/2641 3096/2727/2686 3128/2724/2718
f 3128/2728/2718 3096/2729/2686 3036/2730/2626 3098/2731/2688
f 3065/2732/2655 3128/2728/2718 3098/2731/2688 3052/2733/2642
f 3038/2707/2628 3070/2706/2660 3129/2734/2719 3071/2712/2661
f 3070/2706/2660 3035/2700/2625 3067/2699/2657 3129/2734/2719
f 3129/2735/2719 3067/2697/2657 3034/2696/2624 3073/2721/2663
f 3071/2714/2661 3129/2735/2719 3073/2721/2663 3037/2715/2627
f 3058/2736/2648 3099/2737/2689 3118/2738/2708 3105/2739/2695
f 3099/2737/2689 3054/2718/2644 3100/2720/2690 3118/2738/2708
f 3118/2738/2708 3100/2720/2690 3056/2692/2646 3104/2740/2694
f 3105/2739/2695 3118/2738/2708 3104/2740/2694 3041/2741/2631
f 3057/2742/2647 3078/2743/2668 3119/2744/2709 3082/2745/2672
f 3078/2743/2668 3039/2709/2629 3103/2711/2693 3119/2744/2709
f 3119/2746/2709 3103/2717/2693 3054/2718/2644 3099/2737/2689
f 3082/2747/2672 3119/2746/2709 3099/2737/2689 3058/2736/2648
f 3040/2748/2630 3077/2749/2667 3131/2750/2721 3081/2751/2671
f 3077/2749/2667 3055/2703/2645 3102/2705/2692 3131/2750/2721
f 3131/2750/2721 3102/2705/2692 3039/2709/2629 3078/2743/2668
f 3081/2751/2671 3131/2750/2721 3078/2743/2668 3057/2742/2647
f 3041/2741/2631 3104/2740/2694 3130/2752/2720 3080/2753/2670
f 3130/2754/2720 3101/2702/2691 3055/2703/2645 3077/2749/2667
f 3080/2755/2670 3130/2754/2720 3077/2749/2667 3040/2748/2630
f 3052/2733/2642 3079/2756/2669 3134/2757/2724 3065/2732/2655
f 3079/2756/2669 3041/2741/2631 3080/2753/2670 3134/2757/2724
f 3134/2758/2724 3080/2755/2670 3040/2748/2630 3068/2759/2658
f 3065/2725/2655 3134/2758/2724 3068/2759/2658 3053/2722/2643
f 3053/2722/2643 3068/2759/2658 3133/2760/2723 3069/2723/2659
f 3068/2759/2658 3040/2748/2630 3081/2751/2671 3133/2760/2723
f 3133/2760/2723 3081/2751/2671 3057/2742/2647 3097/2761/2687
f 3069/2723/2659 3133/2760/2723 3097/2761/2687 3051/2726/2641
f 3097/2761/2687 3057/2742/2647 3082/2745/2672 3132/2762/2722
f 3132/2763/2722 3082/2747/2672 3058/2736/2648 3072/2764/2662
f 3096/2729/2686 3132/2763/2722 3072/2764/2662 3036/2730/2626
f 3036/2730/2626 3072/2764/2662 3120/2765/2710 3098/2731/2688
f 3072/2764/2662 3058/2736/2648 3105/2739/2695 3120/2765/2710
f 3120/2765/2710 3105/2739/2695 3041/2741/2631 3079/2756/2669
f 3098/2731/2688 3120/2765/2710 3079/2756/2669 3052/2733/2642
f 3044/2766/2634 3084/2767/2674 3121/2768/2711 3086/2769/2676
f 3084/2767/2674 3042/2770/2632 3083/2771/2673 3121/2768/2711
f 3121/2768/2711 3083/2771/2673 3043/2772/2633 3085/2773/2675
f 3086/2769/2676 3121/2768/2711 3085/2773/2675 3045/2774/2635
f 3042/2770/2632 3084/2767/2674 3122/2775/2712 3087/2776/2677
f 3084/2767/2674 3044/2766/2634 3088/2777/2678 3122/2775/2712
f 3110/2778/2700 3113/2779/2703 3137/2780/2727 3136/2781/2726
f 3088/2777/2678 3091/2782/2681 3123/2783/2713 3122/2775/2712
f 3123/2783/2713 3091/2782/2681 3047/2784/2637 3089/2785/2679
f 3090/2786/2680 3123/2783/2713 3089/2785/2679 3046/2787/2636
f 3046/2787/2636 3089/2785/2679 3124/2788/2714 3093/2789/2683
f 3089/2785/2679 3047/2784/2637 3094/2790/2684 3124/2788/2714
f 3094/2790/2684 3049/2791/2639 3095/2792/2685 3140/2793/2730
f 3115/2794/2705 3048/2795/2638 3050/2796/2640 3141/2797/2731
f 3140/2793/2730 3095/2792/2685 3146/2798/2736 3148/2799/2738
f 3144/2800/2734 3141/2797/2731 3149/2801/2739 3152/2802/2742
f 3122/2775/2712 3123/2783/2713 3090/2786/2680 3087/2776/2677
f 3130/2752/2720 3104/2740/2694 3056/2692/2646 3101/2695/2691
f 3096/2727/2686 3051/2726/2641 3097/2761/2687 3132/2762/2722
f 3061/2803/2651 3109/2804/2699 3135/2805/2725 3107/2806/2697
f 3109/2804/2699 3062/2807/2652 3108/2808/2698 3135/2805/2725
f 3135/2805/2725 3108/2808/2698 3060/2809/2650 3106/2810/2696
f 3107/2806/2697 3135/2805/2725 3106/2810/2696 3059/2811/2649
f 3059/2811/2649 3110/2778/2700 3136/2781/2726 3107/2806/2697
f 3136/2781/2726 3137/2780/2727 3114/2812/2704 3111/2813/2701
f 3107/2806/2697 3136/2781/2726 3111/2813/2701 3061/2803/2651
f 3113/2779/2703 3063/2814/2653 3112/2815/2702 3137/2780/2727
f 3137/2780/2727 3112/2815/2702 3064/2816/2654 3114/2812/2704
f 3063/2814/2653 3115/2794/2705 3138/2817/2728 3112/2815/2702
f 3048/2818/2638 3093/2789/2683 3139/2819/2729 3050/2820/2640
f 3124/2788/2714 3094/2790/2684 3140/2793/2730 3143/2821/2733
f 3112/2815/2702 3138/2817/2728 3116/2822/2706 3064/2816/2654
f 3142/2823/2732 3144/2800/2734 3152/2802/2742 3150/2824/2740
f 3050/2820/2640 3139/2819/2729 3147/2825/2737 3092/2826/2682
f 3116/2822/2706 3138/2817/2728 3144/2800/2734 3142/2823/2732
f 3138/2817/2728 3115/2794/2705 3141/2797/2731 3144/2800/2734
f 3093/2789/2683 3124/2788/2714 3143/2821/2733 3139/2819/2729
f 3049/2827/2639 3116/2822/2706 3142/2823/2732 3095/2828/2685
f 3147/2825/2737 3151/2829/2741 3145/2830/2735 3092/2826/2682
f 3151/2829/2741 3148/2799/2738 3146/2798/2736 3145/2830/2735
f 3149/2801/2739 3092/2831/2682 3145/2832/2735 3152/2802/2742
f 3152/2802/2742 3145/2832/2735 3146/2833/2736 3150/2824/2740
f 3095/2828/2685 3142/2823/2732 3150/2824/2740 3146/2833/2736
f 3141/2797/2731 3050/2796/2640 3092/2831/2682 3149/2801/2739
f 3139/2819/2729 3143/2821/2733 3151/2829/2741 3147/2825/2737
f 3143/2821/2733 3140/2793/2730 3148/2799/2738 3151/2829/2741
f 3175/2692/2765 3185/2693/2775 3246/2694/2836 3220/2695/2810
f 3185/2693/2775 3153/2696/2743 3186/2697/2776 3246/2694/2836
f 3246/2698/2836 3186/2699/2776 3154/2700/2744 3193/2701/2783
f 3220/2702/2810 3246/2698/2836 3193/2701/2783 3174/2703/2764
f 3174/2703/2764 3193/2701/2783 3245/2704/2835 3221/2705/2811
f 3193/2701/2783 3154/2700/2744 3189/2706/2779 3245/2704/2835
f 3245/2704/2835 3189/2706/2779 3157/2707/2747 3194/2708/2784
f 3221/2705/2811 3245/2704/2835 3194/2708/2784 3158/2709/2748
f 3158/2709/2748 3194/2708/2784 3244/2710/2834 3222/2711/2812
f 3194/2708/2784 3157/2707/2747 3190/2712/2780 3244/2710/2834
f 3244/2713/2834 3190/2714/2780 3156/2715/2746 3195/2716/2785
f 3222/2717/2812 3244/2713/2834 3195/2716/2785 3173/2718/2763
f 3173/2718/2763 3195/2716/2785 3236/2719/2826 3219/2720/2809
f 3195/2716/2785 3156/2715/2746 3192/2721/2782 3236/2719/2826
f 3236/2719/2826 3192/2721/2782 3153/2696/2743 3185/2693/2775
f 3219/2720/2809 3236/2719/2826 3185/2693/2775 3175/2692/2765
f 3172/2722/2762 3188/2723/2778 3247/2724/2837 3184/2725/2774
f 3188/2723/2778 3170/2726/2760 3215/2727/2805 3247/2724/2837
f 3247/2728/2837 3215/2729/2805 3155/2730/2745 3217/2731/2807
f 3184/2732/2774 3247/2728/2837 3217/2731/2807 3171/2733/2761
f 3157/2707/2747 3189/2706/2779 3248/2734/2838 3190/2712/2780
f 3189/2706/2779 3154/2700/2744 3186/2699/2776 3248/2734/2838
f 3248/2735/2838 3186/2697/2776 3153/2696/2743 3192/2721/2782
f 3190/2714/2780 3248/2735/2838 3192/2721/2782 3156/2715/2746
f 3177/2736/2767 3218/2737/2808 3237/2738/2827 3224/2739/2814
f 3218/2737/2808 3173/2718/2763 3219/2720/2809 3237/2738/2827
f 3237/2738/2827 3219/2720/2809 3175/2692/2765 3223/2740/2813
f 3224/2739/2814 3237/2738/2827 3223/2740/2813 3160/2741/2750
f 3176/2742/2766 3197/2743/2787 3238/2744/2828 3201/2745/2791
f 3197/2743/2787 3158/2709/2748 3222/2711/2812 3238/2744/2828
f 3238/2746/2828 3222/2717/2812 3173/2718/2763 3218/2737/2808
f 3201/2747/2791 3238/2746/2828 3218/2737/2808 3177/2736/2767
f 3159/2748/2749 3196/2749/2786 3250/2750/2840 3200/2751/2790
f 3196/2749/2786 3174/2703/2764 3221/2705/2811 3250/2750/2840
f 3250/2750/2840 3221/2705/2811 3158/2709/2748 3197/2743/2787
f 3200/2751/2790 3250/2750/2840 3197/2743/2787 3176/2742/2766
f 3160/2741/2750 3223/2740/2813 3249/2752/2839 3199/2753/2789
f 3249/2754/2839 3220/2702/2810 3174/2703/2764 3196/2749/2786
f 3199/2755/2789 3249/2754/2839 3196/2749/2786 3159/2748/2749
f 3171/2733/2761 3198/2756/2788 3253/2757/2843 3184/2732/2774
f 3198/2756/2788 3160/2741/2750 3199/2753/2789 3253/2757/2843
f 3253/2758/2843 3199/2755/2789 3159/2748/2749 3187/2759/2777
f 3184/2725/2774 3253/2758/2843 3187/2759/2777 3172/2722/2762
f 3172/2722/2762 3187/2759/2777 3252/2760/2842 3188/2723/2778
f 3187/2759/2777 3159/2748/2749 3200/2751/2790 3252/2760/2842
f 3252/2760/2842 3200/2751/2790 3176/2742/2766 3216/2761/2806
f 3188/2723/2778 3252/2760/2842 3216/2761/2806 3170/2726/2760
f 3216/2761/2806 3176/2742/2766 3201/2745/2791 3251/2762/2841
f 3251/2763/2841 3201/2747/2791 3177/2736/2767 3191/2764/2781
f 3215/2729/2805 3251/2763/2841 3191/2764/2781 3155/2730/2745
f 3155/2730/2745 3191/2764/2781 3239/2765/2829 3217/2731/2807
f 3191/2764/2781 3177/2736/2767 3224/2739/2814 3239/2765/2829
f 3239/2765/2829 3224/2739/2814 3160/2741/2750 3198/2756/2788
f 3217/2731/2807 3239/2765/2829 3198/2756/2788 3171/2733/2761
f 3163/2766/2753 3203/2767/2793 3240/2768/2830 3205/2769/2795
f 3203/2767/2793 3161/2770/2751 3202/2771/2792 3240/2768/2830
f 3240/2768/2830 3202/2771/2792 3162/2772/2752 3204/2773/2794
f 3205/2769/2795 3240/2768/2830 3204/2773/2794 3164/2774/2754
f 3161/2770/2751 3203/2767/2793 3241/2775/2831 3206/2776/2796
f 3203/2767/2793 3163/2766/2753 3207/2777/2797 3241/2775/2831
f 3229/2778/2819 3232/2779/2822 3256/2780/2846 3255/2781/2845
f 3207/2777/2797 3210/2782/2800 3242/2783/2832 3241/2775/2831
f 3242/2783/2832 3210/2782/2800 3166/2784/2756 3208/2785/2798
f 3209/2786/2799 3242/2783/2832 3208/2785/2798 3165/2787/2755
f 3165/2787/2755 3208/2785/2798 3243/2788/2833 3212/2789/2802
f 3208/2785/2798 3166/2784/2756 3213/2790/2803 3243/2788/2833
f 3213/2790/2803 3168/2791/2758 3214/2792/2804 3259/2793/2849
f 3234/2794/2824 3167/2795/2757 3169/2796/2759 3260/2797/2850
f 3259/2793/2849 3214/2792/2804 3265/2798/2855 3267/2799/2857
f 3263/2800/2853 3260/2797/2850 3268/2801/2858 3271/2802/2861
f 3241/2775/2831 3242/2783/2832 3209/2786/2799 3206/2776/2796
f 3249/2752/2839 3223/2740/2813 3175/2692/2765 3220/2695/2810
f 3215/2727/2805 3170/2726/2760 3216/2761/2806 3251/2762/2841
f 3180/2803/2770 3228/2804/2818 3254/2805/2844 3226/2806/2816
f 3228/2804/2818 3181/2807/2771 3227/2808/2817 3254/2805/2844
f 3254/2805/2844 3227/2808/2817 3179/2809/2769 3225/2810/2815
f 3226/2806/2816 3254/2805/2844 3225/2810/2815 3178/2811/2768
f 3178/2811/2768 3229/2778/2819 3255/2781/2845 3226/2806/2816
f 3255/2781/2845 3256/2780/2846 3233/2812/2823 3230/2813/2820
f 3226/2806/2816 3255/2781/2845 3230/2813/2820 3180/2803/2770
f 3232/2779/2822 3182/2814/2772 3231/2815/2821 3256/2780/2846
f 3256/2780/2846 3231/2815/2821 3183/2816/2773 3233/2812/2823
f 3182/2814/2772 3234/2794/2824 3257/2817/2847 3231/2815/2821
f 3167/2818/2757 3212/2789/2802 3258/2819/2848 3169/2820/2759
f 3243/2788/2833 3213/2790/2803 3259/2793/2849 3262/2821/2852
f 3231/2815/2821 3257/2817/2847 3235/2822/2825 3183/2816/2773
f 3261/2823/2851 3263/2800/2853 3271/2802/2861 3269/2824/2859
f 3169/2820/2759 3258/2819/2848 3266/2825/2856 3211/2826/2801
f 3235/2822/2825 3257/2817/2847 3263/2800/2853 3261/2823/2851
f 3257/2817/2847 3234/2794/2824 3260/2797/2850 3263/2800/2853
f 3212/2789/2802 3243/2788/2833 3262/2821/2852 3258/2819/2848
f 3168/2827/2758 3235/2822/2825 3261/2823/2851 3214/2828/2804
f 3266/2825/2856 3270/2829/2860 3264/2830/2854 3211/2826/2801
f 3270/2829/2860 3267/2799/2857 3265/2798/2855 3264/2830/2854
f 3268/2801/2858 3211/2831/2801 3264/2832/2854 3271/2802/2861
f 3271/2802/2861 3264/2832/2854 3265/2833/2855 3269/2824/2859
f 3214/2828/2804 3261/2823/2851 3269/2824/2859 3265/2833/2855
f 3260/2797/2850 3169/2796/2759 3211/2831/2801 3268/2801/2858
f 3258/2819/2848 3262/2821/2852 3270/2829/2860 3266/2825/2856
f 3262/2821/2852 3259/2793/2849 3267/2799/2857 3270/2829/2860
f 3294/2692/2884 3304/2693/2894 3365/2694/2955 3339/2695/2929
f 3304/2693/2894 3272/2696/2862 3305/2697/2895 3365/2694/2955
f 3365/2698/2955 3305/2699/2895 3273/2700/2863 3312/2701/2902
f 3339/2702/2929 3365/2698/2955 3312/2701/2902 3293/2703/2883
f 3293/2703/2883 3312/2701/2902 3364/2704/2954 3340/2705/2930
f 3312/2701/2902 3273/2700/2863 3308/2706/2898 3364/2704/2954
f 3364/2704/2954 3308/2706/2898 3276/2707/2866 3313/2708/2903
f 3340/2705/2930 3364/2704/2954 3313/2708/2903 3277/2709/2867
f 3277/2709/2867 3313/2708/2903 3363/2710/2953 3341/2711/2931
f 3313/2708/2903 3276/2707/2866 3309/2712/2899 3363/2710/2953
f 3363/2713/2953 3309/2714/2899 3275/2715/2865 3314/2716/2904
f 3341/2717/2931 3363/2713/2953 3314/2716/2904 3292/2718/2882
f 3292/2718/2882 3314/2716/2904 3355/2719/2945 3338/2720/2928
f 3314/2716/2904 3275/2715/2865 3311/2721/2901 3355/2719/2945
f 3355/2719/2945 3311/2721/2901 3272/2696/2862 3304/2693/2894
f 3338/2720/2928 3355/2719/2945 3304/2693/2894 3294/2692/2884
f 3291/2722/2881 3307/2723/2897 3366/2724/2956 3303/2725/2893
f 3307/2723/2897 3289/2726/2879 3334/2727/2924 3366/2724/2956
f 3366/2728/2956 3334/2729/2924 3274/2730/2864 3336/2731/2926
f 3303/2732/2893 3366/2728/2956 3336/2731/2926 3290/2733/2880
f 3276/2707/2866 3308/2706/2898 3367/2734/2957 3309/2712/2899
f 3308/2706/2898 3273/2700/2863 3305/2699/2895 3367/2734/2957
f 3367/2735/2957 3305/2697/2895 3272/2696/2862 3311/2721/2901
f 3309/2714/2899 3367/2735/2957 3311/2721/2901 3275/2715/2865
f 3296/2736/2886 3337/2737/2927 3356/2738/2946 3343/2739/2933
f 3337/2737/2927 3292/2718/2882 3338/2720/2928 3356/2738/2946
f 3356/2738/2946 3338/2720/2928 3294/2692/2884 3342/2740/2932
f 3343/2739/2933 3356/2738/2946 3342/2740/2932 3279/2741/2869
f 3295/2742/2885 3316/2743/2906 3357/2744/2947 3320/2745/2910
f 3316/2743/2906 3277/2709/2867 3341/2711/2931 3357/2744/2947
f 3357/2746/2947 3341/2717/2931 3292/2718/2882 3337/2737/2927
f 3320/2747/2910 3357/2746/2947 3337/2737/2927 3296/2736/2886
f 3278/2748/2868 3315/2749/2905 3369/2750/2959 3319/2751/2909
f 3315/2749/2905 3293/2703/2883 3340/2705/2930 3369/2750/2959
f 3369/2750/2959 3340/2705/2930 3277/2709/2867 3316/2743/2906
f 3319/2751/2909 3369/2750/2959 3316/2743/2906 3295/2742/2885
f 3279/2741/2869 3342/2740/2932 3368/2752/2958 3318/2753/2908
f 3368/2754/2958 3339/2702/2929 3293/2703/2883 3315/2749/2905
f 3318/2755/2908 3368/2754/2958 3315/2749/2905 3278/2748/2868
f 3290/2733/2880 3317/2756/2907 3372/2757/2962 3303/2732/2893
f 3317/2756/2907 3279/2741/2869 3318/2753/2908 3372/2757/2962
f 3372/2758/2962 3318/2755/2908 3278/2748/2868 3306/2759/2896
f 3303/2725/2893 3372/2758/2962 3306/2759/2896 3291/2722/2881
f 3291/2722/2881 3306/2759/2896 3371/2760/2961 3307/2723/2897
f 3306/2759/2896 3278/2748/2868 3319/2751/2909 3371/2760/2961
f 3371/2760/2961 3319/2751/2909 3295/2742/2885 3335/2761/2925
f 3307/2723/2897 3371/2760/2961 3335/2761/2925 3289/2726/2879
f 3335/2761/2925 3295/2742/2885 3320/2745/2910 3370/2762/2960
f 3370/2763/2960 3320/2747/2910 3296/2736/2886 3310/2764/2900
f 3334/2729/2924 3370/2763/2960 3310/2764/2900 3274/2730/2864
f 3274/2730/2864 3310/2764/2900 3358/2765/2948 3336/2731/2926
f 3310/2764/2900 3296/2736/2886 3343/2739/2933 3358/2765/2948
f 3358/2765/2948 3343/2739/2933 3279/2741/2869 3317/2756/2907
f 3336/2731/2926 3358/2765/2948 3317/2756/2907 3290/2733/2880
f 3282/2766/2872 3322/2767/2912 3359/2768/2949 3324/2769/2914
f 3322/2767/2912 3280/2770/2870 3321/2771/2911 3359/2768/2949
f 3359/2768/2949 3321/2771/2911 3281/2772/2871 3323/2773/2913
f 3324/2769/2914 3359/2768/2949 3323/2773/2913 3283/2774/2873
f 3280/2770/2870 3322/2767/2912 3360/2775/2950 3325/2776/2915
f 3322/2767/2912 3282/2766/2872 3326/2777/2916 3360/2775/2950
f 3348/2778/2938 3351/2779/2941 3375/2780/2965 3374/2781/2964
f 3326/2777/2916 3329/2782/2919 3361/2783/2951 3360/2775/2950
f 3361/2783/2951 3329/2782/2919 3285/2784/2875 3327/2785/2917
f 3328/2786/2918 3361/2783/2951 3327/2785/2917 3284/2787/2874
f 3284/2787/2874 3327/2785/2917 3362/2788/2952 3331/2789/2921
f 3327/2785/2917 3285/2784/2875 3332/2790/2922 3362/2788/2952
f 3332/2790/2922 3287/2791/2877 3333/2792/2923 3378/2793/2968
f 3353/2794/2943 3286/2795/2876 3288/2796/2878 3379/2797/2969
f 3378/2793/2968 3333/2792/2923 3384/2798/2974 3386/2799/2976
f 3382/2800/2972 3379/2797/2969 3387/2801/2977 3390/2802/2980
f 3360/2775/2950 3361/2783/2951 3328/2786/2918 3325/2776/2915
f 3368/2752/2958 3342/2740/2932 3294/2692/2884 3339/2695/2929
f 3334/2727/2924 3289/2726/2879 3335/2761/2925 3370/2762/2960
f 3299/2803/2889 3347/2804/2937 3373/2805/2963 3345/2806/2935
f 3347/2804/2937 3300/2807/2890 3346/2808/2936 3373/2805/2963
f 3373/2805/2963 3346/2808/2936 3298/2809/2888 3344/2810/2934
f 3345/2806/2935 3373/2805/2963 3344/2810/2934 3297/2811/2887
f 3297/2811/2887 3348/2778/2938 3374/2781/2964 3345/2806/2935
f 3374/2781/2964 3375/2780/2965 3352/2812/2942 3349/2813/2939
f 3345/2806/2935 3374/2781/2964 3349/2813/2939 3299/2803/2889
f 3351/2779/2941 3301/2814/2891 3350/2815/2940 3375/2780/2965
f 3375/2780/2965 3350/2815/2940 3302/2816/2892 3352/2812/2942
f 3301/2814/2891 3353/2794/2943 3376/2817/2966 3350/2815/2940
f 3286/2818/2876 3331/2789/2921 3377/2819/2967 3288/2820/2878
f 3362/2788/2952 3332/2790/2922 3378/2793/2968 3381/2821/2971
f 3350/2815/2940 3376/2817/2966 3354/2822/2944 3302/2816/2892
f 3380/2823/2970 3382/2800/2972 3390/2802/2980 3388/2824/2978
f 3288/2820/2878 3377/2819/2967 3385/2825/2975 3330/2826/2920
f 3354/2822/2944 3376/2817/2966 3382/2800/2972 3380/2823/2970
f 3376/2817/2966 3353/2794/2943 3379/2797/2969 3382/2800/2972
f 3331/2789/2921 3362/2788/2952 3381/2821/2971 3377/2819/2967
f 3287/2827/2877 3354/2822/2944 3380/2823/2970 3333/2828/2923
f 3385/2825/2975 3389/2829/2979 3383/2830/2973 3330/2826/2920
f 3389/2829/2979 3386/2799/2976 3384/2798/2974 3383/2830/2973
f 3387/2801/2977 3330/2831/2920 3383/2832/2973 3390/2802/2980
f 3390/2802/2980 3383/2832/2973 3384/2833/2974 3388/2824/2978
f 3333/2828/2923 3380/2823/2970 3388/2824/2978 3384/2833/2974
f 3379/2797/2969 3288/2796/2878 3330/2831/2920 3387/2801/2977
f 3377/2819/2967 3381/2821/2971 3389/2829/2979 3385/2825/2975
f 3381/2821/2971 3378/2793/2968 3386/2799/2976 3389/2829/2979
f 3413/2692/3003 3423/2693/3013 3484/2694/3074 3458/2695/3048
f 3423/2693/3013 3391/2696/2981 3424/2697/3014 3484/2694/3074
f 3484/2698/3074 3424/2699/3014 3392/2700/2982 3431/2701/3021
f 3458/2702/3048 3484/2698/3074 3431/2701/3021 3412/2703/3002
f 3412/2703/3002 3431/2701/3021 3483/2704/3073 3459/2705/3049
f 3431/2701/3021 3392/2700/2982 3427/2706/3017 3483/2704/3073
f 3483/2704/3073 3427/2706/3017 3395/2707/2985 3432/2708/3022
f 3459/2705/3049 3483/2704/3073 3432/2708/3022 3396/2709/2986
f 3396/2709/2986 3432/2708/3022 3482/2710/3072 3460/2711/3050
f 3432/2708/3022 3395/2707/2985 3428/2712/3018 3482/2710/3072
f 3482/2713/3072 3428/2714/3018 3394/2715/2984 3433/2716/3023
f 3460/2717/3050 3482/2713/3072 3433/2716/3023 3411/2718/3001
f 3411/2718/3001 3433/2716/3023 3474/2719/3064 3457/2720/3047
f 3433/2716/3023 3394/2715/2984 3430/2721/3020 3474/2719/3064
f 3474/2719/3064 3430/2721/3020 3391/2696/2981 3423/2693/3013
f 3457/2720/3047 3474/2719/3064 3423/2693/3013 3413/2692/3003
f 3410/2722/3000 3426/2723/3016 3485/2724/3075 3422/2725/3012
f 3426/2723/3016 3408/2726/2998 3453/2727/3043 3485/2724/3075
f 3485/2728/3075 3453/2729/3043 3393/2730/2983 3455/2731/3045
f 3422/2732/3012 3485/2728/3075 3455/2731/3045 3409/2733/2999
f 3395/2707/2985 3427/2706/3017 3486/2734/3076 3428/2712/3018
f 3427/2706/3017 3392/2700/2982 3424/2699/3014 3486/2734/3076
f 3486/2735/3076 3424/2697/3014 3391/2696/2981 3430/2721/3020
f 3428/2714/3018 3486/2735/3076 3430/2721/3020 3394/2715/2984
f 3415/2736/3005 3456/2737/3046 3475/2738/3065 3462/2739/3052
f 3456/2737/3046 3411/2718/3001 3457/2720/3047 3475/2738/3065
f 3475/2738/3065 3457/2720/3047 3413/2692/3003 3461/2740/3051
f 3462/2739/3052 3475/2738/3065 3461/2740/3051 3398/2741/2988
f 3414/2742/3004 3435/2743/3025 3476/2744/3066 3439/2745/3029
f 3435/2743/3025 3396/2709/2986 3460/2711/3050 3476/2744/3066
f 3476/2746/3066 3460/2717/3050 3411/2718/3001 3456/2737/3046
f 3439/2747/3029 3476/2746/3066 3456/2737/3046 3415/2736/3005
f 3397/2748/2987 3434/2749/3024 3488/2750/3078 3438/2751/3028
f 3434/2749/3024 3412/2703/3002 3459/2705/3049 3488/2750/3078
f 3488/2750/3078 3459/2705/3049 3396/2709/2986 3435/2743/3025
f 3438/2751/3028 3488/2750/3078 3435/2743/3025 3414/2742/3004
f 3398/2741/2988 3461/2740/3051 3487/2752/3077 3437/2753/3027
f 3487/2754/3077 3458/2702/3048 3412/2703/3002 3434/2749/3024
f 3437/2755/3027 3487/2754/3077 3434/2749/3024 3397/2748/2987
f 3409/2733/2999 3436/2756/3026 3491/2757/3081 3422/2732/3012
f 3436/2756/3026 3398/2741/2988 3437/2753/3027 3491/2757/3081
f 3491/2758/3081 3437/2755/3027 3397/2748/2987 3425/2759/3015
f 3422/2725/3012 3491/2758/3081 3425/2759/3015 3410/2722/3000
f 3410/2722/3000 3425/2759/3015 3490/2760/3080 3426/2723/3016
f 3425/2759/3015 3397/2748/2987 3438/2751/3028 3490/2760/3080
f 3490/2760/3080 3438/2751/3028 3414/2742/3004 3454/2761/3044
f 3426/2723/3016 3490/2760/3080 3454/2761/3044 3408/2726/2998
f 3454/2761/3044 3414/2742/3004 3439/2745/3029 3489/2762/3079
f 3489/2763/3079 3439/2747/3029 3415/2736/3005 3429/2764/3019
f 3453/2729/3043 3489/2763/3079 3429/2764/3019 3393/2730/2983
f 3393/2730/2983 3429/2764/3019 3477/2765/3067 3455/2731/3045
f 3429/2764/3019 3415/2736/3005 3462/2739/3052 3477/2765/3067
f 3477/2765/3067 3462/2739/3052 3398/2741/2988 3436/2756/3026
f 3455/2731/3045 3477/2765/3067 3436/2756/3026 3409/2733/2999
f 3401/2766/2991 3441/2767/3031 3478/2768/3068 3443/2769/3033
f 3441/2767/3031 3399/2770/2989 3440/2771/3030 3478/2768/3068
f 3478/2768/3068 3440/2771/3030 3400/2772/2990 3442/2773/3032
f 3443/2769/3033 3478/2768/3068 3442/2773/3032 3402/2774/2992
f 3399/2770/2989 3441/2767/3031 3479/2775/3069 3444/2776/3034
f 3441/2767/3031 3401/2766/2991 3445/2777/3035 3479/2775/3069
f 3467/2778/3057 3470/2779/3060 3494/2780/3084 3493/2781/3083
f 3445/2777/3035 3448/2782/3038 3480/2783/3070 3479/2775/3069
f 3480/2783/3070 3448/2782/3038 3404/2784/2994 3446/2785/3036
f 3447/2786/3037 3480/2783/3070 3446/2785/3036 3403/2787/2993
f 3403/2787/2993 3446/2785/3036 3481/2788/3071 3450/2789/3040
f 3446/2785/3036 3404/2784/2994 3451/2790/3041 3481/2788/3071
f 3451/2790/3041 3406/2791/2996 3452/2792/3042 3497/2793/3087
f 3472/2794/3062 3405/2795/2995 3407/2796/2997 3498/2797/3088
f 3497/2793/3087 3452/2792/3042 3503/2798/3093 3505/2799/3095
f 3501/2800/3091 3498/2797/3088 3506/2801/3096 3509/2802/3099
f 3479/2775/3069 3480/2783/3070 3447/2786/3037 3444/2776/3034
f 3487/2752/3077 3461/2740/3051 3413/2692/3003 3458/2695/3048
f 3453/2727/3043 3408/2726/2998 3454/2761/3044 3489/2762/3079
f 3418/2803/3008 3466/2804/3056 3492/2805/3082 3464/2806/3054
f 3466/2804/3056 3419/2807/3009 3465/2808/3055 3492/2805/3082
f 3492/2805/3082 3465/2808/3055 3417/2809/3007 3463/2810/3053
f 3464/2806/3054 3492/2805/3082 3463/2810/3053 3416/2811/3006
f 3416/2811/3006 3467/2778/3057 3493/2781/3083 3464/2806/3054
f 3493/2781/3083 3494/2780/3084 3471/2812/3061 3468/2813/3058
f 3464/2806/3054 3493/2781/3083 3468/2813/3058 3418/2803/3008
f 3470/2779/3060 3420/2814/3010 3469/2815/3059 3494/2780/3084
f 3494/2780/3084 3469/2815/3059 3421/2816/3011 3471/2812/3061
f 3420/2814/3010 3472/2794/3062 3495/2817/3085 3469/2815/3059
f 3405/2818/2995 3450/2789/3040 3496/2819/3086 3407/2820/2997
f 3481/2788/3071 3451/2790/3041 3497/2793/3087 3500/2821/3090
f 3469/2815/3059 3495/2817/3085 3473/2822/3063 3421/2816/3011
f 3499/2823/3089 3501/2800/3091 3509/2802/3099 3507/2824/3097
f 3407/2820/2997 3496/2819/3086 3504/2825/3094 3449/2826/3039
f 3473/2822/3063 3495/2817/3085 3501/2800/3091 3499/2823/3089
f 3495/2817/3085 3472/2794/3062 3498/2797/3088 3501/2800/3091
f 3450/2789/3040 3481/2788/3071 3500/2821/3090 3496/2819/3086
f 3406/2827/2996 3473/2822/3063 3499/2823/3089 3452/2828/3042
f 3504/2825/3094 3508/2829/3098 3502/2830/3092 3449/2826/3039
f 3508/2829/3098 3505/2799/3095 3503/2798/3093 3502/2830/3092
f 3506/2801/3096 3449/2831/3039 3502/2832/3092 3509/2802/3099
f 3509/2802/3099 3502/2832/3092 3503/2833/3093 3507/2824/3097
f 3452/2828/3042 3499/2823/3089 3507/2824/3097 3503/2833/3093
f 3498/2797/3088 3407/2796/2997 3449/2831/3039 3506/2801/3096
f 3496/2819/3086 3500/2821/3090 3508/2829/3098 3504/2825/3094
f 3500/2821/3090 3497/2793/3087 3505/2799/3095 3508/2829/3098
f 3532/2692/3122 3542/2693/3132 3603/2694/3193 3577/2695/3167
f 3542/2693/3132 3510/2696/3100 3543/2697/3133 3603/2694/3193
f 3603/2698/3193 3543/2699/3133 3511/2700/3101 3550/2701/3140
f 3577/2702/3167 3603/2698/3193 3550/2701/3140 3531/2703/3121
f 3531/2703/3121 3550/2701/3140 3602/2704/3192 3578/2705/3168
f 3550/2701/3140 3511/2700/3101 3546/2706/3136 3602/2704/3192
f 3602/2704/3192 3546/2706/3136 3514/2707/3104 3551/2708/3141
f 3578/2705/3168 3602/2704/3192 3551/2708/3141 3515/2709/3105
f 3515/2709/3105 3551/2708/3141 3601/2710/3191 3579/2711/3169
f 3551/2708/3141 3514/2707/3104 3547/2712/3137 3601/2710/3191
f 3601/2713/3191 3547/2714/3137 3513/2715/3103 3552/2716/3142
f 3579/2717/3169 3601/2713/3191 3552/2716/3142 3530/2718/3120
f 3530/2718/3120 3552/2716/3142 3593/2719/3183 3576/2720/3166
f 3552/2716/3142 3513/2715/3103 3549/2721/3139 3593/2719/3183
f 3593/2719/3183 3549/2721/3139 3510/2696/3100 3542/2693/3132
f 3576/2720/3166 3593/2719/3183 3542/2693/3132 3532/2692/3122
f 3529/2722/3119 3545/2723/3135 3604/2724/3194 3541/2725/3131
f 3545/2723/3135 3527/2726/3117 3572/2727/3162 3604/2724/3194
f 3604/2728/3194 3572/2729/3162 3512/2730/3102 3574/2731/3164
f 3541/2732/3131 3604/2728/3194 3574/2731/3164 3528/2733/3118
f 3514/2707/3104 3546/2706/3136 3605/2734/3195 3547/2712/3137
f 3546/2706/3136 3511/2700/3101 3543/2699/3133 3605/2734/3195
f 3605/2735/3195 3543/2697/3133 3510/2696/3100 3549/2721/3139
f 3547/2714/3137 3605/2735/3195 3549/2721/3139 3513/2715/3103
f 3534/2736/3124 3575/2737/3165 3594/2738/3184 3581/2739/3171
f 3575/2737/3165 3530/2718/3120 3576/2720/3166 3594/2738/3184
f 3594/2738/3184 3576/2720/3166 3532/2692/3122 3580/2740/3170
f 3581/2739/3171 3594/2738/3184 3580/2740/3170 3517/2741/3107
f 3533/2742/3123 3554/2743/3144 3595/2744/3185 3558/2745/3148
f 3554/2743/3144 3515/2709/3105 3579/2711/3169 3595/2744/3185
f 3595/2746/3185 3579/2717/3169 3530/2718/3120 3575/2737/3165
f 3558/2747/3148 3595/2746/3185 3575/2737/3165 3534/2736/3124
f 3516/2748/3106 3553/2749/3143 3607/2750/3197 3557/2751/3147
f 3553/2749/3143 3531/2703/3121 3578/2705/3168 3607/2750/3197
f 3607/2750/3197 3578/2705/3168 3515/2709/3105 3554/2743/3144
f 3557/2751/3147 3607/2750/3197 3554/2743/3144 3533/2742/3123
f 3517/2741/3107 3580/2740/3170 3606/2752/3196 3556/2753/3146
f 3606/2754/3196 3577/2702/3167 3531/2703/3121 3553/2749/3143
f 3556/2755/3146 3606/2754/3196 3553/2749/3143 3516/2748/3106
f 3528/2733/3118 3555/2756/3145 3610/2757/3200 3541/2732/3131
f 3555/2756/3145 3517/2741/3107 3556/2753/3146 3610/2757/3200
f 3610/2758/3200 3556/2755/3146 3516/2748/3106 3544/2759/3134
f 3541/2725/3131 3610/2758/3200 3544/2759/3134 3529/2722/3119
f 3529/2722/3119 3544/2759/3134 3609/2760/3199 3545/2723/3135
f 3544/2759/3134 3516/2748/3106 3557/2751/3147 3609/2760/3199
f 3609/2760/3199 3557/2751/3147 3533/2742/3123 3573/2761/3163
f 3545/2723/3135 3609/2760/3199 3573/2761/3163 3527/2726/3117
f 3573/2761/3163 3533/2742/3123 3558/2745/3148 3608/2762/3198
f 3608/2763/3198 3558/2747/3148 3534/2736/3124 3548/2764/3138
f 3572/2729/3162 3608/2763/3198 3548/2764/3138 3512/2730/3102
f 3512/2730/3102 3548/2764/3138 3596/2765/3186 3574/2731/3164
f 3548/2764/3138 3534/2736/3124 3581/2739/3171 3596/2765/3186
f 3596/2765/3186 3581/2739/3171 3517/2741/3107 3555/2756/3145
f 3574/2731/3164 3596/2765/3186 3555/2756/3145 3528/2733/3118
f 3520/2766/3110 3560/2767/3150 3597/2768/3187 3562/2769/3152
f 3560/2767/3150 3518/2770/3108 3559/2771/3149 3597/2768/3187
f 3597/2768/3187 3559/2771/3149 3519/2772/3109 3561/2773/3151
f 3562/2769/3152 3597/2768/3187 3561/2773/3151 3521/2774/3111
f 3518/2770/3108 3560/2767/3150 3598/2775/3188 3563/2776/3153
f 3560/2767/3150 3520/2766/3110 3564/2777/3154 3598/2775/3188
f 3586/2778/3176 3589/2779/3179 3613/2780/3203 3612/2781/3202
f 3564/2777/3154 3567/2782/3157 3599/2783/3189 3598/2775/3188
f 3599/2783/3189 3567/2782/3157 3523/2784/3113 3565/2785/3155
f 3566/2786/3156 3599/2783/3189 3565/2785/3155 3522/2787/3112
f 3522/2787/3112 3565/2785/3155 3600/2788/3190 3569/2789/3159
f 3565/2785/3155 3523/2784/3113 3570/2790/3160 3600/2788/3190
f 3570/2790/3160 3525/2791/3115 3571/2792/3161 3616/2793/3206
f 3591/2794/3181 3524/2795/3114 3526/2796/3116 3617/2797/3207
f 3616/2793/3206 3571/2792/3161 3622/2798/3212 3624/2799/3214
f 3620/2800/3210 3617/2797/3207 3625/2801/3215 3628/2802/3218
f 3598/2775/3188 3599/2783/3189 3566/2786/3156 3563/2776/3153
f 3606/2752/3196 3580/2740/3170 3532/2692/3122 3577/2695/3167
f 3572/2727/3162 3527/2726/3117 3573/2761/3163 3608/2762/3198
f 3537/2803/3127 3585/2804/3175 3611/2805/3201 3583/2806/3173
f 3585/2804/3175 3538/2807/3128 3584/2808/3174 3611/2805/3201
f 3611/2805/3201 3584/2808/3174 3536/2809/3126 3582/2810/3172
f 3583/2806/3173 3611/2805/3201 3582/2810/3172 3535/2811/3125
f 3535/2811/3125 3586/2778/3176 3612/2781/3202 3583/2806/3173
f 3612/2781/3202 3613/2780/3203 3590/2812/3180 3587/2813/3177
f 3583/2806/3173 3612/2781/3202 3587/2813/3177 3537/2803/3127
f 3589/2779/3179 3539/2814/3129 3588/2815/3178 3613/2780/3203
f 3613/2780/3203 3588/2815/3178 3540/2816/3130 3590/2812/3180
f 3539/2814/3129 3591/2794/3181 3614/2817/3204 3588/2815/3178
f 3524/2818/3114 3569/2789/3159 3615/2819/3205 3526/2820/3116
f 3600/2788/3190 3570/2790/3160 3616/2793/3206 3619/2821/3209
f 3588/2815/3178 3614/2817/3204 3592/2822/3182 3540/2816/3130
f 3618/2823/3208 3620/2800/3210 3628/2802/3218 3626/2824/3216
f 3526/2820/3116 3615/2819/3205 3623/2825/3213 3568/2826/3158
f 3592/2822/3182 3614/2817/3204 3620/2800/3210 3618/2823/3208
f 3614/2817/3204 3591/2794/3181 3617/2797/3207 3620/2800/3210
f 3569/2789/3159 3600/2788/3190 3619/2821/3209 3615/2819/3205
f 3525/2827/3115 3592/2822/3182 3618/2823/3208 3571/2828/3161
f 3623/2825/3213 3627/2829/3217 3621/2830/3211 3568/2826/3158
f 3627/2829/3217 3624/2799/3214 3622/2798/3212 3621/2830/3211
f 3625/2801/3215 3568/2831/3158 3621/2832/3211 3628/2802/3218
f 3628/2802/3218 3621/2832/3211 3622/2833/3212 3626/2824/3216
f 3571/2828/3161 3618/2823/3208 3626/2824/3216 3622/2833/3212
f 3617/2797/3207 3526/2796/3116 3568/2831/3158 3625/2801/3215
f 3615/2819/3205 3619/2821/3209 3627/2829/3217 3623/2825/3213
f 3619/2821/3209 3616/2793/3206 3624/2799/3214 3627/2829/3217
f 3651/2692/3241 3661/2693/3251 3722/2694/3312 3696/2695/3286
f 3661/2693/3251 3629/2696/3219 3662/2697/3252 3722/2694/3312
f 3722/2698/3312 3662/2699/3252 3630/2700/3220 3669/2701/3259
f 3696/2702/3286 3722/2698/3312 3669/2701/3259 3650/2703/3240
f 3650/2703/3240 3669/2701/3259 3721/2704/3311 3697/2705/3287
f 3669/2701/3259 3630/2700/3220 3665/2706/3255 3721/2704/3311
f 3721/2704/3311 3665/2706/3255 3633/2707/3223 3670/2708/3260
f 3697/2705/3287 3721/2704/3311 3670/2708/3260 3634/2709/3224
f 3634/2709/3224 3670/2708/3260 3720/2710/3310 3698/2711/3288
f 3670/2708/3260 3633/2707/3223 3666/2712/3256 3720/2710/3310
f 3720/2713/3310 3666/2714/3256 3632/2715/3222 3671/2716/3261
f 3698/2717/3288 3720/2713/3310 3671/2716/3261 3649/2718/3239
f 3649/2718/3239 3671/2716/3261 3712/2719/3302 3695/2720/3285
f 3671/2716/3261 3632/2715/3222 3668/2721/3258 3712/2719/3302
f 3712/2719/3302 3668/2721/3258 3629/2696/3219 3661/2693/3251
f 3695/2720/3285 3712/2719/3302 3661/2693/3251 3651/2692/3241
f 3648/2722/3238 3664/2723/3254 3723/2724/3313 3660/2725/3250
f 3664/2723/3254 3646/2726/3236 3691/2727/3281 3723/2724/3313
f 3723/2728/3313 3691/2729/3281 3631/2730/3221 3693/2731/3283
f 3660/2732/3250 3723/2728/3313 3693/2731/3283 3647/2733/3237
f 3633/2707/3223 3665/2706/3255 3724/2734/3314 3666/2712/3256
f 3665/2706/3255 3630/2700/3220 3662/2699/3252 3724/2734/3314
f 3724/2735/3314 3662/2697/3252 3629/2696/3219 3668/2721/3258
f 3666/2714/3256 3724/2735/3314 3668/2721/3258 3632/2715/3222
f 3653/2736/3243 3694/2737/3284 3713/2738/3303 3700/2739/3290
f 3694/2737/3284 3649/2718/3239 3695/2720/3285 3713/2738/3303
f 3713/2738/3303 3695/2720/3285 3651/2692/3241 3699/2740/3289
f 3700/2739/3290 3713/2738/3303 3699/2740/3289 3636/2741/3226
f 3652/2742/3242 3673/2743/3263 3714/2744/3304 3677/2745/3267
f 3673/2743/3263 3634/2709/3224 3698/2711/3288 3714/2744/3304
f 3714/2746/3304 3698/2717/3288 3649/2718/3239 3694/2737/3284
f 3677/2747/3267 3714/2746/3304 3694/2737/3284 3653/2736/3243
f 3635/2748/3225 3672/2749/3262 3726/2750/3316 3676/2751/3266
f 3672/2749/3262 3650/2703/3240 3697/2705/3287 3726/2750/3316
f 3726/2750/3316 3697/2705/3287 3634/2709/3224 3673/2743/3263
f 3676/2751/3266 3726/2750/3316 3673/2743/3263 3652/2742/3242
f 3636/2741/3226 3699/2740/3289 3725/2752/3315 3675/2753/3265
f 3725/2754/3315 3696/2702/3286 3650/2703/3240 3672/2749/3262
f 3675/2755/3265 3725/2754/3315 3672/2749/3262 3635/2748/3225
f 3647/2733/3237 3674/2756/3264 3729/2757/3319 3660/2732/3250
f 3674/2756/3264 3636/2741/3226 3675/2753/3265 3729/2757/3319
f 3729/2758/3319 3675/2755/3265 3635/2748/3225 3663/2759/3253
f 3660/2725/3250 3729/2758/3319 3663/2759/3253 3648/2722/3238
f 3648/2722/3238 3663/2759/3253 3728/2760/3318 3664/2723/3254
f 3663/2759/3253 3635/2748/3225 3676/2751/3266 3728/2760/3318
f 3728/2760/3318 3676/2751/3266 3652/2742/3242 3692/2761/3282
f 3664/2723/3254 3728/2760/3318 3692/2761/3282 3646/2726/3236
f 3692/2761/3282 3652/2742/3242 3677/2745/3267 3727/2762/3317
f 3727/2763/3317 3677/2747/3267 3653/2736/3243 3667/2764/3257
f 3691/2729/3281 3727/2763/3317 3667/2764/3257 3631/2730/3221
f 3631/2730/3221 3667/2764/3257 3715/2765/3305 3693/2731/3283
f 3667/2764/3257 3653/2736/3243 3700/2739/3290 3715/2765/3305
f 3715/2765/3305 3700/2739/3290 3636/2741/3226 3674/2756/3264
f 3693/2731/3283 3715/2765/3305 3674/2756/3264 3647/2733/3237
f 3639/2766/3229 3679/2767/3269 3716/2768/3306 3681/2769/3271
f 3679/2767/3269 3637/2770/3227 3678/2771/3268 3716/2768/3306
f 3716/2768/3306 3678/2771/3268 3638/2772/3228 3680/2773/3270
f 3681/2769/3271 3716/2768/3306 3680/2773/3270 3640/2774/3230
f 3637/2770/3227 3679/2767/3269 3717/2775/3307 3682/2776/3272
f 3679/2767/3269 3639/2766/3229 3683/2777/3273 3717/2775/3307
f 3705/2778/3295 3708/2779/3298 3732/2780/3322 3731/2781/3321
f 3683/2777/3273 3686/2782/3276 3718/2783/3308 3717/2775/3307
f 3718/2783/3308 3686/2782/3276 3642/2784/3232 3684/2785/3274
f 3685/2786/3275 3718/2783/3308 3684/2785/3274 3641/2787/3231
f 3641/2787/3231 3684/2785/3274 3719/2788/3309 3688/2789/3278
f 3684/2785/3274 3642/2784/3232 3689/2790/3279 3719/2788/3309
f 3689/2790/3279 3644/2791/3234 3690/2792/3280 3735/2793/3325
f 3710/2794/3300 3643/2795/3233 3645/2796/3235 3736/2797/3326
f 3735/2793/3325 3690/2792/3280 3741/2798/3331 3743/2799/3333
f 3739/2800/3329 3736/2797/3326 3744/2801/3334 3747/2802/3337
f 3717/2775/3307 3718/2783/3308 3685/2786/3275 3682/2776/3272
f 3725/2752/3315 3699/2740/3289 3651/2692/3241 3696/2695/3286
f 3691/2727/3281 3646/2726/3236 3692/2761/3282 3727/2762/3317
f 3656/2803/3246 3704/2804/3294 3730/2805/3320 3702/2806/3292
f 3704/2804/3294 3657/2807/3247 3703/2808/3293 3730/2805/3320
f 3730/2805/3320 3703/2808/3293 3655/2809/3245 3701/2810/3291
f 3702/2806/3292 3730/2805/3320 3701/2810/3291 3654/2811/3244
f 3654/2811/3244 3705/2778/3295 3731/2781/3321 3702/2806/3292
f 3731/2781/3321 3732/2780/3322 3709/2812/3299 3706/2813/3296
f 3702/2806/3292 3731/2781/3321 3706/2813/3296 3656/2803/3246
f 3708/2779/3298 3658/2814/3248 3707/2815/3297 3732/2780/3322
f 3732/2780/3322 3707/2815/3297 3659/2816/3249 3709/2812/3299
f 3658/2814/3248 3710/2794/3300 3733/2817/3323 3707/2815/3297
f 3643/2818/3233 3688/2789/3278 3734/2819/3324 3645/2820/3235
f 3719/2788/3309 3689/2790/3279 3735/2793/3325 3738/2821/3328
f 3707/2815/3297 3733/2817/3323 3711/2822/3301 3659/2816/3249
f 3737/2823/3327 3739/2800/3329 3747/2802/3337 3745/2824/3335
f 3645/2820/3235 3734/2819/3324 3742/2825/3332 3687/2826/3277
f 3711/2822/3301 3733/2817/3323 3739/2800/3329 3737/2823/3327
f 3733/2817/3323 3710/2794/3300 3736/2797/3326 3739/2800/3329
f 3688/2789/3278 3719/2788/3309 3738/2821/3328 3734/2819/3324
f 3644/2827/3234 3711/2822/3301 3737/2823/3327 3690/2828/3280
f 3742/2825/3332 3746/2829/3336 3740/2830/3330 3687/2826/3277
f 3746/2829/3336 3743/2799/3333 3741/2798/3331 3740/2830/3330
f 3744/2801/3334 3687/2831/3277 3740/2832/3330 3747/2802/3337
f 3747/2802/3337 3740/2832/3330 3741/2833/3331 3745/2824/3335
f 3690/2828/3280 3737/2823/3327 3745/2824/3335 3741/2833/3331
f 3736/2797/3326 3645/2796/3235 3687/2831/3277 3744/2801/3334
f 3734/2819/3324 3738/2821/3328 3746/2829/3336 3742/2825/3332
f 3738/2821/3328 3735/2793/3325 3743/2799/3333 3746/2829/3336
f 3770/2692/3360 3780/2693/3370 3841/2694/3431 3815/2695/3405
f 3780/2693/3370 3748/2696/3338 3781/2697/3371 3841/2694/3431
f 3841/2698/3431 3781/2699/3371 3749/2700/3339 3788/2701/3378
f 3815/2702/3405 3841/2698/3431 3788/2701/3378 3769/2703/3359
f 3769/2703/3359 3788/2701/3378 3840/2704/3430 3816/2705/3406
f 3788/2701/3378 3749/2700/3339 3784/2706/3374 3840/2704/3430
f 3840/2704/3430 3784/2706/3374 3752/2707/3342 3789/2708/3379
f 3816/2705/3406 3840/2704/3430 3789/2708/3379 3753/2709/3343
f 3753/2709/3343 3789/2708/3379 3839/2710/3429 3817/2711/3407
f 3789/2708/3379 3752/2707/3342 3785/2712/3375 3839/2710/3429
f 3839/2713/3429 3785/2714/3375 3751/2715/3341 3790/2716/3380
f 3817/2717/3407 3839/2713/3429 3790/2716/3380 3768/2718/3358
f 3768/2718/3358 3790/2716/3380 3831/2719/3421 3814/2720/3404
f 3790/2716/3380 3751/2715/3341 3787/2721/3377 3831/2719/3421
f 3831/2719/3421 3787/2721/3377 3748/2696/3338 3780/2693/3370
f 3814/2720/3404 3831/2719/3421 3780/2693/3370 3770/2692/3360
f 3767/2722/3357 3783/2723/3373 3842/2724/3432 3779/2725/3369
f 3783/2723/3373 3765/2726/3355 3810/2727/3400 3842/2724/3432
f 3842/2728/3432 3810/2729/3400 3750/2730/3340 3812/2731/3402
f 3779/2732/3369 3842/2728/3432 3812/2731/3402 3766/2733/3356
f 3752/2707/3342 3784/2706/3374 3843/2734/3433 3785/2712/3375
f 3784/2706/3374 3749/2700/3339 3781/2699/3371 3843/2734/3433
f 3843/2735/3433 3781/2697/3371 3748/2696/3338 3787/2721/3377
f 3785/2714/3375 3843/2735/3433 3787/2721/3377 3751/2715/3341
f 3772/2736/3362 3813/2737/3403 3832/2738/3422 3819/2739/3409
f 3813/2737/3403 3768/2718/3358 3814/2720/3404 3832/2738/3422
f 3832/2738/3422 3814/2720/3404 3770/2692/3360 3818/2740/3408
f 3819/2739/3409 3832/2738/3422 3818/2740/3408 3755/2741/3345
f 3771/2742/3361 3792/2743/3382 3833/2744/3423 3796/2745/3386
f 3792/2743/3382 3753/2709/3343 3817/2711/3407 3833/2744/3423
f 3833/2746/3423 3817/2717/3407 3768/2718/3358 3813/2737/3403
f 3796/2747/3386 3833/2746/3423 3813/2737/3403 3772/2736/3362
f 3754/2748/3344 3791/2749/3381 3845/2750/3435 3795/2751/3385
f 3791/2749/3381 3769/2703/3359 3816/2705/3406 3845/2750/3435
f 3845/2750/3435 3816/2705/3406 3753/2709/3343 3792/2743/3382
f 3795/2751/3385 3845/2750/3435 3792/2743/3382 3771/2742/3361
f 3755/2741/3345 3818/2740/3408 3844/2752/3434 3794/2753/3384
f 3844/2754/3434 3815/2702/3405 3769/2703/3359 3791/2749/3381
f 3794/2755/3384 3844/2754/3434 3791/2749/3381 3754/2748/3344
f 3766/2733/3356 3793/2756/3383 3848/2757/3438 3779/2732/3369
f 3793/2756/3383 3755/2741/3345 3794/2753/3384 3848/2757/3438
f 3848/2758/3438 3794/2755/3384 3754/2748/3344 3782/2759/3372
f 3779/2725/3369 3848/2758/3438 3782/2759/3372 3767/2722/3357
f 3767/2722/3357 3782/2759/3372 3847/2760/3437 3783/2723/3373
f 3782/2759/3372 3754/2748/3344 3795/2751/3385 3847/2760/3437
f 3847/2760/3437 3795/2751/3385 3771/2742/3361 3811/2761/3401
f 3783/2723/3373 3847/2760/3437 3811/2761/3401 3765/2726/3355
f 3811/2761/3401 3771/2742/3361 3796/2745/3386 3846/2762/3436
f 3846/2763/3436 3796/2747/3386 3772/2736/3362 3786/2764/3376
f 3810/2729/3400 3846/2763/3436 3786/2764/3376 3750/2730/3340
f 3750/2730/3340 3786/2764/3376 3834/2765/3424 3812/2731/3402
f 3786/2764/3376 3772/2736/3362 3819/2739/3409 3834/2765/3424
f 3834/2765/3424 3819/2739/3409 3755/2741/3345 3793/2756/3383
f 3812/2731/3402 3834/2765/3424 3793/2756/3383 3766/2733/3356
f 3758/2766/3348 3798/2767/3388 3835/2768/3425 3800/2769/3390
f 3798/2767/3388 3756/2770/3346 3797/2771/3387 3835/2768/3425
f 3835/2768/3425 3797/2771/3387 3757/2772/3347 3799/2773/3389
f 3800/2769/3390 3835/2768/3425 3799/2773/3389 3759/2774/3349
f 3756/2770/3346 3798/2767/3388 3836/2775/3426 3801/2776/3391
f 3798/2767/3388 3758/2766/3348 3802/2777/3392 3836/2775/3426
f 3824/2778/3414 3827/2779/3417 3851/2780/3441 3850/2781/3440
f 3802/2777/3392 3805/2782/3395 3837/2783/3427 3836/2775/3426
f 3837/2783/3427 3805/2782/3395 3761/2784/3351 3803/2785/3393
f 3804/2786/3394 3837/2783/3427 3803/2785/3393 3760/2787/3350
f 3760/2787/3350 3803/2785/3393 3838/2788/3428 3807/2789/3397
f 3803/2785/3393 3761/2784/3351 3808/2790/3398 3838/2788/3428
f 3808/2790/3398 3763/2791/3353 3809/2792/3399 3854/2793/3444
f 3829/2794/3419 3762/2795/3352 3764/2796/3354 3855/2797/3445
f 3854/2793/3444 3809/2792/3399 3860/2798/3450 3862/2799/3452
f 3858/2800/3448 3855/2797/3445 3863/2801/3453 3866/2802/3456
f 3836/2775/3426 3837/2783/3427 3804/2786/3394 3801/2776/3391
f 3844/2752/3434 3818/2740/3408 3770/2692/3360 3815/2695/3405
f 3810/2727/3400 3765/2726/3355 3811/2761/3401 3846/2762/3436
f 3775/2803/3365 3823/2804/3413 3849/2805/3439 3821/2806/3411
f 3823/2804/3413 3776/2807/3366 3822/2808/3412 3849/2805/3439
f 3849/2805/3439 3822/2808/3412 3774/2809/3364 3820/2810/3410
f 3821/2806/3411 3849/2805/3439 3820/2810/3410 3773/2811/3363
f 3773/2811/3363 3824/2778/3414 3850/2781/3440 3821/2806/3411
f 3850/2781/3440 3851/2780/3441 3828/2812/3418 3825/2813/3415
f 3821/2806/3411 3850/2781/3440 3825/2813/3415 3775/2803/3365
f 3827/2779/3417 3777/2814/3367 3826/2815/3416 3851/2780/3441
f 3851/2780/3441 3826/2815/3416 3778/2816/3368 3828/2812/3418
f 3777/2814/3367 3829/2794/3419 3852/2817/3442 3826/2815/3416
f 3762/2818/3352 3807/2789/3397 3853/2819/3443 3764/2820/3354
f 3838/2788/3428 3808/2790/3398 3854/2793/3444 3857/2821/3447
f 3826/2815/3416 3852/2817/3442 3830/2822/3420 3778/2816/3368
f 3856/2823/3446 3858/2800/3448 3866/2802/3456 3864/2824/3454
f 3764/2820/3354 3853/2819/3443 3861/2825/3451 3806/2826/3396
f 3830/2822/3420 3852/2817/3442 3858/2800/3448 3856/2823/3446
f 3852/2817/3442 3829/2794/3419 3855/2797/3445 3858/2800/3448
f 3807/2789/3397 3838/2788/3428 3857/2821/3447 3853/2819/3443
f 3763/2827/3353 3830/2822/3420 3856/2823/3446 3809/2828/3399
f 3861/2825/3451 3865/2829/3455 3859/2830/3449 3806/2826/3396
f 3865/2829/3455 3862/2799/3452 3860/2798/3450 3859/2830/3449
f 3863/2801/3453 3806/2831/3396 3859/2832/3449 3866/2802/3456
f 3866/2802/3456 3859/2832/3449 3860/2833/3450 3864/2824/3454
f 3809/2828/3399 3856/2823/3446 3864/2824/3454 3860/2833/3450
f 3855/2797/3445 3764/2796/3354 3806/2831/3396 3863/2801/3453
f 3853/2819/3443 3857/2821/3447 3865/2829/3455 3861/2825/3451
f 3857/2821/3447 3854/2793/3444 3862/2799/3452 3865/2829/3455
f 3889/2692/3479 3899/2693/3489 3960/2694/3550 3934/2695/3524
f 3899/2693/3489 3867/2696/3457 3900/2697/3490 3960/2694/3550
f 3960/2698/3550 3900/2699/3490 3868/2700/3458 3907/2701/3497
f 3934/2702/3524 3960/2698/3550 3907/2701/3497 3888/2703/3478
f 3888/2703/3478 3907/2701/3497 3959/2704/3549 3935/2705/3525
f 3907/2701/3497 3868/2700/3458 3903/2706/3493 3959/2704/3549
f 3959/2704/3549 3903/2706/3493 3871/2707/3461 3908/2708/3498
f 3935/2705/3525 3959/2704/3549 3908/2708/3498 3872/2709/3462
f 3872/2709/3462 3908/2708/3498 3958/2710/3548 3936/2711/3526
f 3908/2708/3498 3871/2707/3461 3904/2712/3494 3958/2710/3548
f 3958/2713/3548 3904/2714/3494 3870/2715/3460 3909/2716/3499
f 3936/2717/3526 3958/2713/3548 3909/2716/3499 3887/2718/3477
f 3887/2718/3477 3909/2716/3499 3950/2719/3540 3933/2720/3523
f 3909/2716/3499 3870/2715/3460 3906/2721/3496 3950/2719/3540
f 3950/2719/3540 3906/2721/3496 3867/2696/3457 3899/2693/3489
f 3933/2720/3523 3950/2719/3540 3899/2693/3489 3889/2692/3479
f 3886/2722/3476 3902/2723/3492 3961/2724/3551 3898/2725/3488
f 3902/2723/3492 3884/2726/3474 3929/2727/3519 3961/2724/3551
f 3961/2728/3551 3929/2729/3519 3869/2730/3459 3931/2731/3521
f 3898/2732/3488 3961/2728/3551 3931/2731/3521 3885/2733/3475
f 3871/2707/3461 3903/2706/3493 3962/2734/3552 3904/2712/3494
f 3903/2706/3493 3868/2700/3458 3900/2699/3490 3962/2734/3552
f 3962/2735/3552 3900/2697/3490 3867/2696/3457 3906/2721/3496
f 3904/2714/3494 3962/2735/3552 3906/2721/3496 3870/2715/3460
f 3891/2736/3481 3932/2737/3522 3951/2738/3541 3938/2739/3528
f 3932/2737/3522 3887/2718/3477 3933/2720/3523 3951/2738/3541
f 3951/2738/3541 3933/2720/3523 3889/2692/3479 3937/2740/3527
f 3938/2739/3528 3951/2738/3541 3937/2740/3527 3874/2741/3464
f 3890/2742/3480 3911/2743/3501 3952/2744/3542 3915/2745/3505
f 3911/2743/3501 3872/2709/3462 3936/2711/3526 3952/2744/3542
f 3952/2746/3542 3936/2717/3526 3887/2718/3477 3932/2737/3522
f 3915/2747/3505 3952/2746/3542 3932/2737/3522 3891/2736/3481
f 3873/2748/3463 3910/2749/3500 3964/2750/3554 3914/2751/3504
f 3910/2749/3500 3888/2703/3478 3935/2705/3525 3964/2750/3554
f 3964/2750/3554 3935/2705/3525 3872/2709/3462 3911/2743/3501
f 3914/2751/3504 3964/2750/3554 3911/2743/3501 3890/2742/3480
f 3874/2741/3464 3937/2740/3527 3963/2752/3553 3913/2753/3503
f 3963/2754/3553 3934/2702/3524 3888/2703/3478 3910/2749/3500
f 3913/2755/3503 3963/2754/3553 3910/2749/3500 3873/2748/3463
f 3885/2733/3475 3912/2756/3502 3967/2757/3557 3898/2732/3488
f 3912/2756/3502 3874/2741/3464 3913/2753/3503 3967/2757/3557
f 3967/2758/3557 3913/2755/3503 3873/2748/3463 3901/2759/3491
f 3898/2725/3488 3967/2758/3557 3901/2759/3491 3886/2722/3476
f 3886/2722/3476 3901/2759/3491 3966/2760/3556 3902/2723/3492
f 3901/2759/3491 3873/2748/3463 3914/2751/3504 3966/2760/3556
f 3966/2760/3556 3914/2751/3504 3890/2742/3480 3930/2761/3520
f 3902/2723/3492 3966/2760/3556 3930/2761/3520 3884/2726/3474
f 3930/2761/3520 3890/2742/3480 3915/2745/3505 3965/2762/3555
f 3965/2763/3555 3915/2747/3505 3891/2736/3481 3905/2764/3495
f 3929/2729/3519 3965/2763/3555 3905/2764/3495 3869/2730/3459
f 3869/2730/3459 3905/2764/3495 3953/2765/3543 3931/2731/3521
f 3905/2764/3495 3891/2736/3481 3938/2739/3528 3953/2765/3543
f 3953/2765/3543 3938/2739/3528 3874/2741/3464 3912/2756/3502
f 3931/2731/3521 3953/2765/3543 3912/2756/3502 3885/2733/3475
f 3877/2766/3467 3917/2767/3507 3954/2768/3544 3919/2769/3509
f 3917/2767/3507 3875/2770/3465 3916/2771/3506 3954/2768/3544
f 3954/2768/3544 3916/2771/3506 3876/2772/3466 3918/2773/3508
f 3919/2769/3509 3954/2768/3544 3918/2773/3508 3878/2774/3468
f 3875/2770/3465 3917/2767/3507 3955/2775/3545 3920/2776/3510
f 3917/2767/3507 3877/2766/3467 3921/2777/3511 3955/2775/3545
f 3943/2778/3533 3946/2779/3536 3970/2780/3560 3969/2781/3559
f 3921/2777/3511 3924/2782/3514 3956/2783/3546 3955/2775/3545
f 3956/2783/3546 3924/2782/3514 3880/2784/3470 3922/2785/3512
f 3923/2786/3513 3956/2783/3546 3922/2785/3512 3879/2787/3469
f 3879/2787/3469 3922/2785/3512 3957/2788/3547 3926/2789/3516
f 3922/2785/3512 3880/2784/3470 3927/2790/3517 3957/2788/3547
f 3927/2790/3517 3882/2791/3472 3928/2792/3518 3973/2793/3563
f 3948/2794/3538 3881/2795/3471 3883/2796/3473 3974/2797/3564
f 3973/2793/3563 3928/2792/3518 3979/2798/3569 3981/2799/3571
f 3977/2800/3567 3974/2797/3564 3982/2801/3572 3985/2802/3575
f 3955/2775/3545 3956/2783/3546 3923/2786/3513 3920/2776/3510
f 3963/2752/3553 3937/2740/3527 3889/2692/3479 3934/2695/3524
f 3929/2727/3519 3884/2726/3474 3930/2761/3520 3965/2762/3555
f 3894/2803/3484 3942/2804/3532 3968/2805/3558 3940/2806/3530
f 3942/2804/3532 3895/2807/3485 3941/2808/3531 3968/2805/3558
f 3968/2805/3558 3941/2808/3531 3893/2809/3483 3939/2810/3529
f 3940/2806/3530 3968/2805/3558 3939/2810/3529 3892/2811/3482
f 3892/2811/3482 3943/2778/3533 3969/2781/3559 3940/2806/3530
f 3969/2781/3559 3970/2780/3560 3947/2812/3537 3944/2813/3534
f 3940/2806/3530 3969/2781/3559 3944/2813/3534 3894/2803/3484
f 3946/2779/3536 3896/2814/3486 3945/2815/3535 3970/2780/3560
f 3970/2780/3560 3945/2815/3535 3897/2816/3487 3947/2812/3537
f 3896/2814/3486 3948/2794/3538 3971/2817/3561 3945/2815/3535
f 3881/2818/3471 3926/2789/3516 3972/2819/3562 3883/2820/3473
f 3957/2788/3547 3927/2790/3517 3973/2793/3563 3976/2821/3566
f 3945/2815/3535 3971/2817/3561 3949/2822/3539 3897/2816/3487
f 3975/2823/3565 3977/2800/3567 3985/2802/3575 3983/2824/3573
f 3883/2820/3473 3972/2819/3562 3980/2825/3570 3925/2826/3515
f 3949/2822/3539 3971/2817/3561 3977/2800/3567 3975/2823/3565
f 3971/2817/3561 3948/2794/3538 3974/2797/3564 3977/2800/3567
f 3926/2789/3516 3957/2788/3547 3976/2821/3566 3972/2819/3562
f 3882/2827/3472 3949/2822/3539 3975/2823/3565 3928/2828/3518
f 3980/2825/3570 3984/2829/3574 3978/2830/3568 3925/2826/3515
f 3984/2829/3574 3981/2799/3571 3979/2798/3569 3978/2830/3568
f 3982/2801/3572 3925/2831/3515 3978/2832/3568 3985/2802/3575
f 3985/2802/3575 3978/2832/3568 3979/2833/3569 3983/2824/3573
f 3928/2828/3518 3975/2823/3565 3983/2824/3573 3979/2833/3569
f 3974/2797/3564 3883/2796/3473 3925/2831/3515 3982/2801/3572
f 3972/2819/3562 3976/2821/3566 3984/2829/3574 3980/2825/3570
f 3976/2821/3566 3973/2793/3563 3981/2799/3571 3984/2829/3574
f 4008/2692/3598 4018/2693/3608 4079/2694/3669 4053/2695/3643
f 4018/2693/3608 3986/2696/3576 4019/2697/3609 4079/2694/3669
f 4079/2698/3669 4019/2699/3609 3987/2700/3577 4026/2701/3616
f 4053/2702/3643 4079/2698/3669 4026/2701/3616 4007/2703/3597
f 4007/2703/3597 4026/2701/3616 4078/2704/3668 4054/2705/3644
f 4026/2701/3616 3987/2700/3577 4022/2706/3612 4078/2704/3668
f 4078/2704/3668 4022/2706/3612 3990/2707/3580 4027/2708/3617
f 4054/2705/3644 4078/2704/3668 4027/2708/3617 3991/2709/3581
f 3991/2709/3581 4027/2708/3617 4077/2710/3667 4055/2711/3645
f 4027/2708/3617 3990/2707/3580 4023/2712/3613 4077/2710/3667
f 4077/2713/3667 4023/2714/3613 3989/2715/3579 4028/2716/3618
f 4055/2717/3645 4077/2713/3667 4028/2716/3618 4006/2718/3596
f 4006/2718/3596 4028/2716/3618 4069/2719/3659 4052/2720/3642
f 4028/2716/3618 3989/2715/3579 4025/2721/3615 4069/2719/3659
f 4069/2719/3659 4025/2721/3615 3986/2696/3576 4018/2693/3608
f 4052/2720/3642 4069/2719/3659 4018/2693/3608 4008/2692/3598
f 4005/2722/3595 4021/2723/3611 4080/2724/3670 4017/2725/3607
f 4021/2723/3611 4003/2726/3593 4048/2727/3638 4080/2724/3670
f 4080/2728/3670 4048/2729/3638 3988/2730/3578 4050/2731/3640
f 4017/2732/3607 4080/2728/3670 4050/2731/3640 4004/2733/3594
f 3990/2707/3580 4022/2706/3612 4081/2734/3671 4023/2712/3613
f 4022/2706/3612 3987/2700/3577 4019/2699/3609 4081/2734/3671
f 4081/2735/3671 4019/2697/3609 3986/2696/3576 4025/2721/3615
f 4023/2714/3613 4081/2735/3671 4025/2721/3615 3989/2715/3579
f 4010/2736/3600 4051/2737/3641 4070/2738/3660 4057/2739/3647
f 4051/2737/3641 4006/2718/3596 4052/2720/3642 4070/2738/3660
f 4070/2738/3660 4052/2720/3642 4008/2692/3598 4056/2740/3646
f 4057/2739/3647 4070/2738/3660 4056/2740/3646 3993/2741/3583
f 4009/2742/3599 4030/2743/3620 4071/2744/3661 4034/2745/3624
f 4030/2743/3620 3991/2709/3581 4055/2711/3645 4071/2744/3661
f 4071/2746/3661 4055/2717/3645 4006/2718/3596 4051/2737/3641
f 4034/2747/3624 4071/2746/3661 4051/2737/3641 4010/2736/3600
f 3992/2748/3582 4029/2749/3619 4083/2750/3673 4033/2751/3623
f 4029/2749/3619 4007/2703/3597 4054/2705/3644 4083/2750/3673
f 4083/2750/3673 4054/2705/3644 3991/2709/3581 4030/2743/3620
f 4033/2751/3623 4083/2750/3673 4030/2743/3620 4009/2742/3599
f 3993/2741/3583 4056/2740/3646 4082/2752/3672 4032/2753/3622
f 4082/2754/3672 4053/2702/3643 4007/2703/3597 4029/2749/3619
f 4032/2755/3622 4082/2754/3672 4029/2749/3619 3992/2748/3582
f 4004/2733/3594 4031/2756/3621 4086/2757/3676 4017/2732/3607
f 4031/2756/3621 3993/2741/3583 4032/2753/3622 4086/2757/3676
f 4086/2758/3676 4032/2755/3622 3992/2748/3582 4020/2759/3610
f 4017/2725/3607 4086/2758/3676 4020/2759/3610 4005/2722/3595
f 4005/2722/3595 4020/2759/3610 4085/2760/3675 4021/2723/3611
f 4020/2759/3610 3992/2748/3582 4033/2751/3623 4085/2760/3675
f 4085/2760/3675 4033/2751/3623 4009/2742/3599 4049/2761/3639
f 4021/2723/3611 4085/2760/3675 4049/2761/3639 4003/2726/3593
f 4049/2761/3639 4009/2742/3599 4034/2745/3624 4084/2762/3674
f 4084/2763/3674 4034/2747/3624 4010/2736/3600 4024/2764/3614
f 4048/2729/3638 4084/2763/3674 4024/2764/3614 3988/2730/3578
f 3988/2730/3578 4024/2764/3614 4072/2765/3662 4050/2731/3640
f 4024/2764/3614 4010/2736/3600 4057/2739/3647 4072/2765/3662
f 4072/2765/3662 4057/2739/3647 3993/2741/3583 4031/2756/3621
f 4050/2731/3640 4072/2765/3662 4031/2756/3621 4004/2733/3594
f 3996/2766/3586 4036/2767/3626 4073/2768/3663 4038/2769/3628
f 4036/2767/3626 3994/2770/3584 4035/2771/3625 4073/2768/3663
f 4073/2768/3663 4035/2771/3625 3995/2772/3585 4037/2773/3627
f 4038/2769/3628 4073/2768/3663 4037/2773/3627 3997/2774/3587
f 3994/2770/3584 4036/2767/3626 4074/2775/3664 4039/2776/3629
f 4036/2767/3626 3996/2766/3586 4040/2777/3630 4074/2775/3664
f 4062/2778/3652 4065/2779/3655 4089/2780/3679 4088/2781/3678
f 4040/2777/3630 4043/2782/3633 4075/2783/3665 4074/2775/3664
f 4075/2783/3665 4043/2782/3633 3999/2784/3589 4041/2785/3631
f 4042/2786/3632 4075/2783/3665 4041/2785/3631 3998/2787/3588
f 3998/2787/3588 4041/2785/3631 4076/2788/3666 4045/2789/3635
f 4041/2785/3631 3999/2784/3589 4046/2790/3636 4076/2788/3666
f 4046/2790/3636 4001/2791/3591 4047/2792/3637 4092/2793/3682
f 4067/2794/3657 4000/2795/3590 4002/2796/3592 4093/2797/3683
f 4092/2793/3682 4047/2792/3637 4098/2798/3688 4100/2799/3690
f 4096/2800/3686 4093/2797/3683 4101/2801/3691 4104/2802/3694
f 4074/2775/3664 4075/2783/3665 4042/2786/3632 4039/2776/3629
f 4082/2752/3672 4056/2740/3646 4008/2692/3598 4053/2695/3643
f 4048/2727/3638 4003/2726/3593 4049/2761/3639 4084/2762/3674
f 4013/2803/3603 4061/2804/3651 4087/2805/3677 4059/2806/3649
f 4061/2804/3651 4014/2807/3604 4060/2808/3650 4087/2805/3677
f 4087/2805/3677 4060/2808/3650 4012/2809/3602 4058/2810/3648
f 4059/2806/3649 4087/2805/3677 4058/2810/3648 4011/2811/3601
f 4011/2811/3601 4062/2778/3652 4088/2781/3678 4059/2806/3649
f 4088/2781/3678 4089/2780/3679 4066/2812/3656 4063/2813/3653
f 4059/2806/3649 4088/2781/3678 4063/2813/3653 4013/2803/3603
f 4065/2779/3655 4015/2814/3605 4064/2815/3654 4089/2780/3679
f 4089/2780/3679 4064/2815/3654 4016/2816/3606 4066/2812/3656
f 4015/2814/3605 4067/2794/3657 4090/2817/3680 4064/2815/3654
f 4000/2818/3590 4045/2789/3635 4091/2819/3681 4002/2820/3592
f 4076/2788/3666 4046/2790/3636 4092/2793/3682 4095/2821/3685
f 4064/2815/3654 4090/2817/3680 4068/2822/3658 4016/2816/3606
f 4094/2823/3684 4096/2800/3686 4104/2802/3694 4102/2824/3692
f 4002/2820/3592 4091/2819/3681 4099/2825/3689 4044/2826/3634
f 4068/2822/3658 4090/2817/3680 4096/2800/3686 4094/2823/3684
f 4090/2817/3680 4067/2794/3657 4093/2797/3683 4096/2800/3686
f 4045/2789/3635 4076/2788/3666 4095/2821/3685 4091/2819/3681
f 4001/2827/3591 4068/2822/3658 4094/2823/3684 4047/2828/3637
f 4099/2825/3689 4103/2829/3693 4097/2830/3687 4044/2826/3634
f 4103/2829/3693 4100/2799/3690 4098/2798/3688 4097/2830/3687
f 4101/2801/3691 4044/2831/3634 4097/2832/3687 4104/2802/3694
f 4104/2802/3694 4097/2832/3687 4098/2833/3688 4102/2824/3692
f 4047/2828/3637 4094/2823/3684 4102/2824/3692 4098/2833/3688
f 4093/2797/3683 4002/2796/3592 4044/2831/3634 4101/2801/3691
f 4091/2819/3681 4095/2821/3685 4103/2829/3693 4099/2825/3689
f 4095/2821/3685 4092/2793/3682 4100/2799/3690 4103/2829/3693
f 4127/2692/3717 4137/2693/3727 4198/2694/3788 4172/2695/3762
f 4137/2693/3727 4105/2696/3695 4138/2697/3728 4198/2694/3788
f 4198/2698/3788 4138/2699/3728 4106/2700/3696 4145/2701/3735
f 4172/2702/3762 4198/2698/3788 4145/2701/3735 4126/2703/3716
f 4126/2703/3716 4145/2701/3735 4197/2704/3787 4173/2705/3763
f 4145/2701/3735 4106/2700/3696 4141/2706/3731 4197/2704/3787
f 4197/2704/3787 4141/2706/3731 4109/2707/3699 4146/2708/3736
f 4173/2705/3763 4197/2704/3787 4146/2708/3736 4110/2709/3700
f 4110/2709/3700 4146/2708/3736 4196/2710/3786 4174/2711/3764
f 4146/2708/3736 4109/2707/3699 4142/2712/3732 4196/2710/3786
f 4196/2713/3786 4142/2714/3732 4108/2715/3698 4147/2716/3737
f 4174/2717/3764 4196/2713/3786 4147/2716/3737 4125/2718/3715
f 4125/2718/3715 4147/2716/3737 4188/2719/3778 4171/2720/3761
f 4147/2716/3737 4108/2715/3698 4144/2721/3734 4188/2719/3778
f 4188/2719/3778 4144/2721/3734 4105/2696/3695 4137/2693/3727
f 4171/2720/3761 4188/2719/3778 4137/2693/3727 4127/2692/3717
f 4124/2722/3714 4140/2723/3730 4199/2724/3789 4136/2725/3726
f 4140/2723/3730 4122/2726/3712 4167/2727/3757 4199/2724/3789
f 4199/2728/3789 4167/2729/3757 4107/2730/3697 4169/2731/3759
f 4136/2732/3726 4199/2728/3789 4169/2731/3759 4123/2733/3713
f 4109/2707/3699 4141/2706/3731 4200/2734/3790 4142/2712/3732
f 4141/2706/3731 4106/2700/3696 4138/2699/3728 4200/2734/3790
f 4200/2735/3790 4138/2697/3728 4105/2696/3695 4144/2721/3734
f 4142/2714/3732 4200/2735/3790 4144/2721/3734 4108/2715/3698
f 4129/2736/3719 4170/2737/3760 4189/2738/3779 4176/2739/3766
f 4170/2737/3760 4125/2718/3715 4171/2720/3761 4189/2738/3779
f 4189/2738/3779 4171/2720/3761 4127/2692/3717 4175/2740/3765
f 4176/2739/3766 4189/2738/3779 4175/2740/3765 4112/2741/3702
f 4128/2742/3718 4149/2743/3739 4190/2744/3780 4153/2745/3743
f 4149/2743/3739 4110/2709/3700 4174/2711/3764 4190/2744/3780
f 4190/2746/3780 4174/2717/3764 4125/2718/3715 4170/2737/3760
f 4153/2747/3743 4190/2746/3780 4170/2737/3760 4129/2736/3719
f 4111/2748/3701 4148/2749/3738 4202/2750/3792 4152/2751/3742
f 4148/2749/3738 4126/2703/3716 4173/2705/3763 4202/2750/3792
f 4202/2750/3792 4173/2705/3763 4110/2709/3700 4149/2743/3739
f 4152/2751/3742 4202/2750/3792 4149/2743/3739 4128/2742/3718
f 4112/2741/3702 4175/2740/3765 4201/2752/3791 4151/2753/3741
f 4201/2754/3791 4172/2702/3762 4126/2703/3716 4148/2749/3738
f 4151/2755/3741 4201/2754/3791 4148/2749/3738 4111/2748/3701
f 4123/2733/3713 4150/2756/3740 4205/2757/3795 4136/2732/3726
f 4150/2756/3740 4112/2741/3702 4151/2753/3741 4205/2757/3795
f 4205/2758/3795 4151/2755/3741 4111/2748/3701 4139/2759/3729
f 4136/2725/3726 4205/2758/3795 4139/2759/3729 4124/2722/3714
f 4124/2722/3714 4139/2759/3729 4204/2760/3794 4140/2723/3730
f 4139/2759/3729 4111/2748/3701 4152/2751/3742 4204/2760/3794
f 4204/2760/3794 4152/2751/3742 4128/2742/3718 4168/2761/3758
f 4140/2723/3730 4204/2760/3794 4168/2761/3758 4122/2726/3712
f 4168/2761/3758 4128/2742/3718 4153/2745/3743 4203/2762/3793
f 4203/2763/3793 4153/2747/3743 4129/2736/3719 4143/2764/3733
f 4167/2729/3757 4203/2763/3793 4143/2764/3733 4107/2730/3697
f 4107/2730/3697 4143/2764/3733 4191/2765/3781 4169/2731/3759
f 4143/2764/3733 4129/2736/3719 4176/2739/3766 4191/2765/3781
f 4191/2765/3781 4176/2739/3766 4112/2741/3702 4150/2756/3740
f 4169/2731/3759 4191/2765/3781 4150/2756/3740 4123/2733/3713
f 4115/2766/3705 4155/2767/3745 4192/2768/3782 4157/2769/3747
f 4155/2767/3745 4113/2770/3703 4154/2771/3744 4192/2768/3782
f 4192/2768/3782 4154/2771/3744 4114/2772/3704 4156/2773/3746
f 4157/2769/3747 4192/2768/3782 4156/2773/3746 4116/2774/3706
f 4113/2770/3703 4155/2767/3745 4193/2775/3783 4158/2776/3748
f 4155/2767/3745 4115/2766/3705 4159/2777/3749 4193/2775/3783
f 4181/2778/3771 4184/2779/3774 4208/2780/3798 4207/2781/3797
f 4159/2777/3749 4162/2782/3752 4194/2783/3784 4193/2775/3783
f 4194/2783/3784 4162/2782/3752 4118/2784/3708 4160/2785/3750
f 4161/2786/3751 4194/2783/3784 4160/2785/3750 4117/2787/3707
f 4117/2787/3707 4160/2785/3750 4195/2788/3785 4164/2789/3754
f 4160/2785/3750 4118/2784/3708 4165/2790/3755 4195/2788/3785
f 4165/2790/3755 4120/2791/3710 4166/2792/3756 4211/2793/3801
f 4186/2794/3776 4119/2795/3709 4121/2796/3711 4212/2797/3802
f 4211/2793/3801 4166/2792/3756 4217/2798/3807 4219/2799/3809
f 4215/2800/3805 4212/2797/3802 4220/2801/3810 4223/2802/3813
f 4193/2775/3783 4194/2783/3784 4161/2786/3751 4158/2776/3748
f 4201/2752/3791 4175/2740/3765 4127/2692/3717 4172/2695/3762
f 4167/2727/3757 4122/2726/3712 4168/2761/3758 4203/2762/3793
f 4132/2803/3722 4180/2804/3770 4206/2805/3796 4178/2806/3768
f 4180/2804/3770 4133/2807/3723 4179/2808/3769 4206/2805/3796
f 4206/2805/3796 4179/2808/3769 4131/2809/3721 4177/2810/3767
f 4178/2806/3768 4206/2805/3796 4177/2810/3767 4130/2811/3720
f 4130/2811/3720 4181/2778/3771 4207/2781/3797 4178/2806/3768
f 4207/2781/3797 4208/2780/3798 4185/2812/3775 4182/2813/3772
f 4178/2806/3768 4207/2781/3797 4182/2813/3772 4132/2803/3722
f 4184/2779/3774 4134/2814/3724 4183/2815/3773 4208/2780/3798
f 4208/2780/3798 4183/2815/3773 4135/2816/3725 4185/2812/3775
f 4134/2814/3724 4186/2794/3776 4209/2817/3799 4183/2815/3773
f 4119/2818/3709 4164/2789/3754 4210/2819/3800 4121/2820/3711
f 4195/2788/3785 4165/2790/3755 4211/2793/3801 4214/2821/3804
f 4183/2815/3773 4209/2817/3799 4187/2822/3777 4135/2816/3725
f 4213/2823/3803 4215/2800/3805 4223/2802/3813 4221/2824/3811
f 4121/2820/3711 4210/2819/3800 4218/2825/3808 4163/2826/3753
f 4187/2822/3777 4209/2817/3799 4215/2800/3805 4213/2823/3803
f 4209/2817/3799 4186/2794/3776 4212/2797/3802 4215/2800/3805
f 4164/2789/3754 4195/2788/3785 4214/2821/3804 4210/2819/3800
f 4120/2827/3710 4187/2822/3777 4213/2823/3803 4166/2828/3756
f 4218/2825/3808 4222/2829/3812 4216/2830/3806 4163/2826/3753
f 4222/2829/3812 4219/2799/3809 4217/2798/3807 4216/2830/3806
f 4220/2801/3810 4163/2831/3753 4216/2832/3806 4223/2802/3813
f 4223/2802/3813 4216/2832/3806 4217/2833/3807 4221/2824/3811
f 4166/2828/3756 4213/2823/3803 4221/2824/3811 4217/2833/3807
f 4212/2797/3802 4121/2796/3711 4163/2831/3753 4220/2801/3810
f 4210/2819/3800 4214/2821/3804 4222/2829/3812 4218/2825/3808
f 4214/2821/3804 4211/2793/3801 4219/2799/3809 4222/2829/3812
f 4246/2692/3836 4256/2693/3846 4317/2694/3907 4291/2695/3881
f 4256/2693/3846 4224/2696/3814 4257/2697/3847 4317/2694/3907
f 4317/2698/3907 4257/2699/3847 4225/2700/3815 4264/2701/3854
f 4291/2702/3881 4317/2698/3907 4264/2701/3854 4245/2703/3835
f 4245/2703/3835 4264/2701/3854 4316/2704/3906 4292/2705/3882
f 4264/2701/3854 4225/2700/3815 4260/2706/3850 4316/2704/3906
f 4316/2704/3906 4260/2706/3850 4228/2707/3818 4265/2708/3855
f 4292/2705/3882 4316/2704/3906 4265/2708/3855 4229/2709/3819
f 4229/2709/3819 4265/2708/3855 4315/2710/3905 4293/2711/3883
f 4265/2708/3855 4228/2707/3818 4261/2712/3851 4315/2710/3905
f 4315/2713/3905 4261/2714/3851 4227/2715/3817 4266/2716/3856
f 4293/2717/3883 4315/2713/3905 4266/2716/3856 4244/2718/3834
f 4244/2718/3834 4266/2716/3856 4307/2719/3897 4290/2720/3880
f 4266/2716/3856 4227/2715/3817 4263/2721/3853 4307/2719/3897
f 4307/2719/3897 4263/2721/3853 4224/2696/3814 4256/2693/3846
f 4290/2720/3880 4307/2719/3897 4256/2693/3846 4246/2692/3836
f 4243/2722/3833 4259/2723/3849 4318/2724/3908 4255/2725/3845
f 4259/2723/3849 4241/2726/3831 4286/2727/3876 4318/2724/3908
f 4318/2728/3908 4286/2729/3876 4226/2730/3816 4288/2731/3878
f 4255/2732/3845 4318/2728/3908 4288/2731/3878 4242/2733/3832
f 4228/2707/3818 4260/2706/3850 4319/2734/3909 4261/2712/3851
f 4260/2706/3850 4225/2700/3815 4257/2699/3847 4319/2734/3909
f 4319/2735/3909 4257/2697/3847 4224/2696/3814 4263/2721/3853
f 4261/2714/3851 4319/2735/3909 4263/2721/3853 4227/2715/3817
f 4248/2736/3838 4289/2737/3879 4308/2738/3898 4295/2739/3885
f 4289/2737/3879 4244/2718/3834 4290/2720/3880 4308/2738/3898
f 4308/2738/3898 4290/2720/3880 4246/2692/3836 4294/2740/3884
f 4295/2739/3885 4308/2738/3898 4294/2740/3884 4231/2741/3821
f 4247/2742/3837 4268/2743/3858 4309/2744/3899 4272/2745/3862
f 4268/2743/3858 4229/2709/3819 4293/2711/3883 4309/2744/3899
f 4309/2746/3899 4293/2717/3883 4244/2718/3834 4289/2737/3879
f 4272/2747/3862 4309/2746/3899 4289/2737/3879 4248/2736/3838
f 4230/2748/3820 4267/2749/3857 4321/2750/3911 4271/2751/3861
f 4267/2749/3857 4245/2703/3835 4292/2705/3882 4321/2750/3911
f 4321/2750/3911 4292/2705/3882 4229/2709/3819 4268/2743/3858
f 4271/2751/3861 4321/2750/3911 4268/2743/3858 4247/2742/3837
f 4231/2741/3821 4294/2740/3884 4320/2752/3910 4270/2753/3860
f 4320/2754/3910 4291/2702/3881 4245/2703/3835 4267/2749/3857
f 4270/2755/3860 4320/2754/3910 4267/2749/3857 4230/2748/3820
f 4242/2733/3832 4269/2756/3859 4324/2757/3914 4255/2732/3845
f 4269/2756/3859 4231/2741/3821 4270/2753/3860 4324/2757/3914
f 4324/2758/3914 4270/2755/3860 4230/2748/3820 4258/2759/3848
f 4255/2725/3845 4324/2758/3914 4258/2759/3848 4243/2722/3833
f 4243/2722/3833 4258/2759/3848 4323/2760/3913 4259/2723/3849
f 4258/2759/3848 4230/2748/3820 4271/2751/3861 4323/2760/3913
f 4323/2760/3913 4271/2751/3861 4247/2742/3837 4287/2761/3877
f 4259/2723/3849 4323/2760/3913 4287/2761/3877 4241/2726/3831
f 4287/2761/3877 4247/2742/3837 4272/2745/3862 4322/2762/3912
f 4322/2763/3912 4272/2747/3862 4248/2736/3838 4262/2764/3852
f 4286/2729/3876 4322/2763/3912 4262/2764/3852 4226/2730/3816
f 4226/2730/3816 4262/2764/3852 4310/2765/3900 4288/2731/3878
f 4262/2764/3852 4248/2736/3838 4295/2739/3885 4310/2765/3900
f 4310/2765/3900 4295/2739/3885 4231/2741/3821 4269/2756/3859
f 4288/2731/3878 4310/2765/3900 4269/2756/3859 4242/2733/3832
f 4234/2766/3824 4274/2767/3864 4311/2768/3901 4276/2769/3866
f 4274/2767/3864 4232/2770/3822 4273/2771/3863 4311/2768/3901
f 4311/2768/3901 4273/2771/3863 4233/2772/3823 4275/2773/3865
f 4276/2769/3866 4311/2768/3901 4275/2773/3865 4235/2774/3825
f 4232/2770/3822 4274/2767/3864 4312/2775/3902 4277/2776/3867
f 4274/2767/3864 4234/2766/3824 4278/2777/3868 4312/2775/3902
f 4300/2778/3890 4303/2779/3893 4327/2780/3917 4326/2781/3916
f 4278/2777/3868 4281/2782/3871 4313/2783/3903 4312/2775/3902
f 4313/2783/3903 4281/2782/3871 4237/2784/3827 4279/2785/3869
f 4280/2786/3870 4313/2783/3903 4279/2785/3869 4236/2787/3826
f 4236/2787/3826 4279/2785/3869 4314/2788/3904 4283/2789/3873
f 4279/2785/3869 4237/2784/3827 4284/2790/3874 4314/2788/3904
f 4284/2790/3874 4239/2791/3829 4285/2792/3875 4330/2793/3920
f 4305/2794/3895 4238/2795/3828 4240/2796/3830 4331/2797/3921
f 4330/2793/3920 4285/2792/3875 4336/2798/3926 4338/2799/3928
f 4334/2800/3924 4331/2797/3921 4339/2801/3929 4342/2802/3932
f 4312/2775/3902 4313/2783/3903 4280/2786/3870 4277/2776/3867
f 4320/2752/3910 4294/2740/3884 4246/2692/3836 4291/2695/3881
f 4286/2727/3876 4241/2726/3831 4287/2761/3877 4322/2762/3912
f 4251/2803/3841 4299/2804/3889 4325/2805/3915 4297/2806/3887
f 4299/2804/3889 4252/2807/3842 4298/2808/3888 4325/2805/3915
f 4325/2805/3915 4298/2808/3888 4250/2809/3840 4296/2810/3886
f 4297/2806/3887 4325/2805/3915 4296/2810/3886 4249/2811/3839
f 4249/2811/3839 4300/2778/3890 4326/2781/3916 4297/2806/3887
f 4326/2781/3916 4327/2780/3917 4304/2812/3894 4301/2813/3891
f 4297/2806/3887 4326/2781/3916 4301/2813/3891 4251/2803/3841
f 4303/2779/3893 4253/2814/3843 4302/2815/3892 4327/2780/3917
f 4327/2780/3917 4302/2815/3892 4254/2816/3844 4304/2812/3894
f 4253/2814/3843 4305/2794/3895 4328/2817/3918 4302/2815/3892
f 4238/2818/3828 4283/2789/3873 4329/2819/3919 4240/2820/3830
f 4314/2788/3904 4284/2790/3874 4330/2793/3920 4333/2821/3923
f 4302/2815/3892 4328/2817/3918 4306/2822/3896 4254/2816/3844
f 4332/2823/3922 4334/2800/3924 4342/2802/3932 4340/2824/3930
f 4240/2820/3830 4329/2819/3919 4337/2825/3927 4282/2826/3872
f 4306/2822/3896 4328/2817/3918 4334/2800/3924 4332/2823/3922
f 4328/2817/3918 4305/2794/3895 4331/2797/3921 4334/2800/3924
f 4283/2789/3873 4314/2788/3904 4333/2821/3923 4329/2819/3919
f 4239/2827/3829 4306/2822/3896 4332/2823/3922 4285/2828/3875
f 4337/2825/3927 4341/2829/3931 4335/2830/3925 4282/2826/3872
f 4341/2829/3931 4338/2799/3928 4336/2798/3926 4335/2830/3925
f 4339/2801/3929 4282/2831/3872 4335/2832/3925 4342/2802/3932
f 4342/2802/3932 4335/2832/3925 4336/2833/3926 4340/2824/3930
f 4285/2828/3875 4332/2823/3922 4340/2824/3930 4336/2833/3926
f 4331/2797/3921 4240/2796/3830 4282/2831/3872 4339/2801/3929
f 4329/2819/3919 4333/2821/3923 4341/2829/3931 4337/2825/3927
f 4333/2821/3923 4330/2793/3920 4338/2799/3928 4341/2829/3931
f 4365/2692/3955 4375/2693/3965 4436/2694/4026 4410/2695/4000
f 4375/2693/3965 4343/2696/3933 4376/2697/3966 4436/2694/4026
f 4436/2698/4026 4376/2699/3966 4344/2700/3934 4383/2701/3973
f 4410/2702/4000 4436/2698/4026 4383/2701/3973 4364/2703/3954
f 4364/2703/3954 4383/2701/3973 4435/2704/4025 4411/2705/4001
f 4383/2701/3973 4344/2700/3934 4379/2706/3969 4435/2704/4025
f 4435/2704/4025 4379/2706/3969 4347/2707/3937 4384/2708/3974
f 4411/2705/4001 4435/2704/4025 4384/2708/3974 4348/2709/3938
f 4348/2709/3938 4384/2708/3974 4434/2710/4024 4412/2711/4002
f 4384/2708/3974 4347/2707/3937 4380/2712/3970 4434/2710/4024
f 4434/2713/4024 4380/2714/3970 4346/2715/3936 4385/2716/3975
f 4412/2717/4002 4434/2713/4024 4385/2716/3975 4363/2718/3953
f 4363/2718/3953 4385/2716/3975 4426/2719/4016 4409/2720/3999
f 4385/2716/3975 4346/2715/3936 4382/2721/3972 4426/2719/4016
f 4426/2719/4016 4382/2721/3972 4343/2696/3933 4375/2693/3965
f 4409/2720/3999 4426/2719/4016 4375/2693/3965 4365/2692/3955
f 4362/2722/3952 4378/2723/3968 4437/2724/4027 4374/2725/3964
f 4378/2723/3968 4360/2726/3950 4405/2727/3995 4437/2724/4027
f 4437/2728/4027 4405/2729/3995 4345/2730/3935 4407/2731/3997
f 4374/2732/3964 4437/2728/4027 4407/2731/3997 4361/2733/3951
f 4347/2707/3937 4379/2706/3969 4438/2734/4028 4380/2712/3970
f 4379/2706/3969 4344/2700/3934 4376/2699/3966 4438/2734/4028
f 4438/2735/4028 4376/2697/3966 4343/2696/3933 4382/2721/3972
f 4380/2714/3970 4438/2735/4028 4382/2721/3972 4346/2715/3936
f 4367/2736/3957 4408/2737/3998 4427/2738/4017 4414/2739/4004
f 4408/2737/3998 4363/2718/3953 4409/2720/3999 4427/2738/4017
f 4427/2738/4017 4409/2720/3999 4365/2692/3955 4413/2740/4003
f 4414/2739/4004 4427/2738/4017 4413/2740/4003 4350/2741/3940
f 4366/2742/3956 4387/2743/3977 4428/2744/4018 4391/2745/3981
f 4387/2743/3977 4348/2709/3938 4412/2711/4002 4428/2744/4018
f 4428/2746/4018 4412/2717/4002 4363/2718/3953 4408/2737/3998
f 4391/2747/3981 4428/2746/4018 4408/2737/3998 4367/2736/3957
f 4349/2748/3939 4386/2749/3976 4440/2750/4030 4390/2751/3980
f 4386/2749/3976 4364/2703/3954 4411/2705/4001 4440/2750/4030
f 4440/2750/4030 4411/2705/4001 4348/2709/3938 4387/2743/3977
f 4390/2751/3980 4440/2750/4030 4387/2743/3977 4366/2742/3956
f 4350/2741/3940 4413/2740/4003 4439/2752/4029 4389/2753/3979
f 4439/2754/4029 4410/2702/4000 4364/2703/3954 4386/2749/3976
f 4389/2755/3979 4439/2754/4029 4386/2749/3976 4349/2748/3939
f 4361/2733/3951 4388/2756/3978 4443/2757/4033 4374/2732/3964
f 4388/2756/3978 4350/2741/3940 4389/2753/3979 4443/2757/4033
f 4443/2758/4033 4389/2755/3979 4349/2748/3939 4377/2759/3967
f 4374/2725/3964 4443/2758/4033 4377/2759/3967 4362/2722/3952
f 4362/2722/3952 4377/2759/3967 4442/2760/4032 4378/2723/3968
f 4377/2759/3967 4349/2748/3939 4390/2751/3980 4442/2760/4032
f 4442/2760/4032 4390/2751/3980 4366/2742/3956 4406/2761/3996
f 4378/2723/3968 4442/2760/4032 4406/2761/3996 4360/2726/3950
f 4406/2761/3996 4366/2742/3956 4391/2745/3981 4441/2762/4031
f 4441/2763/4031 4391/2747/3981 4367/2736/3957 4381/2764/3971
f 4405/2729/3995 4441/2763/4031 4381/2764/3971 4345/2730/3935
f 4345/2730/3935 4381/2764/3971 4429/2765/4019 4407/2731/3997
f 4381/2764/3971 4367/2736/3957 4414/2739/4004 4429/2765/4019
f 4429/2765/4019 4414/2739/4004 4350/2741/3940 4388/2756/3978
f 4407/2731/3997 4429/2765/4019 4388/2756/3978 4361/2733/3951
f 4353/2766/3943 4393/2767/3983 4430/2768/4020 4395/2769/3985
f 4393/2767/3983 4351/2770/3941 4392/2771/3982 4430/2768/4020
f 4430/2768/4020 4392/2771/3982 4352/2772/3942 4394/2773/3984
f 4395/2769/3985 4430/2768/4020 4394/2773/3984 4354/2774/3944
f 4351/2770/3941 4393/2767/3983 4431/2775/4021 4396/2776/3986
f 4393/2767/3983 4353/2766/3943 4397/2777/3987 4431/2775/4021
f 4419/2778/4009 4422/2779/4012 4446/2780/4036 4445/2781/4035
f 4397/2777/3987 4400/2782/3990 4432/2783/4022 4431/2775/4021
f 4432/2783/4022 4400/2782/3990 4356/2784/3946 4398/2785/3988
f 4399/2786/3989 4432/2783/4022 4398/2785/3988 4355/2787/3945
f 4355/2787/3945 4398/2785/3988 4433/2788/4023 4402/2789/3992
f 4398/2785/3988 4356/2784/3946 4403/2790/3993 4433/2788/4023
f 4403/2790/3993 4358/2791/3948 4404/2792/3994 4449/2793/4039
f 4424/2794/4014 4357/2795/3947 4359/2796/3949 4450/2797/4040
f 4449/2793/4039 4404/2792/3994 4455/2798/4045 4457/2799/4047
f 4453/2800/4043 4450/2797/4040 4458/2801/4048 4461/2802/4051
f 4431/2775/4021 4432/2783/4022 4399/2786/3989 4396/2776/3986
f 4439/2752/4029 4413/2740/4003 4365/2692/3955 4410/2695/4000
f 4405/2727/3995 4360/2726/3950 4406/2761/3996 4441/2762/4031
f 4370/2803/3960 4418/2804/4008 4444/2805/4034 4416/2806/4006
f 4418/2804/4008 4371/2807/3961 4417/2808/4007 4444/2805/4034
f 4444/2805/4034 4417/2808/4007 4369/2809/3959 4415/2810/4005
f 4416/2806/4006 4444/2805/4034 4415/2810/4005 4368/2811/3958
f 4368/2811/3958 4419/2778/4009 4445/2781/4035 4416/2806/4006
f 4445/2781/4035 4446/2780/4036 4423/2812/4013 4420/2813/4010
f 4416/2806/4006 4445/2781/4035 4420/2813/4010 4370/2803/3960
f 4422/2779/4012 4372/2814/3962 4421/2815/4011 4446/2780/4036
f 4446/2780/4036 4421/2815/4011 4373/2816/3963 4423/2812/4013
f 4372/2814/3962 4424/2794/4014 4447/2817/4037 4421/2815/4011
f 4357/2818/3947 4402/2789/3992 4448/2819/4038 4359/2820/3949
f 4433/2788/4023 4403/2790/3993 4449/2793/4039 4452/2821/4042
f 4421/2815/4011 4447/2817/4037 4425/2822/4015 4373/2816/3963
f 4451/2823/4041 4453/2800/4043 4461/2802/4051 4459/2824/4049
f 4359/2820/3949 4448/2819/4038 4456/2825/4046 4401/2826/3991
f 4425/2822/4015 4447/2817/4037 4453/2800/4043 4451/2823/4041
f 4447/2817/4037 4424/2794/4014 4450/2797/4040 4453/2800/4043
f 4402/2789/3992 4433/2788/4023 4452/2821/4042 4448/2819/4038
f 4358/2827/3948 4425/2822/4015 4451/2823/4041 4404/2828/3994
f 4456/2825/4046 4460/2829/4050 4454/2830/4044 4401/2826/3991
f 4460/2829/4050 4457/2799/4047 4455/2798/4045 4454/2830/4044
f 4458/2801/4048 4401/2831/3991 4454/2832/4044 4461/2802/4051
f 4461/2802/4051 4454/2832/4044 4455/2833/4045 4459/2824/4049
f 4404/2828/3994 4451/2823/4041 4459/2824/4049 4455/2833/4045
f 4450/2797/4040 4359/2796/3949 4401/2831/3991 4458/2801/4048
f 4448/2819/4038 4452/2821/4042 4460/2829/4050 4456/2825/4046
f 4452/2821/4042 4449/2793/4039 4457/2799/4047 4460/2829/4050
f 4484/2692/4074 4494/2693/4084 4555/2694/4145 4529/2695/4119
f 4494/2693/4084 4462/2696/4052 4495/2697/4085 4555/2694/4145
f 4555/2698/4145 4495/2699/4085 4463/2700/4053 4502/2701/4092
f 4529/2702/4119 4555/2698/4145 4502/2701/4092 4483/2703/4073
f 4483/2703/4073 4502/2701/4092 4554/2704/4144 4530/2705/4120
f 4502/2701/4092 4463/2700/4053 4498/2706/4088 4554/2704/4144
f 4554/2704/4144 4498/2706/4088 4466/2707/4056 4503/2708/4093
f 4530/2705/4120 4554/2704/4144 4503/2708/4093 4467/2709/4057
f 4467/2709/4057 4503/2708/4093 4553/2710/4143 4531/2711/4121
f 4503/2708/4093 4466/2707/4056 4499/2712/4089 4553/2710/4143
f 4553/2713/4143 4499/2714/4089 4465/2715/4055 4504/2716/4094
f 4531/2717/4121 4553/2713/4143 4504/2716/4094 4482/2718/4072
f 4482/2718/4072 4504/2716/4094 4545/2719/4135 4528/2720/4118
f 4504/2716/4094 4465/2715/4055 4501/2721/4091 4545/2719/4135
f 4545/2719/4135 4501/2721/4091 4462/2696/4052 4494/2693/4084
f 4528/2720/4118 4545/2719/4135 4494/2693/4084 4484/2692/4074
f 4481/2722/4071 4497/2723/4087 4556/2724/4146 4493/2725/4083
f 4497/2723/4087 4479/2726/4069 4524/2727/4114 4556/2724/4146
f 4556/2728/4146 4524/2729/4114 4464/2730/4054 4526/2731/4116
f 4493/2732/4083 4556/2728/4146 4526/2731/4116 4480/2733/4070
f 4466/2707/4056 4498/2706/4088 4557/2734/4147 4499/2712/4089
f 4498/2706/4088 4463/2700/4053 4495/2699/4085 4557/2734/4147
f 4557/2735/4147 4495/2697/4085 4462/2696/4052 4501/2721/4091
f 4499/2714/4089 4557/2735/4147 4501/2721/4091 4465/2715/4055
f 4486/2736/4076 4527/2737/4117 4546/2738/4136 4533/2739/4123
f 4527/2737/4117 4482/2718/4072 4528/2720/4118 4546/2738/4136
f 4546/2738/4136 4528/2720/4118 4484/2692/4074 4532/2740/4122
f 4533/2739/4123 4546/2738/4136 4532/2740/4122 4469/2741/4059
f 4485/2742/4075 4506/2743/4096 4547/2744/4137 4510/2745/4100
f 4506/2743/4096 4467/2709/4057 4531/2711/4121 4547/2744/4137
f 4547/2746/4137 4531/2717/4121 4482/2718/4072 4527/2737/4117
f 4510/2747/4100 4547/2746/4137 4527/2737/4117 4486/2736/4076
f 4468/2748/4058 4505/2749/4095 4559/2750/4149 4509/2751/4099
f 4505/2749/4095 4483/2703/4073 4530/2705/4120 4559/2750/4149
f 4559/2750/4149 4530/2705/4120 4467/2709/4057 4506/2743/4096
f 4509/2751/4099 4559/2750/4149 4506/2743/4096 4485/2742/4075
f 4469/2741/4059 4532/2740/4122 4558/2752/4148 4508/2753/4098
f 4558/2754/4148 4529/2702/4119 4483/2703/4073 4505/2749/4095
f 4508/2755/4098 4558/2754/4148 4505/2749/4095 4468/2748/4058
f 4480/2733/4070 4507/2756/4097 4562/2757/4152 4493/2732/4083
f 4507/2756/4097 4469/2741/4059 4508/2753/4098 4562/2757/4152
f 4562/2758/4152 4508/2755/4098 4468/2748/4058 4496/2759/4086
f 4493/2725/4083 4562/2758/4152 4496/2759/4086 4481/2722/4071
f 4481/2722/4071 4496/2759/4086 4561/2760/4151 4497/2723/4087
f 4496/2759/4086 4468/2748/4058 4509/2751/4099 4561/2760/4151
f 4561/2760/4151 4509/2751/4099 4485/2742/4075 4525/2761/4115
f 4497/2723/4087 4561/2760/4151 4525/2761/4115 4479/2726/4069
f 4525/2761/4115 4485/2742/4075 4510/2745/4100 4560/2762/4150
f 4560/2763/4150 4510/2747/4100 4486/2736/4076 4500/2764/4090
f 4524/2729/4114 4560/2763/4150 4500/2764/4090 4464/2730/4054
f 4464/2730/4054 4500/2764/4090 4548/2765/4138 4526/2731/4116
f 4500/2764/4090 4486/2736/4076 4533/2739/4123 4548/2765/4138
f 4548/2765/4138 4533/2739/4123 4469/2741/4059 4507/2756/4097
f 4526/2731/4116 4548/2765/4138 4507/2756/4097 4480/2733/4070
f 4472/2766/4062 4512/2767/4102 4549/2768/4139 4514/2769/4104
f 4512/2767/4102 4470/2770/4060 4511/2771/4101 4549/2768/4139
f 4549/2768/4139 4511/2771/4101 4471/2772/4061 4513/2773/4103
f 4514/2769/4104 4549/2768/4139 4513/2773/4103 4473/2774/4063
f 4470/2770/4060 4512/2767/4102 4550/2775/4140 4515/2776/4105
f 4512/2767/4102 4472/2766/4062 4516/2777/4106 4550/2775/4140
f 4538/2778/4128 4541/2779/4131 4565/2780/4155 4564/2781/4154
f 4516/2777/4106 4519/2782/4109 4551/2783/4141 4550/2775/4140
f 4551/2783/4141 4519/2782/4109 4475/2784/4065 4517/2785/4107
f 4518/2786/4108 4551/2783/4141 4517/2785/4107 4474/2787/4064
f 4474/2787/4064 4517/2785/4107 4552/2788/4142 4521/2789/4111
f 4517/2785/4107 4475/2784/4065 4522/2790/4112 4552/2788/4142
f 4522/2790/4112 4477/2791/4067 4523/2792/4113 4568/2793/4158
f 4543/2794/4133 4476/2795/4066 4478/2796/4068 4569/2797/4159
f 4568/2793/4158 4523/2792/4113 4574/2798/4164 4576/2799/4166
f 4572/2800/4162 4569/2797/4159 4577/2801/4167 4580/2802/4170
f 4550/2775/4140 4551/2783/4141 4518/2786/4108 4515/2776/4105
f 4558/2752/4148 4532/2740/4122 4484/2692/4074 4529/2695/4119
f 4524/2727/4114 4479/2726/4069 4525/2761/4115 4560/2762/4150
f 4489/2803/4079 4537/2804/4127 4563/2805/4153 4535/2806/4125
f 4537/2804/4127 4490/2807/4080 4536/2808/4126 4563/2805/4153
f 4563/2805/4153 4536/2808/4126 4488/2809/4078 4534/2810/4124
f 4535/2806/4125 4563/2805/4153 4534/2810/4124 4487/2811/4077
f 4487/2811/4077 4538/2778/4128 4564/2781/4154 4535/2806/4125
f 4564/2781/4154 4565/2780/4155 4542/2812/4132 4539/2813/4129
f 4535/2806/4125 4564/2781/4154 4539/2813/4129 4489/2803/4079
f 4541/2779/4131 4491/2814/4081 4540/2815/4130 4565/2780/4155
f 4565/2780/4155 4540/2815/4130 4492/2816/4082 4542/2812/4132
f 4491/2814/4081 4543/2794/4133 4566/2817/4156 4540/2815/4130
f 4476/2818/4066 4521/2789/4111 4567/2819/4157 4478/2820/4068
f 4552/2788/4142 4522/2790/4112 4568/2793/4158 4571/2821/4161
f 4540/2815/4130 4566/2817/4156 4544/2822/4134 4492/2816/4082
f 4570/2823/4160 4572/2800/4162 4580/2802/4170 4578/2824/4168
f 4478/2820/4068 4567/2819/4157 4575/2825/4165 4520/2826/4110
f 4544/2822/4134 4566/2817/4156 4572/2800/4162 4570/2823/4160
f 4566/2817/4156 4543/2794/4133 4569/2797/4159 4572/2800/4162
f 4521/2789/4111 4552/2788/4142 4571/2821/4161 4567/2819/4157
f 4477/2827/4067 4544/2822/4134 4570/2823/4160 4523/2828/4113
f 4575/2825/4165 4579/2829/4169 4573/2830/4163 4520/2826/4110
f 4579/2829/4169 4576/2799/4166 4574/2798/4164 4573/2830/4163
f 4577/2801/4167 4520/2831/4110 4573/2832/4163 4580/2802/4170
f 4580/2802/4170 4573/2832/4163 4574/2833/4164 4578/2824/4168
f 4523/2828/4113 4570/2823/4160 4578/2824/4168 4574/2833/4164
f 4569/2797/4159 4478/2796/4068 4520/2831/4110 4577/2801/4167
f 4567/2819/4157 4571/2821/4161 4579/2829/4169 4575/2825/4165
f 4571/2821/4161 4568/2793/4158 4576/2799/4166 4579/2829/4169
f 4603/2692/4193 4613/2693/4203 4674/2694/4264 4648/2695/4238
f 4613/2693/4203 4581/2696/4171 4614/2697/4204 4674/2694/4264
f 4674/2698/4264 4614/2699/4204 4582/2700/4172 4621/2701/4211
f 4648/2702/4238 4674/2698/4264 4621/2701/4211 4602/2703/4192
f 4602/2703/4192 4621/2701/4211 4673/2704/4263 4649/2705/4239
f 4621/2701/4211 4582/2700/4172 4617/2706/4207 4673/2704/4263
f 4673/2704/4263 4617/2706/4207 4585/2707/4175 4622/2708/4212
f 4649/2705/4239 4673/2704/4263 4622/2708/4212 4586/2709/4176
f 4586/2709/4176 4622/2708/4212 4672/2710/4262 4650/2711/4240
f 4622/2708/4212 4585/2707/4175 4618/2712/4208 4672/2710/4262
f 4672/2713/4262 4618/2714/4208 4584/2715/4174 4623/2716/4213
f 4650/2717/4240 4672/2713/4262 4623/2716/4213 4601/2718/4191
f 4601/2718/4191 4623/2716/4213 4664/2719/4254 4647/2720/4237
f 4623/2716/4213 4584/2715/4174 4620/2721/4210 4664/2719/4254
f 4664/2719/4254 4620/2721/4210 4581/2696/4171 4613/2693/4203
f 4647/2720/4237 4664/2719/4254 4613/2693/4203 4603/2692/4193
f 4600/2722/4190 4616/2723/4206 4675/2724/4265 4612/2725/4202
f 4616/2723/4206 4598/2726/4188 4643/2727/4233 4675/2724/4265
f 4675/2728/4265 4643/2729/4233 4583/2730/4173 4645/2731/4235
f 4612/2732/4202 4675/2728/4265 4645/2731/4235 4599/2733/4189
f 4585/2707/4175 4617/2706/4207 4676/2734/4266 4618/2712/4208
f 4617/2706/4207 4582/2700/4172 4614/2699/4204 4676/2734/4266
f 4676/2735/4266 4614/2697/4204 4581/2696/4171 4620/2721/4210
f 4618/2714/4208 4676/2735/4266 4620/2721/4210 4584/2715/4174
f 4605/2736/4195 4646/2737/4236 4665/2738/4255 4652/2739/4242
f 4646/2737/4236 4601/2718/4191 4647/2720/4237 4665/2738/4255
f 4665/2738/4255 4647/2720/4237 4603/2692/4193 4651/2740/4241
f 4652/2739/4242 4665/2738/4255 4651/2740/4241 4588/2741/4178
f 4604/2742/4194 4625/2743/4215 4666/2744/4256 4629/2745/4219
f 4625/2743/4215 4586/2709/4176 4650/2711/4240 4666/2744/4256
f 4666/2746/4256 4650/2717/4240 4601/2718/4191 4646/2737/4236
f 4629/2747/4219 4666/2746/4256 4646/2737/4236 4605/2736/4195
f 4587/2748/4177 4624/2749/4214 4678/2750/4268 4628/2751/4218
f 4624/2749/4214 4602/2703/4192 4649/2705/4239 4678/2750/4268
f 4678/2750/4268 4649/2705/4239 4586/2709/4176 4625/2743/4215
f 4628/2751/4218 4678/2750/4268 4625/2743/4215 4604/2742/4194
f 4588/2741/4178 4651/2740/4241 4677/2752/4267 4627/2753/4217
f 4677/2754/4267 4648/2702/4238 4602/2703/4192 4624/2749/4214
f 4627/2755/4217 4677/2754/4267 4624/2749/4214 4587/2748/4177
f 4599/2733/4189 4626/2756/4216 4681/2757/4271 4612/2732/4202
f 4626/2756/4216 4588/2741/4178 4627/2753/4217 4681/2757/4271
f 4681/2758/4271 4627/2755/4217 4587/2748/4177 4615/2759/4205
f 4612/2725/4202 4681/2758/4271 4615/2759/4205 4600/2722/4190
f 4600/2722/4190 4615/2759/4205 4680/2760/4270 4616/2723/4206
f 4615/2759/4205 4587/2748/4177 4628/2751/4218 4680/2760/4270
f 4680/2760/4270 4628/2751/4218 4604/2742/4194 4644/2761/4234
f 4616/2723/4206 4680/2760/4270 4644/2761/4234 4598/2726/4188
f 4644/2761/4234 4604/2742/4194 4629/2745/4219 4679/2762/4269
f 4679/2763/4269 4629/2747/4219 4605/2736/4195 4619/2764/4209
f 4643/2729/4233 4679/2763/4269 4619/2764/4209 4583/2730/4173
f 4583/2730/4173 4619/2764/4209 4667/2765/4257 4645/2731/4235
f 4619/2764/4209 4605/2736/4195 4652/2739/4242 4667/2765/4257
f 4667/2765/4257 4652/2739/4242 4588/2741/4178 4626/2756/4216
f 4645/2731/4235 4667/2765/4257 4626/2756/4216 4599/2733/4189
f 4591/2766/4181 4631/2767/4221 4668/2768/4258 4633/2769/4223
f 4631/2767/4221 4589/2770/4179 4630/2771/4220 4668/2768/4258
f 4668/2768/4258 4630/2771/4220 4590/2772/4180 4632/2773/4222
f 4633/2769/4223 4668/2768/4258 4632/2773/4222 4592/2774/4182
f 4589/2770/4179 4631/2767/4221 4669/2775/4259 4634/2776/4224
f 4631/2767/4221 4591/2766/4181 4635/2777/4225 4669/2775/4259
f 4657/2778/4247 4660/2779/4250 4684/2780/4274 4683/2781/4273
f 4635/2777/4225 4638/2782/4228 4670/2783/4260 4669/2775/4259
f 4670/2783/4260 4638/2782/4228 4594/2784/4184 4636/2785/4226
f 4637/2786/4227 4670/2783/4260 4636/2785/4226 4593/2787/4183
f 4593/2787/4183 4636/2785/4226 4671/2788/4261 4640/2789/4230
f 4636/2785/4226 4594/2784/4184 4641/2790/4231 4671/2788/4261
f 4641/2790/4231 4596/2791/4186 4642/2792/4232 4687/2793/4277
f 4662/2794/4252 4595/2795/4185 4597/2796/4187 4688/2797/4278
f 4687/2793/4277 4642/2792/4232 4693/2798/4283 4695/2799/4285
f 4691/2800/4281 4688/2797/4278 4696/2801/4286 4699/2802/4289
f 4669/2775/4259 4670/2783/4260 4637/2786/4227 4634/2776/4224
f 4677/2752/4267 4651/2740/4241 4603/2692/4193 4648/2695/4238
f 4643/2727/4233 4598/2726/4188 4644/2761/4234 4679/2762/4269
f 4608/2803/4198 4656/2804/4246 4682/2805/4272 4654/2806/4244
f 4656/2804/4246 4609/2807/4199 4655/2808/4245 4682/2805/4272
f 4682/2805/4272 4655/2808/4245 4607/2809/4197 4653/2810/4243
f 4654/2806/4244 4682/2805/4272 4653/2810/4243 4606/2811/4196
f 4606/2811/4196 4657/2778/4247 4683/2781/4273 4654/2806/4244
f 4683/2781/4273 4684/2780/4274 4661/2812/4251 4658/2813/4248
f 4654/2806/4244 4683/2781/4273 4658/2813/4248 4608/2803/4198
f 4660/2779/4250 4610/2814/4200 4659/2815/4249 4684/2780/4274
f 4684/2780/4274 4659/2815/4249 4611/2816/4201 4661/2812/4251
f 4610/2814/4200 4662/2794/4252 4685/2817/4275 4659/2815/4249
f 4595/2818/4185 4640/2789/4230 4686/2819/4276 4597/2820/4187
f 4671/2788/4261 4641/2790/4231 4687/2793/4277 4690/2821/4280
f 4659/2815/4249 4685/2817/4275 4663/2822/4253 4611/2816/4201
f 4689/2823/4279 4691/2800/4281 4699/2802/4289 4697/2824/4287
f 4597/2820/4187 4686/2819/4276 4694/2825/4284 4639/2826/4229
f 4663/2822/4253 4685/2817/4275 4691/2800/4281 4689/2823/4279
f 4685/2817/4275 4662/2794/4252 4688/2797/4278 4691/2800/4281
f 4640/2789/4230 4671/2788/4261 4690/2821/4280 4686/2819/4276
f 4596/2827/4186 4663/2822/4253 4689/2823/4279 4642/2828/4232
f 4694/2825/4284 4698/2829/4288 4692/2830/4282 4639/2826/4229
f 4698/2829/4288 4695/2799/4285 4693/2798/4283 4692/2830/4282
f 4696/2801/4286 4639/2831/4229 4692/2832/4282 4699/2802/4289
f 4699/2802/4289 4692/2832/4282 4693/2833/4283 4697/2824/4287
f 4642/2828/4232 4689/2823/4279 4697/2824/4287 4693/2833/4283
f 4688/2797/4278 4597/2796/4187 4639/2831/4229 4696/2801/4286
f 4686/2819/4276 4690/2821/4280 4698/2829/4288 4694/2825/4284
f 4690/2821/4280 4687/2793/4277 4695/2799/4285 4698/2829/4288
f 4722/2692/4312 4732/2693/4322 4793/2694/4383 4767/2695/4357
f 4732/2693/4322 4700/2696/4290 4733/2697/4323 4793/2694/4383
f 4793/2698/4383 4733/2699/4323 4701/2700/4291 4740/2701/4330
f 4767/2702/4357 4793/2698/4383 4740/2701/4330 4721/2703/4311
f 4721/2703/4311 4740/2701/4330 4792/2704/4382 4768/2705/4358
f 4740/2701/4330 4701/2700/4291 4736/2706/4326 4792/2704/4382
f 4792/2704/4382 4736/2706/4326 4704/2707/4294 4741/2708/4331
f 4768/2705/4358 4792/2704/4382 4741/2708/4331 4705/2709/4295
f 4705/2709/4295 4741/2708/4331 4791/2710/4381 4769/2711/4359
f 4741/2708/4331 4704/2707/4294 4737/2712/4327 4791/2710/4381
f 4791/2713/4381 4737/2714/4327 4703/2715/4293 4742/2716/4332
f 4769/2717/4359 4791/2713/4381 4742/2716/4332 4720/2718/4310
f 4720/2718/4310 4742/2716/4332 4783/2719/4373 4766/2720/4356
f 4742/2716/4332 4703/2715/4293 4739/2721/4329 4783/2719/4373
f 4783/2719/4373 4739/2721/4329 4700/2696/4290 4732/2693/4322
f 4766/2720/4356 4783/2719/4373 4732/2693/4322 4722/2692/4312
f 4719/2722/4309 4735/2723/4325 4794/2724/4384 4731/2725/4321
f 4735/2723/4325 4717/2726/4307 4762/2727/4352 4794/2724/4384
f 4794/2728/4384 4762/2729/4352 4702/2730/4292 4764/2731/4354
f 4731/2732/4321 4794/2728/4384 4764/2731/4354 4718/2733/4308
f 4704/2707/4294 4736/2706/4326 4795/2734/4385 4737/2712/4327
f 4736/2706/4326 4701/2700/4291 4733/2699/4323 4795/2734/4385
f 4795/2735/4385 4733/2697/4323 4700/2696/4290 4739/2721/4329
f 4737/2714/4327 4795/2735/4385 4739/2721/4329 4703/2715/4293
f 4724/2736/4314 4765/2737/4355 4784/2738/4374 4771/2739/4361
f 4765/2737/4355 4720/2718/4310 4766/2720/4356 4784/2738/4374
f 4784/2738/4374 4766/2720/4356 4722/2692/4312 4770/2740/4360
f 4771/2739/4361 4784/2738/4374 4770/2740/4360 4707/2741/4297
f 4723/2742/4313 4744/2743/4334 4785/2744/4375 4748/2745/4338
f 4744/2743/4334 4705/2709/4295 4769/2711/4359 4785/2744/4375
f 4785/2746/4375 4769/2717/4359 4720/2718/4310 4765/2737/4355
f 4748/2747/4338 4785/2746/4375 4765/2737/4355 4724/2736/4314
f 4706/2748/4296 4743/2749/4333 4797/2750/4387 4747/2751/4337
f 4743/2749/4333 4721/2703/4311 4768/2705/4358 4797/2750/4387
f 4797/2750/4387 4768/2705/4358 4705/2709/4295 4744/2743/4334
f 4747/2751/4337 4797/2750/4387 4744/2743/4334 4723/2742/4313
f 4707/2741/4297 4770/2740/4360 4796/2752/4386 4746/2753/4336
f 4796/2754/4386 4767/2702/4357 4721/2703/4311 4743/2749/4333
f 4746/2755/4336 4796/2754/4386 4743/2749/4333 4706/2748/4296
f 4718/2733/4308 4745/2756/4335 4800/2757/4390 4731/2732/4321
f 4745/2756/4335 4707/2741/4297 4746/2753/4336 4800/2757/4390
f 4800/2758/4390 4746/2755/4336 4706/2748/4296 4734/2759/4324
f 4731/2725/4321 4800/2758/4390 4734/2759/4324 4719/2722/4309
f 4719/2722/4309 4734/2759/4324 4799/2760/4389 4735/2723/4325
f 4734/2759/4324 4706/2748/4296 4747/2751/4337 4799/2760/4389
f 4799/2760/4389 4747/2751/4337 4723/2742/4313 4763/2761/4353
f 4735/2723/4325 4799/2760/4389 4763/2761/4353 4717/2726/4307
f 4763/2761/4353 4723/2742/4313 4748/2745/4338 4798/2762/4388
f 4798/2763/4388 4748/2747/4338 4724/2736/4314 4738/2764/4328
f 4762/2729/4352 4798/2763/4388 4738/2764/4328 4702/2730/4292
f 4702/2730/4292 4738/2764/4328 4786/2765/4376 4764/2731/4354
f 4738/2764/4328 4724/2736/4314 4771/2739/4361 4786/2765/4376
f 4786/2765/4376 4771/2739/4361 4707/2741/4297 4745/2756/4335
f 4764/2731/4354 4786/2765/4376 4745/2756/4335 4718/2733/4308
f 4710/2766/4300 4750/2767/4340 4787/2768/4377 4752/2769/4342
f 4750/2767/4340 4708/2770/4298 4749/2771/4339 4787/2768/4377
f 4787/2768/4377 4749/2771/4339 4709/2772/4299 4751/2773/4341
f 4752/2769/4342 4787/2768/4377 4751/2773/4341 4711/2774/4301
f 4708/2770/4298 4750/2767/4340 4788/2775/4378 4753/2776/4343
f 4750/2767/4340 4710/2766/4300 4754/2777/4344 4788/2775/4378
f 4776/2778/4366 4779/2779/4369 4803/2780/4393 4802/2781/4392
f 4754/2777/4344 4757/2782/4347 4789/2783/4379 4788/2775/4378
f 4789/2783/4379 4757/2782/4347 4713/2784/4303 4755/2785/4345
f 4756/2786/4346 4789/2783/4379 4755/2785/4345 4712/2787/4302
f 4712/2787/4302 4755/2785/4345 4790/2788/4380 4759/2789/4349
f 4755/2785/4345 4713/2784/4303 4760/2790/4350 4790/2788/4380
f 4760/2790/4350 4715/2791/4305 4761/2792/4351 4806/2793/4396
f 4781/2794/4371 4714/2795/4304 4716/2796/4306 4807/2797/4397
f 4806/2793/4396 4761/2792/4351 4812/2798/4402 4814/2799/4404
f 4810/2800/4400 4807/2797/4397 4815/2801/4405 4818/2802/4408
f 4788/2775/4378 4789/2783/4379 4756/2786/4346 4753/2776/4343
f 4796/2752/4386 4770/2740/4360 4722/2692/4312 4767/2695/4357
f 4762/2727/4352 4717/2726/4307 4763/2761/4353 4798/2762/4388
f 4727/2803/4317 4775/2804/4365 4801/2805/4391 4773/2806/4363
f 4775/2804/4365 4728/2807/4318 4774/2808/4364 4801/2805/4391
f 4801/2805/4391 4774/2808/4364 4726/2809/4316 4772/2810/4362
f 4773/2806/4363 4801/2805/4391 4772/2810/4362 4725/2811/4315
f 4725/2811/4315 4776/2778/4366 4802/2781/4392 4773/2806/4363
f 4802/2781/4392 4803/2780/4393 4780/2812/4370 4777/2813/4367
f 4773/2806/4363 4802/2781/4392 4777/2813/4367 4727/2803/4317
f 4779/2779/4369 4729/2814/4319 4778/2815/4368 4803/2780/4393
f 4803/2780/4393 4778/2815/4368 4730/2816/4320 4780/2812/4370
f 4729/2814/4319 4781/2794/4371 4804/2817/4394 4778/2815/4368
f 4714/2818/4304 4759/2789/4349 4805/2819/4395 4716/2820/4306
f 4790/2788/4380 4760/2790/4350 4806/2793/4396 4809/2821/4399
f 4778/2815/4368 4804/2817/4394 4782/2822/4372 4730/2816/4320
f 4808/2823/4398 4810/2800/4400 4818/2802/4408 4816/2824/4406
f 4716/2820/4306 4805/2819/4395 4813/2825/4403 4758/2826/4348
f 4782/2822/4372 4804/2817/4394 4810/2800/4400 4808/2823/4398
f 4804/2817/4394 4781/2794/4371 4807/2797/4397 4810/2800/4400
f 4759/2789/4349 4790/2788/4380 4809/2821/4399 4805/2819/4395
f 4715/2827/4305 4782/2822/4372 4808/2823/4398 4761/2828/4351
f 4813/2825/4403 4817/2829/4407 4811/2830/4401 4758/2826/4348
f 4817/2829/4407 4814/2799/4404 4812/2798/4402 4811/2830/4401
f 4815/2801/4405 4758/2831/4348 4811/2832/4401 4818/2802/4408
f 4818/2802/4408 4811/2832/4401 4812/2833/4402 4816/2824/4406
f 4761/2828/4351 4808/2823/4398 4816/2824/4406 4812/2833/4402
f 4807/2797/4397 4716/2796/4306 4758/2831/4348 4815/2801/4405
f 4805/2819/4395 4809/2821/4399 4817/2829/4407 4813/2825/4403
f 4809/2821/4399 4806/2793/4396 4814/2799/4404 4817/2829/4407
f 4841/2692/4431 4851/2693/4441 4912/2694/4502 4886/2695/4476
f 4851/2693/4441 4819/2696/4409 4852/2697/4442 4912/2694/4502
f 4912/2698/4502 4852/2699/4442 4820/2700/4410 4859/2701/4449
f 4886/2702/4476 4912/2698/4502 4859/2701/4449 4840/2703/4430
f 4840/2703/4430 4859/2701/4449 4911/2704/4501 4887/2705/4477
f 4859/2701/4449 4820/2700/4410 4855/2706/4445 4911/2704/4501
f 4911/2704/4501 4855/2706/4445 4823/2707/4413 4860/2708/4450
f 4887/2705/4477 4911/2704/4501 4860/2708/4450 4824/2709/4414
f 4824/2709/4414 4860/2708/4450 4910/2710/4500 4888/2711/4478
f 4860/2708/4450 4823/2707/4413 4856/2712/4446 4910/2710/4500
f 4910/2713/4500 4856/2714/4446 4822/2715/4412 4861/2716/4451
f 4888/2717/4478 4910/2713/4500 4861/2716/4451 4839/2718/4429
f 4839/2718/4429 4861/2716/4451 4902/2719/4492 4885/2720/4475
f 4861/2716/4451 4822/2715/4412 4858/2721/4448 4902/2719/4492
f 4902/2719/4492 4858/2721/4448 4819/2696/4409 4851/2693/4441
f 4885/2720/4475 4902/2719/4492 4851/2693/4441 4841/2692/4431
f 4838/2722/4428 4854/2723/4444 4913/2724/4503 4850/2725/4440
f 4854/2723/4444 4836/2726/4426 4881/2727/4471 4913/2724/4503
f 4913/2728/4503 4881/2729/4471 4821/2730/4411 4883/2731/4473
f 4850/2732/4440 4913/2728/4503 4883/2731/4473 4837/2733/4427
f 4823/2707/4413 4855/2706/4445 4914/2734/4504 4856/2712/4446
f 4855/2706/4445 4820/2700/4410 4852/2699/4442 4914/2734/4504
f 4914/2735/4504 4852/2697/4442 4819/2696/4409 4858/2721/4448
f 4856/2714/4446 4914/2735/4504 4858/2721/4448 4822/2715/4412
f 4843/2736/4433 4884/2737/4474 4903/2738/4493 4890/2739/4480
f 4884/2737/4474 4839/2718/4429 4885/2720/4475 4903/2738/4493
f 4903/2738/4493 4885/2720/4475 4841/2692/4431 4889/2740/4479
f 4890/2739/4480 4903/2738/4493 4889/2740/4479 4826/2741/4416
f 4842/2742/4432 4863/2743/4453 4904/2744/4494 4867/2745/4457
f 4863/2743/4453 4824/2709/4414 4888/2711/4478 4904/2744/4494
f 4904/2746/4494 4888/2717/4478 4839/2718/4429 4884/2737/4474
f 4867/2747/4457 4904/2746/4494 4884/2737/4474 4843/2736/4433
f 4825/2748/4415 4862/2749/4452 4916/2750/4506 4866/2751/4456
f 4862/2749/4452 4840/2703/4430 4887/2705/4477 4916/2750/4506
f 4916/2750/4506 4887/2705/4477 4824/2709/4414 4863/2743/4453
f 4866/2751/4456 4916/2750/4506 4863/2743/4453 4842/2742/4432
f 4826/2741/4416 4889/2740/4479 4915/2752/4505 4865/2753/4455
f 4915/2754/4505 4886/2702/4476 4840/2703/4430 4862/2749/4452
f 4865/2755/4455 4915/2754/4505 4862/2749/4452 4825/2748/4415
f 4837/2733/4427 4864/2756/4454 4919/2757/4509 4850/2732/4440
f 4864/2756/4454 4826/2741/4416 4865/2753/4455 4919/2757/4509
f 4919/2758/4509 4865/2755/4455 4825/2748/4415 4853/2759/4443
f 4850/2725/4440 4919/2758/4509 4853/2759/4443 4838/2722/4428
f 4838/2722/4428 4853/2759/4443 4918/2760/4508 4854/2723/4444
f 4853/2759/4443 4825/2748/4415 4866/2751/4456 4918/2760/4508
f 4918/2760/4508 4866/2751/4456 4842/2742/4432 4882/2761/4472
f 4854/2723/4444 4918/2760/4508 4882/2761/4472 4836/2726/4426
f 4882/2761/4472 4842/2742/4432 4867/2745/4457 4917/2762/4507
f 4917/2763/4507 4867/2747/4457 4843/2736/4433 4857/2764/4447
f 4881/2729/4471 4917/2763/4507 4857/2764/4447 4821/2730/4411
f 4821/2730/4411 4857/2764/4447 4905/2765/4495 4883/2731/4473
f 4857/2764/4447 4843/2736/4433 4890/2739/4480 4905/2765/4495
f 4905/2765/4495 4890/2739/4480 4826/2741/4416 4864/2756/4454
f 4883/2731/4473 4905/2765/4495 4864/2756/4454 4837/2733/4427
f 4829/2766/4419 4869/2767/4459 4906/2768/4496 4871/2769/4461
f 4869/2767/4459 4827/2770/4417 4868/2771/4458 4906/2768/4496
f 4906/2768/4496 4868/2771/4458 4828/2772/4418 4870/2773/4460
f 4871/2769/4461 4906/2768/4496 4870/2773/4460 4830/2774/4420
f 4827/2770/4417 4869/2767/4459 4907/2775/4497 4872/2776/4462
f 4869/2767/4459 4829/2766/4419 4873/2777/4463 4907/2775/4497
f 4895/2778/4485 4898/2779/4488 4922/2780/4512 4921/2781/4511
f 4873/2777/4463 4876/2782/4466 4908/2783/4498 4907/2775/4497
f 4908/2783/4498 4876/2782/4466 4832/2784/4422 4874/2785/4464
f 4875/2786/4465 4908/2783/4498 4874/2785/4464 4831/2787/4421
f 4831/2787/4421 4874/2785/4464 4909/2788/4499 4878/2789/4468
f 4874/2785/4464 4832/2784/4422 4879/2790/4469 4909/2788/4499
f 4879/2790/4469 4834/2791/4424 4880/2792/4470 4925/2793/4515
f 4900/2794/4490 4833/2795/4423 4835/2796/4425 4926/2797/4516
f 4925/2793/4515 4880/2792/4470 4931/2798/4521 4933/2799/4523
f 4929/2800/4519 4926/2797/4516 4934/2801/4524 4937/2802/4527
f 4907/2775/4497 4908/2783/4498 4875/2786/4465 4872/2776/4462
f 4915/2752/4505 4889/2740/4479 4841/2692/4431 4886/2695/4476
f 4881/2727/4471 4836/2726/4426 4882/2761/4472 4917/2762/4507
f 4846/2803/4436 4894/2804/4484 4920/2805/4510 4892/2806/4482
f 4894/2804/4484 4847/2807/4437 4893/2808/4483 4920/2805/4510
f 4920/2805/4510 4893/2808/4483 4845/2809/4435 4891/2810/4481
f 4892/2806/4482 4920/2805/4510 4891/2810/4481 4844/2811/4434
f 4844/2811/4434 4895/2778/4485 4921/2781/4511 4892/2806/4482
f 4921/2781/4511 4922/2780/4512 4899/2812/4489 4896/2813/4486
f 4892/2806/4482 4921/2781/4511 4896/2813/4486 4846/2803/4436
f 4898/2779/4488 4848/2814/4438 4897/2815/4487 4922/2780/4512
f 4922/2780/4512 4897/2815/4487 4849/2816/4439 4899/2812/4489
f 4848/2814/4438 4900/2794/4490 4923/2817/4513 4897/2815/4487
f 4833/2818/4423 4878/2789/4468 4924/2819/4514 4835/2820/4425
f 4909/2788/4499 4879/2790/4469 4925/2793/4515 4928/2821/4518
f 4897/2815/4487 4923/2817/4513 4901/2822/4491 4849/2816/4439
f 4927/2823/4517 4929/2800/4519 4937/2802/4527 4935/2824/4525
f 4835/2820/4425 4924/2819/4514 4932/2825/4522 4877/2826/4467
f 4901/2822/4491 4923/2817/4513 4929/2800/4519 4927/2823/4517
f 4923/2817/4513 4900/2794/4490 4926/2797/4516 4929/2800/4519
f 4878/2789/4468 4909/2788/4499 4928/2821/4518 4924/2819/4514
f 4834/2827/4424 4901/2822/4491 4927/2823/4517 4880/2828/4470
f 4932/2825/4522 4936/2829/4526 4930/2830/4520 4877/2826/4467
f 4936/2829/4526 4933/2799/4523 4931/2798/4521 4930/2830/4520
f 4934/2801/4524 4877/2831/4467 4930/2832/4520 4937/2802/4527
f 4937/2802/4527 4930/2832/4520 4931/2833/4521 4935/2824/4525
f 4880/2828/4470 4927/2823/4517 4935/2824/4525 4931/2833/4521
f 4926/2797/4516 4835/2796/4425 4877/2831/4467 4934/2801/4524
f 4924/2819/4514 4928/2821/4518 4936/2829/4526 4932/2825/4522
f 4928/2821/4518 4925/2793/4515 4933/2799/4523 4936/2829/4526
f 4960/2692/4550 4970/2693/4560 5031/2694/4621 5005/2695/4595
f 4970/2693/4560 4938/2696/4528 4971/2697/4561 5031/2694/4621
f 5031/2698/4621 4971/2699/4561 4939/2700/4529 4978/2701/4568
f 5005/2702/4595 5031/2698/4621 4978/2701/4568 4959/2703/4549
f 4959/2703/4549 4978/2701/4568 5030/2704/4620 5006/2705/4596
f 4978/2701/4568 4939/2700/4529 4974/2706/4564 5030/2704/4620
f 5030/2704/4620 4974/2706/4564 4942/2707/4532 4979/2708/4569
f 5006/2705/4596 5030/2704/4620 4979/2708/4569 4943/2709/4533
f 4943/2709/4533 4979/2708/4569 5029/2710/4619 5007/2711/4597
f 4979/2708/4569 4942/2707/4532 4975/2712/4565 5029/2710/4619
f 5029/2713/4619 4975/2714/4565 4941/2715/4531 4980/2716/4570
f 5007/2717/4597 5029/2713/4619 4980/2716/4570 4958/2718/4548
f 4958/2718/4548 4980/2716/4570 5021/2719/4611 5004/2720/4594
f 4980/2716/4570 4941/2715/4531 4977/2721/4567 5021/2719/4611
f 5021/2719/4611 4977/2721/4567 4938/2696/4528 4970/2693/4560
f 5004/2720/4594 5021/2719/4611 4970/2693/4560 4960/2692/4550
f 4957/2722/4547 4973/2723/4563 5032/2724/4622 4969/2725/4559
f 4973/2723/4563 4955/2726/4545 5000/2727/4590 5032/2724/4622
f 5032/2728/4622 5000/2729/4590 4940/2730/4530 5002/2731/4592
f 4969/2732/4559 5032/2728/4622 5002/2731/4592 4956/2733/4546
f 4942/2707/4532 4974/2706/4564 5033/2734/4623 4975/2712/4565
f 4974/2706/4564 4939/2700/4529 4971/2699/4561 5033/2734/4623
f 5033/2735/4623 4971/2697/4561 4938/2696/4528 4977/2721/4567
f 4975/2714/4565 5033/2735/4623 4977/2721/4567 4941/2715/4531
f 4962/2736/4552 5003/2737/4593 5022/2738/4612 5009/2739/4599
f 5003/2737/4593 4958/2718/4548 5004/2720/4594 5022/2738/4612
f 5022/2738/4612 5004/2720/4594 4960/2692/4550 5008/2740/4598
f 5009/2739/4599 5022/2738/4612 5008/2740/4598 4945/2741/4535
f 4961/2742/4551 4982/2743/4572 5023/2744/4613 4986/2745/4576
f 4982/2743/4572 4943/2709/4533 5007/2711/4597 5023/2744/4613
f 5023/2746/4613 5007/2717/4597 4958/2718/4548 5003/2737/4593
f 4986/2747/4576 5023/2746/4613 5003/2737/4593 4962/2736/4552
f 4944/2748/4534 4981/2749/4571 5035/2750/4625 4985/2751/4575
f 4981/2749/4571 4959/2703/4549 5006/2705/4596 5035/2750/4625
f 5035/2750/4625 5006/2705/4596 4943/2709/4533 4982/2743/4572
f 4985/2751/4575 5035/2750/4625 4982/2743/4572 4961/2742/4551
f 4945/2741/4535 5008/2740/4598 5034/2752/4624 4984/2753/4574
f 5034/2754/4624 5005/2702/4595 4959/2703/4549 4981/2749/4571
f 4984/2755/4574 5034/2754/4624 4981/2749/4571 4944/2748/4534
f 4956/2733/4546 4983/2756/4573 5038/2757/4628 4969/2732/4559
f 4983/2756/4573 4945/2741/4535 4984/2753/4574 5038/2757/4628
f 5038/2758/4628 4984/2755/4574 4944/2748/4534 4972/2759/4562
f 4969/2725/4559 5038/2758/4628 4972/2759/4562 4957/2722/4547
f 4957/2722/4547 4972/2759/4562 5037/2760/4627 4973/2723/4563
f 4972/2759/4562 4944/2748/4534 4985/2751/4575 5037/2760/4627
f 5037/2760/4627 4985/2751/4575 4961/2742/4551 5001/2761/4591
f 4973/2723/4563 5037/2760/4627 5001/2761/4591 4955/2726/4545
f 5001/2761/4591 4961/2742/4551 4986/2745/4576 5036/2762/4626
f 5036/2763/4626 4986/2747/4576 4962/2736/4552 4976/2764/4566
f 5000/2729/4590 5036/2763/4626 4976/2764/4566 4940/2730/4530
f 4940/2730/4530 4976/2764/4566 5024/2765/4614 5002/2731/4592
f 4976/2764/4566 4962/2736/4552 5009/2739/4599 5024/2765/4614
f 5024/2765/4614 5009/2739/4599 4945/2741/4535 4983/2756/4573
f 5002/2731/4592 5024/2765/4614 4983/2756/4573 4956/2733/4546
f 4948/2766/4538 4988/2767/4578 5025/2768/4615 4990/2769/4580
f 4988/2767/4578 4946/2770/4536 4987/2771/4577 5025/2768/4615
f 5025/2768/4615 4987/2771/4577 4947/2772/4537 4989/2773/4579
f 4990/2769/4580 5025/2768/4615 4989/2773/4579 4949/2774/4539
f 4946/2770/4536 4988/2767/4578 5026/2775/4616 4991/2776/4581
f 4988/2767/4578 4948/2766/4538 4992/2777/4582 5026/2775/4616
f 5014/2778/4604 5017/2779/4607 5041/2780/4631 5040/2781/4630
f 4992/2777/4582 4995/2782/4585 5027/2783/4617 5026/2775/4616
f 5027/2783/4617 4995/2782/4585 4951/2784/4541 4993/2785/4583
f 4994/2786/4584 5027/2783/4617 4993/2785/4583 4950/2787/4540
f 4950/2787/4540 4993/2785/4583 5028/2788/4618 4997/2789/4587
f 4993/2785/4583 4951/2784/4541 4998/2790/4588 5028/2788/4618
f 4998/2790/4588 4953/2791/4543 4999/2792/4589 5044/2793/4634
f 5019/2794/4609 4952/2795/4542 4954/2796/4544 5045/2797/4635
f 5044/2793/4634 4999/2792/4589 5050/2798/4640 5052/2799/4642
f 5048/2800/4638 5045/2797/4635 5053/2801/4643 5056/2802/4646
f 5026/2775/4616 5027/2783/4617 4994/2786/4584 4991/2776/4581
f 5034/2752/4624 5008/2740/4598 4960/2692/4550 5005/2695/4595
f 5000/2727/4590 4955/2726/4545 5001/2761/4591 5036/2762/4626
f 4965/2803/4555 5013/2804/4603 5039/2805/4629 5011/2806/4601
f 5013/2804/4603 4966/2807/4556 5012/2808/4602 5039/2805/4629
f 5039/2805/4629 5012/2808/4602 4964/2809/4554 5010/2810/4600
f 5011/2806/4601 5039/2805/4629 5010/2810/4600 4963/2811/4553
f 4963/2811/4553 5014/2778/4604 5040/2781/4630 5011/2806/4601
f 5040/2781/4630 5041/2780/4631 5018/2812/4608 5015/2813/4605
f 5011/2806/4601 5040/2781/4630 5015/2813/4605 4965/2803/4555
f 5017/2779/4607 4967/2814/4557 5016/2815/4606 5041/2780/4631
f 5041/2780/4631 5016/2815/4606 4968/2816/4558 5018/2812/4608
f 4967/2814/4557 5019/2794/4609 5042/2817/4632 5016/2815/4606
f 4952/2818/4542 4997/2789/4587 5043/2819/4633 4954/2820/4544
f 5028/2788/4618 4998/2790/4588 5044/2793/4634 5047/2821/4637
f 5016/2815/4606 5042/2817/4632 5020/2822/4610 4968/2816/4558
f 5046/2823/4636 5048/2800/4638 5056/2802/4646 5054/2824/4644
f 4954/2820/4544 5043/2819/4633 5051/2825/4641 4996/2826/4586
f 5020/2822/4610 5042/2817/4632 5048/2800/4638 5046/2823/4636
f 5042/2817/4632 5019/2794/4609 5045/2797/4635 5048/2800/4638
f 4997/2789/4587 5028/2788/4618 5047/2821/4637 5043/2819/4633
f 4953/2827/4543 5020/2822/4610 5046/2823/4636 4999/2828/4589
f 5051/2825/4641 5055/2829/4645 5049/2830/4639 4996/2826/4586
f 5055/2829/4645 5052/2799/4642 5050/2798/4640 5049/2830/4639
f 5053/2801/4643 4996/2831/4586 5049/2832/4639 5056/2802/4646
f 5056/2802/4646 5049/2832/4639 5050/2833/4640 5054/2824/4644
f 4999/2828/4589 5046/2823/4636 5054/2824/4644 5050/2833/4640
f 5045/2797/4635 4954/2796/4544 4996/2831/4586 5053/2801/4643
f 5043/2819/4633 5047/2821/4637 5055/2829/4645 5051/2825/4641
f 5047/2821/4637 5044/2793/4634 5052/2799/4642 5055/2829/4645
f 5079/2692/4669 5089/2693/4679 5150/2694/4740 5124/2695/4714
f 5089/2693/4679 5057/2696/4647 5090/2697/4680 5150/2694/4740
f 5150/2698/4740 5090/2699/4680 5058/2700/4648 5097/2701/4687
f 5124/2702/4714 5150/2698/4740 5097/2701/4687 5078/2703/4668
f 5078/2703/4668 5097/2701/4687 5149/2704/4739 5125/2705/4715
f 5097/2701/4687 5058/2700/4648 5093/2706/4683 5149/2704/4739
f 5149/2704/4739 5093/2706/4683 5061/2707/4651 5098/2708/4688
f 5125/2705/4715 5149/2704/4739 5098/2708/4688 5062/2709/4652
f 5062/2709/4652 5098/2708/4688 5148/2710/4738 5126/2711/4716
f 5098/2708/4688 5061/2707/4651 5094/2712/4684 5148/2710/4738
f 5148/2713/4738 5094/2714/4684 5060/2715/4650 5099/2716/4689
f 5126/2717/4716 5148/2713/4738 5099/2716/4689 5077/2718/4667
f 5077/2718/4667 5099/2716/4689 5140/2719/4730 5123/2720/4713
f 5099/2716/4689 5060/2715/4650 5096/2721/4686 5140/2719/4730
f 5140/2719/4730 5096/2721/4686 5057/2696/4647 5089/2693/4679
f 5123/2720/4713 5140/2719/4730 5089/2693/4679 5079/2692/4669
f 5076/2722/4666 5092/2723/4682 5151/2724/4741 5088/2725/4678
f 5092/2723/4682 5074/2726/4664 5119/2727/4709 5151/2724/4741
f 5151/2728/4741 5119/2729/4709 5059/2730/4649 5121/2731/4711
f 5088/2732/4678 5151/2728/4741 5121/2731/4711 5075/2733/4665
f 5061/2707/4651 5093/2706/4683 5152/2734/4742 5094/2712/4684
f 5093/2706/4683 5058/2700/4648 5090/2699/4680 5152/2734/4742
f 5152/2735/4742 5090/2697/4680 5057/2696/4647 5096/2721/4686
f 5094/2714/4684 5152/2735/4742 5096/2721/4686 5060/2715/4650
f 5081/2736/4671 5122/2737/4712 5141/2738/4731 5128/2739/4718
f 5122/2737/4712 5077/2718/4667 5123/2720/4713 5141/2738/4731
f 5141/2738/4731 5123/2720/4713 5079/2692/4669 5127/2740/4717
f 5128/2739/4718 5141/2738/4731 5127/2740/4717 5064/2741/4654
f 5080/2742/4670 5101/2743/4691 5142/2744/4732 5105/2745/4695
f 5101/2743/4691 5062/2709/4652 5126/2711/4716 5142/2744/4732
f 5142/2746/4732 5126/2717/4716 5077/2718/4667 5122/2737/4712
f 5105/2747/4695 5142/2746/4732 5122/2737/4712 5081/2736/4671
f 5063/2748/4653 5100/2749/4690 5154/2750/4744 5104/2751/4694
f 5100/2749/4690 5078/2703/4668 5125/2705/4715 5154/2750/4744
f 5154/2750/4744 5125/2705/4715 5062/2709/4652 5101/2743/4691
f 5104/2751/4694 5154/2750/4744 5101/2743/4691 5080/2742/4670
f 5064/2741/4654 5127/2740/4717 5153/2752/4743 5103/2753/4693
f 5153/2754/4743 5124/2702/4714 5078/2703/4668 5100/2749/4690
f 5103/2755/4693 5153/2754/4743 5100/2749/4690 5063/2748/4653
f 5075/2733/4665 5102/2756/4692 5157/2757/4747 5088/2732/4678
f 5102/2756/4692 5064/2741/4654 5103/2753/4693 5157/2757/4747
f 5157/2758/4747 5103/2755/4693 5063/2748/4653 5091/2759/4681
f 5088/2725/4678 5157/2758/4747 5091/2759/4681 5076/2722/4666
f 5076/2722/4666 5091/2759/4681 5156/2760/4746 5092/2723/4682
f 5091/2759/4681 5063/2748/4653 5104/2751/4694 5156/2760/4746
f 5156/2760/4746 5104/2751/4694 5080/2742/4670 5120/2761/4710
f 5092/2723/4682 5156/2760/4746 5120/2761/4710 5074/2726/4664
f 5120/2761/4710 5080/2742/4670 5105/2745/4695 5155/2762/4745
f 5155/2763/4745 5105/2747/4695 5081/2736/4671 5095/2764/4685
f 5119/2729/4709 5155/2763/4745 5095/2764/4685 5059/2730/4649
f 5059/2730/4649 5095/2764/4685 5143/2765/4733 5121/2731/4711
f 5095/2764/4685 5081/2736/4671 5128/2739/4718 5143/2765/4733
f 5143/2765/4733 5128/2739/4718 5064/2741/4654 5102/2756/4692
f 5121/2731/4711 5143/2765/4733 5102/2756/4692 5075/2733/4665
f 5067/2766/4657 5107/2767/4697 5144/2768/4734 5109/2769/4699
f 5107/2767/4697 5065/2770/4655 5106/2771/4696 5144/2768/4734
f 5144/2768/4734 5106/2771/4696 5066/2772/4656 5108/2773/4698
f 5109/2769/4699 5144/2768/4734 5108/2773/4698 5068/2774/4658
f 5065/2770/4655 5107/2767/4697 5145/2775/4735 5110/2776/4700
f 5107/2767/4697 5067/2766/4657 5111/2777/4701 5145/2775/4735
f 5133/2778/4723 5136/2779/4726 5160/2780/4750 5159/2781/4749
f 5111/2777/4701 5114/2782/4704 5146/2783/4736 5145/2775/4735
f 5146/2783/4736 5114/2782/4704 5070/2784/4660 5112/2785/4702
f 5113/2786/4703 5146/2783/4736 5112/2785/4702 5069/2787/4659
f 5069/2787/4659 5112/2785/4702 5147/2788/4737 5116/2789/4706
f 5112/2785/4702 5070/2784/4660 5117/2790/4707 5147/2788/4737
f 5117/2790/4707 5072/2791/4662 5118/2792/4708 5163/2793/4753
f 5138/2794/4728 5071/2795/4661 5073/2796/4663 5164/2797/4754
f 5163/2793/4753 5118/2792/4708 5169/2798/4759 5171/2799/4761
f 5167/2800/4757 5164/2797/4754 5172/2801/4762 5175/2802/4765
f 5145/2775/4735 5146/2783/4736 5113/2786/4703 5110/2776/4700
f 5153/2752/4743 5127/2740/4717 5079/2692/4669 5124/2695/4714
f 5119/2727/4709 5074/2726/4664 5120/2761/4710 5155/2762/4745
f 5084/2803/4674 5132/2804/4722 5158/2805/4748 5130/2806/4720
f 5132/2804/4722 5085/2807/4675 5131/2808/4721 5158/2805/4748
f 5158/2805/4748 5131/2808/4721 5083/2809/4673 5129/2810/4719
f 5130/2806/4720 5158/2805/4748 5129/2810/4719 5082/2811/4672
f 5082/2811/4672 5133/2778/4723 5159/2781/4749 5130/2806/4720
f 5159/2781/4749 5160/2780/4750 5137/2812/4727 5134/2813/4724
f 5130/2806/4720 5159/2781/4749 5134/2813/4724 5084/2803/4674
f 5136/2779/4726 5086/2814/4676 5135/2815/4725 5160/2780/4750
f 5160/2780/4750 5135/2815/4725 5087/2816/4677 5137/2812/4727
f 5086/2814/4676 5138/2794/4728 5161/2817/4751 5135/2815/4725
f 5071/2818/4661 5116/2789/4706 5162/2819/4752 5073/2820/4663
f 5147/2788/4737 5117/2790/4707 5163/2793/4753 5166/2821/4756
f 5135/2815/4725 5161/2817/4751 5139/2822/4729 5087/2816/4677
f 5165/2823/4755 5167/2800/4757 5175/2802/4765 5173/2824/4763
f 5073/2820/4663 5162/2819/4752 5170/2825/4760 5115/2826/4705
f 5139/2822/4729 5161/2817/4751 5167/2800/4757 5165/2823/4755
f 5161/2817/4751 5138/2794/4728 5164/2797/4754 5167/2800/4757
f 5116/2789/4706 5147/2788/4737 5166/2821/4756 5162/2819/4752
f 5072/2827/4662 5139/2822/4729 5165/2823/4755 5118/2828/4708
f 5170/2825/4760 5174/2829/4764 5168/2830/4758 5115/2826/4705
f 5174/2829/4764 5171/2799/4761 5169/2798/4759 5168/2830/4758
f 5172/2801/4762 5115/2831/4705 5168/2832/4758 5175/2802/4765
f 5175/2802/4765 5168/2832/4758 5169/2833/4759 5173/2824/4763
f 5118/2828/4708 5165/2823/4755 5173/2824/4763 5169/2833/4759
f 5164/2797/4754 5073/2796/4663 5115/2831/4705 5172/2801/4762
f 5162/2819/4752 5166/2821/4756 5174/2829/4764 5170/2825/4760
f 5166/2821/4756 5163/2793/4753 5171/2799/4761 5174/2829/4764
f 5198/2692/4788 5208/2693/4798 5269/2694/4859 5243/2695/4833
f 5208/2693/4798 5176/2696/4766 5209/2697/4799 5269/2694/4859
f 5269/2698/4859 5209/2699/4799 5177/2700/4767 5216/2701/4806
f 5243/2702/4833 5269/2698/4859 5216/2701/4806 5197/2703/4787
f 5197/2703/4787 5216/2701/4806 5268/2704/4858 5244/2705/4834
f 5216/2701/4806 5177/2700/4767 5212/2706/4802 5268/2704/4858
f 5268/2704/4858 5212/2706/4802 5180/2707/4770 5217/2708/4807
f 5244/2705/4834 5268/2704/4858 5217/2708/4807 5181/2709/4771
f 5181/2709/4771 5217/2708/4807 5267/2710/4857 5245/2711/4835
f 5217/2708/4807 5180/2707/4770 5213/2712/4803 5267/2710/4857
f 5267/2713/4857 5213/2714/4803 5179/2715/4769 5218/2716/4808
f 5245/2717/4835 5267/2713/4857 5218/2716/4808 5196/2718/4786
f 5196/2718/4786 5218/2716/4808 5259/2719/4849 5242/2720/4832
f 5218/2716/4808 5179/2715/4769 5215/2721/4805 5259/2719/4849
f 5259/2719/4849 5215/2721/4805 5176/2696/4766 5208/2693/4798
f 5242/2720/4832 5259/2719/4849 5208/2693/4798 5198/2692/4788
f 5195/2722/4785 5211/2723/4801 5270/2724/4860 5207/2725/4797
f 5211/2723/4801 5193/2726/4783 5238/2727/4828 5270/2724/4860
f 5270/2728/4860 5238/2729/4828 5178/2730/4768 5240/2731/4830
f 5207/2732/4797 5270/2728/4860 5240/2731/4830 5194/2733/4784
f 5180/2707/4770 5212/2706/4802 5271/2734/4861 5213/2712/4803
f 5212/2706/4802 5177/2700/4767 5209/2699/4799 5271/2734/4861
f 5271/2735/4861 5209/2697/4799 5176/2696/4766 5215/2721/4805
f 5213/2714/4803 5271/2735/4861 5215/2721/4805 5179/2715/4769
f 5200/2736/4790 5241/2737/4831 5260/2738/4850 5247/2739/4837
f 5241/2737/4831 5196/2718/4786 5242/2720/4832 5260/2738/4850
f 5260/2738/4850 5242/2720/4832 5198/2692/4788 5246/2740/4836
f 5247/2739/4837 5260/2738/4850 5246/2740/4836 5183/2741/4773
f 5199/2742/4789 5220/2743/4810 5261/2744/4851 5224/2745/4814
f 5220/2743/4810 5181/2709/4771 5245/2711/4835 5261/2744/4851
f 5261/2746/4851 5245/2717/4835 5196/2718/4786 5241/2737/4831
f 5224/2747/4814 5261/2746/4851 5241/2737/4831 5200/2736/4790
f 5182/2748/4772 5219/2749/4809 5273/2750/4863 5223/2751/4813
f 5219/2749/4809 5197/2703/4787 5244/2705/4834 5273/2750/4863
f 5273/2750/4863 5244/2705/4834 5181/2709/4771 5220/2743/4810
f 5223/2751/4813 5273/2750/4863 5220/2743/4810 5199/2742/4789
f 5183/2741/4773 5246/2740/4836 5272/2752/4862 5222/2753/4812
f 5272/2754/4862 5243/2702/4833 5197/2703/4787 5219/2749/4809
f 5222/2755/4812 5272/2754/4862 5219/2749/4809 5182/2748/4772
f 5194/2733/4784 5221/2756/4811 5276/2757/4866 5207/2732/4797
f 5221/2756/4811 5183/2741/4773 5222/2753/4812 5276/2757/4866
f 5276/2758/4866 5222/2755/4812 5182/2748/4772 5210/2759/4800
f 5207/2725/4797 5276/2758/4866 5210/2759/4800 5195/2722/4785
f 5195/2722/4785 5210/2759/4800 5275/2760/4865 5211/2723/4801
f 5210/2759/4800 5182/2748/4772 5223/2751/4813 5275/2760/4865
f 5275/2760/4865 5223/2751/4813 5199/2742/4789 5239/2761/4829
f 5211/2723/4801 5275/2760/4865 5239/2761/4829 5193/2726/4783
f 5239/2761/4829 5199/2742/4789 5224/2745/4814 5274/2762/4864
f 5274/2763/4864 5224/2747/4814 5200/2736/4790 5214/2764/4804
f 5238/2729/4828 5274/2763/4864 5214/2764/4804 5178/2730/4768
f 5178/2730/4768 5214/2764/4804 5262/2765/4852 5240/2731/4830
f 5214/2764/4804 5200/2736/4790 5247/2739/4837 5262/2765/4852
f 5262/2765/4852 5247/2739/4837 5183/2741/4773 5221/2756/4811
f 5240/2731/4830 5262/2765/4852 5221/2756/4811 5194/2733/4784
f 5186/2766/4776 5226/2767/4816 5263/2768/4853 5228/2769/4818
f 5226/2767/4816 5184/2770/4774 5225/2771/4815 5263/2768/4853
f 5263/2768/4853 5225/2771/4815 5185/2772/4775 5227/2773/4817
f 5228/2769/4818 5263/2768/4853 5227/2773/4817 5187/2774/4777
f 5184/2770/4774 5226/2767/4816 5264/2775/4854 5229/2776/4819
f 5226/2767/4816 5186/2766/4776 5230/2777/4820 5264/2775/4854
f 5252/2778/4842 5255/2779/4845 5279/2780/4869 5278/2781/4868
f 5230/2777/4820 5233/2782/4823 5265/2783/4855 5264/2775/4854
f 5265/2783/4855 5233/2782/4823 5189/2784/4779 5231/2785/4821
f 5232/2786/4822 5265/2783/4855 5231/2785/4821 5188/2787/4778
f 5188/2787/4778 5231/2785/4821 5266/2788/4856 5235/2789/4825
f 5231/2785/4821 5189/2784/4779 5236/2790/4826 5266/2788/4856
f 5236/2790/4826 5191/2791/4781 5237/2792/4827 5282/2793/4872
f 5257/2794/4847 5190/2795/4780 5192/2796/4782 5283/2797/4873
f 5282/2793/4872 5237/2792/4827 5288/2798/4878 5290/2799/4880
f 5286/2800/4876 5283/2797/4873 5291/2801/4881 5294/2802/4884
f 5264/2775/4854 5265/2783/4855 5232/2786/4822 5229/2776/4819
f 5272/2752/4862 5246/2740/4836 5198/2692/4788 5243/2695/4833
f 5238/2727/4828 5193/2726/4783 5239/2761/4829 5274/2762/4864
f 5203/2803/4793 5251/2804/4841 5277/2805/4867 5249/2806/4839
f 5251/2804/4841 5204/2807/4794 5250/2808/4840 5277/2805/4867
f 5277/2805/4867 5250/2808/4840 5202/2809/4792 5248/2810/4838
f 5249/2806/4839 5277/2805/4867 5248/2810/4838 5201/2811/4791
f 5201/2811/4791 5252/2778/4842 5278/2781/4868 5249/2806/4839
f 5278/2781/4868 5279/2780/4869 5256/2812/4846 5253/2813/4843
f 5249/2806/4839 5278/2781/4868 5253/2813/4843 5203/2803/4793
f 5255/2779/4845 5205/2814/4795 5254/2815/4844 5279/2780/4869
f 5279/2780/4869 5254/2815/4844 5206/2816/4796 5256/2812/4846
f 5205/2814/4795 5257/2794/4847 5280/2817/4870 5254/2815/4844
f 5190/2818/4780 5235/2789/4825 5281/2819/4871 5192/2820/4782
f 5266/2788/4856 5236/2790/4826 5282/2793/4872 5285/2821/4875
f 5254/2815/4844 5280/2817/4870 5258/2822/4848 5206/2816/4796
f 5284/2823/4874 5286/2800/4876 5294/2802/4884 5292/2824/4882
f 5192/2820/4782 5281/2819/4871 5289/2825/4879 5234/2826/4824
f 5258/2822/4848 5280/2817/4870 5286/2800/4876 5284/2823/4874
f 5280/2817/4870 5257/2794/4847 5283/2797/4873 5286/2800/4876
f 5235/2789/4825 5266/2788/4856 5285/2821/4875 5281/2819/4871
f 5191/2827/4781 5258/2822/4848 5284/2823/4874 5237/2828/4827
f 5289/2825/4879 5293/2829/4883 5287/2830/4877 5234/2826/4824
f 5293/2829/4883 5290/2799/4880 5288/2798/4878 5287/2830/4877
f 5291/2801/4881 5234/2831/4824 5287/2832/4877 5294/2802/4884
f 5294/2802/4884 5287/2832/4877 5288/2833/4878 5292/2824/4882
f 5237/2828/4827 5284/2823/4874 5292/2824/4882 5288/2833/4878
f 5283/2797/4873 5192/2796/4782 5234/2831/4824 5291/2801/4881
f 5281/2819/4871 5285/2821/4875 5293/2829/4883 5289/2825/4879
f 5285/2821/4875 5282/2793/4872 5290/2799/4880 5293/2829/4883
f 5317/2692/4907 5327/2693/4917 5388/2694/4978 5362/2695/4952
f 5327/2693/4917 5295/2696/4885 5328/2697/4918 5388/2694/4978
f 5388/2698/4978 5328/2699/4918 5296/2700/4886 5335/2701/4925
f 5362/2702/4952 5388/2698/4978 5335/2701/4925 5316/2703/4906
f 5316/2703/4906 5335/2701/4925 5387/2704/4977 5363/2705/4953
f 5335/2701/4925 5296/2700/4886 5331/2706/4921 5387/2704/4977
f 5387/2704/4977 5331/2706/4921 5299/2707/4889 5336/2708/4926
f 5363/2705/4953 5387/2704/4977 5336/2708/4926 5300/2709/4890
f 5300/2709/4890 5336/2708/4926 5386/2710/4976 5364/2711/4954
f 5336/2708/4926 5299/2707/4889 5332/2712/4922 5386/2710/4976
f 5386/2713/4976 5332/2714/4922 5298/2715/4888 5337/2716/4927
f 5364/2717/4954 5386/2713/4976 5337/2716/4927 5315/2718/4905
f 5315/2718/4905 5337/2716/4927 5378/2719/4968 5361/2720/4951
f 5337/2716/4927 5298/2715/4888 5334/2721/4924 5378/2719/4968
f 5378/2719/4968 5334/2721/4924 5295/2696/4885 5327/2693/4917
f 5361/2720/4951 5378/2719/4968 5327/2693/4917 5317/2692/4907
f 5314/2722/4904 5330/2723/4920 5389/2724/4979 5326/2725/4916
f 5330/2723/4920 5312/2726/4902 5357/2727/4947 5389/2724/4979
f 5389/2728/4979 5357/2729/4947 5297/2730/4887 5359/2731/4949
f 5326/2732/4916 5389/2728/4979 5359/2731/4949 5313/2733/4903
f 5299/2707/4889 5331/2706/4921 5390/2734/4980 5332/2712/4922
f 5331/2706/4921 5296/2700/4886 5328/2699/4918 5390/2734/4980
f 5390/2735/4980 5328/2697/4918 5295/2696/4885 5334/2721/4924
f 5332/2714/4922 5390/2735/4980 5334/2721/4924 5298/2715/4888
f 5319/2736/4909 5360/2737/4950 5379/2738/4969 5366/2739/4956
f 5360/2737/4950 5315/2718/4905 5361/2720/4951 5379/2738/4969
f 5379/2738/4969 5361/2720/4951 5317/2692/4907 5365/2740/4955
f 5366/2739/4956 5379/2738/4969 5365/2740/4955 5302/2741/4892
f 5318/2742/4908 5339/2743/4929 5380/2744/4970 5343/2745/4933
f 5339/2743/4929 5300/2709/4890 5364/2711/4954 5380/2744/4970
f 5380/2746/4970 5364/2717/4954 5315/2718/4905 5360/2737/4950
f 5343/2747/4933 5380/2746/4970 5360/2737/4950 5319/2736/4909
f 5301/2748/4891 5338/2749/4928 5392/2750/4982 5342/2751/4932
f 5338/2749/4928 5316/2703/4906 5363/2705/4953 5392/2750/4982
f 5392/2750/4982 5363/2705/4953 5300/2709/4890 5339/2743/4929
f 5342/2751/4932 5392/2750/4982 5339/2743/4929 5318/2742/4908
f 5302/2741/4892 5365/2740/4955 5391/2752/4981 5341/2753/4931
f 5391/2754/4981 5362/2702/4952 5316/2703/4906 5338/2749/4928
f 5341/2755/4931 5391/2754/4981 5338/2749/4928 5301/2748/4891
f 5313/2733/4903 5340/2756/4930 5395/2757/4985 5326/2732/4916
f 5340/2756/4930 5302/2741/4892 5341/2753/4931 5395/2757/4985
f 5395/2758/4985 5341/2755/4931 5301/2748/4891 5329/2759/4919
f 5326/2725/4916 5395/2758/4985 5329/2759/4919 5314/2722/4904
f 5314/2722/4904 5329/2759/4919 5394/2760/4984 5330/2723/4920
f 5329/2759/4919 5301/2748/4891 5342/2751/4932 5394/2760/4984
f 5394/2760/4984 5342/2751/4932 5318/2742/4908 5358/2761/4948
f 5330/2723/4920 5394/2760/4984 5358/2761/4948 5312/2726/4902
f 5358/2761/4948 5318/2742/4908 5343/2745/4933 5393/2762/4983
f 5393/2763/4983 5343/2747/4933 5319/2736/4909 5333/2764/4923
f 5357/2729/4947 5393/2763/4983 5333/2764/4923 5297/2730/4887
f 5297/2730/4887 5333/2764/4923 5381/2765/4971 5359/2731/4949
f 5333/2764/4923 5319/2736/4909 5366/2739/4956 5381/2765/4971
f 5381/2765/4971 5366/2739/4956 5302/2741/4892 5340/2756/4930
f 5359/2731/4949 5381/2765/4971 5340/2756/4930 5313/2733/4903
f 5305/2766/4895 5345/2767/4935 5382/2768/4972 5347/2769/4937
f 5345/2767/4935 5303/2770/4893 5344/2771/4934 5382/2768/4972
f 5382/2768/4972 5344/2771/4934 5304/2772/4894 5346/2773/4936
f 5347/2769/4937 5382/2768/4972 5346/2773/4936 5306/2774/4896
f 5303/2770/4893 5345/2767/4935 5383/2775/4973 5348/2776/4938
f 5345/2767/4935 5305/2766/4895 5349/2777/4939 5383/2775/4973
f 5371/2778/4961 5374/2779/4964 5398/2780/4988 5397/2781/4987
f 5349/2777/4939 5352/2782/4942 5384/2783/4974 5383/2775/4973
f 5384/2783/4974 5352/2782/4942 5308/2784/4898 5350/2785/4940
f 5351/2786/4941 5384/2783/4974 5350/2785/4940 5307/2787/4897
f 5307/2787/4897 5350/2785/4940 5385/2788/4975 5354/2789/4944
f 5350/2785/4940 5308/2784/4898 5355/2790/4945 5385/2788/4975
f 5355/2790/4945 5310/2791/4900 5356/2792/4946 5401/2793/4991
f 5376/2794/4966 5309/2795/4899 5311/2796/4901 5402/2797/4992
f 5401/2793/4991 5356/2792/4946 5407/2798/4997 5409/2799/4999
f 5405/2800/4995 5402/2797/4992 5410/2801/5000 5413/2802/5003
f 5383/2775/4973 5384/2783/4974 5351/2786/4941 5348/2776/4938
f 5391/2752/4981 5365/2740/4955 5317/2692/4907 5362/2695/4952
f 5357/2727/4947 5312/2726/4902 5358/2761/4948 5393/2762/4983
f 5322/2803/4912 5370/2804/4960 5396/2805/4986 5368/2806/4958
f 5370/2804/4960 5323/2807/4913 5369/2808/4959 5396/2805/4986
f 5396/2805/4986 5369/2808/4959 5321/2809/4911 5367/2810/4957
f 5368/2806/4958 5396/2805/4986 5367/2810/4957 5320/2811/4910
f 5320/2811/4910 5371/2778/4961 5397/2781/4987 5368/2806/4958
f 5397/2781/4987 5398/2780/4988 5375/2812/4965 5372/2813/4962
f 5368/2806/4958 5397/2781/4987 5372/2813/4962 5322/2803/4912
f 5374/2779/4964 5324/2814/4914 5373/2815/4963 5398/2780/4988
f 5398/2780/4988 5373/2815/4963 5325/2816/4915 5375/2812/4965
f 5324/2814/4914 5376/2794/4966 5399/2817/4989 5373/2815/4963
f 5309/2818/4899 5354/2789/4944 5400/2819/4990 5311/2820/4901
f 5385/2788/4975 5355/2790/4945 5401/2793/4991 5404/2821/4994
f 5373/2815/4963 5399/2817/4989 5377/2822/4967 5325/2816/4915
f 5403/2823/4993 5405/2800/4995 5413/2802/5003 5411/2824/5001
f 5311/2820/4901 5400/2819/4990 5408/2825/4998 5353/2826/4943
f 5377/2822/4967 5399/2817/4989 5405/2800/4995 5403/2823/4993
f 5399/2817/4989 5376/2794/4966 5402/2797/4992 5405/2800/4995
f 5354/2789/4944 5385/2788/4975 5404/2821/4994 5400/2819/4990
f 5310/2827/4900 5377/2822/4967 5403/2823/4993 5356/2828/4946
f 5408/2825/4998 5412/2829/5002 5406/2830/4996 5353/2826/4943
f 5412/2829/5002 5409/2799/4999 5407/2798/4997 5406/2830/4996
f 5410/2801/5000 5353/2831/4943 5406/2832/4996 5413/2802/5003
f 5413/2802/5003 5406/2832/4996 5407/2833/4997 5411/2824/5001
f 5356/2828/4946 5403/2823/4993 5411/2824/5001 5407/2833/4997
f 5402/2797/4992 5311/2796/4901 5353/2831/4943 5410/2801/5000
f 5400/2819/4990 5404/2821/4994 5412/2829/5002 5408/2825/4998
f 5404/2821/4994 5401/2793/4991 5409/2799/4999 5412/2829/5002
f 5436/2692/5026 5446/2693/5036 5507/2694/5097 5481/2695/5071
f 5446/2693/5036 5414/2696/5004 5447/2697/5037 5507/2694/5097
f 5507/2698/5097 5447/2699/5037 5415/2700/5005 5454/2701/5044
f 5481/2702/5071 5507/2698/5097 5454/2701/5044 5435/2703/5025
f 5435/2703/5025 5454/2701/5044 5506/2704/5096 5482/2705/5072
f 5454/2701/5044 5415/2700/5005 5450/2706/5040 5506/2704/5096
f 5506/2704/5096 5450/2706/5040 5418/2707/5008 5455/2708/5045
f 5482/2705/5072 5506/2704/5096 5455/2708/5045 5419/2709/5009
f 5419/2709/5009 5455/2708/5045 5505/2710/5095 5483/2711/5073
f 5455/2708/5045 5418/2707/5008 5451/2712/5041 5505/2710/5095
f 5505/2713/5095 5451/2714/5041 5417/2715/5007 5456/2716/5046
f 5483/2717/5073 5505/2713/5095 5456/2716/5046 5434/2718/5024
f 5434/2718/5024 5456/2716/5046 5497/2719/5087 5480/2720/5070
f 5456/2716/5046 5417/2715/5007 5453/2721/5043 5497/2719/5087
f 5497/2719/5087 5453/2721/5043 5414/2696/5004 5446/2693/5036
f 5480/2720/5070 5497/2719/5087 5446/2693/5036 5436/2692/5026
f 5433/2722/5023 5449/2723/5039 5508/2724/5098 5445/2725/5035
f 5449/2723/5039 5431/2726/5021 5476/2727/5066 5508/2724/5098
f 5508/2728/5098 5476/2729/5066 5416/2730/5006 5478/2731/5068
f 5445/2732/5035 5508/2728/5098 5478/2731/5068 5432/2733/5022
f 5418/2707/5008 5450/2706/5040 5509/2734/5099 5451/2712/5041
f 5450/2706/5040 5415/2700/5005 5447/2699/5037 5509/2734/5099
f 5509/2735/5099 5447/2697/5037 5414/2696/5004 5453/2721/5043
f 5451/2714/5041 5509/2735/5099 5453/2721/5043 5417/2715/5007
f 5438/2736/5028 5479/2737/5069 5498/2738/5088 5485/2739/5075
f 5479/2737/5069 5434/2718/5024 5480/2720/5070 5498/2738/5088
f 5498/2738/5088 5480/2720/5070 5436/2692/5026 5484/2740/5074
f 5485/2739/5075 5498/2738/5088 5484/2740/5074 5421/2741/5011
f 5437/2742/5027 5458/2743/5048 5499/2744/5089 5462/2745/5052
f 5458/2743/5048 5419/2709/5009 5483/2711/5073 5499/2744/5089
f 5499/2746/5089 5483/2717/5073 5434/2718/5024 5479/2737/5069
f 5462/2747/5052 5499/2746/5089 5479/2737/5069 5438/2736/5028
f 5420/2748/5010 5457/2749/5047 5511/2750/5101 5461/2751/5051
f 5457/2749/5047 5435/2703/5025 5482/2705/5072 5511/2750/5101
f 5511/2750/5101 5482/2705/5072 5419/2709/5009 5458/2743/5048
f 5461/2751/5051 5511/2750/5101 5458/2743/5048 5437/2742/5027
f 5421/2741/5011 5484/2740/5074 5510/2752/5100 5460/2753/5050
f 5510/2754/5100 5481/2702/5071 5435/2703/5025 5457/2749/5047
f 5460/2755/5050 5510/2754/5100 5457/2749/5047 5420/2748/5010
f 5432/2733/5022 5459/2756/5049 5514/2757/5104 5445/2732/5035
f 5459/2756/5049 5421/2741/5011 5460/2753/5050 5514/2757/5104
f 5514/2758/5104 5460/2755/5050 5420/2748/5010 5448/2759/5038
f 5445/2725/5035 5514/2758/5104 5448/2759/5038 5433/2722/5023
f 5433/2722/5023 5448/2759/5038 5513/2760/5103 5449/2723/5039
f 5448/2759/5038 5420/2748/5010 5461/2751/5051 5513/2760/5103
f 5513/2760/5103 5461/2751/5051 5437/2742/5027 5477/2761/5067
f 5449/2723/5039 5513/2760/5103 5477/2761/5067 5431/2726/5021
f 5477/2761/5067 5437/2742/5027 5462/2745/5052 5512/2762/5102
f 5512/2763/5102 5462/2747/5052 5438/2736/5028 5452/2764/5042
f 5476/2729/5066 5512/2763/5102 5452/2764/5042 5416/2730/5006
f 5416/2730/5006 5452/2764/5042 5500/2765/5090 5478/2731/5068
f 5452/2764/5042 5438/2736/5028 5485/2739/5075 5500/2765/5090
f 5500/2765/5090 5485/2739/5075 5421/2741/5011 5459/2756/5049
f 5478/2731/5068 5500/2765/5090 5459/2756/5049 5432/2733/5022
f 5424/2766/5014 5464/2767/5054 5501/2768/5091 5466/2769/5056
f 5464/2767/5054 5422/2770/5012 5463/2771/5053 5501/2768/5091
f 5501/2768/5091 5463/2771/5053 5423/2772/5013 5465/2773/5055
f 5466/2769/5056 5501/2768/5091 5465/2773/5055 5425/2774/5015
f 5422/2770/5012 5464/2767/5054 5502/2775/5092 5467/2776/5057
f 5464/2767/5054 5424/2766/5014 5468/2777/5058 5502/2775/5092
f 5490/2778/5080 5493/2779/5083 5517/2780/5107 5516/2781/5106
f 5468/2777/5058 5471/2782/5061 5503/2783/5093 5502/2775/5092
f 5503/2783/5093 5471/2782/5061 5427/2784/5017 5469/2785/5059
f 5470/2786/5060 5503/2783/5093 5469/2785/5059 5426/2787/5016
f 5426/2787/5016 5469/2785/5059 5504/2788/5094 5473/2789/5063
f 5469/2785/5059 5427/2784/5017 5474/2790/5064 5504/2788/5094
f 5474/2790/5064 5429/2791/5019 5475/2792/5065 5520/2793/5110
f 5495/2794/5085 5428/2795/5018 5430/2796/5020 5521/2797/5111
f 5520/2793/5110 5475/2792/5065 5526/2798/5116 5528/2799/5118
f 5524/2800/5114 5521/2797/5111 5529/2801/5119 5532/2802/5122
f 5502/2775/5092 5503/2783/5093 5470/2786/5060 5467/2776/5057
f 5510/2752/5100 5484/2740/5074 5436/2692/5026 5481/2695/5071
f 5476/2727/5066 5431/2726/5021 5477/2761/5067 5512/2762/5102
f 5441/2803/5031 5489/2804/5079 5515/2805/5105 5487/2806/5077
f 5489/2804/5079 5442/2807/5032 5488/2808/5078 5515/2805/5105
f 5515/2805/5105 5488/2808/5078 5440/2809/5030 5486/2810/5076
f 5487/2806/5077 5515/2805/5105 5486/2810/5076 5439/2811/5029
f 5439/2811/5029 5490/2778/5080 5516/2781/5106 5487/2806/5077
f 5516/2781/5106 5517/2780/5107 5494/2812/5084 5491/2813/5081
f 5487/2806/5077 5516/2781/5106 5491/2813/5081 5441/2803/5031
f 5493/2779/5083 5443/2814/5033 5492/2815/5082 5517/2780/5107
f 5517/2780/5107 5492/2815/5082 5444/2816/5034 5494/2812/5084
f 5443/2814/5033 5495/2794/5085 5518/2817/5108 5492/2815/5082
f 5428/2818/5018 5473/2789/5063 5519/2819/5109 5430/2820/5020
f 5504/2788/5094 5474/2790/5064 5520/2793/5110 5523/2821/5113
f 5492/2815/5082 5518/2817/5108 5496/2822/5086 5444/2816/5034
f 5522/2823/5112 5524/2800/5114 5532/2802/5122 5530/2824/5120
f 5430/2820/5020 5519/2819/5109 5527/2825/5117 5472/2826/5062
f 5496/2822/5086 5518/2817/5108 5524/2800/5114 5522/2823/5112
f 5518/2817/5108 5495/2794/5085 5521/2797/5111 5524/2800/5114
f 5473/2789/5063 5504/2788/5094 5523/2821/5113 5519/2819/5109
f 5429/2827/5019 5496/2822/5086 5522/2823/5112 5475/2828/5065
f 5527/2825/5117 5531/2829/5121 5525/2830/5115 5472/2826/5062
f 5531/2829/5121 5528/2799/5118 5526/2798/5116 5525/2830/5115
f 5529/2801/5119 5472/2831/5062 5525/2832/5115 5532/2802/5122
f 5532/2802/5122 5525/2832/5115 5526/2833/5116 5530/2824/5120
f 5475/2828/5065 5522/2823/5112 5530/2824/5120 5526/2833/5116
f 5521/2797/5111 5430/2796/5020 5472/2831/5062 5529/2801/5119
f 5519/2819/5109 5523/2821/5113 5531/2829/5121 5527/2825/5117
f 5523/2821/5113 5520/2793/5110 5528/2799/5118 5531/2829/5121
f 5555/2692/5145 5565/2693/5155 5626/2694/5216 5600/2695/5190
f 5565/2693/5155 5533/2696/5123 5566/2697/5156 5626/2694/5216
f 5626/2698/5216 5566/2699/5156 5534/2700/5124 5573/2701/5163
f 5600/2702/5190 5626/2698/5216 5573/2701/5163 5554/2703/5144
f 5554/2703/5144 5573/2701/5163 5625/2704/5215 5601/2705/5191
f 5573/2701/5163 5534/2700/5124 5569/2706/5159 5625/2704/5215
f 5625/2704/5215 5569/2706/5159 5537/2707/5127 5574/2708/5164
f 5601/2705/5191 5625/2704/5215 5574/2708/5164 5538/2709/5128
f 5538/2709/5128 5574/2708/5164 5624/2710/5214 5602/2711/5192
f 5574/2708/5164 5537/2707/5127 5570/2712/5160 5624/2710/5214
f 5624/2713/5214 5570/2714/5160 5536/2715/5126 5575/2716/5165
f 5602/2717/5192 5624/2713/5214 5575/2716/5165 5553/2718/5143
f 5553/2718/5143 5575/2716/5165 5616/2719/5206 5599/2720/5189
f 5575/2716/5165 5536/2715/5126 5572/2721/5162 5616/2719/5206
f 5616/2719/5206 5572/2721/5162 5533/2696/5123 5565/2693/5155
f 5599/2720/5189 5616/2719/5206 5565/2693/5155 5555/2692/5145
f 5552/2722/5142 5568/2723/5158 5627/2724/5217 5564/2725/5154
f 5568/2723/5158 5550/2726/5140 5595/2727/5185 5627/2724/5217
f 5627/2728/5217 5595/2729/5185 5535/2730/5125 5597/2731/5187
f 5564/2732/5154 5627/2728/5217 5597/2731/5187 5551/2733/5141
f 5537/2707/5127 5569/2706/5159 5628/2734/5218 5570/2712/5160
f 5569/2706/5159 5534/2700/5124 5566/2699/5156 5628/2734/5218
f 5628/2735/5218 5566/2697/5156 5533/2696/5123 5572/2721/5162
f 5570/2714/5160 5628/2735/5218 5572/2721/5162 5536/2715/5126
f 5557/2736/5147 5598/2737/5188 5617/2738/5207 5604/2739/5194
f 5598/2737/5188 5553/2718/5143 5599/2720/5189 5617/2738/5207
f 5617/2738/5207 5599/2720/5189 5555/2692/5145 5603/2740/5193
f 5604/2739/5194 5617/2738/5207 5603/2740/5193 5540/2741/5130
f 5556/2742/5146 5577/2743/5167 5618/2744/5208 5581/2745/5171
f 5577/2743/5167 5538/2709/5128 5602/2711/5192 5618/2744/5208
f 5618/2746/5208 5602/2717/5192 5553/2718/5143 5598/2737/5188
f 5581/2747/5171 5618/2746/5208 5598/2737/5188 5557/2736/5147
f 5539/2748/5129 5576/2749/5166 5630/2750/5220 5580/2751/5170
f 5576/2749/5166 5554/2703/5144 5601/2705/5191 5630/2750/5220
f 5630/2750/5220 5601/2705/5191 5538/2709/5128 5577/2743/5167
f 5580/2751/5170 5630/2750/5220 5577/2743/5167 5556/2742/5146
f 5540/2741/5130 5603/2740/5193 5629/2752/5219 5579/2753/5169
f 5629/2754/5219 5600/2702/5190 5554/2703/5144 5576/2749/5166
f 5579/2755/5169 5629/2754/5219 5576/2749/5166 5539/2748/5129
f 5551/2733/5141 5578/2756/5168 5633/2757/5223 5564/2732/5154
f 5578/2756/5168 5540/2741/5130 5579/2753/5169 5633/2757/5223
f 5633/2758/5223 5579/2755/5169 5539/2748/5129 5567/2759/5157
f 5564/2725/5154 5633/2758/5223 5567/2759/5157 5552/2722/5142
f 5552/2722/5142 5567/2759/5157 5632/2760/5222 5568/2723/5158
f 5567/2759/5157 5539/2748/5129 5580/2751/5170 5632/2760/5222
f 5632/2760/5222 5580/2751/5170 5556/2742/5146 5596/2761/5186
f 5568/2723/5158 5632/2760/5222 5596/2761/5186 5550/2726/5140
f 5596/2761/5186 5556/2742/5146 5581/2745/5171 5631/2762/5221
f 5631/2763/5221 5581/2747/5171 5557/2736/5147 5571/2764/5161
f 5595/2729/5185 5631/2763/5221 5571/2764/5161 5535/2730/5125
f 5535/2730/5125 5571/2764/5161 5619/2765/5209 5597/2731/5187
f 5571/2764/5161 5557/2736/5147 5604/2739/5194 5619/2765/5209
f 5619/2765/5209 5604/2739/5194 5540/2741/5130 5578/2756/5168
f 5597/2731/5187 5619/2765/5209 5578/2756/5168 5551/2733/5141
f 5543/2766/5133 5583/2767/5173 5620/2768/5210 5585/2769/5175
f 5583/2767/5173 5541/2770/5131 5582/2771/5172 5620/2768/5210
f 5620/2768/5210 5582/2771/5172 5542/2772/5132 5584/2773/5174
f 5585/2769/5175 5620/2768/5210 5584/2773/5174 5544/2774/5134
f 5541/2770/5131 5583/2767/5173 5621/2775/5211 5586/2776/5176
f 5583/2767/5173 5543/2766/5133 5587/2777/5177 5621/2775/5211
f 5609/2778/5199 5612/2779/5202 5636/2780/5226 5635/2781/5225
f 5587/2777/5177 5590/2782/5180 5622/2783/5212 5621/2775/5211
f 5622/2783/5212 5590/2782/5180 5546/2784/5136 5588/2785/5178
f 5589/2786/5179 5622/2783/5212 5588/2785/5178 5545/2787/5135
f 5545/2787/5135 5588/2785/5178 5623/2788/5213 5592/2789/5182
f 5588/2785/5178 5546/2784/5136 5593/2790/5183 5623/2788/5213
f 5593/2790/5183 5548/2791/5138 5594/2792/5184 5639/2793/5229
f 5614/2794/5204 5547/2795/5137 5549/2796/5139 5640/2797/5230
f 5639/2793/5229 5594/2792/5184 5645/2798/5235 5647/2799/5237
f 5643/2800/5233 5640/2797/5230 5648/2801/5238 5651/2802/5241
f 5621/2775/5211 5622/2783/5212 5589/2786/5179 5586/2776/5176
f 5629/2752/5219 5603/2740/5193 5555/2692/5145 5600/2695/5190
f 5595/2727/5185 5550/2726/5140 5596/2761/5186 5631/2762/5221
f 5560/2803/5150 5608/2804/5198 5634/2805/5224 5606/2806/5196
f 5608/2804/5198 5561/2807/5151 5607/2808/5197 5634/2805/5224
f 5634/2805/5224 5607/2808/5197 5559/2809/5149 5605/2810/5195
f 5606/2806/5196 5634/2805/5224 5605/2810/5195 5558/2811/5148
f 5558/2811/5148 5609/2778/5199 5635/2781/5225 5606/2806/5196
f 5635/2781/5225 5636/2780/5226 5613/2812/5203 5610/2813/5200
f 5606/2806/5196 5635/2781/5225 5610/2813/5200 5560/2803/5150
f 5612/2779/5202 5562/2814/5152 5611/2815/5201 5636/2780/5226
f 5636/2780/5226 5611/2815/5201 5563/2816/5153 5613/2812/5203
f 5562/2814/5152 5614/2794/5204 5637/2817/5227 5611/2815/5201
f 5547/2818/5137 5592/2789/5182 5638/2819/5228 5549/2820/5139
f 5623/2788/5213 5593/2790/5183 5639/2793/5229 5642/2821/5232
f 5611/2815/5201 5637/2817/5227 5615/2822/5205 5563/2816/5153
f 5641/2823/5231 5643/2800/5233 5651/2802/5241 5649/2824/5239
f 5549/2820/5139 5638/2819/5228 5646/2825/5236 5591/2826/5181
f 5615/2822/5205 5637/2817/5227 5643/2800/5233 5641/2823/5231
f 5637/2817/5227 5614/2794/5204 5640/2797/5230 5643/2800/5233
f 5592/2789/5182 5623/2788/5213 5642/2821/5232 5638/2819/5228
f 5548/2827/5138 5615/2822/5205 5641/2823/5231 5594/2828/5184
f 5646/2825/5236 5650/2829/5240 5644/2830/5234 5591/2826/5181
f 5650/2829/5240 5647/2799/5237 5645/2798/5235 5644/2830/5234
f 5648/2801/5238 5591/2831/5181 5644/2832/5234 5651/2802/5241
f 5651/2802/5241 5644/2832/5234 5645/2833/5235 5649/2824/5239
f 5594/2828/5184 5641/2823/5231 5649/2824/5239 5645/2833/5235
f 5640/2797/5230 5549/2796/5139 5591/2831/5181 5648/2801/5238
f 5638/2819/5228 5642/2821/5232 5650/2829/5240 5646/2825/5236
f 5642/2821/5232 5639/2793/5229 5647/2799/5237 5650/2829/5240
f 5674/2692/5264 5684/2693/5274 5745/2694/5335 5719/2695/5309
f 5684/2693/5274 5652/2696/5242 5685/2697/5275 5745/2694/5335
f 5745/2698/5335 5685/2699/5275 5653/2700/5243 5692/2701/5282
f 5719/2702/5309 5745/2698/5335 5692/2701/5282 5673/2703/5263
f 5673/2703/5263 5692/2701/5282 5744/2704/5334 5720/2705/5310
f 5692/2701/5282 5653/2700/5243 5688/2706/5278 5744/2704/5334
f 5744/2704/5334 5688/2706/5278 5656/2707/5246 5693/2708/5283
f 5720/2705/5310 5744/2704/5334 5693/2708/5283 5657/2709/5247
f 5657/2709/5247 5693/2708/5283 5743/2710/5333 5721/2711/5311
f 5693/2708/5283 5656/2707/5246 5689/2712/5279 5743/2710/5333
f 5743/2713/5333 5689/2714/5279 5655/2715/5245 5694/2716/5284
f 5721/2717/5311 5743/2713/5333 5694/2716/5284 5672/2718/5262
f 5672/2718/5262 5694/2716/5284 5735/2719/5325 5718/2720/5308
f 5694/2716/5284 5655/2715/5245 5691/2721/5281 5735/2719/5325
f 5735/2719/5325 5691/2721/5281 5652/2696/5242 5684/2693/5274
f 5718/2720/5308 5735/2719/5325 5684/2693/5274 5674/2692/5264
f 5671/2722/5261 5687/2723/5277 5746/2724/5336 5683/2725/5273
f 5687/2723/5277 5669/2726/5259 5714/2727/5304 5746/2724/5336
f 5746/2728/5336 5714/2729/5304 5654/2730/5244 5716/2731/5306
f 5683/2732/5273 5746/2728/5336 5716/2731/5306 5670/2733/5260
f 5656/2707/5246 5688/2706/5278 5747/2734/5337 5689/2712/5279
f 5688/2706/5278 5653/2700/5243 5685/2699/5275 5747/2734/5337
f 5747/2735/5337 5685/2697/5275 5652/2696/5242 5691/2721/5281
f 5689/2714/5279 5747/2735/5337 5691/2721/5281 5655/2715/5245
f 5676/2736/5266 5717/2737/5307 5736/2738/5326 5723/2739/5313
f 5717/2737/5307 5672/2718/5262 5718/2720/5308 5736/2738/5326
f 5736/2738/5326 5718/2720/5308 5674/2692/5264 5722/2740/5312
f 5723/2739/5313 5736/2738/5326 5722/2740/5312 5659/2741/5249
f 5675/2742/5265 5696/2743/5286 5737/2744/5327 5700/2745/5290
f 5696/2743/5286 5657/2709/5247 5721/2711/5311 5737/2744/5327
f 5737/2746/5327 5721/2717/5311 5672/2718/5262 5717/2737/5307
f 5700/2747/5290 5737/2746/5327 5717/2737/5307 5676/2736/5266
f 5658/2748/5248 5695/2749/5285 5749/2750/5339 5699/2751/5289
f 5695/2749/5285 5673/2703/5263 5720/2705/5310 5749/2750/5339
f 5749/2750/5339 5720/2705/5310 5657/2709/5247 5696/2743/5286
f 5699/2751/5289 5749/2750/5339 5696/2743/5286 5675/2742/5265
f 5659/2741/5249 5722/2740/5312 5748/2752/5338 5698/2753/5288
f 5748/2754/5338 5719/2702/5309 5673/2703/5263 5695/2749/5285
f 5698/2755/5288 5748/2754/5338 5695/2749/5285 5658/2748/5248
f 5670/2733/5260 5697/2756/5287 5752/2757/5342 5683/2732/5273
f 5697/2756/5287 5659/2741/5249 5698/2753/5288 5752/2757/5342
f 5752/2758/5342 5698/2755/5288 5658/2748/5248 5686/2759/5276
f 5683/2725/5273 5752/2758/5342 5686/2759/5276 5671/2722/5261
f 5671/2722/5261 5686/2759/5276 5751/2760/5341 5687/2723/5277
f 5686/2759/5276 5658/2748/5248 5699/2751/5289 5751/2760/5341
f 5751/2760/5341 5699/2751/5289 5675/2742/5265 5715/2761/5305
f 5687/2723/5277 5751/2760/5341 5715/2761/5305 5669/2726/5259
f 5715/2761/5305 5675/2742/5265 5700/2745/5290 5750/2762/5340
f 5750/2763/5340 5700/2747/5290 5676/2736/5266 5690/2764/5280
f 5714/2729/5304 5750/2763/5340 5690/2764/5280 5654/2730/5244
f 5654/2730/5244 5690/2764/5280 5738/2765/5328 5716/2731/5306
f 5690/2764/5280 5676/2736/5266 5723/2739/5313 5738/2765/5328
f 5738/2765/5328 5723/2739/5313 5659/2741/5249 5697/2756/5287
f 5716/2731/5306 5738/2765/5328 5697/2756/5287 5670/2733/5260
f 5662/2766/5252 5702/2767/5292 5739/2768/5329 5704/2769/5294
f 5702/2767/5292 5660/2770/5250 5701/2771/5291 5739/2768/5329
f 5739/2768/5329 5701/2771/5291 5661/2772/5251 5703/2773/5293
f 5704/2769/5294 5739/2768/5329 5703/2773/5293 5663/2774/5253
f 5660/2770/5250 5702/2767/5292 5740/2775/5330 5705/2776/5295
f 5702/2767/5292 5662/2766/5252 5706/2777/5296 5740/2775/5330
f 5728/2778/5318 5731/2779/5321 5755/2780/5345 5754/2781/5344
f 5706/2777/5296 5709/2782/5299 5741/2783/5331 5740/2775/5330
f 5741/2783/5331 5709/2782/5299 5665/2784/5255 5707/2785/5297
f 5708/2786/5298 5741/2783/5331 5707/2785/5297 5664/2787/5254
f 5664/2787/5254 5707/2785/5297 5742/2788/5332 5711/2789/5301
f 5707/2785/5297 5665/2784/5255 5712/2790/5302 5742/2788/5332
f 5712/2790/5302 5667/2791/5257 5713/2792/5303 5758/2793/5348
f 5733/2794/5323 5666/2795/5256 5668/2796/5258 5759/2797/5349
f 5758/2793/5348 5713/2792/5303 5764/2798/5354 5766/2799/5356
f 5762/2800/5352 5759/2797/5349 5767/2801/5357 5770/2802/5360
f 5740/2775/5330 5741/2783/5331 5708/2786/5298 5705/2776/5295
f 5748/2752/5338 5722/2740/5312 5674/2692/5264 5719/2695/5309
f 5714/2727/5304 5669/2726/5259 5715/2761/5305 5750/2762/5340
f 5679/2803/5269 5727/2804/5317 5753/2805/5343 5725/2806/5315
f 5727/2804/5317 5680/2807/5270 5726/2808/5316 5753/2805/5343
f 5753/2805/5343 5726/2808/5316 5678/2809/5268 5724/2810/5314
f 5725/2806/5315 5753/2805/5343 5724/2810/5314 5677/2811/5267
f 5677/2811/5267 5728/2778/5318 5754/2781/5344 5725/2806/5315
f 5754/2781/5344 5755/2780/5345 5732/2812/5322 5729/2813/5319
f 5725/2806/5315 5754/2781/5344 5729/2813/5319 5679/2803/5269
f 5731/2779/5321 5681/2814/5271 5730/2815/5320 5755/2780/5345
f 5755/2780/5345 5730/2815/5320 5682/2816/5272 5732/2812/5322
f 5681/2814/5271 5733/2794/5323 5756/2817/5346 5730/2815/5320
f 5666/2818/5256 5711/2789/5301 5757/2819/5347 5668/2820/5258
f 5742/2788/5332 5712/2790/5302 5758/2793/5348 5761/2821/5351
f 5730/2815/5320 5756/2817/5346 5734/2822/5324 5682/2816/5272
f 5760/2823/5350 5762/2800/5352 5770/2802/5360 5768/2824/5358
f 5668/2820/5258 5757/2819/5347 5765/2825/5355 5710/2826/5300
f 5734/2822/5324 5756/2817/5346 5762/2800/5352 5760/2823/5350
f 5756/2817/5346 5733/2794/5323 5759/2797/5349 5762/2800/5352
f 5711/2789/5301 5742/2788/5332 5761/2821/5351 5757/2819/5347
f 5667/2827/5257 5734/2822/5324 5760/2823/5350 5713/2828/5303
f 5765/2825/5355 5769/2829/5359 5763/2830/5353 5710/2826/5300
f 5769/2829/5359 5766/2799/5356 5764/2798/5354 5763/2830/5353
f 5767/2801/5357 5710/2831/5300 5763/2832/5353 5770/2802/5360
f 5770/2802/5360 5763/2832/5353 5764/2833/5354 5768/2824/5358
f 5713/2828/5303 5760/2823/5350 5768/2824/5358 5764/2833/5354
f 5759/2797/5349 5668/2796/5258 5710/2831/5300 5767/2801/5357
f 5757/2819/5347 5761/2821/5351 5769/2829/5359 5765/2825/5355
f 5761/2821/5351 5758/2793/5348 5766/2799/5356 5769/2829/5359
o Cube.001
v -0.285694 2.572778 -0.183148
v -0.137882 2.574864 -0.261278
v -0.161297 2.346327 -0.205502
v -0.136970 2.381054 -0.239216
v -0.278216 2.689895 -0.148551
v -0.191927 2.660970 -0.195752
v -0.349307 2.651277 -0.214390
v -0.337632 2.698712 -0.142378
v -0.267247 2.693321 -0.105300
v -0.310059 2.692637 -0.092602
v -0.053503 2.700726 -0.004992
v -0.060849 2.697321 0.005988
v -0.102419 2.721249 -0.031492
v -0.111038 2.712333 -0.029334
v -0.228907 2.727515 -0.032970
v -0.238440 2.713618 -0.033651
v -0.286791 2.730790 -0.111649
v -0.280055 2.725751 -0.088681
v -0.306795 2.583255 -0.154424
v -0.340652 2.602953 -0.195595
v -0.311266 2.631726 -0.186995
v -0.278262 2.583438 -0.161217
v -0.247669 2.459076 -0.172772
v -0.141875 2.450821 -0.271536
v -0.236784 2.605841 -0.146425
v -0.287846 2.612942 -0.111132
v -0.296472 2.723320 -0.136879
v -0.261785 2.730691 -0.100817
v -0.053328 2.690865 -0.015102
v -0.060240 2.687575 -0.004423
v -0.093861 2.713199 -0.042735
v -0.101927 2.704647 -0.040662
v -0.212446 2.718916 -0.044523
v -0.221273 2.705667 -0.045490
v -0.261295 2.727373 -0.115543
v -0.271436 2.739202 -0.098298
v -0.270990 2.721727 -0.138564
v -0.268488 2.717834 -0.093243
v -0.275710 2.726325 -0.070806
v -0.253870 2.728341 -0.086224
v -0.263052 2.712286 -0.078446
v -0.265075 2.742900 -0.080588
v -0.337861 2.647266 -0.183354
v -0.328262 2.674619 -0.143405
v -0.311783 2.669598 -0.118402
v -0.311159 2.612300 -0.144311
v -0.330018 2.618537 -0.171447
v -0.301433 2.631718 -0.123362
v -0.318367 2.638026 -0.144255
v -0.204717 2.389765 -0.184972
v -0.210837 2.582393 -0.220581
v -0.140392 2.411732 -0.257578
v -0.140977 2.351405 -0.222840
v -0.234899 2.672097 -0.166459
v -0.162383 2.634377 -0.231872
v -0.271954 2.644523 -0.175670
v -0.346275 2.677500 -0.184951
v -0.314483 2.699723 -0.152427
v -0.298387 2.617700 -0.182138
v -0.286086 2.685985 -0.094059
v -0.262344 2.694690 -0.126177
v -0.314536 2.715283 -0.135551
v -0.055258 2.698492 0.005065
v -0.108388 2.718270 -0.028299
v -0.065970 2.711241 -0.018715
v -0.074556 2.705304 -0.009244
v -0.236826 2.722119 -0.031118
v -0.166933 2.724887 -0.030735
v -0.175483 2.713410 -0.032674
v -0.265185 2.737455 -0.101212
v -0.278655 2.734781 -0.102563
v -0.275722 2.719365 -0.089386
v -0.328487 2.590822 -0.179258
v -0.288982 2.586967 -0.175679
v -0.347166 2.621258 -0.212350
v -0.333028 2.644628 -0.204154
v -0.303240 2.662570 -0.172299
v -0.311670 2.600748 -0.178999
v -0.289916 2.580788 -0.153758
v -0.274938 2.527074 -0.176857
v -0.135984 2.508295 -0.273942
v -0.192207 2.454267 -0.222470
v -0.271308 2.609783 -0.120432
v -0.256739 2.652906 -0.119654
v -0.295343 2.647971 -0.098229
v -0.292986 2.592035 -0.129500
v -0.259154 2.586357 -0.147965
v -0.215728 2.641398 -0.164121
v -0.270092 2.711140 -0.096154
v -0.293003 2.726978 -0.126574
v -0.268807 2.719290 -0.049665
v -0.055374 2.685940 -0.007727
v -0.096271 2.707492 -0.043832
v -0.063142 2.700648 -0.030513
v -0.071079 2.694930 -0.021506
v -0.213707 2.710740 -0.047200
v -0.153096 2.718002 -0.042395
v -0.161168 2.707122 -0.044271
v -0.259179 2.730666 -0.097019
v -0.261749 2.729484 -0.105891
v -0.291795 2.715057 -0.089397
v -0.263128 2.722669 -0.097643
v -0.263644 2.724487 -0.129388
v -0.328426 2.700855 -0.113351
v -0.282019 2.723610 -0.141058
v -0.270868 2.733221 -0.116369
v -0.050820 2.694070 -0.008525
v -0.059922 2.690403 0.005881
v -0.252756 2.707615 -0.059953
v -0.261624 2.715252 -0.110658
v -0.218955 2.725761 -0.038592
v -0.096578 2.718868 -0.037513
v -0.231577 2.707098 -0.039725
v -0.107985 2.706763 -0.034564
v -0.275886 2.713992 -0.139172
v -0.267539 2.743273 -0.093821
v -0.302972 2.718518 -0.101997
v -0.277728 2.733992 -0.092801
v -0.276417 2.729112 -0.083771
v -0.243227 2.723199 -0.063625
v -0.266629 2.716958 -0.089019
v -0.258123 2.735473 -0.054542
v -0.272627 2.737283 -0.074443
v -0.256207 2.717592 -0.083541
v -0.271245 2.716260 -0.072992
v -0.257625 2.738709 -0.085082
v -0.334830 2.663332 -0.166604
v -0.320732 2.611841 -0.157613
v -0.336410 2.631377 -0.183663
v -0.304404 2.651534 -0.117488
v -0.303924 2.618675 -0.132707
v -0.320160 2.678252 -0.126570
v -0.338297 2.686471 -0.143417
v -0.348272 2.651737 -0.204431
v -0.310527 2.596221 -0.147027
v -0.296470 2.622806 -0.114732
v -0.337643 2.607786 -0.186332
v -0.314502 2.677747 -0.105443
v -0.328506 2.641617 -0.163956
v -0.312893 2.656635 -0.129572
v -0.322258 2.658900 -0.143424
v -0.307931 2.635130 -0.131774
v -0.324183 2.626695 -0.158566
v -0.313749 2.623914 -0.143654
v -0.202524 2.517639 -0.225684
v -0.223187 2.641008 -0.198097
v -0.292980 2.644281 -0.175391
v -0.261842 2.739630 -0.097160
v -0.070658 2.710130 -0.011362
v -0.173847 2.720384 -0.029524
v -0.288727 2.726267 -0.095200
v -0.297890 2.594778 -0.173528
v -0.172864 2.399930 -0.221127
v -0.327193 2.675377 -0.181058
v -0.332732 2.611033 -0.198786
v -0.277874 2.647325 -0.104482
v -0.277822 2.586215 -0.135523
v -0.242967 2.667118 -0.138746
v -0.314010 2.715920 -0.118360
v -0.066541 2.695655 -0.027995
v -0.154493 2.711327 -0.045513
v -0.262620 2.719805 -0.101818
v -0.264036 2.713860 -0.125764
v -0.274174 2.729317 -0.130801
v -0.052073 2.688328 0.005566
v -0.282463 2.709354 -0.090638
v -0.268151 2.735474 -0.106399
v -0.158456 2.723541 -0.036207
v -0.062767 2.706768 -0.026130
v -0.262676 2.710475 -0.054007
v -0.297160 2.715250 -0.143443
v -0.169884 2.708171 -0.038831
v -0.074235 2.698890 -0.013161
v -0.261182 2.721437 -0.093759
v -0.273673 2.738491 -0.087982
v -0.266366 2.729626 -0.050287
v -0.245091 2.713161 -0.063605
v -0.273066 2.720454 -0.084732
v -0.248780 2.732314 -0.059885
v -0.345443 2.672454 -0.178536
v -0.300136 2.605111 -0.129429
v -0.345897 2.627878 -0.203868
v -0.324804 2.596880 -0.166588
v -0.327440 2.689231 -0.118294
v -0.302304 2.650592 -0.105486
v -0.317435 2.665620 -0.132519
v -0.307757 2.647985 -0.126398
v -0.319199 2.621452 -0.152284
v -0.308064 2.625844 -0.135895
v -0.329414 2.632523 -0.168314
v -0.327840 2.654055 -0.157592
v -0.275913 2.635864 -0.112003
v -0.275226 2.645573 -0.036376
v -0.334240 2.694270 -0.125555
v -0.335374 2.694660 -0.042999
v -0.328042 2.603407 -0.091794
v -0.325189 2.616705 -0.017002
v -0.371523 2.645483 -0.115139
v -0.373686 2.656441 -0.050872
v -0.367096 2.718599 -0.112686
v -0.367857 2.726272 -0.055354
v -0.410306 2.682239 -0.121917
v -0.416276 2.692697 -0.066446
v -0.731788 2.426064 -0.057992
v -0.745505 2.476516 -0.054601
v -0.755899 2.432067 -0.108173
v -0.766851 2.472188 -0.096639
v -0.843995 2.356991 -0.025852
v -0.829178 2.436056 -0.064133
v -0.860469 2.372237 -0.075369
v -0.784845 2.398956 0.000047
v -0.784640 2.456548 -0.012971
v -0.833408 2.378729 0.018654
v -0.825269 2.451953 0.000007
v -0.832516 2.400121 -0.137591
v -0.823726 2.444266 -0.137567
v -0.878935 2.390716 -0.116935
v -0.859153 2.442353 -0.120006
v -0.500723 2.637431 -0.082129
v -0.472404 2.613908 -0.057548
v -0.467704 2.590843 -0.102058
v -0.492698 2.620164 -0.122506
v -0.296539 2.670373 -0.028875
v -0.298750 2.666770 -0.138204
v -0.347082 2.641598 -0.014757
v -0.358968 2.620409 -0.116424
v -0.267692 2.642431 -0.075471
v -0.328447 2.701534 -0.084468
v -0.279004 2.659443 -0.028857
v -0.316926 2.680756 -0.133662
v -0.330867 2.605465 -0.050609
v -0.373497 2.640235 -0.079802
v -0.338408 2.626510 -0.006595
v -0.362693 2.634939 -0.117738
v -0.299963 2.616430 -0.110403
v -0.351486 2.671802 -0.135268
v -0.352882 2.678283 -0.034154
v -0.297858 2.628696 -0.019237
v -0.366005 2.728724 -0.082642
v -0.420271 2.693053 -0.096432
v -0.386361 2.703438 -0.122556
v -0.389624 2.715367 -0.057246
v -0.390868 2.665246 -0.126623
v -0.352025 2.709918 -0.120114
v -0.397514 2.678097 -0.050883
v -0.352777 2.715983 -0.045902
v -0.715495 2.461995 -0.052842
v -0.746745 2.467084 -0.111857
v -0.730543 2.430241 -0.086071
v -0.744776 2.484098 -0.074790
v -0.623777 2.554235 -0.096957
v -0.404085 2.644399 -0.054037
v -0.401828 2.631106 -0.103495
v -0.434248 2.664025 -0.117418
v -0.845576 2.381981 -0.036138
v -0.849046 2.361001 -0.051924
v -0.805507 2.456279 -0.057043
v -0.809193 2.369209 -0.034413
v -0.831712 2.380638 -0.087532
v -0.777532 2.429112 -0.005737
v -0.834616 2.416458 0.015528
v -0.804345 2.463734 -0.005285
v -0.810367 2.382936 0.015715
v -0.774763 2.397376 -0.019956
v -0.841127 2.361984 0.003493
v -0.781080 2.461157 -0.030496
v -0.831118 2.447511 -0.022138
v -0.823836 2.422869 -0.143269
v -0.875307 2.417135 -0.119497
v -0.842197 2.448766 -0.132541
v -0.860347 2.389646 -0.129853
v -0.876223 2.380003 -0.098838
v -0.814066 2.401172 -0.125475
v -0.809832 2.449307 -0.122310
v -0.440234 2.674626 -0.069200
v -0.600280 2.544071 -0.067274
v -0.591187 2.509869 -0.094201
v -0.613451 2.528098 -0.123338
v -0.501623 2.633488 -0.106752
v -0.479022 2.601748 -0.119933
v -0.465065 2.597554 -0.076304
v -0.487840 2.629740 -0.061660
v -0.316541 2.679861 -0.036012
v -0.281134 2.649384 -0.130323
v -0.355537 2.650877 -0.034255
v -0.345459 2.607107 -0.106000
v -0.319316 2.654989 -0.002174
v -0.330640 2.642247 -0.148146
v -0.364330 2.626262 -0.062032
v -0.287291 2.675778 -0.086622
v -0.856335 2.391176 -0.072186
v -0.815677 2.449638 -0.088002
v -0.850041 2.443333 -0.100750
v -0.308840 2.687263 -0.086440
v -0.367146 2.636826 -0.073879
v -0.314489 2.626552 -0.138866
v -0.369274 2.688123 -0.133289
v -0.334472 2.664783 -0.018112
v -0.294724 2.618271 -0.063223
v -0.393471 2.715643 -0.090800
v -0.613131 2.555099 -0.077009
v -0.345904 2.720381 -0.082445
v -0.373455 2.699576 -0.041549
v -0.811951 2.366241 -0.002892
v -0.590165 2.525308 -0.075683
v -0.600064 2.513748 -0.113451
v -0.621507 2.544787 -0.115819
v -0.850850 2.371717 -0.053264
v -0.800666 2.455265 -0.073197
v -0.852124 2.380018 -0.111244
v -0.814067 2.375663 -0.062876
v -0.805269 2.426382 0.012622
v -0.765024 2.436200 -0.027643
v -0.809202 2.467336 -0.029694
v -0.845263 2.398411 -0.005717
v -0.853216 2.420077 -0.138303
v -0.871726 2.407907 -0.096588
v -0.830980 2.454150 -0.112528
v -0.801540 2.431347 -0.128806
v -0.443564 2.674882 -0.096386
v -0.417278 2.645788 -0.119096
v -0.397215 2.631542 -0.076340
v -0.423011 2.662084 -0.052176
v -0.306586 2.642206 0.000403
v -0.340810 2.657283 -0.143299
v -0.354331 2.611781 -0.051136
v -0.268247 2.661669 -0.083378
v -0.851197 2.412233 -0.060694
v -0.825843 2.451355 -0.070055
v -0.857966 2.389225 -0.106448
v -0.831101 2.429849 -0.114630
v -0.989699 2.515718 -0.033252
v -0.982022 2.530898 -0.034445
v -0.989714 2.506176 -0.053936
v -0.978754 2.525270 -0.052012
v -1.190748 2.657189 0.021823
v -1.172450 2.647277 0.053472
v -1.180816 2.677495 0.020004
v -1.162362 2.667859 0.053315
v -1.258738 2.682320 0.061662
v -1.240764 2.672824 0.100625
v -1.245145 2.715825 0.056286
v -1.225883 2.705380 0.095066
v -0.832690 2.402732 -0.000830
v -0.809637 2.440797 -0.009727
v -0.839883 2.383546 -0.039877
v -0.817707 2.417784 -0.047467
v -0.969553 2.488884 0.015699
v -0.955588 2.517230 0.014022
v -0.974723 2.480812 -0.004817
v -0.963994 2.498876 -0.004014
v -1.218327 2.594165 0.025098
v -1.195188 2.586725 0.061666
v -1.211855 2.620214 0.023451
v -1.189702 2.608846 0.059961
v -1.289344 2.614236 0.060993
v -1.264361 2.598580 0.104172
v -1.272921 2.653502 0.056410
v -1.247900 2.636813 0.099381
v -0.827506 2.428761 -0.060911
v -0.835819 2.399734 -0.120171
v -0.849103 2.388345 -0.084977
v -0.814164 2.440357 -0.096299
v -0.986175 2.524713 -0.030259
v -0.983932 2.514292 -0.056554
v -0.991443 2.507758 -0.043672
v -0.978628 2.531318 -0.043157
v -0.883399 2.464203 -0.097687
v -0.880935 2.483395 -0.057014
v -0.907150 2.424927 -0.090992
v -0.901783 2.447140 -0.047842
v -1.183243 2.649568 0.034732
v -1.169701 2.676603 0.035502
v -1.189447 2.669451 0.014637
v -1.164019 2.655977 0.059246
v -1.096482 2.594422 -0.005698
v -1.091935 2.600435 -0.013771
v -1.087766 2.593826 0.008907
v -1.081002 2.602033 0.003079
v -1.254334 2.673283 0.083828
v -1.235783 2.715359 0.076913
v -1.256411 2.700291 0.056045
v -1.233647 2.688239 0.104638
v -1.244073 2.677849 0.047860
v -1.231336 2.714360 0.042447
v -1.222575 2.666447 0.092279
v -1.207027 2.700493 0.085939
v -0.811920 2.418427 -0.001683
v -0.821410 2.391860 -0.051570
v -0.831570 2.382150 -0.021528
v -0.801724 2.428278 -0.031865
v -0.961303 2.505525 0.018476
v -0.970631 2.487363 -0.008024
v -0.974444 2.480508 0.005530
v -0.957476 2.512405 0.004918
v -0.865545 2.448186 -0.035398
v -0.855791 2.474759 0.000670
v -0.885514 2.414127 -0.028285
v -0.877656 2.433151 0.010217
v -1.207900 2.585884 0.043714
v -1.199682 2.618996 0.041404
v -1.219319 2.608995 0.017404
v -1.188179 2.596065 0.067651
v -1.099905 2.548778 0.018501
v -1.100674 2.556534 0.011802
v -1.084422 2.558526 0.034576
v -1.087822 2.558325 0.029009
v -1.280615 2.601118 0.086561
v -1.259119 2.650510 0.080087
v -1.285457 2.635965 0.056451
v -1.254203 2.615742 0.110287
v -1.278381 2.610794 0.041882
v -1.262953 2.652456 0.038714
v -1.249664 2.594062 0.091180
v -1.234351 2.633619 0.087580
v -0.810844 2.401077 -0.096140
v -1.096046 2.597342 -0.012683
v -0.876637 2.480693 -0.079185
v -0.895155 2.439805 -0.102911
v -0.908013 2.427992 -0.068190
v -0.889572 2.468660 -0.044303
v -1.242038 2.698330 0.036820
v -1.093188 2.592784 0.002907
v -1.082538 2.598030 0.008944
v -1.085412 2.602559 -0.006648
v -1.250039 2.694832 0.084498
v -1.236799 2.665826 0.071720
v -1.210817 2.681120 0.097681
v -1.216077 2.714108 0.063161
v -0.799239 2.392427 -0.031256
v -1.102944 2.551580 0.012025
v -0.855654 2.468252 -0.019207
v -0.876392 2.426159 -0.039380
v -0.884938 2.415743 -0.007700
v -0.864248 2.457684 0.012606
v -1.276224 2.635099 0.031222
v -1.091774 2.552938 0.027695
v -1.083456 2.559524 0.034913
v -1.094643 2.558129 0.019260
v -1.272393 2.625941 0.089898
v -1.267229 2.594481 0.067583
v -1.236611 2.610528 0.099048
v -1.245773 2.650823 0.062741
v -1.288553 2.678338 0.049540
v -1.330087 2.675813 0.061794
v -1.277115 2.607717 0.046678
v -1.320242 2.603711 0.062204
v -1.298466 2.728719 0.114205
v -1.248205 2.721873 0.097486
v -1.265069 2.676357 0.091542
v -1.308885 2.674332 0.113791
v -1.262566 2.606389 0.083544
v -1.304799 2.602166 0.102827
v -1.316244 2.737938 0.071827
v -1.281048 2.738956 0.065844
v -1.281604 2.636408 0.044994
v -1.313184 2.677167 0.046459
v -1.329320 2.632173 0.060919
v -1.299247 2.600202 0.049237
v -1.305545 2.710995 0.115701
v -1.249511 2.705638 0.094671
v -1.286314 2.717496 0.053528
v -1.263161 2.635250 0.088306
v -1.282547 2.674589 0.111961
v -1.309473 2.630545 0.111468
v -1.280882 2.598307 0.097294
v -1.326971 2.716877 0.064631
v -1.259400 2.733190 0.081226
v -1.311027 2.738256 0.095152
v -1.269319 2.723376 0.114024
v -1.327162 2.674544 0.091116
v -1.262947 2.601842 0.062293
v -1.317182 2.596667 0.084239
v -1.269409 2.678118 0.067575
v -1.298651 2.743335 0.064781
v -1.308961 2.634002 0.043989
v -1.324539 2.714834 0.092929
v -1.282598 2.632053 0.108747
v -1.282572 2.743128 0.097293
v -1.273688 2.705492 0.115802
v -1.287722 2.587206 0.072117
v -1.310671 2.719064 0.049552
v -1.328365 2.629935 0.089894
v -1.263193 2.636121 0.062842
v -1.261665 2.712171 0.072271
v -1.369197 2.729645 0.097872
v -1.333271 2.732009 0.085000
v -1.370466 2.715394 0.096294
v -1.335065 2.712019 0.082791
v -1.430550 2.724864 0.106023
v -1.431017 2.716016 0.105006
v -1.492758 2.725819 0.104746
v -1.493030 2.721009 0.096810
v -1.532886 2.724416 0.107002
v -1.533242 2.719214 0.100158
v -1.567707 2.718350 0.112033
v -1.568424 2.711983 0.103673
v -1.323868 2.717560 0.112713
v -1.371894 2.719270 0.123368
v -1.332729 2.722298 0.080020
v -1.369506 2.723032 0.092933
v -1.346032 2.735374 0.086204
v -1.348230 2.710857 0.083494
v -1.371644 2.710545 0.106975
v -1.329446 2.707137 0.094953
v -1.369757 2.731758 0.109326
v -1.327151 2.732722 0.097780
v -1.433113 2.717336 0.121923
v -1.430517 2.720776 0.102814
v -1.432045 2.711955 0.111553
v -1.432294 2.726680 0.113657
v -1.398976 2.715783 0.099243
v -1.397959 2.727472 0.100546
v -1.497661 2.704909 0.111959
v -1.492144 2.726317 0.098982
v -1.495153 2.711032 0.097761
v -1.494649 2.720227 0.113218
v -1.464873 2.716616 0.099049
v -1.464777 2.723294 0.103561
v -1.533850 2.712173 0.109887
v -1.532940 2.723337 0.102584
v -1.533744 2.714229 0.100291
v -1.533046 2.721282 0.112180
v -1.513775 2.725914 0.105375
v -1.514076 2.721234 0.097994
v -1.568669 2.702895 0.116714
v -1.571114 2.715869 0.107248
v -1.570523 2.705683 0.105722
v -1.569261 2.713081 0.118241
v -1.554499 2.715352 0.101517
v -1.553964 2.722384 0.109564
v -1.342903 2.717411 0.127155
v -1.347604 2.724004 0.078068
v -1.346876 2.702608 0.100611
v -1.398065 2.722044 0.096441
v -1.343631 2.738806 0.104612
v -1.322483 2.719617 0.093986
v -1.466638 2.709273 0.103118
v -1.401508 2.719028 0.122214
v -1.398769 2.729422 0.110098
v -1.400311 2.711610 0.108110
v -1.515128 2.721642 0.112062
v -1.468951 2.708698 0.115661
v -1.466436 2.721730 0.112124
v -1.464190 2.721528 0.098865
v -1.554468 2.709611 0.101911
v -1.513381 2.725805 0.100328
v -1.515628 2.713604 0.098539
v -1.517375 2.709440 0.110274
v -1.575631 2.707665 0.113056
v -1.552876 2.707009 0.114022
v -1.553188 2.718129 0.116309
v -1.554780 2.720730 0.104198
v -1.535893 2.719462 0.097182
v -1.535325 2.727620 0.107690
v -1.536547 2.711830 0.097431
v -1.536386 2.708639 0.112321
v -1.535388 2.722701 0.115764
v -1.535549 2.725892 0.100875
v -1.529119 2.728576 0.107076
v -1.529660 2.720602 0.096246
v -1.529698 2.723371 0.115574
v -1.529080 2.727160 0.100007
v -1.530733 2.712093 0.096567
v -1.531351 2.708303 0.112134
v -1.491510 2.719598 0.098739
v -1.491302 2.723481 0.104872
v -1.493175 2.711894 0.099530
v -1.495155 2.707145 0.110587
v -1.492786 2.719117 0.111578
v -1.490820 2.723766 0.100345
v -1.488683 2.720524 0.096202
v -1.490945 2.710212 0.097672
v -1.493693 2.703986 0.112465
v -1.490431 2.720531 0.113784
v -1.487756 2.726280 0.098076
v -1.488410 2.726228 0.104333
v -1.426713 2.713498 0.098629
v -1.425491 2.728898 0.100622
v -1.426286 2.721782 0.094867
v -1.428585 2.716635 0.128943
v -1.425952 2.732351 0.113797
v -1.427839 2.706993 0.111026
v -1.434938 2.713340 0.099659
v -1.434930 2.728686 0.101863
v -1.438783 2.705585 0.110132
v -1.442657 2.712901 0.128540
v -1.438385 2.731349 0.115461
v -1.434207 2.721635 0.096350
v -1.290277 2.752959 0.139277
v -1.256324 2.723306 0.086550
v -1.288618 2.773429 0.139874
v -1.270663 2.740857 0.078809
v -1.264471 2.752356 0.145727
v -1.240071 2.743355 0.095945
v -1.264823 2.768651 0.145550
v -1.251377 2.758727 0.090218
v -1.340184 2.791126 0.219461
v -1.333396 2.788947 0.231907
v -1.336172 2.780910 0.222912
v -1.329986 2.783392 0.228793
v -1.345878 2.727212 0.220415
v -1.332093 2.724650 0.229888
v -1.332040 2.730014 0.207850
v -1.324600 2.728591 0.213127
v -1.351703 2.697363 0.220928
v -1.342976 2.692583 0.226962
v -1.346496 2.691015 0.213805
v -1.340542 2.688574 0.219510
v -1.372532 2.677820 0.237907
v -1.363477 2.672222 0.244300
v -1.367628 2.667748 0.229524
v -1.360498 2.664543 0.236592
v -1.261867 2.727396 0.077491
v -1.294255 2.764307 0.138128
v -1.277862 2.727495 0.104796
v -1.288116 2.756082 0.097942
v -1.242319 2.752557 0.090873
v -1.260066 2.760573 0.146534
v -1.248461 2.743786 0.115962
v -1.257480 2.765782 0.110951
v -1.276597 2.773781 0.142994
v -1.260402 2.750443 0.079614
v -1.277348 2.748563 0.142780
v -1.243855 2.731417 0.088049
v -1.336640 2.793298 0.224500
v -1.332695 2.780191 0.226346
v -1.329014 2.789212 0.229925
v -1.339350 2.785893 0.219408
v -1.295031 2.770868 0.191973
v -1.301641 2.759123 0.186267
v -1.317291 2.772775 0.175129
v -1.307750 2.787701 0.182782
v -1.340982 2.725296 0.227936
v -1.326304 2.729933 0.207756
v -1.326382 2.726249 0.222868
v -1.340952 2.728990 0.212724
v -1.332646 2.753035 0.231929
v -1.325010 2.756759 0.218519
v -1.343569 2.755288 0.222778
v -1.331041 2.758015 0.213387
v -1.348056 2.695944 0.225312
v -1.342803 2.688823 0.215291
v -1.340383 2.689901 0.224337
v -1.350476 2.694866 0.216266
v -1.335079 2.706790 0.206500
v -1.343932 2.710846 0.216719
v -1.328396 2.704421 0.211550
v -1.333176 2.706619 0.224615
v -1.370317 2.674767 0.243867
v -1.365189 2.663105 0.233382
v -1.362574 2.666105 0.242941
v -1.372932 2.671767 0.234308
v -1.354453 2.679881 0.237059
v -1.352029 2.673452 0.229434
v -1.364702 2.686387 0.230433
v -1.359066 2.676111 0.221828
v -1.288825 2.738892 0.098253
v -1.247649 2.757253 0.115237
v -1.273946 2.765438 0.103265
v -1.295622 2.762383 0.190976
v -1.260503 2.730912 0.111450
v -1.247369 2.738326 0.075489
v -1.327260 2.754570 0.226543
v -1.315187 2.783470 0.176917
v -1.310957 2.763141 0.179566
v -1.299989 2.781460 0.188669
v -1.341272 2.708975 0.210460
v -1.339993 2.753554 0.229520
v -1.338898 2.756983 0.216720
v -1.326121 2.757990 0.213832
v -1.351732 2.675610 0.234783
v -1.330412 2.705392 0.206836
v -1.329436 2.704075 0.219448
v -1.339712 2.709789 0.222796
v -1.371361 2.665479 0.241864
v -1.360539 2.684633 0.235498
v -1.363732 2.681981 0.224898
v -1.354924 2.672957 0.224183
v -1.320783 2.776931 0.227473
v -1.332854 2.768754 0.216232
v -1.342967 2.793914 0.207106
v -1.325544 2.800421 0.226938
v -1.325484 2.768585 0.223215
v -1.335096 2.802608 0.215564
v -1.340768 2.780058 0.208596
v -1.320093 2.791168 0.228987
v -1.335209 2.776986 0.242449
v -1.323627 2.783635 0.227578
v -1.352050 2.781981 0.224927
v -1.334912 2.784707 0.216514
v -1.326526 2.781058 0.237035
v -1.346269 2.779324 0.235965
v -1.346184 2.783639 0.217950
v -1.326543 2.784763 0.220022
v -1.333801 2.711856 0.199789
v -1.351209 2.712676 0.218626
v -1.321440 2.708651 0.208388
v -1.330229 2.707315 0.232034
v -1.345631 2.712876 0.207085
v -1.325067 2.710861 0.200123
v -1.322935 2.706283 0.222334
v -1.343130 2.710077 0.229348
v -1.336172 2.704398 0.203658
v -1.348057 2.712018 0.217747
v -1.326933 2.700713 0.211059
v -1.333149 2.705547 0.228845
v -1.344509 2.708759 0.209037
v -1.329799 2.701756 0.204357
v -1.328032 2.701528 0.221830
v -1.342189 2.710358 0.226231
v -1.319447 2.762195 0.201967
v -1.319154 2.802031 0.208940
v -1.310595 2.763810 0.208619
v -1.330386 2.800418 0.199081
v -1.331057 2.771477 0.194067
v -1.311014 2.790744 0.212380
v -1.307627 2.774343 0.211947
v -1.337001 2.787589 0.192039
v -1.352679 2.717381 0.219747
v -1.332511 2.719024 0.199200
v -1.319296 2.716098 0.208369
v -1.329627 2.712283 0.234538
v -1.346042 2.718801 0.207183
v -1.322991 2.718194 0.199439
v -1.321073 2.713192 0.223594
v -1.344057 2.714308 0.231636
v -1.366391 2.690710 0.099673
v -1.366687 2.684379 0.094944
v -1.350573 2.700606 0.083941
v -1.366927 2.692733 0.110639
v -1.413597 2.689866 0.102737
v -1.445983 2.693513 0.100281
v -1.413707 2.684235 0.098478
v -1.414437 2.691889 0.112647
v -1.443514 2.697371 0.115193
v -1.417327 2.680980 0.122757
v -1.368973 2.680777 0.124083
v -1.434413 2.677853 0.126191
v -1.416846 2.673323 0.109692
v -1.368733 2.672423 0.108389
v -1.445798 2.663774 0.112340
v -1.414652 2.677739 0.101385
v -1.367606 2.677066 0.098162
v -1.448462 2.672884 0.099036
v -1.451830 2.673602 0.113590
v -1.447146 2.684201 0.093232
v -1.453926 2.679325 0.112582
v -1.451271 2.684819 0.112899
v -1.461851 2.678219 0.121495
v -1.450720 2.679936 0.141518
v -1.456934 2.669157 0.120532
v -1.456023 2.687102 0.120670
v -1.446923 2.684788 0.140598
v -1.442681 2.693084 0.120322
v -1.437190 2.688940 0.138308
v -1.445010 2.687663 0.115947
v -1.426436 2.676509 0.122456
v -1.424551 2.678669 0.135485
v -1.436884 2.677683 0.119184
v -1.444252 2.662183 0.120412
v -1.438081 2.669664 0.138695
v -1.445721 2.669446 0.115584
v -1.427880 2.664301 0.172212
v -1.447380 2.674739 0.140793
v -1.438497 2.670516 0.175577
v -1.434271 2.672029 0.177816
v -1.442480 2.676796 0.176738
v -1.436750 2.676530 0.179321
v -1.438046 2.682676 0.175249
v -1.434050 2.680797 0.177569
v -1.426749 2.687836 0.171632
v -1.426973 2.684581 0.173668
v -1.414220 2.675428 0.165625
v -1.418919 2.675708 0.167649
v -1.417608 2.676202 0.163168
v -1.427703 2.667599 0.174048
v -1.425725 2.665266 0.174949
v -1.431130 2.670750 0.183949
v -1.385891 2.667311 0.172765
v -1.356175 2.665998 0.169225
v -1.388482 2.669873 0.181943
v -1.382411 2.679235 0.163235
v -1.386043 2.685945 0.176580
v -1.357065 2.680932 0.164161
v -1.355385 2.679618 0.167860
v -1.355944 2.687692 0.177950
v -1.350805 2.684885 0.175965
v -1.356658 2.680288 0.184138
v -1.349637 2.679596 0.179843
v -1.388614 2.680212 0.184198
v -1.357351 2.672722 0.184056
v -1.389515 2.674517 0.186233
v -1.349877 2.674112 0.179423
v -1.357187 2.667424 0.178043
v -1.350255 2.670333 0.175203
v -1.350603 2.669428 0.169568
v -1.345741 2.668925 0.173433
v -1.337967 2.678742 0.149813
v -1.344377 2.673994 0.178869
v -1.349069 2.667647 0.166439
v -1.344427 2.677248 0.145536
v -1.358129 2.680961 0.165210
v -1.354000 2.688848 0.146798
v -1.349526 2.688236 0.175109
v -1.344553 2.695635 0.154082
v -1.344979 2.681218 0.179850
v -1.335735 2.689885 0.156039
v -1.334037 2.696437 0.139135
v -1.334063 2.683702 0.153583
v -1.332001 2.691561 0.133526
v -1.335313 2.685217 0.133261
v -1.340182 2.696458 0.124229
v -1.350437 2.696067 0.128500
v -1.341319 2.701779 0.134801
v -1.341119 2.685849 0.127226
v -1.433300 2.676445 0.187142
v -1.431146 2.681953 0.183835
v -1.425687 2.686993 0.174727
v -1.353229 2.670976 0.080666
v -1.337318 2.672380 0.079817
v -1.352472 2.686863 0.074108
v -1.351592 2.661007 0.101352
v -1.346792 2.678896 0.133431
v -1.330528 2.666480 0.094514
v -1.323787 2.679077 0.115978
v -1.322114 2.681563 0.093346
v -1.334496 2.684803 0.076468
v -1.327754 2.697400 0.097932
v -1.335150 2.696539 0.082487
v -1.347671 2.704753 0.106187
v -1.365388 2.652177 0.094962
v -1.365198 2.646301 0.090306
v -1.340827 2.662610 0.080976
v -1.366055 2.653701 0.105428
v -1.400078 2.646842 0.097099
v -1.424773 2.649679 0.091860
v -1.399747 2.641337 0.092672
v -1.401470 2.648363 0.105795
v -1.421376 2.653747 0.105629
v -1.402394 2.636895 0.115927
v -1.367128 2.641767 0.117884
v -1.411693 2.634455 0.119301
v -1.401700 2.629780 0.103348
v -1.366271 2.634367 0.102762
v -1.422411 2.619812 0.102791
v -1.400192 2.634649 0.095409
v -1.365535 2.639189 0.093172
v -1.424285 2.629071 0.089530
v -1.429636 2.631921 0.099068
v -1.424773 2.640389 0.084889
v -1.431581 2.636966 0.097621
v -1.429005 2.641517 0.099022
v -1.438617 2.637176 0.099852
v -1.436882 2.635258 0.133343
v -1.434774 2.629220 0.101796
v -1.433715 2.644453 0.101133
v -1.433877 2.639694 0.133684
v -1.422822 2.649111 0.106019
v -1.425659 2.644006 0.134827
v -1.423273 2.644205 0.103248
v -1.409075 2.635586 0.113615
v -1.413798 2.636312 0.136811
v -1.415861 2.635503 0.108742
v -1.423740 2.623137 0.106474
v -1.425011 2.627358 0.135332
v -1.423696 2.628085 0.102833
v -1.424166 2.624599 0.163104
v -1.433588 2.631012 0.133949
v -1.435384 2.628668 0.162836
v -1.433138 2.629725 0.166856
v -1.440210 2.634013 0.162832
v -1.436782 2.634269 0.167889
v -1.436840 2.640337 0.162833
v -1.434301 2.639662 0.167243
v -1.427645 2.647172 0.162941
v -1.427778 2.645461 0.164848
v -1.414966 2.637805 0.158650
v -1.417484 2.637622 0.158097
v -1.424448 2.626262 0.165034
v -1.414554 2.638836 0.152965
v -1.389732 2.641635 0.157463
v -1.423686 2.622798 0.164874
v -1.426514 2.649120 0.165579
v -1.394439 2.645978 0.169598
v -1.433802 2.641392 0.174033
v -1.397031 2.640054 0.175589
v -1.436403 2.634033 0.176399
v -1.397674 2.634780 0.176821
v -1.432569 2.627707 0.173175
v -1.396134 2.631100 0.172671
v -1.392930 2.629853 0.164458
v -1.367580 2.629563 0.170982
v -1.362208 2.633317 0.169474
v -1.365635 2.629652 0.162351
v -1.368761 2.633760 0.177573
v -1.362625 2.635979 0.173845
v -1.368801 2.641076 0.178813
v -1.362794 2.640725 0.175045
v -1.367880 2.649459 0.173516
v -1.362811 2.646146 0.172029
v -1.365360 2.645576 0.158700
v -1.362316 2.643559 0.162710
v -1.361490 2.633420 0.164298
v -1.363596 2.645676 0.159966
v -1.356924 2.652040 0.148182
v -1.357721 2.650555 0.172702
v -1.356712 2.631166 0.160736
v -1.349164 2.641003 0.147353
v -1.354285 2.631237 0.168003
v -1.344245 2.641442 0.152212
v -1.353467 2.635273 0.174489
v -1.341245 2.645084 0.156707
v -1.354481 2.642373 0.176780
v -1.342723 2.650430 0.159340
v -1.337638 2.657416 0.145797
v -1.349602 2.656374 0.156952
v -1.342796 2.663247 0.141397
v -1.349940 2.659733 0.133668
v -1.340211 2.659444 0.131738
v -1.335161 2.653450 0.140676
v -1.342306 2.649937 0.132947
v -1.338424 2.648234 0.139133
v -1.341142 2.636128 0.077331
v -1.327097 2.638738 0.076671
v -1.341558 2.650517 0.071868
v -1.339020 2.626787 0.095546
v -1.336017 2.642155 0.124605
v -1.320670 2.633626 0.089665
v -1.315567 2.644762 0.109137
v -1.314230 2.647783 0.089020
v -1.325441 2.650124 0.073995
v -1.320339 2.661261 0.093468
v -1.326838 2.660330 0.079643
v -1.338555 2.665885 0.100927
v -1.354875 2.613384 0.088258
v -1.354650 2.606439 0.082754
v -1.333302 2.620247 0.078532
v -1.355663 2.615186 0.100629
v -1.381944 2.609643 0.089478
v -1.406517 2.609386 0.087858
v -1.381551 2.603102 0.084218
v -1.383142 2.611564 0.101355
v -1.405320 2.612948 0.102803
v -1.384929 2.597950 0.115430
v -1.356932 2.601080 0.115352
v -1.403795 2.594849 0.120386
v -1.383338 2.589489 0.098292
v -1.355919 2.592333 0.097478
v -1.405635 2.582828 0.099283
v -1.382079 2.595156 0.087470
v -1.355049 2.598032 0.086141
v -1.406586 2.591022 0.085397
v -1.411994 2.594779 0.092679
v -1.406933 2.601045 0.081291
v -1.412613 2.599579 0.090570
v -1.411911 2.603429 0.093517
v -1.418738 2.602495 0.083540
v -1.423632 2.594792 0.118846
v -1.415998 2.595033 0.085229
v -1.415961 2.608961 0.087707
v -1.421279 2.598694 0.120272
v -1.408496 2.612635 0.096162
v -1.414411 2.602472 0.123094
v -1.410029 2.605376 0.099954
v -1.397865 2.599049 0.104634
v -1.405027 2.595280 0.125627
v -1.408624 2.596336 0.108992
v -1.408046 2.589040 0.091493
v -1.413106 2.587888 0.120961
v -1.410827 2.590420 0.099697
v -1.415527 2.580627 0.148873
v -1.420599 2.591095 0.119155
v -1.421928 2.584101 0.154964
v -1.417909 2.585374 0.156619
v -1.425412 2.588676 0.156622
v -1.420630 2.589357 0.159049
v -1.424723 2.594048 0.155143
v -1.420546 2.593904 0.157034
v -1.419782 2.599781 0.152528
v -1.418449 2.598781 0.151967
v -1.414242 2.592437 0.138133
v -1.412960 2.592981 0.139315
v -1.413503 2.582584 0.148668
v -1.411608 2.594077 0.136973
v -1.393412 2.600300 0.140788
v -1.411820 2.581480 0.148308
v -1.417529 2.600749 0.151466
v -1.395981 2.603064 0.152054
v -1.419171 2.594890 0.159094
v -1.395922 2.597479 0.157190
v -1.419060 2.589497 0.161812
v -1.395219 2.592807 0.158034
v -1.416208 2.584739 0.158377
v -1.393975 2.589909 0.154033
v -1.392553 2.589478 0.146441
v -1.375901 2.590965 0.150081
v -1.373605 2.595317 0.148360
v -1.375917 2.591786 0.142028
v -1.376693 2.594250 0.156607
v -1.373823 2.597311 0.152461
v -1.377998 2.600808 0.158365
v -1.374715 2.601335 0.153900
v -1.379690 2.608810 0.154086
v -1.376185 2.606279 0.151539
v -1.379973 2.606194 0.140371
v -1.378336 2.604094 0.143454
v -1.374235 2.595706 0.143815
v -1.379607 2.606149 0.140402
v -1.372130 2.613791 0.128704
v -1.374117 2.609916 0.151261
v -1.372475 2.594665 0.140590
v -1.364899 2.604277 0.127629
v -1.369641 2.594724 0.146431
v -1.361166 2.604762 0.131636
v -1.369327 2.597479 0.152400
v -1.358487 2.607806 0.136125
v -1.370798 2.603047 0.154625
v -1.360001 2.612363 0.138712
v -1.355150 2.619228 0.127161
v -1.365910 2.617463 0.136793
v -1.359831 2.624435 0.123422
v -1.365936 2.621448 0.116294
v -1.357267 2.621564 0.114742
v -1.352751 2.616013 0.122494
v -1.358855 2.613026 0.115366
v -1.355461 2.611362 0.120844
v -1.333582 2.596742 0.075297
v -1.321116 2.599058 0.074712
v -1.333951 2.609514 0.070448
v -1.331699 2.588451 0.091465
v -1.329034 2.602091 0.117258
v -1.315411 2.594521 0.086245
v -1.310882 2.604406 0.103529
v -1.309695 2.607087 0.085672
v -1.319646 2.609164 0.072337
v -1.315117 2.619050 0.089620
v -1.320886 2.618224 0.077349
v -1.331286 2.623154 0.096242
vn -0.4791 0.0083 -0.8777
vn -0.5051 0.1305 -0.8531
vn -0.6230 -0.3398 -0.7045
vn -0.5723 -0.4050 -0.7130
vn 0.3758 0.5526 -0.7439
vn -0.1582 0.7809 -0.6043
vn -0.4993 0.3020 -0.8121
vn -0.8251 0.5577 -0.0909
vn 0.7900 -0.1047 0.6041
vn -0.4890 0.0032 0.8723
vn 0.7396 0.6593 0.1356
vn -0.4224 0.2210 0.8791
vn 0.1201 0.9860 0.1153
vn -0.2330 -0.4210 0.8766
vn 0.0346 0.8119 0.5827
vn -0.3042 -0.4617 0.8332
vn -0.3821 0.9240 -0.0177
vn -0.5877 0.1462 0.7957
vn -0.4247 -0.9018 0.0795
vn -0.5935 -0.7226 -0.3544
vn 0.5056 0.0662 -0.8602
vn -0.0678 -0.9958 -0.0622
vn -0.6307 -0.2373 -0.7389
vn -0.6641 -0.1550 -0.7314
vn 0.6244 -0.2579 0.7373
vn -0.1561 -0.4638 0.8721
vn -0.3241 0.8297 -0.4545
vn 0.9071 0.1377 -0.3978
vn 0.7608 -0.3935 -0.5161
vn -0.4385 -0.8943 0.0891
vn 0.2808 0.3658 -0.8873
vn -0.1410 -0.9138 -0.3809
vn 0.2410 0.5142 -0.8232
vn 0.0984 -0.9666 -0.2367
vn 0.8920 0.4160 -0.1766
vn -0.3570 0.8785 -0.3176
vn 0.5560 0.2093 -0.8044
vn 0.4697 -0.8215 0.3233
vn -0.9802 -0.0653 0.1871
vn 0.9102 0.0630 -0.4094
vn -0.0917 -0.9489 -0.3019
vn -0.0237 0.9910 0.1320
vn -0.8881 -0.1949 0.4163
vn -0.7696 -0.4704 0.4318
vn -0.8613 -0.4360 0.2608
vn -0.8035 -0.1541 0.5749
vn -0.8781 -0.0729 0.4728
vn -0.8959 -0.2159 0.3882
vn -0.8307 -0.1995 0.5197
vn -0.6510 -0.2978 -0.6983
vn -0.4831 0.1114 -0.8685
vn -0.6460 -0.3126 -0.6965
vn -0.6032 -0.3663 -0.7085
vn 0.3389 0.8965 -0.2852
vn -0.4355 0.3153 -0.8432
vn -0.1191 0.3715 -0.9208
vn -0.6474 0.6247 -0.4366
vn 0.0187 0.6703 -0.7418
vn 0.1159 -0.0503 -0.9920
vn 0.3088 -0.1673 0.9363
vn 0.9558 0.2933 -0.0211
vn -0.4774 0.8215 -0.3119
vn 0.4420 0.5240 0.7281
vn -0.1051 0.4082 0.9068
vn 0.4480 0.8926 0.0511
vn -0.5662 0.0864 0.8198
vn -0.2567 0.2179 0.9416
vn 0.0374 0.8983 0.4377
vn -0.0270 -0.5428 0.8394
vn 0.3875 0.7054 -0.5935
vn -0.4044 0.9125 -0.0613
vn -0.1167 -0.5516 0.8259
vn -0.4006 -0.8952 -0.1952
vn -0.6960 -0.6369 -0.3314
vn -0.5063 -0.3495 -0.7884
vn 0.5722 0.1951 -0.7966
vn 0.3761 0.4223 -0.8247
vn 0.3010 -0.5187 -0.8002
vn -0.1274 -0.9918 0.0036
vn -0.5483 -0.1449 -0.8236
vn -0.5939 0.0013 -0.8046
vn -0.6532 -0.2020 -0.7297
vn 0.4216 -0.4313 0.7977
vn 0.6997 -0.0524 0.7125
vn -0.2536 -0.3140 0.9149
vn -0.3079 -0.6819 0.6635
vn 0.3771 -0.7681 0.5176
vn 0.7265 0.2740 0.6302
vn 0.6584 -0.3223 0.6802
vn -0.3329 0.9341 -0.1292
vn -0.7801 -0.2622 0.5680
vn 0.3128 -0.9356 -0.1637
vn 0.0745 -0.3916 -0.9171
vn 0.6120 -0.0070 -0.7908
vn -0.3556 -0.9281 -0.1101
vn 0.2076 -0.1575 -0.9654
vn 0.0410 0.5501 -0.8341
vn -0.0050 -0.8815 -0.4722
vn 0.8605 -0.0040 -0.5094
vn 0.9303 0.3463 -0.1210
vn -0.3242 0.1858 0.9276
vn 0.8885 -0.4462 -0.1071
vn 0.8083 0.3370 -0.4828
vn -0.8417 0.2926 0.4538
vn 0.0633 0.5496 -0.8330
vn 0.1798 0.9505 -0.2533
vn 0.9917 0.0595 -0.1140
vn -0.3973 -0.5368 0.7444
vn -0.0093 -0.9801 -0.1984
vn 0.9842 -0.1092 0.1396
vn 0.2164 0.9099 -0.3539
vn 0.2539 0.8387 -0.4819
vn -0.1322 -0.8848 0.4468
vn -0.2394 -0.8775 0.4156
vn 0.5000 0.0382 -0.8652
vn -0.1100 0.9704 -0.2152
vn -0.6047 0.6647 0.4388
vn -0.7071 0.6652 0.2399
vn -0.9609 0.0611 0.2702
vn 0.7446 0.2840 -0.6041
vn -0.0289 -0.9656 -0.2583
vn -0.0519 0.9342 0.3529
vn -0.7312 0.6312 0.2587
vn 0.6161 -0.6084 -0.5002
vn -0.7153 -0.6987 -0.0164
vn 0.7100 0.6889 -0.1457
vn -0.8395 -0.3592 0.4077
vn -0.8260 -0.1427 0.5454
vn -0.9013 -0.0547 0.4298
vn -0.9046 -0.3111 0.2914
vn -0.8430 -0.1627 0.5128
vn -0.7635 -0.5349 0.3619
vn -0.8980 -0.2844 0.3356
vn -0.9679 -0.0891 0.2350
vn -0.7577 -0.3283 0.5640
vn -0.8130 -0.2946 0.5022
vn -0.8982 -0.1417 0.4160
vn -0.8066 -0.4011 0.4341
vn -0.8964 -0.1470 0.4183
vn -0.8227 -0.2705 0.5000
vn -0.8464 -0.2518 0.4693
vn -0.7994 -0.2357 0.5526
vn -0.8683 -0.1381 0.4764
vn -0.7887 -0.2130 0.5767
vn -0.5766 -0.0737 -0.8137
vn -0.3781 0.4188 -0.8256
vn 0.2495 0.2818 -0.9264
vn 0.5870 0.6547 -0.4762
vn -0.0065 0.8087 0.5882
vn -0.0235 0.0204 0.9995
vn -0.5764 0.6711 0.4662
vn -0.4182 -0.6973 -0.5821
vn -0.6380 -0.3199 -0.7004
vn 0.3196 0.6250 -0.7122
vn 0.4764 -0.3979 -0.7841
vn 0.4395 -0.1972 0.8763
vn 0.1827 -0.8346 0.5197
vn 0.8000 0.4138 0.4345
vn -0.5946 0.7757 0.2117
vn 0.1063 -0.7740 -0.6241
vn 0.0250 -0.0813 -0.9964
vn 0.9399 -0.1903 0.2835
vn 0.9423 -0.0848 -0.3238
vn 0.1480 0.9070 -0.3943
vn 0.5919 -0.5178 0.6177
vn 0.2288 -0.2215 0.9479
vn 0.2604 0.8956 -0.3608
vn 0.0535 0.8802 -0.4717
vn 0.6768 0.6142 -0.4057
vn -0.4984 -0.8292 0.2529
vn -0.0716 0.4976 -0.8645
vn -0.0180 -0.8840 0.4671
vn -0.6297 -0.6721 0.3895
vn 0.6150 -0.6164 -0.4918
vn -0.7387 0.6664 0.1012
vn -0.6149 0.4884 0.6192
vn 0.5284 -0.5212 -0.6702
vn -0.6942 -0.7041 0.1496
vn 0.5304 0.8352 -0.1453
vn -0.9452 -0.1733 0.2766
vn -0.7692 -0.2907 0.5690
vn -0.9505 -0.0739 0.3018
vn -0.8049 -0.3069 0.5079
vn -0.8345 -0.3697 0.4085
vn -0.8422 -0.3413 0.4174
vn -0.8199 -0.3096 0.4815
vn -0.8170 -0.2617 0.5138
vn -0.8185 -0.1973 0.5396
vn -0.7854 -0.2213 0.5781
vn -0.9014 -0.0819 0.4252
vn -0.8821 -0.2286 0.4119
vn 0.8235 -0.4816 -0.2998
vn 0.8893 -0.3082 0.3379
vn 0.3649 0.6720 -0.6444
vn 0.3921 0.6809 0.6185
vn 0.0953 -0.9904 -0.0997
vn 0.1105 -0.8711 0.4786
vn -0.3189 -0.6756 -0.6648
vn -0.3463 -0.4768 0.8079
vn -0.0288 0.8549 -0.5180
vn -0.0799 0.8920 0.4448
vn -0.4342 0.3827 -0.8155
vn -0.5987 0.6374 0.4850
vn 0.6568 -0.6955 0.2912
vn -0.0835 0.7367 0.6711
vn 0.3675 -0.5301 -0.7642
vn -0.3467 0.8819 -0.3195
vn -0.5281 -0.8488 0.0248
vn -0.7573 0.6371 0.1439
vn -0.6415 -0.7515 0.1538
vn 0.7162 -0.2755 0.6412
vn 0.5693 0.6335 0.5241
vn -0.3482 -0.3087 0.8851
vn -0.5533 0.6168 0.5599
vn 0.1833 -0.5486 -0.8157
vn 0.1690 0.5928 -0.7874
vn -0.8630 -0.3540 -0.3604
vn -0.7135 0.6809 -0.1654
vn -0.5565 0.8049 0.2058
vn 0.0764 -0.2902 0.9539
vn 0.5113 -0.8242 -0.2434
vn -0.1430 0.2475 -0.9583
vn 0.3803 0.8068 0.4522
vn 0.4611 0.4711 -0.7519
vn -0.7467 0.0839 0.6599
vn -0.7093 -0.5472 -0.4444
vn 0.9381 -0.3439 0.0410
vn 0.6446 0.7644 -0.0096
vn 0.7818 0.3805 0.4941
vn 0.2817 0.6877 -0.6692
vn 0.0403 -0.9805 0.1923
vn -0.1891 -0.9679 0.1656
vn -0.3898 -0.4758 0.7884
vn -0.7902 -0.3577 -0.4977
vn 0.4467 -0.8481 -0.2849
vn -0.1947 0.0889 -0.9768
vn -0.2778 0.2217 0.9347
vn 0.5749 -0.6514 0.4951
vn 0.0015 0.9952 -0.0975
vn -0.6183 0.7532 -0.2244
vn -0.3453 0.5885 -0.7310
vn -0.5380 0.6686 0.5133
vn -0.1450 -0.2349 -0.9612
vn 0.3204 0.6977 -0.6407
vn -0.3307 0.0974 0.9387
vn 0.3068 0.6790 0.6669
vn 0.3666 -0.1613 0.9163
vn -0.1643 0.3942 -0.9042
vn 0.4292 -0.7925 -0.4332
vn -0.4285 0.8703 0.2428
vn -0.5268 0.8432 -0.1075
vn 0.1468 -0.4616 0.8748
vn 0.3616 -0.8338 -0.4171
vn -0.3160 0.3712 -0.8731
vn -0.9805 0.1343 0.1436
vn -0.5449 -0.8366 -0.0567
vn -0.4639 0.8828 -0.0741
vn 0.4470 -0.8905 -0.0844
vn 0.2968 -0.8936 -0.3367
vn 0.7350 0.1457 0.6622
vn -0.5617 0.2624 0.7846
vn 0.0283 0.8248 0.5647
vn 0.4072 -0.3647 0.8374
vn 0.7672 -0.5446 0.3387
vn -0.5213 -0.7316 0.4394
vn 0.2802 0.8856 0.3704
vn -0.8330 0.5526 -0.0264
vn 0.2415 -0.0249 -0.9701
vn -0.9123 0.3050 -0.2733
vn -0.3181 0.7544 -0.5741
vn -0.2614 -0.5917 -0.7626
vn -0.7665 -0.6321 0.1135
vn 0.4933 -0.6738 -0.5502
vn 0.0399 0.8474 -0.5295
vn -0.5413 0.7228 0.4296
vn -0.0391 0.0944 0.9948
vn 0.5517 -0.8292 0.0901
vn 0.0211 -0.1203 -0.9925
vn -0.4808 0.7359 -0.4768
vn 0.2777 -0.4067 -0.8703
vn 0.4148 -0.7696 0.4855
vn -0.3537 0.4271 0.8321
vn 0.2700 0.8400 0.4706
vn 0.7626 0.0126 -0.6467
vn -0.8093 0.0006 0.5874
vn -0.3415 -0.8900 -0.3022
vn -0.1135 0.5077 0.8540
vn -0.1559 -0.2043 -0.9664
vn -0.9246 -0.3376 0.1767
vn 0.5618 0.8245 -0.0677
vn -0.8396 0.2415 0.4866
vn -0.3735 0.9218 0.1042
vn -0.5760 0.7347 0.3583
vn 0.5225 0.8524 -0.0203
vn -0.8598 -0.4843 0.1621
vn 0.2042 -0.6169 -0.7601
vn -0.0829 0.1699 -0.9820
vn -0.3320 0.5777 0.7456
vn 0.5451 -0.8309 0.1116
vn -0.5353 0.8278 -0.1681
vn -0.4313 0.7101 0.5565
vn 0.5750 0.8172 -0.0399
vn -0.2740 0.2127 0.9379
vn 0.4447 -0.8393 0.3127
vn 0.3744 -0.5214 0.7668
vn 0.3753 -0.6557 -0.6551
vn -0.3785 0.5540 -0.7415
vn -0.9331 0.1191 0.3392
vn -0.4652 0.8843 0.0384
vn 0.1088 -0.9349 -0.3377
vn 0.3670 -0.8688 -0.3325
vn 0.2748 0.2351 0.9323
vn 0.6805 0.1377 0.7197
vn -0.3141 0.9491 -0.0229
vn -0.9790 0.1197 0.1652
vn -0.4228 0.0991 -0.9008
vn -0.8506 0.2953 0.4350
vn -0.2198 0.9755 -0.0027
vn 0.4052 0.0940 -0.9094
vn -0.5596 0.7806 -0.2785
vn 0.0767 -0.3226 -0.9434
vn 0.3877 -0.8729 0.2964
vn -0.2458 0.2343 0.9406
vn 0.3254 -0.0449 0.9445
vn -0.3530 0.1125 -0.9288
vn -0.6334 -0.7327 0.2489
vn 0.8881 0.4536 -0.0740
vn 0.0756 -0.5490 0.8324
vn 0.7098 0.5739 0.4084
vn -0.3156 -0.8351 -0.4505
vn 0.3238 0.3312 -0.8863
vn -0.3412 -0.6341 0.6939
vn 0.4615 0.3664 0.8080
vn -0.6516 -0.3675 -0.6636
vn 0.1683 0.7146 -0.6790
vn -0.5536 -0.6711 -0.4930
vn -0.0762 -0.8397 0.5377
vn 0.2382 0.6738 -0.6994
vn 0.7205 0.5778 0.3834
vn -0.9260 -0.3268 -0.1890
vn -0.4113 -0.5102 0.7553
vn -0.5095 0.8513 -0.1253
vn 0.0534 0.6988 0.7134
vn 0.0985 -0.5261 0.8447
vn 0.7576 0.5552 0.3434
vn -0.3049 -0.8504 -0.4289
vn 0.3131 0.2785 -0.9080
vn -0.2249 -0.5143 0.8276
vn 0.3527 0.8303 0.4314
vn -0.4917 -0.4986 -0.7139
vn 0.0472 0.5643 -0.8242
vn -0.3482 -0.7655 -0.5411
vn 0.0205 -0.8418 0.5394
vn 0.2636 0.6676 -0.6963
vn 0.5716 0.7376 0.3595
vn -0.9703 -0.2403 -0.0263
vn -0.3298 -0.5758 0.7481
vn -0.4966 0.8663 0.0538
vn 0.1547 0.6339 0.7578
vn 0.6063 -0.1216 0.7859
vn 0.2235 -0.4500 -0.8646
vn 0.0186 -0.9411 0.3376
vn 0.8424 0.4602 -0.2803
vn 0.0317 -0.2899 0.9565
vn -0.1703 0.3437 -0.9235
vn -0.6402 -0.7527 0.1533
vn 0.5015 0.8651 -0.0118
vn 0.0187 0.5312 -0.8471
vn 0.5002 0.7303 0.4652
vn -0.6597 -0.6007 -0.4516
vn -0.1514 -0.4587 0.8756
vn -0.4447 -0.8956 -0.0087
vn 0.5811 0.7978 -0.1604
vn -0.3300 0.0119 -0.9439
vn 0.5300 -0.1346 0.8372
vn -0.5766 -0.8167 0.0237
vn -0.1012 0.3141 -0.9440
vn 0.0986 -0.4710 0.8766
vn 0.6072 0.7931 -0.0484
vn -0.8142 -0.5014 0.2927
vn -0.2406 0.9015 0.3598
vn -0.9207 0.3146 -0.2309
vn -0.1823 0.1734 0.9678
vn -0.6153 -0.5774 -0.5366
vn -0.0566 0.8402 -0.5393
vn 0.0134 -0.8178 0.5753
vn 0.5829 0.6160 0.5299
vn 0.6216 -0.1253 0.7733
vn 0.2186 -0.4681 -0.8562
vn 0.0288 -0.9409 0.3375
vn 0.8439 0.4010 -0.3564
vn 0.0491 -0.0861 0.9951
vn -0.1124 0.2760 -0.9546
vn -0.4992 -0.8360 0.2277
vn 0.1816 0.7819 -0.5964
vn 0.0176 0.4380 -0.8988
vn 0.4981 0.7915 0.3541
vn -0.5854 -0.6858 -0.4324
vn -0.1171 -0.4067 0.9060
vn -0.2327 -0.9719 0.0362
vn 0.5088 0.8553 -0.0980
vn -0.1743 -0.0597 -0.9829
vn 0.4646 0.0054 0.8855
vn -0.3641 -0.8969 0.2509
vn 0.0889 0.3528 -0.9315
vn 0.0724 -0.3947 0.9159
vn 0.3639 0.8867 -0.2852
vn -0.7933 -0.4899 0.3614
vn -0.1594 0.8751 0.4568
vn -0.9260 0.3776 -0.0014
vn -0.0169 0.0555 0.9983
vn -0.6523 -0.5246 -0.5470
vn -0.1082 0.8571 -0.5037
vn 0.0774 -0.8938 0.4418
vn 0.6011 0.6172 0.5078
vn 0.8606 -0.5073 -0.0450
vn -0.5953 -0.4824 -0.6426
vn 0.3629 0.8531 -0.3748
vn -0.3419 0.0347 -0.9391
vn -0.5087 -0.7630 0.3988
vn 0.2507 0.1052 0.9623
vn -0.5451 0.1678 -0.8214
vn -0.3628 -0.8060 0.4677
vn 0.6215 0.3414 0.7051
vn 0.3641 0.7383 -0.5677
vn -0.7831 0.3921 0.4827
vn -0.3771 -0.9247 -0.0526
vn 0.4619 -0.0981 0.8815
vn 0.4046 0.9142 0.0216
vn 0.8474 -0.5273 -0.0618
vn -0.3664 -0.6307 -0.6841
vn 0.3117 0.7597 -0.5707
vn -0.2986 -0.0493 -0.9531
vn -0.4497 -0.7851 0.4260
vn 0.2238 0.1177 0.9675
vn -0.5920 0.2144 -0.7769
vn -0.1626 -0.7108 0.6843
vn 0.3662 0.9176 -0.1546
vn 0.3255 0.7759 -0.5403
vn -0.7135 0.3740 0.5925
vn -0.3589 -0.9264 -0.1141
vn 0.5382 -0.1630 0.8269
vn 0.3928 0.9185 0.0447
vn 0.3878 0.0945 -0.9169
vn -0.9275 0.0430 -0.3713
vn 0.3819 -0.3522 -0.8545
vn -0.7279 -0.5572 -0.3996
vn -0.2474 0.4770 0.8434
vn 0.9170 0.3106 0.2502
vn 0.9479 -0.1749 0.2664
vn -0.4089 -0.0360 0.9119
vn 0.8594 -0.3902 0.3303
vn -0.2676 -0.5910 0.7610
vn -0.6390 0.7487 -0.1764
vn 0.4126 0.7045 -0.5775
vn 0.3879 0.0547 -0.9201
vn -0.3244 0.0701 -0.9433
vn -0.9032 -0.1545 -0.4005
vn -0.2016 -0.6186 -0.7594
vn -0.4253 0.1067 0.8987
vn 0.9662 -0.2062 0.1545
vn 0.3898 0.2214 -0.8939
vn 0.9333 -0.0206 0.3584
vn 0.3896 -0.1377 0.9106
vn -0.3713 -0.1903 0.9088
vn 0.3676 -0.6617 0.6535
vn -0.8872 0.3172 -0.3350
vn 0.7179 0.6403 -0.2733
vn -0.5339 0.7465 0.3972
vn 0.3887 0.3910 0.8342
vn -0.9266 0.0225 0.3754
vn 0.7899 -0.5130 -0.3362
vn -0.6346 -0.7404 0.2216
vn 0.8487 0.0092 -0.5288
vn -0.0755 0.8723 -0.4830
vn -0.3222 -0.0769 -0.9435
vn -0.8946 0.2315 0.3823
vn 0.4279 -0.1471 0.8918
vn 0.1524 0.9357 0.3183
vn 0.3603 -0.1328 0.9233
vn 0.1007 -0.9923 -0.0728
vn -0.2793 0.3338 -0.9003
vn -0.9179 -0.1719 0.3578
vn 0.9098 0.0922 -0.4047
vn 0.7814 0.0218 -0.6237
vn -0.2717 0.8390 -0.4714
vn 0.4548 0.6860 -0.5680
vn -0.2943 -0.6726 -0.6790
vn 0.3324 -0.6082 -0.7209
vn -0.0688 0.9075 -0.4144
vn -0.0424 -0.7385 -0.6729
vn 0.4423 0.8410 0.3117
vn 0.3887 0.1056 -0.9153
vn 0.0412 0.9883 0.1466
vn -0.0232 0.2683 -0.9631
vn -0.4405 0.8693 0.2243
vn -0.4341 0.1188 -0.8930
vn 0.8118 -0.1378 0.5675
vn -0.1058 -0.0965 0.9897
vn 0.4960 0.0516 -0.8668
vn -0.3835 0.1436 -0.9123
vn -0.1097 0.8356 -0.5383
vn -0.2203 -0.6542 -0.7235
vn -0.1554 -0.9856 0.0667
vn 0.5549 -0.8173 -0.1553
vn -0.1266 0.9458 0.2992
vn 0.6966 0.7169 0.0290
vn -0.1692 -0.1016 0.9803
vn -0.0494 0.1816 -0.9821
vn -0.0527 -0.9969 0.0585
vn -0.0596 0.9165 0.3956
vn -0.0011 -0.6987 -0.7155
vn -0.0326 0.8455 -0.5330
vn 0.1995 -0.8478 0.4913
vn 0.4684 0.7462 -0.4730
vn 0.2734 -0.6007 -0.7513
vn 0.3356 0.3585 0.8711
vn 0.0516 -0.3079 -0.9500
vn -0.0455 0.9881 -0.1467
vn 0.0617 -0.8572 0.5113
vn -0.0149 0.7961 -0.6049
vn 0.0099 -0.6490 -0.7607
vn 0.0881 0.3756 0.9226
vn 0.0900 0.9618 0.2584
vn 0.0189 0.2027 -0.9791
vn -0.1517 -0.8205 0.5512
vn -0.7147 0.5814 -0.3887
vn -0.4367 -0.6245 -0.6475
vn -0.3810 0.3356 0.8615
vn -0.2485 0.1987 -0.9480
vn -0.2614 0.9519 0.1602
vn 0.2262 -0.1271 0.9658
vn -0.2326 0.1361 -0.9630
vn -0.0306 -0.9991 0.0298
vn -0.0419 0.1190 -0.9920
vn 0.1064 0.9567 0.2708
vn 0.9609 -0.0587 -0.2707
vn 0.0580 -0.8615 -0.5045
vn 0.1413 -0.1154 0.9832
vn 0.0187 0.9674 0.2527
vn 0.0635 -0.9979 0.0123
vn 0.1024 0.4152 0.9040
vn -0.1295 -0.6405 0.7569
vn -0.1891 0.7568 0.6257
vn 0.0216 0.4758 -0.8793
vn -0.0418 -0.6554 -0.7541
vn 0.0323 0.8405 -0.5408
vn 0.0055 -0.5950 -0.8037
vn 0.0248 -0.8615 0.5071
vn -0.9707 -0.1898 0.1475
vn 0.2006 -0.8222 0.5327
vn -0.0239 0.3878 0.9214
vn -0.3135 0.7507 -0.5815
vn 0.2665 0.2064 -0.9415
vn 0.2964 0.9463 0.1288
vn 0.3227 -0.5692 -0.7562
vn 0.4598 -0.7594 0.4603
vn 0.3981 0.3920 0.8293
vn 0.2490 0.7639 -0.5954
vn -0.2858 0.9390 0.1912
vn -0.3396 0.2361 -0.9105
vn -0.2641 0.4017 0.8769
vn -0.3300 0.7838 -0.5260
vn -0.3618 -0.5590 -0.7461
vn -0.3416 -0.7910 0.5076
vn 0.0426 0.0614 -0.9972
vn 0.0857 0.9228 0.3755
vn -0.0483 -0.5988 -0.7994
vn -0.1585 -0.8459 0.5092
vn -0.0254 0.4130 0.9104
vn 0.1173 0.8299 -0.5454
vn -0.2994 0.0615 -0.9521
vn -0.3158 -0.5997 -0.7353
vn -0.4696 -0.7360 0.4875
vn -0.3561 0.5399 0.7627
vn -0.2540 0.7362 -0.6273
vn -0.2861 0.9500 0.1253
vn -0.4008 -0.6081 -0.6852
vn -0.3658 0.7780 -0.5108
vn -0.4247 0.1234 -0.8969
vn -0.2963 -0.1311 0.9461
vn -0.2862 0.9275 0.2406
vn -0.3131 -0.9497 0.0053
vn 0.4337 -0.5404 -0.7210
vn 0.3197 0.8627 -0.3919
vn 0.3239 -0.9381 -0.1223
vn 0.1003 -0.3057 0.9468
vn 0.0938 0.8933 0.4396
vn 0.4283 0.2134 -0.8781
vn -0.7206 -0.6922 0.0403
vn 0.1314 -0.9750 -0.1792
vn -0.3150 0.8894 -0.3312
vn -0.4805 0.1527 -0.8636
vn 0.5045 -0.7134 0.4865
vn 0.9712 -0.2016 0.1273
vn 0.6591 0.7071 0.2561
vn 0.3465 0.8339 -0.4295
vn -0.8652 0.4751 0.1604
vn -0.1365 0.6446 0.7523
vn -0.7462 0.2365 0.6224
vn 0.0307 0.5216 0.8526
vn -0.9312 0.3567 0.0756
vn 0.3064 0.1981 0.9311
vn -0.2210 0.4172 -0.8815
vn 0.9755 0.2197 -0.0054
vn -0.8570 0.5128 0.0506
vn 0.3324 0.0233 0.9429
vn -0.3141 -0.3380 -0.8872
vn 0.6923 -0.7142 -0.1036
vn -0.8459 0.5072 0.1649
vn 0.2508 0.1031 0.9625
vn -0.5169 -0.4926 -0.7001
vn 0.5169 -0.8489 0.1102
vn -0.2009 -0.5619 -0.8024
vn -0.9258 0.1421 -0.3503
vn -0.4093 -0.9018 0.1386
vn -0.7056 0.4770 -0.5241
vn 0.8416 0.4581 -0.2860
vn 0.8756 0.0307 0.4821
vn 0.7808 -0.4264 0.4567
vn 0.4118 0.9034 -0.1199
vn 0.2718 0.9617 -0.0361
vn -0.0194 0.5812 -0.8135
vn -0.1014 -0.9378 0.3321
vn 0.7610 -0.6383 -0.1162
vn -0.5791 0.6518 0.4896
vn -0.5364 0.1617 0.8283
vn 0.2683 0.3188 0.9091
vn -0.9049 0.4195 -0.0722
vn 0.8280 0.2523 0.5007
vn 0.0482 -0.9740 0.2214
vn -0.7786 -0.2876 -0.5578
vn 0.2533 0.9197 -0.3000
vn -0.5321 0.2112 0.8200
vn 0.5949 0.4154 -0.6882
vn 0.8788 0.1746 0.4441
vn -0.6534 0.3870 -0.6506
vn 0.2350 -0.2196 0.9469
vn 0.9994 -0.0019 -0.0342
vn -0.9892 -0.1097 -0.0972
vn -0.0842 0.1562 -0.9841
vn -0.3193 0.4704 0.8226
vn 0.3016 -0.7077 -0.6389
vn 0.7464 -0.4850 0.4557
vn -0.7319 0.1052 -0.6733
vn -0.1103 -0.0019 -0.9939
vn -0.5300 0.1077 -0.8411
vn 0.9133 -0.3458 -0.2151
vn 0.7393 -0.3516 0.5743
vn -0.4909 0.2899 0.8215
vn -0.1172 -0.9499 -0.2897
vn 0.3349 -0.5962 0.7297
vn -0.9422 -0.1243 -0.3111
vn 0.4525 0.2668 0.8509
vn 0.7287 -0.6826 -0.0559
vn -0.6851 0.7278 0.0287
vn -0.3146 -0.3443 -0.8846
vn -0.8747 -0.3687 -0.3145
vn 0.8911 0.3876 0.2360
vn -0.1163 0.9040 -0.4113
vn 0.6485 -0.5075 0.5673
vn 0.2794 -0.8499 0.4467
vn 0.5235 -0.0468 -0.8508
vn 0.8777 -0.1177 0.4645
vn -0.4490 0.5938 -0.6677
vn -0.4719 -0.8688 -0.1500
vn 0.6930 0.7013 0.1669
vn -0.4231 0.1196 -0.8982
vn -0.6573 -0.1916 0.7289
vn -0.5812 0.0393 -0.8128
vn 0.6625 0.1519 -0.7335
vn 0.7877 -0.3214 0.5257
vn 0.5561 -0.2635 -0.7882
vn 0.9351 -0.2999 0.1887
vn 0.5573 -0.2382 0.7954
vn -0.6200 -0.6293 0.4686
vn -0.0829 0.7009 0.7084
vn -0.7249 0.1908 -0.6619
vn 0.3199 -0.7241 -0.6111
vn 0.3963 -0.2876 0.8719
vn -0.6049 -0.7564 0.2490
vn -0.9411 0.3032 -0.1496
vn 0.1451 0.7749 0.6153
vn -0.0507 -0.7319 0.6795
vn -0.4802 0.8680 0.1262
vn -0.9123 -0.4080 -0.0359
vn 0.5618 0.2210 0.7972
vn 0.0325 0.0856 0.9958
vn 0.8462 0.5321 -0.0289
vn -0.9633 0.2526 -0.0907
vn 0.0120 0.7585 -0.6516
vn 0.7327 0.2885 0.6163
vn -0.6942 0.2129 0.6876
vn -0.5100 0.2590 -0.8203
vn 0.4185 0.8021 -0.4260
vn -0.2831 -0.4080 -0.8680
vn -0.7950 -0.6055 -0.0374
vn 0.7578 -0.6107 -0.2298
vn 0.1732 -0.7561 0.6311
vn -0.6711 -0.4560 -0.5845
vn 0.3926 -0.5049 -0.7687
vn 0.6592 -0.7093 0.2496
vn -0.4728 -0.7475 0.4666
vn -0.0972 0.1756 -0.9796
vn -0.5978 0.8016 0.0034
vn 0.9525 -0.2506 -0.1732
vn 0.4627 0.3178 0.8276
vn -0.4759 0.5518 -0.6848
vn 0.5734 -0.1611 -0.8033
vn 0.9219 -0.0916 0.3765
vn -0.1692 0.7270 0.6655
vn -0.2900 -0.9563 0.0369
vn 0.4262 0.9045 -0.0170
vn 0.3895 -0.7728 0.5010
vn -0.2643 0.8489 -0.4578
vn -0.7057 -0.6219 -0.3395
vn 0.8360 0.4355 0.3339
vn 0.8076 -0.1054 0.5802
vn -0.7801 0.1251 -0.6130
vn -0.9851 0.1389 0.1014
vn -0.2156 0.2904 -0.9323
vn 0.9893 0.0608 -0.1327
vn 0.3295 -0.0625 0.9421
vn -0.7119 0.2748 -0.6462
vn 0.5797 0.2016 -0.7895
vn 0.9196 0.0080 0.3928
vn -0.5466 -0.0339 0.8367
vn -0.4271 0.8027 -0.4163
vn -0.5749 0.1449 -0.8053
vn -0.2649 0.8171 -0.5120
vn -0.2410 0.9126 0.3303
vn 0.0460 0.8427 -0.5364
vn -0.4527 0.7903 -0.4128
vn 0.0347 0.1063 -0.9937
vn 0.0732 0.9477 0.3105
vn -0.3972 0.8349 0.3810
vn 0.1709 -0.1193 0.9780
vn -0.2510 -0.1011 0.9627
vn -0.1216 -0.1825 0.9757
vn 0.1392 -0.9903 0.0010
vn -0.2792 -0.9553 0.0972
vn -0.3933 -0.9183 0.0452
vn 0.0539 -0.6830 -0.7284
vn -0.4593 -0.6323 -0.6239
vn -0.5005 -0.6105 -0.6138
vn -0.7616 -0.4484 -0.4679
vn -0.4533 0.1086 -0.8847
vn -0.8721 0.0633 -0.4852
vn -0.7832 0.5382 -0.3113
vn -0.9976 0.0090 -0.0680
vn -0.9225 0.0761 0.3785
vn -0.6900 -0.7074 -0.1530
vn -0.6537 0.7452 -0.1318
vn -0.5636 0.7804 0.2709
vn 0.1248 0.9265 -0.3551
vn 0.1779 0.9828 0.0498
vn -0.7219 0.6624 -0.2002
vn 0.9025 -0.1085 -0.4167
vn 0.9825 0.0058 -0.1864
vn -0.5993 0.0008 -0.8005
vn 0.0438 -0.9519 -0.3031
vn 0.0737 -0.9937 0.0847
vn -0.7275 -0.5808 -0.3654
vn 0.1622 -0.9038 0.3960
vn -0.6486 -0.7060 0.2845
vn -0.5178 -0.6989 0.4934
vn -0.4949 -0.6541 0.5720
vn -0.7928 0.0251 0.6090
vn -0.6767 0.0300 0.7356
vn -0.4285 0.7337 0.5274
vn -0.4629 0.7007 0.5429
vn 0.2699 0.8563 0.4404
vn -0.4265 0.7881 0.4438
vn 0.9872 -0.0796 0.1385
vn -0.4698 -0.1433 0.8711
vn -0.2779 0.0343 -0.9600
vn -0.3904 -0.7791 0.4905
vn -0.3893 -0.9050 -0.1718
vn -0.3958 -0.7630 0.5111
vn -0.0050 -0.9539 -0.3002
vn 0.2922 -0.8530 -0.4324
vn 0.0115 -0.8236 0.5670
vn -0.0263 0.2220 -0.9747
vn -0.0214 0.9976 0.0664
vn 0.2178 0.3350 -0.9167
vn -0.7251 0.2355 -0.6472
vn 0.2968 0.9361 0.1888
vn -0.0990 0.7064 0.7008
vn 0.2698 0.3706 0.8887
vn 0.2401 0.2115 0.9474
vn 0.0133 0.5611 0.8277
vn 0.2735 -0.3664 0.8893
vn 0.0249 -0.1968 0.9801
vn 0.3257 -0.4333 0.8403
vn 0.2338 -0.8668 0.4404
vn 0.2254 -0.8564 0.4646
vn -0.1566 -0.9875 -0.0158
vn 0.3589 -0.8958 0.2622
vn 0.6813 -0.7191 -0.1365
vn 0.5667 -0.4187 0.7096
vn -0.2272 -0.9628 -0.1463
vn -0.1934 -0.8861 -0.4213
vn -0.9996 0.0182 0.0235
vn -0.9750 0.1344 -0.1768
vn -0.2171 0.7702 0.5997
vn -0.1066 0.9405 0.3228
vn 0.4346 0.3220 0.8411
vn 0.7932 0.4823 0.3718
vn 0.7726 0.6251 0.1113
vn 0.9655 -0.2077 0.1568
vn 0.9419 0.0569 -0.3310
vn 0.6619 -0.6330 -0.4016
vn 0.2379 0.3706 -0.8978
vn -0.8030 0.2868 -0.5224
vn 0.0659 0.9963 -0.0551
vn -0.0120 -0.6420 -0.7666
vn -0.5518 -0.0393 0.8331
vn -0.4003 0.7232 0.5628
vn -0.3956 0.9162 -0.0634
vn -0.3759 -0.6165 -0.6918
vn -0.3806 0.1426 -0.9137
vn -0.1566 -0.9871 0.0343
vn 0.1019 -0.1192 0.9876
vn -0.0228 0.9610 0.2755
vn -0.3664 0.8211 -0.4376
vn -0.4132 0.1405 -0.8997
vn -0.2121 0.8345 -0.5085
vn -0.2402 0.9095 0.3394
vn 0.0302 0.8516 -0.5233
vn -0.4541 0.7923 -0.4075
vn 0.1091 0.1306 -0.9854
vn 0.0333 0.9443 0.3273
vn -0.4207 0.8256 0.3761
vn 0.2261 -0.1326 0.9650
vn -0.1287 -0.1320 0.9829
vn -0.1184 -0.1897 0.9747
vn 0.2852 -0.9584 -0.0140
vn -0.0643 -0.9970 0.0427
vn -0.3654 -0.9272 0.0828
vn 0.1966 -0.6479 -0.7360
vn -0.2335 -0.6716 -0.7032
vn -0.3307 -0.6479 -0.6862
vn -0.5572 -0.5253 -0.6431
vn -0.3569 0.1196 -0.9265
vn -0.6292 -0.0088 -0.7772
vn -0.6023 0.5421 -0.5860
vn -0.8382 0.0332 -0.5443
vn -0.9995 -0.0253 -0.0204
vn -0.5416 -0.7097 -0.4505
vn -0.4698 0.7421 -0.4782
vn -0.6938 0.7202 0.0038
vn 0.2310 0.9071 -0.3518
vn 0.0513 0.9979 0.0406
vn -0.6047 0.6568 -0.4505
vn 0.9884 -0.0203 -0.1504
vn 0.9941 0.0525 0.0952
vn -0.4707 -0.2950 -0.8315
vn 0.1849 -0.9212 -0.3423
vn 0.1481 -0.9883 0.0369
vn -0.5836 -0.6816 -0.4414
vn 0.1832 -0.8770 0.4443
vn -0.6363 -0.7712 -0.0174
vn -0.5661 -0.8009 0.1950
vn -0.6491 -0.7476 0.1406
vn -0.9706 -0.1031 0.2174
vn -0.9484 -0.1120 0.2965
vn -0.7294 0.6538 0.2011
vn -0.8037 0.5624 0.1944
vn -0.0272 0.8898 0.4555
vn -0.7729 0.6274 0.0948
vn 0.8982 0.1245 0.4215
vn -0.9299 0.1370 0.3412
vn -0.7045 -0.7092 0.0269
vn -0.1597 0.1594 -0.9742
vn 0.0361 0.3395 -0.9399
vn -0.2569 -0.9362 -0.2400
vn -0.4641 0.8840 -0.0561
vn -0.0569 0.9773 0.2042
vn -0.5779 0.6128 0.5390
vn -0.0614 0.4330 0.8993
vn -0.7154 -0.1634 0.6793
vn -0.0209 -0.2901 0.9568
vn -0.4318 -0.8395 0.3299
vn 0.0398 -0.8551 0.5170
vn 0.0886 -0.9105 -0.4039
vn 0.2807 -0.9002 0.3331
vn 0.2482 -0.9046 0.3465
vn 0.3752 -0.7783 -0.5035
vn 0.2484 -0.4729 0.8454
vn 0.2740 -0.5488 0.7898
vn 0.2003 0.2595 0.9447
vn 0.1938 0.0874 0.9771
vn 0.2121 0.9128 0.3490
vn -0.0248 0.8028 0.5957
vn 0.3344 0.4780 -0.8122
vn -0.3205 0.5112 -0.7975
vn 0.0379 -0.8980 -0.4384
vn -0.9079 0.2568 -0.3312
vn -0.8899 0.2702 -0.3676
vn -0.2038 0.7806 0.5909
vn -0.2132 -0.8886 -0.4061
vn -0.1689 -0.7983 -0.5781
vn 0.2868 -0.9427 0.1705
vn 0.6482 -0.7541 -0.1061
vn 0.4285 -0.5606 0.7087
vn 0.9016 -0.3089 0.3027
vn 0.3051 0.1606 0.9387
vn 0.7499 0.3576 0.5566
vn 0.7839 0.5218 0.3365
vn -0.0665 0.9200 0.3862
vn 0.1587 0.9837 0.0850
vn -0.6517 0.4266 -0.6271
vn 0.4469 0.4384 -0.7798
vn 0.9918 -0.0082 -0.1276
vn 0.0938 -0.5514 -0.8290
vn 0.6771 -0.6547 -0.3360
vn -0.1882 -0.6455 -0.7402
vn 0.3863 -0.5556 -0.7363
vn -0.2704 0.1429 -0.9521
vn 0.0329 -0.9995 0.0001
vn 0.2003 -0.1387 0.9699
vn 0.6240 -0.7610 -0.1776
vn 0.8199 -0.0834 0.5664
vn 0.9629 0.0272 -0.2685
vn 0.4913 0.1171 -0.8631
vn 0.6325 0.7727 0.0539
vn 0.3941 0.7390 -0.5464
vn -0.0076 0.9524 0.3048
vn -0.2992 0.8397 -0.4531
vn -0.3339 0.1421 -0.9318
vn -0.1610 0.8421 -0.5148
vn -0.1719 0.9277 0.3314
vn -0.0536 0.8575 -0.5116
vn -0.4246 0.7767 -0.4652
vn 0.0146 0.1382 -0.9903
vn -0.0312 0.9557 0.2928
vn -0.4066 0.8643 0.2962
vn 0.1750 -0.1304 0.9759
vn -0.0344 -0.1343 0.9903
vn -0.2905 -0.1759 0.9406
vn 0.1889 -0.9819 -0.0106
vn -0.0149 -0.9993 0.0347
vn -0.3103 -0.9504 0.0210
vn 0.1129 -0.6700 -0.7337
vn -0.1738 -0.6819 -0.7105
vn -0.3491 -0.6364 -0.6878
vn 0.0362 -0.0030 -0.9993
vn -0.4050 0.1105 -0.9076
vn 0.0458 0.1340 -0.9899
vn 0.0820 0.4948 -0.8652
vn -0.3034 0.1214 -0.9451
vn -0.9900 -0.0900 -0.1090
vn 0.0328 -0.6241 -0.7806
vn -0.0230 0.8114 -0.5840
vn -0.7975 0.6022 0.0369
vn 0.3929 0.8611 -0.3227
vn 0.0399 0.9556 0.2920
vn -0.7251 0.0029 -0.6886
vn 0.9384 0.0489 -0.3421
vn 0.9485 0.0360 0.3148
vn -0.9951 0.0499 0.0857
vn 0.5967 -0.5349 -0.5982
vn 0.1869 -0.9813 -0.0459
vn -0.9651 0.1472 -0.2165
vn 0.1312 -0.9908 0.0343
vn -0.6691 -0.7221 -0.1757
vn -0.4078 -0.8352 0.3690
vn -0.3203 -0.8124 0.4873
vn -0.8242 -0.1865 0.5347
vn -0.6543 -0.2082 0.7270
vn -0.6906 0.5612 0.4561
vn -0.6109 0.4681 0.6385
vn -0.2049 0.9196 0.3352
vn -0.5257 0.8502 0.0288
vn 0.9938 0.1111 0.0074
vn -0.4045 -0.0167 -0.9144
vn -0.0767 -0.9611 -0.2653
vn -0.2967 0.1228 -0.9470
vn -0.1402 0.3869 -0.9114
vn -0.0539 -0.9578 -0.2824
vn -0.5694 0.8216 0.0282
vn -0.2359 0.9369 0.2579
vn -0.4847 0.5207 0.7028
vn -0.0487 0.4157 0.9082
vn -0.4021 -0.2237 0.8878
vn 0.1386 -0.3268 0.9349
vn -0.1440 -0.8586 0.4921
vn 0.2185 -0.8797 0.4224
vn 0.1866 -0.8687 -0.4589
vn 0.5536 -0.8088 0.1984
vn 0.5291 -0.8195 0.2202
vn 0.5232 -0.6097 -0.5954
vn 0.5069 -0.4354 0.7440
vn 0.5658 -0.4859 0.6662
vn 0.3483 0.2620 0.9000
vn 0.4073 0.1118 0.9064
vn 0.1912 0.9059 0.3780
vn 0.0577 0.7430 0.6668
vn 0.1692 0.6003 -0.7817
vn -0.3140 0.6911 -0.6510
vn 0.2717 -0.8757 -0.3991
vn -0.9630 0.1422 -0.2288
vn -0.8933 0.2567 -0.3690
vn -0.2931 0.7068 0.6438
vn -0.2349 -0.8930 -0.3840
vn -0.1237 -0.7843 -0.6080
vn 0.3671 -0.9256 0.0927
vn 0.6551 -0.7430 -0.1372
vn 0.5055 -0.5713 0.6466
vn 0.9052 -0.3010 0.3000
vn 0.3016 0.1395 0.9432
vn 0.7157 0.3644 0.5958
vn 0.7624 0.5209 0.3838
vn -0.1062 0.8912 0.4411
vn 0.1246 0.9827 0.1370
vn -0.6545 0.4350 -0.6184
vn 0.4458 0.4909 -0.7485
vn 0.9944 0.0214 -0.1032
vn 0.1301 -0.5077 -0.8516
vn 0.7050 -0.6209 -0.3427
vn -0.1325 -0.6503 -0.7480
vn -0.2178 0.1452 -0.9651
vn 0.0847 -0.9964 -0.0047
vn 0.2640 -0.1346 0.9551
vn 0.0395 0.9531 0.3001
vt 0.799852 0.989145
vt 0.797748 0.954748
vt 0.768824 0.952512
vt 0.773720 0.992197
vt 0.740241 0.950409
vt 0.743479 0.989099
vt 0.764701 0.912906
vt 0.744330 0.911784
vt 0.795996 0.920342
vt 0.712550 0.918492
vt 0.713784 0.942864
vt 0.716474 0.974425
vt 0.775008 0.050018
vt 0.784836 0.048082
vt 0.774538 0.042328
vt 0.763524 0.041142
vt 0.782783 0.058195
vt 0.793631 0.055613
vt 0.725551 0.907169
vt 0.713180 0.909003
vt 0.784203 0.062175
vt 0.788093 0.062879
vt 0.787782 0.007810
vt 0.781234 0.005595
vt 0.782954 0.009188
vt 0.788006 0.011600
vt 0.032507 0.576268
vt 0.038047 0.578283
vt 0.040136 0.570413
vt 0.036267 0.570300
vt 0.039339 0.567020
vt 0.035888 0.566960
vt 0.802973 0.062666
vt 0.806418 0.060576
vt 0.805105 0.059162
vt 0.802769 0.060301
vt 0.806796 0.067751
vt 0.811346 0.064107
vt 0.004163 0.801901
vt 0.008578 0.804948
vt 0.020621 0.786304
vt 0.014200 0.783199
vt 0.027287 0.743281
vt 0.020575 0.740727
vt 0.029460 0.789215
vt 0.033549 0.748604
vt 0.018404 0.804400
vt 0.016520 0.672739
vt 0.008531 0.672296
vt 0.008122 0.614029
vt 0.000566 0.612653
vt 0.022560 0.678902
vt 0.014305 0.619593
vt 0.027843 0.563796
vt 0.031540 0.565772
vt 0.030181 0.561005
vt 0.027315 0.559162
vt 0.030075 0.556806
vt 0.026003 0.553866
vt 0.034631 0.563276
vt 0.034691 0.559424
vt 0.789520 0.020107
vt 0.790610 0.017734
vt 0.791621 0.015415
vt 0.792522 0.012313
vt 0.794871 0.020168
vt 0.797091 0.017822
vt 0.792057 0.021268
vt 0.834349 0.981142
vt 0.848284 0.974339
vt 0.824337 0.962844
vt 0.818486 0.985403
vt 0.828791 0.939563
vt 0.849769 0.961115
vt 0.031398 0.541813
vt 0.030870 0.542816
vt 0.032540 0.544082
vt 0.033304 0.542774
vt 0.789995 0.067127
vt 0.795995 0.062380
vt 0.031237 0.544286
vt 0.031372 0.548552
vt 0.034272 0.548161
vt 0.030462 0.543139
vt 0.027274 0.540794
vt 0.028988 0.541947
vt 0.029959 0.542230
vt 0.029711 0.541073
vt 0.030020 0.542703
vt 0.029556 0.542381
vt 0.812885 0.043516
vt 0.806739 0.036459
vt 0.803040 0.037530
vt 0.808145 0.044461
vt 0.797746 0.040715
vt 0.804230 0.048313
vt 0.798458 0.030433
vt 0.789460 0.032069
vt 0.802317 0.029820
vt 0.796536 0.025184
vt 0.799629 0.024415
vt 0.791997 0.026252
vt 0.791925 0.045988
vt 0.783484 0.039967
vt 0.798550 0.051011
vt 0.031698 0.553495
vt 0.029676 0.551622
vt 0.033500 0.551446
vt 0.035843 0.555725
vt 0.036412 0.553375
vt 0.964158 0.165146
vt 0.950801 0.161225
vt 0.947897 0.166411
vt 0.962577 0.168546
vt 0.945863 0.170500
vt 0.957862 0.171529
vt 0.926025 0.153571
vt 0.924177 0.158168
vt 0.925961 0.147793
vt 0.887588 0.112379
vt 0.889214 0.119194
vt 0.885709 0.124623
vt 0.851409 0.083686
vt 0.847588 0.090107
vt 0.850842 0.075892
vt 0.810454 0.053766
vt 0.808457 0.051693
vt 0.806477 0.055600
vt 0.807965 0.056955
vt 0.804160 0.057744
vt 0.803936 0.054196
vt 0.802483 0.056394
vt 0.800502 0.054230
vt 0.800455 0.055712
vt 0.798340 0.055819
vt 0.799304 0.055984
vt 0.039138 0.560987
vt 0.040260 0.557163
vt 0.039808 0.553795
vt 0.799958 0.056692
vt 0.798993 0.056779
vt 0.801438 0.057572
vt 0.000566 0.809063
vt 0.006654 0.814765
vt 0.022283 0.811322
vt 0.971911 0.169477
vt 0.961707 0.175058
vt 0.971595 0.163243
vt 0.810292 0.049043
vt 0.811752 0.048718
vt 0.811837 0.050839
vt 0.811905 0.049444
vt 0.038681 0.564250
vt 0.802503 0.058752
vt 0.041551 0.753929
vt 0.029675 0.686872
vt 0.021660 0.626896
vt 0.877427 0.126647
vt 0.839541 0.093697
vt 0.918740 0.161877
vt 0.038353 0.793071
vt 0.944492 0.175546
vt 0.819321 0.045378
vt 0.820346 0.050995
vt 0.831866 0.052836
vt 0.832604 0.046010
vt 0.849997 0.066628
vt 0.851639 0.058436
vt 0.830843 0.059975
vt 0.819036 0.056100
vt 0.036739 0.551325
vt 0.798088 0.058794
vt 0.885597 0.103507
vt 0.887158 0.095137
vt 0.926982 0.140270
vt 0.929862 0.133782
vt 0.955638 0.155164
vt 0.959368 0.150363
vt 0.972278 0.158133
vt 0.812890 0.054701
vt 0.810021 0.057832
vt 0.815831 0.060215
vt 0.018756 0.572232
vt 0.026025 0.575008
vt 0.031551 0.569626
vt 0.026182 0.567136
vt 0.014146 0.587352
vt 0.006728 0.584794
vt 0.021188 0.590769
vt 0.828937 0.066511
vt 0.824807 0.072649
vt 0.814205 0.050953
vt 0.813231 0.047457
vt 0.028252 0.595293
vt 0.819112 0.077619
vt 0.030384 0.543356
vt 0.030808 0.544662
vt 0.030432 0.547839
vt 0.029859 0.545185
vt 0.029228 0.547290
vt 0.029843 0.543921
vt 0.021740 0.543400
vt 0.022938 0.544559
vt 0.024387 0.542475
vt 0.023873 0.540955
vt 0.026602 0.541848
vt 0.025302 0.543915
vt 0.026593 0.543293
vt 0.024561 0.545313
vt 0.029271 0.542570
vt 0.029928 0.542918
vt 0.029454 0.543423
vt 0.028716 0.543199
vt 0.028284 0.542118
vt 0.027773 0.543103
vt 0.028830 0.550373
vt 0.026101 0.550879
vt 0.028048 0.548861
vt 0.026480 0.548930
vt 0.023416 0.548130
vt 0.021989 0.548275
vt 0.024935 0.547458
vt 0.028250 0.546415
vt 0.027642 0.547560
vt 0.026785 0.547107
vt 0.027428 0.545078
vt 0.025872 0.546669
vt 0.025913 0.545394
vt 0.026866 0.544180
vt 0.027569 0.543802
vt 0.028154 0.543912
vt 0.026031 0.544525
vt 0.028873 0.543921
vt 0.028929 0.544490
vt 0.028996 0.545348
vt 0.479412 0.374600
vt 0.483991 0.372010
vt 0.491409 0.385005
vt 0.483327 0.388787
vt 0.489982 0.368966
vt 0.499713 0.380327
vt 0.388825 0.394191
vt 0.382965 0.389326
vt 0.391477 0.379240
vt 0.397156 0.382924
vt 0.394813 0.398065
vt 0.401160 0.385591
vt 0.467868 0.358831
vt 0.449122 0.356113
vt 0.452953 0.350860
vt 0.470951 0.355041
vt 0.419807 0.369920
vt 0.408056 0.376552
vt 0.407091 0.371327
vt 0.420688 0.363673
vt 0.406918 0.361791
vt 0.423313 0.360004
vt 0.454891 0.346883
vt 0.473550 0.349277
vt 0.475162 0.377779
vt 0.472114 0.370174
vt 0.475902 0.366807
vt 0.471496 0.380598
vt 0.466730 0.374823
vt 0.460220 0.369041
vt 0.463862 0.363744
vt 0.483972 0.361299
vt 0.491569 0.356390
vt 0.496930 0.364675
vt 0.487282 0.343523
vt 0.499892 0.337905
vt 0.500851 0.352245
vt 0.502966 0.361320
vt 0.402246 0.378016
vt 0.404853 0.380859
vt 0.397518 0.372608
vt 0.467089 0.390183
vt 0.456205 0.382919
vt 0.407315 0.397808
vt 0.405779 0.389519
vt 0.408449 0.384912
vt 0.414264 0.391418
vt 0.411290 0.381224
vt 0.418592 0.382742
vt 0.448225 0.372168
vt 0.379525 0.372474
vt 0.371080 0.376542
vt 0.367254 0.364643
vt 0.380136 0.364725
vt 0.514400 0.366071
vt 0.516346 0.352061
vt 0.515430 0.334364
vt 0.366537 0.348715
vt 0.381159 0.349911
vt 0.412818 0.298814
vt 0.399619 0.294777
vt 0.403637 0.191485
vt 0.416261 0.195062
vt 0.385077 0.289684
vt 0.390011 0.185703
vt 0.390239 0.073928
vt 0.404083 0.087806
vt 0.417226 0.082666
vt 0.376231 0.383424
vt 0.384328 0.374997
vt 0.508456 0.374120
vt 0.388706 0.367347
vt 0.393558 0.354472
vt 0.474310 0.010555
vt 0.473665 0.021126
vt 0.466478 0.016708
vt 0.467685 0.010667
vt 0.466181 0.061518
vt 0.460094 0.032546
vt 0.456532 0.024685
vt 0.461020 0.015329
vt 0.462978 0.010207
vt 0.465113 0.276513
vt 0.446840 0.280868
vt 0.448239 0.173281
vt 0.464340 0.168831
vt 0.429401 0.298450
vt 0.432031 0.195537
vt 0.432921 0.096474
vt 0.449384 0.079828
vt 0.498237 0.271093
vt 0.481766 0.273284
vt 0.479105 0.166472
vt 0.494111 0.163800
vt 0.481457 0.066937
vt 0.498516 0.058108
vt 0.369159 0.287439
vt 0.375798 0.185013
vt 0.514224 0.269435
vt 0.507469 0.163525
vt 0.510856 0.071856
vt 0.377487 0.085832
vt 0.475313 0.001200
vt 0.484011 0.004530
vt 0.482616 0.009577
vt 0.403104 0.028077
vt 0.396253 0.008573
vt 0.403736 0.000566
vt 0.411352 0.004628
vt 0.493054 0.009371
vt 0.494894 0.000566
vt 0.402475 0.050653
vt 0.409818 0.045739
vt 0.395691 0.042619
vt 0.494238 0.021338
vt 0.503012 0.016922
vt 0.508487 0.031041
vt 0.501861 0.009718
vt 0.506834 0.010522
vt 0.508682 0.015810
vt 0.512358 0.024118
vt 0.483682 0.023658
vt 0.444512 0.030172
vt 0.446554 0.015000
vt 0.443379 0.043232
vt 0.430561 0.044853
vt 0.428458 0.037411
vt 0.441508 0.028136
vt 0.428424 0.029534
vt 0.435022 0.015545
vt 0.453274 0.004399
vt 0.446640 0.045143
vt 0.424997 0.053507
vt 0.439949 0.058869
vt 0.421670 0.041465
vt 0.421324 0.029592
vt 0.424903 0.008868
vt 0.463409 0.000566
vt 0.375287 0.039930
vt 0.366537 0.038812
vt 0.368748 0.027028
vt 0.377776 0.034460
vt 0.520612 0.028711
vt 0.519338 0.016485
vt 0.514285 0.006857
vt 0.375134 0.017083
vt 0.379409 0.027657
vt 0.506545 0.001695
vt 0.386123 0.028238
vt 0.384116 0.012533
vt 0.384387 0.037865
vt 0.380054 0.046632
vt 0.369882 0.051095
vt 0.517299 0.040417
vt 0.368001 0.332416
vt 0.383433 0.333771
vt 0.500199 0.320214
vt 0.516364 0.316934
vt 0.484451 0.324732
vt 0.468293 0.329616
vt 0.451297 0.332695
vt 0.409397 0.344596
vt 0.424348 0.346435
vt 0.396814 0.338837
vt 0.403865 0.387838
vt 0.406294 0.382463
vt 0.409516 0.379211
vt 0.479194 0.364477
vt 0.446531 0.363516
vt 0.419837 0.376170
vt 0.475094 0.391349
vt 0.401278 0.400078
vt 0.142704 0.824004
vt 0.132763 0.837100
vt 0.150527 0.848689
vt 0.154008 0.827182
vt 0.167994 0.838144
vt 0.162906 0.824795
vt 0.723825 0.746591
vt 0.725963 0.736362
vt 0.718022 0.733962
vt 0.709829 0.738734
vt 0.737828 0.738946
vt 0.732436 0.733682
vt 0.735182 0.653289
vt 0.741144 0.649851
vt 0.738917 0.536098
vt 0.735069 0.537090
vt 0.749874 0.453146
vt 0.741802 0.452996
vt 0.141429 0.627460
vt 0.146470 0.627127
vt 0.143829 0.557549
vt 0.135354 0.556123
vt 0.138627 0.732956
vt 0.146798 0.729692
vt 0.176576 0.799953
vt 0.165563 0.794742
vt 0.164618 0.732066
vt 0.159237 0.728861
vt 0.705933 0.707150
vt 0.716474 0.710750
vt 0.720482 0.650583
vt 0.714967 0.646232
vt 0.727357 0.713417
vt 0.728444 0.653397
vt 0.736478 0.712362
vt 0.745945 0.709479
vt 0.127221 0.799478
vt 0.141511 0.794280
vt 0.154490 0.793335
vt 0.153442 0.727918
vt 0.749485 0.417844
vt 0.740426 0.421030
vt 0.741449 0.405299
vt 0.737037 0.413277
vt 0.137099 0.525645
vt 0.147031 0.528863
vt 0.151427 0.522305
vt 0.145924 0.516825
vt 0.152708 0.627892
vt 0.154767 0.559902
vt 0.158017 0.629415
vt 0.164864 0.561871
vt 0.162259 0.631056
vt 0.172043 0.563135
vt 0.714239 0.536859
vt 0.719638 0.537858
vt 0.717285 0.456749
vt 0.707588 0.457704
vt 0.727682 0.537948
vt 0.730165 0.454852
vt 0.159564 0.523330
vt 0.159894 0.515009
vt 0.725520 0.401211
vt 0.728210 0.413421
vt 0.710957 0.407004
vt 0.718827 0.413784
vt 0.166376 0.524608
vt 0.171609 0.520552
vt 0.157823 0.531220
vt 0.167778 0.532316
vt 0.176576 0.532181
vt 0.705933 0.421338
vt 0.717623 0.423299
vt 0.729984 0.422932
vt 0.087153 0.819875
vt 0.075503 0.831395
vt 0.092420 0.845580
vt 0.098983 0.824169
vt 0.112208 0.835970
vt 0.109505 0.821852
vt 0.778101 0.731251
vt 0.779149 0.719490
vt 0.769937 0.717530
vt 0.760946 0.724106
vt 0.792227 0.721495
vt 0.785778 0.715823
vt 0.781093 0.623586
vt 0.787958 0.622501
vt 0.783291 0.511613
vt 0.779706 0.511186
vt 0.793239 0.437267
vt 0.785794 0.437573
vt 0.097170 0.616433
vt 0.101282 0.618778
vt 0.098571 0.553084
vt 0.091687 0.550329
vt 0.088668 0.722249
vt 0.098257 0.722802
vt 0.128720 0.798405
vt 0.117870 0.792568
vt 0.127492 0.725428
vt 0.120348 0.724565
vt 0.751007 0.689965
vt 0.765660 0.691377
vt 0.765964 0.623878
vt 0.754334 0.622253
vt 0.778251 0.692488
vt 0.775381 0.624280
vt 0.787625 0.690593
vt 0.798407 0.688174
vt 0.074028 0.792202
vt 0.089448 0.789871
vt 0.105398 0.790565
vt 0.111018 0.723469
vt 0.790152 0.409057
vt 0.782702 0.413103
vt 0.779925 0.401211
vt 0.777994 0.408919
vt 0.095858 0.526159
vt 0.103596 0.530706
vt 0.108700 0.526932
vt 0.105084 0.520666
vt 0.108614 0.622230
vt 0.107668 0.557561
vt 0.115360 0.624887
vt 0.117061 0.561285
vt 0.116204 0.625157
vt 0.123063 0.562849
vt 0.761243 0.517620
vt 0.766038 0.516109
vt 0.764429 0.445513
vt 0.756849 0.447954
vt 0.773592 0.513403
vt 0.775636 0.441278
vt 0.116337 0.529531
vt 0.119064 0.522081
vt 0.763735 0.401724
vt 0.769595 0.411333
vt 0.752054 0.408826
vt 0.761065 0.412949
vt 0.121797 0.531810
vt 0.127626 0.529603
vt 0.112333 0.534682
vt 0.120851 0.537437
vt 0.128720 0.538880
vt 0.751007 0.419738
vt 0.762248 0.419601
vt 0.773719 0.416925
vt 0.982014 0.660856
vt 0.982888 0.683651
vt 0.969597 0.682500
vt 0.969316 0.661233
vt 0.981284 0.698235
vt 0.970595 0.698948
vt 0.959508 0.696549
vt 0.957164 0.682562
vt 0.958218 0.660890
vt 0.942823 0.658803
vt 0.949277 0.638019
vt 0.962053 0.644579
vt 0.688657 0.384362
vt 0.689482 0.368506
vt 0.706311 0.366708
vt 0.710023 0.381564
vt 0.714354 0.363960
vt 0.722737 0.372945
vt 0.960201 0.626004
vt 0.965818 0.636714
vt 0.693425 0.342569
vt 0.691421 0.355990
vt 0.669291 0.353809
vt 0.669995 0.339511
vt 0.667315 0.366683
vt 0.653584 0.362469
vt 0.652571 0.351175
vt 0.654734 0.340012
vt 0.982022 0.635902
vt 0.974103 0.636890
vt 0.977387 0.620981
vt 0.992205 0.626231
vt 0.728957 0.356414
vt 0.715136 0.354469
vt 0.724393 0.341861
vt 0.715983 0.347741
vt 0.707166 0.355587
vt 0.709839 0.346205
vt 0.970489 0.714898
vt 0.950884 0.705492
vt 0.989459 0.707048
vt 0.636878 0.348555
vt 0.647022 0.330603
vt 0.643512 0.369462
vt 0.971211 0.645730
vt 0.981588 0.644049
vt 0.662396 0.381201
vt 0.942007 0.685169
vt 0.997186 0.686241
vt 0.997186 0.659401
vt 0.668553 0.324850
vt 0.694929 0.328063
vt 0.714356 0.333584
vt 0.997020 0.638677
vt 0.464385 0.799307
vt 0.457161 0.798256
vt 0.456565 0.789027
vt 0.464599 0.791271
vt 0.472753 0.789036
vt 0.471732 0.798301
vt 0.459474 0.782496
vt 0.464652 0.785487
vt 0.470944 0.811259
vt 0.463618 0.812704
vt 0.521449 0.779965
vt 0.521958 0.782965
vt 0.519054 0.782669
vt 0.519245 0.779805
vt 0.522495 0.790800
vt 0.518901 0.790066
vt 0.515350 0.790262
vt 0.516225 0.782563
vt 0.517050 0.779731
vt 0.527352 0.782950
vt 0.527124 0.791919
vt 0.524199 0.777276
vt 0.518976 0.803765
vt 0.515670 0.803730
vt 0.522310 0.804291
vt 0.519057 0.816553
vt 0.522310 0.817318
vt 0.522711 0.820649
vt 0.519001 0.820333
vt 0.515745 0.816693
vt 0.515265 0.820294
vt 0.511071 0.782076
vt 0.514677 0.776818
vt 0.510810 0.791061
vt 0.464705 0.779980
vt 0.469922 0.782536
vt 0.519529 0.775120
vt 0.522148 0.823832
vt 0.529024 0.825391
vt 0.527853 0.840501
vt 0.522183 0.839920
vt 0.461138 0.865264
vt 0.461047 0.867663
vt 0.448797 0.866191
vt 0.450384 0.863658
vt 0.472894 0.829696
vt 0.470691 0.844352
vt 0.461831 0.845390
vt 0.462464 0.832016
vt 0.522996 0.860444
vt 0.530008 0.861182
vt 0.531017 0.863828
vt 0.522366 0.862604
vt 0.453066 0.843940
vt 0.452210 0.829396
vt 0.471960 0.823215
vt 0.470328 0.826328
vt 0.462642 0.827330
vt 0.462747 0.824371
vt 0.453807 0.823193
vt 0.456466 0.811212
vt 0.511033 0.804279
vt 0.509467 0.816947
vt 0.510583 0.820654
vt 0.526956 0.805099
vt 0.528551 0.817975
vt 0.527383 0.821265
vt 0.460654 0.885479
vt 0.449476 0.883797
vt 0.505498 0.863238
vt 0.514320 0.862416
vt 0.513142 0.880955
vt 0.505850 0.881840
vt 0.503706 0.895533
vt 0.512328 0.894584
vt 0.512216 0.899501
vt 0.505906 0.900282
vt 0.460633 0.898235
vt 0.447410 0.896926
vt 0.471980 0.864286
vt 0.473372 0.866914
vt 0.471879 0.884447
vt 0.473430 0.897443
vt 0.508787 0.824526
vt 0.515698 0.823415
vt 0.515361 0.839668
vt 0.509656 0.839915
vt 0.506623 0.860612
vt 0.513730 0.860223
vt 0.518914 0.823550
vt 0.518775 0.839501
vt 0.518374 0.859992
vt 0.518335 0.862238
vt 0.523491 0.903655
vt 0.530101 0.905512
vt 0.527745 0.923069
vt 0.522708 0.921221
vt 0.448572 0.922231
vt 0.460027 0.922661
vt 0.459292 0.935880
vt 0.450941 0.937584
vt 0.473430 0.905120
vt 0.470564 0.922291
vt 0.460496 0.907085
vt 0.523478 0.938599
vt 0.520753 0.933189
vt 0.517848 0.880546
vt 0.522629 0.881107
vt 0.517666 0.894044
vt 0.523490 0.894969
vt 0.523276 0.899988
vt 0.517709 0.899241
vt 0.529629 0.882308
vt 0.460536 0.902385
vt 0.450181 0.901084
vt 0.446981 0.904700
vt 0.531017 0.896436
vt 0.528459 0.901009
vt 0.458699 0.942647
vt 0.466698 0.937544
vt 0.515746 0.942647
vt 0.508318 0.937135
vt 0.513037 0.931905
vt 0.516897 0.933674
vt 0.504015 0.904528
vt 0.512069 0.903001
vt 0.512444 0.920020
vt 0.505397 0.921587
vt 0.517536 0.902742
vt 0.517433 0.920374
vt 0.470568 0.901473
vt 0.449826 0.860707
vt 0.461207 0.863256
vt 0.514520 0.857201
vt 0.518438 0.856704
vt 0.522328 0.857441
vt 0.506230 0.857538
vt 0.472736 0.861287
vt 0.530516 0.858216
vt 0.455076 0.826029
vt 0.542846 0.779751
vt 0.545546 0.778880
vt 0.545895 0.783834
vt 0.542861 0.784361
vt 0.548312 0.779035
vt 0.549015 0.783337
vt 0.551237 0.792389
vt 0.546108 0.793308
vt 0.540995 0.793575
vt 0.493096 0.784756
vt 0.494626 0.790379
vt 0.488649 0.790439
vt 0.489096 0.784357
vt 0.493728 0.800235
vt 0.489063 0.799378
vt 0.484480 0.799165
vt 0.483185 0.789044
vt 0.485285 0.784032
vt 0.537761 0.783894
vt 0.539773 0.776691
vt 0.535338 0.793098
vt 0.503564 0.788094
vt 0.500807 0.801391
vt 0.497150 0.779774
vt 0.488848 0.818058
vt 0.483889 0.817932
vt 0.493901 0.818931
vt 0.489051 0.831083
vt 0.493303 0.832683
vt 0.493054 0.837673
vt 0.489022 0.837067
vt 0.484728 0.831696
vt 0.485010 0.837208
vt 0.553869 0.782087
vt 0.556692 0.791245
vt 0.550865 0.775554
vt 0.475185 0.785875
vt 0.482202 0.778664
vt 0.477563 0.799787
vt 0.545151 0.773049
vt 0.489726 0.776956
vt 0.492355 0.841961
vt 0.499037 0.843604
vt 0.497098 0.856500
vt 0.492023 0.856000
vt 0.537283 0.827537
vt 0.542614 0.829222
vt 0.542312 0.840708
vt 0.537409 0.840461
vt 0.542194 0.862016
vt 0.536139 0.860848
vt 0.499034 0.874960
vt 0.492640 0.874941
vt 0.546511 0.808838
vt 0.541758 0.809146
vt 0.551381 0.807719
vt 0.547062 0.819228
vt 0.551380 0.818694
vt 0.552309 0.822895
vt 0.547447 0.823449
vt 0.543020 0.819987
vt 0.542580 0.823940
vt 0.556747 0.806230
vt 0.476926 0.818683
vt 0.477324 0.834159
vt 0.480592 0.838147
vt 0.556787 0.818668
vt 0.555818 0.822250
vt 0.500892 0.820305
vt 0.536356 0.808396
vt 0.538074 0.820690
vt 0.539080 0.823543
vt 0.500678 0.835642
vt 0.497513 0.838875
vt 0.555215 0.870902
vt 0.562282 0.871265
vt 0.561618 0.875894
vt 0.555788 0.875905
vt 0.476901 0.885209
vt 0.484998 0.884246
vt 0.484393 0.888385
vt 0.478859 0.889288
vt 0.477734 0.891891
vt 0.484862 0.890470
vt 0.484718 0.903157
vt 0.479835 0.903665
vt 0.555896 0.878924
vt 0.562455 0.878474
vt 0.561495 0.890725
vt 0.556167 0.891722
vt 0.547434 0.828878
vt 0.547564 0.840333
vt 0.552378 0.827648
vt 0.552826 0.839550
vt 0.554773 0.860767
vt 0.548473 0.861691
vt 0.557590 0.825783
vt 0.557790 0.838803
vt 0.479010 0.842361
vt 0.485602 0.841276
vt 0.485946 0.855616
vt 0.480901 0.855733
vt 0.485060 0.874581
vt 0.478637 0.874159
vt 0.560833 0.859054
vt 0.488938 0.841550
vt 0.488969 0.855581
vt 0.488832 0.875088
vt 0.492431 0.903588
vt 0.496448 0.904358
vt 0.498481 0.923427
vt 0.493649 0.922279
vt 0.538185 0.892366
vt 0.542727 0.892880
vt 0.541788 0.916975
vt 0.535191 0.917419
vt 0.545251 0.931786
vt 0.540921 0.937293
vt 0.494730 0.937875
vt 0.492073 0.933009
vt 0.488660 0.883551
vt 0.488554 0.888009
vt 0.492351 0.884665
vt 0.492727 0.888758
vt 0.488476 0.890104
vt 0.492211 0.890829
vt 0.488489 0.903070
vt 0.500246 0.886192
vt 0.498036 0.889968
vt 0.535724 0.873030
vt 0.542296 0.872038
vt 0.542323 0.876852
vt 0.536755 0.877342
vt 0.536115 0.880049
vt 0.542517 0.879938
vt 0.499019 0.892664
vt 0.548817 0.871994
vt 0.549102 0.876730
vt 0.549358 0.879832
vt 0.549616 0.892729
vt 0.551690 0.932151
vt 0.552187 0.942244
vt 0.556637 0.929290
vt 0.562046 0.934497
vt 0.487585 0.941438
vt 0.480448 0.936229
vt 0.485045 0.931704
vt 0.488623 0.933341
vt 0.550565 0.916409
vt 0.557917 0.915084
vt 0.566123 0.914394
vt 0.484485 0.921198
vt 0.477774 0.921793
vt 0.488909 0.921771
vt 0.494335 0.826736
vt 0.502630 0.829631
vt 0.537401 0.815774
vt 0.542954 0.816626
vt 0.551200 0.815223
vt 0.556779 0.813526
vt 0.475185 0.827911
vt 0.483525 0.825685
vt 0.547025 0.816223
vt 0.488918 0.825378
vt 0.548653 0.868840
vt 0.554935 0.868154
vt 0.542327 0.869389
vt 0.535191 0.868690
vt 0.492365 0.881537
vt 0.500767 0.882279
vt 0.488681 0.881306
vt 0.485117 0.881137
vt 0.476566 0.881210
vt 0.562407 0.866763
vt 0.674841 0.757525
vt 0.677500 0.757229
vt 0.678399 0.776341
vt 0.675511 0.776368
vt 0.677374 0.753213
vt 0.675575 0.753381
vt 0.671533 0.758176
vt 0.671848 0.753438
vt 0.671495 0.776799
vt 0.679192 0.787807
vt 0.676009 0.788075
vt 0.669624 0.788449
vt 0.651778 0.766837
vt 0.657958 0.765894
vt 0.657356 0.785228
vt 0.650949 0.786797
vt 0.659465 0.796181
vt 0.650112 0.798152
vt 0.645698 0.765883
vt 0.644706 0.785247
vt 0.641097 0.796199
vt 0.680228 0.757589
vt 0.683667 0.758127
vt 0.685410 0.776715
vt 0.681356 0.776518
vt 0.688702 0.788359
vt 0.682363 0.788347
vt 0.687856 0.792224
vt 0.683141 0.792054
vt 0.679369 0.792000
vt 0.675587 0.792199
vt 0.679532 0.795346
vt 0.676233 0.795508
vt 0.682863 0.795373
vt 0.683252 0.807172
vt 0.679312 0.806874
vt 0.675397 0.807202
vt 0.668931 0.796691
vt 0.668709 0.807626
vt 0.670876 0.792663
vt 0.660712 0.803261
vt 0.660710 0.813780
vt 0.650126 0.815367
vt 0.649782 0.806576
vt 0.650012 0.801304
vt 0.657816 0.799941
vt 0.639614 0.813689
vt 0.639109 0.802863
vt 0.642340 0.799605
vt 0.690078 0.796255
vt 0.689904 0.807320
vt 0.695861 0.835469
vt 0.685979 0.835223
vt 0.648310 0.844163
vt 0.634018 0.841790
vt 0.681281 0.834530
vt 0.695507 0.838945
vt 0.686967 0.838649
vt 0.681357 0.838415
vt 0.676565 0.835260
vt 0.675753 0.838850
vt 0.666602 0.836040
vt 0.667137 0.839583
vt 0.662681 0.841919
vt 0.661743 0.845300
vt 0.648271 0.846673
vt 0.634871 0.845044
vt 0.663563 0.849058
vt 0.648196 0.850318
vt 0.632898 0.848721
vt 0.697125 0.842702
vt 0.686431 0.841818
vt 0.648098 0.872346
vt 0.633936 0.870702
vt 0.696781 0.865756
vt 0.687853 0.864538
vt 0.698638 0.884172
vt 0.689718 0.882874
vt 0.648289 0.888709
vt 0.632898 0.887739
vt 0.662279 0.871050
vt 0.663198 0.887876
vt 0.660748 0.892177
vt 0.648267 0.893353
vt 0.635363 0.892084
vt 0.666900 0.866545
vt 0.676082 0.864886
vt 0.675895 0.883069
vt 0.665722 0.884685
vt 0.675987 0.888480
vt 0.667844 0.889916
vt 0.682518 0.882186
vt 0.682824 0.887888
vt 0.681890 0.864044
vt 0.689856 0.888412
vt 0.696645 0.889466
vt 0.690227 0.891872
vt 0.682855 0.891208
vt 0.698234 0.893662
vt 0.690793 0.915987
vt 0.683894 0.915291
vt 0.697514 0.918006
vt 0.648276 0.897803
vt 0.648000 0.918540
vt 0.633934 0.918057
vt 0.633064 0.895281
vt 0.662839 0.895317
vt 0.660907 0.917733
vt 0.666444 0.894042
vt 0.676031 0.891804
vt 0.677426 0.915117
vt 0.668263 0.917489
vt 0.684008 0.932340
vt 0.678920 0.930327
vt 0.673213 0.937355
vt 0.688958 0.931483
vt 0.683093 0.943857
vt 0.692756 0.938276
vt 0.647335 0.934502
vt 0.656363 0.936416
vt 0.646725 0.942647
vt 0.637202 0.936732
vt 0.681448 0.841651
vt 0.676507 0.842020
vt 0.665722 0.843411
vt 0.679176 0.753474
vt 0.683110 0.753497
vt 0.680833 0.749409
vt 0.678890 0.751361
vt 0.677391 0.751287
vt 0.651911 0.762360
vt 0.644622 0.759997
vt 0.647180 0.754155
vt 0.651883 0.756900
vt 0.677421 0.747893
vt 0.651864 0.751806
vt 0.656587 0.754061
vt 0.674032 0.749428
vt 0.675897 0.751348
vt 0.659231 0.759791
vt 0.609816 0.776662
vt 0.612945 0.776391
vt 0.613855 0.792966
vt 0.610589 0.792873
vt 0.612806 0.768918
vt 0.610215 0.768935
vt 0.605963 0.777515
vt 0.605352 0.768888
vt 0.606117 0.793319
vt 0.614279 0.801589
vt 0.611112 0.801772
vt 0.604472 0.802241
vt 0.584713 0.787029
vt 0.591474 0.785984
vt 0.590600 0.801749
vt 0.583727 0.803522
vt 0.592553 0.809849
vt 0.583283 0.811839
vt 0.578108 0.786137
vt 0.577089 0.801937
vt 0.574321 0.810089
vt 0.616178 0.776970
vt 0.620197 0.777789
vt 0.621715 0.793589
vt 0.617196 0.793258
vt 0.623971 0.802716
vt 0.617329 0.802291
vt 0.622858 0.807166
vt 0.618167 0.806736
vt 0.614301 0.806462
vt 0.610438 0.806643
vt 0.614338 0.809501
vt 0.610927 0.809552
vt 0.617802 0.809799
vt 0.618923 0.828515
vt 0.615008 0.828257
vt 0.611117 0.828457
vt 0.603875 0.810757
vt 0.604590 0.828745
vt 0.605833 0.807157
vt 0.593757 0.817137
vt 0.592421 0.834390
vt 0.582366 0.836064
vt 0.583044 0.820071
vt 0.583208 0.815399
vt 0.590828 0.814265
vt 0.572369 0.834243
vt 0.572420 0.817151
vt 0.575609 0.814130
vt 0.624988 0.810950
vt 0.625461 0.828723
vt 0.630400 0.849959
vt 0.620460 0.849563
vt 0.581728 0.857975
vt 0.567600 0.854793
vt 0.615498 0.849153
vt 0.621115 0.852133
vt 0.615559 0.851890
vt 0.630129 0.853034
vt 0.610549 0.849532
vt 0.610021 0.852186
vt 0.600518 0.850079
vt 0.600908 0.853265
vt 0.595941 0.855016
vt 0.595314 0.858376
vt 0.581670 0.859720
vt 0.568068 0.858059
vt 0.581631 0.862075
vt 0.566266 0.861727
vt 0.597006 0.862120
vt 0.581398 0.877769
vt 0.569794 0.876609
vt 0.592995 0.876903
vt 0.599971 0.857146
vt 0.611127 0.854904
vt 0.610771 0.871718
vt 0.603361 0.873237
vt 0.615577 0.854345
vt 0.615836 0.870910
vt 0.620081 0.854852
vt 0.621003 0.871594
vt 0.631143 0.856852
vt 0.628186 0.872904
vt 0.622668 0.887409
vt 0.616338 0.886695
vt 0.630557 0.888399
vt 0.628625 0.892895
vt 0.622728 0.892181
vt 0.616561 0.891656
vt 0.610516 0.887361
vt 0.610539 0.892089
vt 0.601464 0.888407
vt 0.603446 0.892976
vt 0.594691 0.890985
vt 0.581438 0.892163
vt 0.592316 0.894747
vt 0.581385 0.896308
vt 0.567659 0.890963
vt 0.570037 0.894694
vt 0.581389 0.902618
vt 0.566266 0.900008
vt 0.595639 0.899865
vt 0.581006 0.918961
vt 0.567784 0.918580
vt 0.593104 0.918189
vt 0.623466 0.897301
vt 0.631143 0.898942
vt 0.629550 0.918173
vt 0.623550 0.916234
vt 0.616641 0.896554
vt 0.617343 0.915438
vt 0.610408 0.896902
vt 0.611457 0.915184
vt 0.601113 0.898724
vt 0.603224 0.917269
vt 0.617382 0.931159
vt 0.612702 0.929188
vt 0.607303 0.935549
vt 0.588889 0.936051
vt 0.580236 0.934313
vt 0.579603 0.942244
vt 0.616382 0.941841
vt 0.570506 0.936424
vt 0.625323 0.936733
vt 0.621877 0.930449
vt 0.615398 0.769246
vt 0.620518 0.769202
vt 0.617764 0.763821
vt 0.615071 0.766445
vt 0.612938 0.766263
vt 0.584871 0.778796
vt 0.576798 0.776839
vt 0.579544 0.770022
vt 0.584897 0.772967
vt 0.613101 0.761663
vt 0.584905 0.767215
vt 0.590267 0.769890
vt 0.608436 0.763564
vt 0.610852 0.766240
vt 0.593037 0.776561
vt 0.428940 0.796128
vt 0.432474 0.795994
vt 0.432753 0.807422
vt 0.429316 0.807402
vt 0.432500 0.789277
vt 0.429780 0.789075
vt 0.424377 0.796818
vt 0.424895 0.788429
vt 0.424431 0.808087
vt 0.432982 0.816285
vt 0.429871 0.816551
vt 0.423857 0.817400
vt 0.404671 0.806433
vt 0.412026 0.805237
vt 0.411645 0.816384
vt 0.403893 0.817839
vt 0.411825 0.825082
vt 0.403177 0.825783
vt 0.397499 0.805192
vt 0.396406 0.816346
vt 0.394905 0.825132
vt 0.436094 0.796624
vt 0.440795 0.797516
vt 0.441145 0.808802
vt 0.436230 0.807952
vt 0.441969 0.818320
vt 0.435982 0.817179
vt 0.440449 0.822135
vt 0.436375 0.821472
vt 0.432919 0.821104
vt 0.429453 0.821200
vt 0.432853 0.823750
vt 0.429918 0.823712
vt 0.435835 0.824078
vt 0.436397 0.840281
vt 0.432984 0.839950
vt 0.429581 0.840040
vt 0.423717 0.824686
vt 0.423899 0.840092
vt 0.425425 0.821703
vt 0.412451 0.831093
vt 0.410936 0.845999
vt 0.402125 0.847369
vt 0.402892 0.833506
vt 0.403062 0.829423
vt 0.409789 0.828808
vt 0.393402 0.845628
vt 0.393491 0.830860
vt 0.396397 0.828538
vt 0.442107 0.825360
vt 0.442084 0.840584
vt 0.446318 0.859659
vt 0.437394 0.859135
vt 0.401287 0.867018
vt 0.388577 0.863926
vt 0.432890 0.858594
vt 0.437876 0.861434
vt 0.432879 0.860883
vt 0.446223 0.862440
vt 0.428380 0.858850
vt 0.427878 0.861189
vt 0.419365 0.858998
vt 0.419403 0.861877
vt 0.414139 0.864474
vt 0.413865 0.867414
vt 0.401215 0.868563
vt 0.388636 0.866786
vt 0.401174 0.869815
vt 0.387448 0.868972
vt 0.414928 0.869683
vt 0.400724 0.885882
vt 0.389694 0.884533
vt 0.411778 0.885093
vt 0.418699 0.864138
vt 0.428372 0.862645
vt 0.427876 0.879489
vt 0.420804 0.880621
vt 0.432852 0.862142
vt 0.432620 0.878980
vt 0.437339 0.862855
vt 0.437427 0.879658
vt 0.446839 0.864698
vt 0.444211 0.881016
vt 0.438521 0.894246
vt 0.432627 0.893311
vt 0.445885 0.895494
vt 0.443482 0.899604
vt 0.438146 0.898682
vt 0.432644 0.897947
vt 0.427219 0.893786
vt 0.427167 0.898200
vt 0.418699 0.894644
vt 0.420805 0.899013
vt 0.413258 0.898389
vt 0.400605 0.899232
vt 0.410572 0.901987
vt 0.400499 0.903003
vt 0.387467 0.898043
vt 0.390079 0.901659
vt 0.400440 0.907345
vt 0.387448 0.904960
vt 0.412832 0.905234
vt 0.399851 0.923779
vt 0.388040 0.923250
vt 0.410656 0.923204
vt 0.438449 0.902020
vt 0.444949 0.903722
vt 0.443413 0.922333
vt 0.438144 0.920474
vt 0.432558 0.901161
vt 0.432684 0.919626
vt 0.427065 0.901358
vt 0.427509 0.919226
vt 0.419164 0.902802
vt 0.420131 0.920808
vt 0.432277 0.933370
vt 0.428224 0.931526
vt 0.423342 0.936960
vt 0.406611 0.938971
vt 0.398988 0.937312
vt 0.398333 0.944260
vt 0.431116 0.942647
vt 0.390354 0.939087
vt 0.439066 0.938475
vt 0.436245 0.932875
vt 0.435290 0.789544
vt 0.440426 0.789151
vt 0.437489 0.784013
vt 0.434876 0.786681
vt 0.432717 0.786493
vt 0.404948 0.798684
vt 0.397255 0.796457
vt 0.400091 0.790191
vt 0.405062 0.793086
vt 0.432987 0.781982
vt 0.405145 0.787759
vt 0.410134 0.790219
vt 0.428389 0.783548
vt 0.430612 0.786375
vt 0.412800 0.796441
s 1
usemtl sign
f 5794/2834/5384 5852/2835/5442 5915/2836/5505 5851/2837/5441
f 5851/2837/5441 5915/2836/5505 5821/2838/5411 5772/2839/5362
f 5915/2836/5505 5850/2840/5440 5771/2841/5361 5821/2838/5411
f 5852/2835/5442 5793/2842/5383 5850/2840/5440 5915/2836/5505
f 5771/2841/5361 5826/2843/5416 5916/2844/5506 5821/2838/5411
f 5821/2838/5411 5916/2844/5506 5825/2845/5415 5772/2839/5362
f 5916/2846/5506 5824/2847/5414 5776/2848/5366 5825/2849/5415
f 5826/2850/5416 5775/2851/5365 5824/2847/5414 5916/2846/5506
f 5771/2841/5361 5829/2852/5419 5917/2853/5507 5826/2843/5416
f 5775/2851/5365 5826/2850/5416 5917/2854/5507 5847/2855/5437
f 5791/2856/5381 5847/2857/5437 5917/2858/5507 5829/2859/5419
f 5812/2860/5402 5896/2861/5486 5918/2862/5508 5886/2863/5476
f 5886/2863/5476 5918/2862/5508 5840/2864/5430 5806/2865/5396
f 5918/2866/5508 5869/2867/5459 5798/2868/5388 5840/2869/5430
f 5896/2870/5486 5810/2871/5400 5869/2867/5459 5918/2866/5508
f 5782/2872/5372 5833/2873/5423 5919/2874/5509 5836/2875/5426
f 5836/2875/5426 5919/2874/5509 5834/2876/5424 5784/2877/5374
f 5919/2874/5509 5835/2878/5425 5783/2879/5373 5834/2876/5424
f 5833/2873/5423 5781/2880/5371 5835/2878/5425 5919/2874/5509
f 5784/2877/5374 5834/2876/5424 5920/2881/5510 5839/2882/5429
f 5839/2882/5429 5920/2881/5510 5837/2883/5427 5786/2884/5376
f 5920/2881/5510 5838/2885/5428 5785/2886/5375 5837/2883/5427
f 5834/2876/5424 5783/2879/5373 5838/2885/5428 5920/2881/5510
f 5788/2887/5378 5888/2888/5478 5921/2889/5511 5871/2890/5461
f 5871/2890/5461 5921/2889/5511 5887/2891/5477 5780/2892/5370
f 5921/2889/5511 5841/2893/5431 5787/2894/5377 5887/2891/5477
f 5888/2888/5478 5806/2865/5396 5841/2893/5431 5921/2889/5511
f 5771/2895/5361 5844/2896/5434 5922/2897/5512 5829/2859/5419
f 5829/2859/5419 5922/2897/5512 5848/2898/5438 5791/2856/5381
f 5922/2897/5512 5849/2899/5439 5789/2900/5379 5848/2898/5438
f 5844/2896/5434 5792/2901/5382 5849/2899/5439 5922/2897/5512
f 5774/2902/5364 5823/2903/5413 5923/2904/5513 5822/2905/5412
f 5822/2905/5412 5923/2904/5513 5852/2835/5442 5794/2834/5384
f 5923/2904/5513 5820/2906/5410 5793/2842/5383 5852/2835/5442
f 5823/2903/5413 5773/2907/5363 5820/2906/5410 5923/2904/5513
f 5791/2908/5381 5846/2909/5436 5924/2910/5514 5847/2911/5437
f 5847/2855/5437 5924/2912/5514 5828/2913/5418 5775/2851/5365
f 5924/2910/5514 5827/2914/5417 5778/2915/5368 5828/2916/5418
f 5846/2909/5436 5777/2917/5367 5827/2914/5417 5924/2910/5514
f 5789/2918/5379 5843/2919/5433 5925/2920/5515 5848/2921/5438
f 5848/2921/5438 5925/2920/5515 5846/2909/5436 5791/2908/5381
f 5925/2920/5515 5845/2922/5435 5777/2917/5367 5846/2909/5436
f 5843/2919/5433 5790/2923/5380 5845/2922/5435 5925/2920/5515
f 5780/2924/5370 5855/2925/5445 5926/2926/5516 5830/2927/5420
f 5830/2927/5420 5926/2926/5516 5854/2928/5444 5779/2929/5369
f 5926/2926/5516 5853/2930/5443 5795/2931/5385 5854/2928/5444
f 5855/2925/5445 5796/2932/5386 5853/2930/5443 5926/2926/5516
f 5789/2900/5379 5849/2899/5439 5927/2933/5517 5856/2934/5446
f 5856/2934/5446 5927/2933/5517 5853/2930/5443 5796/2932/5386
f 5927/2933/5517 5857/2935/5447 5795/2931/5385 5853/2930/5443
f 5849/2899/5439 5792/2901/5382 5857/2935/5447 5927/2933/5517
f 5776/2848/5366 5824/2847/5414 5928/2936/5518 5858/2937/5448
f 5858/2937/5448 5928/2936/5518 5854/2928/5444 5795/2931/5385
f 5928/2936/5518 5831/2938/5421 5779/2929/5369 5854/2928/5444
f 5824/2847/5414 5775/2851/5365 5831/2938/5421 5928/2936/5518
f 5780/2892/5370 5887/2891/5477 5929/2939/5519 5874/2940/5464
f 5874/2940/5464 5929/2939/5519 5832/2941/5422 5778/2915/5368
f 5929/2939/5519 5860/2942/5450 5797/2943/5387 5832/2941/5422
f 5887/2891/5477 5787/2894/5377 5860/2942/5450 5929/2939/5519
f 5800/2944/5390 5865/2945/5455 5930/2946/5520 5862/2947/5452
f 5862/2947/5452 5930/2946/5520 5864/2948/5454 5799/2949/5389
f 5930/2946/5520 5863/2950/5453 5801/2951/5391 5864/2948/5454
f 5865/2945/5455 5802/2952/5392 5863/2950/5453 5930/2946/5520
f 5802/2952/5392 5868/2953/5458 5931/2954/5521 5863/2950/5453
f 5863/2950/5453 5931/2954/5521 5867/2955/5457 5801/2951/5391
f 5931/2954/5521 5866/2956/5456 5803/2957/5393 5867/2955/5457
f 5868/2953/5458 5804/2958/5394 5866/2956/5456 5931/2954/5521
f 5808/2959/5398 5859/2960/5449 5932/2961/5522 5872/2962/5462
f 5872/2962/5462 5932/2961/5522 5870/2963/5460 5798/2868/5388
f 5932/2961/5522 5880/2964/5470 5805/2965/5395 5870/2963/5460
f 5859/2960/5449 5779/2929/5369 5880/2964/5470 5932/2961/5522
f 5779/2929/5369 5831/2938/5421 5933/2966/5523 5880/2964/5470
f 5880/2964/5470 5933/2966/5523 5873/2967/5463 5805/2965/5395
f 5933/2966/5523 5885/2968/5475 5807/2969/5397 5873/2967/5463
f 5831/2938/5421 5775/2851/5365 5885/2968/5475 5933/2966/5523
f 5787/2894/5377 5876/2970/5466 5934/2971/5524 5860/2942/5450
f 5860/2942/5450 5934/2971/5524 5875/2972/5465 5797/2943/5387
f 5934/2973/5524 5873/2967/5463 5807/2969/5397 5875/2974/5465
f 5876/2975/5466 5805/2965/5395 5873/2967/5463 5934/2973/5524
f 5782/2872/5372 5878/2976/5468 5935/2977/5525 5833/2873/5423
f 5833/2873/5423 5935/2977/5525 5877/2978/5467 5781/2880/5371
f 5935/2979/5525 5862/2947/5452 5799/2949/5389 5877/2980/5467
f 5878/2981/5468 5800/2944/5390 5862/2947/5452 5935/2979/5525
f 5780/2924/5370 5830/2927/5420 5936/2982/5526 5871/2983/5461
f 5871/2983/5461 5936/2982/5526 5842/2984/5432 5788/2985/5378
f 5936/2982/5526 5859/2960/5449 5808/2959/5398 5842/2984/5432
f 5830/2927/5420 5779/2929/5369 5859/2960/5449 5936/2982/5526
f 5806/2865/5396 5840/2864/5430 5937/2986/5527 5841/2893/5431
f 5841/2893/5431 5937/2986/5527 5876/2970/5466 5787/2894/5377
f 5937/2987/5527 5870/2963/5460 5805/2965/5395 5876/2975/5466
f 5840/2869/5430 5798/2868/5388 5870/2963/5460 5937/2987/5527
f 5783/2879/5373 5882/2988/5472 5938/2989/5528 5838/2885/5428
f 5838/2885/5428 5938/2989/5528 5881/2990/5471 5785/2886/5375
f 5938/2991/5528 5867/2955/5457 5803/2957/5393 5881/2992/5471
f 5882/2993/5472 5801/2951/5391 5867/2955/5457 5938/2991/5528
f 5781/2880/5371 5877/2978/5467 5939/2994/5529 5835/2878/5425
f 5835/2878/5425 5939/2994/5529 5882/2988/5472 5783/2879/5373
f 5939/2995/5529 5864/2948/5454 5801/2951/5391 5882/2993/5472
f 5877/2980/5467 5799/2949/5389 5864/2948/5454 5939/2995/5529
f 5809/2996/5399 5895/2997/5485 5940/2998/5530 5861/2999/5451
f 5861/2999/5451 5940/2998/5530 5883/3000/5473 5786/3001/5376
f 5940/2998/5530 5879/3002/5469 5804/2958/5394 5883/3000/5473
f 5895/2997/5485 5811/3003/5401 5879/3002/5469 5940/2998/5530
f 5797/2943/5387 5875/2972/5465 5941/3004/5531 5832/2941/5422
f 5832/2941/5422 5941/3004/5531 5828/2916/5418 5778/2915/5368
f 5941/3005/5531 5885/2968/5475 5775/2851/5365 5828/2913/5418
f 5875/2974/5465 5807/2969/5397 5885/2968/5475 5941/3005/5531
f 5786/3001/5376 5883/3000/5473 5942/3006/5532 5839/3007/5429
f 5839/3007/5429 5942/3006/5532 5884/3008/5474 5784/3009/5374
f 5942/3006/5532 5868/2953/5458 5802/2952/5392 5884/3008/5474
f 5883/3000/5473 5804/2958/5394 5868/2953/5458 5942/3006/5532
f 5784/3009/5374 5884/3008/5474 5943/3010/5533 5836/3011/5426
f 5836/3011/5426 5943/3010/5533 5878/2981/5468 5782/3012/5372
f 5943/3010/5533 5865/2945/5455 5800/2944/5390 5878/2981/5468
f 5884/3008/5474 5802/2952/5392 5865/2945/5455 5943/3010/5533
f 5811/3003/5401 5891/3013/5481 5944/3014/5534 5894/3015/5484
f 5894/3015/5484 5944/3014/5534 5869/2867/5459 5810/2871/5400
f 5944/3014/5534 5872/2962/5462 5798/2868/5388 5869/2867/5459
f 5891/3013/5481 5808/2959/5398 5872/2962/5462 5944/3014/5534
f 5809/3016/5399 5893/3017/5483 5945/3018/5535 5889/3019/5479
f 5889/3019/5479 5945/3018/5535 5888/2888/5478 5788/2887/5378
f 5945/3018/5535 5886/2863/5476 5806/2865/5396 5888/2888/5478
f 5893/3017/5483 5812/2860/5402 5886/2863/5476 5945/3018/5535
f 5786/2884/5376 5837/2883/5427 5946/3020/5536 5861/3021/5451
f 5861/3021/5451 5946/3020/5536 5893/3017/5483 5809/3016/5399
f 5946/3020/5536 5892/3022/5482 5812/2860/5402 5893/3017/5483
f 5837/2883/5427 5785/2886/5375 5892/3022/5482 5946/3020/5536
f 5804/2958/5394 5879/3002/5469 5947/3023/5537 5866/2956/5456
f 5866/2956/5456 5947/3023/5537 5890/3024/5480 5803/2957/5393
f 5947/3023/5537 5894/3015/5484 5810/2871/5400 5890/3024/5480
f 5879/3002/5469 5811/3003/5401 5894/3015/5484 5947/3023/5537
f 5788/2985/5378 5842/2984/5432 5948/3025/5538 5889/3026/5479
f 5889/3026/5479 5948/3025/5538 5895/2997/5485 5809/2996/5399
f 5948/3025/5538 5891/3013/5481 5811/3003/5401 5895/2997/5485
f 5842/2984/5432 5808/2959/5398 5891/3013/5481 5948/3025/5538
f 5785/2886/5375 5881/2990/5471 5949/3027/5539 5892/3022/5482
f 5892/3022/5482 5949/3027/5539 5896/2861/5486 5812/2860/5402
f 5949/3028/5539 5890/3024/5480 5810/2871/5400 5896/2870/5486
f 5881/2992/5471 5803/2957/5393 5890/3024/5480 5949/3028/5539
f 5777/2917/5367 5904/3029/5494 5950/3030/5540 5827/2914/5417
f 5827/2914/5417 5950/3030/5540 5903/3031/5493 5778/2915/5368
f 5950/3030/5540 5897/3032/5487 5814/3033/5404 5903/3031/5493
f 5904/3029/5494 5813/3034/5403 5897/3032/5487 5950/3030/5540
f 5796/3035/5386 5906/3036/5496 5951/3037/5541 5856/3038/5446
f 5856/3038/5446 5951/3037/5541 5905/3039/5495 5789/2918/5379
f 5951/3037/5541 5901/3040/5491 5816/3041/5406 5905/3039/5495
f 5906/3036/5496 5818/3042/5408 5901/3040/5491 5951/3037/5541
f 5790/2923/5380 5907/3043/5497 5952/3044/5542 5845/2922/5435
f 5845/2922/5435 5952/3044/5542 5904/3029/5494 5777/2917/5367
f 5952/3044/5542 5899/3045/5489 5813/3034/5403 5904/3029/5494
f 5907/3043/5497 5817/3046/5407 5899/3045/5489 5952/3044/5542
f 5789/2918/5379 5905/3039/5495 5953/3047/5543 5843/2919/5433
f 5843/2919/5433 5953/3047/5543 5907/3043/5497 5790/2923/5380
f 5953/3047/5543 5898/3048/5488 5817/3046/5407 5907/3043/5497
f 5905/3039/5495 5816/3041/5406 5898/3048/5488 5953/3047/5543
f 5778/2915/5368 5903/3031/5493 5954/3049/5544 5874/2940/5464
f 5874/2940/5464 5954/3049/5544 5908/3050/5498 5780/2892/5370
f 5954/3049/5544 5902/3051/5492 5815/3052/5405 5908/3050/5498
f 5903/3031/5493 5814/3033/5404 5902/3051/5492 5954/3049/5544
f 5780/2892/5370 5908/3050/5498 5955/3053/5545 5855/3054/5445
f 5855/3054/5445 5955/3053/5545 5906/3036/5496 5796/3035/5386
f 5955/3053/5545 5900/3055/5490 5818/3042/5408 5906/3036/5496
f 5908/3050/5498 5815/3052/5405 5900/3055/5490 5955/3053/5545
f 5814/3033/5404 5911/3056/5501 5956/3057/5546 5902/3051/5492
f 5815/3052/5405 5902/3051/5492 5956/3057/5546 5910/3058/5500
f 5819/3059/5409 5910/3058/5500 5956/3057/5546 5911/3056/5501
f 5815/3052/5405 5910/3058/5500 5957/3060/5547 5900/3055/5490
f 5818/3042/5408 5900/3055/5490 5957/3060/5547 5912/3061/5502
f 5819/3059/5409 5912/3061/5502 5957/3060/5547 5910/3058/5500
f 5816/3041/5406 5914/3062/5504 5958/3063/5548 5898/3048/5488
f 5817/3046/5407 5898/3048/5488 5958/3063/5548 5913/3064/5503
f 5819/3059/5409 5913/3064/5503 5958/3063/5548 5914/3062/5504
f 5818/3042/5408 5912/3061/5502 5959/3065/5549 5901/3040/5491
f 5816/3041/5406 5901/3040/5491 5959/3065/5549 5914/3062/5504
f 5819/3059/5409 5914/3062/5504 5959/3065/5549 5912/3061/5502
f 5817/3046/5407 5913/3064/5503 5960/3066/5550 5899/3045/5489
f 5813/3034/5403 5899/3045/5489 5960/3066/5550 5909/3067/5499
f 5819/3059/5409 5909/3067/5499 5960/3066/5550 5913/3064/5503
f 5813/3034/5403 5909/3067/5499 5961/3068/5551 5897/3032/5487
f 5814/3033/5404 5897/3032/5487 5961/3068/5551 5911/3056/5501
f 5819/3059/5409 5911/3056/5501 5961/3068/5551 5909/3067/5499
f 5994/3069/5584 6000/3070/5590 6064/3071/5654 6060/3072/5650
f 6000/3070/5590 5964/3073/5554 5998/3074/5588 6064/3071/5654
f 6064/3075/5654 5998/3076/5588 5965/3077/5555 6053/3078/5643
f 6060/3079/5650 6064/3075/5654 6053/3078/5643 5993/3080/5583
f 5996/3081/5586 6059/3082/5649 6065/3083/5655 6004/3084/5594
f 6059/3085/5649 5995/3086/5585 6055/3087/5645 6065/3088/5655
f 6065/3088/5655 6055/3087/5645 5969/3089/5559 6002/3090/5592
f 6004/3084/5594 6065/3083/5655 6002/3091/5592 5968/3092/5558
f 5994/3069/5584 6054/3093/5644 6066/3094/5656 6058/3095/5648
f 6054/3093/5644 5962/3096/5552 6005/3097/5595 6066/3094/5656
f 6066/3094/5656 6005/3097/5595 5966/3098/5556 6056/3099/5646
f 6058/3095/5648 6066/3094/5656 6056/3099/5646 5996/3081/5586
f 5964/3073/5554 6006/3100/5596 6067/3101/5657 6014/3102/5604
f 6006/3100/5596 5968/3092/5558 6013/3103/5603 6067/3101/5657
f 6067/3101/5657 6013/3103/5603 5972/3104/5562 6011/3105/5601
f 6014/3102/5604 6067/3101/5657 6011/3105/5601 5970/3106/5560
f 5993/3080/5583 6053/3078/5643 6068/3107/5658 6057/3108/5647
f 6053/3078/5643 5965/3077/5555 6007/3109/5597 6068/3107/5658
f 6068/3107/5658 6007/3109/5597 5969/3089/5559 6055/3087/5645
f 6057/3108/5647 6068/3107/5658 6055/3087/5645 5995/3086/5585
f 5962/3096/5552 5997/3110/5587 6069/3111/5659 6005/3097/5595
f 5997/3112/5587 5963/3113/5553 6008/3114/5598 6069/3115/5659
f 6069/3115/5659 6008/3114/5598 5967/3116/5557 6001/3117/5591
f 6005/3097/5595 6069/3111/5659 6001/3118/5591 5966/3098/5556
f 5971/3119/5561 6009/3120/5599 6070/3121/5660 6012/3122/5602
f 6009/3123/5599 5970/3106/5560 6011/3105/5601 6070/3124/5660
f 6070/3124/5660 6011/3105/5601 5972/3104/5562 6010/3125/5600
f 6012/3122/5602 6070/3121/5660 6010/3126/5600 5973/3127/5563
f 5990/3128/5580 6052/3129/5642 6071/3130/5661 6046/3131/5636
f 6052/3129/5642 5989/3132/5579 6021/3133/5611 6071/3130/5661
f 6071/3130/5661 6021/3133/5611 5977/3134/5567 6020/3135/5610
f 6046/3131/5636 6071/3130/5661 6020/3135/5610 5975/3136/5565
f 5965/3077/5555 5998/3076/5588 6072/3137/5662 6016/3138/5606
f 5998/3074/5588 5964/3073/5554 6014/3102/5604 6072/3139/5662
f 6072/3139/5662 6014/3102/5604 5970/3106/5560 6009/3123/5599
f 6016/3138/5606 6072/3137/5662 6009/3120/5599 5971/3119/5561
f 5969/3089/5559 6007/3109/5597 6073/3140/5663 6015/3141/5605
f 6007/3109/5597 5965/3077/5555 6016/3138/5606 6073/3140/5663
f 6073/3140/5663 6016/3138/5606 5971/3119/5561 6012/3122/5602
f 6015/3141/5605 6073/3140/5663 6012/3122/5602 5973/3127/5563
f 5978/3142/5568 6028/3143/5618 6074/3144/5664 6035/3145/5625
f 6028/3143/5618 5974/3146/5564 6034/3147/5624 6074/3144/5664
f 6074/3144/5664 6034/3147/5624 5981/3148/5571 6033/3149/5623
f 6035/3145/5625 6074/3144/5664 6033/3149/5623 5983/3150/5573
f 5991/3151/5581 6051/3152/5641 6075/3153/5665 6047/3154/5637
f 6051/3155/5641 5990/3128/5580 6046/3131/5636 6075/3156/5665
f 6075/3156/5665 6046/3131/5636 5975/3136/5565 6017/3157/5607
f 6047/3154/5637 6075/3153/5665 6017/3158/5607 5974/3146/5564
f 5992/3159/5582 6050/3160/5640 6076/3161/5666 6048/3162/5638
f 6050/3160/5640 5991/3151/5581 6047/3154/5637 6076/3161/5666
f 6076/3161/5666 6047/3154/5637 5974/3146/5564 6019/3163/5609
f 6048/3162/5638 6076/3161/5666 6019/3163/5609 5976/3164/5566
f 5989/3132/5579 6049/3165/5639 6077/3166/5667 6021/3133/5611
f 6049/3167/5639 5992/3159/5582 6048/3162/5638 6077/3168/5667
f 6077/3168/5667 6048/3162/5638 5976/3164/5566 6018/3169/5608
f 6021/3133/5611 6077/3166/5667 6018/3170/5608 5977/3134/5567
f 5978/3142/5568 6025/3171/5615 6078/3172/5668 6026/3173/5616
f 5979/3174/5569 6061/3175/5651 6078/3176/5668 6025/3177/5615
f 5980/3178/5570 6026/3173/5616 6078/3172/5668 6061/3179/5651
f 5975/3136/5565 6020/3135/5610 6079/3180/5669 6027/3181/5617
f 5977/3134/5567 6062/3182/5652 6079/3180/5669 6020/3135/5610
f 5979/3174/5569 6027/3181/5617 6079/3180/5669 6062/3182/5652
f 5976/3164/5566 6029/3183/5619 6080/3184/5670 6043/3185/5633
f 6029/3183/5619 5980/3178/5570 6042/3186/5632 6080/3184/5670
f 6080/3184/5670 6042/3186/5632 5987/3187/5577 6041/3188/5631
f 6043/3185/5633 6080/3184/5670 6041/3188/5631 5985/3189/5575
f 5976/3164/5566 6019/3163/5609 6081/3190/5671 6029/3183/5619
f 6019/3163/5609 5974/3146/5564 6028/3143/5618 6081/3190/5671
f 6081/3190/5671 6028/3143/5618 5978/3142/5568 6026/3173/5616
f 6029/3183/5619 6081/3190/5671 6026/3173/5616 5980/3178/5570
f 5981/3148/5571 6030/3191/5620 6082/3192/5672 6033/3149/5623
f 6030/3193/5620 5982/3194/5572 6032/3195/5622 6082/3196/5672
f 6082/3196/5672 6032/3195/5622 5984/3197/5574 6031/3198/5621
f 6033/3149/5623 6082/3192/5672 6031/3199/5621 5983/3150/5573
f 5974/3146/5564 6017/3158/5607 6083/3200/5673 6034/3147/5624
f 6017/3157/5607 5975/3136/5565 6036/3201/5626 6083/3202/5673
f 6083/3202/5673 6036/3201/5626 5982/3194/5572 6030/3193/5620
f 6034/3147/5624 6083/3200/5673 6030/3191/5620 5981/3148/5571
f 5975/3136/5565 6027/3181/5617 6084/3203/5674 6036/3201/5626
f 6027/3181/5617 5979/3174/5569 6037/3204/5627 6084/3203/5674
f 6084/3203/5674 6037/3204/5627 5984/3197/5574 6032/3195/5622
f 6036/3201/5626 6084/3203/5674 6032/3195/5622 5982/3194/5572
f 5979/3174/5569 6025/3177/5615 6085/3205/5675 6037/3204/5627
f 6025/3171/5615 5978/3142/5568 6035/3145/5625 6085/3206/5675
f 6085/3206/5675 6035/3145/5625 5983/3150/5573 6031/3199/5621
f 6037/3204/5627 6085/3205/5675 6031/3198/5621 5984/3197/5574
f 5986/3207/5576 6038/3208/5628 6086/3209/5676 6040/3210/5630
f 6038/3211/5628 5985/3189/5575 6041/3188/5631 6086/3212/5676
f 6086/3212/5676 6041/3188/5631 5987/3187/5577 6039/3213/5629
f 6040/3210/5630 6086/3209/5676 6039/3214/5629 5988/3215/5578
f 5980/3178/5570 6061/3179/5651 6087/3216/5677 6042/3186/5632
f 6061/3175/5651 5979/3174/5569 6063/3217/5653 6087/3218/5677
f 6087/3218/5677 6063/3217/5653 5988/3215/5578 6039/3214/5629
f 6042/3186/5632 6087/3216/5677 6039/3213/5629 5987/3187/5577
f 5979/3174/5569 6062/3182/5652 6088/3219/5678 6063/3217/5653
f 6062/3182/5652 5977/3134/5567 6044/3220/5634 6088/3219/5678
f 6088/3219/5678 6044/3220/5634 5986/3207/5576 6040/3210/5630
f 6063/3217/5653 6088/3219/5678 6040/3210/5630 5988/3215/5578
f 5977/3134/5567 6018/3170/5608 6089/3221/5679 6044/3220/5634
f 6018/3169/5608 5976/3164/5566 6043/3185/5633 6089/3222/5679
f 6089/3222/5679 6043/3185/5633 5985/3189/5575 6038/3211/5628
f 6044/3220/5634 6089/3221/5679 6038/3208/5628 5986/3207/5576
f 5973/3127/5563 6010/3126/5600 6090/3223/5680 6045/3224/5635
f 6010/3125/5600 5972/3104/5562 6024/3225/5614 6090/3226/5680
f 6090/3226/5680 6024/3225/5614 5992/3159/5582 6049/3167/5639
f 6045/3224/5635 6090/3223/5680 6049/3165/5639 5989/3132/5579
f 5972/3104/5562 6013/3103/5603 6091/3227/5681 6024/3225/5614
f 6013/3103/5603 5968/3092/5558 6023/3228/5613 6091/3227/5681
f 6091/3227/5681 6023/3228/5613 5991/3151/5581 6050/3160/5640
f 6024/3225/5614 6091/3227/5681 6050/3160/5640 5992/3159/5582
f 5968/3092/5558 6002/3091/5592 6092/3229/5682 6023/3228/5613
f 6002/3090/5592 5969/3089/5559 6022/3230/5612 6092/3231/5682
f 6092/3231/5682 6022/3230/5612 5990/3128/5580 6051/3155/5641
f 6023/3228/5613 6092/3229/5682 6051/3152/5641 5991/3151/5581
f 5969/3089/5559 6015/3141/5605 6093/3232/5683 6022/3230/5612
f 6015/3141/5605 5973/3127/5563 6045/3224/5635 6093/3232/5683
f 6093/3232/5683 6045/3224/5635 5989/3132/5579 6052/3129/5642
f 6022/3230/5612 6093/3232/5683 6052/3129/5642 5990/3128/5580
f 5963/3113/5553 5999/3233/5589 6094/3234/5684 6008/3114/5598
f 5999/3233/5589 5993/3080/5583 6057/3108/5647 6094/3234/5684
f 6094/3234/5684 6057/3108/5647 5995/3086/5585 6003/3235/5593
f 6008/3114/5598 6094/3234/5684 6003/3235/5593 5967/3116/5557
f 5964/3073/5554 6000/3070/5590 6095/3236/5685 6006/3100/5596
f 6000/3070/5590 5994/3069/5584 6058/3095/5648 6095/3236/5685
f 6095/3236/5685 6058/3095/5648 5996/3081/5586 6004/3084/5594
f 6006/3100/5596 6095/3236/5685 6004/3084/5594 5968/3092/5558
f 5966/3098/5556 6001/3118/5591 6096/3237/5686 6056/3099/5646
f 6001/3117/5591 5967/3116/5557 6003/3235/5593 6096/3238/5686
f 6096/3238/5686 6003/3235/5593 5995/3086/5585 6059/3085/5649
f 6056/3099/5646 6096/3237/5686 6059/3082/5649 5996/3081/5586
f 5962/3096/5552 6054/3093/5644 6097/3239/5687 5997/3110/5587
f 6054/3093/5644 5994/3069/5584 6060/3072/5650 6097/3239/5687
f 6097/3240/5687 6060/3079/5650 5993/3080/5583 5999/3233/5589
f 5997/3112/5587 6097/3240/5687 5999/3233/5589 5963/3113/5553
f 6098/3241/5688 6132/3242/5722 6186/3243/5776 6130/3244/5720
f 6130/3244/5720 6186/3243/5776 6133/3245/5723 6099/3246/5689
f 6186/3247/5776 6131/3248/5721 6101/3249/5691 6133/3250/5723
f 6132/3251/5722 6100/3252/5690 6131/3248/5721 6186/3247/5776
f 6104/3253/5694 6136/3254/5726 6187/3255/5777 6147/3256/5737
f 6147/3256/5737 6187/3255/5777 6144/3257/5734 6108/3258/5698
f 6187/3259/5777 6146/3260/5736 6106/3261/5696 6144/3262/5734
f 6136/3263/5726 6102/3264/5692 6146/3260/5736 6187/3259/5777
f 6099/3246/5689 6133/3245/5723 6188/3265/5778 6139/3266/5729
f 6139/3266/5729 6188/3265/5778 6137/3267/5727 6103/3268/5693
f 6188/3269/5778 6138/3270/5728 6105/3271/5695 6137/3272/5727
f 6133/3250/5723 6101/3249/5691 6138/3270/5728 6188/3269/5778
f 6101/3249/5691 6131/3248/5721 6189/3273/5779 6138/3270/5728
f 6138/3270/5728 6189/3273/5779 6135/3274/5725 6105/3271/5695
f 6189/3273/5779 6140/3275/5730 6104/3253/5694 6135/3274/5725
f 6131/3248/5721 6100/3252/5690 6140/3275/5730 6189/3273/5779
f 6100/3252/5690 6132/3251/5722 6190/3276/5780 6140/3275/5730
f 6140/3275/5730 6190/3276/5780 6136/3254/5726 6104/3253/5694
f 6190/3277/5780 6141/3278/5731 6102/3264/5692 6136/3263/5726
f 6132/3242/5722 6098/3241/5688 6141/3278/5731 6190/3277/5780
f 6098/3241/5688 6130/3244/5720 6191/3279/5781 6141/3278/5731
f 6141/3278/5731 6191/3279/5781 6134/3280/5724 6102/3264/5692
f 6191/3279/5781 6139/3266/5729 6103/3268/5693 6134/3280/5724
f 6130/3244/5720 6099/3246/5689 6139/3266/5729 6191/3279/5781
f 6108/3258/5698 6144/3257/5734 6192/3281/5782 6155/3282/5745
f 6155/3282/5745 6192/3281/5782 6152/3283/5742 6112/3284/5702
f 6192/3285/5782 6154/3286/5744 6110/3287/5700 6152/3288/5742
f 6144/3262/5734 6106/3261/5696 6154/3286/5744 6192/3285/5782
f 6102/3264/5692 6134/3280/5724 6193/3289/5783 6146/3260/5736
f 6146/3260/5736 6193/3289/5783 6142/3290/5732 6106/3261/5696
f 6193/3289/5783 6148/3291/5738 6107/3292/5697 6142/3290/5732
f 6134/3280/5724 6103/3268/5693 6148/3291/5738 6193/3289/5783
f 6103/3268/5693 6137/3267/5727 6194/3293/5784 6148/3291/5738
f 6148/3291/5738 6194/3293/5784 6145/3294/5735 6107/3292/5697
f 6194/3295/5784 6149/3296/5739 6109/3297/5699 6145/3298/5735
f 6137/3272/5727 6105/3271/5695 6149/3296/5739 6194/3295/5784
f 6105/3271/5695 6135/3274/5725 6195/3299/5785 6149/3296/5739
f 6149/3296/5739 6195/3299/5785 6143/3300/5733 6109/3297/5699
f 6195/3299/5785 6147/3256/5737 6108/3258/5698 6143/3300/5733
f 6135/3274/5725 6104/3253/5694 6147/3256/5737 6195/3299/5785
f 6110/3287/5700 6150/3301/5740 6196/3302/5786 6152/3288/5742
f 6152/3283/5742 6196/3303/5786 6151/3304/5741 6112/3284/5702
f 6196/3303/5786 6153/3305/5743 6113/3306/5703 6151/3304/5741
f 6150/3301/5740 6111/3307/5701 6153/3308/5743 6196/3302/5786
f 6106/3261/5696 6142/3290/5732 6197/3309/5787 6154/3286/5744
f 6154/3286/5744 6197/3309/5787 6150/3301/5740 6110/3287/5700
f 6197/3309/5787 6156/3310/5746 6111/3307/5701 6150/3301/5740
f 6142/3290/5732 6107/3292/5697 6156/3310/5746 6197/3309/5787
f 6107/3292/5697 6145/3294/5735 6198/3311/5788 6156/3310/5746
f 6156/3310/5746 6198/3311/5788 6153/3308/5743 6111/3307/5701
f 6198/3312/5788 6157/3313/5747 6113/3306/5703 6153/3305/5743
f 6145/3298/5735 6109/3297/5699 6157/3313/5747 6198/3312/5788
f 6109/3297/5699 6143/3300/5733 6199/3314/5789 6157/3313/5747
f 6157/3313/5747 6199/3314/5789 6151/3304/5741 6113/3306/5703
f 6199/3314/5789 6155/3282/5745 6112/3284/5702 6151/3304/5741
f 6143/3300/5733 6108/3258/5698 6155/3282/5745 6199/3314/5789
f 6114/3315/5704 6160/3316/5750 6200/3317/5790 6158/3318/5748
f 6158/3318/5748 6200/3317/5790 6161/3319/5751 6115/3320/5705
f 6200/3321/5790 6159/3322/5749 6117/3323/5707 6161/3324/5751
f 6160/3325/5750 6116/3326/5706 6159/3322/5749 6200/3321/5790
f 6120/3327/5710 6164/3328/5754 6201/3329/5791 6175/3330/5765
f 6175/3330/5765 6201/3329/5791 6172/3331/5762 6124/3332/5714
f 6201/3333/5791 6174/3334/5764 6122/3335/5712 6172/3336/5762
f 6164/3337/5754 6118/3338/5708 6174/3334/5764 6201/3333/5791
f 6115/3320/5705 6161/3319/5751 6202/3339/5792 6167/3340/5757
f 6167/3340/5757 6202/3339/5792 6165/3341/5755 6119/3342/5709
f 6202/3343/5792 6166/3344/5756 6121/3345/5711 6165/3346/5755
f 6161/3324/5751 6117/3323/5707 6166/3344/5756 6202/3343/5792
f 6117/3323/5707 6159/3322/5749 6203/3347/5793 6166/3344/5756
f 6166/3344/5756 6203/3347/5793 6163/3348/5753 6121/3345/5711
f 6203/3347/5793 6168/3349/5758 6120/3327/5710 6163/3348/5753
f 6159/3322/5749 6116/3326/5706 6168/3349/5758 6203/3347/5793
f 6116/3326/5706 6160/3325/5750 6204/3350/5794 6168/3349/5758
f 6168/3349/5758 6204/3350/5794 6164/3328/5754 6120/3327/5710
f 6204/3351/5794 6169/3352/5759 6118/3338/5708 6164/3337/5754
f 6160/3316/5750 6114/3315/5704 6169/3352/5759 6204/3351/5794
f 6114/3315/5704 6158/3318/5748 6205/3353/5795 6169/3352/5759
f 6169/3352/5759 6205/3353/5795 6162/3354/5752 6118/3338/5708
f 6205/3353/5795 6167/3340/5757 6119/3342/5709 6162/3354/5752
f 6158/3318/5748 6115/3320/5705 6167/3340/5757 6205/3353/5795
f 6124/3332/5714 6172/3331/5762 6206/3355/5796 6183/3356/5773
f 6183/3356/5773 6206/3355/5796 6180/3357/5770 6128/3358/5718
f 6206/3359/5796 6182/3360/5772 6126/3361/5716 6180/3362/5770
f 6172/3336/5762 6122/3335/5712 6182/3360/5772 6206/3359/5796
f 6118/3338/5708 6162/3354/5752 6207/3363/5797 6174/3334/5764
f 6174/3334/5764 6207/3363/5797 6170/3364/5760 6122/3335/5712
f 6207/3363/5797 6176/3365/5766 6123/3366/5713 6170/3364/5760
f 6162/3354/5752 6119/3342/5709 6176/3365/5766 6207/3363/5797
f 6119/3342/5709 6165/3341/5755 6208/3367/5798 6176/3365/5766
f 6176/3365/5766 6208/3367/5798 6173/3368/5763 6123/3366/5713
f 6208/3369/5798 6177/3370/5767 6125/3371/5715 6173/3372/5763
f 6165/3346/5755 6121/3345/5711 6177/3370/5767 6208/3369/5798
f 6121/3345/5711 6163/3348/5753 6209/3373/5799 6177/3370/5767
f 6177/3370/5767 6209/3373/5799 6171/3374/5761 6125/3371/5715
f 6209/3373/5799 6175/3330/5765 6124/3332/5714 6171/3374/5761
f 6163/3348/5753 6120/3327/5710 6175/3330/5765 6209/3373/5799
f 6126/3361/5716 6178/3375/5768 6210/3376/5800 6180/3362/5770
f 6180/3357/5770 6210/3377/5800 6179/3378/5769 6128/3358/5718
f 6210/3377/5800 6181/3379/5771 6129/3380/5719 6179/3378/5769
f 6178/3375/5768 6127/3381/5717 6181/3382/5771 6210/3376/5800
f 6122/3335/5712 6170/3364/5760 6211/3383/5801 6182/3360/5772
f 6182/3360/5772 6211/3383/5801 6178/3375/5768 6126/3361/5716
f 6211/3383/5801 6184/3384/5774 6127/3381/5717 6178/3375/5768
f 6170/3364/5760 6123/3366/5713 6184/3384/5774 6211/3383/5801
f 6123/3366/5713 6173/3368/5763 6212/3385/5802 6184/3384/5774
f 6184/3384/5774 6212/3385/5802 6181/3382/5771 6127/3381/5717
f 6212/3386/5802 6185/3387/5775 6129/3380/5719 6181/3379/5771
f 6173/3372/5763 6125/3371/5715 6185/3387/5775 6212/3386/5802
f 6125/3371/5715 6171/3374/5761 6213/3388/5803 6185/3387/5775
f 6185/3387/5775 6213/3388/5803 6179/3378/5769 6129/3380/5719
f 6213/3388/5803 6183/3356/5773 6128/3358/5718 6179/3378/5769
f 6171/3374/5761 6124/3332/5714 6183/3356/5773 6213/3388/5803
f 6214/3389/5804 6226/3390/5816 6246/3391/5836 6227/3392/5817
f 6226/3390/5816 6216/3393/5806 6229/3394/5819 6246/3391/5836
f 6246/3391/5836 6229/3394/5819 6217/3395/5807 6228/3396/5818
f 6227/3392/5817 6246/3391/5836 6228/3396/5818 6215/3397/5805
f 6215/3397/5805 6241/3398/5831 6247/3399/5837 6237/3400/5827
f 6241/3401/5831 6221/3402/5811 6230/3403/5820 6247/3404/5837
f 6247/3404/5837 6230/3403/5820 6218/3405/5808 6239/3406/5829
f 6237/3400/5827 6247/3399/5837 6239/3407/5829 6224/3408/5814
f 6220/3409/5810 6234/3410/5824 6248/3411/5838 6233/3412/5823
f 6234/3410/5824 6221/3402/5811 6235/3413/5825 6248/3411/5838
f 6248/3411/5838 6235/3413/5825 6223/3414/5813 6236/3415/5826
f 6233/3412/5823 6248/3411/5838 6236/3415/5826 6222/3416/5812
f 6225/3417/5815 6245/3418/5835 6249/3419/5839 6238/3420/5828
f 6245/3418/5835 6224/3408/5814 6239/3407/5829 6249/3419/5839
f 6249/3421/5839 6239/3406/5829 6218/3405/5808 6240/3422/5830
f 6238/3423/5828 6249/3421/5839 6240/3422/5830 6219/3424/5809
f 6221/3402/5811 6234/3410/5824 6250/3425/5840 6230/3403/5820
f 6234/3410/5824 6220/3409/5810 6231/3426/5821 6250/3425/5840
f 6250/3425/5840 6231/3426/5821 6219/3424/5809 6240/3422/5830
f 6230/3403/5820 6250/3425/5840 6240/3422/5830 6218/3405/5808
f 6217/3395/5807 6229/3394/5819 6251/3427/5841 6243/3428/5833
f 6229/3394/5819 6216/3393/5806 6242/3429/5832 6251/3427/5841
f 6251/3430/5841 6242/3431/5832 6222/3416/5812 6236/3415/5826
f 6243/3432/5833 6251/3430/5841 6236/3415/5826 6223/3414/5813
f 6214/3389/5804 6227/3392/5817 6252/3433/5842 6232/3434/5822
f 6227/3392/5817 6215/3397/5805 6237/3400/5827 6252/3433/5842
f 6252/3433/5842 6237/3400/5827 6224/3408/5814 6245/3418/5835
f 6232/3434/5822 6252/3433/5842 6245/3418/5835 6225/3417/5815
f 6221/3402/5811 6241/3401/5831 6253/3435/5843 6235/3413/5825
f 6241/3398/5831 6215/3397/5805 6228/3396/5818 6253/3436/5843
f 6253/3436/5843 6228/3396/5818 6217/3395/5807 6243/3428/5833
f 6235/3413/5825 6253/3435/5843 6243/3432/5833 6223/3414/5813
f 6216/3393/5806 6226/3390/5816 6254/3437/5844 6242/3429/5832
f 6226/3390/5816 6214/3389/5804 6244/3438/5834 6254/3437/5844
f 6254/3439/5844 6244/3440/5834 6220/3409/5810 6233/3412/5823
f 6242/3431/5832 6254/3439/5844 6233/3412/5823 6222/3416/5812
f 6220/3409/5810 6244/3440/5834 6255/3441/5845 6231/3426/5821
f 6244/3438/5834 6214/3389/5804 6232/3434/5822 6255/3442/5845
f 6255/3442/5845 6232/3434/5822 6225/3417/5815 6238/3420/5828
f 6231/3426/5821 6255/3441/5845 6238/3423/5828 6219/3424/5809
f 6269/3443/5859 6274/3444/5864 6304/3445/5894 6302/3446/5892
f 6302/3446/5892 6306/3447/5896 6276/3448/5866 6269/3443/5859
f 6302/3446/5892 6304/3445/5894 6275/3449/5865 6268/3450/5858
f 6269/3443/5859 6276/3448/5866 6310/3451/5900 6309/3452/5899
f 6259/3453/5849 6273/3454/5863 6303/3455/5893 6270/3456/5860
f 6273/3454/5863 6258/3457/5848 6271/3458/5861 6303/3455/5893
f 6303/3455/5893 6271/3458/5861 6256/3459/5846 6272/3460/5862
f 6270/3456/5860 6303/3455/5893 6272/3460/5862 6257/3461/5847
f 6304/3462/5894 6274/3463/5864 6258/3457/5848 6273/3454/5863
f 6275/3464/5865 6304/3462/5894 6273/3454/5863 6259/3453/5849
f 6256/3459/5846 6271/3458/5861 6305/3465/5895 6283/3466/5873
f 6271/3458/5861 6258/3457/5848 6282/3467/5872 6305/3465/5895
f 6350/3468/5940 6348/3469/5938 6261/3470/5851 6279/3471/5869
f 6349/3472/5939 6350/3468/5940 6279/3471/5869 6260/3473/5850
f 6306/3474/5896 6277/3475/5867 6257/3461/5847 6272/3460/5862
f 6276/3476/5866 6306/3474/5896 6272/3460/5862 6256/3459/5846
f 6268/3450/5858 6307/3477/5897 6277/3478/5867
f 6268/3450/5858 6275/3449/5865 6307/3477/5897
f 6307/3479/5897 6275/3464/5865 6259/3453/5849 6270/3456/5860
f 6277/3475/5867 6307/3479/5897 6270/3456/5860 6257/3461/5847
f 6354/3480/5944 6356/3481/5946 6308/3482/5898 6288/3483/5878
f 6339/3484/5929 6284/3485/5874 6286/3486/5876 6338/3487/5928
f 6358/3488/5948 6314/3489/5904 6313/3490/5903 6357/3491/5947
f 6336/3492/5926 6338/3493/5928 6286/3494/5876 6263/3495/5853
f 6357/3491/5947 6313/3490/5903 6308/3496/5898 6356/3497/5946
f 6352/3498/5942 6281/3499/5871 6278/3500/5868 6351/3501/5941
f 6309/3452/5899 6351/3501/5941 6353/3502/5943 6311/3503/5901
f 6276/3476/5866 6256/3459/5846 6283/3466/5873 6310/3504/5900
f 6352/3505/5942 6349/3472/5939 6260/3473/5850 6281/3506/5871
f 6258/3457/5848 6274/3463/5864 6311/3507/5901 6282/3467/5872
f 6348/3469/5938 6353/3508/5943 6280/3509/5870 6261/3470/5851
f 6284/3485/5874 6319/3510/5909 6318/3511/5908 6286/3486/5876
f 6287/3512/5877 6262/3513/5852 6294/3514/5884 6312/3515/5902
f 6332/3516/5922 6330/3517/5920 6264/3518/5854 6293/3519/5883
f 6318/3511/5908 6319/3510/5909 6335/3520/5925 6334/3521/5924
f 6340/3522/5930 6287/3523/5877 6284/3485/5874 6339/3484/5929
f 6312/3524/5902 6332/3525/5922 6335/3520/5925 6319/3510/5909
f 6358/3526/5948 6355/3527/5945 6289/3528/5879 6314/3529/5904
f 6340/3530/5930 6337/3531/5927 6262/3513/5852 6287/3512/5877
f 6355/3527/5945 6359/3532/5949 6315/3533/5905 6289/3528/5879
f 6359/3532/5949 6354/3480/5944 6288/3483/5878 6315/3533/5905
f 6341/3534/5931 6336/3492/5926 6263/3495/5853 6285/3535/5875
f 6337/3531/5927 6341/3534/5931 6285/3535/5875 6262/3513/5852
f 6324/3536/5914 6326/3537/5916 6316/3538/5906 6300/3539/5890
f 6316/3540/5906 6321/3541/5911 6296/3542/5886 6298/3543/5888
f 6328/3544/5918 6322/3545/5912 6321/3541/5911 6327/3546/5917
f 6300/3539/5890 6316/3538/5906 6298/3547/5888 6267/3548/5857
f 6262/3513/5852 6285/3535/5875 6317/3549/5907 6294/3514/5884
f 6285/3535/5875 6263/3495/5853 6295/3550/5885 6317/3549/5907
f 6333/3551/5923 6331/3552/5921 6265/3553/5855 6291/3554/5881
f 6330/3517/5920 6333/3551/5923 6291/3554/5881 6264/3518/5854
f 6263/3495/5853 6286/3494/5876 6318/3555/5908 6295/3550/5885
f 6335/3520/5925 6290/3556/5880 6292/3557/5882 6334/3521/5924
f 6327/3546/5917 6321/3541/5911 6316/3540/5906 6326/3558/5916
f 6331/3552/5921 6334/3559/5924 6292/3560/5882 6265/3553/5855
f 6296/3542/5886 6320/3561/5910 6298/3543/5888
f 6296/3542/5886 6299/3562/5889 6320/3561/5910
f 6320/3563/5910 6299/3564/5889 6266/3565/5856 6297/3566/5887
f 6298/3547/5888 6320/3563/5910 6297/3566/5887 6267/3548/5857
f 6321/3541/5911 6322/3545/5912 6299/3562/5889 6296/3542/5886
f 6328/3567/5918 6325/3568/5915 6301/3569/5891 6322/3570/5912
f 6322/3570/5912 6301/3569/5891 6266/3565/5856 6299/3564/5889
f 6325/3568/5915 6329/3571/5919 6323/3572/5913 6301/3569/5891
f 6329/3571/5919 6324/3536/5914 6300/3539/5890 6323/3572/5913
f 6323/3572/5913 6300/3539/5890 6267/3548/5857 6297/3566/5887
f 6301/3569/5891 6323/3572/5913 6297/3566/5887 6266/3565/5856
f 6309/3452/5899 6310/3451/5900 6352/3498/5942 6351/3501/5941
f 6292/3557/5882 6290/3556/5880 6327/3546/5917 6326/3558/5916
f 6291/3554/5881 6265/3553/5855 6324/3536/5914 6329/3571/5919
f 6264/3518/5854 6291/3554/5881 6329/3571/5919 6325/3568/5915
f 6293/3519/5883 6264/3518/5854 6325/3568/5915 6328/3567/5918
f 6335/3520/5925 6332/3525/5922 6293/3573/5883 6290/3556/5880
f 6290/3556/5880 6293/3573/5883 6328/3544/5918 6327/3546/5917
f 6265/3553/5855 6292/3560/5882 6326/3537/5916 6324/3536/5914
f 6343/3574/5933 6344/3575/5934 6339/3484/5929 6338/3487/5928
f 6284/3485/5874 6287/3523/5877 6312/3524/5902 6319/3510/5909
f 6295/3550/5885 6318/3555/5908 6334/3559/5924 6331/3552/5921
f 6294/3514/5884 6317/3549/5907 6333/3551/5923 6330/3517/5920
f 6317/3549/5907 6295/3550/5885 6331/3552/5921 6333/3551/5923
f 6312/3515/5902 6294/3514/5884 6330/3517/5920 6332/3516/5922
f 6347/3576/5937 6346/3577/5936 6341/3534/5931 6337/3531/5927
f 6346/3577/5936 6342/3578/5932 6336/3492/5926 6341/3534/5931
f 6308/3496/5898 6313/3490/5903 6344/3575/5934 6343/3574/5933
f 6345/3579/5935 6347/3576/5937 6337/3531/5927 6340/3530/5930
f 6344/3575/5934 6345/3580/5935 6340/3522/5930 6339/3484/5929
f 6342/3578/5932 6343/3581/5933 6338/3493/5928 6336/3492/5926
f 6313/3490/5903 6314/3489/5904 6345/3580/5935 6344/3575/5934
f 6288/3483/5878 6308/3482/5898 6343/3581/5933 6342/3578/5932
f 6314/3529/5904 6289/3528/5879 6347/3576/5937 6345/3579/5935
f 6315/3533/5905 6288/3483/5878 6342/3578/5932 6346/3577/5936
f 6289/3528/5879 6315/3533/5905 6346/3577/5936 6347/3576/5937
f 6282/3467/5872 6311/3507/5901 6353/3508/5943 6348/3469/5938
f 6274/3444/5864 6269/3443/5859 6309/3452/5899 6311/3503/5901
f 6353/3502/5943 6351/3501/5941 6278/3500/5868 6280/3582/5870
f 6310/3504/5900 6283/3466/5873 6349/3472/5939 6352/3505/5942
f 6283/3466/5873 6305/3465/5895 6350/3468/5940 6349/3472/5939
f 6305/3465/5895 6282/3467/5872 6348/3469/5938 6350/3468/5940
f 6280/3582/5870 6278/3500/5868 6357/3491/5947 6356/3497/5946
f 6279/3471/5869 6261/3470/5851 6354/3480/5944 6359/3532/5949
f 6260/3473/5850 6279/3471/5869 6359/3532/5949 6355/3527/5945
f 6281/3506/5871 6260/3473/5850 6355/3527/5945 6358/3526/5948
f 6278/3500/5868 6281/3499/5871 6358/3488/5948 6357/3491/5947
f 6261/3470/5851 6280/3509/5870 6356/3481/5946 6354/3480/5944
f 6268/3450/5858 6277/3478/5867 6306/3447/5896 6302/3446/5892
f 6363/3583/5953 6384/3584/5974 6428/3585/6018 6387/3586/5977
f 6384/3584/5974 6361/3587/5951 6386/3588/5976 6428/3585/6018
f 6428/3585/6018 6386/3588/5976 6360/3589/5950 6385/3590/5975
f 6387/3586/5977 6428/3585/6018 6385/3590/5975 6362/3591/5952
f 6367/3592/5957 6391/3593/5981 6429/3594/6019 6388/3595/5978
f 6391/3593/5981 6366/3596/5956 6389/3597/5979 6429/3594/6019
f 6429/3594/6019 6389/3597/5979 6364/3598/5954 6390/3599/5980
f 6388/3595/5978 6429/3594/6019 6390/3599/5980 6365/3600/5955
f 6363/3583/5953 6387/3586/5977 6430/3601/6020 6393/3602/5983
f 6387/3586/5977 6362/3591/5952 6392/3603/5982 6430/3601/6020
f 6430/3604/6020 6392/3605/5982 6366/3596/5956 6391/3593/5981
f 6393/3606/5983 6430/3604/6020 6391/3593/5981 6367/3592/5957
f 6364/3598/5954 6389/3597/5979 6431/3607/6021 6401/3608/5991
f 6389/3597/5979 6366/3596/5956 6400/3609/5990 6431/3607/6021
f 6454/3610/6044 6450/3611/6040 6371/3612/5961 6397/3613/5987
f 6451/3614/6041 6454/3610/6044 6397/3613/5987 6370/3615/5960
f 6360/3589/5950 6386/3588/5976 6432/3616/6022 6394/3617/5984
f 6386/3588/5976 6361/3587/5951 6395/3618/5985 6432/3616/6022
f 6432/3619/6022 6395/3620/5985 6365/3600/5955 6390/3599/5980
f 6394/3621/5984 6432/3619/6022 6390/3599/5980 6364/3598/5954
f 6361/3587/5951 6384/3584/5974 6433/3622/6023 6395/3618/5985
f 6384/3584/5974 6363/3583/5953 6393/3602/5983 6433/3622/6023
f 6433/3623/6023 6393/3606/5983 6367/3592/5957 6388/3595/5978
f 6395/3620/5985 6433/3623/6023 6388/3595/5978 6365/3600/5955
f 6459/3624/6049 6462/3625/6052 6434/3626/6024 6409/3627/5999
f 6462/3628/6052 6458/3629/6048 6408/3630/5998 6434/3631/6024
f 6434/3631/6024 6408/3630/5998 6373/3632/5963 6406/3633/5996
f 6409/3627/5999 6434/3626/6024 6406/3634/5996 6375/3635/5965
f 6362/3591/5952 6385/3590/5975 6435/3636/6025 6403/3637/5993
f 6385/3590/5975 6360/3589/5950 6402/3638/5992 6435/3636/6025
f 6455/3639/6045 6452/3640/6042 6368/3641/5958 6396/3642/5986
f 6453/3643/6043 6455/3639/6045 6396/3642/5986 6369/3644/5959
f 6360/3589/5950 6394/3617/5984 6436/3645/6026 6402/3638/5992
f 6394/3621/5984 6364/3598/5954 6401/3608/5991 6436/3646/6026
f 6456/3647/6046 6451/3614/6041 6370/3615/5960 6399/3648/5989
f 6452/3640/6042 6456/3649/6046 6399/3650/5989 6368/3641/5958
f 6366/3596/5956 6392/3605/5982 6437/3651/6027 6400/3609/5990
f 6392/3603/5982 6362/3591/5952 6403/3637/5993 6437/3652/6027
f 6457/3653/6047 6453/3643/6043 6369/3644/5959 6398/3654/5988
f 6450/3611/6040 6457/3655/6047 6398/3656/5988 6371/3612/5961
f 6467/3657/6057 6470/3658/6060 6438/3659/6028 6417/3660/6007
f 6470/3661/6060 6466/3662/6056 6416/3663/6006 6438/3664/6028
f 6478/3665/6068 6474/3666/6064 6378/3667/5968 6415/3668/6005
f 6475/3669/6065 6478/3670/6068 6415/3671/6005 6376/3672/5966
f 6458/3629/6048 6463/3673/6053 6439/3674/6029 6408/3630/5998
f 6463/3673/6053 6460/3675/6050 6410/3676/6000 6439/3674/6029
f 6439/3674/6029 6410/3676/6000 6372/3677/5962 6404/3678/5994
f 6408/3630/5998 6439/3674/6029 6404/3678/5994 6373/3632/5963
f 6460/3675/6050 6464/3679/6054 6440/3680/6030 6410/3676/6000
f 6464/3681/6054 6461/3682/6051 6411/3683/6001 6440/3684/6030
f 6440/3684/6030 6411/3683/6001 6374/3685/5964 6407/3686/5997
f 6410/3676/6000 6440/3680/6030 6407/3687/5997 6372/3677/5962
f 6461/3682/6051 6465/3688/6055 6441/3689/6031 6411/3683/6001
f 6465/3688/6055 6459/3624/6049 6409/3627/5999 6441/3689/6031
f 6441/3689/6031 6409/3627/5999 6375/3635/5965 6405/3690/5995
f 6411/3683/6001 6441/3689/6031 6405/3690/5995 6374/3685/5964
f 6379/3691/5969 6414/3692/6004 6442/3693/6032 6425/3694/6015
f 6414/3695/6004 6377/3696/5967 6424/3697/6014 6442/3698/6032
f 6442/3698/6032 6424/3697/6014 6381/3699/5971 6422/3700/6012
f 6425/3694/6015 6442/3693/6032 6422/3701/6012 6383/3702/5973
f 6466/3662/6056 6471/3703/6061 6443/3704/6033 6416/3663/6006
f 6471/3703/6061 6468/3705/6058 6418/3706/6008 6443/3704/6033
f 6479/3707/6069 6476/3708/6066 6379/3691/5969 6413/3709/6003
f 6474/3666/6064 6479/3707/6069 6413/3709/6003 6378/3667/5968
f 6468/3705/6058 6472/3710/6062 6444/3711/6034 6418/3706/6008
f 6472/3712/6062 6469/3713/6059 6419/3714/6009 6444/3715/6034
f 6480/3716/6070 6477/3717/6067 6377/3696/5967 6414/3695/6004
f 6476/3708/6066 6480/3718/6070 6414/3692/6004 6379/3691/5969
f 6469/3713/6059 6473/3719/6063 6445/3720/6035 6419/3714/6009
f 6473/3719/6063 6467/3657/6057 6417/3660/6007 6445/3720/6035
f 6481/3721/6071 6475/3669/6065 6376/3672/5966 6412/3722/6002
f 6477/3717/6067 6481/3721/6071 6412/3722/6002 6377/3696/5967
f 6381/3699/5971 6420/3723/6010 6446/3724/6036 6422/3700/6012
f 6420/3723/6010 6380/3725/5970 6423/3726/6013 6446/3724/6036
f 6446/3727/6036 6423/3728/6013 6382/3729/5972 6421/3730/6011
f 6422/3701/6012 6446/3727/6036 6421/3730/6011 6383/3702/5973
f 6377/3696/5967 6412/3722/6002 6447/3731/6037 6424/3697/6014
f 6412/3722/6002 6376/3672/5966 6426/3732/6016 6447/3731/6037
f 6447/3731/6037 6426/3732/6016 6380/3725/5970 6420/3723/6010
f 6424/3697/6014 6447/3731/6037 6420/3723/6010 6381/3699/5971
f 6376/3672/5966 6415/3671/6005 6448/3733/6038 6426/3732/6016
f 6415/3668/6005 6378/3667/5968 6427/3734/6017 6448/3735/6038
f 6448/3735/6038 6427/3734/6017 6382/3729/5972 6423/3728/6013
f 6426/3732/6016 6448/3733/6038 6423/3726/6013 6380/3725/5970
f 6378/3667/5968 6413/3709/6003 6449/3736/6039 6427/3734/6017
f 6413/3709/6003 6379/3691/5969 6425/3694/6015 6449/3736/6039
f 6449/3736/6039 6425/3694/6015 6383/3702/5973 6421/3730/6011
f 6427/3734/6017 6449/3736/6039 6421/3730/6011 6382/3729/5972
f 6488/3737/6078 6487/3738/6077 6457/3655/6047 6450/3611/6040
f 6487/3739/6077 6483/3740/6073 6453/3643/6043 6457/3653/6047
f 6489/3741/6079 6486/3742/6076 6456/3649/6046 6452/3640/6042
f 6486/3743/6076 6482/3744/6072 6451/3614/6041 6456/3647/6046
f 6483/3740/6073 6485/3745/6075 6455/3639/6045 6453/3643/6043
f 6485/3745/6075 6489/3741/6079 6452/3640/6042 6455/3639/6045
f 6482/3744/6072 6484/3746/6074 6454/3610/6044 6451/3614/6041
f 6484/3746/6074 6488/3737/6078 6450/3611/6040 6454/3610/6044
f 6397/3613/5987 6371/3612/5961 6459/3624/6049 6465/3688/6055
f 6370/3615/5960 6397/3613/5987 6465/3688/6055 6461/3682/6051
f 6399/3648/5989 6370/3615/5960 6461/3682/6051 6464/3681/6054
f 6368/3641/5958 6399/3650/5989 6464/3679/6054 6460/3675/6050
f 6396/3642/5986 6368/3641/5958 6460/3675/6050 6463/3673/6053
f 6369/3644/5959 6396/3642/5986 6463/3673/6053 6458/3629/6048
f 6398/3654/5988 6369/3644/5959 6458/3629/6048 6462/3628/6052
f 6371/3612/5961 6398/3656/5988 6462/3625/6052 6459/3624/6049
f 6497/3747/6087 6490/3748/6080 6467/3657/6057 6473/3719/6063
f 6493/3749/6083 6497/3747/6087 6473/3719/6063 6469/3713/6059
f 6496/3750/6086 6493/3749/6083 6469/3713/6059 6472/3712/6062
f 6492/3751/6082 6496/3752/6086 6472/3710/6062 6468/3705/6058
f 6495/3753/6085 6492/3751/6082 6468/3705/6058 6471/3703/6061
f 6491/3754/6081 6495/3753/6085 6471/3703/6061 6466/3662/6056
f 6494/3755/6084 6491/3754/6081 6466/3662/6056 6470/3661/6060
f 6490/3748/6080 6494/3756/6084 6470/3658/6060 6467/3657/6057
f 6419/3714/6009 6445/3720/6035 6481/3721/6071 6477/3717/6067
f 6445/3720/6035 6417/3660/6007 6475/3669/6065 6481/3721/6071
f 6418/3706/6008 6444/3711/6034 6480/3718/6070 6476/3708/6066
f 6444/3715/6034 6419/3714/6009 6477/3717/6067 6480/3716/6070
f 6416/3663/6006 6443/3704/6033 6479/3707/6069 6474/3666/6064
f 6443/3704/6033 6418/3706/6008 6476/3708/6066 6479/3707/6069
f 6417/3660/6007 6438/3659/6028 6478/3670/6068 6475/3669/6065
f 6438/3664/6028 6416/3663/6006 6474/3666/6064 6478/3665/6068
f 6431/3607/6021 6400/3609/5990 6488/3737/6078 6484/3746/6074
f 6401/3608/5991 6431/3607/6021 6484/3746/6074 6482/3744/6072
f 6435/3636/6025 6402/3638/5992 6489/3741/6079 6485/3745/6075
f 6403/3637/5993 6435/3636/6025 6485/3745/6075 6483/3740/6073
f 6436/3646/6026 6401/3608/5991 6482/3744/6072 6486/3743/6076
f 6402/3638/5992 6436/3645/6026 6486/3742/6076 6489/3741/6079
f 6437/3652/6027 6403/3637/5993 6483/3740/6073 6487/3739/6077
f 6400/3609/5990 6437/3651/6027 6487/3738/6077 6488/3737/6078
f 6372/3677/5962 6407/3687/5997 6494/3756/6084 6490/3748/6080
f 6407/3686/5997 6374/3685/5964 6491/3754/6081 6494/3755/6084
f 6374/3685/5964 6405/3690/5995 6495/3753/6085 6491/3754/6081
f 6405/3690/5995 6375/3635/5965 6492/3751/6082 6495/3753/6085
f 6375/3635/5965 6406/3634/5996 6496/3752/6086 6492/3751/6082
f 6406/3633/5996 6373/3632/5963 6493/3749/6083 6496/3750/6086
f 6373/3632/5963 6404/3678/5994 6497/3747/6087 6493/3749/6083
f 6404/3678/5994 6372/3677/5962 6490/3748/6080 6497/3747/6087
f 6498/3757/6088 6499/3758/6089 6504/3759/6094 6502/3760/6092
f 6592/3761/6181 6499/3758/6089 6498/3757/6088 6500/3762/6090
f 6501/3763/6091 6601/3764/6184 6500/3762/6090 6498/3757/6088
f 6501/3763/6091 6498/3757/6088 6502/3760/6092 6505/3765/6095
f 6502/3760/6092 6504/3759/6094 6517/3766/6107 6503/3767/6093
f 6505/3765/6095 6502/3760/6092 6503/3767/6093 6506/3768/6096
f 6508/3769/6098 6501/3770/6091 6505/3771/6095 6507/3772/6097
f 6507/3772/6097 6505/3771/6095 6506/3773/6096 6509/3774/6099
f 6511/3775/6101 6508/3769/6098 6507/3772/6097 6510/3776/6100
f 6507/3772/6097 6509/3774/6099 6512/3777/6102 6510/3776/6100
f 6514/3778/6104 6511/3779/6101 6510/3780/6100 6513/3781/6103
f 6513/3781/6103 6510/3780/6100 6512/3782/6102 6515/3783/6105
f 6499/3758/6089 6514/3778/6104 6513/3781/6103 6504/3759/6094
f 6504/3759/6094 6513/3781/6103 6515/3783/6105 6517/3766/6107
f 6515/3783/6105 6512/3782/6102 6533/3784/6123 6516/3785/6106
f 6517/3766/6107 6515/3783/6105 6516/3785/6106 6518/3786/6108
f 6503/3767/6093 6517/3766/6107 6518/3786/6108 6519/3787/6109
f 6519/3787/6109 6518/3786/6108 6520/3788/6110 6523/3789/6113
f 6518/3786/6108 6516/3785/6106 6522/3790/6112 6520/3788/6110
f 6520/3788/6110 6522/3790/6112 6535/3791/6125 6521/3792/6111
f 6523/3789/6113 6520/3788/6110 6521/3792/6111 6524/3793/6114
f 6525/3794/6115 6523/3789/6113 6524/3793/6114 6526/3795/6116
f 6527/3796/6117 6519/3787/6109 6523/3789/6113 6525/3794/6115
f 6525/3797/6115 6526/3798/6116 6529/3799/6119 6528/3800/6118
f 6530/3801/6120 6527/3802/6117 6525/3797/6115 6528/3800/6118
f 6528/3800/6118 6529/3799/6119 6532/3803/6122 6531/3804/6121
f 6533/3805/6123 6530/3801/6120 6528/3800/6118 6531/3804/6121
f 6522/3790/6112 6531/3806/6121 6532/3807/6122 6535/3791/6125
f 6516/3785/6106 6533/3784/6123 6531/3806/6121 6522/3790/6112
f 6512/3777/6102 6509/3774/6099 6530/3801/6120 6533/3805/6123
f 6535/3791/6125 6532/3807/6122 6534/3808/6124 6536/3809/6126
f 6532/3803/6122 6529/3799/6119 6544/3810/6134 6534/3811/6124
f 6521/3792/6111 6535/3791/6125 6536/3809/6126 6538/3812/6128
f 6536/3809/6126 6534/3808/6124 6547/3813/6137 6537/3814/6127
f 6538/3812/6128 6536/3809/6126 6537/3814/6127 6539/3815/6129
f 6524/3793/6114 6521/3792/6111 6538/3812/6128 6540/3816/6130
f 6540/3816/6130 6538/3812/6128 6539/3815/6129 6541/3817/6131
f 6542/3818/6132 6540/3816/6130 6541/3817/6131 6543/3819/6133
f 6526/3795/6116 6524/3793/6114 6540/3816/6130 6542/3818/6132
f 6529/3799/6119 6526/3798/6116 6542/3820/6132 6544/3810/6134
f 6544/3810/6134 6542/3820/6132 6543/3821/6133 6545/3822/6135
f 6534/3811/6124 6544/3810/6134 6545/3822/6135 6547/3823/6137
f 6543/3821/6133 6589/3824/6179 6546/3825/6136 6545/3822/6135
f 6545/3822/6135 6546/3825/6136 6548/3826/6138 6547/3823/6137
f 6537/3814/6127 6547/3813/6137 6548/3827/6138 6549/3828/6139
f 6546/3825/6136 6553/3829/6143 6550/3830/6140 6548/3826/6138
f 6549/3828/6139 6548/3827/6138 6550/3831/6140 6552/3832/6142
f 6552/3832/6142 6550/3831/6140 6551/3833/6141 6565/3834/6155
f 6550/3830/6140 6553/3829/6143 6555/3835/6145 6551/3836/6141
f 6546/3825/6136 6589/3824/6179 6554/3837/6144 6553/3829/6143
f 6554/3837/6144 6557/3838/6147 6555/3835/6145 6553/3829/6143
f 6555/3835/6145 6557/3838/6147 6558/3839/6148 6556/3840/6146
f 6555/3835/6145 6556/3840/6146 6567/3841/6157 6551/3836/6141
f 6554/3842/6144 6561/3843/6151 6559/3844/6149 6557/3845/6147
f 6557/3845/6147 6559/3844/6149 6560/3846/6150 6558/3847/6148
f 6559/3844/6149 6562/3848/6152 6564/3849/6154 6560/3846/6150
f 6561/3843/6151 6563/3850/6153 6562/3848/6152 6559/3844/6149
f 6563/3850/6153 6552/3832/6142 6565/3834/6155 6562/3848/6152
f 6562/3848/6152 6565/3834/6155 6566/3851/6156 6564/3849/6154
f 6565/3834/6155 6551/3833/6141 6567/3852/6157 6566/3851/6156
f 6564/3849/6154 6566/3851/6156 6568/3853/6158 6570/3854/6160
f 6566/3851/6156 6567/3852/6157 6571/3855/6161 6568/3853/6158
f 6570/3854/6160 6568/3853/6158 6569/3856/6159 6580/3857/6170
f 6568/3853/6158 6571/3855/6161 6572/3858/6162 6569/3856/6159
f 6573/3859/6163 6574/3860/6164 6572/3861/6162 6571/3862/6161
f 6567/3841/6157 6556/3840/6146 6573/3859/6163 6571/3862/6161
f 6575/3863/6165 6576/3864/6166 6574/3860/6164 6573/3859/6163
f 6556/3840/6146 6558/3839/6148 6575/3863/6165 6573/3859/6163
f 6575/3865/6165 6577/3866/6167 6578/3867/6168 6576/3868/6166
f 6558/3847/6148 6560/3846/6150 6577/3866/6167 6575/3865/6165
f 6577/3866/6167 6570/3854/6160 6580/3857/6170 6578/3867/6168
f 6560/3846/6150 6564/3849/6154 6570/3854/6160 6577/3866/6167
f 6578/3867/6168 6580/3857/6170 6581/3869/6171 6579/3870/6169
f 6576/3868/6166 6578/3867/6168 6579/3870/6169 6585/3871/6175
f 6580/3857/6170 6569/3856/6159 6582/3872/6172 6581/3869/6171
f 6583/3873/6173 6585/3871/6175 6579/3870/6169 6581/3869/6171
f 6586/3874/6176 6583/3873/6173 6581/3869/6171 6582/3872/6172
f 6584/3875/6174 6585/3876/6175 6583/3877/6173
f 6584/3875/6174 6583/3877/6173 6586/3878/6176
f 6572/3861/6162 6574/3860/6164 6584/3875/6174 6586/3878/6176
f 6569/3856/6159 6572/3858/6162 6586/3874/6176 6582/3872/6172
f 6574/3860/6164 6576/3864/6166 6585/3876/6175 6584/3875/6174
f 6587/3879/6177 6549/3828/6139 6552/3832/6142 6563/3850/6153
f 6588/3880/6178 6587/3879/6177 6563/3850/6153 6561/3843/6151
f 6541/3817/6131 6539/3815/6129 6587/3879/6177 6588/3880/6178
f 6539/3815/6129 6537/3814/6127 6549/3828/6139 6587/3879/6177
f 6543/3819/6133 6541/3817/6131 6588/3880/6178 6589/3881/6179
f 6589/3881/6179 6588/3880/6178 6561/3843/6151 6554/3842/6144
f 6506/3773/6096 6527/3802/6117 6530/3801/6120 6509/3774/6099
f 6506/3768/6096 6503/3767/6093 6519/3787/6109 6527/3796/6117
f 6590/3882/6180 6514/3778/6104 6499/3758/6089 6592/3761/6181
f 6593/3883/6182 6511/3779/6101 6514/3778/6104 6590/3882/6180
f 6595/3884/5865 6593/3883/6182 6590/3882/6180 6591/3885/5849
f 6591/3885/5849 6590/3882/6180 6592/3761/6181 6598/3886/5860
f 6594/3887/6183 6593/3888/6182 6595/3889/5865 6596/3890/5858
f 6508/3769/6098 6511/3775/6101 6593/3888/6182 6594/3887/6183
f 6597/3891/5897 6595/3884/5865 6591/3885/5849 6598/3886/5860
f 6596/3890/5858 6595/3889/5865 6597/3892/5897
f 6596/3890/5858 6597/3892/5897 6599/3893/5867
f 6599/3894/5867 6597/3891/5897 6598/3886/5860 6600/3895/5847
f 6596/3890/5858 6599/3893/5867 6601/3896/6184 6594/3887/6183
f 6601/3764/6184 6599/3894/5867 6600/3895/5847 6500/3762/6090
f 6594/3887/6183 6601/3896/6184 6501/3770/6091 6508/3769/6098
f 6598/3886/5860 6592/3761/6181 6500/3762/6090 6600/3895/5847
f 6602/3897/6185 6603/3898/6186 6608/3899/6191 6606/3900/6189
f 6696/3901/6279 6603/3898/6186 6602/3897/6185 6604/3902/6187
f 6605/3903/6188 6705/3904/6288 6604/3902/6187 6602/3897/6185
f 6605/3903/6188 6602/3897/6185 6606/3900/6189 6609/3905/6192
f 6606/3900/6189 6608/3899/6191 6621/3906/6204 6607/3907/6190
f 6609/3905/6192 6606/3900/6189 6607/3907/6190 6610/3908/6193
f 6612/3909/6195 6605/3910/6188 6609/3911/6192 6611/3912/6194
f 6611/3912/6194 6609/3911/6192 6610/3913/6193 6613/3914/6196
f 6615/3915/6198 6612/3909/6195 6611/3912/6194 6614/3916/6197
f 6611/3912/6194 6613/3914/6196 6616/3917/6199 6614/3916/6197
f 6618/3918/6201 6615/3919/6198 6614/3920/6197 6617/3921/6200
f 6617/3921/6200 6614/3920/6197 6616/3922/6199 6619/3923/6202
f 6603/3898/6186 6618/3918/6201 6617/3921/6200 6608/3899/6191
f 6608/3899/6191 6617/3921/6200 6619/3923/6202 6621/3906/6204
f 6619/3923/6202 6616/3922/6199 6637/3924/6220 6620/3925/6203
f 6621/3906/6204 6619/3923/6202 6620/3925/6203 6622/3926/6205
f 6607/3907/6190 6621/3906/6204 6622/3926/6205 6623/3927/6206
f 6623/3927/6206 6622/3926/6205 6624/3928/6207 6627/3929/6210
f 6622/3926/6205 6620/3925/6203 6626/3930/6209 6624/3928/6207
f 6624/3928/6207 6626/3930/6209 6639/3931/6222 6625/3932/6208
f 6627/3929/6210 6624/3928/6207 6625/3932/6208 6628/3933/6211
f 6629/3934/6212 6627/3929/6210 6628/3933/6211 6630/3935/6213
f 6631/3936/6214 6623/3927/6206 6627/3929/6210 6629/3934/6212
f 6629/3937/6212 6630/3938/6213 6633/3939/6216 6632/3940/6215
f 6634/3941/6217 6631/3942/6214 6629/3937/6212 6632/3940/6215
f 6632/3940/6215 6633/3939/6216 6636/3943/6219 6635/3944/6218
f 6637/3945/6220 6634/3941/6217 6632/3940/6215 6635/3944/6218
f 6626/3930/6209 6635/3946/6218 6636/3947/6219 6639/3931/6222
f 6620/3925/6203 6637/3924/6220 6635/3946/6218 6626/3930/6209
f 6616/3917/6199 6613/3914/6196 6634/3941/6217 6637/3945/6220
f 6639/3931/6222 6636/3947/6219 6638/3948/6221 6640/3949/6223
f 6636/3943/6219 6633/3939/6216 6648/3950/6231 6638/3951/6221
f 6625/3932/6208 6639/3931/6222 6640/3949/6223 6642/3952/6225
f 6642/3952/6225 6640/3949/6223 6641/3953/6224 6643/3954/6226
f 6640/3949/6223 6638/3948/6221 6650/3955/6233 6641/3953/6224
f 6628/3933/6211 6625/3932/6208 6642/3952/6225 6644/3956/6227
f 6644/3956/6227 6642/3952/6225 6643/3954/6226 6645/3957/6228
f 6646/3958/6229 6644/3956/6227 6645/3957/6228 6647/3959/6230
f 6630/3935/6213 6628/3933/6211 6644/3956/6227 6646/3958/6229
f 6633/3939/6216 6630/3938/6213 6646/3960/6229 6648/3950/6231
f 6646/3960/6229 6647/3961/6230 6649/3962/6232 6648/3950/6231
f 6648/3950/6231 6649/3962/6232 6650/3963/6233 6638/3951/6221
f 6650/3963/6233 6649/3962/6232 6651/3964/6234 6653/3965/6236
f 6649/3962/6232 6647/3961/6230 6654/3966/6237 6651/3964/6234
f 6651/3964/6234 6652/3967/6235 6662/3968/6245 6653/3965/6236
f 6651/3964/6234 6654/3966/6237 6655/3969/6238 6652/3967/6235
f 6654/3970/6237 6656/3971/6239 6657/3972/6240 6655/3973/6238
f 6647/3959/6230 6645/3957/6228 6656/3971/6239 6654/3970/6237
f 6656/3971/6239 6658/3974/6241 6659/3975/6242 6657/3972/6240
f 6645/3957/6228 6643/3954/6226 6658/3974/6241 6656/3971/6239
f 6658/3974/6241 6660/3976/6243 6661/3977/6244 6659/3975/6242
f 6643/3954/6226 6641/3953/6224 6660/3976/6243 6658/3974/6241
f 6660/3976/6243 6653/3978/6236 6662/3979/6245 6661/3977/6244
f 6641/3953/6224 6650/3955/6233 6653/3978/6236 6660/3976/6243
f 6659/3975/6242 6661/3977/6244 6663/3980/6246 6666/3981/6249
f 6661/3977/6244 6662/3979/6245 6665/3982/6248 6663/3980/6246
f 6663/3980/6246 6665/3982/6248 6674/3983/6257 6664/3984/6247
f 6666/3981/6249 6663/3980/6246 6664/3984/6247 6667/3985/6250
f 6657/3972/6240 6659/3975/6242 6666/3981/6249 6668/3986/6251
f 6668/3986/6251 6666/3981/6249 6667/3985/6250 6669/3987/6252
f 6670/3988/6253 6668/3986/6251 6669/3987/6252 6671/3989/6254
f 6655/3973/6238 6657/3972/6240 6668/3986/6251 6670/3988/6253
f 6655/3969/6238 6670/3990/6253 6672/3991/6255 6652/3967/6235
f 6672/3991/6255 6670/3990/6253 6671/3992/6254 6673/3993/6256
f 6662/3968/6245 6652/3967/6235 6672/3991/6255 6665/3994/6248
f 6672/3991/6255 6673/3993/6256 6674/3995/6257 6665/3994/6248
f 6674/3995/6257 6673/3993/6256 6675/3996/6258 6678/3997/6261
f 6673/3993/6256 6671/3992/6254 6677/3998/6260 6675/3996/6258
f 6675/3996/6258 6676/3999/6259 6679/4000/6262 6678/3997/6261
f 6677/3998/6260 6687/4001/6270 6676/3999/6259 6675/3996/6258
f 6680/4002/6263 6678/4003/6261 6679/4004/6262 6681/4005/6264
f 6664/3984/6247 6674/3983/6257 6678/4003/6261 6680/4002/6263
f 6667/3985/6250 6664/3984/6247 6680/4002/6263 6682/4006/6265
f 6682/4006/6265 6680/4002/6263 6681/4005/6264 6683/4007/6266
f 6684/4008/6267 6682/4006/6265 6683/4007/6266 6685/4009/6268
f 6669/3987/6252 6667/3985/6250 6682/4006/6265 6684/4008/6267
f 6677/4010/6260 6684/4008/6267 6685/4009/6268 6687/4011/6270
f 6671/3989/6254 6669/3987/6252 6684/4008/6267 6677/4010/6260
f 6685/4009/6268 6683/4007/6266 6691/4012/6274 6686/4013/6269
f 6687/4011/6270 6685/4009/6268 6686/4013/6269 6688/4014/6271
f 6676/3999/6259 6687/4001/6270 6688/4015/6271 6689/4016/6272
f 6689/4016/6272 6688/4015/6271 6690/4017/6273
f 6690/4018/6273 6688/4014/6271 6686/4013/6269 6691/4012/6274
f 6689/4016/6272 6690/4017/6273 6692/4019/6275
f 6692/4020/6275 6690/4018/6273 6691/4012/6274 6693/4021/6276
f 6679/4000/6262 6676/3999/6259 6689/4016/6272 6692/4019/6275
f 6681/4005/6264 6679/4004/6262 6692/4020/6275 6693/4021/6276
f 6683/4007/6266 6681/4005/6264 6693/4021/6276 6691/4012/6274
f 6610/3913/6193 6631/3942/6214 6634/3941/6217 6613/3914/6196
f 6610/3908/6193 6607/3907/6190 6623/3927/6206 6631/3936/6214
f 6694/4022/6277 6618/3918/6201 6603/3898/6186 6696/3901/6279
f 6697/4023/6280 6615/3919/6198 6618/3918/6201 6694/4022/6277
f 6699/4024/6282 6697/4023/6280 6694/4022/6277 6695/4025/6278
f 6695/4025/6278 6694/4022/6277 6696/3901/6279 6702/4026/6285
f 6698/4027/6281 6697/4028/6280 6699/4029/6282 6700/4030/6283
f 6612/3909/6195 6615/3915/6198 6697/4028/6280 6698/4027/6281
f 6701/4031/6284 6699/4024/6282 6695/4025/6278 6702/4026/6285
f 6700/4030/6283 6699/4029/6282 6701/4032/6284
f 6700/4030/6283 6701/4032/6284 6703/4033/6286
f 6703/4034/6286 6701/4031/6284 6702/4026/6285 6704/4035/6287
f 6700/4030/6283 6703/4033/6286 6705/4036/6288 6698/4027/6281
f 6705/3904/6288 6703/4034/6286 6704/4035/6287 6604/3902/6187
f 6698/4027/6281 6705/4036/6288 6605/3910/6188 6612/3909/6195
f 6702/4026/6285 6696/3901/6279 6604/3902/6187 6704/4035/6287
f 6706/4037/6289 6707/4038/6290 6712/4039/6295 6710/4040/6293
f 6800/4041/6382 6707/4038/6290 6706/4037/6289 6708/4042/6291
f 6709/4043/6292 6809/4044/6385 6708/4042/6291 6706/4037/6289
f 6709/4043/6292 6706/4037/6289 6710/4040/6293 6713/4045/6296
f 6710/4040/6293 6712/4039/6295 6725/4046/6308 6711/4047/6294
f 6713/4045/6296 6710/4040/6293 6711/4047/6294 6714/4048/6297
f 6716/4049/6299 6709/4050/6292 6713/4051/6296 6715/4052/6298
f 6715/4052/6298 6713/4051/6296 6714/4053/6297 6717/4054/6300
f 6719/4055/6302 6716/4049/6299 6715/4052/6298 6718/4056/6301
f 6715/4052/6298 6717/4054/6300 6720/4057/6303 6718/4056/6301
f 6722/4058/6305 6719/4059/6302 6718/4060/6301 6721/4061/6304
f 6721/4061/6304 6718/4060/6301 6720/4062/6303 6723/4063/6306
f 6707/4038/6290 6722/4058/6305 6721/4061/6304 6712/4039/6295
f 6712/4039/6295 6721/4061/6304 6723/4063/6306 6725/4046/6308
f 6723/4063/6306 6720/4062/6303 6741/4064/6324 6724/4065/6307
f 6725/4046/6308 6723/4063/6306 6724/4065/6307 6726/4066/6309
f 6711/4047/6294 6725/4046/6308 6726/4066/6309 6727/4067/6310
f 6727/4067/6310 6726/4066/6309 6728/4068/6311 6731/4069/6314
f 6726/4066/6309 6724/4065/6307 6730/4070/6313 6728/4068/6311
f 6728/4068/6311 6730/4070/6313 6743/4071/6326 6729/4072/6312
f 6731/4069/6314 6728/4068/6311 6729/4072/6312 6732/4073/6315
f 6733/4074/6316 6731/4069/6314 6732/4073/6315 6734/4075/6317
f 6735/4076/6318 6727/4067/6310 6731/4069/6314 6733/4074/6316
f 6733/4077/6316 6734/4078/6317 6737/4079/6320 6736/4080/6319
f 6738/4081/6321 6735/4082/6318 6733/4077/6316 6736/4080/6319
f 6736/4080/6319 6737/4079/6320 6740/4083/6323 6739/4084/6322
f 6741/4085/6324 6738/4081/6321 6736/4080/6319 6739/4084/6322
f 6730/4070/6313 6739/4086/6322 6740/4087/6323 6743/4071/6326
f 6724/4065/6307 6741/4064/6324 6739/4086/6322 6730/4070/6313
f 6720/4057/6303 6717/4054/6300 6738/4081/6321 6741/4085/6324
f 6743/4071/6326 6740/4087/6323 6742/4088/6325 6744/4089/6327
f 6740/4083/6323 6737/4079/6320 6752/4090/6335 6742/4091/6325
f 6729/4072/6312 6743/4071/6326 6744/4089/6327 6746/4092/6329
f 6746/4092/6329 6744/4089/6327 6745/4093/6328 6747/4094/6330
f 6744/4089/6327 6742/4088/6325 6754/4095/6337 6745/4093/6328
f 6732/4073/6315 6729/4072/6312 6746/4092/6329 6748/4096/6331
f 6748/4096/6331 6746/4092/6329 6747/4094/6330 6749/4097/6332
f 6750/4098/6333 6748/4096/6331 6749/4097/6332 6751/4099/6334
f 6734/4075/6317 6732/4073/6315 6748/4096/6331 6750/4098/6333
f 6737/4079/6320 6734/4078/6317 6750/4100/6333 6752/4090/6335
f 6750/4100/6333 6751/4101/6334 6753/4102/6336 6752/4090/6335
f 6752/4090/6335 6753/4102/6336 6754/4103/6337 6742/4091/6325
f 6754/4103/6337 6753/4102/6336 6755/4104/6338 6757/4105/6340
f 6753/4102/6336 6751/4101/6334 6758/4106/6341 6755/4104/6338
f 6755/4104/6338 6756/4107/6339 6766/4108/6349 6757/4105/6340
f 6755/4104/6338 6758/4106/6341 6759/4109/6342 6756/4107/6339
f 6758/4110/6341 6760/4111/6343 6761/4112/6344 6759/4113/6342
f 6751/4099/6334 6749/4097/6332 6760/4111/6343 6758/4110/6341
f 6760/4111/6343 6762/4114/6345 6763/4115/6346 6761/4112/6344
f 6749/4097/6332 6747/4094/6330 6762/4114/6345 6760/4111/6343
f 6762/4114/6345 6764/4116/6347 6765/4117/6348 6763/4115/6346
f 6747/4094/6330 6745/4093/6328 6764/4116/6347 6762/4114/6345
f 6764/4116/6347 6757/4118/6340 6766/4119/6349 6765/4117/6348
f 6745/4093/6328 6754/4095/6337 6757/4118/6340 6764/4116/6347
f 6763/4115/6346 6765/4117/6348 6767/4120/6350 6770/4121/6353
f 6765/4117/6348 6766/4119/6349 6769/4122/6352 6767/4120/6350
f 6767/4120/6350 6769/4122/6352 6778/4123/6361 6768/4124/6351
f 6770/4121/6353 6767/4120/6350 6768/4124/6351 6771/4125/6354
f 6761/4112/6344 6763/4115/6346 6770/4121/6353 6772/4126/6355
f 6772/4126/6355 6770/4121/6353 6771/4125/6354 6773/4127/6356
f 6774/4128/6357 6772/4126/6355 6773/4127/6356 6775/4129/6358
f 6759/4113/6342 6761/4112/6344 6772/4126/6355 6774/4128/6357
f 6759/4109/6342 6774/4130/6357 6776/4131/6359 6756/4107/6339
f 6776/4131/6359 6774/4130/6357 6775/4132/6358 6777/4133/6360
f 6766/4108/6349 6756/4107/6339 6776/4131/6359 6769/4134/6352
f 6776/4131/6359 6777/4133/6360 6778/4135/6361 6769/4134/6352
f 6778/4135/6361 6777/4133/6360 6779/4136/6362 6782/4137/6365
f 6777/4133/6360 6775/4132/6358 6781/4138/6364 6779/4136/6362
f 6779/4136/6362 6780/4139/6363 6783/4140/6366 6782/4137/6365
f 6781/4138/6364 6791/4141/6374 6780/4139/6363 6779/4136/6362
f 6784/4142/6367 6782/4143/6365 6783/4144/6366 6785/4145/6368
f 6768/4124/6351 6778/4123/6361 6782/4143/6365 6784/4142/6367
f 6771/4125/6354 6768/4124/6351 6784/4142/6367 6786/4146/6369
f 6786/4146/6369 6784/4142/6367 6785/4145/6368 6787/4147/6370
f 6788/4148/6371 6786/4146/6369 6787/4147/6370 6789/4149/6372
f 6773/4127/6356 6771/4125/6354 6786/4146/6369 6788/4148/6371
f 6781/4150/6364 6788/4148/6371 6789/4149/6372 6791/4151/6374
f 6775/4129/6358 6773/4127/6356 6788/4148/6371 6781/4150/6364
f 6789/4149/6372 6787/4147/6370 6795/4152/6378 6790/4153/6373
f 6791/4151/6374 6789/4149/6372 6790/4153/6373 6792/4154/6375
f 6780/4139/6363 6791/4141/6374 6792/4155/6375 6793/4156/6376
f 6793/4156/6376 6792/4155/6375 6794/4157/6377
f 6794/4158/6377 6792/4154/6375 6790/4153/6373 6795/4152/6378
f 6793/4156/6376 6794/4157/6377 6796/4159/6379
f 6796/4160/6379 6794/4158/6377 6795/4152/6378 6797/4161/6380
f 6783/4140/6366 6780/4139/6363 6793/4156/6376 6796/4159/6379
f 6785/4145/6368 6783/4144/6366 6796/4160/6379 6797/4161/6380
f 6787/4147/6370 6785/4145/6368 6797/4161/6380 6795/4152/6378
f 6714/4053/6297 6735/4082/6318 6738/4081/6321 6717/4054/6300
f 6714/4048/6297 6711/4047/6294 6727/4067/6310 6735/4076/6318
f 6798/4162/6381 6722/4058/6305 6707/4038/6290 6800/4041/6382
f 6801/4163/6383 6719/4059/6302 6722/4058/6305 6798/4162/6381
f 6803/4164/6282 6801/4163/6383 6798/4162/6381 6799/4165/6278
f 6799/4165/6278 6798/4162/6381 6800/4041/6382 6806/4166/6285
f 6802/4167/6384 6801/4168/6383 6803/4169/6282 6804/4170/6283
f 6716/4049/6299 6719/4055/6302 6801/4168/6383 6802/4167/6384
f 6805/4171/6284 6803/4164/6282 6799/4165/6278 6806/4166/6285
f 6804/4170/6283 6803/4169/6282 6805/4172/6284
f 6804/4170/6283 6805/4172/6284 6807/4173/6286
f 6807/4174/6286 6805/4171/6284 6806/4166/6285 6808/4175/6287
f 6804/4170/6283 6807/4173/6286 6809/4176/6385 6802/4167/6384
f 6809/4044/6385 6807/4174/6286 6808/4175/6287 6708/4042/6291
f 6802/4167/6384 6809/4176/6385 6709/4050/6292 6716/4049/6299
f 6806/4166/6285 6800/4041/6382 6708/4042/6291 6808/4175/6287
o Plane.001
v -1.395037 1.554696 0.063266
v -1.395037 2.154749 0.063266
v -0.295761 1.554696 0.063266
v -0.295761 2.154749 0.063266
v 0.157453 1.385368 0.013992
v 1.256729 1.385368 0.013992
v 0.157453 1.985421 0.013992
v 1.256729 1.985421 0.013992
vn -0.0000 -0.0000 1.0000
vt 0.501794 0.692990
vt 0.978936 0.692990
vt 0.978936 0.969530
vt 0.501795 0.969530
vt 0.449074 0.032823
vt 0.971061 0.032823
vt 0.971061 0.357175
vt 0.449074 0.357175
s 0
usemtl Material
f 6810/4177/6386 6812/4178/6386 6813/4179/6386 6811/4180/6386
f 6814/4181/6386 6815/4182/6386 6817/4183/6386 6816/4184/6386
